<?xml version="1.0" encoding="UTF-8"?>
<gpx creator="Garmin Connect" version="1.1"
  xsi:schemaLocation="http://www.topografix.com/GPX/1/1 http://www.topografix.com/GPX/11.xsd"
  xmlns:ns3="http://www.garmin.com/xmlschemas/TrackPointExtension/v1"
  xmlns="http://www.topografix.com/GPX/1/1"
  xmlns:xsi="http://www.w3.org/2001/XMLSchema-instance" xmlns:ns2="http://www.garmin.com/xmlschemas/GpxExtensions/v3">
  <metadata>
    <link href="connect.garmin.com">
      <text>Garmin Connect</text>
    </link>
    <time>2025-06-06T07:14:48.000Z</time>
  </metadata>
  <trk>
    <name>Петербург Велосипед</name>
    <type>cycling</type>
    <trkseg>
      <trkpt lat="60.0064516626298427581787109375" lon="30.39186584763228893280029296875">
        <ele>4</ele>
        <time>2025-06-06T07:15:21.000Z</time>
        <extensions>
          <ns3:TrackPointExtension>
            <ns3:atemp>26.0</ns3:atemp>
            <ns3:hr>113</ns3:hr>
          </ns3:TrackPointExtension>
        </extensions>
      </trkpt>
      <trkpt lat="60.0064516626298427581787109375" lon="30.39186584763228893280029296875">
        <ele>4.19999980926513671875</ele>
        <time>2025-06-06T07:15:22.000Z</time>
        <extensions>
          <ns3:TrackPointExtension>
            <ns3:atemp>26.0</ns3:atemp>
            <ns3:hr>110</ns3:hr>
          </ns3:TrackPointExtension>
        </extensions>
      </trkpt>
      <trkpt lat="60.00640564598143100738525390625" lon="30.391807593405246734619140625">
        <ele>4.599999904632568359375</ele>
        <time>2025-06-06T07:15:23.000Z</time>
        <extensions>
          <ns3:TrackPointExtension>
            <ns3:atemp>26.0</ns3:atemp>
            <ns3:hr>111</ns3:hr>
          </ns3:TrackPointExtension>
        </extensions>
      </trkpt>
      <trkpt lat="60.0063061527907848358154296875" lon="30.391758643090724945068359375">
        <ele>5</ele>
        <time>2025-06-06T07:15:25.000Z</time>
        <extensions>
          <ns3:TrackPointExtension>
            <ns3:atemp>26.0</ns3:atemp>
            <ns3:hr>109</ns3:hr>
          </ns3:TrackPointExtension>
        </extensions>
      </trkpt>
      <trkpt lat="60.00618972815573215484619140625" lon="30.39164741523563861846923828125">
        <ele>4.80000019073486328125</ele>
        <time>2025-06-06T07:15:27.000Z</time>
        <extensions>
          <ns3:TrackPointExtension>
            <ns3:atemp>26.0</ns3:atemp>
            <ns3:hr>109</ns3:hr>
          </ns3:TrackPointExtension>
        </extensions>
      </trkpt>
      <trkpt lat="60.00596744008362293243408203125" lon="30.39137550629675388336181640625">
        <ele>5.19999980926513671875</ele>
        <time>2025-06-06T07:15:33.000Z</time>
        <extensions>
          <ns3:TrackPointExtension>
            <ns3:atemp>26.0</ns3:atemp>
            <ns3:hr>112</ns3:hr>
          </ns3:TrackPointExtension>
        </extensions>
      </trkpt>
      <trkpt lat="60.00587104819715023040771484375" lon="30.39119797758758068084716796875">
        <ele>5.80000019073486328125</ele>
        <time>2025-06-06T07:15:36.000Z</time>
        <extensions>
          <ns3:TrackPointExtension>
            <ns3:atemp>26.0</ns3:atemp>
            <ns3:hr>114</ns3:hr>
          </ns3:TrackPointExtension>
        </extensions>
      </trkpt>
      <trkpt lat="60.0055058486759662628173828125" lon="30.39086236618459224700927734375">
        <ele>6</ele>
        <time>2025-06-06T07:15:42.000Z</time>
        <extensions>
          <ns3:TrackPointExtension>
            <ns3:atemp>26.0</ns3:atemp>
            <ns3:hr>117</ns3:hr>
          </ns3:TrackPointExtension>
        </extensions>
      </trkpt>
      <trkpt lat="60.0054466724395751953125" lon="30.3907975740730762481689453125">
        <ele>6.19999980926513671875</ele>
        <time>2025-06-06T07:15:43.000Z</time>
        <extensions>
          <ns3:TrackPointExtension>
            <ns3:atemp>26.0</ns3:atemp>
            <ns3:hr>116</ns3:hr>
          </ns3:TrackPointExtension>
        </extensions>
      </trkpt>
      <trkpt lat="60.00501005910336971282958984375" lon="30.39035425521433353424072265625">
        <ele>7</ele>
        <time>2025-06-06T07:15:49.000Z</time>
        <extensions>
          <ns3:TrackPointExtension>
            <ns3:atemp>26.0</ns3:atemp>
            <ns3:hr>114</ns3:hr>
          </ns3:TrackPointExtension>
        </extensions>
      </trkpt>
      <trkpt lat="60.004951469600200653076171875" lon="30.390296839177608489990234375">
        <ele>7</ele>
        <time>2025-06-06T07:15:50.000Z</time>
        <extensions>
          <ns3:TrackPointExtension>
            <ns3:atemp>26.0</ns3:atemp>
            <ns3:hr>112</ns3:hr>
          </ns3:TrackPointExtension>
        </extensions>
      </trkpt>
      <trkpt lat="60.00489883124828338623046875" lon="30.39024151861667633056640625">
        <ele>7</ele>
        <time>2025-06-06T07:15:51.000Z</time>
        <extensions>
          <ns3:TrackPointExtension>
            <ns3:atemp>26.0</ns3:atemp>
            <ns3:hr>116</ns3:hr>
          </ns3:TrackPointExtension>
        </extensions>
      </trkpt>
      <trkpt lat="60.00475893728435039520263671875" lon="30.39010413922369480133056640625">
        <ele>7</ele>
        <time>2025-06-06T07:15:54.000Z</time>
        <extensions>
          <ns3:TrackPointExtension>
            <ns3:atemp>26.0</ns3:atemp>
            <ns3:hr>114</ns3:hr>
          </ns3:TrackPointExtension>
        </extensions>
      </trkpt>
      <trkpt lat="60.00461979769170284271240234375" lon="30.38995712064206600189208984375">
        <ele>7</ele>
        <time>2025-06-06T07:15:58.000Z</time>
        <extensions>
          <ns3:TrackPointExtension>
            <ns3:atemp>26.0</ns3:atemp>
            <ns3:hr>114</ns3:hr>
          </ns3:TrackPointExtension>
        </extensions>
      </trkpt>
      <trkpt lat="60.00439767725765705108642578125" lon="30.38971312344074249267578125">
        <ele>6.599999904632568359375</ele>
        <time>2025-06-06T07:16:03.000Z</time>
        <extensions>
          <ns3:TrackPointExtension>
            <ns3:atemp>26.0</ns3:atemp>
            <ns3:hr>115</ns3:hr>
          </ns3:TrackPointExtension>
        </extensions>
      </trkpt>
      <trkpt lat="60.0042168796062469482421875" lon="30.38947843015193939208984375">
        <ele>6.19999980926513671875</ele>
        <time>2025-06-06T07:16:06.000Z</time>
        <extensions>
          <ns3:TrackPointExtension>
            <ns3:atemp>26.0</ns3:atemp>
            <ns3:hr>122</ns3:hr>
          </ns3:TrackPointExtension>
        </extensions>
      </trkpt>
      <trkpt lat="60.0041712820529937744140625" lon="30.3894333355128765106201171875">
        <ele>6.400000095367431640625</ele>
        <time>2025-06-06T07:16:07.000Z</time>
        <extensions>
          <ns3:TrackPointExtension>
            <ns3:atemp>26.0</ns3:atemp>
            <ns3:hr>128</ns3:hr>
          </ns3:TrackPointExtension>
        </extensions>
      </trkpt>
      <trkpt lat="60.0041191466152667999267578125" lon="30.389377512037754058837890625">
        <ele>6.400000095367431640625</ele>
        <time>2025-06-06T07:16:08.000Z</time>
        <extensions>
          <ns3:TrackPointExtension>
            <ns3:atemp>26.0</ns3:atemp>
            <ns3:hr>131</ns3:hr>
          </ns3:TrackPointExtension>
        </extensions>
      </trkpt>
      <trkpt lat="60.0040815956890583038330078125" lon="30.3893411345779895782470703125">
        <ele>6.400000095367431640625</ele>
        <time>2025-06-06T07:16:09.000Z</time>
        <extensions>
          <ns3:TrackPointExtension>
            <ns3:atemp>26.0</ns3:atemp>
            <ns3:hr>130</ns3:hr>
          </ns3:TrackPointExtension>
        </extensions>
      </trkpt>
      <trkpt lat="60.00382603146135807037353515625" lon="30.389064364135265350341796875">
        <ele>7</ele>
        <time>2025-06-06T07:16:16.000Z</time>
        <extensions>
          <ns3:TrackPointExtension>
            <ns3:atemp>25.0</ns3:atemp>
            <ns3:hr>129</ns3:hr>
          </ns3:TrackPointExtension>
        </extensions>
      </trkpt>
      <trkpt lat="60.00380708836019039154052734375" lon="30.3890742547810077667236328125">
        <ele>7.19999980926513671875</ele>
        <time>2025-06-06T07:16:18.000Z</time>
        <extensions>
          <ns3:TrackPointExtension>
            <ns3:atemp>25.0</ns3:atemp>
            <ns3:hr>135</ns3:hr>
          </ns3:TrackPointExtension>
        </extensions>
      </trkpt>
      <trkpt lat="60.0037526898086071014404296875" lon="30.389020107686519622802734375">
        <ele>7</ele>
        <time>2025-06-06T07:16:20.000Z</time>
        <extensions>
          <ns3:TrackPointExtension>
            <ns3:atemp>25.0</ns3:atemp>
            <ns3:hr>137</ns3:hr>
          </ns3:TrackPointExtension>
        </extensions>
      </trkpt>
      <trkpt lat="60.0034837983548641204833984375" lon="30.38873679935932159423828125">
        <ele>7</ele>
        <time>2025-06-06T07:16:27.000Z</time>
        <extensions>
          <ns3:TrackPointExtension>
            <ns3:atemp>25.0</ns3:atemp>
            <ns3:hr>138</ns3:hr>
          </ns3:TrackPointExtension>
        </extensions>
      </trkpt>
      <trkpt lat="60.003221444785594940185546875" lon="30.38841183297336101531982421875">
        <ele>7.400000095367431640625</ele>
        <time>2025-06-06T07:16:34.000Z</time>
        <extensions>
          <ns3:TrackPointExtension>
            <ns3:atemp>25.0</ns3:atemp>
            <ns3:hr>136</ns3:hr>
          </ns3:TrackPointExtension>
        </extensions>
      </trkpt>
      <trkpt lat="60.00295800156891345977783203125" lon="30.3881254233419895172119140625">
        <ele>7.599999904632568359375</ele>
        <time>2025-06-06T07:16:42.000Z</time>
        <extensions>
          <ns3:TrackPointExtension>
            <ns3:atemp>25.0</ns3:atemp>
            <ns3:hr>135</ns3:hr>
          </ns3:TrackPointExtension>
        </extensions>
      </trkpt>
      <trkpt lat="60.0029376335442066192626953125" lon="30.3881044685840606689453125">
        <ele>7.80000019073486328125</ele>
        <time>2025-06-06T07:16:43.000Z</time>
        <extensions>
          <ns3:TrackPointExtension>
            <ns3:atemp>25.0</ns3:atemp>
            <ns3:hr>132</ns3:hr>
          </ns3:TrackPointExtension>
        </extensions>
      </trkpt>
      <trkpt lat="60.00286948867142200469970703125" lon="30.38805275224149227142333984375">
        <ele>8.19999980926513671875</ele>
        <time>2025-06-06T07:16:45.000Z</time>
        <extensions>
          <ns3:TrackPointExtension>
            <ns3:atemp>25.0</ns3:atemp>
            <ns3:hr>133</ns3:hr>
          </ns3:TrackPointExtension>
        </extensions>
      </trkpt>
      <trkpt lat="60.00283093191683292388916015625" lon="30.388008914887905120849609375">
        <ele>8.19999980926513671875</ele>
        <time>2025-06-06T07:16:46.000Z</time>
        <extensions>
          <ns3:TrackPointExtension>
            <ns3:atemp>25.0</ns3:atemp>
            <ns3:hr>133</ns3:hr>
          </ns3:TrackPointExtension>
        </extensions>
      </trkpt>
      <trkpt lat="60.0027699954807758331298828125" lon="30.3879038058221340179443359375">
        <ele>8.19999980926513671875</ele>
        <time>2025-06-06T07:16:48.000Z</time>
        <extensions>
          <ns3:TrackPointExtension>
            <ns3:atemp>24.0</ns3:atemp>
            <ns3:hr>134</ns3:hr>
          </ns3:TrackPointExtension>
        </extensions>
      </trkpt>
      <trkpt lat="60.0025684945285320281982421875" lon="30.38766550831496715545654296875">
        <ele>7.400000095367431640625</ele>
        <time>2025-06-06T07:16:54.000Z</time>
        <extensions>
          <ns3:TrackPointExtension>
            <ns3:atemp>24.0</ns3:atemp>
            <ns3:hr>133</ns3:hr>
          </ns3:TrackPointExtension>
        </extensions>
      </trkpt>
      <trkpt lat="60.00248618423938751220703125" lon="30.38757833652198314666748046875">
        <ele>7.400000095367431640625</ele>
        <time>2025-06-06T07:16:57.000Z</time>
        <extensions>
          <ns3:TrackPointExtension>
            <ns3:atemp>24.0</ns3:atemp>
            <ns3:hr>130</ns3:hr>
          </ns3:TrackPointExtension>
        </extensions>
      </trkpt>
      <trkpt lat="60.0024209730327129364013671875" lon="30.3875277936458587646484375">
        <ele>7.400000095367431640625</ele>
        <time>2025-06-06T07:16:59.000Z</time>
        <extensions>
          <ns3:TrackPointExtension>
            <ns3:atemp>24.0</ns3:atemp>
            <ns3:hr>135</ns3:hr>
          </ns3:TrackPointExtension>
        </extensions>
      </trkpt>
      <trkpt lat="60.00239674933254718780517578125" lon="30.3875038214027881622314453125">
        <ele>7.599999904632568359375</ele>
        <time>2025-06-06T07:17:00.000Z</time>
        <extensions>
          <ns3:TrackPointExtension>
            <ns3:atemp>24.0</ns3:atemp>
            <ns3:hr>135</ns3:hr>
          </ns3:TrackPointExtension>
        </extensions>
      </trkpt>
      <trkpt lat="60.00215752981603145599365234375" lon="30.387283377349376678466796875">
        <ele>8.19999980926513671875</ele>
        <time>2025-06-06T07:17:08.000Z</time>
        <extensions>
          <ns3:TrackPointExtension>
            <ns3:atemp>24.0</ns3:atemp>
            <ns3:hr>137</ns3:hr>
          </ns3:TrackPointExtension>
        </extensions>
      </trkpt>
      <trkpt lat="60.00188612379133701324462890625" lon="30.387084893882274627685546875">
        <ele>8.6000003814697265625</ele>
        <time>2025-06-06T07:17:14.000Z</time>
        <extensions>
          <ns3:TrackPointExtension>
            <ns3:atemp>24.0</ns3:atemp>
            <ns3:hr>136</ns3:hr>
          </ns3:TrackPointExtension>
        </extensions>
      </trkpt>
      <trkpt lat="60.0017792545258998870849609375" lon="30.38695388473570346832275390625">
        <ele>9.19999980926513671875</ele>
        <time>2025-06-06T07:17:18.000Z</time>
        <extensions>
          <ns3:TrackPointExtension>
            <ns3:atemp>24.0</ns3:atemp>
            <ns3:hr>135</ns3:hr>
          </ns3:TrackPointExtension>
        </extensions>
      </trkpt>
      <trkpt lat="60.00175620429217815399169921875" lon="30.3868936188519001007080078125">
        <ele>9.6000003814697265625</ele>
        <time>2025-06-06T07:17:20.000Z</time>
        <extensions>
          <ns3:TrackPointExtension>
            <ns3:atemp>24.0</ns3:atemp>
            <ns3:hr>135</ns3:hr>
          </ns3:TrackPointExtension>
        </extensions>
      </trkpt>
      <trkpt lat="60.0017316453158855438232421875" lon="30.38682639598846435546875">
        <ele>9.80000019073486328125</ele>
        <time>2025-06-06T07:17:21.000Z</time>
        <extensions>
          <ns3:TrackPointExtension>
            <ns3:atemp>24.0</ns3:atemp>
            <ns3:hr>132</ns3:hr>
          </ns3:TrackPointExtension>
        </extensions>
      </trkpt>
      <trkpt lat="60.00172183848917484283447265625" lon="30.38679161109030246734619140625">
        <ele>9.80000019073486328125</ele>
        <time>2025-06-06T07:17:22.000Z</time>
        <extensions>
          <ns3:TrackPointExtension>
            <ns3:atemp>24.0</ns3:atemp>
            <ns3:hr>133</ns3:hr>
          </ns3:TrackPointExtension>
        </extensions>
      </trkpt>
      <trkpt lat="60.00170566141605377197265625" lon="30.38670997135341167449951171875">
        <ele>9.80000019073486328125</ele>
        <time>2025-06-06T07:17:24.000Z</time>
        <extensions>
          <ns3:TrackPointExtension>
            <ns3:atemp>24.0</ns3:atemp>
            <ns3:hr>133</ns3:hr>
          </ns3:TrackPointExtension>
        </extensions>
      </trkpt>
      <trkpt lat="60.0016843713819980621337890625" lon="30.38663520477712154388427734375">
        <ele>9.6000003814697265625</ele>
        <time>2025-06-06T07:17:30.000Z</time>
        <extensions>
          <ns3:TrackPointExtension>
            <ns3:atemp>24.0</ns3:atemp>
            <ns3:hr>133</ns3:hr>
          </ns3:TrackPointExtension>
        </extensions>
      </trkpt>
      <trkpt lat="60.00167389400303363800048828125" lon="30.38663101382553577423095703125">
        <ele>9.6000003814697265625</ele>
        <time>2025-06-06T07:17:31.000Z</time>
        <extensions>
          <ns3:TrackPointExtension>
            <ns3:atemp>24.0</ns3:atemp>
            <ns3:hr>133</ns3:hr>
          </ns3:TrackPointExtension>
        </extensions>
      </trkpt>
      <trkpt lat="60.00159812159836292266845703125" lon="30.38658860139548778533935546875">
        <ele>9.3999996185302734375</ele>
        <time>2025-06-06T07:17:36.000Z</time>
        <extensions>
          <ns3:TrackPointExtension>
            <ns3:atemp>24.0</ns3:atemp>
            <ns3:hr>130</ns3:hr>
          </ns3:TrackPointExtension>
        </extensions>
      </trkpt>
      <trkpt lat="60.0014459900557994842529296875" lon="30.38652397692203521728515625">
        <ele>9.80000019073486328125</ele>
        <time>2025-06-06T07:17:42.000Z</time>
        <extensions>
          <ns3:TrackPointExtension>
            <ns3:atemp>24.0</ns3:atemp>
            <ns3:hr>128</ns3:hr>
          </ns3:TrackPointExtension>
        </extensions>
      </trkpt>
      <trkpt lat="60.0013603270053863525390625" lon="30.38646924309432506561279296875">
        <ele>10</ele>
        <time>2025-06-06T07:17:45.000Z</time>
        <extensions>
          <ns3:TrackPointExtension>
            <ns3:atemp>24.0</ns3:atemp>
            <ns3:hr>131</ns3:hr>
          </ns3:TrackPointExtension>
        </extensions>
      </trkpt>
      <trkpt lat="60.00130039639770984649658203125" lon="30.386405289173126220703125">
        <ele>10.19999980926513671875</ele>
        <time>2025-06-06T07:17:47.000Z</time>
        <extensions>
          <ns3:TrackPointExtension>
            <ns3:atemp>24.0</ns3:atemp>
            <ns3:hr>132</ns3:hr>
          </ns3:TrackPointExtension>
        </extensions>
      </trkpt>
      <trkpt lat="60.0012716464698314666748046875" lon="30.386370085179805755615234375">
        <ele>10.3999996185302734375</ele>
        <time>2025-06-06T07:17:48.000Z</time>
        <extensions>
          <ns3:TrackPointExtension>
            <ns3:atemp>24.0</ns3:atemp>
            <ns3:hr>132</ns3:hr>
          </ns3:TrackPointExtension>
        </extensions>
      </trkpt>
      <trkpt lat="60.00119327567517757415771484375" lon="30.38628249429166316986083984375">
        <ele>10.19999980926513671875</ele>
        <time>2025-06-06T07:17:52.000Z</time>
        <extensions>
          <ns3:TrackPointExtension>
            <ns3:atemp>24.0</ns3:atemp>
            <ns3:hr>129</ns3:hr>
          </ns3:TrackPointExtension>
        </extensions>
      </trkpt>
      <trkpt lat="60.00107534229755401611328125" lon="30.38618308492004871368408203125">
        <ele>9.6000003814697265625</ele>
        <time>2025-06-06T07:17:56.000Z</time>
        <extensions>
          <ns3:TrackPointExtension>
            <ns3:atemp>24.0</ns3:atemp>
            <ns3:hr>131</ns3:hr>
          </ns3:TrackPointExtension>
        </extensions>
      </trkpt>
      <trkpt lat="60.00102731399238109588623046875" lon="30.38618559949100017547607421875">
        <ele>10.3999996185302734375</ele>
        <time>2025-06-06T07:17:59.000Z</time>
        <extensions>
          <ns3:TrackPointExtension>
            <ns3:atemp>24.0</ns3:atemp>
            <ns3:hr>128</ns3:hr>
          </ns3:TrackPointExtension>
        </extensions>
      </trkpt>
      <trkpt lat="60.00102010555565357208251953125" lon="30.38618325255811214447021484375">
        <ele>10.3999996185302734375</ele>
        <time>2025-06-06T07:18:00.000Z</time>
        <extensions>
          <ns3:TrackPointExtension>
            <ns3:atemp>24.0</ns3:atemp>
            <ns3:hr>129</ns3:hr>
          </ns3:TrackPointExtension>
        </extensions>
      </trkpt>
      <trkpt lat="60.000982470810413360595703125" lon="30.38620856590569019317626953125">
        <ele>10.3999996185302734375</ele>
        <time>2025-06-06T07:18:03.000Z</time>
        <extensions>
          <ns3:TrackPointExtension>
            <ns3:atemp>24.0</ns3:atemp>
            <ns3:hr>126</ns3:hr>
          </ns3:TrackPointExtension>
        </extensions>
      </trkpt>
      <trkpt lat="60.000978447496891021728515625" lon="30.38623429834842681884765625">
        <ele>10.19999980926513671875</ele>
        <time>2025-06-06T07:18:06.000Z</time>
        <extensions>
          <ns3:TrackPointExtension>
            <ns3:atemp>24.0</ns3:atemp>
            <ns3:hr>126</ns3:hr>
          </ns3:TrackPointExtension>
        </extensions>
      </trkpt>
      <trkpt lat="60.000969059765338897705078125" lon="30.38626673631370067596435546875">
        <ele>9.3999996185302734375</ele>
        <time>2025-06-06T07:18:14.000Z</time>
        <extensions>
          <ns3:TrackPointExtension>
            <ns3:atemp>24.0</ns3:atemp>
            <ns3:hr>128</ns3:hr>
          </ns3:TrackPointExtension>
        </extensions>
      </trkpt>
      <trkpt lat="60.00096662901341915130615234375" lon="30.38627143017947673797607421875">
        <ele>9.3999996185302734375</ele>
        <time>2025-06-06T07:18:15.000Z</time>
        <extensions>
          <ns3:TrackPointExtension>
            <ns3:atemp>24.0</ns3:atemp>
            <ns3:hr>129</ns3:hr>
          </ns3:TrackPointExtension>
        </extensions>
      </trkpt>
      <trkpt lat="60.0009816326200962066650390625" lon="30.38627243600785732269287109375">
        <ele>9.19999980926513671875</ele>
        <time>2025-06-06T07:18:20.000Z</time>
        <extensions>
          <ns3:TrackPointExtension>
            <ns3:atemp>24.0</ns3:atemp>
            <ns3:hr>125</ns3:hr>
          </ns3:TrackPointExtension>
        </extensions>
      </trkpt>
      <trkpt lat="60.00097836367785930633544921875" lon="30.3862725198268890380859375">
        <ele>9.19999980926513671875</ele>
        <time>2025-06-06T07:18:22.000Z</time>
        <extensions>
          <ns3:TrackPointExtension>
            <ns3:atemp>24.0</ns3:atemp>
            <ns3:hr>124</ns3:hr>
          </ns3:TrackPointExtension>
        </extensions>
      </trkpt>
      <trkpt lat="60.00097752548754215240478515625" lon="30.3862545825541019439697265625">
        <ele>9</ele>
        <time>2025-06-06T07:18:30.000Z</time>
        <extensions>
          <ns3:TrackPointExtension>
            <ns3:atemp>24.0</ns3:atemp>
            <ns3:hr>124</ns3:hr>
          </ns3:TrackPointExtension>
        </extensions>
      </trkpt>
      <trkpt lat="60.00096964649856090545654296875" lon="30.38626723922789096832275390625">
        <ele>9</ele>
        <time>2025-06-06T07:18:32.000Z</time>
        <extensions>
          <ns3:TrackPointExtension>
            <ns3:atemp>24.0</ns3:atemp>
            <ns3:hr>120</ns3:hr>
          </ns3:TrackPointExtension>
        </extensions>
      </trkpt>
      <trkpt lat="60.00095154158771038055419921875" lon="30.3862981684505939483642578125">
        <ele>9</ele>
        <time>2025-06-06T07:18:39.000Z</time>
        <extensions>
          <ns3:TrackPointExtension>
            <ns3:atemp>24.0</ns3:atemp>
            <ns3:hr>119</ns3:hr>
          </ns3:TrackPointExtension>
        </extensions>
      </trkpt>
      <trkpt lat="60.00094785355031490325927734375" lon="30.3863008506596088409423828125">
        <ele>8.80000019073486328125</ele>
        <time>2025-06-06T07:18:46.000Z</time>
        <extensions>
          <ns3:TrackPointExtension>
            <ns3:atemp>24.0</ns3:atemp>
            <ns3:hr>116</ns3:hr>
          </ns3:TrackPointExtension>
        </extensions>
      </trkpt>
      <trkpt lat="60.0009477697312831878662109375" lon="30.386299006640911102294921875">
        <ele>8.6000003814697265625</ele>
        <time>2025-06-06T07:18:48.000Z</time>
        <extensions>
          <ns3:TrackPointExtension>
            <ns3:atemp>24.0</ns3:atemp>
            <ns3:hr>115</ns3:hr>
          </ns3:TrackPointExtension>
        </extensions>
      </trkpt>
      <trkpt lat="60.0009420700371265411376953125" lon="30.386291630566120147705078125">
        <ele>8.3999996185302734375</ele>
        <time>2025-06-06T07:18:50.000Z</time>
        <extensions>
          <ns3:TrackPointExtension>
            <ns3:atemp>24.0</ns3:atemp>
            <ns3:hr>115</ns3:hr>
          </ns3:TrackPointExtension>
        </extensions>
      </trkpt>
      <trkpt lat="60.00089990906417369842529296875" lon="30.38624276407063007354736328125">
        <ele>8.3999996185302734375</ele>
        <time>2025-06-06T07:18:53.000Z</time>
        <extensions>
          <ns3:TrackPointExtension>
            <ns3:atemp>24.0</ns3:atemp>
            <ns3:hr>114</ns3:hr>
          </ns3:TrackPointExtension>
        </extensions>
      </trkpt>
      <trkpt lat="60.00088079832494258880615234375" lon="30.3862327896058559417724609375">
        <ele>8.19999980926513671875</ele>
        <time>2025-06-06T07:18:54.000Z</time>
        <extensions>
          <ns3:TrackPointExtension>
            <ns3:atemp>24.0</ns3:atemp>
            <ns3:hr>115</ns3:hr>
          </ns3:TrackPointExtension>
        </extensions>
      </trkpt>
      <trkpt lat="60.00077091157436370849609375" lon="30.386150144040584564208984375">
        <ele>7.80000019073486328125</ele>
        <time>2025-06-06T07:18:57.000Z</time>
        <extensions>
          <ns3:TrackPointExtension>
            <ns3:atemp>24.0</ns3:atemp>
            <ns3:hr>118</ns3:hr>
          </ns3:TrackPointExtension>
        </extensions>
      </trkpt>
      <trkpt lat="60.0006349571049213409423828125" lon="30.38601209409534931182861328125">
        <ele>7.599999904632568359375</ele>
        <time>2025-06-06T07:19:00.000Z</time>
        <extensions>
          <ns3:TrackPointExtension>
            <ns3:atemp>24.0</ns3:atemp>
            <ns3:hr>122</ns3:hr>
          </ns3:TrackPointExtension>
        </extensions>
      </trkpt>
      <trkpt lat="60.00054267235100269317626953125" lon="30.38593498058617115020751953125">
        <ele>7.599999904632568359375</ele>
        <time>2025-06-06T07:19:02.000Z</time>
        <extensions>
          <ns3:TrackPointExtension>
            <ns3:atemp>24.0</ns3:atemp>
            <ns3:hr>124</ns3:hr>
          </ns3:TrackPointExtension>
        </extensions>
      </trkpt>
      <trkpt lat="60.000448040664196014404296875" lon="30.38585585542023181915283203125">
        <ele>8.6000003814697265625</ele>
        <time>2025-06-06T07:19:04.000Z</time>
        <extensions>
          <ns3:TrackPointExtension>
            <ns3:atemp>24.0</ns3:atemp>
            <ns3:hr>127</ns3:hr>
          </ns3:TrackPointExtension>
        </extensions>
      </trkpt>
      <trkpt lat="60.0003580190241336822509765625" lon="30.38577773608267307281494140625">
        <ele>8.80000019073486328125</ele>
        <time>2025-06-06T07:19:06.000Z</time>
        <extensions>
          <ns3:TrackPointExtension>
            <ns3:atemp>24.0</ns3:atemp>
            <ns3:hr>130</ns3:hr>
          </ns3:TrackPointExtension>
        </extensions>
      </trkpt>
      <trkpt lat="60.000260286033153533935546875" lon="30.38567966781556606292724609375">
        <ele>8.80000019073486328125</ele>
        <time>2025-06-06T07:19:08.000Z</time>
        <extensions>
          <ns3:TrackPointExtension>
            <ns3:atemp>24.0</ns3:atemp>
            <ns3:hr>132</ns3:hr>
          </ns3:TrackPointExtension>
        </extensions>
      </trkpt>
      <trkpt lat="60.00021703541278839111328125" lon="30.3856624849140644073486328125">
        <ele>8.80000019073486328125</ele>
        <time>2025-06-06T07:19:09.000Z</time>
        <extensions>
          <ns3:TrackPointExtension>
            <ns3:atemp>24.0</ns3:atemp>
            <ns3:hr>132</ns3:hr>
          </ns3:TrackPointExtension>
        </extensions>
      </trkpt>
      <trkpt lat="60.0001417659223079681396484375" lon="30.38564153015613555908203125">
        <ele>9.6000003814697265625</ele>
        <time>2025-06-06T07:19:11.000Z</time>
        <extensions>
          <ns3:TrackPointExtension>
            <ns3:atemp>24.0</ns3:atemp>
            <ns3:hr>132</ns3:hr>
          </ns3:TrackPointExtension>
        </extensions>
      </trkpt>
      <trkpt lat="60.0001052208244800567626953125" lon="30.385624431073665618896484375">
        <ele>10</ele>
        <time>2025-06-06T07:19:12.000Z</time>
        <extensions>
          <ns3:TrackPointExtension>
            <ns3:atemp>24.0</ns3:atemp>
            <ns3:hr>133</ns3:hr>
          </ns3:TrackPointExtension>
        </extensions>
      </trkpt>
      <trkpt lat="60.00000472180545330047607421875" lon="30.3854804299771785736083984375">
        <ele>10.19999980926513671875</ele>
        <time>2025-06-06T07:19:15.000Z</time>
        <extensions>
          <ns3:TrackPointExtension>
            <ns3:atemp>24.0</ns3:atemp>
            <ns3:hr>134</ns3:hr>
          </ns3:TrackPointExtension>
        </extensions>
      </trkpt>
      <trkpt lat="59.99990413896739482879638671875" lon="30.3854029811918735504150390625">
        <ele>10</ele>
        <time>2025-06-06T07:19:17.000Z</time>
        <extensions>
          <ns3:TrackPointExtension>
            <ns3:atemp>24.0</ns3:atemp>
            <ns3:hr>133</ns3:hr>
          </ns3:TrackPointExtension>
        </extensions>
      </trkpt>
      <trkpt lat="59.99984160996973514556884765625" lon="30.38534405641257762908935546875">
        <ele>10</ele>
        <time>2025-06-06T07:19:19.000Z</time>
        <extensions>
          <ns3:TrackPointExtension>
            <ns3:atemp>24.0</ns3:atemp>
            <ns3:hr>129</ns3:hr>
          </ns3:TrackPointExtension>
        </extensions>
      </trkpt>
      <trkpt lat="59.9998336471617221832275390625" lon="30.3852893225848674774169921875">
        <ele>10</ele>
        <time>2025-06-06T07:19:20.000Z</time>
        <extensions>
          <ns3:TrackPointExtension>
            <ns3:atemp>24.0</ns3:atemp>
            <ns3:hr>130</ns3:hr>
          </ns3:TrackPointExtension>
        </extensions>
      </trkpt>
      <trkpt lat="59.99984043650329113006591796875" lon="30.38518127985298633575439453125">
        <ele>9.80000019073486328125</ele>
        <time>2025-06-06T07:19:22.000Z</time>
        <extensions>
          <ns3:TrackPointExtension>
            <ns3:atemp>24.0</ns3:atemp>
            <ns3:hr>129</ns3:hr>
          </ns3:TrackPointExtension>
        </extensions>
      </trkpt>
      <trkpt lat="59.9998336471617221832275390625" lon="30.385135598480701446533203125">
        <ele>10</ele>
        <time>2025-06-06T07:19:23.000Z</time>
        <extensions>
          <ns3:TrackPointExtension>
            <ns3:atemp>24.0</ns3:atemp>
            <ns3:hr>128</ns3:hr>
          </ns3:TrackPointExtension>
        </extensions>
      </trkpt>
      <trkpt lat="59.9998088367283344268798828125" lon="30.38508832454681396484375">
        <ele>9.80000019073486328125</ele>
        <time>2025-06-06T07:19:24.000Z</time>
        <extensions>
          <ns3:TrackPointExtension>
            <ns3:atemp>24.0</ns3:atemp>
            <ns3:hr>129</ns3:hr>
          </ns3:TrackPointExtension>
        </extensions>
      </trkpt>
      <trkpt lat="59.99968654476106166839599609375" lon="30.38495630957186222076416015625">
        <ele>9.80000019073486328125</ele>
        <time>2025-06-06T07:19:27.000Z</time>
        <extensions>
          <ns3:TrackPointExtension>
            <ns3:atemp>24.0</ns3:atemp>
            <ns3:hr>127</ns3:hr>
          </ns3:TrackPointExtension>
        </extensions>
      </trkpt>
      <trkpt lat="59.99945537187159061431884765625" lon="30.38474726490676403045654296875">
        <ele>9.3999996185302734375</ele>
        <time>2025-06-06T07:19:32.000Z</time>
        <extensions>
          <ns3:TrackPointExtension>
            <ns3:atemp>24.0</ns3:atemp>
            <ns3:hr>124</ns3:hr>
          </ns3:TrackPointExtension>
        </extensions>
      </trkpt>
      <trkpt lat="59.99931581318378448486328125" lon="30.3844786249101161956787109375">
        <ele>9.3999996185302734375</ele>
        <time>2025-06-06T07:19:33.000Z</time>
        <extensions>
          <ns3:TrackPointExtension>
            <ns3:atemp>24.0</ns3:atemp>
            <ns3:hr>123</ns3:hr>
          </ns3:TrackPointExtension>
        </extensions>
      </trkpt>
      <trkpt lat="59.99905421398580074310302734375" lon="30.3842429257929325103759765625">
        <ele>9.3999996185302734375</ele>
        <time>2025-06-06T07:19:38.000Z</time>
        <extensions>
          <ns3:TrackPointExtension>
            <ns3:atemp>24.0</ns3:atemp>
            <ns3:hr>124</ns3:hr>
          </ns3:TrackPointExtension>
        </extensions>
      </trkpt>
      <trkpt lat="59.9988415651023387908935546875" lon="30.384043268859386444091796875">
        <ele>9.19999980926513671875</ele>
        <time>2025-06-06T07:19:42.000Z</time>
        <extensions>
          <ns3:TrackPointExtension>
            <ns3:atemp>24.0</ns3:atemp>
            <ns3:hr>121</ns3:hr>
          </ns3:TrackPointExtension>
        </extensions>
      </trkpt>
      <trkpt lat="59.998625479638576507568359375" lon="30.38382056169211864471435546875">
        <ele>8.80000019073486328125</ele>
        <time>2025-06-06T07:19:46.000Z</time>
        <extensions>
          <ns3:TrackPointExtension>
            <ns3:atemp>24.0</ns3:atemp>
            <ns3:hr>119</ns3:hr>
          </ns3:TrackPointExtension>
        </extensions>
      </trkpt>
      <trkpt lat="59.9985109828412532806396484375" lon="30.3837034665048122406005859375">
        <ele>8.6000003814697265625</ele>
        <time>2025-06-06T07:19:48.000Z</time>
        <extensions>
          <ns3:TrackPointExtension>
            <ns3:atemp>24.0</ns3:atemp>
            <ns3:hr>120</ns3:hr>
          </ns3:TrackPointExtension>
        </extensions>
      </trkpt>
      <trkpt lat="59.9983513914048671722412109375" lon="30.383542366325855255126953125">
        <ele>8.3999996185302734375</ele>
        <time>2025-06-06T07:19:51.000Z</time>
        <extensions>
          <ns3:TrackPointExtension>
            <ns3:atemp>24.0</ns3:atemp>
            <ns3:hr>116</ns3:hr>
          </ns3:TrackPointExtension>
        </extensions>
      </trkpt>
      <trkpt lat="59.998265393078327178955078125" lon="30.3834721259772777557373046875">
        <ele>8</ele>
        <time>2025-06-06T07:19:53.000Z</time>
        <extensions>
          <ns3:TrackPointExtension>
            <ns3:atemp>24.0</ns3:atemp>
            <ns3:hr>118</ns3:hr>
          </ns3:TrackPointExtension>
        </extensions>
      </trkpt>
      <trkpt lat="59.998220466077327728271484375" lon="30.38343130610883235931396484375">
        <ele>8</ele>
        <time>2025-06-06T07:19:54.000Z</time>
        <extensions>
          <ns3:TrackPointExtension>
            <ns3:atemp>24.0</ns3:atemp>
            <ns3:hr>124</ns3:hr>
          </ns3:TrackPointExtension>
        </extensions>
      </trkpt>
      <trkpt lat="59.998121894896030426025390625" lon="30.38333709351718425750732421875">
        <ele>8.19999980926513671875</ele>
        <time>2025-06-06T07:19:56.000Z</time>
        <extensions>
          <ns3:TrackPointExtension>
            <ns3:atemp>24.0</ns3:atemp>
            <ns3:hr>132</ns3:hr>
          </ns3:TrackPointExtension>
        </extensions>
      </trkpt>
      <trkpt lat="59.99807302840054035186767578125" lon="30.38329367525875568389892578125">
        <ele>8.19999980926513671875</ele>
        <time>2025-06-06T07:19:57.000Z</time>
        <extensions>
          <ns3:TrackPointExtension>
            <ns3:atemp>24.0</ns3:atemp>
            <ns3:hr>137</ns3:hr>
          </ns3:TrackPointExtension>
        </extensions>
      </trkpt>
      <trkpt lat="59.9980174563825130462646484375" lon="30.3832518495619297027587890625">
        <ele>8.3999996185302734375</ele>
        <time>2025-06-06T07:19:58.000Z</time>
        <extensions>
          <ns3:TrackPointExtension>
            <ns3:atemp>23.0</ns3:atemp>
            <ns3:hr>143</ns3:hr>
          </ns3:TrackPointExtension>
        </extensions>
      </trkpt>
      <trkpt lat="59.997958950698375701904296875" lon="30.38320801220834255218505859375">
        <ele>8.6000003814697265625</ele>
        <time>2025-06-06T07:19:59.000Z</time>
        <extensions>
          <ns3:TrackPointExtension>
            <ns3:atemp>23.0</ns3:atemp>
            <ns3:hr>142</ns3:hr>
          </ns3:TrackPointExtension>
        </extensions>
      </trkpt>
      <trkpt lat="59.997908659279346466064453125" lon="30.38315705023705959320068359375">
        <ele>8.80000019073486328125</ele>
        <time>2025-06-06T07:20:00.000Z</time>
        <extensions>
          <ns3:TrackPointExtension>
            <ns3:atemp>23.0</ns3:atemp>
            <ns3:hr>142</ns3:hr>
          </ns3:TrackPointExtension>
        </extensions>
      </trkpt>
      <trkpt lat="59.99772786162793636322021484375" lon="30.38294968195259571075439453125">
        <ele>8.3999996185302734375</ele>
        <time>2025-06-06T07:20:04.000Z</time>
        <extensions>
          <ns3:TrackPointExtension>
            <ns3:atemp>23.0</ns3:atemp>
            <ns3:hr>139</ns3:hr>
          </ns3:TrackPointExtension>
        </extensions>
      </trkpt>
      <trkpt lat="59.99763549305498600006103515625" lon="30.382867790758609771728515625">
        <ele>8</ele>
        <time>2025-06-06T07:20:06.000Z</time>
        <extensions>
          <ns3:TrackPointExtension>
            <ns3:atemp>23.0</ns3:atemp>
            <ns3:hr>140</ns3:hr>
          </ns3:TrackPointExtension>
        </extensions>
      </trkpt>
      <trkpt lat="59.99750741757452487945556640625" lon="30.38272705860435962677001953125">
        <ele>7.599999904632568359375</ele>
        <time>2025-06-06T07:20:09.000Z</time>
        <extensions>
          <ns3:TrackPointExtension>
            <ns3:atemp>23.0</ns3:atemp>
            <ns3:hr>136</ns3:hr>
          </ns3:TrackPointExtension>
        </extensions>
      </trkpt>
      <trkpt lat="59.997386969625949859619140625" lon="30.38262228481471538543701171875">
        <ele>7.400000095367431640625</ele>
        <time>2025-06-06T07:20:12.000Z</time>
        <extensions>
          <ns3:TrackPointExtension>
            <ns3:atemp>23.0</ns3:atemp>
            <ns3:hr>138</ns3:hr>
          </ns3:TrackPointExtension>
        </extensions>
      </trkpt>
      <trkpt lat="59.99729837290942668914794921875" lon="30.3825390525162220001220703125">
        <ele>7.599999904632568359375</ele>
        <time>2025-06-06T07:20:14.000Z</time>
        <extensions>
          <ns3:TrackPointExtension>
            <ns3:atemp>23.0</ns3:atemp>
            <ns3:hr>141</ns3:hr>
          </ns3:TrackPointExtension>
        </extensions>
      </trkpt>
      <trkpt lat="59.997162334620952606201171875" lon="30.3824230469763278961181640625">
        <ele>7.599999904632568359375</ele>
        <time>2025-06-06T07:20:17.000Z</time>
        <extensions>
          <ns3:TrackPointExtension>
            <ns3:atemp>23.0</ns3:atemp>
            <ns3:hr>143</ns3:hr>
          </ns3:TrackPointExtension>
        </extensions>
      </trkpt>
      <trkpt lat="59.99711598269641399383544921875" lon="30.38238507695496082305908203125">
        <ele>7.599999904632568359375</ele>
        <time>2025-06-06T07:20:18.000Z</time>
        <extensions>
          <ns3:TrackPointExtension>
            <ns3:atemp>23.0</ns3:atemp>
            <ns3:hr>145</ns3:hr>
          </ns3:TrackPointExtension>
        </extensions>
      </trkpt>
      <trkpt lat="59.996996708214282989501953125" lon="30.382243506610393524169921875">
        <ele>7.80000019073486328125</ele>
        <time>2025-06-06T07:20:21.000Z</time>
        <extensions>
          <ns3:TrackPointExtension>
            <ns3:atemp>23.0</ns3:atemp>
            <ns3:hr>148</ns3:hr>
          </ns3:TrackPointExtension>
        </extensions>
      </trkpt>
      <trkpt lat="59.99692730605602264404296875" lon="30.38211434148252010345458984375">
        <ele>7.80000019073486328125</ele>
        <time>2025-06-06T07:20:24.000Z</time>
        <extensions>
          <ns3:TrackPointExtension>
            <ns3:atemp>23.0</ns3:atemp>
            <ns3:hr>151</ns3:hr>
          </ns3:TrackPointExtension>
        </extensions>
      </trkpt>
      <trkpt lat="59.9967393837869167327880859375" lon="30.381934382021427154541015625">
        <ele>7.400000095367431640625</ele>
        <time>2025-06-06T07:20:32.000Z</time>
        <extensions>
          <ns3:TrackPointExtension>
            <ns3:atemp>23.0</ns3:atemp>
            <ns3:hr>150</ns3:hr>
          </ns3:TrackPointExtension>
        </extensions>
      </trkpt>
      <trkpt lat="59.996623210608959197998046875" lon="30.381811670958995819091796875">
        <ele>7.19999980926513671875</ele>
        <time>2025-06-06T07:20:35.000Z</time>
        <extensions>
          <ns3:TrackPointExtension>
            <ns3:atemp>23.0</ns3:atemp>
            <ns3:hr>147</ns3:hr>
          </ns3:TrackPointExtension>
        </extensions>
      </trkpt>
      <trkpt lat="59.9965690635144710540771484375" lon="30.38169776089489459991455078125">
        <ele>7.19999980926513671875</ele>
        <time>2025-06-06T07:20:37.000Z</time>
        <extensions>
          <ns3:TrackPointExtension>
            <ns3:atemp>23.0</ns3:atemp>
            <ns3:hr>148</ns3:hr>
          </ns3:TrackPointExtension>
        </extensions>
      </trkpt>
      <trkpt lat="59.9965281598269939422607421875" lon="30.3816215693950653076171875">
        <ele>7.19999980926513671875</ele>
        <time>2025-06-06T07:20:38.000Z</time>
        <extensions>
          <ns3:TrackPointExtension>
            <ns3:atemp>23.0</ns3:atemp>
            <ns3:hr>149</ns3:hr>
          </ns3:TrackPointExtension>
        </extensions>
      </trkpt>
      <trkpt lat="59.996506534516811370849609375" lon="30.38151235319674015045166015625">
        <ele>7.19999980926513671875</ele>
        <time>2025-06-06T07:20:40.000Z</time>
        <extensions>
          <ns3:TrackPointExtension>
            <ns3:atemp>23.0</ns3:atemp>
            <ns3:hr>153</ns3:hr>
          </ns3:TrackPointExtension>
        </extensions>
      </trkpt>
      <trkpt lat="59.99642305076122283935546875" lon="30.3813712857663631439208984375">
        <ele>7.400000095367431640625</ele>
        <time>2025-06-06T07:20:43.000Z</time>
        <extensions>
          <ns3:TrackPointExtension>
            <ns3:atemp>23.0</ns3:atemp>
            <ns3:hr>153</ns3:hr>
          </ns3:TrackPointExtension>
        </extensions>
      </trkpt>
      <trkpt lat="59.99639731831848621368408203125" lon="30.38130833767354488372802734375">
        <ele>7.400000095367431640625</ele>
        <time>2025-06-06T07:20:44.000Z</time>
        <extensions>
          <ns3:TrackPointExtension>
            <ns3:atemp>23.0</ns3:atemp>
            <ns3:hr>153</ns3:hr>
          </ns3:TrackPointExtension>
        </extensions>
      </trkpt>
      <trkpt lat="59.99639798887073993682861328125" lon="30.38118193857371807098388671875">
        <ele>7.599999904632568359375</ele>
        <time>2025-06-06T07:20:46.000Z</time>
        <extensions>
          <ns3:TrackPointExtension>
            <ns3:atemp>23.0</ns3:atemp>
            <ns3:hr>154</ns3:hr>
          </ns3:TrackPointExtension>
        </extensions>
      </trkpt>
      <trkpt lat="59.99643512070178985595703125" lon="30.3809000551700592041015625">
        <ele>7.599999904632568359375</ele>
        <time>2025-06-06T07:20:49.000Z</time>
        <extensions>
          <ns3:TrackPointExtension>
            <ns3:atemp>23.0</ns3:atemp>
            <ns3:hr>154</ns3:hr>
          </ns3:TrackPointExtension>
        </extensions>
      </trkpt>
      <trkpt lat="59.99645121395587921142578125" lon="30.380798466503620147705078125">
        <ele>7.400000095367431640625</ele>
        <time>2025-06-06T07:20:50.000Z</time>
        <extensions>
          <ns3:TrackPointExtension>
            <ns3:atemp>23.0</ns3:atemp>
            <ns3:hr>153</ns3:hr>
          </ns3:TrackPointExtension>
        </extensions>
      </trkpt>
      <trkpt lat="59.996473006904125213623046875" lon="30.38067868910729885101318359375">
        <ele>7.400000095367431640625</ele>
        <time>2025-06-06T07:20:52.000Z</time>
        <extensions>
          <ns3:TrackPointExtension>
            <ns3:atemp>23.0</ns3:atemp>
            <ns3:hr>152</ns3:hr>
          </ns3:TrackPointExtension>
        </extensions>
      </trkpt>
      <trkpt lat="59.99646705575287342071533203125" lon="30.3806320019066333770751953125">
        <ele>7.599999904632568359375</ele>
        <time>2025-06-06T07:20:53.000Z</time>
        <extensions>
          <ns3:TrackPointExtension>
            <ns3:atemp>23.0</ns3:atemp>
            <ns3:hr>151</ns3:hr>
          </ns3:TrackPointExtension>
        </extensions>
      </trkpt>
      <trkpt lat="59.996431432664394378662109375" lon="30.38054424338042736053466796875">
        <ele>7.599999904632568359375</ele>
        <time>2025-06-06T07:20:55.000Z</time>
        <extensions>
          <ns3:TrackPointExtension>
            <ns3:atemp>23.0</ns3:atemp>
            <ns3:hr>148</ns3:hr>
          </ns3:TrackPointExtension>
        </extensions>
      </trkpt>
      <trkpt lat="59.99638818204402923583984375" lon="30.380464531481266021728515625">
        <ele>7.80000019073486328125</ele>
        <time>2025-06-06T07:20:57.000Z</time>
        <extensions>
          <ns3:TrackPointExtension>
            <ns3:atemp>23.0</ns3:atemp>
            <ns3:hr>148</ns3:hr>
          </ns3:TrackPointExtension>
        </extensions>
      </trkpt>
      <trkpt lat="59.99636127613484859466552734375" lon="30.38042337633669376373291015625">
        <ele>7.80000019073486328125</ele>
        <time>2025-06-06T07:20:59.000Z</time>
        <extensions>
          <ns3:TrackPointExtension>
            <ns3:atemp>23.0</ns3:atemp>
            <ns3:hr>143</ns3:hr>
          </ns3:TrackPointExtension>
        </extensions>
      </trkpt>
      <trkpt lat="59.99634853564202785491943359375" lon="30.38040342740714550018310546875">
        <ele>7.80000019073486328125</ele>
        <time>2025-06-06T07:21:00.000Z</time>
        <extensions>
          <ns3:TrackPointExtension>
            <ns3:atemp>23.0</ns3:atemp>
            <ns3:hr>143</ns3:hr>
          </ns3:TrackPointExtension>
        </extensions>
      </trkpt>
      <trkpt lat="59.99634367413818836212158203125" lon="30.380383394658565521240234375">
        <ele>7.80000019073486328125</ele>
        <time>2025-06-06T07:21:02.000Z</time>
        <extensions>
          <ns3:TrackPointExtension>
            <ns3:atemp>23.0</ns3:atemp>
            <ns3:hr>142</ns3:hr>
          </ns3:TrackPointExtension>
        </extensions>
      </trkpt>
      <trkpt lat="59.99633663333952426910400390625" lon="30.3803644515573978424072265625">
        <ele>7.599999904632568359375</ele>
        <time>2025-06-06T07:21:07.000Z</time>
        <extensions>
          <ns3:TrackPointExtension>
            <ns3:atemp>23.0</ns3:atemp>
            <ns3:hr>145</ns3:hr>
          </ns3:TrackPointExtension>
        </extensions>
      </trkpt>
      <trkpt lat="59.99633629806339740753173828125" lon="30.380363278090953826904296875">
        <ele>7.400000095367431640625</ele>
        <time>2025-06-06T07:21:10.000Z</time>
        <extensions>
          <ns3:TrackPointExtension>
            <ns3:atemp>23.0</ns3:atemp>
            <ns3:hr>148</ns3:hr>
          </ns3:TrackPointExtension>
        </extensions>
      </trkpt>
      <trkpt lat="59.99633646570146083831787109375" lon="30.38036336190998554229736328125">
        <ele>7.400000095367431640625</ele>
        <time>2025-06-06T07:21:11.000Z</time>
        <extensions>
          <ns3:TrackPointExtension>
            <ns3:atemp>23.0</ns3:atemp>
            <ns3:hr>145</ns3:hr>
          </ns3:TrackPointExtension>
        </extensions>
      </trkpt>
      <trkpt lat="59.996336214244365692138671875" lon="30.38036294281482696533203125">
        <ele>7.19999980926513671875</ele>
        <time>2025-06-06T07:21:13.000Z</time>
        <extensions>
          <ns3:TrackPointExtension>
            <ns3:atemp>23.0</ns3:atemp>
            <ns3:hr>148</ns3:hr>
          </ns3:TrackPointExtension>
        </extensions>
      </trkpt>
      <trkpt lat="59.99633579514920711517333984375" lon="30.380361266434192657470703125">
        <ele>7</ele>
        <time>2025-06-06T07:21:17.000Z</time>
        <extensions>
          <ns3:TrackPointExtension>
            <ns3:atemp>23.0</ns3:atemp>
            <ns3:hr>143</ns3:hr>
          </ns3:TrackPointExtension>
        </extensions>
      </trkpt>
      <trkpt lat="59.99633579514920711517333984375" lon="30.38036168552935123443603515625">
        <ele>7</ele>
        <time>2025-06-06T07:21:18.000Z</time>
        <extensions>
          <ns3:TrackPointExtension>
            <ns3:atemp>23.0</ns3:atemp>
            <ns3:hr>139</ns3:hr>
          </ns3:TrackPointExtension>
        </extensions>
      </trkpt>
      <trkpt lat="59.99633587896823883056640625" lon="30.3803617693483829498291015625">
        <ele>6.80000019073486328125</ele>
        <time>2025-06-06T07:21:19.000Z</time>
        <extensions>
          <ns3:TrackPointExtension>
            <ns3:atemp>23.0</ns3:atemp>
            <ns3:hr>133</ns3:hr>
          </ns3:TrackPointExtension>
        </extensions>
      </trkpt>
      <trkpt lat="59.9963357113301753997802734375" lon="30.38036101497709751129150390625">
        <ele>6.400000095367431640625</ele>
        <time>2025-06-06T07:21:22.000Z</time>
        <extensions>
          <ns3:TrackPointExtension>
            <ns3:atemp>23.0</ns3:atemp>
            <ns3:hr>131</ns3:hr>
          </ns3:TrackPointExtension>
        </extensions>
      </trkpt>
      <trkpt lat="59.996335543692111968994140625" lon="30.38035900332033634185791015625">
        <ele>6</ele>
        <time>2025-06-06T07:21:25.000Z</time>
        <extensions>
          <ns3:TrackPointExtension>
            <ns3:atemp>23.0</ns3:atemp>
            <ns3:hr>128</ns3:hr>
          </ns3:TrackPointExtension>
        </extensions>
      </trkpt>
      <trkpt lat="59.99633453786373138427734375" lon="30.38036118261516094207763671875">
        <ele>6</ele>
        <time>2025-06-06T07:21:28.000Z</time>
        <extensions>
          <ns3:TrackPointExtension>
            <ns3:atemp>23.0</ns3:atemp>
            <ns3:hr>125</ns3:hr>
          </ns3:TrackPointExtension>
        </extensions>
      </trkpt>
      <trkpt lat="59.9963353760540485382080078125" lon="30.3803604282438755035400390625">
        <ele>5.80000019073486328125</ele>
        <time>2025-06-06T07:21:31.000Z</time>
        <extensions>
          <ns3:TrackPointExtension>
            <ns3:atemp>24.0</ns3:atemp>
            <ns3:hr>124</ns3:hr>
          </ns3:TrackPointExtension>
        </extensions>
      </trkpt>
      <trkpt lat="59.9963357113301753997802734375" lon="30.38035883568227291107177734375">
        <ele>5.400000095367431640625</ele>
        <time>2025-06-06T07:21:35.000Z</time>
        <extensions>
          <ns3:TrackPointExtension>
            <ns3:atemp>24.0</ns3:atemp>
            <ns3:hr>127</ns3:hr>
          </ns3:TrackPointExtension>
        </extensions>
      </trkpt>
      <trkpt lat="59.9963360466063022613525390625" lon="30.3803580813109874725341796875">
        <ele>5</ele>
        <time>2025-06-06T07:21:40.000Z</time>
        <extensions>
          <ns3:TrackPointExtension>
            <ns3:atemp>24.0</ns3:atemp>
            <ns3:hr>131</ns3:hr>
          </ns3:TrackPointExtension>
        </extensions>
      </trkpt>
      <trkpt lat="59.99633596278727054595947265625" lon="30.38035850040614604949951171875">
        <ele>4.80000019073486328125</ele>
        <time>2025-06-06T07:21:42.000Z</time>
        <extensions>
          <ns3:TrackPointExtension>
            <ns3:atemp>24.0</ns3:atemp>
            <ns3:hr>128</ns3:hr>
          </ns3:TrackPointExtension>
        </extensions>
      </trkpt>
      <trkpt lat="59.99633529223501682281494140625" lon="30.38036135025322437286376953125">
        <ele>4.400000095367431640625</ele>
        <time>2025-06-06T07:21:48.000Z</time>
        <extensions>
          <ns3:TrackPointExtension>
            <ns3:atemp>24.0</ns3:atemp>
            <ns3:hr>125</ns3:hr>
          </ns3:TrackPointExtension>
        </extensions>
      </trkpt>
      <trkpt lat="59.99633428640663623809814453125" lon="30.3803674690425395965576171875">
        <ele>5</ele>
        <time>2025-06-06T07:21:54.000Z</time>
        <extensions>
          <ns3:TrackPointExtension>
            <ns3:atemp>24.0</ns3:atemp>
            <ns3:hr>124</ns3:hr>
          </ns3:TrackPointExtension>
        </extensions>
      </trkpt>
      <trkpt lat="59.9963336996734142303466796875" lon="30.38037090562283992767333984375">
        <ele>5.19999980926513671875</ele>
        <time>2025-06-06T07:21:57.000Z</time>
        <extensions>
          <ns3:TrackPointExtension>
            <ns3:atemp>24.0</ns3:atemp>
            <ns3:hr>121</ns3:hr>
          </ns3:TrackPointExtension>
        </extensions>
      </trkpt>
      <trkpt lat="59.99632590450346469879150390625" lon="30.3803694806993007659912109375">
        <ele>5.599999904632568359375</ele>
        <time>2025-06-06T07:22:00.000Z</time>
        <extensions>
          <ns3:TrackPointExtension>
            <ns3:atemp>24.0</ns3:atemp>
            <ns3:hr>120</ns3:hr>
          </ns3:TrackPointExtension>
        </extensions>
      </trkpt>
      <trkpt lat="59.99627075158059597015380859375" lon="30.38030871190130710601806640625">
        <ele>5.599999904632568359375</ele>
        <time>2025-06-06T07:22:03.000Z</time>
        <extensions>
          <ns3:TrackPointExtension>
            <ns3:atemp>24.0</ns3:atemp>
            <ns3:hr>119</ns3:hr>
          </ns3:TrackPointExtension>
        </extensions>
      </trkpt>
      <trkpt lat="59.99616949819028377532958984375" lon="30.3802152536809444427490234375">
        <ele>5.599999904632568359375</ele>
        <time>2025-06-06T07:22:06.000Z</time>
        <extensions>
          <ns3:TrackPointExtension>
            <ns3:atemp>24.0</ns3:atemp>
            <ns3:hr>122</ns3:hr>
          </ns3:TrackPointExtension>
        </extensions>
      </trkpt>
      <trkpt lat="59.9961285106837749481201171875" lon="30.38018189370632171630859375">
        <ele>5.599999904632568359375</ele>
        <time>2025-06-06T07:22:07.000Z</time>
        <extensions>
          <ns3:TrackPointExtension>
            <ns3:atemp>24.0</ns3:atemp>
            <ns3:hr>122</ns3:hr>
          </ns3:TrackPointExtension>
        </extensions>
      </trkpt>
      <trkpt lat="59.9960936419665813446044921875" lon="30.3801329433917999267578125">
        <ele>5.80000019073486328125</ele>
        <time>2025-06-06T07:22:08.000Z</time>
        <extensions>
          <ns3:TrackPointExtension>
            <ns3:atemp>24.0</ns3:atemp>
            <ns3:hr>123</ns3:hr>
          </ns3:TrackPointExtension>
        </extensions>
      </trkpt>
      <trkpt lat="59.99602164141833782196044921875" lon="30.38001869805157184600830078125">
        <ele>6</ele>
        <time>2025-06-06T07:22:10.000Z</time>
        <extensions>
          <ns3:TrackPointExtension>
            <ns3:atemp>24.0</ns3:atemp>
            <ns3:hr>124</ns3:hr>
          </ns3:TrackPointExtension>
        </extensions>
      </trkpt>
      <trkpt lat="59.99592893756926059722900390625" lon="30.3799128346145153045654296875">
        <ele>5.80000019073486328125</ele>
        <time>2025-06-06T07:22:12.000Z</time>
        <extensions>
          <ns3:TrackPointExtension>
            <ns3:atemp>24.0</ns3:atemp>
            <ns3:hr>125</ns3:hr>
          </ns3:TrackPointExtension>
        </extensions>
      </trkpt>
      <trkpt lat="59.99588317237794399261474609375" lon="30.3798739425837993621826171875">
        <ele>5.400000095367431640625</ele>
        <time>2025-06-06T07:22:13.000Z</time>
        <extensions>
          <ns3:TrackPointExtension>
            <ns3:atemp>24.0</ns3:atemp>
            <ns3:hr>125</ns3:hr>
          </ns3:TrackPointExtension>
        </extensions>
      </trkpt>
      <trkpt lat="59.995766915380954742431640625" lon="30.37978517822921276092529296875">
        <ele>5.19999980926513671875</ele>
        <time>2025-06-06T07:22:16.000Z</time>
        <extensions>
          <ns3:TrackPointExtension>
            <ns3:atemp>24.0</ns3:atemp>
            <ns3:hr>128</ns3:hr>
          </ns3:TrackPointExtension>
        </extensions>
      </trkpt>
      <trkpt lat="59.9957258440554141998291015625" lon="30.37976724095642566680908203125">
        <ele>5</ele>
        <time>2025-06-06T07:22:17.000Z</time>
        <extensions>
          <ns3:TrackPointExtension>
            <ns3:atemp>24.0</ns3:atemp>
            <ns3:hr>128</ns3:hr>
          </ns3:TrackPointExtension>
        </extensions>
      </trkpt>
      <trkpt lat="59.99558477662503719329833984375" lon="30.3797207213938236236572265625">
        <ele>5</ele>
        <time>2025-06-06T07:22:19.000Z</time>
        <extensions>
          <ns3:TrackPointExtension>
            <ns3:atemp>24.0</ns3:atemp>
            <ns3:hr>126</ns3:hr>
          </ns3:TrackPointExtension>
        </extensions>
      </trkpt>
      <trkpt lat="59.995431639254093170166015625" lon="30.379551239311695098876953125">
        <ele>4.599999904632568359375</ele>
        <time>2025-06-06T07:22:22.000Z</time>
        <extensions>
          <ns3:TrackPointExtension>
            <ns3:atemp>24.0</ns3:atemp>
            <ns3:hr>125</ns3:hr>
          </ns3:TrackPointExtension>
        </extensions>
      </trkpt>
      <trkpt lat="59.9952859617769718170166015625" lon="30.37938234396278858184814453125">
        <ele>4.400000095367431640625</ele>
        <time>2025-06-06T07:22:25.000Z</time>
        <extensions>
          <ns3:TrackPointExtension>
            <ns3:atemp>24.0</ns3:atemp>
            <ns3:hr>124</ns3:hr>
          </ns3:TrackPointExtension>
        </extensions>
      </trkpt>
      <trkpt lat="59.99502905644476413726806640625" lon="30.379089899361133575439453125">
        <ele>3.7999999523162841796875</ele>
        <time>2025-06-06T07:22:31.000Z</time>
        <extensions>
          <ns3:TrackPointExtension>
            <ns3:atemp>24.0</ns3:atemp>
            <ns3:hr>124</ns3:hr>
          </ns3:TrackPointExtension>
        </extensions>
      </trkpt>
      <trkpt lat="59.99484599567949771881103515625" lon="30.378848500549793243408203125">
        <ele>3.7999999523162841796875</ele>
        <time>2025-06-06T07:22:36.000Z</time>
        <extensions>
          <ns3:TrackPointExtension>
            <ns3:atemp>24.0</ns3:atemp>
            <ns3:hr>127</ns3:hr>
          </ns3:TrackPointExtension>
        </extensions>
      </trkpt>
      <trkpt lat="59.99477542005479335784912109375" lon="30.37873676978051662445068359375">
        <ele>3.599999904632568359375</ele>
        <time>2025-06-06T07:22:38.000Z</time>
        <extensions>
          <ns3:TrackPointExtension>
            <ns3:atemp>24.0</ns3:atemp>
            <ns3:hr>127</ns3:hr>
          </ns3:TrackPointExtension>
        </extensions>
      </trkpt>
      <trkpt lat="59.99446503818035125732421875" lon="30.378527976572513580322265625">
        <ele>3.400000095367431640625</ele>
        <time>2025-06-06T07:22:44.000Z</time>
        <extensions>
          <ns3:TrackPointExtension>
            <ns3:atemp>24.0</ns3:atemp>
            <ns3:hr>129</ns3:hr>
          </ns3:TrackPointExtension>
        </extensions>
      </trkpt>
      <trkpt lat="59.994414411485195159912109375" lon="30.37849268876016139984130859375">
        <ele>3.400000095367431640625</ele>
        <time>2025-06-06T07:22:45.000Z</time>
        <extensions>
          <ns3:TrackPointExtension>
            <ns3:atemp>24.0</ns3:atemp>
            <ns3:hr>129</ns3:hr>
          </ns3:TrackPointExtension>
        </extensions>
      </trkpt>
      <trkpt lat="59.9943646229803562164306640625" lon="30.37846234627068042755126953125">
        <ele>3.400000095367431640625</ele>
        <time>2025-06-06T07:22:46.000Z</time>
        <extensions>
          <ns3:TrackPointExtension>
            <ns3:atemp>24.0</ns3:atemp>
            <ns3:hr>128</ns3:hr>
          </ns3:TrackPointExtension>
        </extensions>
      </trkpt>
      <trkpt lat="59.99423814006149768829345703125" lon="30.37843300960958003997802734375">
        <ele>3.2000000476837158203125</ele>
        <time>2025-06-06T07:22:49.000Z</time>
        <extensions>
          <ns3:TrackPointExtension>
            <ns3:atemp>24.0</ns3:atemp>
            <ns3:hr>130</ns3:hr>
          </ns3:TrackPointExtension>
        </extensions>
      </trkpt>
      <trkpt lat="59.99421316199004650115966796875" lon="30.37839311175048351287841796875">
        <ele>3.599999904632568359375</ele>
        <time>2025-06-06T07:22:53.000Z</time>
        <extensions>
          <ns3:TrackPointExtension>
            <ns3:atemp>24.0</ns3:atemp>
            <ns3:hr>133</ns3:hr>
          </ns3:TrackPointExtension>
        </extensions>
      </trkpt>
      <trkpt lat="59.9942073784768581390380859375" lon="30.3783755935728549957275390625">
        <ele>3.7999999523162841796875</ele>
        <time>2025-06-06T07:22:55.000Z</time>
        <extensions>
          <ns3:TrackPointExtension>
            <ns3:atemp>24.0</ns3:atemp>
            <ns3:hr>131</ns3:hr>
          </ns3:TrackPointExtension>
        </extensions>
      </trkpt>
      <trkpt lat="59.99419002793729305267333984375" lon="30.37838724441826343536376953125">
        <ele>3.7999999523162841796875</ele>
        <time>2025-06-06T07:22:57.000Z</time>
        <extensions>
          <ns3:TrackPointExtension>
            <ns3:atemp>24.0</ns3:atemp>
            <ns3:hr>134</ns3:hr>
          </ns3:TrackPointExtension>
        </extensions>
      </trkpt>
      <trkpt lat="59.99417142011225223541259765625" lon="30.3783963806927204132080078125">
        <ele>3.7999999523162841796875</ele>
        <time>2025-06-06T07:22:58.000Z</time>
        <extensions>
          <ns3:TrackPointExtension>
            <ns3:atemp>24.0</ns3:atemp>
            <ns3:hr>133</ns3:hr>
          </ns3:TrackPointExtension>
        </extensions>
      </trkpt>
      <trkpt lat="59.99411710537970066070556640625" lon="30.3783668763935565948486328125">
        <ele>3.7999999523162841796875</ele>
        <time>2025-06-06T07:23:00.000Z</time>
        <extensions>
          <ns3:TrackPointExtension>
            <ns3:atemp>24.0</ns3:atemp>
            <ns3:hr>134</ns3:hr>
          </ns3:TrackPointExtension>
        </extensions>
      </trkpt>
      <trkpt lat="59.99404217116534709930419921875" lon="30.378290601074695587158203125">
        <ele>3.599999904632568359375</ele>
        <time>2025-06-06T07:23:02.000Z</time>
        <extensions>
          <ns3:TrackPointExtension>
            <ns3:atemp>24.0</ns3:atemp>
            <ns3:hr>130</ns3:hr>
          </ns3:TrackPointExtension>
        </extensions>
      </trkpt>
      <trkpt lat="59.9939549155533313751220703125" lon="30.37818959914147853851318359375">
        <ele>3.599999904632568359375</ele>
        <time>2025-06-06T07:23:04.000Z</time>
        <extensions>
          <ns3:TrackPointExtension>
            <ns3:atemp>24.0</ns3:atemp>
            <ns3:hr>129</ns3:hr>
          </ns3:TrackPointExtension>
        </extensions>
      </trkpt>
      <trkpt lat="59.99390588141977787017822265625" lon="30.3781402297317981719970703125">
        <ele>3.599999904632568359375</ele>
        <time>2025-06-06T07:23:05.000Z</time>
        <extensions>
          <ns3:TrackPointExtension>
            <ns3:atemp>24.0</ns3:atemp>
            <ns3:hr>129</ns3:hr>
          </ns3:TrackPointExtension>
        </extensions>
      </trkpt>
      <trkpt lat="59.993629194796085357666015625" lon="30.37788248620927333831787109375">
        <ele>3</ele>
        <time>2025-06-06T07:23:10.000Z</time>
        <extensions>
          <ns3:TrackPointExtension>
            <ns3:atemp>24.0</ns3:atemp>
            <ns3:hr>131</ns3:hr>
          </ns3:TrackPointExtension>
        </extensions>
      </trkpt>
      <trkpt lat="59.99358016066253185272216796875" lon="30.37783085368573665618896484375">
        <ele>3.2000000476837158203125</ele>
        <time>2025-06-06T07:23:11.000Z</time>
        <extensions>
          <ns3:TrackPointExtension>
            <ns3:atemp>24.0</ns3:atemp>
            <ns3:hr>128</ns3:hr>
          </ns3:TrackPointExtension>
        </extensions>
      </trkpt>
      <trkpt lat="59.99326416291296482086181640625" lon="30.3775233216583728790283203125">
        <ele>4.400000095367431640625</ele>
        <time>2025-06-06T07:23:17.000Z</time>
        <extensions>
          <ns3:TrackPointExtension>
            <ns3:atemp>24.0</ns3:atemp>
            <ns3:hr>128</ns3:hr>
          </ns3:TrackPointExtension>
        </extensions>
      </trkpt>
      <trkpt lat="59.9931730516254901885986328125" lon="30.3774193860590457916259765625">
        <ele>4.599999904632568359375</ele>
        <time>2025-06-06T07:23:19.000Z</time>
        <extensions>
          <ns3:TrackPointExtension>
            <ns3:atemp>24.0</ns3:atemp>
            <ns3:hr>125</ns3:hr>
          </ns3:TrackPointExtension>
        </extensions>
      </trkpt>
      <trkpt lat="59.99308529309928417205810546875" lon="30.37732877768576145172119140625">
        <ele>5.599999904632568359375</ele>
        <time>2025-06-06T07:23:21.000Z</time>
        <extensions>
          <ns3:TrackPointExtension>
            <ns3:atemp>24.0</ns3:atemp>
            <ns3:hr>125</ns3:hr>
          </ns3:TrackPointExtension>
        </extensions>
      </trkpt>
      <trkpt lat="59.99288915656507015228271484375" lon="30.377125181257724761962890625">
        <ele>6.19999980926513671875</ele>
        <time>2025-06-06T07:23:26.000Z</time>
        <extensions>
          <ns3:TrackPointExtension>
            <ns3:atemp>24.0</ns3:atemp>
            <ns3:hr>125</ns3:hr>
          </ns3:TrackPointExtension>
        </extensions>
      </trkpt>
      <trkpt lat="59.992778934538364410400390625" lon="30.377014540135860443115234375">
        <ele>6.80000019073486328125</ele>
        <time>2025-06-06T07:23:29.000Z</time>
        <extensions>
          <ns3:TrackPointExtension>
            <ns3:atemp>24.0</ns3:atemp>
            <ns3:hr>126</ns3:hr>
          </ns3:TrackPointExtension>
        </extensions>
      </trkpt>
      <trkpt lat="59.99256460927426815032958984375" lon="30.37685469724237918853759765625">
        <ele>7.19999980926513671875</ele>
        <time>2025-06-06T07:23:34.000Z</time>
        <extensions>
          <ns3:TrackPointExtension>
            <ns3:atemp>24.0</ns3:atemp>
            <ns3:hr>129</ns3:hr>
          </ns3:TrackPointExtension>
        </extensions>
      </trkpt>
      <trkpt lat="59.99253091402351856231689453125" lon="30.3768219240009784698486328125">
        <ele>7.19999980926513671875</ele>
        <time>2025-06-06T07:23:35.000Z</time>
        <extensions>
          <ns3:TrackPointExtension>
            <ns3:atemp>24.0</ns3:atemp>
            <ns3:hr>129</ns3:hr>
          </ns3:TrackPointExtension>
        </extensions>
      </trkpt>
      <trkpt lat="59.992419183254241943359375" lon="30.37674154154956340789794921875">
        <ele>8</ele>
        <time>2025-06-06T07:23:38.000Z</time>
        <extensions>
          <ns3:TrackPointExtension>
            <ns3:atemp>24.0</ns3:atemp>
            <ns3:hr>132</ns3:hr>
          </ns3:TrackPointExtension>
        </extensions>
      </trkpt>
      <trkpt lat="59.99225489795207977294921875" lon="30.37658907473087310791015625">
        <ele>8</ele>
        <time>2025-06-06T07:23:43.000Z</time>
        <extensions>
          <ns3:TrackPointExtension>
            <ns3:atemp>24.0</ns3:atemp>
            <ns3:hr>130</ns3:hr>
          </ns3:TrackPointExtension>
        </extensions>
      </trkpt>
      <trkpt lat="59.99218474142253398895263671875" lon="30.37651439197361469268798828125">
        <ele>8</ele>
        <time>2025-06-06T07:23:46.000Z</time>
        <extensions>
          <ns3:TrackPointExtension>
            <ns3:atemp>24.0</ns3:atemp>
            <ns3:hr>134</ns3:hr>
          </ns3:TrackPointExtension>
        </extensions>
      </trkpt>
      <trkpt lat="59.99208315275609493255615234375" lon="30.37638966925442218780517578125">
        <ele>7.80000019073486328125</ele>
        <time>2025-06-06T07:23:50.000Z</time>
        <extensions>
          <ns3:TrackPointExtension>
            <ns3:atemp>24.0</ns3:atemp>
            <ns3:hr>133</ns3:hr>
          </ns3:TrackPointExtension>
        </extensions>
      </trkpt>
      <trkpt lat="59.99187042005360126495361328125" lon="30.37619210779666900634765625">
        <ele>7.599999904632568359375</ele>
        <time>2025-06-06T07:23:56.000Z</time>
        <extensions>
          <ns3:TrackPointExtension>
            <ns3:atemp>24.0</ns3:atemp>
            <ns3:hr>131</ns3:hr>
          </ns3:TrackPointExtension>
        </extensions>
      </trkpt>
      <trkpt lat="59.9917471222579479217529296875" lon="30.3760492801666259765625">
        <ele>7.599999904632568359375</ele>
        <time>2025-06-06T07:24:00.000Z</time>
        <extensions>
          <ns3:TrackPointExtension>
            <ns3:atemp>24.0</ns3:atemp>
            <ns3:hr>128</ns3:hr>
          </ns3:TrackPointExtension>
        </extensions>
      </trkpt>
      <trkpt lat="59.9916743673384189605712890625" lon="30.3759790398180484771728515625">
        <ele>7.599999904632568359375</ele>
        <time>2025-06-06T07:24:02.000Z</time>
        <extensions>
          <ns3:TrackPointExtension>
            <ns3:atemp>24.0</ns3:atemp>
            <ns3:hr>128</ns3:hr>
          </ns3:TrackPointExtension>
        </extensions>
      </trkpt>
      <trkpt lat="59.99137940816581249237060546875" lon="30.3756766207516193389892578125">
        <ele>7</ele>
        <time>2025-06-06T07:24:09.000Z</time>
        <extensions>
          <ns3:TrackPointExtension>
            <ns3:atemp>24.0</ns3:atemp>
            <ns3:hr>129</ns3:hr>
          </ns3:TrackPointExtension>
        </extensions>
      </trkpt>
      <trkpt lat="59.99133355915546417236328125" lon="30.37562943063676357269287109375">
        <ele>6.80000019073486328125</ele>
        <time>2025-06-06T07:24:10.000Z</time>
        <extensions>
          <ns3:TrackPointExtension>
            <ns3:atemp>24.0</ns3:atemp>
            <ns3:hr>129</ns3:hr>
          </ns3:TrackPointExtension>
        </extensions>
      </trkpt>
      <trkpt lat="59.9911422841250896453857421875" lon="30.37541066296398639678955078125">
        <ele>6.19999980926513671875</ele>
        <time>2025-06-06T07:24:14.000Z</time>
        <extensions>
          <ns3:TrackPointExtension>
            <ns3:atemp>24.0</ns3:atemp>
            <ns3:hr>132</ns3:hr>
          </ns3:TrackPointExtension>
        </extensions>
      </trkpt>
      <trkpt lat="59.9910386838018894195556640625" lon="30.3752927295863628387451171875">
        <ele>6.19999980926513671875</ele>
        <time>2025-06-06T07:24:16.000Z</time>
        <extensions>
          <ns3:TrackPointExtension>
            <ns3:atemp>24.0</ns3:atemp>
            <ns3:hr>132</ns3:hr>
          </ns3:TrackPointExtension>
        </extensions>
      </trkpt>
      <trkpt lat="59.99093516729772090911865234375" lon="30.3751572780311107635498046875">
        <ele>5.599999904632568359375</ele>
        <time>2025-06-06T07:24:18.000Z</time>
        <extensions>
          <ns3:TrackPointExtension>
            <ns3:atemp>24.0</ns3:atemp>
            <ns3:hr>132</ns3:hr>
          </ns3:TrackPointExtension>
        </extensions>
      </trkpt>
      <trkpt lat="59.99072545208036899566650390625" lon="30.374857373535633087158203125">
        <ele>4.599999904632568359375</ele>
        <time>2025-06-06T07:24:22.000Z</time>
        <extensions>
          <ns3:TrackPointExtension>
            <ns3:atemp>24.0</ns3:atemp>
            <ns3:hr>135</ns3:hr>
          </ns3:TrackPointExtension>
        </extensions>
      </trkpt>
      <trkpt lat="59.99066744931042194366455078125" lon="30.3747683577239513397216796875">
        <ele>4</ele>
        <time>2025-06-06T07:24:23.000Z</time>
        <extensions>
          <ns3:TrackPointExtension>
            <ns3:atemp>24.0</ns3:atemp>
            <ns3:hr>134</ns3:hr>
          </ns3:TrackPointExtension>
        </extensions>
      </trkpt>
      <trkpt lat="59.99054959975183010101318359375" lon="30.37458471022546291351318359375">
        <ele>3.400000095367431640625</ele>
        <time>2025-06-06T07:24:25.000Z</time>
        <extensions>
          <ns3:TrackPointExtension>
            <ns3:atemp>24.0</ns3:atemp>
            <ns3:hr>133</ns3:hr>
          </ns3:TrackPointExtension>
        </extensions>
      </trkpt>
      <trkpt lat="59.99043711461126804351806640625" lon="30.37437021732330322265625">
        <ele>2.599999904632568359375</ele>
        <time>2025-06-06T07:24:27.000Z</time>
        <extensions>
          <ns3:TrackPointExtension>
            <ns3:atemp>24.0</ns3:atemp>
            <ns3:hr>130</ns3:hr>
          </ns3:TrackPointExtension>
        </extensions>
      </trkpt>
      <trkpt lat="59.99038405716419219970703125" lon="30.37425613962113857269287109375">
        <ele>2.400000095367431640625</ele>
        <time>2025-06-06T07:24:28.000Z</time>
        <extensions>
          <ns3:TrackPointExtension>
            <ns3:atemp>24.0</ns3:atemp>
            <ns3:hr>130</ns3:hr>
          </ns3:TrackPointExtension>
        </extensions>
      </trkpt>
      <trkpt lat="59.9903284013271331787109375" lon="30.37414130754768848419189453125">
        <ele>2</ele>
        <time>2025-06-06T07:24:29.000Z</time>
        <extensions>
          <ns3:TrackPointExtension>
            <ns3:atemp>24.0</ns3:atemp>
            <ns3:hr>131</ns3:hr>
          </ns3:TrackPointExtension>
        </extensions>
      </trkpt>
      <trkpt lat="59.990162439644336700439453125" lon="30.37379681132733821868896484375">
        <ele>1.2000000476837158203125</ele>
        <time>2025-06-06T07:24:32.000Z</time>
        <extensions>
          <ns3:TrackPointExtension>
            <ns3:atemp>24.0</ns3:atemp>
            <ns3:hr>130</ns3:hr>
          </ns3:TrackPointExtension>
        </extensions>
      </trkpt>
      <trkpt lat="59.99001902528107166290283203125" lon="30.373447202146053314208984375">
        <ele>0</ele>
        <time>2025-06-06T07:24:35.000Z</time>
        <extensions>
          <ns3:TrackPointExtension>
            <ns3:atemp>24.0</ns3:atemp>
            <ns3:hr>128</ns3:hr>
          </ns3:TrackPointExtension>
        </extensions>
      </trkpt>
      <trkpt lat="59.9899542331695556640625" lon="30.3732270933687686920166015625">
        <ele>-0.60000002384185791015625</ele>
        <time>2025-06-06T07:24:37.000Z</time>
        <extensions>
          <ns3:TrackPointExtension>
            <ns3:atemp>24.0</ns3:atemp>
            <ns3:hr>126</ns3:hr>
          </ns3:TrackPointExtension>
        </extensions>
      </trkpt>
      <trkpt lat="59.98994015157222747802734375" lon="30.3731255047023296356201171875">
        <ele>-0.60000002384185791015625</ele>
        <time>2025-06-06T07:24:38.000Z</time>
        <extensions>
          <ns3:TrackPointExtension>
            <ns3:atemp>24.0</ns3:atemp>
            <ns3:hr>126</ns3:hr>
          </ns3:TrackPointExtension>
        </extensions>
      </trkpt>
      <trkpt lat="59.98993939720094203948974609375" lon="30.37303187884390354156494140625">
        <ele>-0.60000002384185791015625</ele>
        <time>2025-06-06T07:24:39.000Z</time>
        <extensions>
          <ns3:TrackPointExtension>
            <ns3:atemp>24.0</ns3:atemp>
            <ns3:hr>126</ns3:hr>
          </ns3:TrackPointExtension>
        </extensions>
      </trkpt>
      <trkpt lat="59.989967644214630126953125" lon="30.372935235500335693359375">
        <ele>-0.20000000298023223876953125</ele>
        <time>2025-06-06T07:24:41.000Z</time>
        <extensions>
          <ns3:TrackPointExtension>
            <ns3:atemp>24.0</ns3:atemp>
            <ns3:hr>126</ns3:hr>
          </ns3:TrackPointExtension>
        </extensions>
      </trkpt>
      <trkpt lat="59.98998549766838550567626953125" lon="30.37285183556377887725830078125">
        <ele>0.20000000298023223876953125</ele>
        <time>2025-06-06T07:24:43.000Z</time>
        <extensions>
          <ns3:TrackPointExtension>
            <ns3:atemp>24.0</ns3:atemp>
            <ns3:hr>125</ns3:hr>
          </ns3:TrackPointExtension>
        </extensions>
      </trkpt>
      <trkpt lat="59.9899797141551971435546875" lon="30.37280355580151081085205078125">
        <ele>0.20000000298023223876953125</ele>
        <time>2025-06-06T07:24:44.000Z</time>
        <extensions>
          <ns3:TrackPointExtension>
            <ns3:atemp>24.0</ns3:atemp>
            <ns3:hr>125</ns3:hr>
          </ns3:TrackPointExtension>
        </extensions>
      </trkpt>
      <trkpt lat="59.98996705748140811920166015625" lon="30.37277539260685443878173828125">
        <ele>0.4000000059604644775390625</ele>
        <time>2025-06-06T07:24:45.000Z</time>
        <extensions>
          <ns3:TrackPointExtension>
            <ns3:atemp>24.0</ns3:atemp>
            <ns3:hr>124</ns3:hr>
          </ns3:TrackPointExtension>
        </extensions>
      </trkpt>
      <trkpt lat="59.98991861008107662200927734375" lon="30.37270791828632354736328125">
        <ele>0.4000000059604644775390625</ele>
        <time>2025-06-06T07:24:47.000Z</time>
        <extensions>
          <ns3:TrackPointExtension>
            <ns3:atemp>24.0</ns3:atemp>
            <ns3:hr>122</ns3:hr>
          </ns3:TrackPointExtension>
        </extensions>
      </trkpt>
      <trkpt lat="59.9898226372897624969482421875" lon="30.372409522533416748046875">
        <ele>0.60000002384185791015625</ele>
        <time>2025-06-06T07:24:52.000Z</time>
        <extensions>
          <ns3:TrackPointExtension>
            <ns3:atemp>24.0</ns3:atemp>
            <ns3:hr>122</ns3:hr>
          </ns3:TrackPointExtension>
        </extensions>
      </trkpt>
      <trkpt lat="59.989776872098445892333984375" lon="30.37227499298751354217529296875">
        <ele>0</ele>
        <time>2025-06-06T07:24:54.000Z</time>
        <extensions>
          <ns3:TrackPointExtension>
            <ns3:atemp>24.0</ns3:atemp>
            <ns3:hr>119</ns3:hr>
          </ns3:TrackPointExtension>
        </extensions>
      </trkpt>
      <trkpt lat="59.9896586872637271881103515625" lon="30.37189177237451076507568359375">
        <ele>-0.60000002384185791015625</ele>
        <time>2025-06-06T07:24:59.000Z</time>
        <extensions>
          <ns3:TrackPointExtension>
            <ns3:atemp>24.0</ns3:atemp>
            <ns3:hr>122</ns3:hr>
          </ns3:TrackPointExtension>
        </extensions>
      </trkpt>
      <trkpt lat="59.9896337091922760009765625" lon="30.37181398831307888031005859375">
        <ele>-1</ele>
        <time>2025-06-06T07:25:00.000Z</time>
        <extensions>
          <ns3:TrackPointExtension>
            <ns3:atemp>24.0</ns3:atemp>
            <ns3:hr>123</ns3:hr>
          </ns3:TrackPointExtension>
        </extensions>
      </trkpt>
      <trkpt lat="59.98955667950212955474853515625" lon="30.3715678118169307708740234375">
        <ele>-1.60000002384185791015625</ele>
        <time>2025-06-06T07:25:03.000Z</time>
        <extensions>
          <ns3:TrackPointExtension>
            <ns3:atemp>24.0</ns3:atemp>
            <ns3:hr>127</ns3:hr>
          </ns3:TrackPointExtension>
        </extensions>
      </trkpt>
      <trkpt lat="59.98943296261131763458251953125" lon="30.37114477716386318206787109375">
        <ele>-1.39999997615814208984375</ele>
        <time>2025-06-06T07:25:08.000Z</time>
        <extensions>
          <ns3:TrackPointExtension>
            <ns3:atemp>24.0</ns3:atemp>
            <ns3:hr>125</ns3:hr>
          </ns3:TrackPointExtension>
        </extensions>
      </trkpt>
      <trkpt lat="59.98938091099262237548828125" lon="30.370880663394927978515625">
        <ele>-1.60000002384185791015625</ele>
        <time>2025-06-06T07:25:11.000Z</time>
        <extensions>
          <ns3:TrackPointExtension>
            <ns3:atemp>24.0</ns3:atemp>
            <ns3:hr>121</ns3:hr>
          </ns3:TrackPointExtension>
        </extensions>
      </trkpt>
      <trkpt lat="59.9893059767782688140869140625" lon="30.37066784687340259552001953125">
        <ele>-1.60000002384185791015625</ele>
        <time>2025-06-06T07:25:14.000Z</time>
        <extensions>
          <ns3:TrackPointExtension>
            <ns3:atemp>24.0</ns3:atemp>
            <ns3:hr>124</ns3:hr>
          </ns3:TrackPointExtension>
        </extensions>
      </trkpt>
      <trkpt lat="59.98922266066074371337890625" lon="30.370328463613986968994140625">
        <ele>-1.2000000476837158203125</ele>
        <time>2025-06-06T07:25:19.000Z</time>
        <extensions>
          <ns3:TrackPointExtension>
            <ns3:atemp>24.0</ns3:atemp>
            <ns3:hr>120</ns3:hr>
          </ns3:TrackPointExtension>
        </extensions>
      </trkpt>
      <trkpt lat="59.9891388416290283203125" lon="30.370115227997303009033203125">
        <ele>-0.800000011920928955078125</ele>
        <time>2025-06-06T07:25:25.000Z</time>
        <extensions>
          <ns3:TrackPointExtension>
            <ns3:atemp>24.0</ns3:atemp>
            <ns3:hr>119</ns3:hr>
          </ns3:TrackPointExtension>
        </extensions>
      </trkpt>
      <trkpt lat="59.98899333178997039794921875" lon="30.3697527945041656494140625">
        <ele>-1.60000002384185791015625</ele>
        <time>2025-06-06T07:25:31.000Z</time>
        <extensions>
          <ns3:TrackPointExtension>
            <ns3:atemp>24.0</ns3:atemp>
            <ns3:hr>116</ns3:hr>
          </ns3:TrackPointExtension>
        </extensions>
      </trkpt>
      <trkpt lat="59.988945387303829193115234375" lon="30.369609296321868896484375">
        <ele>-2.2000000476837158203125</ele>
        <time>2025-06-06T07:25:33.000Z</time>
        <extensions>
          <ns3:TrackPointExtension>
            <ns3:atemp>24.0</ns3:atemp>
            <ns3:hr>117</ns3:hr>
          </ns3:TrackPointExtension>
        </extensions>
      </trkpt>
      <trkpt lat="59.9888969399034976959228515625" lon="30.369453392922878265380859375">
        <ele>-2.599999904632568359375</ele>
        <time>2025-06-06T07:25:35.000Z</time>
        <extensions>
          <ns3:TrackPointExtension>
            <ns3:atemp>24.0</ns3:atemp>
            <ns3:hr>122</ns3:hr>
          </ns3:TrackPointExtension>
        </extensions>
      </trkpt>
      <trkpt lat="59.98879577033221721649169921875" lon="30.36916262470185756683349609375">
        <ele>-3</ele>
        <time>2025-06-06T07:25:39.000Z</time>
        <extensions>
          <ns3:TrackPointExtension>
            <ns3:atemp>24.0</ns3:atemp>
            <ns3:hr>127</ns3:hr>
          </ns3:TrackPointExtension>
        </extensions>
      </trkpt>
      <trkpt lat="59.98876693658530712127685546875" lon="30.36909892223775386810302734375">
        <ele>-3.2000000476837158203125</ele>
        <time>2025-06-06T07:25:40.000Z</time>
        <extensions>
          <ns3:TrackPointExtension>
            <ns3:atemp>24.0</ns3:atemp>
            <ns3:hr>125</ns3:hr>
          </ns3:TrackPointExtension>
        </extensions>
      </trkpt>
      <trkpt lat="59.98873977921903133392333984375" lon="30.36904427222907543182373046875">
        <ele>-3.2000000476837158203125</ele>
        <time>2025-06-06T07:25:41.000Z</time>
        <extensions>
          <ns3:TrackPointExtension>
            <ns3:atemp>24.0</ns3:atemp>
            <ns3:hr>128</ns3:hr>
          </ns3:TrackPointExtension>
        </extensions>
      </trkpt>
      <trkpt lat="59.9887044914066791534423828125" lon="30.36894637160003185272216796875">
        <ele>-2.7999999523162841796875</ele>
        <time>2025-06-06T07:25:44.000Z</time>
        <extensions>
          <ns3:TrackPointExtension>
            <ns3:atemp>24.0</ns3:atemp>
            <ns3:hr>127</ns3:hr>
          </ns3:TrackPointExtension>
        </extensions>
      </trkpt>
      <trkpt lat="59.988693930208683013916015625" lon="30.36897554062306880950927734375">
        <ele>-2.599999904632568359375</ele>
        <time>2025-06-06T07:25:49.000Z</time>
        <extensions>
          <ns3:TrackPointExtension>
            <ns3:atemp>24.0</ns3:atemp>
            <ns3:hr>128</ns3:hr>
          </ns3:TrackPointExtension>
        </extensions>
      </trkpt>
      <trkpt lat="59.988670460879802703857421875" lon="30.3688946552574634552001953125">
        <ele>-3</ele>
        <time>2025-06-06T07:25:55.000Z</time>
        <extensions>
          <ns3:TrackPointExtension>
            <ns3:atemp>24.0</ns3:atemp>
            <ns3:hr>130</ns3:hr>
          </ns3:TrackPointExtension>
        </extensions>
      </trkpt>
      <trkpt lat="59.98862276785075664520263671875" lon="30.368633307516574859619140625">
        <ele>-4.19999980926513671875</ele>
        <time>2025-06-06T07:26:00.000Z</time>
        <extensions>
          <ns3:TrackPointExtension>
            <ns3:atemp>24.0</ns3:atemp>
            <ns3:hr>130</ns3:hr>
          </ns3:TrackPointExtension>
        </extensions>
      </trkpt>
      <trkpt lat="59.9885120429098606109619140625" lon="30.36833885125815868377685546875">
        <ele>-4.599999904632568359375</ele>
        <time>2025-06-06T07:26:04.000Z</time>
        <extensions>
          <ns3:TrackPointExtension>
            <ns3:atemp>24.0</ns3:atemp>
            <ns3:hr>129</ns3:hr>
          </ns3:TrackPointExtension>
        </extensions>
      </trkpt>
      <trkpt lat="59.98847155831754207611083984375" lon="30.36824899725615978240966796875">
        <ele>-5</ele>
        <time>2025-06-06T07:26:05.000Z</time>
        <extensions>
          <ns3:TrackPointExtension>
            <ns3:atemp>24.0</ns3:atemp>
            <ns3:hr>128</ns3:hr>
          </ns3:TrackPointExtension>
        </extensions>
      </trkpt>
      <trkpt lat="59.98838044703006744384765625" lon="30.3680039942264556884765625">
        <ele>-5.599999904632568359375</ele>
        <time>2025-06-06T07:26:08.000Z</time>
        <extensions>
          <ns3:TrackPointExtension>
            <ns3:atemp>24.0</ns3:atemp>
            <ns3:hr>130</ns3:hr>
          </ns3:TrackPointExtension>
        </extensions>
      </trkpt>
      <trkpt lat="59.98828497715294361114501953125" lon="30.36772227846086025238037109375">
        <ele>-5.80000019073486328125</ele>
        <time>2025-06-06T07:26:12.000Z</time>
        <extensions>
          <ns3:TrackPointExtension>
            <ns3:atemp>24.0</ns3:atemp>
            <ns3:hr>131</ns3:hr>
          </ns3:TrackPointExtension>
        </extensions>
      </trkpt>
      <trkpt lat="59.9881948716938495635986328125" lon="30.36748037673532962799072265625">
        <ele>-6</ele>
        <time>2025-06-06T07:26:15.000Z</time>
        <extensions>
          <ns3:TrackPointExtension>
            <ns3:atemp>24.0</ns3:atemp>
            <ns3:hr>131</ns3:hr>
          </ns3:TrackPointExtension>
        </extensions>
      </trkpt>
      <trkpt lat="59.98809269629418849945068359375" lon="30.3672390617430210113525390625">
        <ele>-6.599999904632568359375</ele>
        <time>2025-06-06T07:26:18.000Z</time>
        <extensions>
          <ns3:TrackPointExtension>
            <ns3:atemp>24.0</ns3:atemp>
            <ns3:hr>130</ns3:hr>
          </ns3:TrackPointExtension>
        </extensions>
      </trkpt>
      <trkpt lat="59.98805179260671138763427734375" lon="30.3671277500689029693603515625">
        <ele>-6.80000019073486328125</ele>
        <time>2025-06-06T07:26:19.000Z</time>
        <extensions>
          <ns3:TrackPointExtension>
            <ns3:atemp>24.0</ns3:atemp>
            <ns3:hr>131</ns3:hr>
          </ns3:TrackPointExtension>
        </extensions>
      </trkpt>
      <trkpt lat="59.98785431496798992156982421875" lon="30.36671854555606842041015625">
        <ele>-7.599999904632568359375</ele>
        <time>2025-06-06T07:26:23.000Z</time>
        <extensions>
          <ns3:TrackPointExtension>
            <ns3:atemp>24.0</ns3:atemp>
            <ns3:hr>135</ns3:hr>
          </ns3:TrackPointExtension>
        </extensions>
      </trkpt>
      <trkpt lat="59.98780637048184871673583984375" lon="30.36664688028395175933837890625">
        <ele>-7.599999904632568359375</ele>
        <time>2025-06-06T07:26:24.000Z</time>
        <extensions>
          <ns3:TrackPointExtension>
            <ns3:atemp>24.0</ns3:atemp>
            <ns3:hr>134</ns3:hr>
          </ns3:TrackPointExtension>
        </extensions>
      </trkpt>
      <trkpt lat="59.9876919575035572052001953125" lon="30.36638368852436542510986328125">
        <ele>-7</ele>
        <time>2025-06-06T07:26:27.000Z</time>
        <extensions>
          <ns3:TrackPointExtension>
            <ns3:atemp>24.0</ns3:atemp>
            <ns3:hr>135</ns3:hr>
          </ns3:TrackPointExtension>
        </extensions>
      </trkpt>
      <trkpt lat="59.9875684082508087158203125" lon="30.36611697636544704437255859375">
        <ele>-6.400000095367431640625</ele>
        <time>2025-06-06T07:26:30.000Z</time>
        <extensions>
          <ns3:TrackPointExtension>
            <ns3:atemp>24.0</ns3:atemp>
            <ns3:hr>134</ns3:hr>
          </ns3:TrackPointExtension>
        </extensions>
      </trkpt>
      <trkpt lat="59.98726238496601581573486328125" lon="30.36553862504661083221435546875">
        <ele>-7</ele>
        <time>2025-06-06T07:26:37.000Z</time>
        <extensions>
          <ns3:TrackPointExtension>
            <ns3:atemp>24.0</ns3:atemp>
            <ns3:hr>135</ns3:hr>
          </ns3:TrackPointExtension>
        </extensions>
      </trkpt>
      <trkpt lat="59.9871377460658550262451171875" lon="30.36537970416247844696044921875">
        <ele>-7.19999980926513671875</ele>
        <time>2025-06-06T07:26:40.000Z</time>
        <extensions>
          <ns3:TrackPointExtension>
            <ns3:atemp>24.0</ns3:atemp>
            <ns3:hr>134</ns3:hr>
          </ns3:TrackPointExtension>
        </extensions>
      </trkpt>
      <trkpt lat="59.98708267696201801300048828125" lon="30.3653548099100589752197265625">
        <ele>-6.80000019073486328125</ele>
        <time>2025-06-06T07:26:41.000Z</time>
        <extensions>
          <ns3:TrackPointExtension>
            <ns3:atemp>24.0</ns3:atemp>
            <ns3:hr>133</ns3:hr>
          </ns3:TrackPointExtension>
        </extensions>
      </trkpt>
      <trkpt lat="59.9869493208825588226318359375" lon="30.36525070667266845703125">
        <ele>-5.599999904632568359375</ele>
        <time>2025-06-06T07:26:44.000Z</time>
        <extensions>
          <ns3:TrackPointExtension>
            <ns3:atemp>24.0</ns3:atemp>
            <ns3:hr>131</ns3:hr>
          </ns3:TrackPointExtension>
        </extensions>
      </trkpt>
      <trkpt lat="59.98679836280643939971923828125" lon="30.36513143219053745269775390625">
        <ele>-5.400000095367431640625</ele>
        <time>2025-06-06T07:26:47.000Z</time>
        <extensions>
          <ns3:TrackPointExtension>
            <ns3:atemp>24.0</ns3:atemp>
            <ns3:hr>131</ns3:hr>
          </ns3:TrackPointExtension>
        </extensions>
      </trkpt>
      <trkpt lat="59.98646710999310016632080078125" lon="30.364945940673351287841796875">
        <ele>-6.599999904632568359375</ele>
        <time>2025-06-06T07:26:53.000Z</time>
        <extensions>
          <ns3:TrackPointExtension>
            <ns3:atemp>24.0</ns3:atemp>
            <ns3:hr>132</ns3:hr>
          </ns3:TrackPointExtension>
        </extensions>
      </trkpt>
      <trkpt lat="59.9863649345934391021728515625" lon="30.3648834116756916046142578125">
        <ele>-6.400000095367431640625</ele>
        <time>2025-06-06T07:26:55.000Z</time>
        <extensions>
          <ns3:TrackPointExtension>
            <ns3:atemp>24.0</ns3:atemp>
            <ns3:hr>133</ns3:hr>
          </ns3:TrackPointExtension>
        </extensions>
      </trkpt>
      <trkpt lat="59.986270554363727569580078125" lon="30.3648190386593341827392578125">
        <ele>-6.19999980926513671875</ele>
        <time>2025-06-06T07:26:57.000Z</time>
        <extensions>
          <ns3:TrackPointExtension>
            <ns3:atemp>24.0</ns3:atemp>
            <ns3:hr>137</ns3:hr>
          </ns3:TrackPointExtension>
        </extensions>
      </trkpt>
      <trkpt lat="59.98596251942217350006103515625" lon="30.3646161966025829315185546875">
        <ele>-7</ele>
        <time>2025-06-06T07:27:03.000Z</time>
        <extensions>
          <ns3:TrackPointExtension>
            <ns3:atemp>24.0</ns3:atemp>
            <ns3:hr>136</ns3:hr>
          </ns3:TrackPointExtension>
        </extensions>
      </trkpt>
      <trkpt lat="59.9858920276165008544921875" lon="30.364491641521453857421875">
        <ele>-7.599999904632568359375</ele>
        <time>2025-06-06T07:27:05.000Z</time>
        <extensions>
          <ns3:TrackPointExtension>
            <ns3:atemp>24.0</ns3:atemp>
            <ns3:hr>134</ns3:hr>
          </ns3:TrackPointExtension>
        </extensions>
      </trkpt>
      <trkpt lat="59.98587467707693576812744140625" lon="30.36440187133848667144775390625">
        <ele>-7.80000019073486328125</ele>
        <time>2025-06-06T07:27:06.000Z</time>
        <extensions>
          <ns3:TrackPointExtension>
            <ns3:atemp>24.0</ns3:atemp>
            <ns3:hr>136</ns3:hr>
          </ns3:TrackPointExtension>
        </extensions>
      </trkpt>
      <trkpt lat="59.9858643673360347747802734375" lon="30.36430045031011104583740234375">
        <ele>-7.80000019073486328125</ele>
        <time>2025-06-06T07:27:07.000Z</time>
        <extensions>
          <ns3:TrackPointExtension>
            <ns3:atemp>24.0</ns3:atemp>
            <ns3:hr>135</ns3:hr>
          </ns3:TrackPointExtension>
        </extensions>
      </trkpt>
      <trkpt lat="59.98587266542017459869384765625" lon="30.36416240036487579345703125">
        <ele>-7.80000019073486328125</ele>
        <time>2025-06-06T07:27:09.000Z</time>
        <extensions>
          <ns3:TrackPointExtension>
            <ns3:atemp>24.0</ns3:atemp>
            <ns3:hr>136</ns3:hr>
          </ns3:TrackPointExtension>
        </extensions>
      </trkpt>
      <trkpt lat="59.98587937094271183013916015625" lon="30.36408637650310993194580078125">
        <ele>-7.599999904632568359375</ele>
        <time>2025-06-06T07:27:10.000Z</time>
        <extensions>
          <ns3:TrackPointExtension>
            <ns3:atemp>24.0</ns3:atemp>
            <ns3:hr>134</ns3:hr>
          </ns3:TrackPointExtension>
        </extensions>
      </trkpt>
      <trkpt lat="59.98590921051800251007080078125" lon="30.363926701247692108154296875">
        <ele>-7.80000019073486328125</ele>
        <time>2025-06-06T07:27:12.000Z</time>
        <extensions>
          <ns3:TrackPointExtension>
            <ns3:atemp>24.0</ns3:atemp>
            <ns3:hr>133</ns3:hr>
          </ns3:TrackPointExtension>
        </extensions>
      </trkpt>
      <trkpt lat="59.98595011420547962188720703125" lon="30.36376652307808399200439453125">
        <ele>-7.80000019073486328125</ele>
        <time>2025-06-06T07:27:14.000Z</time>
        <extensions>
          <ns3:TrackPointExtension>
            <ns3:atemp>24.0</ns3:atemp>
            <ns3:hr>132</ns3:hr>
          </ns3:TrackPointExtension>
        </extensions>
      </trkpt>
      <trkpt lat="59.98607936315238475799560546875" lon="30.3634051792323589324951171875">
        <ele>-7.80000019073486328125</ele>
        <time>2025-06-06T07:27:19.000Z</time>
        <extensions>
          <ns3:TrackPointExtension>
            <ns3:atemp>24.0</ns3:atemp>
            <ns3:hr>129</ns3:hr>
          </ns3:TrackPointExtension>
        </extensions>
      </trkpt>
      <trkpt lat="59.986159242689609527587890625" lon="30.36306462250649929046630859375">
        <ele>-7.80000019073486328125</ele>
        <time>2025-06-06T07:27:23.000Z</time>
        <extensions>
          <ns3:TrackPointExtension>
            <ns3:atemp>24.0</ns3:atemp>
            <ns3:hr>127</ns3:hr>
          </ns3:TrackPointExtension>
        </extensions>
      </trkpt>
      <trkpt lat="59.98622604645788669586181640625" lon="30.36278902553021907806396484375">
        <ele>-7.599999904632568359375</ele>
        <time>2025-06-06T07:27:26.000Z</time>
        <extensions>
          <ns3:TrackPointExtension>
            <ns3:atemp>24.0</ns3:atemp>
            <ns3:hr>124</ns3:hr>
          </ns3:TrackPointExtension>
        </extensions>
      </trkpt>
      <trkpt lat="59.98628471978008747100830078125" lon="30.36253320984542369842529296875">
        <ele>-7.599999904632568359375</ele>
        <time>2025-06-06T07:27:29.000Z</time>
        <extensions>
          <ns3:TrackPointExtension>
            <ns3:atemp>24.0</ns3:atemp>
            <ns3:hr>121</ns3:hr>
          </ns3:TrackPointExtension>
        </extensions>
      </trkpt>
      <trkpt lat="59.98630064539611339569091796875" lon="30.3624389134347438812255859375">
        <ele>-7.599999904632568359375</ele>
        <time>2025-06-06T07:27:30.000Z</time>
        <extensions>
          <ns3:TrackPointExtension>
            <ns3:atemp>24.0</ns3:atemp>
            <ns3:hr>120</ns3:hr>
          </ns3:TrackPointExtension>
        </extensions>
      </trkpt>
      <trkpt lat="59.986371137201786041259765625" lon="30.36205795593559741973876953125">
        <ele>-8.19999980926513671875</ele>
        <time>2025-06-06T07:27:35.000Z</time>
        <extensions>
          <ns3:TrackPointExtension>
            <ns3:atemp>24.0</ns3:atemp>
            <ns3:hr>116</ns3:hr>
          </ns3:TrackPointExtension>
        </extensions>
      </trkpt>
      <trkpt lat="59.9863967858254909515380859375" lon="30.361899621784687042236328125">
        <ele>-8.19999980926513671875</ele>
        <time>2025-06-06T07:27:37.000Z</time>
        <extensions>
          <ns3:TrackPointExtension>
            <ns3:atemp>24.0</ns3:atemp>
            <ns3:hr>118</ns3:hr>
          </ns3:TrackPointExtension>
        </extensions>
      </trkpt>
      <trkpt lat="59.9865325726568698883056640625" lon="30.36127475090324878692626953125">
        <ele>-8</ele>
        <time>2025-06-06T07:27:45.000Z</time>
        <extensions>
          <ns3:TrackPointExtension>
            <ns3:atemp>24.0</ns3:atemp>
            <ns3:hr>121</ns3:hr>
          </ns3:TrackPointExtension>
        </extensions>
      </trkpt>
      <trkpt lat="59.98657129704952239990234375" lon="30.36110476590692996978759765625">
        <ele>-8.3999996185302734375</ele>
        <time>2025-06-06T07:27:47.000Z</time>
        <extensions>
          <ns3:TrackPointExtension>
            <ns3:atemp>24.0</ns3:atemp>
            <ns3:hr>122</ns3:hr>
          </ns3:TrackPointExtension>
        </extensions>
      </trkpt>
      <trkpt lat="59.9866220913827419281005859375" lon="30.36080586723983287811279296875">
        <ele>-8.19999980926513671875</ele>
        <time>2025-06-06T07:27:51.000Z</time>
        <extensions>
          <ns3:TrackPointExtension>
            <ns3:atemp>24.0</ns3:atemp>
            <ns3:hr>125</ns3:hr>
          </ns3:TrackPointExtension>
        </extensions>
      </trkpt>
      <trkpt lat="59.9866349995136260986328125" lon="30.3607377223670482635498046875">
        <ele>-8.19999980926513671875</ele>
        <time>2025-06-06T07:27:52.000Z</time>
        <extensions>
          <ns3:TrackPointExtension>
            <ns3:atemp>24.0</ns3:atemp>
            <ns3:hr>126</ns3:hr>
          </ns3:TrackPointExtension>
        </extensions>
      </trkpt>
      <trkpt lat="59.9866712093353271484375" lon="30.36048886366188526153564453125">
        <ele>-8</ele>
        <time>2025-06-06T07:27:55.000Z</time>
        <extensions>
          <ns3:TrackPointExtension>
            <ns3:atemp>24.0</ns3:atemp>
            <ns3:hr>128</ns3:hr>
          </ns3:TrackPointExtension>
        </extensions>
      </trkpt>
      <trkpt lat="59.986687637865543365478515625" lon="30.3603457845747470855712890625">
        <ele>-8</ele>
        <time>2025-06-06T07:27:57.000Z</time>
        <extensions>
          <ns3:TrackPointExtension>
            <ns3:atemp>24.0</ns3:atemp>
            <ns3:hr>129</ns3:hr>
          </ns3:TrackPointExtension>
        </extensions>
      </trkpt>
      <trkpt lat="59.98675595037639141082763671875" lon="30.35986240021884441375732421875">
        <ele>-7</ele>
        <time>2025-06-06T07:28:05.000Z</time>
        <extensions>
          <ns3:TrackPointExtension>
            <ns3:atemp>23.0</ns3:atemp>
            <ns3:hr>129</ns3:hr>
          </ns3:TrackPointExtension>
        </extensions>
      </trkpt>
      <trkpt lat="59.98682803474366664886474609375" lon="30.3595679439604282379150390625">
        <ele>-7.599999904632568359375</ele>
        <time>2025-06-06T07:28:10.000Z</time>
        <extensions>
          <ns3:TrackPointExtension>
            <ns3:atemp>23.0</ns3:atemp>
            <ns3:hr>128</ns3:hr>
          </ns3:TrackPointExtension>
        </extensions>
      </trkpt>
      <trkpt lat="59.9868698604404926300048828125" lon="30.35925487987697124481201171875">
        <ele>-7.80000019073486328125</ele>
        <time>2025-06-06T07:28:14.000Z</time>
        <extensions>
          <ns3:TrackPointExtension>
            <ns3:atemp>23.0</ns3:atemp>
            <ns3:hr>125</ns3:hr>
          </ns3:TrackPointExtension>
        </extensions>
      </trkpt>
      <trkpt lat="59.986886791884899139404296875" lon="30.3591163270175457000732421875">
        <ele>-8</ele>
        <time>2025-06-06T07:28:16.000Z</time>
        <extensions>
          <ns3:TrackPointExtension>
            <ns3:atemp>23.0</ns3:atemp>
            <ns3:hr>125</ns3:hr>
          </ns3:TrackPointExtension>
        </extensions>
      </trkpt>
      <trkpt lat="59.98688151128590106964111328125" lon="30.35874903202056884765625">
        <ele>-8.19999980926513671875</ele>
        <time>2025-06-06T07:28:21.000Z</time>
        <extensions>
          <ns3:TrackPointExtension>
            <ns3:atemp>23.0</ns3:atemp>
            <ns3:hr>122</ns3:hr>
          </ns3:TrackPointExtension>
        </extensions>
      </trkpt>
      <trkpt lat="59.9868504144251346588134765625" lon="30.358501933515071868896484375">
        <ele>-7.400000095367431640625</ele>
        <time>2025-06-06T07:28:27.000Z</time>
        <extensions>
          <ns3:TrackPointExtension>
            <ns3:atemp>23.0</ns3:atemp>
            <ns3:hr>121</ns3:hr>
          </ns3:TrackPointExtension>
        </extensions>
      </trkpt>
      <trkpt lat="59.98685737140476703643798828125" lon="30.35812835209071636199951171875">
        <ele>-7.400000095367431640625</ele>
        <time>2025-06-06T07:28:32.000Z</time>
        <extensions>
          <ns3:TrackPointExtension>
            <ns3:atemp>23.0</ns3:atemp>
            <ns3:hr>116</ns3:hr>
          </ns3:TrackPointExtension>
        </extensions>
      </trkpt>
      <trkpt lat="59.98685829341411590576171875" lon="30.3580343909561634063720703125">
        <ele>-7.400000095367431640625</ele>
        <time>2025-06-06T07:28:33.000Z</time>
        <extensions>
          <ns3:TrackPointExtension>
            <ns3:atemp>23.0</ns3:atemp>
            <ns3:hr>111</ns3:hr>
          </ns3:TrackPointExtension>
        </extensions>
      </trkpt>
      <trkpt lat="59.98686365783214569091796875" lon="30.35794411785900592803955078125">
        <ele>-7.400000095367431640625</ele>
        <time>2025-06-06T07:28:34.000Z</time>
        <extensions>
          <ns3:TrackPointExtension>
            <ns3:atemp>23.0</ns3:atemp>
            <ns3:hr>106</ns3:hr>
          </ns3:TrackPointExtension>
        </extensions>
      </trkpt>
      <trkpt lat="59.98688536696135997772216796875" lon="30.35777631215751171112060546875">
        <ele>-8</ele>
        <time>2025-06-06T07:28:36.000Z</time>
        <extensions>
          <ns3:TrackPointExtension>
            <ns3:atemp>23.0</ns3:atemp>
            <ns3:hr>103</ns3:hr>
          </ns3:TrackPointExtension>
        </extensions>
      </trkpt>
      <trkpt lat="59.9869231693446636199951171875" lon="30.3576374240219593048095703125">
        <ele>-8.80000019073486328125</ele>
        <time>2025-06-06T07:28:38.000Z</time>
        <extensions>
          <ns3:TrackPointExtension>
            <ns3:atemp>23.0</ns3:atemp>
            <ns3:hr>103</ns3:hr>
          </ns3:TrackPointExtension>
        </extensions>
      </trkpt>
      <trkpt lat="59.9869835190474987030029296875" lon="30.357368029654026031494140625">
        <ele>-9.19999980926513671875</ele>
        <time>2025-06-06T07:28:42.000Z</time>
        <extensions>
          <ns3:TrackPointExtension>
            <ns3:atemp>23.0</ns3:atemp>
            <ns3:hr>106</ns3:hr>
          </ns3:TrackPointExtension>
        </extensions>
      </trkpt>
      <trkpt lat="59.98699533753097057342529296875" lon="30.357239954173564910888671875">
        <ele>-9.19999980926513671875</ele>
        <time>2025-06-06T07:28:44.000Z</time>
        <extensions>
          <ns3:TrackPointExtension>
            <ns3:atemp>23.0</ns3:atemp>
            <ns3:hr>103</ns3:hr>
          </ns3:TrackPointExtension>
        </extensions>
      </trkpt>
      <trkpt lat="59.987002797424793243408203125" lon="30.35717390477657318115234375">
        <ele>-9.19999980926513671875</ele>
        <time>2025-06-06T07:28:45.000Z</time>
        <extensions>
          <ns3:TrackPointExtension>
            <ns3:atemp>23.0</ns3:atemp>
            <ns3:hr>106</ns3:hr>
          </ns3:TrackPointExtension>
        </extensions>
      </trkpt>
      <trkpt lat="59.98701210133731365203857421875" lon="30.357074998319149017333984375">
        <ele>-8.80000019073486328125</ele>
        <time>2025-06-06T07:28:48.000Z</time>
        <extensions>
          <ns3:TrackPointExtension>
            <ns3:atemp>23.0</ns3:atemp>
            <ns3:hr>108</ns3:hr>
          </ns3:TrackPointExtension>
        </extensions>
      </trkpt>
      <trkpt lat="59.9870133586227893829345703125" lon="30.35706619732081890106201171875">
        <ele>-8.80000019073486328125</ele>
        <time>2025-06-06T07:28:49.000Z</time>
        <extensions>
          <ns3:TrackPointExtension>
            <ns3:atemp>23.0</ns3:atemp>
            <ns3:hr>112</ns3:hr>
          </ns3:TrackPointExtension>
        </extensions>
      </trkpt>
      <trkpt lat="59.9870131909847259521484375" lon="30.35706317983567714691162109375">
        <ele>-8.80000019073486328125</ele>
        <time>2025-06-06T07:28:50.000Z</time>
        <extensions>
          <ns3:TrackPointExtension>
            <ns3:atemp>23.0</ns3:atemp>
            <ns3:hr>112</ns3:hr>
          </ns3:TrackPointExtension>
        </extensions>
      </trkpt>
      <trkpt lat="59.98701293952763080596923828125" lon="30.3570573963224887847900390625">
        <ele>-8.6000003814697265625</ele>
        <time>2025-06-06T07:28:51.000Z</time>
        <extensions>
          <ns3:TrackPointExtension>
            <ns3:atemp>23.0</ns3:atemp>
            <ns3:hr>115</ns3:hr>
          </ns3:TrackPointExtension>
        </extensions>
      </trkpt>
      <trkpt lat="59.98701159842312335968017578125" lon="30.35703786648809909820556640625">
        <ele>-8.3999996185302734375</ele>
        <time>2025-06-06T07:28:55.000Z</time>
        <extensions>
          <ns3:TrackPointExtension>
            <ns3:atemp>23.0</ns3:atemp>
            <ns3:hr>115</ns3:hr>
          </ns3:TrackPointExtension>
        </extensions>
      </trkpt>
      <trkpt lat="59.98701495118439197540283203125" lon="30.3570402972400188446044921875">
        <ele>-8.3999996185302734375</ele>
        <time>2025-06-06T07:29:00.000Z</time>
        <extensions>
          <ns3:TrackPointExtension>
            <ns3:atemp>23.0</ns3:atemp>
            <ns3:hr>111</ns3:hr>
          </ns3:TrackPointExtension>
        </extensions>
      </trkpt>
      <trkpt lat="59.98702551238238811492919921875" lon="30.35704691894352436065673828125">
        <ele>-9</ele>
        <time>2025-06-06T07:29:06.000Z</time>
        <extensions>
          <ns3:TrackPointExtension>
            <ns3:atemp>23.0</ns3:atemp>
            <ns3:hr>113</ns3:hr>
          </ns3:TrackPointExtension>
        </extensions>
      </trkpt>
      <trkpt lat="59.98702936805784702301025390625" lon="30.3570604138076305389404296875">
        <ele>-9.19999980926513671875</ele>
        <time>2025-06-06T07:29:08.000Z</time>
        <extensions>
          <ns3:TrackPointExtension>
            <ns3:atemp>23.0</ns3:atemp>
            <ns3:hr>110</ns3:hr>
          </ns3:TrackPointExtension>
        </extensions>
      </trkpt>
      <trkpt lat="59.98703339137136936187744140625" lon="30.35706527531147003173828125">
        <ele>-9.6000003814697265625</ele>
        <time>2025-06-06T07:29:13.000Z</time>
        <extensions>
          <ns3:TrackPointExtension>
            <ns3:atemp>23.0</ns3:atemp>
            <ns3:hr>107</ns3:hr>
          </ns3:TrackPointExtension>
        </extensions>
      </trkpt>
      <trkpt lat="59.98703741468489170074462890625" lon="30.35707893781363964080810546875">
        <ele>-9.6000003814697265625</ele>
        <time>2025-06-06T07:29:17.000Z</time>
        <extensions>
          <ns3:TrackPointExtension>
            <ns3:atemp>23.0</ns3:atemp>
            <ns3:hr>112</ns3:hr>
          </ns3:TrackPointExtension>
        </extensions>
      </trkpt>
      <trkpt lat="59.98703825287520885467529296875" lon="30.35708078183233737945556640625">
        <ele>-9.6000003814697265625</ele>
        <time>2025-06-06T07:29:18.000Z</time>
        <extensions>
          <ns3:TrackPointExtension>
            <ns3:atemp>23.0</ns3:atemp>
            <ns3:hr>113</ns3:hr>
          </ns3:TrackPointExtension>
        </extensions>
      </trkpt>
      <trkpt lat="59.98704160563647747039794921875" lon="30.35708346404135227203369140625">
        <ele>-9.80000019073486328125</ele>
        <time>2025-06-06T07:29:21.000Z</time>
        <extensions>
          <ns3:TrackPointExtension>
            <ns3:atemp>23.0</ns3:atemp>
            <ns3:hr>115</ns3:hr>
          </ns3:TrackPointExtension>
        </extensions>
      </trkpt>
      <trkpt lat="59.9870435334742069244384765625" lon="30.35708329640328884124755859375">
        <ele>-10.19999980926513671875</ele>
        <time>2025-06-06T07:29:23.000Z</time>
        <extensions>
          <ns3:TrackPointExtension>
            <ns3:atemp>23.0</ns3:atemp>
            <ns3:hr>118</ns3:hr>
          </ns3:TrackPointExtension>
        </extensions>
      </trkpt>
      <trkpt lat="59.9870488978922367095947265625" lon="30.3571016527712345123291015625">
        <ele>-10.6000003814697265625</ele>
        <time>2025-06-06T07:29:28.000Z</time>
        <extensions>
          <ns3:TrackPointExtension>
            <ns3:atemp>23.0</ns3:atemp>
            <ns3:hr>118</ns3:hr>
          </ns3:TrackPointExtension>
        </extensions>
      </trkpt>
      <trkpt lat="59.9870492331683635711669921875" lon="30.35710291005671024322509765625">
        <ele>-10.80000019073486328125</ele>
        <time>2025-06-06T07:29:30.000Z</time>
        <extensions>
          <ns3:TrackPointExtension>
            <ns3:atemp>24.0</ns3:atemp>
            <ns3:hr>118</ns3:hr>
          </ns3:TrackPointExtension>
        </extensions>
      </trkpt>
      <trkpt lat="59.98704965226352214813232421875" lon="30.35710810683667659759521484375">
        <ele>-11</ele>
        <time>2025-06-06T07:29:37.000Z</time>
        <extensions>
          <ns3:TrackPointExtension>
            <ns3:atemp>24.0</ns3:atemp>
            <ns3:hr>113</ns3:hr>
          </ns3:TrackPointExtension>
        </extensions>
      </trkpt>
      <trkpt lat="59.98704730533063411712646484375" lon="30.35711699165403842926025390625">
        <ele>-10.80000019073486328125</ele>
        <time>2025-06-06T07:29:40.000Z</time>
        <extensions>
          <ns3:TrackPointExtension>
            <ns3:atemp>24.0</ns3:atemp>
            <ns3:hr>115</ns3:hr>
          </ns3:TrackPointExtension>
        </extensions>
      </trkpt>
      <trkpt lat="59.9870438687503337860107421875" lon="30.35712855868041515350341796875">
        <ele>-11</ele>
        <time>2025-06-06T07:29:43.000Z</time>
        <extensions>
          <ns3:TrackPointExtension>
            <ns3:atemp>24.0</ns3:atemp>
            <ns3:hr>112</ns3:hr>
          </ns3:TrackPointExtension>
        </extensions>
      </trkpt>
      <trkpt lat="59.98704873025417327880859375" lon="30.35714414902031421661376953125">
        <ele>-11.3999996185302734375</ele>
        <time>2025-06-06T07:29:46.000Z</time>
        <extensions>
          <ns3:TrackPointExtension>
            <ns3:atemp>24.0</ns3:atemp>
            <ns3:hr>109</ns3:hr>
          </ns3:TrackPointExtension>
        </extensions>
      </trkpt>
      <trkpt lat="59.9870539270341396331787109375" lon="30.357150100171566009521484375">
        <ele>-11.3999996185302734375</ele>
        <time>2025-06-06T07:29:47.000Z</time>
        <extensions>
          <ns3:TrackPointExtension>
            <ns3:atemp>24.0</ns3:atemp>
            <ns3:hr>112</ns3:hr>
          </ns3:TrackPointExtension>
        </extensions>
      </trkpt>
      <trkpt lat="59.98705937527120113372802734375" lon="30.357152782380580902099609375">
        <ele>-11.80000019073486328125</ele>
        <time>2025-06-06T07:29:50.000Z</time>
        <extensions>
          <ns3:TrackPointExtension>
            <ns3:atemp>24.0</ns3:atemp>
            <ns3:hr>111</ns3:hr>
          </ns3:TrackPointExtension>
        </extensions>
      </trkpt>
      <trkpt lat="59.98705954290926456451416015625" lon="30.3571586497128009796142578125">
        <ele>-12</ele>
        <time>2025-06-06T07:29:51.000Z</time>
        <extensions>
          <ns3:TrackPointExtension>
            <ns3:atemp>24.0</ns3:atemp>
            <ns3:hr>111</ns3:hr>
          </ns3:TrackPointExtension>
        </extensions>
      </trkpt>
      <trkpt lat="59.987075217068195343017578125" lon="30.35716275684535503387451171875">
        <ele>-12.3999996185302734375</ele>
        <time>2025-06-06T07:29:55.000Z</time>
        <extensions>
          <ns3:TrackPointExtension>
            <ns3:atemp>24.0</ns3:atemp>
            <ns3:hr>108</ns3:hr>
          </ns3:TrackPointExtension>
        </extensions>
      </trkpt>
      <trkpt lat="59.98707949183881282806396484375" lon="30.35719075240194797515869140625">
        <ele>-12.6000003814697265625</ele>
        <time>2025-06-06T07:29:58.000Z</time>
        <extensions>
          <ns3:TrackPointExtension>
            <ns3:atemp>24.0</ns3:atemp>
            <ns3:hr>110</ns3:hr>
          </ns3:TrackPointExtension>
        </extensions>
      </trkpt>
      <trkpt lat="59.987083934247493743896484375" lon="30.3571965359151363372802734375">
        <ele>-12.6000003814697265625</ele>
        <time>2025-06-06T07:30:00.000Z</time>
        <extensions>
          <ns3:TrackPointExtension>
            <ns3:atemp>24.0</ns3:atemp>
            <ns3:hr>107</ns3:hr>
          </ns3:TrackPointExtension>
        </extensions>
      </trkpt>
      <trkpt lat="59.987082593142986297607421875" lon="30.35714867524802684783935546875">
        <ele>-12.6000003814697265625</ele>
        <time>2025-06-06T07:30:02.000Z</time>
        <extensions>
          <ns3:TrackPointExtension>
            <ns3:atemp>24.0</ns3:atemp>
            <ns3:hr>105</ns3:hr>
          </ns3:TrackPointExtension>
        </extensions>
      </trkpt>
      <trkpt lat="59.987046718597412109375" lon="30.35705060698091983795166015625">
        <ele>-12.80000019073486328125</ele>
        <time>2025-06-06T07:30:04.000Z</time>
        <extensions>
          <ns3:TrackPointExtension>
            <ns3:atemp>24.0</ns3:atemp>
            <ns3:hr>106</ns3:hr>
          </ns3:TrackPointExtension>
        </extensions>
      </trkpt>
      <trkpt lat="59.98701989650726318359375" lon="30.3569789417088031768798828125">
        <ele>-13.19999980926513671875</ele>
        <time>2025-06-06T07:30:05.000Z</time>
        <extensions>
          <ns3:TrackPointExtension>
            <ns3:atemp>24.0</ns3:atemp>
            <ns3:hr>106</ns3:hr>
          </ns3:TrackPointExtension>
        </extensions>
      </trkpt>
      <trkpt lat="59.98693875968456268310546875" lon="30.35681390203535556793212890625">
        <ele>-13.19999980926513671875</ele>
        <time>2025-06-06T07:30:09.000Z</time>
        <extensions>
          <ns3:TrackPointExtension>
            <ns3:atemp>24.0</ns3:atemp>
            <ns3:hr>106</ns3:hr>
          </ns3:TrackPointExtension>
        </extensions>
      </trkpt>
      <trkpt lat="59.9869087524712085723876953125" lon="30.35674475133419036865234375">
        <ele>-13.19999980926513671875</ele>
        <time>2025-06-06T07:30:12.000Z</time>
        <extensions>
          <ns3:TrackPointExtension>
            <ns3:atemp>24.0</ns3:atemp>
            <ns3:hr>105</ns3:hr>
          </ns3:TrackPointExtension>
        </extensions>
      </trkpt>
      <trkpt lat="59.9868923239409923553466796875" lon="30.3566671349108219146728515625">
        <ele>-12.80000019073486328125</ele>
        <time>2025-06-06T07:30:15.000Z</time>
        <extensions>
          <ns3:TrackPointExtension>
            <ns3:atemp>24.0</ns3:atemp>
            <ns3:hr>103</ns3:hr>
          </ns3:TrackPointExtension>
        </extensions>
      </trkpt>
      <trkpt lat="59.9868737161159515380859375" lon="30.35658373497426509857177734375">
        <ele>-12.80000019073486328125</ele>
        <time>2025-06-06T07:30:17.000Z</time>
        <extensions>
          <ns3:TrackPointExtension>
            <ns3:atemp>24.0</ns3:atemp>
            <ns3:hr>106</ns3:hr>
          </ns3:TrackPointExtension>
        </extensions>
      </trkpt>
      <trkpt lat="59.98686508275568485260009765625" lon="30.35650846548378467559814453125">
        <ele>-12.80000019073486328125</ele>
        <time>2025-06-06T07:30:18.000Z</time>
        <extensions>
          <ns3:TrackPointExtension>
            <ns3:atemp>24.0</ns3:atemp>
            <ns3:hr>109</ns3:hr>
          </ns3:TrackPointExtension>
        </extensions>
      </trkpt>
      <trkpt lat="59.98685502447187900543212890625" lon="30.35642263479530811309814453125">
        <ele>-13.19999980926513671875</ele>
        <time>2025-06-06T07:30:19.000Z</time>
        <extensions>
          <ns3:TrackPointExtension>
            <ns3:atemp>24.0</ns3:atemp>
            <ns3:hr>110</ns3:hr>
          </ns3:TrackPointExtension>
        </extensions>
      </trkpt>
      <trkpt lat="59.98684111051261425018310546875" lon="30.35624317824840545654296875">
        <ele>-14</ele>
        <time>2025-06-06T07:30:21.000Z</time>
        <extensions>
          <ns3:TrackPointExtension>
            <ns3:atemp>24.0</ns3:atemp>
            <ns3:hr>114</ns3:hr>
          </ns3:TrackPointExtension>
        </extensions>
      </trkpt>
      <trkpt lat="59.98684278689324855804443359375" lon="30.35614871419966220855712890625">
        <ele>-14.3999996185302734375</ele>
        <time>2025-06-06T07:30:22.000Z</time>
        <extensions>
          <ns3:TrackPointExtension>
            <ns3:atemp>24.0</ns3:atemp>
            <ns3:hr>114</ns3:hr>
          </ns3:TrackPointExtension>
        </extensions>
      </trkpt>
      <trkpt lat="59.9868524260818958282470703125" lon="30.3559556789696216583251953125">
        <ele>-14.6000003814697265625</ele>
        <time>2025-06-06T07:30:24.000Z</time>
        <extensions>
          <ns3:TrackPointExtension>
            <ns3:atemp>24.0</ns3:atemp>
            <ns3:hr>118</ns3:hr>
          </ns3:TrackPointExtension>
        </extensions>
      </trkpt>
      <trkpt lat="59.98684966005384922027587890625" lon="30.35585551522672176361083984375">
        <ele>-14.6000003814697265625</ele>
        <time>2025-06-06T07:30:25.000Z</time>
        <extensions>
          <ns3:TrackPointExtension>
            <ns3:atemp>24.0</ns3:atemp>
            <ns3:hr>117</ns3:hr>
          </ns3:TrackPointExtension>
        </extensions>
      </trkpt>
      <trkpt lat="59.98684379272162914276123046875" lon="30.35574101842939853668212890625">
        <ele>-14.80000019073486328125</ele>
        <time>2025-06-06T07:30:26.000Z</time>
        <extensions>
          <ns3:TrackPointExtension>
            <ns3:atemp>24.0</ns3:atemp>
            <ns3:hr>116</ns3:hr>
          </ns3:TrackPointExtension>
        </extensions>
      </trkpt>
      <trkpt lat="59.98682049103081226348876953125" lon="30.35547128878533840179443359375">
        <ele>-14.80000019073486328125</ele>
        <time>2025-06-06T07:30:28.000Z</time>
        <extensions>
          <ns3:TrackPointExtension>
            <ns3:atemp>24.0</ns3:atemp>
            <ns3:hr>115</ns3:hr>
          </ns3:TrackPointExtension>
        </extensions>
      </trkpt>
      <trkpt lat="59.98678495176136493682861328125" lon="30.35520575009286403656005859375">
        <ele>-15</ele>
        <time>2025-06-06T07:30:30.000Z</time>
        <extensions>
          <ns3:TrackPointExtension>
            <ns3:atemp>24.0</ns3:atemp>
            <ns3:hr>113</ns3:hr>
          </ns3:TrackPointExtension>
        </extensions>
      </trkpt>
      <trkpt lat="59.9866365082561969757080078125" lon="30.35446085035800933837890625">
        <ele>-15.19999980926513671875</ele>
        <time>2025-06-06T07:30:35.000Z</time>
        <extensions>
          <ns3:TrackPointExtension>
            <ns3:atemp>24.0</ns3:atemp>
            <ns3:hr>113</ns3:hr>
          </ns3:TrackPointExtension>
        </extensions>
      </trkpt>
      <trkpt lat="59.98654053546488285064697265625" lon="30.35403714515268802642822265625">
        <ele>-14.80000019073486328125</ele>
        <time>2025-06-06T07:30:39.000Z</time>
        <extensions>
          <ns3:TrackPointExtension>
            <ns3:atemp>24.0</ns3:atemp>
            <ns3:hr>111</ns3:hr>
          </ns3:TrackPointExtension>
        </extensions>
      </trkpt>
      <trkpt lat="59.986507929861545562744140625" lon="30.3538333810865879058837890625">
        <ele>-14.3999996185302734375</ele>
        <time>2025-06-06T07:30:41.000Z</time>
        <extensions>
          <ns3:TrackPointExtension>
            <ns3:atemp>24.0</ns3:atemp>
            <ns3:hr>114</ns3:hr>
          </ns3:TrackPointExtension>
        </extensions>
      </trkpt>
      <trkpt lat="59.98648957349359989166259765625" lon="30.35371930338442325592041015625">
        <ele>-14.3999996185302734375</ele>
        <time>2025-06-06T07:30:42.000Z</time>
        <extensions>
          <ns3:TrackPointExtension>
            <ns3:atemp>24.0</ns3:atemp>
            <ns3:hr>118</ns3:hr>
          </ns3:TrackPointExtension>
        </extensions>
      </trkpt>
      <trkpt lat="59.98647968284785747528076171875" lon="30.35361704416573047637939453125">
        <ele>-14.6000003814697265625</ele>
        <time>2025-06-06T07:30:43.000Z</time>
        <extensions>
          <ns3:TrackPointExtension>
            <ns3:atemp>24.0</ns3:atemp>
            <ns3:hr>119</ns3:hr>
          </ns3:TrackPointExtension>
        </extensions>
      </trkpt>
      <trkpt lat="59.9864340014755725860595703125" lon="30.35327724181115627288818359375">
        <ele>-15</ele>
        <time>2025-06-06T07:30:46.000Z</time>
        <extensions>
          <ns3:TrackPointExtension>
            <ns3:atemp>24.0</ns3:atemp>
            <ns3:hr>122</ns3:hr>
          </ns3:TrackPointExtension>
        </extensions>
      </trkpt>
      <trkpt lat="59.9864145554602146148681640625" lon="30.35303416661918163299560546875">
        <ele>-15</ele>
        <time>2025-06-06T07:30:48.000Z</time>
        <extensions>
          <ns3:TrackPointExtension>
            <ns3:atemp>24.0</ns3:atemp>
            <ns3:hr>125</ns3:hr>
          </ns3:TrackPointExtension>
        </extensions>
      </trkpt>
      <trkpt lat="59.98640072531998157501220703125" lon="30.35291078500449657440185546875">
        <ele>-15</ele>
        <time>2025-06-06T07:30:49.000Z</time>
        <extensions>
          <ns3:TrackPointExtension>
            <ns3:atemp>24.0</ns3:atemp>
            <ns3:hr>127</ns3:hr>
          </ns3:TrackPointExtension>
        </extensions>
      </trkpt>
      <trkpt lat="59.98639083467423915863037109375" lon="30.35278581082820892333984375">
        <ele>-15</ele>
        <time>2025-06-06T07:30:50.000Z</time>
        <extensions>
          <ns3:TrackPointExtension>
            <ns3:atemp>24.0</ns3:atemp>
            <ns3:hr>132</ns3:hr>
          </ns3:TrackPointExtension>
        </extensions>
      </trkpt>
      <trkpt lat="59.98637725599110126495361328125" lon="30.35266385413706302642822265625">
        <ele>-15.19999980926513671875</ele>
        <time>2025-06-06T07:30:51.000Z</time>
        <extensions>
          <ns3:TrackPointExtension>
            <ns3:atemp>24.0</ns3:atemp>
            <ns3:hr>130</ns3:hr>
          </ns3:TrackPointExtension>
        </extensions>
      </trkpt>
      <trkpt lat="59.986335933208465576171875" lon="30.35230846144258975982666015625">
        <ele>-15.3999996185302734375</ele>
        <time>2025-06-06T07:30:54.000Z</time>
        <extensions>
          <ns3:TrackPointExtension>
            <ns3:atemp>24.0</ns3:atemp>
            <ns3:hr>134</ns3:hr>
          </ns3:TrackPointExtension>
        </extensions>
      </trkpt>
      <trkpt lat="59.98631992377340793609619140625" lon="30.35208030603826045989990234375">
        <ele>-15.6000003814697265625</ele>
        <time>2025-06-06T07:30:56.000Z</time>
        <extensions>
          <ns3:TrackPointExtension>
            <ns3:atemp>24.0</ns3:atemp>
            <ns3:hr>131</ns3:hr>
          </ns3:TrackPointExtension>
        </extensions>
      </trkpt>
      <trkpt lat="59.986243061721324920654296875" lon="30.35142869688570499420166015625">
        <ele>-16.3999996185302734375</ele>
        <time>2025-06-06T07:31:02.000Z</time>
        <extensions>
          <ns3:TrackPointExtension>
            <ns3:atemp>24.0</ns3:atemp>
            <ns3:hr>133</ns3:hr>
          </ns3:TrackPointExtension>
        </extensions>
      </trkpt>
      <trkpt lat="59.9862380325794219970703125" lon="30.351325012743473052978515625">
        <ele>-16.3999996185302734375</ele>
        <time>2025-06-06T07:31:03.000Z</time>
        <extensions>
          <ns3:TrackPointExtension>
            <ns3:atemp>24.0</ns3:atemp>
            <ns3:hr>131</ns3:hr>
          </ns3:TrackPointExtension>
        </extensions>
      </trkpt>
      <trkpt lat="59.98619872145354747772216796875" lon="30.350795947015285491943359375">
        <ele>-16.3999996185302734375</ele>
        <time>2025-06-06T07:31:08.000Z</time>
        <extensions>
          <ns3:TrackPointExtension>
            <ns3:atemp>23.0</ns3:atemp>
            <ns3:hr>125</ns3:hr>
          </ns3:TrackPointExtension>
        </extensions>
      </trkpt>
      <trkpt lat="59.986186735332012176513671875" lon="30.35068823955953121185302734375">
        <ele>-16.3999996185302734375</ele>
        <time>2025-06-06T07:31:09.000Z</time>
        <extensions>
          <ns3:TrackPointExtension>
            <ns3:atemp>23.0</ns3:atemp>
            <ns3:hr>119</ns3:hr>
          </ns3:TrackPointExtension>
        </extensions>
      </trkpt>
      <trkpt lat="59.9861751683056354522705078125" lon="30.350581705570220947265625">
        <ele>-16.3999996185302734375</ele>
        <time>2025-06-06T07:31:10.000Z</time>
        <extensions>
          <ns3:TrackPointExtension>
            <ns3:atemp>23.0</ns3:atemp>
            <ns3:hr>115</ns3:hr>
          </ns3:TrackPointExtension>
        </extensions>
      </trkpt>
      <trkpt lat="59.98615714721381664276123046875" lon="30.35037090070545673370361328125">
        <ele>-16</ele>
        <time>2025-06-06T07:31:12.000Z</time>
        <extensions>
          <ns3:TrackPointExtension>
            <ns3:atemp>23.0</ns3:atemp>
            <ns3:hr>109</ns3:hr>
          </ns3:TrackPointExtension>
        </extensions>
      </trkpt>
      <trkpt lat="59.98614524491131305694580078125" lon="30.35026193596422672271728515625">
        <ele>-16</ele>
        <time>2025-06-06T07:31:13.000Z</time>
        <extensions>
          <ns3:TrackPointExtension>
            <ns3:atemp>23.0</ns3:atemp>
            <ns3:hr>103</ns3:hr>
          </ns3:TrackPointExtension>
        </extensions>
      </trkpt>
      <trkpt lat="59.9861335940659046173095703125" lon="30.35015112720429897308349609375">
        <ele>-16.200000762939453125</ele>
        <time>2025-06-06T07:31:14.000Z</time>
        <extensions>
          <ns3:TrackPointExtension>
            <ns3:atemp>23.0</ns3:atemp>
            <ns3:hr>99</ns3:hr>
          </ns3:TrackPointExtension>
        </extensions>
      </trkpt>
      <trkpt lat="59.98612345196306705474853515625" lon="30.350049622356891632080078125">
        <ele>-16.3999996185302734375</ele>
        <time>2025-06-06T07:31:15.000Z</time>
        <extensions>
          <ns3:TrackPointExtension>
            <ns3:atemp>23.0</ns3:atemp>
            <ns3:hr>94</ns3:hr>
          </ns3:TrackPointExtension>
        </extensions>
      </trkpt>
      <trkpt lat="59.98611356131732463836669921875" lon="30.34994510002434253692626953125">
        <ele>-16.3999996185302734375</ele>
        <time>2025-06-06T07:31:16.000Z</time>
        <extensions>
          <ns3:TrackPointExtension>
            <ns3:atemp>23.0</ns3:atemp>
            <ns3:hr>89</ns3:hr>
          </ns3:TrackPointExtension>
        </extensions>
      </trkpt>
      <trkpt lat="59.98610400594770908355712890625" lon="30.3498432599008083343505859375">
        <ele>-16.200000762939453125</ele>
        <time>2025-06-06T07:31:17.000Z</time>
        <extensions>
          <ns3:TrackPointExtension>
            <ns3:atemp>23.0</ns3:atemp>
            <ns3:hr>85</ns3:hr>
          </ns3:TrackPointExtension>
        </extensions>
      </trkpt>
      <trkpt lat="59.98609310947358608245849609375" lon="30.34974259324371814727783203125">
        <ele>-16</ele>
        <time>2025-06-06T07:31:18.000Z</time>
        <extensions>
          <ns3:TrackPointExtension>
            <ns3:atemp>23.0</ns3:atemp>
            <ns3:hr>84</ns3:hr>
          </ns3:TrackPointExtension>
        </extensions>
      </trkpt>
      <trkpt lat="59.9860574863851070404052734375" lon="30.34934495575726032257080078125">
        <ele>-15.6000003814697265625</ele>
        <time>2025-06-06T07:31:23.000Z</time>
        <extensions>
          <ns3:TrackPointExtension>
            <ns3:atemp>23.0</ns3:atemp>
            <ns3:hr>82</ns3:hr>
          </ns3:TrackPointExtension>
        </extensions>
      </trkpt>
      <trkpt lat="59.98605002649128437042236328125" lon="30.34929131157696247100830078125">
        <ele>-15.3999996185302734375</ele>
        <time>2025-06-06T07:31:24.000Z</time>
        <extensions>
          <ns3:TrackPointExtension>
            <ns3:atemp>23.0</ns3:atemp>
            <ns3:hr>81</ns3:hr>
          </ns3:TrackPointExtension>
        </extensions>
      </trkpt>
      <trkpt lat="59.98600325547158718109130859375" lon="30.34915032796561717987060546875">
        <ele>-15</ele>
        <time>2025-06-06T07:31:28.000Z</time>
        <extensions>
          <ns3:TrackPointExtension>
            <ns3:atemp>23.0</ns3:atemp>
            <ns3:hr>81</ns3:hr>
          </ns3:TrackPointExtension>
        </extensions>
      </trkpt>
      <trkpt lat="59.9859766848385334014892578125" lon="30.3490858711302280426025390625">
        <ele>-15.3999996185302734375</ele>
        <time>2025-06-06T07:31:34.000Z</time>
        <extensions>
          <ns3:TrackPointExtension>
            <ns3:atemp>23.0</ns3:atemp>
            <ns3:hr>82</ns3:hr>
          </ns3:TrackPointExtension>
        </extensions>
      </trkpt>
      <trkpt lat="59.98597450554370880126953125" lon="30.34908704459667205810546875">
        <ele>-15.6000003814697265625</ele>
        <time>2025-06-06T07:31:37.000Z</time>
        <extensions>
          <ns3:TrackPointExtension>
            <ns3:atemp>23.0</ns3:atemp>
            <ns3:hr>79</ns3:hr>
          </ns3:TrackPointExtension>
        </extensions>
      </trkpt>
      <trkpt lat="59.98597006313502788543701171875" lon="30.349090397357940673828125">
        <ele>-16</ele>
        <time>2025-06-06T07:31:43.000Z</time>
        <extensions>
          <ns3:TrackPointExtension>
            <ns3:atemp>23.0</ns3:atemp>
            <ns3:hr>80</ns3:hr>
          </ns3:TrackPointExtension>
        </extensions>
      </trkpt>
      <trkpt lat="59.9859706498682498931884765625" lon="30.34909316338598728179931640625">
        <ele>-15.6000003814697265625</ele>
        <time>2025-06-06T07:31:48.000Z</time>
        <extensions>
          <ns3:TrackPointExtension>
            <ns3:atemp>23.0</ns3:atemp>
            <ns3:hr>76</ns3:hr>
          </ns3:TrackPointExtension>
        </extensions>
      </trkpt>
      <trkpt lat="59.98597090132534503936767578125" lon="30.349094755947589874267578125">
        <ele>-15.3999996185302734375</ele>
        <time>2025-06-06T07:31:50.000Z</time>
        <extensions>
          <ns3:TrackPointExtension>
            <ns3:atemp>23.0</ns3:atemp>
            <ns3:hr>79</ns3:hr>
          </ns3:TrackPointExtension>
        </extensions>
      </trkpt>
      <trkpt lat="59.98597173951566219329833984375" lon="30.349094755947589874267578125">
        <ele>-15.6000003814697265625</ele>
        <time>2025-06-06T07:31:55.000Z</time>
        <extensions>
          <ns3:TrackPointExtension>
            <ns3:atemp>23.0</ns3:atemp>
            <ns3:hr>78</ns3:hr>
          </ns3:TrackPointExtension>
        </extensions>
      </trkpt>
      <trkpt lat="59.98597777448594570159912109375" lon="30.34910238347947597503662109375">
        <ele>-16</ele>
        <time>2025-06-06T07:31:58.000Z</time>
        <extensions>
          <ns3:TrackPointExtension>
            <ns3:atemp>23.0</ns3:atemp>
            <ns3:hr>75</ns3:hr>
          </ns3:TrackPointExtension>
        </extensions>
      </trkpt>
      <trkpt lat="59.9859770201146602630615234375" lon="30.3491076640784740447998046875">
        <ele>-16.200000762939453125</ele>
        <time>2025-06-06T07:32:02.000Z</time>
        <extensions>
          <ns3:TrackPointExtension>
            <ns3:atemp>23.0</ns3:atemp>
            <ns3:hr>78</ns3:hr>
          </ns3:TrackPointExtension>
        </extensions>
      </trkpt>
      <trkpt lat="59.98597945086658000946044921875" lon="30.349109508097171783447265625">
        <ele>-16.3999996185302734375</ele>
        <time>2025-06-06T07:32:04.000Z</time>
        <extensions>
          <ns3:TrackPointExtension>
            <ns3:atemp>23.0</ns3:atemp>
            <ns3:hr>76</ns3:hr>
          </ns3:TrackPointExtension>
        </extensions>
      </trkpt>
      <trkpt lat="59.9859800375998020172119140625" lon="30.3491086699068546295166015625">
        <ele>-16.3999996185302734375</ele>
        <time>2025-06-06T07:32:05.000Z</time>
        <extensions>
          <ns3:TrackPointExtension>
            <ns3:atemp>23.0</ns3:atemp>
            <ns3:hr>79</ns3:hr>
          </ns3:TrackPointExtension>
        </extensions>
      </trkpt>
      <trkpt lat="59.9859800375998020172119140625" lon="30.3491083346307277679443359375">
        <ele>-16.3999996185302734375</ele>
        <time>2025-06-06T07:32:06.000Z</time>
        <extensions>
          <ns3:TrackPointExtension>
            <ns3:atemp>23.0</ns3:atemp>
            <ns3:hr>76</ns3:hr>
          </ns3:TrackPointExtension>
        </extensions>
      </trkpt>
      <trkpt lat="59.98597710393369197845458984375" lon="30.3491039760410785675048828125">
        <ele>-16.6000003814697265625</ele>
        <time>2025-06-06T07:32:07.000Z</time>
        <extensions>
          <ns3:TrackPointExtension>
            <ns3:atemp>23.0</ns3:atemp>
            <ns3:hr>79</ns3:hr>
          </ns3:TrackPointExtension>
        </extensions>
      </trkpt>
      <trkpt lat="59.98597542755305767059326171875" lon="30.349099449813365936279296875">
        <ele>-16.799999237060546875</ele>
        <time>2025-06-06T07:32:13.000Z</time>
        <extensions>
          <ns3:TrackPointExtension>
            <ns3:atemp>23.0</ns3:atemp>
            <ns3:hr>76</ns3:hr>
          </ns3:TrackPointExtension>
        </extensions>
      </trkpt>
      <trkpt lat="59.9859740026295185089111328125" lon="30.34908704459667205810546875">
        <ele>-17.200000762939453125</ele>
        <time>2025-06-06T07:32:18.000Z</time>
        <extensions>
          <ns3:TrackPointExtension>
            <ns3:atemp>23.0</ns3:atemp>
            <ns3:hr>79</ns3:hr>
          </ns3:TrackPointExtension>
        </extensions>
      </trkpt>
      <trkpt lat="59.98597224242985248565673828125" lon="30.349075309932231903076171875">
        <ele>-17.200000762939453125</ele>
        <time>2025-06-06T07:32:21.000Z</time>
        <extensions>
          <ns3:TrackPointExtension>
            <ns3:atemp>23.0</ns3:atemp>
            <ns3:hr>76</ns3:hr>
          </ns3:TrackPointExtension>
        </extensions>
      </trkpt>
      <trkpt lat="59.9859724938869476318359375" lon="30.34905192442238330841064453125">
        <ele>-17.3999996185302734375</ele>
        <time>2025-06-06T07:32:23.000Z</time>
        <extensions>
          <ns3:TrackPointExtension>
            <ns3:atemp>23.0</ns3:atemp>
            <ns3:hr>77</ns3:hr>
          </ns3:TrackPointExtension>
        </extensions>
      </trkpt>
      <trkpt lat="59.985971152782440185546875" lon="30.34897179342806339263916015625">
        <ele>-17.6000003814697265625</ele>
        <time>2025-06-06T07:32:25.000Z</time>
        <extensions>
          <ns3:TrackPointExtension>
            <ns3:atemp>23.0</ns3:atemp>
            <ns3:hr>75</ns3:hr>
          </ns3:TrackPointExtension>
        </extensions>
      </trkpt>
      <trkpt lat="59.985932596027851104736328125" lon="30.3485620021820068359375">
        <ele>-17.3999996185302734375</ele>
        <time>2025-06-06T07:32:31.000Z</time>
        <extensions>
          <ns3:TrackPointExtension>
            <ns3:atemp>23.0</ns3:atemp>
            <ns3:hr>77</ns3:hr>
          </ns3:TrackPointExtension>
        </extensions>
      </trkpt>
      <trkpt lat="59.9859206937253475189208984375" lon="30.34838656894862651824951171875">
        <ele>-17.200000762939453125</ele>
        <time>2025-06-06T07:32:33.000Z</time>
        <extensions>
          <ns3:TrackPointExtension>
            <ns3:atemp>24.0</ns3:atemp>
            <ns3:hr>78</ns3:hr>
          </ns3:TrackPointExtension>
        </extensions>
      </trkpt>
      <trkpt lat="59.98590937815606594085693359375" lon="30.3480907715857028961181640625">
        <ele>-17.200000762939453125</ele>
        <time>2025-06-06T07:32:36.000Z</time>
        <extensions>
          <ns3:TrackPointExtension>
            <ns3:atemp>24.0</ns3:atemp>
            <ns3:hr>81</ns3:hr>
          </ns3:TrackPointExtension>
        </extensions>
      </trkpt>
      <trkpt lat="59.9858975596725940704345703125" lon="30.3479828126728534698486328125">
        <ele>-17.799999237060546875</ele>
        <time>2025-06-06T07:32:37.000Z</time>
        <extensions>
          <ns3:TrackPointExtension>
            <ns3:atemp>24.0</ns3:atemp>
            <ns3:hr>83</ns3:hr>
          </ns3:TrackPointExtension>
        </extensions>
      </trkpt>
      <trkpt lat="59.9858734197914600372314453125" lon="30.34776396118104457855224609375">
        <ele>-18</ele>
        <time>2025-06-06T07:32:39.000Z</time>
        <extensions>
          <ns3:TrackPointExtension>
            <ns3:atemp>24.0</ns3:atemp>
            <ns3:hr>86</ns3:hr>
          </ns3:TrackPointExtension>
        </extensions>
      </trkpt>
      <trkpt lat="59.9858553148806095123291015625" lon="30.3475315310060977935791015625">
        <ele>-18</ele>
        <time>2025-06-06T07:32:41.000Z</time>
        <extensions>
          <ns3:TrackPointExtension>
            <ns3:atemp>24.0</ns3:atemp>
            <ns3:hr>87</ns3:hr>
          </ns3:TrackPointExtension>
        </extensions>
      </trkpt>
      <trkpt lat="59.985846094787120819091796875" lon="30.3474145196378231048583984375">
        <ele>-18.6000003814697265625</ele>
        <time>2025-06-06T07:32:42.000Z</time>
        <extensions>
          <ns3:TrackPointExtension>
            <ns3:atemp>24.0</ns3:atemp>
            <ns3:hr>87</ns3:hr>
          </ns3:TrackPointExtension>
        </extensions>
      </trkpt>
      <trkpt lat="59.98582539148628711700439453125" lon="30.34718058072030544281005859375">
        <ele>-19</ele>
        <time>2025-06-06T07:32:44.000Z</time>
        <extensions>
          <ns3:TrackPointExtension>
            <ns3:atemp>24.0</ns3:atemp>
            <ns3:hr>93</ns3:hr>
          </ns3:TrackPointExtension>
        </extensions>
      </trkpt>
      <trkpt lat="59.98580577783286571502685546875" lon="30.34698360599577426910400390625">
        <ele>-19</ele>
        <time>2025-06-06T07:32:46.000Z</time>
        <extensions>
          <ns3:TrackPointExtension>
            <ns3:atemp>24.0</ns3:atemp>
            <ns3:hr>98</ns3:hr>
          </ns3:TrackPointExtension>
        </extensions>
      </trkpt>
      <trkpt lat="59.98579052276909351348876953125" lon="30.34689609892666339874267578125">
        <ele>-19</ele>
        <time>2025-06-06T07:32:47.000Z</time>
        <extensions>
          <ns3:TrackPointExtension>
            <ns3:atemp>24.0</ns3:atemp>
            <ns3:hr>99</ns3:hr>
          </ns3:TrackPointExtension>
        </extensions>
      </trkpt>
      <trkpt lat="59.98576152138411998748779296875" lon="30.34661698155105113983154296875">
        <ele>-17.200000762939453125</ele>
        <time>2025-06-06T07:32:50.000Z</time>
        <extensions>
          <ns3:TrackPointExtension>
            <ns3:atemp>24.0</ns3:atemp>
            <ns3:hr>102</ns3:hr>
          </ns3:TrackPointExtension>
        </extensions>
      </trkpt>
      <trkpt lat="59.98576462268829345703125" lon="30.3465387783944606781005859375">
        <ele>-17</ele>
        <time>2025-06-06T07:32:51.000Z</time>
        <extensions>
          <ns3:TrackPointExtension>
            <ns3:atemp>24.0</ns3:atemp>
            <ns3:hr>103</ns3:hr>
          </ns3:TrackPointExtension>
        </extensions>
      </trkpt>
      <trkpt lat="59.98578012920916080474853515625" lon="30.3464760817587375640869140625">
        <ele>-17</ele>
        <time>2025-06-06T07:32:52.000Z</time>
        <extensions>
          <ns3:TrackPointExtension>
            <ns3:atemp>24.0</ns3:atemp>
            <ns3:hr>103</ns3:hr>
          </ns3:TrackPointExtension>
        </extensions>
      </trkpt>
      <trkpt lat="59.9857926182448863983154296875" lon="30.3464140556752681732177734375">
        <ele>-17</ele>
        <time>2025-06-06T07:32:53.000Z</time>
        <extensions>
          <ns3:TrackPointExtension>
            <ns3:atemp>24.0</ns3:atemp>
            <ns3:hr>103</ns3:hr>
          </ns3:TrackPointExtension>
        </extensions>
      </trkpt>
      <trkpt lat="59.9857825599610805511474609375" lon="30.34626544453203678131103515625">
        <ele>-16.799999237060546875</ele>
        <time>2025-06-06T07:32:55.000Z</time>
        <extensions>
          <ns3:TrackPointExtension>
            <ns3:atemp>24.0</ns3:atemp>
            <ns3:hr>104</ns3:hr>
          </ns3:TrackPointExtension>
        </extensions>
      </trkpt>
      <trkpt lat="59.98576705344021320343017578125" lon="30.34618011675775051116943359375">
        <ele>-16.6000003814697265625</ele>
        <time>2025-06-06T07:32:56.000Z</time>
        <extensions>
          <ns3:TrackPointExtension>
            <ns3:atemp>24.0</ns3:atemp>
            <ns3:hr>106</ns3:hr>
          </ns3:TrackPointExtension>
        </extensions>
      </trkpt>
      <trkpt lat="59.9857165105640888214111328125" lon="30.34591256640851497650146484375">
        <ele>-16.3999996185302734375</ele>
        <time>2025-06-06T07:32:59.000Z</time>
        <extensions>
          <ns3:TrackPointExtension>
            <ns3:atemp>24.0</ns3:atemp>
            <ns3:hr>105</ns3:hr>
          </ns3:TrackPointExtension>
        </extensions>
      </trkpt>
      <trkpt lat="59.9857034347951412200927734375" lon="30.34583863802254199981689453125">
        <ele>-16.3999996185302734375</ele>
        <time>2025-06-06T07:33:00.000Z</time>
        <extensions>
          <ns3:TrackPointExtension>
            <ns3:atemp>24.0</ns3:atemp>
            <ns3:hr>106</ns3:hr>
          </ns3:TrackPointExtension>
        </extensions>
      </trkpt>
      <trkpt lat="59.9856474436819553375244140625" lon="30.34563747234642505645751953125">
        <ele>-16.6000003814697265625</ele>
        <time>2025-06-06T07:33:04.000Z</time>
        <extensions>
          <ns3:TrackPointExtension>
            <ns3:atemp>24.0</ns3:atemp>
            <ns3:hr>104</ns3:hr>
          </ns3:TrackPointExtension>
        </extensions>
      </trkpt>
      <trkpt lat="59.98562338761985301971435546875" lon="30.34554862417280673980712890625">
        <ele>-16.799999237060546875</ele>
        <time>2025-06-06T07:33:06.000Z</time>
        <extensions>
          <ns3:TrackPointExtension>
            <ns3:atemp>24.0</ns3:atemp>
            <ns3:hr>100</ns3:hr>
          </ns3:TrackPointExtension>
        </extensions>
      </trkpt>
      <trkpt lat="59.985600002110004425048828125" lon="30.3453616239130496978759765625">
        <ele>-16.799999237060546875</ele>
        <time>2025-06-06T07:33:09.000Z</time>
        <extensions>
          <ns3:TrackPointExtension>
            <ns3:atemp>24.0</ns3:atemp>
            <ns3:hr>101</ns3:hr>
          </ns3:TrackPointExtension>
        </extensions>
      </trkpt>
      <trkpt lat="59.985576532781124114990234375" lon="30.34509365446865558624267578125">
        <ele>-17</ele>
        <time>2025-06-06T07:33:15.000Z</time>
        <extensions>
          <ns3:TrackPointExtension>
            <ns3:atemp>24.0</ns3:atemp>
            <ns3:hr>102</ns3:hr>
          </ns3:TrackPointExtension>
        </extensions>
      </trkpt>
      <trkpt lat="59.9855441786348819732666015625" lon="30.34486767835915088653564453125">
        <ele>-17.3999996185302734375</ele>
        <time>2025-06-06T07:33:20.000Z</time>
        <extensions>
          <ns3:TrackPointExtension>
            <ns3:atemp>24.0</ns3:atemp>
            <ns3:hr>105</ns3:hr>
          </ns3:TrackPointExtension>
        </extensions>
      </trkpt>
      <trkpt lat="59.9855398200452327728271484375" lon="30.34478771500289440155029296875">
        <ele>-17.6000003814697265625</ele>
        <time>2025-06-06T07:33:21.000Z</time>
        <extensions>
          <ns3:TrackPointExtension>
            <ns3:atemp>24.0</ns3:atemp>
            <ns3:hr>107</ns3:hr>
          </ns3:TrackPointExtension>
        </extensions>
      </trkpt>
      <trkpt lat="59.9854875169694423675537109375" lon="30.3442300669848918914794921875">
        <ele>-18.200000762939453125</ele>
        <time>2025-06-06T07:33:27.000Z</time>
        <extensions>
          <ns3:TrackPointExtension>
            <ns3:atemp>24.0</ns3:atemp>
            <ns3:hr>104</ns3:hr>
          </ns3:TrackPointExtension>
        </extensions>
      </trkpt>
      <trkpt lat="59.98545826412737369537353515625" lon="30.34395438618957996368408203125">
        <ele>-17.799999237060546875</ele>
        <time>2025-06-06T07:33:30.000Z</time>
        <extensions>
          <ns3:TrackPointExtension>
            <ns3:atemp>24.0</ns3:atemp>
            <ns3:hr>101</ns3:hr>
          </ns3:TrackPointExtension>
        </extensions>
      </trkpt>
      <trkpt lat="59.98541928827762603759765625" lon="30.34360326826572418212890625">
        <ele>-17.3999996185302734375</ele>
        <time>2025-06-06T07:33:34.000Z</time>
        <extensions>
          <ns3:TrackPointExtension>
            <ns3:atemp>24.0</ns3:atemp>
            <ns3:hr>101</ns3:hr>
          </ns3:TrackPointExtension>
        </extensions>
      </trkpt>
      <trkpt lat="59.985380731523036956787109375" lon="30.34325516782701015472412109375">
        <ele>-16.799999237060546875</ele>
        <time>2025-06-06T07:33:38.000Z</time>
        <extensions>
          <ns3:TrackPointExtension>
            <ns3:atemp>24.0</ns3:atemp>
            <ns3:hr>100</ns3:hr>
          </ns3:TrackPointExtension>
        </extensions>
      </trkpt>
      <trkpt lat="59.9853725172579288482666015625" lon="30.343006812036037445068359375">
        <ele>-16.3999996185302734375</ele>
        <time>2025-06-06T07:33:41.000Z</time>
        <extensions>
          <ns3:TrackPointExtension>
            <ns3:atemp>24.0</ns3:atemp>
            <ns3:hr>100</ns3:hr>
          </ns3:TrackPointExtension>
        </extensions>
      </trkpt>
      <trkpt lat="59.9853684939444065093994140625" lon="30.3429333865642547607421875">
        <ele>-16.3999996185302734375</ele>
        <time>2025-06-06T07:33:42.000Z</time>
        <extensions>
          <ns3:TrackPointExtension>
            <ns3:atemp>24.0</ns3:atemp>
            <ns3:hr>97</ns3:hr>
          </ns3:TrackPointExtension>
        </extensions>
      </trkpt>
      <trkpt lat="59.985359609127044677734375" lon="30.3428742103278636932373046875">
        <ele>-16.200000762939453125</ele>
        <time>2025-06-06T07:33:43.000Z</time>
        <extensions>
          <ns3:TrackPointExtension>
            <ns3:atemp>24.0</ns3:atemp>
            <ns3:hr>98</ns3:hr>
          </ns3:TrackPointExtension>
        </extensions>
      </trkpt>
      <trkpt lat="59.98533236794173717498779296875" lon="30.34276851452887058258056640625">
        <ele>-16.200000762939453125</ele>
        <time>2025-06-06T07:33:46.000Z</time>
        <extensions>
          <ns3:TrackPointExtension>
            <ns3:atemp>23.0</ns3:atemp>
            <ns3:hr>97</ns3:hr>
          </ns3:TrackPointExtension>
        </extensions>
      </trkpt>
      <trkpt lat="59.9853336252272129058837890625" lon="30.34276247955858707427978515625">
        <ele>-16</ele>
        <time>2025-06-06T07:33:47.000Z</time>
        <extensions>
          <ns3:TrackPointExtension>
            <ns3:atemp>23.0</ns3:atemp>
            <ns3:hr>100</ns3:hr>
          </ns3:TrackPointExtension>
        </extensions>
      </trkpt>
      <trkpt lat="59.98535080812871456146240234375" lon="30.34274772740900516510009765625">
        <ele>-15.80000019073486328125</ele>
        <time>2025-06-06T07:33:49.000Z</time>
        <extensions>
          <ns3:TrackPointExtension>
            <ns3:atemp>23.0</ns3:atemp>
            <ns3:hr>97</ns3:hr>
          </ns3:TrackPointExtension>
        </extensions>
      </trkpt>
      <trkpt lat="59.98535466380417346954345703125" lon="30.34273616038262844085693359375">
        <ele>-15.80000019073486328125</ele>
        <time>2025-06-06T07:33:52.000Z</time>
        <extensions>
          <ns3:TrackPointExtension>
            <ns3:atemp>23.0</ns3:atemp>
            <ns3:hr>98</ns3:hr>
          </ns3:TrackPointExtension>
        </extensions>
      </trkpt>
      <trkpt lat="59.9853805638849735260009765625" lon="30.342703051865100860595703125">
        <ele>-16.200000762939453125</ele>
        <time>2025-06-06T07:33:56.000Z</time>
        <extensions>
          <ns3:TrackPointExtension>
            <ns3:atemp>23.0</ns3:atemp>
            <ns3:hr>94</ns3:hr>
          </ns3:TrackPointExtension>
        </extensions>
      </trkpt>
      <trkpt lat="59.9853819049894809722900390625" lon="30.34268586896359920501708984375">
        <ele>-16.6000003814697265625</ele>
        <time>2025-06-06T07:33:57.000Z</time>
        <extensions>
          <ns3:TrackPointExtension>
            <ns3:atemp>23.0</ns3:atemp>
            <ns3:hr>94</ns3:hr>
          </ns3:TrackPointExtension>
        </extensions>
      </trkpt>
      <trkpt lat="59.98538383282721042633056640625" lon="30.34265502355992794036865234375">
        <ele>-17</ele>
        <time>2025-06-06T07:33:59.000Z</time>
        <extensions>
          <ns3:TrackPointExtension>
            <ns3:atemp>23.0</ns3:atemp>
            <ns3:hr>93</ns3:hr>
          </ns3:TrackPointExtension>
        </extensions>
      </trkpt>
      <trkpt lat="59.9853862635791301727294921875" lon="30.34264211542904376983642578125">
        <ele>-17.3999996185302734375</ele>
        <time>2025-06-06T07:34:00.000Z</time>
        <extensions>
          <ns3:TrackPointExtension>
            <ns3:atemp>23.0</ns3:atemp>
            <ns3:hr>93</ns3:hr>
          </ns3:TrackPointExtension>
        </extensions>
      </trkpt>
      <trkpt lat="59.985369332134723663330078125" lon="30.34147652797400951385498046875">
        <ele>-20.6000003814697265625</ele>
        <time>2025-06-06T07:34:35.000Z</time>
        <extensions>
          <ns3:TrackPointExtension>
            <ns3:atemp>23.0</ns3:atemp>
            <ns3:hr>113</ns3:hr>
          </ns3:TrackPointExtension>
        </extensions>
      </trkpt>
      <trkpt lat="59.9852883629500865936279296875" lon="30.34147049300372600555419921875">
        <ele>-20.3999996185302734375</ele>
        <time>2025-06-06T07:34:37.000Z</time>
        <extensions>
          <ns3:TrackPointExtension>
            <ns3:atemp>24.0</ns3:atemp>
            <ns3:hr>113</ns3:hr>
          </ns3:TrackPointExtension>
        </extensions>
      </trkpt>
      <trkpt lat="59.9852015264332294464111328125" lon="30.3413562476634979248046875">
        <ele>-19</ele>
        <time>2025-06-06T07:34:44.000Z</time>
        <extensions>
          <ns3:TrackPointExtension>
            <ns3:atemp>24.0</ns3:atemp>
            <ns3:hr>113</ns3:hr>
          </ns3:TrackPointExtension>
        </extensions>
      </trkpt>
      <trkpt lat="59.98520194552838802337646484375" lon="30.34134208224713802337646484375">
        <ele>-18.799999237060546875</ele>
        <time>2025-06-06T07:34:45.000Z</time>
        <extensions>
          <ns3:TrackPointExtension>
            <ns3:atemp>24.0</ns3:atemp>
            <ns3:hr>112</ns3:hr>
          </ns3:TrackPointExtension>
        </extensions>
      </trkpt>
      <trkpt lat="59.985193312168121337890625" lon="30.34131802618503570556640625">
        <ele>-18.6000003814697265625</ele>
        <time>2025-06-06T07:34:47.000Z</time>
        <extensions>
          <ns3:TrackPointExtension>
            <ns3:atemp>24.0</ns3:atemp>
            <ns3:hr>115</ns3:hr>
          </ns3:TrackPointExtension>
        </extensions>
      </trkpt>
      <trkpt lat="59.98519205488264560699462890625" lon="30.3413106501102447509765625">
        <ele>-18.3999996185302734375</ele>
        <time>2025-06-06T07:34:49.000Z</time>
        <extensions>
          <ns3:TrackPointExtension>
            <ns3:atemp>24.0</ns3:atemp>
            <ns3:hr>115</ns3:hr>
          </ns3:TrackPointExtension>
        </extensions>
      </trkpt>
      <trkpt lat="59.9851951561868190765380859375" lon="30.34127703867852687835693359375">
        <ele>-18.3999996185302734375</ele>
        <time>2025-06-06T07:34:51.000Z</time>
        <extensions>
          <ns3:TrackPointExtension>
            <ns3:atemp>24.0</ns3:atemp>
            <ns3:hr>115</ns3:hr>
          </ns3:TrackPointExtension>
        </extensions>
      </trkpt>
      <trkpt lat="59.98521703295409679412841796875" lon="30.3411542437970638275146484375">
        <ele>-19</ele>
        <time>2025-06-06T07:34:54.000Z</time>
        <extensions>
          <ns3:TrackPointExtension>
            <ns3:atemp>24.0</ns3:atemp>
            <ns3:hr>114</ns3:hr>
          </ns3:TrackPointExtension>
        </extensions>
      </trkpt>
      <trkpt lat="59.98521787114441394805908203125" lon="30.34086246974766254425048828125">
        <ele>-19.200000762939453125</ele>
        <time>2025-06-06T07:34:58.000Z</time>
        <extensions>
          <ns3:TrackPointExtension>
            <ns3:atemp>24.0</ns3:atemp>
            <ns3:hr>111</ns3:hr>
          </ns3:TrackPointExtension>
        </extensions>
      </trkpt>
      <trkpt lat="59.98520747758448123931884765625" lon="30.34076758660376071929931640625">
        <ele>-19.200000762939453125</ele>
        <time>2025-06-06T07:34:59.000Z</time>
        <extensions>
          <ns3:TrackPointExtension>
            <ns3:atemp>24.0</ns3:atemp>
            <ns3:hr>111</ns3:hr>
          </ns3:TrackPointExtension>
        </extensions>
      </trkpt>
      <trkpt lat="59.9851790629327297210693359375" lon="30.340568684041500091552734375">
        <ele>-19.6000003814697265625</ele>
        <time>2025-06-06T07:35:01.000Z</time>
        <extensions>
          <ns3:TrackPointExtension>
            <ns3:atemp>24.0</ns3:atemp>
            <ns3:hr>108</ns3:hr>
          </ns3:TrackPointExtension>
        </extensions>
      </trkpt>
      <trkpt lat="59.9851344712078571319580078125" lon="30.34018370322883129119873046875">
        <ele>-19.6000003814697265625</ele>
        <time>2025-06-06T07:35:06.000Z</time>
        <extensions>
          <ns3:TrackPointExtension>
            <ns3:atemp>24.0</ns3:atemp>
            <ns3:hr>110</ns3:hr>
          </ns3:TrackPointExtension>
        </extensions>
      </trkpt>
      <trkpt lat="59.985127262771129608154296875" lon="30.3401417098939418792724609375">
        <ele>-19.3999996185302734375</ele>
        <time>2025-06-06T07:35:07.000Z</time>
        <extensions>
          <ns3:TrackPointExtension>
            <ns3:atemp>24.0</ns3:atemp>
            <ns3:hr>108</ns3:hr>
          </ns3:TrackPointExtension>
        </extensions>
      </trkpt>
      <trkpt lat="59.985095076262950897216796875" lon="30.3399831242859363555908203125">
        <ele>-18.3999996185302734375</ele>
        <time>2025-06-06T07:35:10.000Z</time>
        <extensions>
          <ns3:TrackPointExtension>
            <ns3:atemp>24.0</ns3:atemp>
            <ns3:hr>106</ns3:hr>
          </ns3:TrackPointExtension>
        </extensions>
      </trkpt>
      <trkpt lat="59.9850618839263916015625" lon="30.33971180208027362823486328125">
        <ele>-17.799999237060546875</ele>
        <time>2025-06-06T07:35:14.000Z</time>
        <extensions>
          <ns3:TrackPointExtension>
            <ns3:atemp>24.0</ns3:atemp>
            <ns3:hr>107</ns3:hr>
          </ns3:TrackPointExtension>
        </extensions>
      </trkpt>
      <trkpt lat="59.98504788614809513092041015625" lon="30.3395591676235198974609375">
        <ele>-17.3999996185302734375</ele>
        <time>2025-06-06T07:35:16.000Z</time>
        <extensions>
          <ns3:TrackPointExtension>
            <ns3:atemp>24.0</ns3:atemp>
            <ns3:hr>104</ns3:hr>
          </ns3:TrackPointExtension>
        </extensions>
      </trkpt>
      <trkpt lat="59.985042102634906768798828125" lon="30.33948180265724658966064453125">
        <ele>-17.6000003814697265625</ele>
        <time>2025-06-06T07:35:17.000Z</time>
        <extensions>
          <ns3:TrackPointExtension>
            <ns3:atemp>24.0</ns3:atemp>
            <ns3:hr>106</ns3:hr>
          </ns3:TrackPointExtension>
        </extensions>
      </trkpt>
      <trkpt lat="59.98502944596111774444580078125" lon="30.3393293358385562896728515625">
        <ele>-17.6000003814697265625</ele>
        <time>2025-06-06T07:35:19.000Z</time>
        <extensions>
          <ns3:TrackPointExtension>
            <ns3:atemp>24.0</ns3:atemp>
            <ns3:hr>110</ns3:hr>
          </ns3:TrackPointExtension>
        </extensions>
      </trkpt>
      <trkpt lat="59.98501435853540897369384765625" lon="30.339165888726711273193359375">
        <ele>-17.6000003814697265625</ele>
        <time>2025-06-06T07:35:21.000Z</time>
        <extensions>
          <ns3:TrackPointExtension>
            <ns3:atemp>24.0</ns3:atemp>
            <ns3:hr>113</ns3:hr>
          </ns3:TrackPointExtension>
        </extensions>
      </trkpt>
      <trkpt lat="59.98501821421086788177490234375" lon="30.338935889303684234619140625">
        <ele>-17.6000003814697265625</ele>
        <time>2025-06-06T07:35:24.000Z</time>
        <extensions>
          <ns3:TrackPointExtension>
            <ns3:atemp>24.0</ns3:atemp>
            <ns3:hr>112</ns3:hr>
          </ns3:TrackPointExtension>
        </extensions>
      </trkpt>
      <trkpt lat="59.98499793000519275665283203125" lon="30.3386735357344150543212890625">
        <ele>-17.6000003814697265625</ele>
        <time>2025-06-06T07:35:27.000Z</time>
        <extensions>
          <ns3:TrackPointExtension>
            <ns3:atemp>24.0</ns3:atemp>
            <ns3:hr>116</ns3:hr>
          </ns3:TrackPointExtension>
        </extensions>
      </trkpt>
      <trkpt lat="59.984965659677982330322265625" lon="30.33847865648567676544189453125">
        <ele>-17.6000003814697265625</ele>
        <time>2025-06-06T07:35:29.000Z</time>
        <extensions>
          <ns3:TrackPointExtension>
            <ns3:atemp>24.0</ns3:atemp>
            <ns3:hr>116</ns3:hr>
          </ns3:TrackPointExtension>
        </extensions>
      </trkpt>
      <trkpt lat="59.984895922243595123291015625" lon="30.3382011316716670989990234375">
        <ele>-18</ele>
        <time>2025-06-06T07:35:33.000Z</time>
        <extensions>
          <ns3:TrackPointExtension>
            <ns3:atemp>24.0</ns3:atemp>
            <ns3:hr>119</ns3:hr>
          </ns3:TrackPointExtension>
        </extensions>
      </trkpt>
      <trkpt lat="59.9848612211644649505615234375" lon="30.33805822022259235382080078125">
        <ele>-18</ele>
        <time>2025-06-06T07:35:35.000Z</time>
        <extensions>
          <ns3:TrackPointExtension>
            <ns3:atemp>24.0</ns3:atemp>
            <ns3:hr>118</ns3:hr>
          </ns3:TrackPointExtension>
        </extensions>
      </trkpt>
      <trkpt lat="59.98478486202657222747802734375" lon="30.33734274096786975860595703125">
        <ele>-18</ele>
        <time>2025-06-06T07:35:43.000Z</time>
        <extensions>
          <ns3:TrackPointExtension>
            <ns3:atemp>23.0</ns3:atemp>
            <ns3:hr>118</ns3:hr>
          </ns3:TrackPointExtension>
        </extensions>
      </trkpt>
      <trkpt lat="59.9847462214529514312744140625" lon="30.33703864552080631256103515625">
        <ele>-17.6000003814697265625</ele>
        <time>2025-06-06T07:35:48.000Z</time>
        <extensions>
          <ns3:TrackPointExtension>
            <ns3:atemp>23.0</ns3:atemp>
            <ns3:hr>118</ns3:hr>
          </ns3:TrackPointExtension>
        </extensions>
      </trkpt>
      <trkpt lat="59.9847116880118846893310546875" lon="30.336813591420650482177734375">
        <ele>-17.3999996185302734375</ele>
        <time>2025-06-06T07:35:52.000Z</time>
        <extensions>
          <ns3:TrackPointExtension>
            <ns3:atemp>23.0</ns3:atemp>
            <ns3:hr>121</ns3:hr>
          </ns3:TrackPointExtension>
        </extensions>
      </trkpt>
      <trkpt lat="59.9846949242055416107177734375" lon="30.336737148463726043701171875">
        <ele>-17.3999996185302734375</ele>
        <time>2025-06-06T07:35:53.000Z</time>
        <extensions>
          <ns3:TrackPointExtension>
            <ns3:atemp>23.0</ns3:atemp>
            <ns3:hr>120</ns3:hr>
          </ns3:TrackPointExtension>
        </extensions>
      </trkpt>
      <trkpt lat="59.98463876545429229736328125" lon="30.33646549098193645477294921875">
        <ele>-17.200000762939453125</ele>
        <time>2025-06-06T07:35:57.000Z</time>
        <extensions>
          <ns3:TrackPointExtension>
            <ns3:atemp>23.0</ns3:atemp>
            <ns3:hr>119</ns3:hr>
          </ns3:TrackPointExtension>
        </extensions>
      </trkpt>
      <trkpt lat="59.98456693254411220550537109375" lon="30.3361358307301998138427734375">
        <ele>-16.6000003814697265625</ele>
        <time>2025-06-06T07:36:03.000Z</time>
        <extensions>
          <ns3:TrackPointExtension>
            <ns3:atemp>23.0</ns3:atemp>
            <ns3:hr>120</ns3:hr>
          </ns3:TrackPointExtension>
        </extensions>
      </trkpt>
      <trkpt lat="59.98454622924327850341796875" lon="30.3360910713672637939453125">
        <ele>-16.6000003814697265625</ele>
        <time>2025-06-06T07:36:04.000Z</time>
        <extensions>
          <ns3:TrackPointExtension>
            <ns3:atemp>23.0</ns3:atemp>
            <ns3:hr>117</ns3:hr>
          </ns3:TrackPointExtension>
        </extensions>
      </trkpt>
      <trkpt lat="59.9845661781728267669677734375" lon="30.335783623158931732177734375">
        <ele>-17.200000762939453125</ele>
        <time>2025-06-06T07:36:09.000Z</time>
        <extensions>
          <ns3:TrackPointExtension>
            <ns3:atemp>23.0</ns3:atemp>
            <ns3:hr>117</ns3:hr>
          </ns3:TrackPointExtension>
        </extensions>
      </trkpt>
      <trkpt lat="59.984553270041942596435546875" lon="30.3356946073472499847412109375">
        <ele>-17.3999996185302734375</ele>
        <time>2025-06-06T07:36:11.000Z</time>
        <extensions>
          <ns3:TrackPointExtension>
            <ns3:atemp>23.0</ns3:atemp>
            <ns3:hr>114</ns3:hr>
          </ns3:TrackPointExtension>
        </extensions>
      </trkpt>
      <trkpt lat="59.98453206382691860198974609375" lon="30.33567574806511402130126953125">
        <ele>-17.3999996185302734375</ele>
        <time>2025-06-06T07:36:12.000Z</time>
        <extensions>
          <ns3:TrackPointExtension>
            <ns3:atemp>23.0</ns3:atemp>
            <ns3:hr>113</ns3:hr>
          </ns3:TrackPointExtension>
        </extensions>
      </trkpt>
      <trkpt lat="59.9843951873481273651123046875" lon="30.33569636754691600799560546875">
        <ele>-16.6000003814697265625</ele>
        <time>2025-06-06T07:36:16.000Z</time>
        <extensions>
          <ns3:TrackPointExtension>
            <ns3:atemp>23.0</ns3:atemp>
            <ns3:hr>114</ns3:hr>
          </ns3:TrackPointExtension>
        </extensions>
      </trkpt>
      <trkpt lat="59.9842741526663303375244140625" lon="30.3357063420116901397705078125">
        <ele>-16.3999996185302734375</ele>
        <time>2025-06-06T07:36:20.000Z</time>
        <extensions>
          <ns3:TrackPointExtension>
            <ns3:atemp>23.0</ns3:atemp>
            <ns3:hr>117</ns3:hr>
          </ns3:TrackPointExtension>
        </extensions>
      </trkpt>
      <trkpt lat="59.98425143770873546600341796875" lon="30.33569636754691600799560546875">
        <ele>-16.799999237060546875</ele>
        <time>2025-06-06T07:36:21.000Z</time>
        <extensions>
          <ns3:TrackPointExtension>
            <ns3:atemp>23.0</ns3:atemp>
            <ns3:hr>118</ns3:hr>
          </ns3:TrackPointExtension>
        </extensions>
      </trkpt>
      <trkpt lat="59.98423886485397815704345703125" lon="30.3356644324958324432373046875">
        <ele>-16.3999996185302734375</ele>
        <time>2025-06-06T07:36:25.000Z</time>
        <extensions>
          <ns3:TrackPointExtension>
            <ns3:atemp>23.0</ns3:atemp>
            <ns3:hr>119</ns3:hr>
          </ns3:TrackPointExtension>
        </extensions>
      </trkpt>
      <trkpt lat="59.98423651792109012603759765625" lon="30.33566149882972240447998046875">
        <ele>-16.3999996185302734375</ele>
        <time>2025-06-06T07:36:26.000Z</time>
        <extensions>
          <ns3:TrackPointExtension>
            <ns3:atemp>23.0</ns3:atemp>
            <ns3:hr>115</ns3:hr>
          </ns3:TrackPointExtension>
        </extensions>
      </trkpt>
      <trkpt lat="59.9842285551130771636962890625" lon="30.3356449864804744720458984375">
        <ele>-16.6000003814697265625</ele>
        <time>2025-06-06T07:36:30.000Z</time>
        <extensions>
          <ns3:TrackPointExtension>
            <ns3:atemp>23.0</ns3:atemp>
            <ns3:hr>119</ns3:hr>
          </ns3:TrackPointExtension>
        </extensions>
      </trkpt>
      <trkpt lat="59.9842285551130771636962890625" lon="30.33564515411853790283203125">
        <ele>-17</ele>
        <time>2025-06-06T07:36:32.000Z</time>
        <extensions>
          <ns3:TrackPointExtension>
            <ns3:atemp>23.0</ns3:atemp>
            <ns3:hr>118</ns3:hr>
          </ns3:TrackPointExtension>
        </extensions>
      </trkpt>
      <trkpt lat="59.98422495089471340179443359375" lon="30.33561028540134429931640625">
        <ele>-17.200000762939453125</ele>
        <time>2025-06-06T07:36:36.000Z</time>
        <extensions>
          <ns3:TrackPointExtension>
            <ns3:atemp>23.0</ns3:atemp>
            <ns3:hr>117</ns3:hr>
          </ns3:TrackPointExtension>
        </extensions>
      </trkpt>
      <trkpt lat="59.98422344215214252471923828125" lon="30.33558170311152935028076171875">
        <ele>-17.200000762939453125</ele>
        <time>2025-06-06T07:36:37.000Z</time>
        <extensions>
          <ns3:TrackPointExtension>
            <ns3:atemp>23.0</ns3:atemp>
            <ns3:hr>119</ns3:hr>
          </ns3:TrackPointExtension>
        </extensions>
      </trkpt>
      <trkpt lat="59.984203912317752838134765625" lon="30.33544725738465785980224609375">
        <ele>-17.799999237060546875</ele>
        <time>2025-06-06T07:36:39.000Z</time>
        <extensions>
          <ns3:TrackPointExtension>
            <ns3:atemp>23.0</ns3:atemp>
            <ns3:hr>120</ns3:hr>
          </ns3:TrackPointExtension>
        </extensions>
      </trkpt>
      <trkpt lat="59.98418153263628482818603515625" lon="30.33531448803842067718505859375">
        <ele>-18</ele>
        <time>2025-06-06T07:36:41.000Z</time>
        <extensions>
          <ns3:TrackPointExtension>
            <ns3:atemp>23.0</ns3:atemp>
            <ns3:hr>119</ns3:hr>
          </ns3:TrackPointExtension>
        </extensions>
      </trkpt>
      <trkpt lat="59.984139539301395416259765625" lon="30.33507241867482662200927734375">
        <ele>-18.799999237060546875</ele>
        <time>2025-06-06T07:36:45.000Z</time>
        <extensions>
          <ns3:TrackPointExtension>
            <ns3:atemp>23.0</ns3:atemp>
            <ns3:hr>114</ns3:hr>
          </ns3:TrackPointExtension>
        </extensions>
      </trkpt>
      <trkpt lat="59.98410559259355068206787109375" lon="30.33494853414595127105712890625">
        <ele>-18.799999237060546875</ele>
        <time>2025-06-06T07:36:47.000Z</time>
        <extensions>
          <ns3:TrackPointExtension>
            <ns3:atemp>23.0</ns3:atemp>
            <ns3:hr>109</ns3:hr>
          </ns3:TrackPointExtension>
        </extensions>
      </trkpt>
      <trkpt lat="59.98408748768270015716552734375" lon="30.33488533459603786468505859375">
        <ele>-18.799999237060546875</ele>
        <time>2025-06-06T07:36:48.000Z</time>
        <extensions>
          <ns3:TrackPointExtension>
            <ns3:atemp>23.0</ns3:atemp>
            <ns3:hr>110</ns3:hr>
          </ns3:TrackPointExtension>
        </extensions>
      </trkpt>
      <trkpt lat="59.98406787402927875518798828125" lon="30.3348143398761749267578125">
        <ele>-18.799999237060546875</ele>
        <time>2025-06-06T07:36:49.000Z</time>
        <extensions>
          <ns3:TrackPointExtension>
            <ns3:atemp>23.0</ns3:atemp>
            <ns3:hr>110</ns3:hr>
          </ns3:TrackPointExtension>
        </extensions>
      </trkpt>
      <trkpt lat="59.983961842954158782958984375" lon="30.334445536136627197265625">
        <ele>-18.200000762939453125</ele>
        <time>2025-06-06T07:36:54.000Z</time>
        <extensions>
          <ns3:TrackPointExtension>
            <ns3:atemp>23.0</ns3:atemp>
            <ns3:hr>114</ns3:hr>
          </ns3:TrackPointExtension>
        </extensions>
      </trkpt>
      <trkpt lat="59.9839439056813716888427734375" lon="30.334370099008083343505859375">
        <ele>-18.200000762939453125</ele>
        <time>2025-06-06T07:36:55.000Z</time>
        <extensions>
          <ns3:TrackPointExtension>
            <ns3:atemp>23.0</ns3:atemp>
            <ns3:hr>114</ns3:hr>
          </ns3:TrackPointExtension>
        </extensions>
      </trkpt>
      <trkpt lat="59.98392253182828426361083984375" lon="30.3342941589653491973876953125">
        <ele>-18.200000762939453125</ele>
        <time>2025-06-06T07:36:56.000Z</time>
        <extensions>
          <ns3:TrackPointExtension>
            <ns3:atemp>23.0</ns3:atemp>
            <ns3:hr>117</ns3:hr>
          </ns3:TrackPointExtension>
        </extensions>
      </trkpt>
      <trkpt lat="59.98380870558321475982666015625" lon="30.333957709372043609619140625">
        <ele>-18.200000762939453125</ele>
        <time>2025-06-06T07:37:01.000Z</time>
        <extensions>
          <ns3:TrackPointExtension>
            <ns3:atemp>24.0</ns3:atemp>
            <ns3:hr>116</ns3:hr>
          </ns3:TrackPointExtension>
        </extensions>
      </trkpt>
      <trkpt lat="59.98368381522595882415771484375" lon="30.33359569497406482696533203125">
        <ele>-18</ele>
        <time>2025-06-06T07:37:07.000Z</time>
        <extensions>
          <ns3:TrackPointExtension>
            <ns3:atemp>23.0</ns3:atemp>
            <ns3:hr>115</ns3:hr>
          </ns3:TrackPointExtension>
        </extensions>
      </trkpt>
      <trkpt lat="59.9835683964192867279052734375" lon="30.33330668695271015167236328125">
        <ele>-18.3999996185302734375</ele>
        <time>2025-06-06T07:37:12.000Z</time>
        <extensions>
          <ns3:TrackPointExtension>
            <ns3:atemp>23.0</ns3:atemp>
            <ns3:hr>114</ns3:hr>
          </ns3:TrackPointExtension>
        </extensions>
      </trkpt>
      <trkpt lat="59.98353277333080768585205078125" lon="30.33322119154036045074462890625">
        <ele>-18.3999996185302734375</ele>
        <time>2025-06-06T07:37:13.000Z</time>
        <extensions>
          <ns3:TrackPointExtension>
            <ns3:atemp>23.0</ns3:atemp>
            <ns3:hr>115</ns3:hr>
          </ns3:TrackPointExtension>
        </extensions>
      </trkpt>
      <trkpt lat="59.98344928957521915435791015625" lon="30.3330559842288494110107421875">
        <ele>-18.3999996185302734375</ele>
        <time>2025-06-06T07:37:16.000Z</time>
        <extensions>
          <ns3:TrackPointExtension>
            <ns3:atemp>23.0</ns3:atemp>
            <ns3:hr>113</ns3:hr>
          </ns3:TrackPointExtension>
        </extensions>
      </trkpt>
      <trkpt lat="59.98336312361061573028564453125" lon="30.3328712470829486846923828125">
        <ele>-18.6000003814697265625</ele>
        <time>2025-06-06T07:37:19.000Z</time>
        <extensions>
          <ns3:TrackPointExtension>
            <ns3:atemp>23.0</ns3:atemp>
            <ns3:hr>110</ns3:hr>
          </ns3:TrackPointExtension>
        </extensions>
      </trkpt>
      <trkpt lat="59.983197413384914398193359375" lon="30.33254058100283145904541015625">
        <ele>-18.6000003814697265625</ele>
        <time>2025-06-06T07:37:24.000Z</time>
        <extensions>
          <ns3:TrackPointExtension>
            <ns3:atemp>23.0</ns3:atemp>
            <ns3:hr>112</ns3:hr>
          </ns3:TrackPointExtension>
        </extensions>
      </trkpt>
      <trkpt lat="59.98312742449343204498291015625" lon="30.3323864378035068511962890625">
        <ele>-18.799999237060546875</ele>
        <time>2025-06-06T07:37:27.000Z</time>
        <extensions>
          <ns3:TrackPointExtension>
            <ns3:atemp>23.0</ns3:atemp>
            <ns3:hr>115</ns3:hr>
          </ns3:TrackPointExtension>
        </extensions>
      </trkpt>
      <trkpt lat="59.9830765463411808013916015625" lon="30.33221301622688770294189453125">
        <ele>-19.6000003814697265625</ele>
        <time>2025-06-06T07:37:29.000Z</time>
        <extensions>
          <ns3:TrackPointExtension>
            <ns3:atemp>23.0</ns3:atemp>
            <ns3:hr>115</ns3:hr>
          </ns3:TrackPointExtension>
        </extensions>
      </trkpt>
      <trkpt lat="59.9830047972500324249267578125" lon="30.3320863656699657440185546875">
        <ele>-19.799999237060546875</ele>
        <time>2025-06-06T07:37:33.000Z</time>
        <extensions>
          <ns3:TrackPointExtension>
            <ns3:atemp>23.0</ns3:atemp>
            <ns3:hr>118</ns3:hr>
          </ns3:TrackPointExtension>
        </extensions>
      </trkpt>
      <trkpt lat="59.98299666680395603179931640625" lon="30.33205862157046794891357421875">
        <ele>-19.3999996185302734375</ele>
        <time>2025-06-06T07:37:34.000Z</time>
        <extensions>
          <ns3:TrackPointExtension>
            <ns3:atemp>23.0</ns3:atemp>
            <ns3:hr>117</ns3:hr>
          </ns3:TrackPointExtension>
        </extensions>
      </trkpt>
      <trkpt lat="59.98289222829043865203857421875" lon="30.33179660327732563018798828125">
        <ele>-18.3999996185302734375</ele>
        <time>2025-06-06T07:37:39.000Z</time>
        <extensions>
          <ns3:TrackPointExtension>
            <ns3:atemp>23.0</ns3:atemp>
            <ns3:hr>115</ns3:hr>
          </ns3:TrackPointExtension>
        </extensions>
      </trkpt>
      <trkpt lat="59.98267329297959804534912109375" lon="30.3312335908412933349609375">
        <ele>-19</ele>
        <time>2025-06-06T07:37:46.000Z</time>
        <extensions>
          <ns3:TrackPointExtension>
            <ns3:atemp>23.0</ns3:atemp>
            <ns3:hr>113</ns3:hr>
          </ns3:TrackPointExtension>
        </extensions>
      </trkpt>
      <trkpt lat="59.9826410226523876190185546875" lon="30.331168211996555328369140625">
        <ele>-18.6000003814697265625</ele>
        <time>2025-06-06T07:37:47.000Z</time>
        <extensions>
          <ns3:TrackPointExtension>
            <ns3:atemp>23.0</ns3:atemp>
            <ns3:hr>117</ns3:hr>
          </ns3:TrackPointExtension>
        </extensions>
      </trkpt>
      <trkpt lat="59.98240339569747447967529296875" lon="30.33069647848606109619140625">
        <ele>-18.799999237060546875</ele>
        <time>2025-06-06T07:37:54.000Z</time>
        <extensions>
          <ns3:TrackPointExtension>
            <ns3:atemp>23.0</ns3:atemp>
            <ns3:hr>116</ns3:hr>
          </ns3:TrackPointExtension>
        </extensions>
      </trkpt>
      <trkpt lat="59.98224179260432720184326171875" lon="30.33037251792848110198974609375">
        <ele>-18.3999996185302734375</ele>
        <time>2025-06-06T07:37:59.000Z</time>
        <extensions>
          <ns3:TrackPointExtension>
            <ns3:atemp>23.0</ns3:atemp>
            <ns3:hr>119</ns3:hr>
          </ns3:TrackPointExtension>
        </extensions>
      </trkpt>
      <trkpt lat="59.98217515647411346435546875" lon="30.33023136667907238006591796875">
        <ele>-18.3999996185302734375</ele>
        <time>2025-06-06T07:38:01.000Z</time>
        <extensions>
          <ns3:TrackPointExtension>
            <ns3:atemp>23.0</ns3:atemp>
            <ns3:hr>119</ns3:hr>
          </ns3:TrackPointExtension>
        </extensions>
      </trkpt>
      <trkpt lat="59.98201028443872928619384765625" lon="30.3298294544219970703125">
        <ele>-18.3999996185302734375</ele>
        <time>2025-06-06T07:38:07.000Z</time>
        <extensions>
          <ns3:TrackPointExtension>
            <ns3:atemp>23.0</ns3:atemp>
            <ns3:hr>116</ns3:hr>
          </ns3:TrackPointExtension>
        </extensions>
      </trkpt>
      <trkpt lat="59.981930740177631378173828125" lon="30.3295570425689220428466796875">
        <ele>-18.6000003814697265625</ele>
        <time>2025-06-06T07:38:10.000Z</time>
        <extensions>
          <ns3:TrackPointExtension>
            <ns3:atemp>23.0</ns3:atemp>
            <ns3:hr>115</ns3:hr>
          </ns3:TrackPointExtension>
        </extensions>
      </trkpt>
      <trkpt lat="59.98174474574625492095947265625" lon="30.32920257188379764556884765625">
        <ele>-19.200000762939453125</ele>
        <time>2025-06-06T07:38:17.000Z</time>
        <extensions>
          <ns3:TrackPointExtension>
            <ns3:atemp>23.0</ns3:atemp>
            <ns3:hr>111</ns3:hr>
          </ns3:TrackPointExtension>
        </extensions>
      </trkpt>
      <trkpt lat="59.98167651705443859100341796875" lon="30.3290427289903163909912109375">
        <ele>-19.3999996185302734375</ele>
        <time>2025-06-06T07:38:20.000Z</time>
        <extensions>
          <ns3:TrackPointExtension>
            <ns3:atemp>23.0</ns3:atemp>
            <ns3:hr>114</ns3:hr>
          </ns3:TrackPointExtension>
        </extensions>
      </trkpt>
      <trkpt lat="59.9815522134304046630859375" lon="30.32878548838198184967041015625">
        <ele>-18.6000003814697265625</ele>
        <time>2025-06-06T07:38:25.000Z</time>
        <extensions>
          <ns3:TrackPointExtension>
            <ns3:atemp>23.0</ns3:atemp>
            <ns3:hr>113</ns3:hr>
          </ns3:TrackPointExtension>
        </extensions>
      </trkpt>
      <trkpt lat="59.9815066158771514892578125" lon="30.328662693500518798828125">
        <ele>-18.200000762939453125</ele>
        <time>2025-06-06T07:38:27.000Z</time>
        <extensions>
          <ns3:TrackPointExtension>
            <ns3:atemp>23.0</ns3:atemp>
            <ns3:hr>117</ns3:hr>
          </ns3:TrackPointExtension>
        </extensions>
      </trkpt>
      <trkpt lat="59.981432519853115081787109375" lon="30.328477956354618072509765625">
        <ele>-18.3999996185302734375</ele>
        <time>2025-06-06T07:38:30.000Z</time>
        <extensions>
          <ns3:TrackPointExtension>
            <ns3:atemp>23.0</ns3:atemp>
            <ns3:hr>120</ns3:hr>
          </ns3:TrackPointExtension>
        </extensions>
      </trkpt>
      <trkpt lat="59.98140024952590465545654296875" lon="30.328424982726573944091796875">
        <ele>-18.3999996185302734375</ele>
        <time>2025-06-06T07:38:31.000Z</time>
        <extensions>
          <ns3:TrackPointExtension>
            <ns3:atemp>23.0</ns3:atemp>
            <ns3:hr>120</ns3:hr>
          </ns3:TrackPointExtension>
        </extensions>
      </trkpt>
      <trkpt lat="59.98137845657765865325927734375" lon="30.32835532911121845245361328125">
        <ele>-18.3999996185302734375</ele>
        <time>2025-06-06T07:38:32.000Z</time>
        <extensions>
          <ns3:TrackPointExtension>
            <ns3:atemp>23.0</ns3:atemp>
            <ns3:hr>119</ns3:hr>
          </ns3:TrackPointExtension>
        </extensions>
      </trkpt>
      <trkpt lat="59.9812330305576324462890625" lon="30.3280090726912021636962890625">
        <ele>-18.3999996185302734375</ele>
        <time>2025-06-06T07:38:37.000Z</time>
        <extensions>
          <ns3:TrackPointExtension>
            <ns3:atemp>23.0</ns3:atemp>
            <ns3:hr>126</ns3:hr>
          </ns3:TrackPointExtension>
        </extensions>
      </trkpt>
      <trkpt lat="59.98120863921940326690673828125" lon="30.32794377766549587249755859375">
        <ele>-18.200000762939453125</ele>
        <time>2025-06-06T07:38:38.000Z</time>
        <extensions>
          <ns3:TrackPointExtension>
            <ns3:atemp>23.0</ns3:atemp>
            <ns3:hr>132</ns3:hr>
          </ns3:TrackPointExtension>
        </extensions>
      </trkpt>
      <trkpt lat="59.9811440147459506988525390625" lon="30.32783414237201213836669921875">
        <ele>-18.3999996185302734375</ele>
        <time>2025-06-06T07:38:40.000Z</time>
        <extensions>
          <ns3:TrackPointExtension>
            <ns3:atemp>23.0</ns3:atemp>
            <ns3:hr>138</ns3:hr>
          </ns3:TrackPointExtension>
        </extensions>
      </trkpt>
      <trkpt lat="59.98111677356064319610595703125" lon="30.327777229249477386474609375">
        <ele>-18.200000762939453125</ele>
        <time>2025-06-06T07:38:41.000Z</time>
        <extensions>
          <ns3:TrackPointExtension>
            <ns3:atemp>23.0</ns3:atemp>
            <ns3:hr>143</ns3:hr>
          </ns3:TrackPointExtension>
        </extensions>
      </trkpt>
      <trkpt lat="59.9810922145843505859375" lon="30.3277207352221012115478515625">
        <ele>-18.200000762939453125</ele>
        <time>2025-06-06T07:38:42.000Z</time>
        <extensions>
          <ns3:TrackPointExtension>
            <ns3:atemp>23.0</ns3:atemp>
            <ns3:hr>140</ns3:hr>
          </ns3:TrackPointExtension>
        </extensions>
      </trkpt>
      <trkpt lat="59.9810642190277576446533203125" lon="30.32765912823379039764404296875">
        <ele>-18.200000762939453125</ele>
        <time>2025-06-06T07:38:43.000Z</time>
        <extensions>
          <ns3:TrackPointExtension>
            <ns3:atemp>23.0</ns3:atemp>
            <ns3:hr>143</ns3:hr>
          </ns3:TrackPointExtension>
        </extensions>
      </trkpt>
      <trkpt lat="59.9809299409389495849609375" lon="30.3273844532668590545654296875">
        <ele>-18.200000762939453125</ele>
        <time>2025-06-06T07:38:48.000Z</time>
        <extensions>
          <ns3:TrackPointExtension>
            <ns3:atemp>23.0</ns3:atemp>
            <ns3:hr>144</ns3:hr>
          </ns3:TrackPointExtension>
        </extensions>
      </trkpt>
      <trkpt lat="59.98086732812225818634033203125" lon="30.32701975665986537933349609375">
        <ele>-18</ele>
        <time>2025-06-06T07:38:54.000Z</time>
        <extensions>
          <ns3:TrackPointExtension>
            <ns3:atemp>22.0</ns3:atemp>
            <ns3:hr>144</ns3:hr>
          </ns3:TrackPointExtension>
        </extensions>
      </trkpt>
      <trkpt lat="59.98078644275665283203125" lon="30.3270144760608673095703125">
        <ele>-18</ele>
        <time>2025-06-06T07:38:56.000Z</time>
        <extensions>
          <ns3:TrackPointExtension>
            <ns3:atemp>22.0</ns3:atemp>
            <ns3:hr>140</ns3:hr>
          </ns3:TrackPointExtension>
        </extensions>
      </trkpt>
      <trkpt lat="59.98071997426450252532958984375" lon="30.32699528150260448455810546875">
        <ele>-17.799999237060546875</ele>
        <time>2025-06-06T07:38:59.000Z</time>
        <extensions>
          <ns3:TrackPointExtension>
            <ns3:atemp>22.0</ns3:atemp>
            <ns3:hr>139</ns3:hr>
          </ns3:TrackPointExtension>
        </extensions>
      </trkpt>
      <trkpt lat="59.98056985437870025634765625" lon="30.32699410803616046905517578125">
        <ele>-18</ele>
        <time>2025-06-06T07:39:04.000Z</time>
        <extensions>
          <ns3:TrackPointExtension>
            <ns3:atemp>22.0</ns3:atemp>
            <ns3:hr>141</ns3:hr>
          </ns3:TrackPointExtension>
        </extensions>
      </trkpt>
      <trkpt lat="59.98041252605617046356201171875" lon="30.3267313353717327117919921875">
        <ele>-18.3999996185302734375</ele>
        <time>2025-06-06T07:39:10.000Z</time>
        <extensions>
          <ns3:TrackPointExtension>
            <ns3:atemp>22.0</ns3:atemp>
            <ns3:hr>141</ns3:hr>
          </ns3:TrackPointExtension>
        </extensions>
      </trkpt>
      <trkpt lat="59.98039592988789081573486328125" lon="30.32667727209627628326416015625">
        <ele>-18.200000762939453125</ele>
        <time>2025-06-06T07:39:12.000Z</time>
        <extensions>
          <ns3:TrackPointExtension>
            <ns3:atemp>22.0</ns3:atemp>
            <ns3:hr>140</ns3:hr>
          </ns3:TrackPointExtension>
        </extensions>
      </trkpt>
      <trkpt lat="59.98039123602211475372314453125" lon="30.32665346749126911163330078125">
        <ele>-17.799999237060546875</ele>
        <time>2025-06-06T07:39:14.000Z</time>
        <extensions>
          <ns3:TrackPointExtension>
            <ns3:atemp>22.0</ns3:atemp>
            <ns3:hr>140</ns3:hr>
          </ns3:TrackPointExtension>
        </extensions>
      </trkpt>
      <trkpt lat="59.9803961813449859619140625" lon="30.32663687132298946380615234375">
        <ele>-17.799999237060546875</ele>
        <time>2025-06-06T07:39:15.000Z</time>
        <extensions>
          <ns3:TrackPointExtension>
            <ns3:atemp>22.0</ns3:atemp>
            <ns3:hr>140</ns3:hr>
          </ns3:TrackPointExtension>
        </extensions>
      </trkpt>
      <trkpt lat="59.9804540164768695831298828125" lon="30.32650494016706943511962890625">
        <ele>-17.799999237060546875</ele>
        <time>2025-06-06T07:39:19.000Z</time>
        <extensions>
          <ns3:TrackPointExtension>
            <ns3:atemp>22.0</ns3:atemp>
            <ns3:hr>139</ns3:hr>
          </ns3:TrackPointExtension>
        </extensions>
      </trkpt>
      <trkpt lat="59.9804828502237796783447265625" lon="30.32639211975038051605224609375">
        <ele>-18.799999237060546875</ele>
        <time>2025-06-06T07:39:22.000Z</time>
        <extensions>
          <ns3:TrackPointExtension>
            <ns3:atemp>22.0</ns3:atemp>
            <ns3:hr>138</ns3:hr>
          </ns3:TrackPointExtension>
        </extensions>
      </trkpt>
      <trkpt lat="59.980489723384380340576171875" lon="30.32626354135572910308837890625">
        <ele>-18.799999237060546875</ele>
        <time>2025-06-06T07:39:24.000Z</time>
        <extensions>
          <ns3:TrackPointExtension>
            <ns3:atemp>22.0</ns3:atemp>
            <ns3:hr>137</ns3:hr>
          </ns3:TrackPointExtension>
        </extensions>
      </trkpt>
      <trkpt lat="59.9803359992802143096923828125" lon="30.32594150863587856292724609375">
        <ele>-18.3999996185302734375</ele>
        <time>2025-06-06T07:39:29.000Z</time>
        <extensions>
          <ns3:TrackPointExtension>
            <ns3:atemp>22.0</ns3:atemp>
            <ns3:hr>137</ns3:hr>
          </ns3:TrackPointExtension>
        </extensions>
      </trkpt>
      <trkpt lat="59.98030557297170162200927734375" lon="30.3258787281811237335205078125">
        <ele>-18.3999996185302734375</ele>
        <time>2025-06-06T07:39:30.000Z</time>
        <extensions>
          <ns3:TrackPointExtension>
            <ns3:atemp>22.0</ns3:atemp>
            <ns3:hr>134</ns3:hr>
          </ns3:TrackPointExtension>
        </extensions>
      </trkpt>
      <trkpt lat="59.9801247753202915191650390625" lon="30.3254592977464199066162109375">
        <ele>-17.6000003814697265625</ele>
        <time>2025-06-06T07:39:36.000Z</time>
        <extensions>
          <ns3:TrackPointExtension>
            <ns3:atemp>22.0</ns3:atemp>
            <ns3:hr>135</ns3:hr>
          </ns3:TrackPointExtension>
        </extensions>
      </trkpt>
      <trkpt lat="59.9799806065857410430908203125" lon="30.3250982053577899932861328125">
        <ele>-16.6000003814697265625</ele>
        <time>2025-06-06T07:39:41.000Z</time>
        <extensions>
          <ns3:TrackPointExtension>
            <ns3:atemp>22.0</ns3:atemp>
            <ns3:hr>135</ns3:hr>
          </ns3:TrackPointExtension>
        </extensions>
      </trkpt>
      <trkpt lat="59.97986870817840099334716796875" lon="30.324867032468318939208984375">
        <ele>-16</ele>
        <time>2025-06-06T07:39:45.000Z</time>
        <extensions>
          <ns3:TrackPointExtension>
            <ns3:atemp>22.0</ns3:atemp>
            <ns3:hr>135</ns3:hr>
          </ns3:TrackPointExtension>
        </extensions>
      </trkpt>
      <trkpt lat="59.9796952866017818450927734375" lon="30.324455313384532928466796875">
        <ele>-15.6000003814697265625</ele>
        <time>2025-06-06T07:39:51.000Z</time>
        <extensions>
          <ns3:TrackPointExtension>
            <ns3:atemp>22.0</ns3:atemp>
            <ns3:hr>136</ns3:hr>
          </ns3:TrackPointExtension>
        </extensions>
      </trkpt>
      <trkpt lat="59.979673661291599273681640625" lon="30.32439420931041240692138671875">
        <ele>-15.3999996185302734375</ele>
        <time>2025-06-06T07:39:52.000Z</time>
        <extensions>
          <ns3:TrackPointExtension>
            <ns3:atemp>22.0</ns3:atemp>
            <ns3:hr>137</ns3:hr>
          </ns3:TrackPointExtension>
        </extensions>
      </trkpt>
      <trkpt lat="59.97954214923083782196044921875" lon="30.324057675898075103759765625">
        <ele>-14.3999996185302734375</ele>
        <time>2025-06-06T07:39:57.000Z</time>
        <extensions>
          <ns3:TrackPointExtension>
            <ns3:atemp>22.0</ns3:atemp>
            <ns3:hr>136</ns3:hr>
          </ns3:TrackPointExtension>
        </extensions>
      </trkpt>
      <trkpt lat="59.9794890917837619781494140625" lon="30.32394980080425739288330078125">
        <ele>-13.6000003814697265625</ele>
        <time>2025-06-06T07:39:59.000Z</time>
        <extensions>
          <ns3:TrackPointExtension>
            <ns3:atemp>22.0</ns3:atemp>
            <ns3:hr>135</ns3:hr>
          </ns3:TrackPointExtension>
        </extensions>
      </trkpt>
      <trkpt lat="59.97944106347858905792236328125" lon="30.32383915968239307403564453125">
        <ele>-13</ele>
        <time>2025-06-06T07:40:01.000Z</time>
        <extensions>
          <ns3:TrackPointExtension>
            <ns3:atemp>22.0</ns3:atemp>
            <ns3:hr>134</ns3:hr>
          </ns3:TrackPointExtension>
        </extensions>
      </trkpt>
      <trkpt lat="59.97929974459111690521240234375" lon="30.32353766262531280517578125">
        <ele>-12</ele>
        <time>2025-06-06T07:40:06.000Z</time>
        <extensions>
          <ns3:TrackPointExtension>
            <ns3:atemp>22.0</ns3:atemp>
            <ns3:hr>132</ns3:hr>
          </ns3:TrackPointExtension>
        </extensions>
      </trkpt>
      <trkpt lat="59.97925967909395694732666015625" lon="30.32347974367439746856689453125">
        <ele>-11.80000019073486328125</ele>
        <time>2025-06-06T07:40:07.000Z</time>
        <extensions>
          <ns3:TrackPointExtension>
            <ns3:atemp>22.0</ns3:atemp>
            <ns3:hr>132</ns3:hr>
          </ns3:TrackPointExtension>
        </extensions>
      </trkpt>
      <trkpt lat="59.9791886843740940093994140625" lon="30.32337916083633899688720703125">
        <ele>-11.19999980926513671875</ele>
        <time>2025-06-06T07:40:09.000Z</time>
        <extensions>
          <ns3:TrackPointExtension>
            <ns3:atemp>22.0</ns3:atemp>
            <ns3:hr>129</ns3:hr>
          </ns3:TrackPointExtension>
        </extensions>
      </trkpt>
      <trkpt lat="59.9790317751467227935791015625" lon="30.323121584951877593994140625">
        <ele>-10.3999996185302734375</ele>
        <time>2025-06-06T07:40:14.000Z</time>
        <extensions>
          <ns3:TrackPointExtension>
            <ns3:atemp>22.0</ns3:atemp>
            <ns3:hr>128</ns3:hr>
          </ns3:TrackPointExtension>
        </extensions>
      </trkpt>
      <trkpt lat="59.97900151647627353668212890625" lon="30.323065258562564849853515625">
        <ele>-10.19999980926513671875</ele>
        <time>2025-06-06T07:40:15.000Z</time>
        <extensions>
          <ns3:TrackPointExtension>
            <ns3:atemp>22.0</ns3:atemp>
            <ns3:hr>128</ns3:hr>
          </ns3:TrackPointExtension>
        </extensions>
      </trkpt>
      <trkpt lat="59.97882373631000518798828125" lon="30.322730652987957000732421875">
        <ele>-9.3999996185302734375</ele>
        <time>2025-06-06T07:40:21.000Z</time>
        <extensions>
          <ns3:TrackPointExtension>
            <ns3:atemp>22.0</ns3:atemp>
            <ns3:hr>128</ns3:hr>
          </ns3:TrackPointExtension>
        </extensions>
      </trkpt>
      <trkpt lat="59.97873128391802310943603515625" lon="30.32255354337394237518310546875">
        <ele>-9</ele>
        <time>2025-06-06T07:40:24.000Z</time>
        <extensions>
          <ns3:TrackPointExtension>
            <ns3:atemp>22.0</ns3:atemp>
            <ns3:hr>128</ns3:hr>
          </ns3:TrackPointExtension>
        </extensions>
      </trkpt>
      <trkpt lat="59.97844956815242767333984375" lon="30.32202078960835933685302734375">
        <ele>-9</ele>
        <time>2025-06-06T07:40:33.000Z</time>
        <extensions>
          <ns3:TrackPointExtension>
            <ns3:atemp>22.0</ns3:atemp>
            <ns3:hr>127</ns3:hr>
          </ns3:TrackPointExtension>
        </extensions>
      </trkpt>
      <trkpt lat="59.97836315073072910308837890625" lon="30.32188064418733119964599609375">
        <ele>-8.3999996185302734375</ele>
        <time>2025-06-06T07:40:36.000Z</time>
        <extensions>
          <ns3:TrackPointExtension>
            <ns3:atemp>22.0</ns3:atemp>
            <ns3:hr>125</ns3:hr>
          </ns3:TrackPointExtension>
        </extensions>
      </trkpt>
      <trkpt lat="59.97822401113808155059814453125" lon="30.321569256484508514404296875">
        <ele>-8.80000019073486328125</ele>
        <time>2025-06-06T07:40:41.000Z</time>
        <extensions>
          <ns3:TrackPointExtension>
            <ns3:atemp>22.0</ns3:atemp>
            <ns3:hr>126</ns3:hr>
          </ns3:TrackPointExtension>
        </extensions>
      </trkpt>
      <trkpt lat="59.9780044890940189361572265625" lon="30.32122367061674594879150390625">
        <ele>-8.6000003814697265625</ele>
        <time>2025-06-06T07:40:47.000Z</time>
        <extensions>
          <ns3:TrackPointExtension>
            <ns3:atemp>22.0</ns3:atemp>
            <ns3:hr>129</ns3:hr>
          </ns3:TrackPointExtension>
        </extensions>
      </trkpt>
      <trkpt lat="59.97790231369435787200927734375" lon="30.321061313152313232421875">
        <ele>-9.6000003814697265625</ele>
        <time>2025-06-06T07:40:49.000Z</time>
        <extensions>
          <ns3:TrackPointExtension>
            <ns3:atemp>22.0</ns3:atemp>
            <ns3:hr>127</ns3:hr>
          </ns3:TrackPointExtension>
        </extensions>
      </trkpt>
      <trkpt lat="59.9778636731207370758056640625" lon="30.321002639830112457275390625">
        <ele>-9.80000019073486328125</ele>
        <time>2025-06-06T07:40:50.000Z</time>
        <extensions>
          <ns3:TrackPointExtension>
            <ns3:atemp>22.0</ns3:atemp>
            <ns3:hr>129</ns3:hr>
          </ns3:TrackPointExtension>
        </extensions>
      </trkpt>
      <trkpt lat="59.97778010554611682891845703125" lon="30.32084112055599689483642578125">
        <ele>-10.6000003814697265625</ele>
        <time>2025-06-06T07:40:52.000Z</time>
        <extensions>
          <ns3:TrackPointExtension>
            <ns3:atemp>22.0</ns3:atemp>
            <ns3:hr>128</ns3:hr>
          </ns3:TrackPointExtension>
        </extensions>
      </trkpt>
      <trkpt lat="59.97762956656515598297119140625" lon="30.3205578960478305816650390625">
        <ele>-11.19999980926513671875</ele>
        <time>2025-06-06T07:40:56.000Z</time>
        <extensions>
          <ns3:TrackPointExtension>
            <ns3:atemp>22.0</ns3:atemp>
            <ns3:hr>125</ns3:hr>
          </ns3:TrackPointExtension>
        </extensions>
      </trkpt>
      <trkpt lat="59.977518506348133087158203125" lon="30.32035698182880878448486328125">
        <ele>-11.3999996185302734375</ele>
        <time>2025-06-06T07:40:59.000Z</time>
        <extensions>
          <ns3:TrackPointExtension>
            <ns3:atemp>22.0</ns3:atemp>
            <ns3:hr>127</ns3:hr>
          </ns3:TrackPointExtension>
        </extensions>
      </trkpt>
      <trkpt lat="59.97740593738853931427001953125" lon="30.32006160356104373931884765625">
        <ele>-11.80000019073486328125</ele>
        <time>2025-06-06T07:41:02.000Z</time>
        <extensions>
          <ns3:TrackPointExtension>
            <ns3:atemp>22.0</ns3:atemp>
            <ns3:hr>127</ns3:hr>
          </ns3:TrackPointExtension>
        </extensions>
      </trkpt>
      <trkpt lat="59.977264367043972015380859375" lon="30.31971442513167858123779296875">
        <ele>-12.6000003814697265625</ele>
        <time>2025-06-06T07:41:06.000Z</time>
        <extensions>
          <ns3:TrackPointExtension>
            <ns3:atemp>22.0</ns3:atemp>
            <ns3:hr>126</ns3:hr>
          </ns3:TrackPointExtension>
        </extensions>
      </trkpt>
      <trkpt lat="59.97722371481359004974365234375" lon="30.31963446177542209625244140625">
        <ele>-13.19999980926513671875</ele>
        <time>2025-06-06T07:41:07.000Z</time>
        <extensions>
          <ns3:TrackPointExtension>
            <ns3:atemp>22.0</ns3:atemp>
            <ns3:hr>126</ns3:hr>
          </ns3:TrackPointExtension>
        </extensions>
      </trkpt>
      <trkpt lat="59.97709899209439754486083984375" lon="30.31940613873302936553955078125">
        <ele>-14.19999980926513671875</ele>
        <time>2025-06-06T07:41:10.000Z</time>
        <extensions>
          <ns3:TrackPointExtension>
            <ns3:atemp>22.0</ns3:atemp>
            <ns3:hr>124</ns3:hr>
          </ns3:TrackPointExtension>
        </extensions>
      </trkpt>
      <trkpt lat="59.9770046956837177276611328125" lon="30.31929683871567249298095703125">
        <ele>-14.6000003814697265625</ele>
        <time>2025-06-06T07:41:12.000Z</time>
        <extensions>
          <ns3:TrackPointExtension>
            <ns3:atemp>22.0</ns3:atemp>
            <ns3:hr>126</ns3:hr>
          </ns3:TrackPointExtension>
        </extensions>
      </trkpt>
      <trkpt lat="59.97683026827871799468994140625" lon="30.3190377540886402130126953125">
        <ele>-15.19999980926513671875</ele>
        <time>2025-06-06T07:41:16.000Z</time>
        <extensions>
          <ns3:TrackPointExtension>
            <ns3:atemp>22.0</ns3:atemp>
          </ns3:TrackPointExtension>
        </extensions>
      </trkpt>
      <trkpt lat="59.97669682838022708892822265625" lon="30.31888327561318874359130859375">
        <ele>-15.80000019073486328125</ele>
        <time>2025-06-06T07:41:19.000Z</time>
        <extensions>
          <ns3:TrackPointExtension>
            <ns3:atemp>22.0</ns3:atemp>
          </ns3:TrackPointExtension>
        </extensions>
      </trkpt>
      <trkpt lat="59.9765597842633724212646484375" lon="30.31874497421085834503173828125">
        <ele>-16.3999996185302734375</ele>
        <time>2025-06-06T07:41:22.000Z</time>
        <extensions>
          <ns3:TrackPointExtension>
            <ns3:atemp>22.0</ns3:atemp>
          </ns3:TrackPointExtension>
        </extensions>
      </trkpt>
      <trkpt lat="59.976390637457370758056640625" lon="30.3185747377574443817138671875">
        <ele>-17</ele>
        <time>2025-06-06T07:41:26.000Z</time>
        <extensions>
          <ns3:TrackPointExtension>
            <ns3:atemp>22.0</ns3:atemp>
          </ns3:TrackPointExtension>
        </extensions>
      </trkpt>
      <trkpt lat="59.97628577984869480133056640625" lon="30.318457894027233123779296875">
        <ele>-17.3999996185302734375</ele>
        <time>2025-06-06T07:41:30.000Z</time>
        <extensions>
          <ns3:TrackPointExtension>
            <ns3:atemp>22.0</ns3:atemp>
          </ns3:TrackPointExtension>
        </extensions>
      </trkpt>
      <trkpt lat="59.97627488337457180023193359375" lon="30.318429060280323028564453125">
        <ele>-17.6000003814697265625</ele>
        <time>2025-06-06T07:41:31.000Z</time>
        <extensions>
          <ns3:TrackPointExtension>
            <ns3:atemp>22.0</ns3:atemp>
          </ns3:TrackPointExtension>
        </extensions>
      </trkpt>
      <trkpt lat="59.97626080177724361419677734375" lon="30.31840969808399677276611328125">
        <ele>-17.799999237060546875</ele>
        <time>2025-06-06T07:41:33.000Z</time>
        <extensions>
          <ns3:TrackPointExtension>
            <ns3:atemp>22.0</ns3:atemp>
            <ns3:hr>117</ns3:hr>
          </ns3:TrackPointExtension>
        </extensions>
      </trkpt>
      <trkpt lat="59.97624739073216915130615234375" lon="30.318437106907367706298828125">
        <ele>-18</ele>
        <time>2025-06-06T07:41:34.000Z</time>
        <extensions>
          <ns3:TrackPointExtension>
            <ns3:atemp>22.0</ns3:atemp>
            <ns3:hr>117</ns3:hr>
          </ns3:TrackPointExtension>
        </extensions>
      </trkpt>
      <trkpt lat="59.97623314149677753448486328125" lon="30.31848932616412639617919921875">
        <ele>-18</ele>
        <time>2025-06-06T07:41:35.000Z</time>
        <extensions>
          <ns3:TrackPointExtension>
            <ns3:atemp>22.0</ns3:atemp>
            <ns3:hr>118</ns3:hr>
          </ns3:TrackPointExtension>
        </extensions>
      </trkpt>
      <trkpt lat="59.97618989087641239166259765625" lon="30.31849284656345844268798828125">
        <ele>-18.200000762939453125</ele>
        <time>2025-06-06T07:41:36.000Z</time>
        <extensions>
          <ns3:TrackPointExtension>
            <ns3:atemp>22.0</ns3:atemp>
            <ns3:hr>116</ns3:hr>
          </ns3:TrackPointExtension>
        </extensions>
      </trkpt>
      <trkpt lat="59.976175725460052490234375" lon="30.3186179883778095245361328125">
        <ele>-18.200000762939453125</ele>
        <time>2025-06-06T07:41:39.000Z</time>
        <extensions>
          <ns3:TrackPointExtension>
            <ns3:atemp>22.0</ns3:atemp>
            <ns3:hr>115</ns3:hr>
          </ns3:TrackPointExtension>
        </extensions>
      </trkpt>
      <trkpt lat="59.97616591863334178924560546875" lon="30.318730808794498443603515625">
        <ele>-18.200000762939453125</ele>
        <time>2025-06-06T07:41:40.000Z</time>
        <extensions>
          <ns3:TrackPointExtension>
            <ns3:atemp>22.0</ns3:atemp>
            <ns3:hr>115</ns3:hr>
          </ns3:TrackPointExtension>
        </extensions>
      </trkpt>
      <trkpt lat="59.97618402354419231414794921875" lon="30.3188738040626049041748046875">
        <ele>-18.3999996185302734375</ele>
        <time>2025-06-06T07:41:42.000Z</time>
        <extensions>
          <ns3:TrackPointExtension>
            <ns3:atemp>22.0</ns3:atemp>
            <ns3:hr>113</ns3:hr>
          </ns3:TrackPointExtension>
        </extensions>
      </trkpt>
      <trkpt lat="59.97617295943200588226318359375" lon="30.3189019672572612762451171875">
        <ele>-18.3999996185302734375</ele>
        <time>2025-06-06T07:41:43.000Z</time>
        <extensions>
          <ns3:TrackPointExtension>
            <ns3:atemp>22.0</ns3:atemp>
            <ns3:hr>113</ns3:hr>
          </ns3:TrackPointExtension>
        </extensions>
      </trkpt>
      <trkpt lat="59.9761581234633922576904296875" lon="30.3189318068325519561767578125">
        <ele>-18.6000003814697265625</ele>
        <time>2025-06-06T07:41:44.000Z</time>
        <extensions>
          <ns3:TrackPointExtension>
            <ns3:atemp>22.0</ns3:atemp>
            <ns3:hr>113</ns3:hr>
          </ns3:TrackPointExtension>
        </extensions>
      </trkpt>
      <trkpt lat="59.9760991148650646209716796875" lon="30.3189289569854736328125">
        <ele>-19.3999996185302734375</ele>
        <time>2025-06-06T07:41:46.000Z</time>
        <extensions>
          <ns3:TrackPointExtension>
            <ns3:atemp>22.0</ns3:atemp>
            <ns3:hr>110</ns3:hr>
          </ns3:TrackPointExtension>
        </extensions>
      </trkpt>
      <trkpt lat="59.9759170599281787872314453125" lon="30.31847256235778331756591796875">
        <ele>-19.6000003814697265625</ele>
        <time>2025-06-06T07:41:52.000Z</time>
        <extensions>
          <ns3:TrackPointExtension>
            <ns3:atemp>22.0</ns3:atemp>
            <ns3:hr>111</ns3:hr>
          </ns3:TrackPointExtension>
        </extensions>
      </trkpt>
      <trkpt lat="59.975845478475093841552734375" lon="30.318280197679996490478515625">
        <ele>-19.3999996185302734375</ele>
        <time>2025-06-06T07:41:54.000Z</time>
        <extensions>
          <ns3:TrackPointExtension>
            <ns3:atemp>22.0</ns3:atemp>
            <ns3:hr>108</ns3:hr>
          </ns3:TrackPointExtension>
        </extensions>
      </trkpt>
      <trkpt lat="59.975756965577602386474609375" lon="30.318041481077671051025390625">
        <ele>-19.200000762939453125</ele>
        <time>2025-06-06T07:41:57.000Z</time>
        <extensions>
          <ns3:TrackPointExtension>
            <ns3:atemp>22.0</ns3:atemp>
            <ns3:hr>110</ns3:hr>
          </ns3:TrackPointExtension>
        </extensions>
      </trkpt>
      <trkpt lat="59.97573559172451496124267578125" lon="30.31796730123460292816162109375">
        <ele>-19.3999996185302734375</ele>
        <time>2025-06-06T07:41:58.000Z</time>
        <extensions>
          <ns3:TrackPointExtension>
            <ns3:atemp>22.0</ns3:atemp>
            <ns3:hr>113</ns3:hr>
          </ns3:TrackPointExtension>
        </extensions>
      </trkpt>
      <trkpt lat="59.97567239217460155487060546875" lon="30.3178421594202518463134765625">
        <ele>-19.6000003814697265625</ele>
        <time>2025-06-06T07:42:00.000Z</time>
        <extensions>
          <ns3:TrackPointExtension>
            <ns3:atemp>22.0</ns3:atemp>
            <ns3:hr>117</ns3:hr>
          </ns3:TrackPointExtension>
        </extensions>
      </trkpt>
      <trkpt lat="59.9755975417792797088623046875" lon="30.31775775365531444549560546875">
        <ele>-19.799999237060546875</ele>
        <time>2025-06-06T07:42:02.000Z</time>
        <extensions>
          <ns3:TrackPointExtension>
            <ns3:atemp>22.0</ns3:atemp>
            <ns3:hr>118</ns3:hr>
          </ns3:TrackPointExtension>
        </extensions>
      </trkpt>
      <trkpt lat="59.97550844214856624603271484375" lon="30.31765758991241455078125">
        <ele>-19.799999237060546875</ele>
        <time>2025-06-06T07:42:04.000Z</time>
        <extensions>
          <ns3:TrackPointExtension>
            <ns3:atemp>22.0</ns3:atemp>
            <ns3:hr>122</ns3:hr>
          </ns3:TrackPointExtension>
        </extensions>
      </trkpt>
      <trkpt lat="59.9753125570714473724365234375" lon="30.31756731681525707244873046875">
        <ele>-19.3999996185302734375</ele>
        <time>2025-06-06T07:42:08.000Z</time>
        <extensions>
          <ns3:TrackPointExtension>
            <ns3:atemp>22.0</ns3:atemp>
            <ns3:hr>124</ns3:hr>
          </ns3:TrackPointExtension>
        </extensions>
      </trkpt>
      <trkpt lat="59.97516461648046970367431640625" lon="30.31747008673846721649169921875">
        <ele>-19.200000762939453125</ele>
        <time>2025-06-06T07:42:12.000Z</time>
        <extensions>
          <ns3:TrackPointExtension>
            <ns3:atemp>22.0</ns3:atemp>
            <ns3:hr>121</ns3:hr>
          </ns3:TrackPointExtension>
        </extensions>
      </trkpt>
      <trkpt lat="59.97512455098330974578857421875" lon="30.317442677915096282958984375">
        <ele>-19.3999996185302734375</ele>
        <time>2025-06-06T07:42:13.000Z</time>
        <extensions>
          <ns3:TrackPointExtension>
            <ns3:atemp>22.0</ns3:atemp>
            <ns3:hr>121</ns3:hr>
          </ns3:TrackPointExtension>
        </extensions>
      </trkpt>
      <trkpt lat="59.97483604587614536285400390625" lon="30.31729088164865970611572265625">
        <ele>-19.6000003814697265625</ele>
        <time>2025-06-06T07:42:19.000Z</time>
        <extensions>
          <ns3:TrackPointExtension>
            <ns3:atemp>22.0</ns3:atemp>
            <ns3:hr>119</ns3:hr>
          </ns3:TrackPointExtension>
        </extensions>
      </trkpt>
      <trkpt lat="59.9747281707823276519775390625" lon="30.31718350946903228759765625">
        <ele>-19.799999237060546875</ele>
        <time>2025-06-06T07:42:22.000Z</time>
        <extensions>
          <ns3:TrackPointExtension>
            <ns3:atemp>22.0</ns3:atemp>
            <ns3:hr>122</ns3:hr>
          </ns3:TrackPointExtension>
        </extensions>
      </trkpt>
      <trkpt lat="59.97456966899335384368896484375" lon="30.31712718307971954345703125">
        <ele>-20.200000762939453125</ele>
        <time>2025-06-06T07:42:25.000Z</time>
        <extensions>
          <ns3:TrackPointExtension>
            <ns3:atemp>22.0</ns3:atemp>
            <ns3:hr>122</ns3:hr>
          </ns3:TrackPointExtension>
        </extensions>
      </trkpt>
      <trkpt lat="59.97423045337200164794921875" lon="30.31692526303231716156005859375">
        <ele>-19.799999237060546875</ele>
        <time>2025-06-06T07:42:32.000Z</time>
        <extensions>
          <ns3:TrackPointExtension>
            <ns3:atemp>22.0</ns3:atemp>
            <ns3:hr>120</ns3:hr>
          </ns3:TrackPointExtension>
        </extensions>
      </trkpt>
      <trkpt lat="59.9739481508731842041015625" lon="30.31675343401730060577392578125">
        <ele>-20</ele>
        <time>2025-06-06T07:42:38.000Z</time>
        <extensions>
          <ns3:TrackPointExtension>
            <ns3:atemp>22.0</ns3:atemp>
            <ns3:hr>123</ns3:hr>
          </ns3:TrackPointExtension>
        </extensions>
      </trkpt>
      <trkpt lat="59.97390615753829479217529296875" lon="30.3167220018804073333740234375">
        <ele>-20</ele>
        <time>2025-06-06T07:42:39.000Z</time>
        <extensions>
          <ns3:TrackPointExtension>
            <ns3:atemp>22.0</ns3:atemp>
            <ns3:hr>124</ns3:hr>
          </ns3:TrackPointExtension>
        </extensions>
      </trkpt>
      <trkpt lat="59.973670877516269683837890625" lon="30.3165168128907680511474609375">
        <ele>-20</ele>
        <time>2025-06-06T07:42:45.000Z</time>
        <extensions>
          <ns3:TrackPointExtension>
            <ns3:atemp>22.0</ns3:atemp>
            <ns3:hr>121</ns3:hr>
          </ns3:TrackPointExtension>
        </extensions>
      </trkpt>
      <trkpt lat="59.9734608270227909088134765625" lon="30.316345989704132080078125">
        <ele>-20</ele>
        <time>2025-06-06T07:42:50.000Z</time>
        <extensions>
          <ns3:TrackPointExtension>
            <ns3:atemp>22.0</ns3:atemp>
            <ns3:hr>121</ns3:hr>
          </ns3:TrackPointExtension>
        </extensions>
      </trkpt>
      <trkpt lat="59.9734172411262989044189453125" lon="30.31631204299628734588623046875">
        <ele>-20.200000762939453125</ele>
        <time>2025-06-06T07:42:51.000Z</time>
        <extensions>
          <ns3:TrackPointExtension>
            <ns3:atemp>22.0</ns3:atemp>
            <ns3:hr>120</ns3:hr>
          </ns3:TrackPointExtension>
        </extensions>
      </trkpt>
      <trkpt lat="59.973180703818798065185546875" lon="30.3160541318356990814208984375">
        <ele>-20.799999237060546875</ele>
        <time>2025-06-06T07:42:56.000Z</time>
        <extensions>
          <ns3:TrackPointExtension>
            <ns3:atemp>22.0</ns3:atemp>
            <ns3:hr>120</ns3:hr>
          </ns3:TrackPointExtension>
        </extensions>
      </trkpt>
      <trkpt lat="59.973134100437164306640625" lon="30.316023118793964385986328125">
        <ele>-21</ele>
        <time>2025-06-06T07:42:57.000Z</time>
        <extensions>
          <ns3:TrackPointExtension>
            <ns3:atemp>22.0</ns3:atemp>
            <ns3:hr>119</ns3:hr>
          </ns3:TrackPointExtension>
        </extensions>
      </trkpt>
      <trkpt lat="59.972734116017818450927734375" lon="30.31573218293488025665283203125">
        <ele>-20</ele>
        <time>2025-06-06T07:43:05.000Z</time>
        <extensions>
          <ns3:TrackPointExtension>
            <ns3:atemp>22.0</ns3:atemp>
            <ns3:hr>120</ns3:hr>
          </ns3:TrackPointExtension>
        </extensions>
      </trkpt>
      <trkpt lat="59.97268038801848888397216796875" lon="30.31569312326610088348388671875">
        <ele>-19.3999996185302734375</ele>
        <time>2025-06-06T07:43:06.000Z</time>
        <extensions>
          <ns3:TrackPointExtension>
            <ns3:atemp>22.0</ns3:atemp>
            <ns3:hr>121</ns3:hr>
          </ns3:TrackPointExtension>
        </extensions>
      </trkpt>
      <trkpt lat="59.972297586500644683837890625" lon="30.31536388210952281951904296875">
        <ele>-19</ele>
        <time>2025-06-06T07:43:13.000Z</time>
        <extensions>
          <ns3:TrackPointExtension>
            <ns3:atemp>22.0</ns3:atemp>
            <ns3:hr>122</ns3:hr>
          </ns3:TrackPointExtension>
        </extensions>
      </trkpt>
      <trkpt lat="59.97198703698813915252685546875" lon="30.315227843821048736572265625">
        <ele>-19.799999237060546875</ele>
        <time>2025-06-06T07:43:20.000Z</time>
        <extensions>
          <ns3:TrackPointExtension>
            <ns3:atemp>22.0</ns3:atemp>
            <ns3:hr>121</ns3:hr>
          </ns3:TrackPointExtension>
        </extensions>
      </trkpt>
      <trkpt lat="59.9717740528285503387451171875" lon="30.3151254169642925262451171875">
        <ele>-19.6000003814697265625</ele>
        <time>2025-06-06T07:43:26.000Z</time>
        <extensions>
          <ns3:TrackPointExtension>
            <ns3:atemp>22.0</ns3:atemp>
            <ns3:hr>122</ns3:hr>
          </ns3:TrackPointExtension>
        </extensions>
      </trkpt>
      <trkpt lat="59.971615634858608245849609375" lon="30.3149561025202274322509765625">
        <ele>-19.6000003814697265625</ele>
        <time>2025-06-06T07:43:31.000Z</time>
        <extensions>
          <ns3:TrackPointExtension>
            <ns3:atemp>22.0</ns3:atemp>
            <ns3:hr>120</ns3:hr>
          </ns3:TrackPointExtension>
        </extensions>
      </trkpt>
      <trkpt lat="59.97131028212606906890869140625" lon="30.31475719995796680450439453125">
        <ele>-18.6000003814697265625</ele>
        <time>2025-06-06T07:43:37.000Z</time>
        <extensions>
          <ns3:TrackPointExtension>
            <ns3:atemp>22.0</ns3:atemp>
            <ns3:hr>120</ns3:hr>
          </ns3:TrackPointExtension>
        </extensions>
      </trkpt>
      <trkpt lat="59.97126661241054534912109375" lon="30.31473758630454540252685546875">
        <ele>-18.200000762939453125</ele>
        <time>2025-06-06T07:43:38.000Z</time>
        <extensions>
          <ns3:TrackPointExtension>
            <ns3:atemp>22.0</ns3:atemp>
            <ns3:hr>121</ns3:hr>
          </ns3:TrackPointExtension>
        </extensions>
      </trkpt>
      <trkpt lat="59.9711832962930202484130859375" lon="30.31471562571823596954345703125">
        <ele>-18.799999237060546875</ele>
        <time>2025-06-06T07:43:41.000Z</time>
        <extensions>
          <ns3:TrackPointExtension>
            <ns3:atemp>22.0</ns3:atemp>
            <ns3:hr>119</ns3:hr>
          </ns3:TrackPointExtension>
        </extensions>
      </trkpt>
      <trkpt lat="59.9711554683744907379150390625" lon="30.31468679197132587432861328125">
        <ele>-18.6000003814697265625</ele>
        <time>2025-06-06T07:43:45.000Z</time>
        <extensions>
          <ns3:TrackPointExtension>
            <ns3:atemp>22.0</ns3:atemp>
            <ns3:hr>122</ns3:hr>
          </ns3:TrackPointExtension>
        </extensions>
      </trkpt>
      <trkpt lat="59.97115337289869785308837890625" lon="30.31467941589653491973876953125">
        <ele>-18.6000003814697265625</ele>
        <time>2025-06-06T07:43:46.000Z</time>
        <extensions>
          <ns3:TrackPointExtension>
            <ns3:atemp>22.0</ns3:atemp>
            <ns3:hr>122</ns3:hr>
          </ns3:TrackPointExtension>
        </extensions>
      </trkpt>
      <trkpt lat="59.9711532890796661376953125" lon="30.3146533481776714324951171875">
        <ele>-18.799999237060546875</ele>
        <time>2025-06-06T07:43:53.000Z</time>
        <extensions>
          <ns3:TrackPointExtension>
            <ns3:atemp>22.0</ns3:atemp>
            <ns3:hr>119</ns3:hr>
          </ns3:TrackPointExtension>
        </extensions>
      </trkpt>
      <trkpt lat="59.97115320526063442230224609375" lon="30.31465343199670314788818359375">
        <ele>-18.799999237060546875</ele>
        <time>2025-06-06T07:43:54.000Z</time>
        <extensions>
          <ns3:TrackPointExtension>
            <ns3:atemp>22.0</ns3:atemp>
            <ns3:hr>117</ns3:hr>
          </ns3:TrackPointExtension>
        </extensions>
      </trkpt>
      <trkpt lat="59.97115370817482471466064453125" lon="30.3146533481776714324951171875">
        <ele>-18.799999237060546875</ele>
        <time>2025-06-06T07:43:55.000Z</time>
        <extensions>
          <ns3:TrackPointExtension>
            <ns3:atemp>22.0</ns3:atemp>
            <ns3:hr>121</ns3:hr>
          </ns3:TrackPointExtension>
        </extensions>
      </trkpt>
      <trkpt lat="59.97115404345095157623291015625" lon="30.31465192325413227081298828125">
        <ele>-18.799999237060546875</ele>
        <time>2025-06-06T07:43:57.000Z</time>
        <extensions>
          <ns3:TrackPointExtension>
            <ns3:atemp>22.0</ns3:atemp>
            <ns3:hr>118</ns3:hr>
          </ns3:TrackPointExtension>
        </extensions>
      </trkpt>
      <trkpt lat="59.971154965460300445556640625" lon="30.3146523423492908477783203125">
        <ele>-18.799999237060546875</ele>
        <time>2025-06-06T07:44:03.000Z</time>
        <extensions>
          <ns3:TrackPointExtension>
            <ns3:atemp>22.0</ns3:atemp>
            <ns3:hr>115</ns3:hr>
          </ns3:TrackPointExtension>
        </extensions>
      </trkpt>
      <trkpt lat="59.971155636012554168701171875" lon="30.31465192325413227081298828125">
        <ele>-18.799999237060546875</ele>
        <time>2025-06-06T07:44:06.000Z</time>
        <extensions>
          <ns3:TrackPointExtension>
            <ns3:atemp>22.0</ns3:atemp>
            <ns3:hr>112</ns3:hr>
          </ns3:TrackPointExtension>
        </extensions>
      </trkpt>
      <trkpt lat="59.97115588746964931488037109375" lon="30.3146513365209102630615234375">
        <ele>-18.799999237060546875</ele>
        <time>2025-06-06T07:44:07.000Z</time>
        <extensions>
          <ns3:TrackPointExtension>
            <ns3:atemp>22.0</ns3:atemp>
            <ns3:hr>112</ns3:hr>
          </ns3:TrackPointExtension>
        </extensions>
      </trkpt>
      <trkpt lat="59.97115789912641048431396484375" lon="30.3146567009389400482177734375">
        <ele>-18.799999237060546875</ele>
        <time>2025-06-06T07:44:18.000Z</time>
        <extensions>
          <ns3:TrackPointExtension>
            <ns3:atemp>22.0</ns3:atemp>
            <ns3:hr>109</ns3:hr>
          </ns3:TrackPointExtension>
        </extensions>
      </trkpt>
      <trkpt lat="59.9711581505835056304931640625" lon="30.31465695239603519439697265625">
        <ele>-18.799999237060546875</ele>
        <time>2025-06-06T07:44:24.000Z</time>
        <extensions>
          <ns3:TrackPointExtension>
            <ns3:atemp>22.0</ns3:atemp>
            <ns3:hr>106</ns3:hr>
          </ns3:TrackPointExtension>
        </extensions>
      </trkpt>
      <trkpt lat="59.97115823440253734588623046875" lon="30.3146567009389400482177734375">
        <ele>-18.799999237060546875</ele>
        <time>2025-06-06T07:44:26.000Z</time>
        <extensions>
          <ns3:TrackPointExtension>
            <ns3:atemp>22.0</ns3:atemp>
            <ns3:hr>108</ns3:hr>
          </ns3:TrackPointExtension>
        </extensions>
      </trkpt>
      <trkpt lat="59.971158318221569061279296875" lon="30.314656533300876617431640625">
        <ele>-18.799999237060546875</ele>
        <time>2025-06-06T07:44:27.000Z</time>
        <extensions>
          <ns3:TrackPointExtension>
            <ns3:atemp>22.0</ns3:atemp>
            <ns3:hr>111</ns3:hr>
          </ns3:TrackPointExtension>
        </extensions>
      </trkpt>
      <trkpt lat="59.97115932404994964599609375" lon="30.31465628184378147125244140625">
        <ele>-18.799999237060546875</ele>
        <time>2025-06-06T07:44:31.000Z</time>
        <extensions>
          <ns3:TrackPointExtension>
            <ns3:atemp>22.0</ns3:atemp>
            <ns3:hr>115</ns3:hr>
          </ns3:TrackPointExtension>
        </extensions>
      </trkpt>
      <trkpt lat="59.9711631797254085540771484375" lon="30.314650498330593109130859375">
        <ele>-18.799999237060546875</ele>
        <time>2025-06-06T07:44:34.000Z</time>
        <extensions>
          <ns3:TrackPointExtension>
            <ns3:atemp>22.0</ns3:atemp>
            <ns3:hr>118</ns3:hr>
          </ns3:TrackPointExtension>
        </extensions>
      </trkpt>
      <trkpt lat="59.9711682088673114776611328125" lon="30.3146335668861865997314453125">
        <ele>-18.799999237060546875</ele>
        <time>2025-06-06T07:44:35.000Z</time>
        <extensions>
          <ns3:TrackPointExtension>
            <ns3:atemp>22.0</ns3:atemp>
            <ns3:hr>116</ns3:hr>
          </ns3:TrackPointExtension>
        </extensions>
      </trkpt>
      <trkpt lat="59.971184469759464263916015625" lon="30.3144924156367778778076171875">
        <ele>-18.799999237060546875</ele>
        <time>2025-06-06T07:44:39.000Z</time>
        <extensions>
          <ns3:TrackPointExtension>
            <ns3:atemp>22.0</ns3:atemp>
            <ns3:hr>112</ns3:hr>
          </ns3:TrackPointExtension>
        </extensions>
      </trkpt>
      <trkpt lat="59.9711425602436065673828125" lon="30.31428873538970947265625">
        <ele>-19.200000762939453125</ele>
        <time>2025-06-06T07:44:44.000Z</time>
        <extensions>
          <ns3:TrackPointExtension>
            <ns3:atemp>22.0</ns3:atemp>
            <ns3:hr>113</ns3:hr>
          </ns3:TrackPointExtension>
        </extensions>
      </trkpt>
      <trkpt lat="59.97112101875245571136474609375" lon="30.31428462825715541839599609375">
        <ele>-18.799999237060546875</ele>
        <time>2025-06-06T07:44:47.000Z</time>
        <extensions>
          <ns3:TrackPointExtension>
            <ns3:atemp>22.0</ns3:atemp>
            <ns3:hr>110</ns3:hr>
          </ns3:TrackPointExtension>
        </extensions>
      </trkpt>
      <trkpt lat="59.97109897434711456298828125" lon="30.314292423427104949951171875">
        <ele>-18.200000762939453125</ele>
        <time>2025-06-06T07:44:51.000Z</time>
        <extensions>
          <ns3:TrackPointExtension>
            <ns3:atemp>22.0</ns3:atemp>
            <ns3:hr>111</ns3:hr>
          </ns3:TrackPointExtension>
        </extensions>
      </trkpt>
      <trkpt lat="59.9710880778729915618896484375" lon="30.3143143840134143829345703125">
        <ele>-18.6000003814697265625</ele>
        <time>2025-06-06T07:44:57.000Z</time>
        <extensions>
          <ns3:TrackPointExtension>
            <ns3:atemp>22.0</ns3:atemp>
            <ns3:hr>115</ns3:hr>
          </ns3:TrackPointExtension>
        </extensions>
      </trkpt>
      <trkpt lat="59.9710991419851779937744140625" lon="30.31428798101842403411865234375">
        <ele>-18.799999237060546875</ele>
        <time>2025-06-06T07:44:59.000Z</time>
        <extensions>
          <ns3:TrackPointExtension>
            <ns3:atemp>22.0</ns3:atemp>
            <ns3:hr>117</ns3:hr>
          </ns3:TrackPointExtension>
        </extensions>
      </trkpt>
      <trkpt lat="59.97110459022223949432373046875" lon="30.31428328715264797210693359375">
        <ele>-19</ele>
        <time>2025-06-06T07:45:01.000Z</time>
        <extensions>
          <ns3:TrackPointExtension>
            <ns3:atemp>22.0</ns3:atemp>
            <ns3:hr>120</ns3:hr>
          </ns3:TrackPointExtension>
        </extensions>
      </trkpt>
      <trkpt lat="59.9711102060973644256591796875" lon="30.31426551751792430877685546875">
        <ele>-19</ele>
        <time>2025-06-06T07:45:05.000Z</time>
        <extensions>
          <ns3:TrackPointExtension>
            <ns3:atemp>22.0</ns3:atemp>
            <ns3:hr>123</ns3:hr>
          </ns3:TrackPointExtension>
        </extensions>
      </trkpt>
      <trkpt lat="59.9711108766496181488037109375" lon="30.31426400877535343170166015625">
        <ele>-19</ele>
        <time>2025-06-06T07:45:08.000Z</time>
        <extensions>
          <ns3:TrackPointExtension>
            <ns3:atemp>22.0</ns3:atemp>
            <ns3:hr>120</ns3:hr>
          </ns3:TrackPointExtension>
        </extensions>
      </trkpt>
      <trkpt lat="59.97110727243125438690185546875" lon="30.31426124274730682373046875">
        <ele>-19.200000762939453125</ele>
        <time>2025-06-06T07:45:09.000Z</time>
        <extensions>
          <ns3:TrackPointExtension>
            <ns3:atemp>22.0</ns3:atemp>
            <ns3:hr>118</ns3:hr>
          </ns3:TrackPointExtension>
        </extensions>
      </trkpt>
      <trkpt lat="59.9710974656045436859130859375" lon="30.31425210647284984588623046875">
        <ele>-19.200000762939453125</ele>
        <time>2025-06-06T07:45:10.000Z</time>
        <extensions>
          <ns3:TrackPointExtension>
            <ns3:atemp>22.0</ns3:atemp>
            <ns3:hr>117</ns3:hr>
          </ns3:TrackPointExtension>
        </extensions>
      </trkpt>
      <trkpt lat="59.9710190109908580780029296875" lon="30.31422696076333522796630859375">
        <ele>-19.200000762939453125</ele>
        <time>2025-06-06T07:45:13.000Z</time>
        <extensions>
          <ns3:TrackPointExtension>
            <ns3:atemp>22.0</ns3:atemp>
            <ns3:hr>116</ns3:hr>
          </ns3:TrackPointExtension>
        </extensions>
      </trkpt>
      <trkpt lat="59.97097517363727092742919921875" lon="30.31421002931892871856689453125">
        <ele>-19.6000003814697265625</ele>
        <time>2025-06-06T07:45:14.000Z</time>
        <extensions>
          <ns3:TrackPointExtension>
            <ns3:atemp>22.0</ns3:atemp>
            <ns3:hr>116</ns3:hr>
          </ns3:TrackPointExtension>
        </extensions>
      </trkpt>
      <trkpt lat="59.97088029049336910247802734375" lon="30.31420147977769374847412109375">
        <ele>-20</ele>
        <time>2025-06-06T07:45:16.000Z</time>
        <extensions>
          <ns3:TrackPointExtension>
            <ns3:atemp>22.0</ns3:atemp>
            <ns3:hr>115</ns3:hr>
          </ns3:TrackPointExtension>
        </extensions>
      </trkpt>
      <trkpt lat="59.9707772769033908843994140625" lon="30.3141926787793636322021484375">
        <ele>-20.3999996185302734375</ele>
        <time>2025-06-06T07:45:18.000Z</time>
        <extensions>
          <ns3:TrackPointExtension>
            <ns3:atemp>22.0</ns3:atemp>
            <ns3:hr>114</ns3:hr>
          </ns3:TrackPointExtension>
        </extensions>
      </trkpt>
      <trkpt lat="59.97062078677117824554443359375" lon="30.3141749091446399688720703125">
        <ele>-21</ele>
        <time>2025-06-06T07:45:21.000Z</time>
        <extensions>
          <ns3:TrackPointExtension>
            <ns3:atemp>22.0</ns3:atemp>
            <ns3:hr>111</ns3:hr>
          </ns3:TrackPointExtension>
        </extensions>
      </trkpt>
      <trkpt lat="59.97041190974414348602294921875" lon="30.31417532823979854583740234375">
        <ele>-21.799999237060546875</ele>
        <time>2025-06-06T07:45:25.000Z</time>
        <extensions>
          <ns3:TrackPointExtension>
            <ns3:atemp>22.0</ns3:atemp>
            <ns3:hr>110</ns3:hr>
          </ns3:TrackPointExtension>
        </extensions>
      </trkpt>
      <trkpt lat="59.97018434107303619384765625" lon="30.31410827301442623138427734375">
        <ele>-19.3999996185302734375</ele>
        <time>2025-06-06T07:45:30.000Z</time>
        <extensions>
          <ns3:TrackPointExtension>
            <ns3:atemp>22.0</ns3:atemp>
            <ns3:hr>109</ns3:hr>
          </ns3:TrackPointExtension>
        </extensions>
      </trkpt>
      <trkpt lat="59.97014679014682769775390625" lon="30.3140889108180999755859375">
        <ele>-19</ele>
        <time>2025-06-06T07:45:31.000Z</time>
        <extensions>
          <ns3:TrackPointExtension>
            <ns3:atemp>22.0</ns3:atemp>
            <ns3:hr>109</ns3:hr>
          </ns3:TrackPointExtension>
        </extensions>
      </trkpt>
      <trkpt lat="59.96978779323399066925048828125" lon="30.31401188112795352935791015625">
        <ele>-19.6000003814697265625</ele>
        <time>2025-06-06T07:45:39.000Z</time>
        <extensions>
          <ns3:TrackPointExtension>
            <ns3:atemp>22.0</ns3:atemp>
            <ns3:hr>113</ns3:hr>
          </ns3:TrackPointExtension>
        </extensions>
      </trkpt>
      <trkpt lat="59.9697451293468475341796875" lon="30.3140146471560001373291015625">
        <ele>-19.6000003814697265625</ele>
        <time>2025-06-06T07:45:40.000Z</time>
        <extensions>
          <ns3:TrackPointExtension>
            <ns3:atemp>22.0</ns3:atemp>
            <ns3:hr>115</ns3:hr>
          </ns3:TrackPointExtension>
        </extensions>
      </trkpt>
      <trkpt lat="59.96955804526805877685546875" lon="30.31404306180775165557861328125">
        <ele>-19.6000003814697265625</ele>
        <time>2025-06-06T07:45:44.000Z</time>
        <extensions>
          <ns3:TrackPointExtension>
            <ns3:atemp>22.0</ns3:atemp>
            <ns3:hr>119</ns3:hr>
          </ns3:TrackPointExtension>
        </extensions>
      </trkpt>
      <trkpt lat="59.969479925930500030517578125" lon="30.314067788422107696533203125">
        <ele>-20</ele>
        <time>2025-06-06T07:45:46.000Z</time>
        <extensions>
          <ns3:TrackPointExtension>
            <ns3:atemp>22.0</ns3:atemp>
            <ns3:hr>123</ns3:hr>
          </ns3:TrackPointExtension>
        </extensions>
      </trkpt>
      <trkpt lat="59.9694071710109710693359375" lon="30.31408061273396015167236328125">
        <ele>-20.200000762939453125</ele>
        <time>2025-06-06T07:45:48.000Z</time>
        <extensions>
          <ns3:TrackPointExtension>
            <ns3:atemp>22.0</ns3:atemp>
            <ns3:hr>126</ns3:hr>
          </ns3:TrackPointExtension>
        </extensions>
      </trkpt>
      <trkpt lat="59.9693691171705722808837890625" lon="30.3140887431800365447998046875">
        <ele>-20.3999996185302734375</ele>
        <time>2025-06-06T07:45:49.000Z</time>
        <extensions>
          <ns3:TrackPointExtension>
            <ns3:atemp>22.0</ns3:atemp>
            <ns3:hr>127</ns3:hr>
          </ns3:TrackPointExtension>
        </extensions>
      </trkpt>
      <trkpt lat="59.9690881557762622833251953125" lon="30.314111374318599700927734375">
        <ele>-20.3999996185302734375</ele>
        <time>2025-06-06T07:45:56.000Z</time>
        <extensions>
          <ns3:TrackPointExtension>
            <ns3:atemp>23.0</ns3:atemp>
            <ns3:hr>126</ns3:hr>
          </ns3:TrackPointExtension>
        </extensions>
      </trkpt>
      <trkpt lat="59.96904901228845119476318359375" lon="30.31409938819706439971923828125">
        <ele>-20.3999996185302734375</ele>
        <time>2025-06-06T07:45:57.000Z</time>
        <extensions>
          <ns3:TrackPointExtension>
            <ns3:atemp>23.0</ns3:atemp>
            <ns3:hr>127</ns3:hr>
          </ns3:TrackPointExtension>
        </extensions>
      </trkpt>
      <trkpt lat="59.96882404200732707977294921875" lon="30.314056389033794403076171875">
        <ele>-19.6000003814697265625</ele>
        <time>2025-06-06T07:46:02.000Z</time>
        <extensions>
          <ns3:TrackPointExtension>
            <ns3:atemp>23.0</ns3:atemp>
            <ns3:hr>128</ns3:hr>
          </ns3:TrackPointExtension>
        </extensions>
      </trkpt>
      <trkpt lat="59.96865087188780307769775390625" lon="30.3140840493142604827880859375">
        <ele>-19.3999996185302734375</ele>
        <time>2025-06-06T07:46:06.000Z</time>
        <extensions>
          <ns3:TrackPointExtension>
            <ns3:atemp>23.0</ns3:atemp>
            <ns3:hr>127</ns3:hr>
          </ns3:TrackPointExtension>
        </extensions>
      </trkpt>
      <trkpt lat="59.96857392601668834686279296875" lon="30.314095281064510345458984375">
        <ele>-19</ele>
        <time>2025-06-06T07:46:08.000Z</time>
        <extensions>
          <ns3:TrackPointExtension>
            <ns3:atemp>23.0</ns3:atemp>
            <ns3:hr>125</ns3:hr>
          </ns3:TrackPointExtension>
        </extensions>
      </trkpt>
      <trkpt lat="59.96840645559132099151611328125" lon="30.31410324387252330780029296875">
        <ele>-18.799999237060546875</ele>
        <time>2025-06-06T07:46:12.000Z</time>
        <extensions>
          <ns3:TrackPointExtension>
            <ns3:atemp>23.0</ns3:atemp>
            <ns3:hr>121</ns3:hr>
          </ns3:TrackPointExtension>
        </extensions>
      </trkpt>
      <trkpt lat="59.96823496185243129730224609375" lon="30.3141088597476482391357421875">
        <ele>-18.6000003814697265625</ele>
        <time>2025-06-06T07:46:16.000Z</time>
        <extensions>
          <ns3:TrackPointExtension>
            <ns3:atemp>23.0</ns3:atemp>
            <ns3:hr>122</ns3:hr>
          </ns3:TrackPointExtension>
        </extensions>
      </trkpt>
      <trkpt lat="59.9681510590016841888427734375" lon="30.31410357914865016937255859375">
        <ele>-18.3999996185302734375</ele>
        <time>2025-06-06T07:46:18.000Z</time>
        <extensions>
          <ns3:TrackPointExtension>
            <ns3:atemp>23.0</ns3:atemp>
            <ns3:hr>124</ns3:hr>
          </ns3:TrackPointExtension>
        </extensions>
      </trkpt>
      <trkpt lat="59.96805458329617977142333984375" lon="30.314102657139301300048828125">
        <ele>-18</ele>
        <time>2025-06-06T07:46:21.000Z</time>
        <extensions>
          <ns3:TrackPointExtension>
            <ns3:atemp>23.0</ns3:atemp>
            <ns3:hr>127</ns3:hr>
          </ns3:TrackPointExtension>
        </extensions>
      </trkpt>
      <trkpt lat="59.968025498092174530029296875" lon="30.3141004778444766998291015625">
        <ele>-17.799999237060546875</ele>
        <time>2025-06-06T07:46:22.000Z</time>
        <extensions>
          <ns3:TrackPointExtension>
            <ns3:atemp>23.0</ns3:atemp>
            <ns3:hr>128</ns3:hr>
          </ns3:TrackPointExtension>
        </extensions>
      </trkpt>
      <trkpt lat="59.9679230712354183197021484375" lon="30.3140438161790370941162109375">
        <ele>-17.200000762939453125</ele>
        <time>2025-06-06T07:46:25.000Z</time>
        <extensions>
          <ns3:TrackPointExtension>
            <ns3:atemp>23.0</ns3:atemp>
            <ns3:hr>130</ns3:hr>
          </ns3:TrackPointExtension>
        </extensions>
      </trkpt>
      <trkpt lat="59.96781502850353717803955078125" lon="30.31399159692227840423583984375">
        <ele>-16.6000003814697265625</ele>
        <time>2025-06-06T07:46:28.000Z</time>
        <extensions>
          <ns3:TrackPointExtension>
            <ns3:atemp>23.0</ns3:atemp>
            <ns3:hr>128</ns3:hr>
          </ns3:TrackPointExtension>
        </extensions>
      </trkpt>
      <trkpt lat="59.967590309679508209228515625" lon="30.31395672820508480072021484375">
        <ele>-16.799999237060546875</ele>
        <time>2025-06-06T07:46:35.000Z</time>
        <extensions>
          <ns3:TrackPointExtension>
            <ns3:atemp>23.0</ns3:atemp>
            <ns3:hr>126</ns3:hr>
          </ns3:TrackPointExtension>
        </extensions>
      </trkpt>
      <trkpt lat="59.96756256558001041412353515625" lon="30.31395949423313140869140625">
        <ele>-16.799999237060546875</ele>
        <time>2025-06-06T07:46:36.000Z</time>
        <extensions>
          <ns3:TrackPointExtension>
            <ns3:atemp>23.0</ns3:atemp>
            <ns3:hr>129</ns3:hr>
          </ns3:TrackPointExtension>
        </extensions>
      </trkpt>
      <trkpt lat="59.9674255214631557464599609375" lon="30.3139781020581722259521484375">
        <ele>-17.3999996185302734375</ele>
        <time>2025-06-06T07:46:42.000Z</time>
        <extensions>
          <ns3:TrackPointExtension>
            <ns3:atemp>23.0</ns3:atemp>
            <ns3:hr>130</ns3:hr>
          </ns3:TrackPointExtension>
        </extensions>
      </trkpt>
      <trkpt lat="59.96734312735497951507568359375" lon="30.31395438127219676971435546875">
        <ele>-17.6000003814697265625</ele>
        <time>2025-06-06T07:46:45.000Z</time>
        <extensions>
          <ns3:TrackPointExtension>
            <ns3:atemp>23.0</ns3:atemp>
            <ns3:hr>133</ns3:hr>
          </ns3:TrackPointExtension>
        </extensions>
      </trkpt>
      <trkpt lat="59.96729786507785320281982421875" lon="30.31395136378705501556396484375">
        <ele>-17.6000003814697265625</ele>
        <time>2025-06-06T07:46:47.000Z</time>
        <extensions>
          <ns3:TrackPointExtension>
            <ns3:atemp>23.0</ns3:atemp>
            <ns3:hr>135</ns3:hr>
          </ns3:TrackPointExtension>
        </extensions>
      </trkpt>
      <trkpt lat="59.96702511794865131378173828125" lon="30.31386788003146648406982421875">
        <ele>-18</ele>
        <time>2025-06-06T07:46:54.000Z</time>
        <extensions>
          <ns3:TrackPointExtension>
            <ns3:atemp>23.0</ns3:atemp>
            <ns3:hr>136</ns3:hr>
          </ns3:TrackPointExtension>
        </extensions>
      </trkpt>
      <trkpt lat="59.9668803624808788299560546875" lon="30.3138228692114353179931640625">
        <ele>-18</ele>
        <time>2025-06-06T07:46:57.000Z</time>
        <extensions>
          <ns3:TrackPointExtension>
            <ns3:atemp>23.0</ns3:atemp>
            <ns3:hr>140</ns3:hr>
          </ns3:TrackPointExtension>
        </extensions>
      </trkpt>
      <trkpt lat="59.96684239245951175689697265625" lon="30.3138054348528385162353515625">
        <ele>-18.200000762939453125</ele>
        <time>2025-06-06T07:46:58.000Z</time>
        <extensions>
          <ns3:TrackPointExtension>
            <ns3:atemp>23.0</ns3:atemp>
            <ns3:hr>144</ns3:hr>
          </ns3:TrackPointExtension>
        </extensions>
      </trkpt>
      <trkpt lat="59.96681171469390392303466796875" lon="30.31379328109323978424072265625">
        <ele>-18.200000762939453125</ele>
        <time>2025-06-06T07:46:59.000Z</time>
        <extensions>
          <ns3:TrackPointExtension>
            <ns3:atemp>23.0</ns3:atemp>
            <ns3:hr>143</ns3:hr>
          </ns3:TrackPointExtension>
        </extensions>
      </trkpt>
      <trkpt lat="59.96678036637604236602783203125" lon="30.31375170685350894927978515625">
        <ele>-18.200000762939453125</ele>
        <time>2025-06-06T07:47:00.000Z</time>
        <extensions>
          <ns3:TrackPointExtension>
            <ns3:atemp>23.0</ns3:atemp>
            <ns3:hr>144</ns3:hr>
          </ns3:TrackPointExtension>
        </extensions>
      </trkpt>
      <trkpt lat="59.96665245853364467620849609375" lon="30.31369269825518131256103515625">
        <ele>-17.799999237060546875</ele>
        <time>2025-06-06T07:47:05.000Z</time>
        <extensions>
          <ns3:TrackPointExtension>
            <ns3:atemp>23.0</ns3:atemp>
            <ns3:hr>143</ns3:hr>
          </ns3:TrackPointExtension>
        </extensions>
      </trkpt>
      <trkpt lat="59.96646101586520671844482421875" lon="30.313446521759033203125">
        <ele>-17.799999237060546875</ele>
        <time>2025-06-06T07:47:10.000Z</time>
        <extensions>
          <ns3:TrackPointExtension>
            <ns3:atemp>23.0</ns3:atemp>
            <ns3:hr>141</ns3:hr>
          </ns3:TrackPointExtension>
        </extensions>
      </trkpt>
      <trkpt lat="59.96640703640878200531005859375" lon="30.31334635801613330841064453125">
        <ele>-17.799999237060546875</ele>
        <time>2025-06-06T07:47:12.000Z</time>
        <extensions>
          <ns3:TrackPointExtension>
            <ns3:atemp>23.0</ns3:atemp>
            <ns3:hr>138</ns3:hr>
          </ns3:TrackPointExtension>
        </extensions>
      </trkpt>
      <trkpt lat="59.966312237083911895751953125" lon="30.3131313621997833251953125">
        <ele>-17.6000003814697265625</ele>
        <time>2025-06-06T07:47:16.000Z</time>
        <extensions>
          <ns3:TrackPointExtension>
            <ns3:atemp>23.0</ns3:atemp>
            <ns3:hr>137</ns3:hr>
          </ns3:TrackPointExtension>
        </extensions>
      </trkpt>
      <trkpt lat="59.9662366323173046112060546875" lon="30.31300739385187625885009765625">
        <ele>-17.3999996185302734375</ele>
        <time>2025-06-06T07:47:18.000Z</time>
        <extensions>
          <ns3:TrackPointExtension>
            <ns3:atemp>23.0</ns3:atemp>
            <ns3:hr>136</ns3:hr>
          </ns3:TrackPointExtension>
        </extensions>
      </trkpt>
      <trkpt lat="59.9660894460976123809814453125" lon="30.3129739500582218170166015625">
        <ele>-17.3999996185302734375</ele>
        <time>2025-06-06T07:47:21.000Z</time>
        <extensions>
          <ns3:TrackPointExtension>
            <ns3:atemp>23.0</ns3:atemp>
            <ns3:hr>134</ns3:hr>
          </ns3:TrackPointExtension>
        </extensions>
      </trkpt>
      <trkpt lat="59.96607963927090167999267578125" lon="30.3127773106098175048828125">
        <ele>-17.200000762939453125</ele>
        <time>2025-06-06T07:47:26.000Z</time>
        <extensions>
          <ns3:TrackPointExtension>
            <ns3:atemp>23.0</ns3:atemp>
            <ns3:hr>133</ns3:hr>
          </ns3:TrackPointExtension>
        </extensions>
      </trkpt>
      <trkpt lat="59.96607745997607707977294921875" lon="30.3127630613744258880615234375">
        <ele>-17.200000762939453125</ele>
        <time>2025-06-06T07:47:28.000Z</time>
        <extensions>
          <ns3:TrackPointExtension>
            <ns3:atemp>23.0</ns3:atemp>
            <ns3:hr>136</ns3:hr>
          </ns3:TrackPointExtension>
        </extensions>
      </trkpt>
      <trkpt lat="59.9660874344408512115478515625" lon="30.31274151988327503204345703125">
        <ele>-17.6000003814697265625</ele>
        <time>2025-06-06T07:47:35.000Z</time>
        <extensions>
          <ns3:TrackPointExtension>
            <ns3:atemp>23.0</ns3:atemp>
            <ns3:hr>133</ns3:hr>
          </ns3:TrackPointExtension>
        </extensions>
      </trkpt>
      <trkpt lat="59.96608785353600978851318359375" lon="30.31273850239813327789306640625">
        <ele>-17.6000003814697265625</ele>
        <time>2025-06-06T07:47:39.000Z</time>
        <extensions>
          <ns3:TrackPointExtension>
            <ns3:atemp>23.0</ns3:atemp>
            <ns3:hr>131</ns3:hr>
          </ns3:TrackPointExtension>
        </extensions>
      </trkpt>
      <trkpt lat="59.966090619564056396484375" lon="30.312734059989452362060546875">
        <ele>-17.6000003814697265625</ele>
        <time>2025-06-06T07:47:44.000Z</time>
        <extensions>
          <ns3:TrackPointExtension>
            <ns3:atemp>23.0</ns3:atemp>
            <ns3:hr>128</ns3:hr>
          </ns3:TrackPointExtension>
        </extensions>
      </trkpt>
      <trkpt lat="59.96608735062181949615478515625" lon="30.31271184794604778289794921875">
        <ele>-17.6000003814697265625</ele>
        <time>2025-06-06T07:47:48.000Z</time>
        <extensions>
          <ns3:TrackPointExtension>
            <ns3:atemp>23.0</ns3:atemp>
            <ns3:hr>127</ns3:hr>
          </ns3:TrackPointExtension>
        </extensions>
      </trkpt>
      <trkpt lat="59.96607787907123565673828125" lon="30.3126779012382030487060546875">
        <ele>-17.3999996185302734375</ele>
        <time>2025-06-06T07:47:50.000Z</time>
        <extensions>
          <ns3:TrackPointExtension>
            <ns3:atemp>23.0</ns3:atemp>
            <ns3:hr>124</ns3:hr>
          </ns3:TrackPointExtension>
        </extensions>
      </trkpt>
      <trkpt lat="59.96606606058776378631591796875" lon="30.31260958872735500335693359375">
        <ele>-17.200000762939453125</ele>
        <time>2025-06-06T07:47:55.000Z</time>
        <extensions>
          <ns3:TrackPointExtension>
            <ns3:atemp>23.0</ns3:atemp>
            <ns3:hr>124</ns3:hr>
          </ns3:TrackPointExtension>
        </extensions>
      </trkpt>
      <trkpt lat="59.96605080552399158477783203125" lon="30.312591232359409332275390625">
        <ele>-17</ele>
        <time>2025-06-06T07:47:57.000Z</time>
        <extensions>
          <ns3:TrackPointExtension>
            <ns3:atemp>23.0</ns3:atemp>
            <ns3:hr>121</ns3:hr>
          </ns3:TrackPointExtension>
        </extensions>
      </trkpt>
      <trkpt lat="59.96605499647557735443115234375" lon="30.31257404945790767669677734375">
        <ele>-17</ele>
        <time>2025-06-06T07:48:00.000Z</time>
        <extensions>
          <ns3:TrackPointExtension>
            <ns3:atemp>23.0</ns3:atemp>
            <ns3:hr>125</ns3:hr>
          </ns3:TrackPointExtension>
        </extensions>
      </trkpt>
      <trkpt lat="59.9660542421042919158935546875" lon="30.3125716187059879302978515625">
        <ele>-17.200000762939453125</ele>
        <time>2025-06-06T07:48:03.000Z</time>
        <extensions>
          <ns3:TrackPointExtension>
            <ns3:atemp>23.0</ns3:atemp>
            <ns3:hr>128</ns3:hr>
          </ns3:TrackPointExtension>
        </extensions>
      </trkpt>
      <trkpt lat="59.96605382300913333892822265625" lon="30.3125706128776073455810546875">
        <ele>-17.200000762939453125</ele>
        <time>2025-06-06T07:48:04.000Z</time>
        <extensions>
          <ns3:TrackPointExtension>
            <ns3:atemp>23.0</ns3:atemp>
            <ns3:hr>127</ns3:hr>
          </ns3:TrackPointExtension>
        </extensions>
      </trkpt>
      <trkpt lat="59.9660304374992847442626953125" lon="30.31253113411366939544677734375">
        <ele>-18</ele>
        <time>2025-06-06T07:48:11.000Z</time>
        <extensions>
          <ns3:TrackPointExtension>
            <ns3:atemp>23.0</ns3:atemp>
            <ns3:hr>123</ns3:hr>
          </ns3:TrackPointExtension>
        </extensions>
      </trkpt>
      <trkpt lat="59.96603068895637989044189453125" lon="30.3125333972275257110595703125">
        <ele>-18</ele>
        <time>2025-06-06T07:48:13.000Z</time>
        <extensions>
          <ns3:TrackPointExtension>
            <ns3:atemp>23.0</ns3:atemp>
            <ns3:hr>123</ns3:hr>
          </ns3:TrackPointExtension>
        </extensions>
      </trkpt>
      <trkpt lat="59.96602750383317470550537109375" lon="30.3125364147126674652099609375">
        <ele>-18.200000762939453125</ele>
        <time>2025-06-06T07:48:16.000Z</time>
        <extensions>
          <ns3:TrackPointExtension>
            <ns3:atemp>23.0</ns3:atemp>
            <ns3:hr>120</ns3:hr>
          </ns3:TrackPointExtension>
        </extensions>
      </trkpt>
      <trkpt lat="59.96602448634803295135498046875" lon="30.31254035420715808868408203125">
        <ele>-18.200000762939453125</ele>
        <time>2025-06-06T07:48:22.000Z</time>
        <extensions>
          <ns3:TrackPointExtension>
            <ns3:atemp>23.0</ns3:atemp>
            <ns3:hr>119</ns3:hr>
          </ns3:TrackPointExtension>
        </extensions>
      </trkpt>
      <trkpt lat="59.96602297760546207427978515625" lon="30.31254538334906101226806640625">
        <ele>-18.6000003814697265625</ele>
        <time>2025-06-06T07:48:28.000Z</time>
        <extensions>
          <ns3:TrackPointExtension>
            <ns3:atemp>23.0</ns3:atemp>
            <ns3:hr>114</ns3:hr>
          </ns3:TrackPointExtension>
        </extensions>
      </trkpt>
      <trkpt lat="59.966020882129669189453125" lon="30.31253851018846035003662109375">
        <ele>-18.799999237060546875</ele>
        <time>2025-06-06T07:48:33.000Z</time>
        <extensions>
          <ns3:TrackPointExtension>
            <ns3:atemp>23.0</ns3:atemp>
            <ns3:hr>118</ns3:hr>
          </ns3:TrackPointExtension>
        </extensions>
      </trkpt>
      <trkpt lat="59.96601778082549571990966796875" lon="30.3125344030559062957763671875">
        <ele>-18.799999237060546875</ele>
        <time>2025-06-06T07:48:36.000Z</time>
        <extensions>
          <ns3:TrackPointExtension>
            <ns3:atemp>23.0</ns3:atemp>
            <ns3:hr>119</ns3:hr>
          </ns3:TrackPointExtension>
        </extensions>
      </trkpt>
      <trkpt lat="59.9660187028348445892333984375" lon="30.31253465451300144195556640625">
        <ele>-18.799999237060546875</ele>
        <time>2025-06-06T07:48:39.000Z</time>
        <extensions>
          <ns3:TrackPointExtension>
            <ns3:atemp>23.0</ns3:atemp>
            <ns3:hr>125</ns3:hr>
          </ns3:TrackPointExtension>
        </extensions>
      </trkpt>
      <trkpt lat="59.96601912193000316619873046875" lon="30.3125370852649211883544921875">
        <ele>-18.799999237060546875</ele>
        <time>2025-06-06T07:48:40.000Z</time>
        <extensions>
          <ns3:TrackPointExtension>
            <ns3:atemp>23.0</ns3:atemp>
            <ns3:hr>128</ns3:hr>
          </ns3:TrackPointExtension>
        </extensions>
      </trkpt>
      <trkpt lat="59.96601895429193973541259765625" lon="30.31254194676876068115234375">
        <ele>-18.799999237060546875</ele>
        <time>2025-06-06T07:48:41.000Z</time>
        <extensions>
          <ns3:TrackPointExtension>
            <ns3:atemp>23.0</ns3:atemp>
            <ns3:hr>128</ns3:hr>
          </ns3:TrackPointExtension>
        </extensions>
      </trkpt>
      <trkpt lat="59.9660176970064640045166015625" lon="30.3125511668622493743896484375">
        <ele>-18.799999237060546875</ele>
        <time>2025-06-06T07:48:43.000Z</time>
        <extensions>
          <ns3:TrackPointExtension>
            <ns3:atemp>23.0</ns3:atemp>
            <ns3:hr>127</ns3:hr>
          </ns3:TrackPointExtension>
        </extensions>
      </trkpt>
      <trkpt lat="59.9660123325884342193603515625" lon="30.31253515742719173431396484375">
        <ele>-18.799999237060546875</ele>
        <time>2025-06-06T07:48:47.000Z</time>
        <extensions>
          <ns3:TrackPointExtension>
            <ns3:atemp>23.0</ns3:atemp>
            <ns3:hr>123</ns3:hr>
          </ns3:TrackPointExtension>
        </extensions>
      </trkpt>
      <trkpt lat="59.96599749661982059478759765625" lon="30.3125251829624176025390625">
        <ele>-18.6000003814697265625</ele>
        <time>2025-06-06T07:48:51.000Z</time>
        <extensions>
          <ns3:TrackPointExtension>
            <ns3:atemp>23.0</ns3:atemp>
            <ns3:hr>124</ns3:hr>
          </ns3:TrackPointExtension>
        </extensions>
      </trkpt>
      <trkpt lat="59.96599632315337657928466796875" lon="30.31251252628862857818603515625">
        <ele>-18.3999996185302734375</ele>
        <time>2025-06-06T07:48:53.000Z</time>
        <extensions>
          <ns3:TrackPointExtension>
            <ns3:atemp>23.0</ns3:atemp>
            <ns3:hr>120</ns3:hr>
          </ns3:TrackPointExtension>
        </extensions>
      </trkpt>
      <trkpt lat="59.965995065867900848388671875" lon="30.31251219101250171661376953125">
        <ele>-18.3999996185302734375</ele>
        <time>2025-06-06T07:48:54.000Z</time>
        <extensions>
          <ns3:TrackPointExtension>
            <ns3:atemp>23.0</ns3:atemp>
            <ns3:hr>117</ns3:hr>
          </ns3:TrackPointExtension>
        </extensions>
      </trkpt>
      <trkpt lat="59.96599481441080570220947265625" lon="30.31251152046024799346923828125">
        <ele>-18.6000003814697265625</ele>
        <time>2025-06-06T07:48:55.000Z</time>
        <extensions>
          <ns3:TrackPointExtension>
            <ns3:atemp>23.0</ns3:atemp>
            <ns3:hr>117</ns3:hr>
          </ns3:TrackPointExtension>
        </extensions>
      </trkpt>
      <trkpt lat="59.96599481441080570220947265625" lon="30.3125079162418842315673828125">
        <ele>-19</ele>
        <time>2025-06-06T07:49:00.000Z</time>
        <extensions>
          <ns3:TrackPointExtension>
            <ns3:atemp>23.0</ns3:atemp>
            <ns3:hr>115</ns3:hr>
          </ns3:TrackPointExtension>
        </extensions>
      </trkpt>
      <trkpt lat="59.96599481441080570220947265625" lon="30.3125099278986454010009765625">
        <ele>-19</ele>
        <time>2025-06-06T07:49:03.000Z</time>
        <extensions>
          <ns3:TrackPointExtension>
            <ns3:atemp>23.0</ns3:atemp>
            <ns3:hr>112</ns3:hr>
          </ns3:TrackPointExtension>
        </extensions>
      </trkpt>
      <trkpt lat="59.96599548496305942535400390625" lon="30.31251336447894573211669921875">
        <ele>-19.200000762939453125</ele>
        <time>2025-06-06T07:49:07.000Z</time>
        <extensions>
          <ns3:TrackPointExtension>
            <ns3:atemp>23.0</ns3:atemp>
            <ns3:hr>113</ns3:hr>
          </ns3:TrackPointExtension>
        </extensions>
      </trkpt>
      <trkpt lat="59.96599137783050537109375" lon="30.31251512467861175537109375">
        <ele>-19.200000762939453125</ele>
        <time>2025-06-06T07:49:11.000Z</time>
        <extensions>
          <ns3:TrackPointExtension>
            <ns3:atemp>23.0</ns3:atemp>
            <ns3:hr>110</ns3:hr>
          </ns3:TrackPointExtension>
        </extensions>
      </trkpt>
      <trkpt lat="59.96599012054502964019775390625" lon="30.312521494925022125244140625">
        <ele>-19</ele>
        <time>2025-06-06T07:49:12.000Z</time>
        <extensions>
          <ns3:TrackPointExtension>
            <ns3:atemp>23.0</ns3:atemp>
            <ns3:hr>109</ns3:hr>
          </ns3:TrackPointExtension>
        </extensions>
      </trkpt>
      <trkpt lat="59.96598475612699985504150390625" lon="30.31254940666258335113525390625">
        <ele>-19</ele>
        <time>2025-06-06T07:49:18.000Z</time>
        <extensions>
          <ns3:TrackPointExtension>
            <ns3:atemp>23.0</ns3:atemp>
            <ns3:hr>107</ns3:hr>
          </ns3:TrackPointExtension>
        </extensions>
      </trkpt>
      <trkpt lat="59.96598056517541408538818359375" lon="30.31256868503987789154052734375">
        <ele>-19</ele>
        <time>2025-06-06T07:49:26.000Z</time>
        <extensions>
          <ns3:TrackPointExtension>
            <ns3:atemp>23.0</ns3:atemp>
            <ns3:hr>106</ns3:hr>
          </ns3:TrackPointExtension>
        </extensions>
      </trkpt>
      <trkpt lat="59.965978972613811492919921875" lon="30.3125627338886260986328125">
        <ele>-18.799999237060546875</ele>
        <time>2025-06-06T07:49:28.000Z</time>
        <extensions>
          <ns3:TrackPointExtension>
            <ns3:atemp>23.0</ns3:atemp>
            <ns3:hr>102</ns3:hr>
          </ns3:TrackPointExtension>
        </extensions>
      </trkpt>
      <trkpt lat="59.9659781344234943389892578125" lon="30.31255929730832576751708984375">
        <ele>-18.799999237060546875</ele>
        <time>2025-06-06T07:49:29.000Z</time>
        <extensions>
          <ns3:TrackPointExtension>
            <ns3:atemp>23.0</ns3:atemp>
            <ns3:hr>105</ns3:hr>
          </ns3:TrackPointExtension>
        </extensions>
      </trkpt>
      <trkpt lat="59.9659846723079681396484375" lon="30.312553681433200836181640625">
        <ele>-19</ele>
        <time>2025-06-06T07:49:33.000Z</time>
        <extensions>
          <ns3:TrackPointExtension>
            <ns3:atemp>23.0</ns3:atemp>
            <ns3:hr>104</ns3:hr>
          </ns3:TrackPointExtension>
        </extensions>
      </trkpt>
      <trkpt lat="59.96598743833601474761962890625" lon="30.3125468082726001739501953125">
        <ele>-19.200000762939453125</ele>
        <time>2025-06-06T07:49:34.000Z</time>
        <extensions>
          <ns3:TrackPointExtension>
            <ns3:atemp>24.0</ns3:atemp>
            <ns3:hr>108</ns3:hr>
          </ns3:TrackPointExtension>
        </extensions>
      </trkpt>
      <trkpt lat="59.9659915454685688018798828125" lon="30.312536917626857757568359375">
        <ele>-19.200000762939453125</ele>
        <time>2025-06-06T07:49:36.000Z</time>
        <extensions>
          <ns3:TrackPointExtension>
            <ns3:atemp>24.0</ns3:atemp>
            <ns3:hr>111</ns3:hr>
          </ns3:TrackPointExtension>
        </extensions>
      </trkpt>
      <trkpt lat="59.96599447913467884063720703125" lon="30.3125323913991451263427734375">
        <ele>-19.200000762939453125</ele>
        <time>2025-06-06T07:49:37.000Z</time>
        <extensions>
          <ns3:TrackPointExtension>
            <ns3:atemp>24.0</ns3:atemp>
            <ns3:hr>112</ns3:hr>
          </ns3:TrackPointExtension>
        </extensions>
      </trkpt>
      <trkpt lat="59.96599565260112285614013671875" lon="30.31251487322151660919189453125">
        <ele>-19.3999996185302734375</ele>
        <time>2025-06-06T07:49:39.000Z</time>
        <extensions>
          <ns3:TrackPointExtension>
            <ns3:atemp>24.0</ns3:atemp>
            <ns3:hr>116</ns3:hr>
          </ns3:TrackPointExtension>
        </extensions>
      </trkpt>
      <trkpt lat="59.965994060039520263671875" lon="30.31251219101250171661376953125">
        <ele>-19.3999996185302734375</ele>
        <time>2025-06-06T07:49:43.000Z</time>
        <extensions>
          <ns3:TrackPointExtension>
            <ns3:atemp>24.0</ns3:atemp>
            <ns3:hr>115</ns3:hr>
          </ns3:TrackPointExtension>
        </extensions>
      </trkpt>
      <trkpt lat="59.965997077524662017822265625" lon="30.31248939223587512969970703125">
        <ele>-20</ele>
        <time>2025-06-06T07:49:50.000Z</time>
        <extensions>
          <ns3:TrackPointExtension>
            <ns3:atemp>24.0</ns3:atemp>
            <ns3:hr>112</ns3:hr>
          </ns3:TrackPointExtension>
        </extensions>
      </trkpt>
      <trkpt lat="59.96600084938108921051025390625" lon="30.31248159706592559814453125">
        <ele>-20</ele>
        <time>2025-06-06T07:49:54.000Z</time>
        <extensions>
          <ns3:TrackPointExtension>
            <ns3:atemp>24.0</ns3:atemp>
            <ns3:hr>109</ns3:hr>
          </ns3:TrackPointExtension>
        </extensions>
      </trkpt>
      <trkpt lat="59.9660052917897701263427734375" lon="30.31246977858245372772216796875">
        <ele>-20.3999996185302734375</ele>
        <time>2025-06-06T07:50:04.000Z</time>
        <extensions>
          <ns3:TrackPointExtension>
            <ns3:atemp>24.0</ns3:atemp>
            <ns3:hr>109</ns3:hr>
          </ns3:TrackPointExtension>
        </extensions>
      </trkpt>
      <trkpt lat="59.96600889600813388824462890625" lon="30.31249098479747772216796875">
        <ele>-20.6000003814697265625</ele>
        <time>2025-06-06T07:50:10.000Z</time>
        <extensions>
          <ns3:TrackPointExtension>
            <ns3:atemp>24.0</ns3:atemp>
            <ns3:hr>105</ns3:hr>
          </ns3:TrackPointExtension>
        </extensions>
      </trkpt>
      <trkpt lat="59.9660012684762477874755859375" lon="30.31251470558345317840576171875">
        <ele>-20.6000003814697265625</ele>
        <time>2025-06-06T07:50:13.000Z</time>
        <extensions>
          <ns3:TrackPointExtension>
            <ns3:atemp>24.0</ns3:atemp>
            <ns3:hr>108</ns3:hr>
          </ns3:TrackPointExtension>
        </extensions>
      </trkpt>
      <trkpt lat="59.9659980833530426025390625" lon="30.31251889653503894805908203125">
        <ele>-20.6000003814697265625</ele>
        <time>2025-06-06T07:50:14.000Z</time>
        <extensions>
          <ns3:TrackPointExtension>
            <ns3:atemp>24.0</ns3:atemp>
            <ns3:hr>113</ns3:hr>
          </ns3:TrackPointExtension>
        </extensions>
      </trkpt>
      <trkpt lat="59.96599338948726654052734375" lon="30.31251889653503894805908203125">
        <ele>-20.6000003814697265625</ele>
        <time>2025-06-06T07:50:16.000Z</time>
        <extensions>
          <ns3:TrackPointExtension>
            <ns3:atemp>24.0</ns3:atemp>
            <ns3:hr>116</ns3:hr>
          </ns3:TrackPointExtension>
        </extensions>
      </trkpt>
      <trkpt lat="59.96598995290696620941162109375" lon="30.3124928288161754608154296875">
        <ele>-20.799999237060546875</ele>
        <time>2025-06-06T07:50:21.000Z</time>
        <extensions>
          <ns3:TrackPointExtension>
            <ns3:atemp>24.0</ns3:atemp>
            <ns3:hr>116</ns3:hr>
          </ns3:TrackPointExtension>
        </extensions>
      </trkpt>
      <trkpt lat="59.96599883772432804107666015625" lon="30.31245251186192035675048828125">
        <ele>-21</ele>
        <time>2025-06-06T07:50:24.000Z</time>
        <extensions>
          <ns3:TrackPointExtension>
            <ns3:atemp>24.0</ns3:atemp>
            <ns3:hr>115</ns3:hr>
          </ns3:TrackPointExtension>
        </extensions>
      </trkpt>
      <trkpt lat="59.965978302061557769775390625" lon="30.31237305141985416412353515625">
        <ele>-21</ele>
        <time>2025-06-06T07:50:26.000Z</time>
        <extensions>
          <ns3:TrackPointExtension>
            <ns3:atemp>24.0</ns3:atemp>
            <ns3:hr>115</ns3:hr>
          </ns3:TrackPointExtension>
        </extensions>
      </trkpt>
      <trkpt lat="59.965965561568737030029296875" lon="30.31220172531902790069580078125">
        <ele>-21.200000762939453125</ele>
        <time>2025-06-06T07:50:29.000Z</time>
        <extensions>
          <ns3:TrackPointExtension>
            <ns3:atemp>24.0</ns3:atemp>
            <ns3:hr>112</ns3:hr>
          </ns3:TrackPointExtension>
        </extensions>
      </trkpt>
      <trkpt lat="59.9659191258251667022705078125" lon="30.3121025674045085906982421875">
        <ele>-21.200000762939453125</ele>
        <time>2025-06-06T07:50:31.000Z</time>
        <extensions>
          <ns3:TrackPointExtension>
            <ns3:atemp>24.0</ns3:atemp>
            <ns3:hr>108</ns3:hr>
          </ns3:TrackPointExtension>
        </extensions>
      </trkpt>
      <trkpt lat="59.96589775197207927703857421875" lon="30.3120509348809719085693359375">
        <ele>-21.200000762939453125</ele>
        <time>2025-06-06T07:50:32.000Z</time>
        <extensions>
          <ns3:TrackPointExtension>
            <ns3:atemp>24.0</ns3:atemp>
            <ns3:hr>107</ns3:hr>
          </ns3:TrackPointExtension>
        </extensions>
      </trkpt>
      <trkpt lat="59.96577068231999874114990234375" lon="30.31178229488432407379150390625">
        <ele>-19</ele>
        <time>2025-06-06T07:50:37.000Z</time>
        <extensions>
          <ns3:TrackPointExtension>
            <ns3:atemp>24.0</ns3:atemp>
            <ns3:hr>108</ns3:hr>
          </ns3:TrackPointExtension>
        </extensions>
      </trkpt>
      <trkpt lat="59.9657203070819377899169921875" lon="30.31167584471404552459716796875">
        <ele>-18.6000003814697265625</ele>
        <time>2025-06-06T07:50:39.000Z</time>
        <extensions>
          <ns3:TrackPointExtension>
            <ns3:atemp>24.0</ns3:atemp>
            <ns3:hr>109</ns3:hr>
          </ns3:TrackPointExtension>
        </extensions>
      </trkpt>
      <trkpt lat="59.965656101703643798828125" lon="30.31154139898717403411865234375">
        <ele>-18.200000762939453125</ele>
        <time>2025-06-06T07:50:41.000Z</time>
        <extensions>
          <ns3:TrackPointExtension>
            <ns3:atemp>24.0</ns3:atemp>
            <ns3:hr>114</ns3:hr>
          </ns3:TrackPointExtension>
        </extensions>
      </trkpt>
      <trkpt lat="59.96562056243419647216796875" lon="30.31147937290370464324951171875">
        <ele>-18</ele>
        <time>2025-06-06T07:50:42.000Z</time>
        <extensions>
          <ns3:TrackPointExtension>
            <ns3:atemp>24.0</ns3:atemp>
            <ns3:hr>114</ns3:hr>
          </ns3:TrackPointExtension>
        </extensions>
      </trkpt>
      <trkpt lat="59.96553967706859111785888671875" lon="30.31136403791606426239013671875">
        <ele>-18</ele>
        <time>2025-06-06T07:50:44.000Z</time>
        <extensions>
          <ns3:TrackPointExtension>
            <ns3:atemp>24.0</ns3:atemp>
            <ns3:hr>117</ns3:hr>
          </ns3:TrackPointExtension>
        </extensions>
      </trkpt>
      <trkpt lat="59.96551302261650562286376953125" lon="30.31130050309002399444580078125">
        <ele>-18</ele>
        <time>2025-06-06T07:50:45.000Z</time>
        <extensions>
          <ns3:TrackPointExtension>
            <ns3:atemp>24.0</ns3:atemp>
            <ns3:hr>118</ns3:hr>
          </ns3:TrackPointExtension>
        </extensions>
      </trkpt>
      <trkpt lat="59.96520347893238067626953125" lon="30.3109844215214252471923828125">
        <ele>-17.200000762939453125</ele>
        <time>2025-06-06T07:50:51.000Z</time>
        <extensions>
          <ns3:TrackPointExtension>
            <ns3:atemp>24.0</ns3:atemp>
            <ns3:hr>119</ns3:hr>
          </ns3:TrackPointExtension>
        </extensions>
      </trkpt>
      <trkpt lat="59.96514840982854366302490234375" lon="30.31093169935047626495361328125">
        <ele>-17.200000762939453125</ele>
        <time>2025-06-06T07:50:52.000Z</time>
        <extensions>
          <ns3:TrackPointExtension>
            <ns3:atemp>24.0</ns3:atemp>
            <ns3:hr>119</ns3:hr>
          </ns3:TrackPointExtension>
        </extensions>
      </trkpt>
      <trkpt lat="59.96509912423789501190185546875" lon="30.31087386421859264373779296875">
        <ele>-17</ele>
        <time>2025-06-06T07:50:53.000Z</time>
        <extensions>
          <ns3:TrackPointExtension>
            <ns3:atemp>24.0</ns3:atemp>
            <ns3:hr>117</ns3:hr>
          </ns3:TrackPointExtension>
        </extensions>
      </trkpt>
      <trkpt lat="59.9649964459240436553955078125" lon="30.31076389364898204803466796875">
        <ele>-17</ele>
        <time>2025-06-06T07:50:55.000Z</time>
        <extensions>
          <ns3:TrackPointExtension>
            <ns3:atemp>24.0</ns3:atemp>
            <ns3:hr>114</ns3:hr>
          </ns3:TrackPointExtension>
        </extensions>
      </trkpt>
      <trkpt lat="59.964855797588825225830078125" lon="30.31062173657119274139404296875">
        <ele>-16.3999996185302734375</ele>
        <time>2025-06-06T07:50:58.000Z</time>
        <extensions>
          <ns3:TrackPointExtension>
            <ns3:atemp>24.0</ns3:atemp>
            <ns3:hr>111</ns3:hr>
          </ns3:TrackPointExtension>
        </extensions>
      </trkpt>
      <trkpt lat="59.96481321752071380615234375" lon="30.31057144515216350555419921875">
        <ele>-16.200000762939453125</ele>
        <time>2025-06-06T07:50:59.000Z</time>
        <extensions>
          <ns3:TrackPointExtension>
            <ns3:atemp>24.0</ns3:atemp>
            <ns3:hr>111</ns3:hr>
          </ns3:TrackPointExtension>
        </extensions>
      </trkpt>
      <trkpt lat="59.9647347629070281982421875" lon="30.3104694373905658721923828125">
        <ele>-16</ele>
        <time>2025-06-06T07:51:01.000Z</time>
        <extensions>
          <ns3:TrackPointExtension>
            <ns3:atemp>24.0</ns3:atemp>
            <ns3:hr>110</ns3:hr>
          </ns3:TrackPointExtension>
        </extensions>
      </trkpt>
      <trkpt lat="59.96462739072740077972412109375" lon="30.31029400415718555450439453125">
        <ele>-15.80000019073486328125</ele>
        <time>2025-06-06T07:51:05.000Z</time>
        <extensions>
          <ns3:TrackPointExtension>
            <ns3:atemp>24.0</ns3:atemp>
            <ns3:hr>109</ns3:hr>
          </ns3:TrackPointExtension>
        </extensions>
      </trkpt>
      <trkpt lat="59.96459822170436382293701171875" lon="30.31020247377455234527587890625">
        <ele>-15</ele>
        <time>2025-06-06T07:51:09.000Z</time>
        <extensions>
          <ns3:TrackPointExtension>
            <ns3:atemp>24.0</ns3:atemp>
            <ns3:hr>107</ns3:hr>
          </ns3:TrackPointExtension>
        </extensions>
      </trkpt>
      <trkpt lat="59.96457810513675212860107421875" lon="30.310157798230648040771484375">
        <ele>-14.80000019073486328125</ele>
        <time>2025-06-06T07:51:10.000Z</time>
        <extensions>
          <ns3:TrackPointExtension>
            <ns3:atemp>24.0</ns3:atemp>
            <ns3:hr>107</ns3:hr>
          </ns3:TrackPointExtension>
        </extensions>
      </trkpt>
      <trkpt lat="59.9645532108843326568603515625" lon="30.309898965060710906982421875">
        <ele>-14.80000019073486328125</ele>
        <time>2025-06-06T07:51:16.000Z</time>
        <extensions>
          <ns3:TrackPointExtension>
            <ns3:atemp>24.0</ns3:atemp>
            <ns3:hr>108</ns3:hr>
          </ns3:TrackPointExtension>
        </extensions>
      </trkpt>
      <trkpt lat="59.96461079455912113189697265625" lon="30.30990558676421642303466796875">
        <ele>-14.3999996185302734375</ele>
        <time>2025-06-06T07:51:19.000Z</time>
        <extensions>
          <ns3:TrackPointExtension>
            <ns3:atemp>24.0</ns3:atemp>
            <ns3:hr>111</ns3:hr>
          </ns3:TrackPointExtension>
        </extensions>
      </trkpt>
      <trkpt lat="59.96461096219718456268310546875" lon="30.30991195701062679290771484375">
        <ele>-14</ele>
        <time>2025-06-06T07:51:21.000Z</time>
        <extensions>
          <ns3:TrackPointExtension>
            <ns3:atemp>24.0</ns3:atemp>
            <ns3:hr>113</ns3:hr>
          </ns3:TrackPointExtension>
        </extensions>
      </trkpt>
      <trkpt lat="59.9645820446312427520751953125" lon="30.3099212609231472015380859375">
        <ele>-13.80000019073486328125</ele>
        <time>2025-06-06T07:51:22.000Z</time>
        <extensions>
          <ns3:TrackPointExtension>
            <ns3:atemp>24.0</ns3:atemp>
            <ns3:hr>115</ns3:hr>
          </ns3:TrackPointExtension>
        </extensions>
      </trkpt>
      <trkpt lat="59.96456435881555080413818359375" lon="30.30990508385002613067626953125">
        <ele>-13.80000019073486328125</ele>
        <time>2025-06-06T07:51:24.000Z</time>
        <extensions>
          <ns3:TrackPointExtension>
            <ns3:atemp>24.0</ns3:atemp>
            <ns3:hr>115</ns3:hr>
          </ns3:TrackPointExtension>
        </extensions>
      </trkpt>
      <trkpt lat="59.96454541571438312530517578125" lon="30.30985998921096324920654296875">
        <ele>-13.80000019073486328125</ele>
        <time>2025-06-06T07:51:26.000Z</time>
        <extensions>
          <ns3:TrackPointExtension>
            <ns3:atemp>24.0</ns3:atemp>
            <ns3:hr>118</ns3:hr>
          </ns3:TrackPointExtension>
        </extensions>
      </trkpt>
      <trkpt lat="59.96449043042957782745361328125" lon="30.30976627953350543975830078125">
        <ele>-14</ele>
        <time>2025-06-06T07:51:29.000Z</time>
        <extensions>
          <ns3:TrackPointExtension>
            <ns3:atemp>24.0</ns3:atemp>
            <ns3:hr>113</ns3:hr>
          </ns3:TrackPointExtension>
        </extensions>
      </trkpt>
      <trkpt lat="59.9644683860242366790771484375" lon="30.30972562730312347412109375">
        <ele>-14</ele>
        <time>2025-06-06T07:51:30.000Z</time>
        <extensions>
          <ns3:TrackPointExtension>
            <ns3:atemp>24.0</ns3:atemp>
            <ns3:hr>116</ns3:hr>
          </ns3:TrackPointExtension>
        </extensions>
      </trkpt>
      <trkpt lat="59.96442689560353755950927734375" lon="30.3096862323582172393798828125">
        <ele>-14.19999980926513671875</ele>
        <time>2025-06-06T07:51:31.000Z</time>
        <extensions>
          <ns3:TrackPointExtension>
            <ns3:atemp>24.0</ns3:atemp>
            <ns3:hr>115</ns3:hr>
          </ns3:TrackPointExtension>
        </extensions>
      </trkpt>
      <trkpt lat="59.96427367441356182098388671875" lon="30.3095350228250026702880859375">
        <ele>-14.3999996185302734375</ele>
        <time>2025-06-06T07:51:34.000Z</time>
        <extensions>
          <ns3:TrackPointExtension>
            <ns3:atemp>24.0</ns3:atemp>
            <ns3:hr>117</ns3:hr>
          </ns3:TrackPointExtension>
        </extensions>
      </trkpt>
      <trkpt lat="59.96417728252708911895751953125" lon="30.30941491015255451202392578125">
        <ele>-14.6000003814697265625</ele>
        <time>2025-06-06T07:51:36.000Z</time>
        <extensions>
          <ns3:TrackPointExtension>
            <ns3:atemp>24.0</ns3:atemp>
            <ns3:hr>117</ns3:hr>
          </ns3:TrackPointExtension>
        </extensions>
      </trkpt>
      <trkpt lat="59.96394124813377857208251953125" lon="30.30903118662536144256591796875">
        <ele>-14</ele>
        <time>2025-06-06T07:51:42.000Z</time>
        <extensions>
          <ns3:TrackPointExtension>
            <ns3:atemp>24.0</ns3:atemp>
            <ns3:hr>121</ns3:hr>
          </ns3:TrackPointExtension>
        </extensions>
      </trkpt>
      <trkpt lat="59.9638789705932140350341796875" lon="30.3089479543268680572509765625">
        <ele>-13.80000019073486328125</ele>
        <time>2025-06-06T07:51:44.000Z</time>
        <extensions>
          <ns3:TrackPointExtension>
            <ns3:atemp>24.0</ns3:atemp>
            <ns3:hr>118</ns3:hr>
          </ns3:TrackPointExtension>
        </extensions>
      </trkpt>
      <trkpt lat="59.963717870414257049560546875" lon="30.30863472260534763336181640625">
        <ele>-13.3999996185302734375</ele>
        <time>2025-06-06T07:51:48.000Z</time>
        <extensions>
          <ns3:TrackPointExtension>
            <ns3:atemp>23.0</ns3:atemp>
            <ns3:hr>115</ns3:hr>
          </ns3:TrackPointExtension>
        </extensions>
      </trkpt>
      <trkpt lat="59.96363664977252483367919921875" lon="30.3085124306380748748779296875">
        <ele>-13.3999996185302734375</ele>
        <time>2025-06-06T07:51:50.000Z</time>
        <extensions>
          <ns3:TrackPointExtension>
            <ns3:atemp>23.0</ns3:atemp>
            <ns3:hr>118</ns3:hr>
          </ns3:TrackPointExtension>
        </extensions>
      </trkpt>
      <trkpt lat="59.96351293288171291351318359375" lon="30.3083032183349132537841796875">
        <ele>-12.80000019073486328125</ele>
        <time>2025-06-06T07:51:55.000Z</time>
        <extensions>
          <ns3:TrackPointExtension>
            <ns3:atemp>23.0</ns3:atemp>
            <ns3:hr>118</ns3:hr>
          </ns3:TrackPointExtension>
        </extensions>
      </trkpt>
      <trkpt lat="59.9635001085698604583740234375" lon="30.30830648727715015411376953125">
        <ele>-12.6000003814697265625</ele>
        <time>2025-06-06T07:51:59.000Z</time>
        <extensions>
          <ns3:TrackPointExtension>
            <ns3:atemp>23.0</ns3:atemp>
            <ns3:hr>122</ns3:hr>
          </ns3:TrackPointExtension>
        </extensions>
      </trkpt>
      <trkpt lat="59.9634893797338008880615234375" lon="30.30830816365778446197509765625">
        <ele>-12.6000003814697265625</ele>
        <time>2025-06-06T07:52:01.000Z</time>
        <extensions>
          <ns3:TrackPointExtension>
            <ns3:atemp>23.0</ns3:atemp>
            <ns3:hr>125</ns3:hr>
          </ns3:TrackPointExtension>
        </extensions>
      </trkpt>
      <trkpt lat="59.9634739570319652557373046875" lon="30.308318473398685455322265625">
        <ele>-14</ele>
        <time>2025-06-06T07:52:09.000Z</time>
        <extensions>
          <ns3:TrackPointExtension>
            <ns3:atemp>23.0</ns3:atemp>
            <ns3:hr>127</ns3:hr>
          </ns3:TrackPointExtension>
        </extensions>
      </trkpt>
      <trkpt lat="59.96347353793680667877197265625" lon="30.30831922776997089385986328125">
        <ele>-14.19999980926513671875</ele>
        <time>2025-06-06T07:52:11.000Z</time>
        <extensions>
          <ns3:TrackPointExtension>
            <ns3:atemp>23.0</ns3:atemp>
            <ns3:hr>123</ns3:hr>
          </ns3:TrackPointExtension>
        </extensions>
      </trkpt>
      <trkpt lat="59.96347169391810894012451171875" lon="30.30832174234092235565185546875">
        <ele>-14.3999996185302734375</ele>
        <time>2025-06-06T07:52:15.000Z</time>
        <extensions>
          <ns3:TrackPointExtension>
            <ns3:atemp>24.0</ns3:atemp>
            <ns3:hr>123</ns3:hr>
          </ns3:TrackPointExtension>
        </extensions>
      </trkpt>
      <trkpt lat="59.9634665809571743011474609375" lon="30.30830967240035533905029296875">
        <ele>-14.6000003814697265625</ele>
        <time>2025-06-06T07:52:17.000Z</time>
        <extensions>
          <ns3:TrackPointExtension>
            <ns3:atemp>24.0</ns3:atemp>
            <ns3:hr>122</ns3:hr>
          </ns3:TrackPointExtension>
        </extensions>
      </trkpt>
      <trkpt lat="59.96343590319156646728515625" lon="30.30825703404843807220458984375">
        <ele>-14.80000019073486328125</ele>
        <time>2025-06-06T07:52:19.000Z</time>
        <extensions>
          <ns3:TrackPointExtension>
            <ns3:atemp>24.0</ns3:atemp>
            <ns3:hr>121</ns3:hr>
          </ns3:TrackPointExtension>
        </extensions>
      </trkpt>
      <trkpt lat="59.96341603808104991912841796875" lon="30.30821864493191242218017578125">
        <ele>-15</ele>
        <time>2025-06-06T07:52:20.000Z</time>
        <extensions>
          <ns3:TrackPointExtension>
            <ns3:atemp>24.0</ns3:atemp>
            <ns3:hr>121</ns3:hr>
          </ns3:TrackPointExtension>
        </extensions>
      </trkpt>
      <trkpt lat="59.96335275471210479736328125" lon="30.308120660483837127685546875">
        <ele>-15</ele>
        <time>2025-06-06T07:52:22.000Z</time>
        <extensions>
          <ns3:TrackPointExtension>
            <ns3:atemp>24.0</ns3:atemp>
            <ns3:hr>119</ns3:hr>
          </ns3:TrackPointExtension>
        </extensions>
      </trkpt>
      <trkpt lat="59.963311515748500823974609375" lon="30.3080748952925205230712890625">
        <ele>-15</ele>
        <time>2025-06-06T07:52:23.000Z</time>
        <extensions>
          <ns3:TrackPointExtension>
            <ns3:atemp>24.0</ns3:atemp>
            <ns3:hr>118</ns3:hr>
          </ns3:TrackPointExtension>
        </extensions>
      </trkpt>
      <trkpt lat="59.9632292054593563079833984375" lon="30.3079729713499546051025390625">
        <ele>-15</ele>
        <time>2025-06-06T07:52:25.000Z</time>
        <extensions>
          <ns3:TrackPointExtension>
            <ns3:atemp>24.0</ns3:atemp>
            <ns3:hr>123</ns3:hr>
          </ns3:TrackPointExtension>
        </extensions>
      </trkpt>
      <trkpt lat="59.9631913192570209503173828125" lon="30.30791656114161014556884765625">
        <ele>-14.80000019073486328125</ele>
        <time>2025-06-06T07:52:26.000Z</time>
        <extensions>
          <ns3:TrackPointExtension>
            <ns3:atemp>24.0</ns3:atemp>
            <ns3:hr>126</ns3:hr>
          </ns3:TrackPointExtension>
        </extensions>
      </trkpt>
      <trkpt lat="59.96310741640627384185791015625" lon="30.3078073449432849884033203125">
        <ele>-14.3999996185302734375</ele>
        <time>2025-06-06T07:52:28.000Z</time>
        <extensions>
          <ns3:TrackPointExtension>
            <ns3:atemp>24.0</ns3:atemp>
            <ns3:hr>131</ns3:hr>
          </ns3:TrackPointExtension>
        </extensions>
      </trkpt>
      <trkpt lat="59.96304438449442386627197265625" lon="30.307712294161319732666015625">
        <ele>-14.3999996185302734375</ele>
        <time>2025-06-06T07:52:30.000Z</time>
        <extensions>
          <ns3:TrackPointExtension>
            <ns3:atemp>24.0</ns3:atemp>
            <ns3:hr>133</ns3:hr>
          </ns3:TrackPointExtension>
        </extensions>
      </trkpt>
      <trkpt lat="59.962993003427982330322265625" lon="30.30761833302676677703857421875">
        <ele>-14.3999996185302734375</ele>
        <time>2025-06-06T07:52:32.000Z</time>
        <extensions>
          <ns3:TrackPointExtension>
            <ns3:atemp>24.0</ns3:atemp>
            <ns3:hr>131</ns3:hr>
          </ns3:TrackPointExtension>
        </extensions>
      </trkpt>
      <trkpt lat="59.96293860487639904022216796875" lon="30.30751951038837432861328125">
        <ele>-14.3999996185302734375</ele>
        <time>2025-06-06T07:52:34.000Z</time>
        <extensions>
          <ns3:TrackPointExtension>
            <ns3:atemp>24.0</ns3:atemp>
            <ns3:hr>129</ns3:hr>
          </ns3:TrackPointExtension>
        </extensions>
      </trkpt>
      <trkpt lat="59.9629398621618747711181640625" lon="30.30742739327251911163330078125">
        <ele>-14.3999996185302734375</ele>
        <time>2025-06-06T07:52:35.000Z</time>
        <extensions>
          <ns3:TrackPointExtension>
            <ns3:atemp>24.0</ns3:atemp>
            <ns3:hr>129</ns3:hr>
          </ns3:TrackPointExtension>
        </extensions>
      </trkpt>
      <trkpt lat="59.9628825299441814422607421875" lon="30.3072149120271205902099609375">
        <ele>-13.6000003814697265625</ele>
        <time>2025-06-06T07:52:38.000Z</time>
        <extensions>
          <ns3:TrackPointExtension>
            <ns3:atemp>24.0</ns3:atemp>
            <ns3:hr>128</ns3:hr>
          </ns3:TrackPointExtension>
        </extensions>
      </trkpt>
      <trkpt lat="59.9628013931214809417724609375" lon="30.3069993294775485992431640625">
        <ele>-13.19999980926513671875</ele>
        <time>2025-06-06T07:52:41.000Z</time>
        <extensions>
          <ns3:TrackPointExtension>
            <ns3:atemp>24.0</ns3:atemp>
            <ns3:hr>125</ns3:hr>
          </ns3:TrackPointExtension>
        </extensions>
      </trkpt>
      <trkpt lat="59.9626656062901020050048828125" lon="30.30683110468089580535888671875">
        <ele>-12.80000019073486328125</ele>
        <time>2025-06-06T07:52:44.000Z</time>
        <extensions>
          <ns3:TrackPointExtension>
            <ns3:atemp>24.0</ns3:atemp>
            <ns3:hr>128</ns3:hr>
          </ns3:TrackPointExtension>
        </extensions>
      </trkpt>
      <trkpt lat="59.962610788643360137939453125" lon="30.30677729286253452301025390625">
        <ele>-12.6000003814697265625</ele>
        <time>2025-06-06T07:52:45.000Z</time>
        <extensions>
          <ns3:TrackPointExtension>
            <ns3:atemp>23.0</ns3:atemp>
            <ns3:hr>130</ns3:hr>
          </ns3:TrackPointExtension>
        </extensions>
      </trkpt>
      <trkpt lat="59.96244373731315135955810546875" lon="30.306536816060543060302734375">
        <ele>-12.3999996185302734375</ele>
        <time>2025-06-06T07:52:49.000Z</time>
        <extensions>
          <ns3:TrackPointExtension>
            <ns3:atemp>23.0</ns3:atemp>
            <ns3:hr>133</ns3:hr>
          </ns3:TrackPointExtension>
        </extensions>
      </trkpt>
      <trkpt lat="59.962380118668079376220703125" lon="30.306400358676910400390625">
        <ele>-12.19999980926513671875</ele>
        <time>2025-06-06T07:52:51.000Z</time>
        <extensions>
          <ns3:TrackPointExtension>
            <ns3:atemp>23.0</ns3:atemp>
            <ns3:hr>133</ns3:hr>
          </ns3:TrackPointExtension>
        </extensions>
      </trkpt>
      <trkpt lat="59.96213771402835845947265625" lon="30.3059666790068149566650390625">
        <ele>-12</ele>
        <time>2025-06-06T07:52:58.000Z</time>
        <extensions>
          <ns3:TrackPointExtension>
            <ns3:atemp>23.0</ns3:atemp>
            <ns3:hr>134</ns3:hr>
          </ns3:TrackPointExtension>
        </extensions>
      </trkpt>
      <trkpt lat="59.96205381117761135101318359375" lon="30.305740199983119964599609375">
        <ele>-11.80000019073486328125</ele>
        <time>2025-06-06T07:53:02.000Z</time>
        <extensions>
          <ns3:TrackPointExtension>
            <ns3:atemp>23.0</ns3:atemp>
            <ns3:hr>135</ns3:hr>
          </ns3:TrackPointExtension>
        </extensions>
      </trkpt>
      <trkpt lat="59.96185029856860637664794921875" lon="30.30558253638446331024169921875">
        <ele>-11.80000019073486328125</ele>
        <time>2025-06-06T07:53:07.000Z</time>
        <extensions>
          <ns3:TrackPointExtension>
            <ns3:atemp>23.0</ns3:atemp>
            <ns3:hr>135</ns3:hr>
          </ns3:TrackPointExtension>
        </extensions>
      </trkpt>
      <trkpt lat="59.9617281742393970489501953125" lon="30.30538849532604217529296875">
        <ele>-12</ele>
        <time>2025-06-06T07:53:10.000Z</time>
        <extensions>
          <ns3:TrackPointExtension>
            <ns3:atemp>23.0</ns3:atemp>
            <ns3:hr>129</ns3:hr>
          </ns3:TrackPointExtension>
        </extensions>
      </trkpt>
      <trkpt lat="59.961637146770954132080078125" lon="30.30522353947162628173828125">
        <ele>-12</ele>
        <time>2025-06-06T07:53:12.000Z</time>
        <extensions>
          <ns3:TrackPointExtension>
            <ns3:atemp>23.0</ns3:atemp>
            <ns3:hr>126</ns3:hr>
          </ns3:TrackPointExtension>
        </extensions>
      </trkpt>
      <trkpt lat="59.96159188449382781982421875" lon="30.30514231882989406585693359375">
        <ele>-11.80000019073486328125</ele>
        <time>2025-06-06T07:53:13.000Z</time>
        <extensions>
          <ns3:TrackPointExtension>
            <ns3:atemp>23.0</ns3:atemp>
            <ns3:hr>124</ns3:hr>
          </ns3:TrackPointExtension>
        </extensions>
      </trkpt>
      <trkpt lat="59.96154352091252803802490234375" lon="30.3050661273300647735595703125">
        <ele>-11.80000019073486328125</ele>
        <time>2025-06-06T07:53:14.000Z</time>
        <extensions>
          <ns3:TrackPointExtension>
            <ns3:atemp>23.0</ns3:atemp>
            <ns3:hr>121</ns3:hr>
          </ns3:TrackPointExtension>
        </extensions>
      </trkpt>
      <trkpt lat="59.96139583177864551544189453125" lon="30.304848365485668182373046875">
        <ele>-11.6000003814697265625</ele>
        <time>2025-06-06T07:53:17.000Z</time>
        <extensions>
          <ns3:TrackPointExtension>
            <ns3:atemp>23.0</ns3:atemp>
            <ns3:hr>120</ns3:hr>
          </ns3:TrackPointExtension>
        </extensions>
      </trkpt>
      <trkpt lat="59.96127068996429443359375" lon="30.3046473674476146697998046875">
        <ele>-11.3999996185302734375</ele>
        <time>2025-06-06T07:53:20.000Z</time>
        <extensions>
          <ns3:TrackPointExtension>
            <ns3:atemp>23.0</ns3:atemp>
            <ns3:hr>119</ns3:hr>
          </ns3:TrackPointExtension>
        </extensions>
      </trkpt>
      <trkpt lat="59.9611501581966876983642578125" lon="30.30432240106165409088134765625">
        <ele>-10.80000019073486328125</ele>
        <time>2025-06-06T07:53:25.000Z</time>
        <extensions>
          <ns3:TrackPointExtension>
            <ns3:atemp>23.0</ns3:atemp>
            <ns3:hr>116</ns3:hr>
          </ns3:TrackPointExtension>
        </extensions>
      </trkpt>
      <trkpt lat="59.9611008726060390472412109375" lon="30.3042148612439632415771484375">
        <ele>-10.80000019073486328125</ele>
        <time>2025-06-06T07:53:27.000Z</time>
        <extensions>
          <ns3:TrackPointExtension>
            <ns3:atemp>23.0</ns3:atemp>
            <ns3:hr>115</ns3:hr>
          </ns3:TrackPointExtension>
        </extensions>
      </trkpt>
      <trkpt lat="59.96104069054126739501953125" lon="30.30409407801926136016845703125">
        <ele>-10.80000019073486328125</ele>
        <time>2025-06-06T07:53:29.000Z</time>
        <extensions>
          <ns3:TrackPointExtension>
            <ns3:atemp>23.0</ns3:atemp>
            <ns3:hr>115</ns3:hr>
          </ns3:TrackPointExtension>
        </extensions>
      </trkpt>
      <trkpt lat="59.9610069952905178070068359375" lon="30.30402802862226963043212890625">
        <ele>-10.80000019073486328125</ele>
        <time>2025-06-06T07:53:30.000Z</time>
        <extensions>
          <ns3:TrackPointExtension>
            <ns3:atemp>23.0</ns3:atemp>
            <ns3:hr>115</ns3:hr>
          </ns3:TrackPointExtension>
        </extensions>
      </trkpt>
      <trkpt lat="59.9609540216624736785888671875" lon="30.303970277309417724609375">
        <ele>-11</ele>
        <time>2025-06-06T07:53:31.000Z</time>
        <extensions>
          <ns3:TrackPointExtension>
            <ns3:atemp>23.0</ns3:atemp>
            <ns3:hr>116</ns3:hr>
          </ns3:TrackPointExtension>
        </extensions>
      </trkpt>
      <trkpt lat="59.960827119648456573486328125" lon="30.3037786670029163360595703125">
        <ele>-11.3999996185302734375</ele>
        <time>2025-06-06T07:53:34.000Z</time>
        <extensions>
          <ns3:TrackPointExtension>
            <ns3:atemp>23.0</ns3:atemp>
            <ns3:hr>114</ns3:hr>
          </ns3:TrackPointExtension>
        </extensions>
      </trkpt>
      <trkpt lat="59.96070080436766147613525390625" lon="30.3036120347678661346435546875">
        <ele>-11.80000019073486328125</ele>
        <time>2025-06-06T07:53:37.000Z</time>
        <extensions>
          <ns3:TrackPointExtension>
            <ns3:atemp>23.0</ns3:atemp>
            <ns3:hr>109</ns3:hr>
          </ns3:TrackPointExtension>
        </extensions>
      </trkpt>
      <trkpt lat="59.96062302030622959136962890625" lon="30.303576998412609100341796875">
        <ele>-12</ele>
        <time>2025-06-06T07:53:38.000Z</time>
        <extensions>
          <ns3:TrackPointExtension>
            <ns3:atemp>23.0</ns3:atemp>
            <ns3:hr>111</ns3:hr>
          </ns3:TrackPointExtension>
        </extensions>
      </trkpt>
      <trkpt lat="59.96051187627017498016357421875" lon="30.303460322320461273193359375">
        <ele>-12.19999980926513671875</ele>
        <time>2025-06-06T07:53:40.000Z</time>
        <extensions>
          <ns3:TrackPointExtension>
            <ns3:atemp>23.0</ns3:atemp>
            <ns3:hr>111</ns3:hr>
          </ns3:TrackPointExtension>
        </extensions>
      </trkpt>
      <trkpt lat="59.96045471169054508209228515625" lon="30.3034095279872417449951171875">
        <ele>-12</ele>
        <time>2025-06-06T07:53:41.000Z</time>
        <extensions>
          <ns3:TrackPointExtension>
            <ns3:atemp>23.0</ns3:atemp>
            <ns3:hr>111</ns3:hr>
          </ns3:TrackPointExtension>
        </extensions>
      </trkpt>
      <trkpt lat="59.96029947884380817413330078125" lon="30.30321917496621608734130859375">
        <ele>-11.80000019073486328125</ele>
        <time>2025-06-06T07:53:44.000Z</time>
        <extensions>
          <ns3:TrackPointExtension>
            <ns3:atemp>23.0</ns3:atemp>
            <ns3:hr>114</ns3:hr>
          </ns3:TrackPointExtension>
        </extensions>
      </trkpt>
      <trkpt lat="59.96025480329990386962890625" lon="30.30315262265503406524658203125">
        <ele>-12</ele>
        <time>2025-06-06T07:53:45.000Z</time>
        <extensions>
          <ns3:TrackPointExtension>
            <ns3:atemp>23.0</ns3:atemp>
            <ns3:hr>113</ns3:hr>
          </ns3:TrackPointExtension>
        </extensions>
      </trkpt>
      <trkpt lat="59.960158579051494598388671875" lon="30.302938632667064666748046875">
        <ele>-11.80000019073486328125</ele>
        <time>2025-06-06T07:53:49.000Z</time>
        <extensions>
          <ns3:TrackPointExtension>
            <ns3:atemp>23.0</ns3:atemp>
            <ns3:hr>116</ns3:hr>
          </ns3:TrackPointExtension>
        </extensions>
      </trkpt>
      <trkpt lat="59.960131086409091949462890625" lon="30.30282170511782169342041015625">
        <ele>-11</ele>
        <time>2025-06-06T07:53:54.000Z</time>
        <extensions>
          <ns3:TrackPointExtension>
            <ns3:atemp>23.0</ns3:atemp>
            <ns3:hr>117</ns3:hr>
          </ns3:TrackPointExtension>
        </extensions>
      </trkpt>
      <trkpt lat="59.96012664400041103363037109375" lon="30.30277828685939311981201171875">
        <ele>-11.80000019073486328125</ele>
        <time>2025-06-06T07:54:02.000Z</time>
        <extensions>
          <ns3:TrackPointExtension>
            <ns3:atemp>23.0</ns3:atemp>
            <ns3:hr>119</ns3:hr>
          </ns3:TrackPointExtension>
        </extensions>
      </trkpt>
      <trkpt lat="59.960049279034137725830078125" lon="30.30265557579696178436279296875">
        <ele>-12.3999996185302734375</ele>
        <time>2025-06-06T07:54:06.000Z</time>
        <extensions>
          <ns3:TrackPointExtension>
            <ns3:atemp>23.0</ns3:atemp>
            <ns3:hr>120</ns3:hr>
          </ns3:TrackPointExtension>
        </extensions>
      </trkpt>
      <trkpt lat="59.9600159190595149993896484375" lon="30.302602350711822509765625">
        <ele>-12.6000003814697265625</ele>
        <time>2025-06-06T07:54:07.000Z</time>
        <extensions>
          <ns3:TrackPointExtension>
            <ns3:atemp>23.0</ns3:atemp>
            <ns3:hr>118</ns3:hr>
          </ns3:TrackPointExtension>
        </extensions>
      </trkpt>
      <trkpt lat="59.95988323353230953216552734375" lon="30.30236908234655857086181640625">
        <ele>-13</ele>
        <time>2025-06-06T07:54:11.000Z</time>
        <extensions>
          <ns3:TrackPointExtension>
            <ns3:atemp>23.0</ns3:atemp>
            <ns3:hr>123</ns3:hr>
          </ns3:TrackPointExtension>
        </extensions>
      </trkpt>
      <trkpt lat="59.95984132401645183563232421875" lon="30.30231476761400699615478515625">
        <ele>-13</ele>
        <time>2025-06-06T07:54:12.000Z</time>
        <extensions>
          <ns3:TrackPointExtension>
            <ns3:atemp>23.0</ns3:atemp>
            <ns3:hr>118</ns3:hr>
          </ns3:TrackPointExtension>
        </extensions>
      </trkpt>
      <trkpt lat="59.95967066846787929534912109375" lon="30.30206951312720775604248046875">
        <ele>-12.3999996185302734375</ele>
        <time>2025-06-06T07:54:17.000Z</time>
        <extensions>
          <ns3:TrackPointExtension>
            <ns3:atemp>23.0</ns3:atemp>
            <ns3:hr>121</ns3:hr>
          </ns3:TrackPointExtension>
        </extensions>
      </trkpt>
      <trkpt lat="59.959644265472888946533203125" lon="30.30203263275325298309326171875">
        <ele>-12.19999980926513671875</ele>
        <time>2025-06-06T07:54:18.000Z</time>
        <extensions>
          <ns3:TrackPointExtension>
            <ns3:atemp>23.0</ns3:atemp>
            <ns3:hr>123</ns3:hr>
          </ns3:TrackPointExtension>
        </extensions>
      </trkpt>
      <trkpt lat="59.95958768762648105621337890625" lon="30.30195434577763080596923828125">
        <ele>-11.80000019073486328125</ele>
        <time>2025-06-06T07:54:21.000Z</time>
        <extensions>
          <ns3:TrackPointExtension>
            <ns3:atemp>23.0</ns3:atemp>
            <ns3:hr>120</ns3:hr>
          </ns3:TrackPointExtension>
        </extensions>
      </trkpt>
      <trkpt lat="59.95958534069359302520751953125" lon="30.30194294638931751251220703125">
        <ele>-11.80000019073486328125</ele>
        <time>2025-06-06T07:54:23.000Z</time>
        <extensions>
          <ns3:TrackPointExtension>
            <ns3:atemp>23.0</ns3:atemp>
            <ns3:hr>121</ns3:hr>
          </ns3:TrackPointExtension>
        </extensions>
      </trkpt>
      <trkpt lat="59.95959405787289142608642578125" lon="30.3019007854163646697998046875">
        <ele>-12</ele>
        <time>2025-06-06T07:54:31.000Z</time>
        <extensions>
          <ns3:TrackPointExtension>
            <ns3:atemp>23.0</ns3:atemp>
            <ns3:hr>120</ns3:hr>
          </ns3:TrackPointExtension>
        </extensions>
      </trkpt>
      <trkpt lat="59.9595259130001068115234375" lon="30.30180531553924083709716796875">
        <ele>-12.80000019073486328125</ele>
        <time>2025-06-06T07:54:34.000Z</time>
        <extensions>
          <ns3:TrackPointExtension>
            <ns3:atemp>23.0</ns3:atemp>
            <ns3:hr>117</ns3:hr>
          </ns3:TrackPointExtension>
        </extensions>
      </trkpt>
      <trkpt lat="59.95949012227356433868408203125" lon="30.301761142909526824951171875">
        <ele>-13</ele>
        <time>2025-06-06T07:54:35.000Z</time>
        <extensions>
          <ns3:TrackPointExtension>
            <ns3:atemp>23.0</ns3:atemp>
            <ns3:hr>116</ns3:hr>
          </ns3:TrackPointExtension>
        </extensions>
      </trkpt>
      <trkpt lat="59.95936590246856212615966796875" lon="30.30162334442138671875">
        <ele>-13.3999996185302734375</ele>
        <time>2025-06-06T07:54:38.000Z</time>
        <extensions>
          <ns3:TrackPointExtension>
            <ns3:atemp>24.0</ns3:atemp>
            <ns3:hr>113</ns3:hr>
          </ns3:TrackPointExtension>
        </extensions>
      </trkpt>
      <trkpt lat="59.95932533405721187591552734375" lon="30.3015683591365814208984375">
        <ele>-13.6000003814697265625</ele>
        <time>2025-06-06T07:54:39.000Z</time>
        <extensions>
          <ns3:TrackPointExtension>
            <ns3:atemp>24.0</ns3:atemp>
            <ns3:hr>113</ns3:hr>
          </ns3:TrackPointExtension>
        </extensions>
      </trkpt>
      <trkpt lat="59.95924503542482852935791015625" lon="30.301449336111545562744140625">
        <ele>-13.6000003814697265625</ele>
        <time>2025-06-06T07:54:41.000Z</time>
        <extensions>
          <ns3:TrackPointExtension>
            <ns3:atemp>24.0</ns3:atemp>
            <ns3:hr>111</ns3:hr>
          </ns3:TrackPointExtension>
        </extensions>
      </trkpt>
      <trkpt lat="59.95904588140547275543212890625" lon="30.30119745992124080657958984375">
        <ele>-13.19999980926513671875</ele>
        <time>2025-06-06T07:54:45.000Z</time>
        <extensions>
          <ns3:TrackPointExtension>
            <ns3:atemp>24.0</ns3:atemp>
            <ns3:hr>111</ns3:hr>
          </ns3:TrackPointExtension>
        </extensions>
      </trkpt>
      <trkpt lat="59.9589158780872821807861328125" lon="30.3009890019893646240234375">
        <ele>-12.80000019073486328125</ele>
        <time>2025-06-06T07:54:48.000Z</time>
        <extensions>
          <ns3:TrackPointExtension>
            <ns3:atemp>24.0</ns3:atemp>
            <ns3:hr>112</ns3:hr>
          </ns3:TrackPointExtension>
        </extensions>
      </trkpt>
      <trkpt lat="59.95882459916174411773681640625" lon="30.30086318962275981903076171875">
        <ele>-12.6000003814697265625</ele>
        <time>2025-06-06T07:54:50.000Z</time>
        <extensions>
          <ns3:TrackPointExtension>
            <ns3:atemp>24.0</ns3:atemp>
            <ns3:hr>111</ns3:hr>
          </ns3:TrackPointExtension>
        </extensions>
      </trkpt>
      <trkpt lat="59.95863717980682849884033203125" lon="30.3004681505262851715087890625">
        <ele>-12</ele>
        <time>2025-06-06T07:54:55.000Z</time>
        <extensions>
          <ns3:TrackPointExtension>
            <ns3:atemp>24.0</ns3:atemp>
            <ns3:hr>109</ns3:hr>
          </ns3:TrackPointExtension>
        </extensions>
      </trkpt>
      <trkpt lat="59.95859728194773197174072265625" lon="30.30039665289223194122314453125">
        <ele>-11.80000019073486328125</ele>
        <time>2025-06-06T07:54:56.000Z</time>
        <extensions>
          <ns3:TrackPointExtension>
            <ns3:atemp>24.0</ns3:atemp>
            <ns3:hr>110</ns3:hr>
          </ns3:TrackPointExtension>
        </extensions>
      </trkpt>
      <trkpt lat="59.95838639326393604278564453125" lon="30.30004285275936126708984375">
        <ele>-11.80000019073486328125</ele>
        <time>2025-06-06T07:55:01.000Z</time>
        <extensions>
          <ns3:TrackPointExtension>
            <ns3:atemp>24.0</ns3:atemp>
            <ns3:hr>107</ns3:hr>
          </ns3:TrackPointExtension>
        </extensions>
      </trkpt>
      <trkpt lat="59.9583408795297145843505859375" lon="30.2999726124107837677001953125">
        <ele>-12</ele>
        <time>2025-06-06T07:55:02.000Z</time>
        <extensions>
          <ns3:TrackPointExtension>
            <ns3:atemp>24.0</ns3:atemp>
            <ns3:hr>107</ns3:hr>
          </ns3:TrackPointExtension>
        </extensions>
      </trkpt>
      <trkpt lat="59.95817651040852069854736328125" lon="30.29978804290294647216796875">
        <ele>-12</ele>
        <time>2025-06-06T07:55:05.000Z</time>
        <extensions>
          <ns3:TrackPointExtension>
            <ns3:atemp>24.0</ns3:atemp>
            <ns3:hr>102</ns3:hr>
          </ns3:TrackPointExtension>
        </extensions>
      </trkpt>
      <trkpt lat="59.958132170140743255615234375" lon="30.29971302486956119537353515625">
        <ele>-12</ele>
        <time>2025-06-06T07:55:06.000Z</time>
        <extensions>
          <ns3:TrackPointExtension>
            <ns3:atemp>24.0</ns3:atemp>
            <ns3:hr>99</ns3:hr>
          </ns3:TrackPointExtension>
        </extensions>
      </trkpt>
      <trkpt lat="59.95808900333940982818603515625" lon="30.29962887056171894073486328125">
        <ele>-12</ele>
        <time>2025-06-06T07:55:07.000Z</time>
        <extensions>
          <ns3:TrackPointExtension>
            <ns3:atemp>24.0</ns3:atemp>
            <ns3:hr>94</ns3:hr>
          </ns3:TrackPointExtension>
        </extensions>
      </trkpt>
      <trkpt lat="59.95804625563323497772216796875" lon="30.29954530298709869384765625">
        <ele>-12</ele>
        <time>2025-06-06T07:55:08.000Z</time>
        <extensions>
          <ns3:TrackPointExtension>
            <ns3:atemp>24.0</ns3:atemp>
            <ns3:hr>91</ns3:hr>
          </ns3:TrackPointExtension>
        </extensions>
      </trkpt>
      <trkpt lat="59.957963861525058746337890625" lon="30.29936559498310089111328125">
        <ele>-12</ele>
        <time>2025-06-06T07:55:10.000Z</time>
        <extensions>
          <ns3:TrackPointExtension>
            <ns3:atemp>24.0</ns3:atemp>
            <ns3:hr>88</ns3:hr>
          </ns3:TrackPointExtension>
        </extensions>
      </trkpt>
      <trkpt lat="59.95777736417949199676513671875" lon="30.299060828983783721923828125">
        <ele>-11.80000019073486328125</ele>
        <time>2025-06-06T07:55:14.000Z</time>
        <extensions>
          <ns3:TrackPointExtension>
            <ns3:atemp>24.0</ns3:atemp>
            <ns3:hr>85</ns3:hr>
          </ns3:TrackPointExtension>
        </extensions>
      </trkpt>
      <trkpt lat="59.95769195258617401123046875" lon="30.29891992919147014617919921875">
        <ele>-11.80000019073486328125</ele>
        <time>2025-06-06T07:55:16.000Z</time>
        <extensions>
          <ns3:TrackPointExtension>
            <ns3:atemp>24.0</ns3:atemp>
            <ns3:hr>86</ns3:hr>
          </ns3:TrackPointExtension>
        </extensions>
      </trkpt>
      <trkpt lat="59.95765834115445613861083984375" lon="30.29885790310800075531005859375">
        <ele>-11.6000003814697265625</ele>
        <time>2025-06-06T07:55:17.000Z</time>
        <extensions>
          <ns3:TrackPointExtension>
            <ns3:atemp>24.0</ns3:atemp>
            <ns3:hr>90</ns3:hr>
          </ns3:TrackPointExtension>
        </extensions>
      </trkpt>
      <trkpt lat="59.95757871307432651519775390625" lon="30.2987649478018283843994140625">
        <ele>-11.3999996185302734375</ele>
        <time>2025-06-06T07:55:20.000Z</time>
        <extensions>
          <ns3:TrackPointExtension>
            <ns3:atemp>24.0</ns3:atemp>
            <ns3:hr>92</ns3:hr>
          </ns3:TrackPointExtension>
        </extensions>
      </trkpt>
      <trkpt lat="59.9575627036392688751220703125" lon="30.2987589128315448760986328125">
        <ele>-11.19999980926513671875</ele>
        <time>2025-06-06T07:55:23.000Z</time>
        <extensions>
          <ns3:TrackPointExtension>
            <ns3:atemp>24.0</ns3:atemp>
            <ns3:hr>96</ns3:hr>
          </ns3:TrackPointExtension>
        </extensions>
      </trkpt>
      <trkpt lat="59.957560189068317413330078125" lon="30.29875882901251316070556640625">
        <ele>-11</ele>
        <time>2025-06-06T07:55:25.000Z</time>
        <extensions>
          <ns3:TrackPointExtension>
            <ns3:atemp>24.0</ns3:atemp>
            <ns3:hr>98</ns3:hr>
          </ns3:TrackPointExtension>
        </extensions>
      </trkpt>
      <trkpt lat="59.95754501782357692718505859375" lon="30.298781208693981170654296875">
        <ele>-11.80000019073486328125</ele>
        <time>2025-06-06T07:55:29.000Z</time>
        <extensions>
          <ns3:TrackPointExtension>
            <ns3:atemp>24.0</ns3:atemp>
            <ns3:hr>98</ns3:hr>
          </ns3:TrackPointExtension>
        </extensions>
      </trkpt>
      <trkpt lat="59.9575298465788364410400390625" lon="30.29872731305658817291259765625">
        <ele>-12</ele>
        <time>2025-06-06T07:55:31.000Z</time>
        <extensions>
          <ns3:TrackPointExtension>
            <ns3:atemp>24.0</ns3:atemp>
            <ns3:hr>98</ns3:hr>
          </ns3:TrackPointExtension>
        </extensions>
      </trkpt>
      <trkpt lat="59.95752632617950439453125" lon="30.29865707270801067352294921875">
        <ele>-12</ele>
        <time>2025-06-06T07:55:33.000Z</time>
        <extensions>
          <ns3:TrackPointExtension>
            <ns3:atemp>24.0</ns3:atemp>
            <ns3:hr>93</ns3:hr>
          </ns3:TrackPointExtension>
        </extensions>
      </trkpt>
      <trkpt lat="59.95752456597983837127685546875" lon="30.2986419014632701873779296875">
        <ele>-12.3999996185302734375</ele>
        <time>2025-06-06T07:55:34.000Z</time>
        <extensions>
          <ns3:TrackPointExtension>
            <ns3:atemp>24.0</ns3:atemp>
            <ns3:hr>99</ns3:hr>
          </ns3:TrackPointExtension>
        </extensions>
      </trkpt>
      <trkpt lat="59.95752406306564807891845703125" lon="30.29863779433071613311767578125">
        <ele>-12.6000003814697265625</ele>
        <time>2025-06-06T07:55:35.000Z</time>
        <extensions>
          <ns3:TrackPointExtension>
            <ns3:atemp>24.0</ns3:atemp>
            <ns3:hr>98</ns3:hr>
          </ns3:TrackPointExtension>
        </extensions>
      </trkpt>
      <trkpt lat="59.95751224458217620849609375" lon="30.29863729141652584075927734375">
        <ele>-12.80000019073486328125</ele>
        <time>2025-06-06T07:55:36.000Z</time>
        <extensions>
          <ns3:TrackPointExtension>
            <ns3:atemp>24.0</ns3:atemp>
            <ns3:hr>101</ns3:hr>
          </ns3:TrackPointExtension>
        </extensions>
      </trkpt>
      <trkpt lat="59.957465641200542449951171875" lon="30.29862538911402225494384765625">
        <ele>-13.19999980926513671875</ele>
        <time>2025-06-06T07:55:38.000Z</time>
        <extensions>
          <ns3:TrackPointExtension>
            <ns3:atemp>24.0</ns3:atemp>
            <ns3:hr>105</ns3:hr>
          </ns3:TrackPointExtension>
        </extensions>
      </trkpt>
      <trkpt lat="59.95739850215613842010498046875" lon="30.29858163557946681976318359375">
        <ele>-13.3999996185302734375</ele>
        <time>2025-06-06T07:55:40.000Z</time>
        <extensions>
          <ns3:TrackPointExtension>
            <ns3:atemp>24.0</ns3:atemp>
            <ns3:hr>108</ns3:hr>
          </ns3:TrackPointExtension>
        </extensions>
      </trkpt>
      <trkpt lat="59.95731870643794536590576171875" lon="30.2984813041985034942626953125">
        <ele>-13.80000019073486328125</ele>
        <time>2025-06-06T07:55:42.000Z</time>
        <extensions>
          <ns3:TrackPointExtension>
            <ns3:atemp>24.0</ns3:atemp>
            <ns3:hr>109</ns3:hr>
          </ns3:TrackPointExtension>
        </extensions>
      </trkpt>
      <trkpt lat="59.9572381563484668731689453125" lon="30.29833688400685787200927734375">
        <ele>-14.6000003814697265625</ele>
        <time>2025-06-06T07:55:44.000Z</time>
        <extensions>
          <ns3:TrackPointExtension>
            <ns3:atemp>24.0</ns3:atemp>
            <ns3:hr>109</ns3:hr>
          </ns3:TrackPointExtension>
        </extensions>
      </trkpt>
      <trkpt lat="59.9571935646235942840576171875" lon="30.29827033169567584991455078125">
        <ele>-14.80000019073486328125</ele>
        <time>2025-06-06T07:55:45.000Z</time>
        <extensions>
          <ns3:TrackPointExtension>
            <ns3:atemp>24.0</ns3:atemp>
            <ns3:hr>107</ns3:hr>
          </ns3:TrackPointExtension>
        </extensions>
      </trkpt>
      <trkpt lat="59.95701201260089874267578125" lon="30.29796682298183441162109375">
        <ele>-14.6000003814697265625</ele>
        <time>2025-06-06T07:55:50.000Z</time>
        <extensions>
          <ns3:TrackPointExtension>
            <ns3:atemp>24.0</ns3:atemp>
            <ns3:hr>105</ns3:hr>
          </ns3:TrackPointExtension>
        </extensions>
      </trkpt>
      <trkpt lat="59.95693833567202091217041015625" lon="30.2978244982659816741943359375">
        <ele>-14.19999980926513671875</ele>
        <time>2025-06-06T07:55:52.000Z</time>
        <extensions>
          <ns3:TrackPointExtension>
            <ns3:atemp>24.0</ns3:atemp>
            <ns3:hr>105</ns3:hr>
          </ns3:TrackPointExtension>
        </extensions>
      </trkpt>
      <trkpt lat="59.9568140320479869842529296875" lon="30.297629199922084808349609375">
        <ele>-14</ele>
        <time>2025-06-06T07:55:55.000Z</time>
        <extensions>
          <ns3:TrackPointExtension>
            <ns3:atemp>24.0</ns3:atemp>
            <ns3:hr>108</ns3:hr>
          </ns3:TrackPointExtension>
        </extensions>
      </trkpt>
      <trkpt lat="59.95677757076919078826904296875" lon="30.29755535535514354705810546875">
        <ele>-13.80000019073486328125</ele>
        <time>2025-06-06T07:55:56.000Z</time>
        <extensions>
          <ns3:TrackPointExtension>
            <ns3:atemp>24.0</ns3:atemp>
            <ns3:hr>107</ns3:hr>
          </ns3:TrackPointExtension>
        </extensions>
      </trkpt>
      <trkpt lat="59.95670481584966182708740234375" lon="30.297442786395549774169921875">
        <ele>-13.19999980926513671875</ele>
        <time>2025-06-06T07:55:58.000Z</time>
        <extensions>
          <ns3:TrackPointExtension>
            <ns3:atemp>24.0</ns3:atemp>
            <ns3:hr>110</ns3:hr>
          </ns3:TrackPointExtension>
        </extensions>
      </trkpt>
      <trkpt lat="59.95660004206001758575439453125" lon="30.2972991205751895904541015625">
        <ele>-12.80000019073486328125</ele>
        <time>2025-06-06T07:56:01.000Z</time>
        <extensions>
          <ns3:TrackPointExtension>
            <ns3:atemp>24.0</ns3:atemp>
            <ns3:hr>111</ns3:hr>
          </ns3:TrackPointExtension>
        </extensions>
      </trkpt>
      <trkpt lat="59.956532232463359832763671875" lon="30.297178588807582855224609375">
        <ele>-12.6000003814697265625</ele>
        <time>2025-06-06T07:56:03.000Z</time>
        <extensions>
          <ns3:TrackPointExtension>
            <ns3:atemp>24.0</ns3:atemp>
            <ns3:hr>112</ns3:hr>
          </ns3:TrackPointExtension>
        </extensions>
      </trkpt>
      <trkpt lat="59.956386052072048187255859375" lon="30.29692486859858036041259765625">
        <ele>-12.3999996185302734375</ele>
        <time>2025-06-06T07:56:07.000Z</time>
        <extensions>
          <ns3:TrackPointExtension>
            <ns3:atemp>24.0</ns3:atemp>
            <ns3:hr>113</ns3:hr>
          </ns3:TrackPointExtension>
        </extensions>
      </trkpt>
      <trkpt lat="59.95623148977756500244140625" lon="30.29668464325368404388427734375">
        <ele>-12.6000003814697265625</ele>
        <time>2025-06-06T07:56:11.000Z</time>
        <extensions>
          <ns3:TrackPointExtension>
            <ns3:atemp>24.0</ns3:atemp>
            <ns3:hr>116</ns3:hr>
          </ns3:TrackPointExtension>
        </extensions>
      </trkpt>
      <trkpt lat="59.95615798048675060272216796875" lon="30.29655933380126953125">
        <ele>-12.80000019073486328125</ele>
        <time>2025-06-06T07:56:13.000Z</time>
        <extensions>
          <ns3:TrackPointExtension>
            <ns3:atemp>24.0</ns3:atemp>
            <ns3:hr>119</ns3:hr>
          </ns3:TrackPointExtension>
        </extensions>
      </trkpt>
      <trkpt lat="59.95608396828174591064453125" lon="30.2964404784142971038818359375">
        <ele>-12.3999996185302734375</ele>
        <time>2025-06-06T07:56:15.000Z</time>
        <extensions>
          <ns3:TrackPointExtension>
            <ns3:atemp>24.0</ns3:atemp>
            <ns3:hr>120</ns3:hr>
          </ns3:TrackPointExtension>
        </extensions>
      </trkpt>
      <trkpt lat="59.95582572184503078460693359375" lon="30.29607477597892284393310546875">
        <ele>-12</ele>
        <time>2025-06-06T07:56:22.000Z</time>
        <extensions>
          <ns3:TrackPointExtension>
            <ns3:atemp>24.0</ns3:atemp>
            <ns3:hr>120</ns3:hr>
          </ns3:TrackPointExtension>
        </extensions>
      </trkpt>
      <trkpt lat="59.95576000772416591644287109375" lon="30.29592289589345455169677734375">
        <ele>-11.6000003814697265625</ele>
        <time>2025-06-06T07:56:25.000Z</time>
        <extensions>
          <ns3:TrackPointExtension>
            <ns3:atemp>23.0</ns3:atemp>
            <ns3:hr>121</ns3:hr>
          </ns3:TrackPointExtension>
        </extensions>
      </trkpt>
      <trkpt lat="59.95574307627975940704345703125" lon="30.295858271420001983642578125">
        <ele>-11.6000003814697265625</ele>
        <time>2025-06-06T07:56:26.000Z</time>
        <extensions>
          <ns3:TrackPointExtension>
            <ns3:atemp>23.0</ns3:atemp>
            <ns3:hr>124</ns3:hr>
          </ns3:TrackPointExtension>
        </extensions>
      </trkpt>
      <trkpt lat="59.95571357198059558868408203125" lon="30.2958069741725921630859375">
        <ele>-11.3999996185302734375</ele>
        <time>2025-06-06T07:56:27.000Z</time>
        <extensions>
          <ns3:TrackPointExtension>
            <ns3:atemp>23.0</ns3:atemp>
            <ns3:hr>128</ns3:hr>
          </ns3:TrackPointExtension>
        </extensions>
      </trkpt>
      <trkpt lat="59.9557022564113140106201171875" lon="30.29572189785540103912353515625">
        <ele>-11.3999996185302734375</ele>
        <time>2025-06-06T07:56:28.000Z</time>
        <extensions>
          <ns3:TrackPointExtension>
            <ns3:atemp>23.0</ns3:atemp>
            <ns3:hr>133</ns3:hr>
          </ns3:TrackPointExtension>
        </extensions>
      </trkpt>
      <trkpt lat="59.95565691031515598297119140625" lon="30.29568367637693881988525390625">
        <ele>-11.3999996185302734375</ele>
        <time>2025-06-06T07:56:29.000Z</time>
        <extensions>
          <ns3:TrackPointExtension>
            <ns3:atemp>23.0</ns3:atemp>
            <ns3:hr>133</ns3:hr>
          </ns3:TrackPointExtension>
        </extensions>
      </trkpt>
      <trkpt lat="59.95555465109646320343017578125" lon="30.29550187289714813232421875">
        <ele>-11.3999996185302734375</ele>
        <time>2025-06-06T07:56:32.000Z</time>
        <extensions>
          <ns3:TrackPointExtension>
            <ns3:atemp>23.0</ns3:atemp>
            <ns3:hr>131</ns3:hr>
          </ns3:TrackPointExtension>
        </extensions>
      </trkpt>
      <trkpt lat="59.9555155076086521148681640625" lon="30.2954500727355480194091796875">
        <ele>-11.3999996185302734375</ele>
        <time>2025-06-06T07:56:33.000Z</time>
        <extensions>
          <ns3:TrackPointExtension>
            <ns3:atemp>23.0</ns3:atemp>
            <ns3:hr>131</ns3:hr>
          </ns3:TrackPointExtension>
        </extensions>
      </trkpt>
      <trkpt lat="59.95544870384037494659423828125" lon="30.29533046297729015350341796875">
        <ele>-11.19999980926513671875</ele>
        <time>2025-06-06T07:56:35.000Z</time>
        <extensions>
          <ns3:TrackPointExtension>
            <ns3:atemp>23.0</ns3:atemp>
            <ns3:hr>128</ns3:hr>
          </ns3:TrackPointExtension>
        </extensions>
      </trkpt>
      <trkpt lat="59.9552975781261920928955078125" lon="30.29505486600100994110107421875">
        <ele>-11.19999980926513671875</ele>
        <time>2025-06-06T07:56:40.000Z</time>
        <extensions>
          <ns3:TrackPointExtension>
            <ns3:atemp>23.0</ns3:atemp>
            <ns3:hr>126</ns3:hr>
          </ns3:TrackPointExtension>
        </extensions>
      </trkpt>
      <trkpt lat="59.95509557425975799560546875" lon="30.29463292099535465240478515625">
        <ele>-11.19999980926513671875</ele>
        <time>2025-06-06T07:56:47.000Z</time>
        <extensions>
          <ns3:TrackPointExtension>
            <ns3:atemp>23.0</ns3:atemp>
            <ns3:hr>127</ns3:hr>
          </ns3:TrackPointExtension>
        </extensions>
      </trkpt>
      <trkpt lat="59.95493355207145214080810546875" lon="30.2943446673452854156494140625">
        <ele>-11</ele>
        <time>2025-06-06T07:56:53.000Z</time>
        <extensions>
          <ns3:TrackPointExtension>
            <ns3:atemp>23.0</ns3:atemp>
            <ns3:hr>127</ns3:hr>
          </ns3:TrackPointExtension>
        </extensions>
      </trkpt>
      <trkpt lat="59.9548885412514209747314453125" lon="30.29426026158034801483154296875">
        <ele>-10.6000003814697265625</ele>
        <time>2025-06-06T07:56:56.000Z</time>
        <extensions>
          <ns3:TrackPointExtension>
            <ns3:atemp>23.0</ns3:atemp>
            <ns3:hr>126</ns3:hr>
          </ns3:TrackPointExtension>
        </extensions>
      </trkpt>
      <trkpt lat="59.95486683212220668792724609375" lon="30.29424500651657581329345703125">
        <ele>-10.6000003814697265625</ele>
        <time>2025-06-06T07:56:58.000Z</time>
        <extensions>
          <ns3:TrackPointExtension>
            <ns3:atemp>23.0</ns3:atemp>
            <ns3:hr>128</ns3:hr>
          </ns3:TrackPointExtension>
        </extensions>
      </trkpt>
      <trkpt lat="59.9548597075045108795166015625" lon="30.294229499995708465576171875">
        <ele>-11</ele>
        <time>2025-06-06T07:57:03.000Z</time>
        <extensions>
          <ns3:TrackPointExtension>
            <ns3:atemp>23.0</ns3:atemp>
            <ns3:hr>125</ns3:hr>
          </ns3:TrackPointExtension>
        </extensions>
      </trkpt>
      <trkpt lat="59.95486934669315814971923828125" lon="30.29419857077300548553466796875">
        <ele>-11.6000003814697265625</ele>
        <time>2025-06-06T07:57:06.000Z</time>
        <extensions>
          <ns3:TrackPointExtension>
            <ns3:atemp>23.0</ns3:atemp>
            <ns3:hr>122</ns3:hr>
          </ns3:TrackPointExtension>
        </extensions>
      </trkpt>
      <trkpt lat="59.9548535048961639404296875" lon="30.29420896433293819427490234375">
        <ele>-12</ele>
        <time>2025-06-06T07:57:08.000Z</time>
        <extensions>
          <ns3:TrackPointExtension>
            <ns3:atemp>23.0</ns3:atemp>
            <ns3:hr>122</ns3:hr>
          </ns3:TrackPointExtension>
        </extensions>
      </trkpt>
      <trkpt lat="59.95485526509582996368408203125" lon="30.2941870875656604766845703125">
        <ele>-13.19999980926513671875</ele>
        <time>2025-06-06T07:57:15.000Z</time>
        <extensions>
          <ns3:TrackPointExtension>
            <ns3:atemp>24.0</ns3:atemp>
            <ns3:hr>118</ns3:hr>
          </ns3:TrackPointExtension>
        </extensions>
      </trkpt>
      <trkpt lat="59.9548561871051788330078125" lon="30.29418599791824817657470703125">
        <ele>-13.6000003814697265625</ele>
        <time>2025-06-06T07:57:18.000Z</time>
        <extensions>
          <ns3:TrackPointExtension>
            <ns3:atemp>24.0</ns3:atemp>
            <ns3:hr>118</ns3:hr>
          </ns3:TrackPointExtension>
        </extensions>
      </trkpt>
      <trkpt lat="59.95485425926744937896728515625" lon="30.29418348334729671478271484375">
        <ele>-14.19999980926513671875</ele>
        <time>2025-06-06T07:57:22.000Z</time>
        <extensions>
          <ns3:TrackPointExtension>
            <ns3:atemp>24.0</ns3:atemp>
            <ns3:hr>117</ns3:hr>
          </ns3:TrackPointExtension>
        </extensions>
      </trkpt>
      <trkpt lat="59.95485325343906879425048828125" lon="30.2941820584237575531005859375">
        <ele>-14.6000003814697265625</ele>
        <time>2025-06-06T07:57:26.000Z</time>
        <extensions>
          <ns3:TrackPointExtension>
            <ns3:atemp>24.0</ns3:atemp>
            <ns3:hr>114</ns3:hr>
          </ns3:TrackPointExtension>
        </extensions>
      </trkpt>
      <trkpt lat="59.9548526667058467864990234375" lon="30.2941807173192501068115234375">
        <ele>-15.19999980926513671875</ele>
        <time>2025-06-06T07:57:30.000Z</time>
        <extensions>
          <ns3:TrackPointExtension>
            <ns3:atemp>24.0</ns3:atemp>
            <ns3:hr>112</ns3:hr>
          </ns3:TrackPointExtension>
        </extensions>
      </trkpt>
      <trkpt lat="59.95485191233456134796142578125" lon="30.294179208576679229736328125">
        <ele>-15.6000003814697265625</ele>
        <time>2025-06-06T07:57:32.000Z</time>
        <extensions>
          <ns3:TrackPointExtension>
            <ns3:atemp>24.0</ns3:atemp>
            <ns3:hr>109</ns3:hr>
          </ns3:TrackPointExtension>
        </extensions>
      </trkpt>
      <trkpt lat="59.95483783073723316192626953125" lon="30.2941616065800189971923828125">
        <ele>-15.80000019073486328125</ele>
        <time>2025-06-06T07:57:36.000Z</time>
        <extensions>
          <ns3:TrackPointExtension>
            <ns3:atemp>24.0</ns3:atemp>
            <ns3:hr>110</ns3:hr>
          </ns3:TrackPointExtension>
        </extensions>
      </trkpt>
      <trkpt lat="59.95471461676061153411865234375" lon="30.2940043620765209197998046875">
        <ele>-16.200000762939453125</ele>
        <time>2025-06-06T07:57:41.000Z</time>
        <extensions>
          <ns3:TrackPointExtension>
            <ns3:atemp>24.0</ns3:atemp>
            <ns3:hr>108</ns3:hr>
          </ns3:TrackPointExtension>
        </extensions>
      </trkpt>
      <trkpt lat="59.9546250142157077789306640625" lon="30.2938501350581645965576171875">
        <ele>-16</ele>
        <time>2025-06-06T07:57:44.000Z</time>
        <extensions>
          <ns3:TrackPointExtension>
            <ns3:atemp>24.0</ns3:atemp>
            <ns3:hr>106</ns3:hr>
          </ns3:TrackPointExtension>
        </extensions>
      </trkpt>
      <trkpt lat="59.95457229204475879669189453125" lon="30.29372750781476497650146484375">
        <ele>-15.6000003814697265625</ele>
        <time>2025-06-06T07:57:46.000Z</time>
        <extensions>
          <ns3:TrackPointExtension>
            <ns3:atemp>24.0</ns3:atemp>
            <ns3:hr>105</ns3:hr>
          </ns3:TrackPointExtension>
        </extensions>
      </trkpt>
      <trkpt lat="59.9545442126691341400146484375" lon="30.29367922805249691009521484375">
        <ele>-15.3999996185302734375</ele>
        <time>2025-06-06T07:57:47.000Z</time>
        <extensions>
          <ns3:TrackPointExtension>
            <ns3:atemp>24.0</ns3:atemp>
            <ns3:hr>104</ns3:hr>
          </ns3:TrackPointExtension>
        </extensions>
      </trkpt>
      <trkpt lat="59.95451412163674831390380859375" lon="30.29363396577537059783935546875">
        <ele>-15</ele>
        <time>2025-06-06T07:57:48.000Z</time>
        <extensions>
          <ns3:TrackPointExtension>
            <ns3:atemp>24.0</ns3:atemp>
            <ns3:hr>104</ns3:hr>
          </ns3:TrackPointExtension>
        </extensions>
      </trkpt>
      <trkpt lat="59.95433156378567218780517578125" lon="30.29341234825551509857177734375">
        <ele>-14</ele>
        <time>2025-06-06T07:57:54.000Z</time>
        <extensions>
          <ns3:TrackPointExtension>
            <ns3:atemp>24.0</ns3:atemp>
            <ns3:hr>107</ns3:hr>
          </ns3:TrackPointExtension>
        </extensions>
      </trkpt>
      <trkpt lat="59.95429166592657566070556640625" lon="30.29336021281778812408447265625">
        <ele>-13.6000003814697265625</ele>
        <time>2025-06-06T07:57:56.000Z</time>
        <extensions>
          <ns3:TrackPointExtension>
            <ns3:atemp>24.0</ns3:atemp>
            <ns3:hr>110</ns3:hr>
          </ns3:TrackPointExtension>
        </extensions>
      </trkpt>
      <trkpt lat="59.95426299981772899627685546875" lon="30.29331997968256473541259765625">
        <ele>-13.19999980926513671875</ele>
        <time>2025-06-06T07:57:58.000Z</time>
        <extensions>
          <ns3:TrackPointExtension>
            <ns3:atemp>24.0</ns3:atemp>
            <ns3:hr>113</ns3:hr>
          </ns3:TrackPointExtension>
        </extensions>
      </trkpt>
      <trkpt lat="59.9542421288788318634033203125" lon="30.29327924363315105438232421875">
        <ele>-13.19999980926513671875</ele>
        <time>2025-06-06T07:58:00.000Z</time>
        <extensions>
          <ns3:TrackPointExtension>
            <ns3:atemp>24.0</ns3:atemp>
            <ns3:hr>115</ns3:hr>
          </ns3:TrackPointExtension>
        </extensions>
      </trkpt>
      <trkpt lat="59.9541623331606388092041015625" lon="30.29313155449926853179931640625">
        <ele>-13.19999980926513671875</ele>
        <time>2025-06-06T07:58:05.000Z</time>
        <extensions>
          <ns3:TrackPointExtension>
            <ns3:atemp>24.0</ns3:atemp>
            <ns3:hr>118</ns3:hr>
          </ns3:TrackPointExtension>
        </extensions>
      </trkpt>
      <trkpt lat="59.95402403175830841064453125" lon="30.29290289618074893951416015625">
        <ele>-13.80000019073486328125</ele>
        <time>2025-06-06T07:58:10.000Z</time>
        <extensions>
          <ns3:TrackPointExtension>
            <ns3:atemp>24.0</ns3:atemp>
            <ns3:hr>121</ns3:hr>
          </ns3:TrackPointExtension>
        </extensions>
      </trkpt>
      <trkpt lat="59.9539926834404468536376953125" lon="30.2928687818348407745361328125">
        <ele>-13.6000003814697265625</ele>
        <time>2025-06-06T07:58:11.000Z</time>
        <extensions>
          <ns3:TrackPointExtension>
            <ns3:atemp>24.0</ns3:atemp>
            <ns3:hr>120</ns3:hr>
          </ns3:TrackPointExtension>
        </extensions>
      </trkpt>
      <trkpt lat="59.95385899208486080169677734375" lon="30.29274447821080684661865234375">
        <ele>-13.3999996185302734375</ele>
        <time>2025-06-06T07:58:15.000Z</time>
        <extensions>
          <ns3:TrackPointExtension>
            <ns3:atemp>24.0</ns3:atemp>
            <ns3:hr>117</ns3:hr>
          </ns3:TrackPointExtension>
        </extensions>
      </trkpt>
      <trkpt lat="59.9537814594805240631103515625" lon="30.29263794422149658203125">
        <ele>-13</ele>
        <time>2025-06-06T07:58:18.000Z</time>
        <extensions>
          <ns3:TrackPointExtension>
            <ns3:atemp>24.0</ns3:atemp>
            <ns3:hr>117</ns3:hr>
          </ns3:TrackPointExtension>
        </extensions>
      </trkpt>
      <trkpt lat="59.9537600018084049224853515625" lon="30.292604751884937286376953125">
        <ele>-12.80000019073486328125</ele>
        <time>2025-06-06T07:58:19.000Z</time>
        <extensions>
          <ns3:TrackPointExtension>
            <ns3:atemp>24.0</ns3:atemp>
            <ns3:hr>117</ns3:hr>
          </ns3:TrackPointExtension>
        </extensions>
      </trkpt>
      <trkpt lat="59.95371767319738864898681640625" lon="30.29250659979879856109619140625">
        <ele>-12.6000003814697265625</ele>
        <time>2025-06-06T07:58:22.000Z</time>
        <extensions>
          <ns3:TrackPointExtension>
            <ns3:atemp>24.0</ns3:atemp>
            <ns3:hr>120</ns3:hr>
          </ns3:TrackPointExtension>
        </extensions>
      </trkpt>
      <trkpt lat="59.95369068346917629241943359375" lon="30.29246016405522823333740234375">
        <ele>-12.3999996185302734375</ele>
        <time>2025-06-06T07:58:24.000Z</time>
        <extensions>
          <ns3:TrackPointExtension>
            <ns3:atemp>24.0</ns3:atemp>
            <ns3:hr>117</ns3:hr>
          </ns3:TrackPointExtension>
        </extensions>
      </trkpt>
      <trkpt lat="59.9535779468715190887451171875" lon="30.29212958179414272308349609375">
        <ele>-12.19999980926513671875</ele>
        <time>2025-06-06T07:58:30.000Z</time>
        <extensions>
          <ns3:TrackPointExtension>
            <ns3:atemp>24.0</ns3:atemp>
            <ns3:hr>117</ns3:hr>
          </ns3:TrackPointExtension>
        </extensions>
      </trkpt>
      <trkpt lat="59.95341625995934009552001953125" lon="30.29199429787695407867431640625">
        <ele>-12.3999996185302734375</ele>
        <time>2025-06-06T07:58:35.000Z</time>
        <extensions>
          <ns3:TrackPointExtension>
            <ns3:atemp>24.0</ns3:atemp>
            <ns3:hr>120</ns3:hr>
          </ns3:TrackPointExtension>
        </extensions>
      </trkpt>
      <trkpt lat="59.95322464965283870697021484375" lon="30.291880555450916290283203125">
        <ele>-12.6000003814697265625</ele>
        <time>2025-06-06T07:58:42.000Z</time>
        <extensions>
          <ns3:TrackPointExtension>
            <ns3:atemp>24.0</ns3:atemp>
            <ns3:hr>119</ns3:hr>
          </ns3:TrackPointExtension>
        </extensions>
      </trkpt>
      <trkpt lat="59.9531052075326442718505859375" lon="30.291659273207187652587890625">
        <ele>-12.3999996185302734375</ele>
        <time>2025-06-06T07:58:48.000Z</time>
        <extensions>
          <ns3:TrackPointExtension>
            <ns3:atemp>24.0</ns3:atemp>
            <ns3:hr>119</ns3:hr>
          </ns3:TrackPointExtension>
        </extensions>
      </trkpt>
      <trkpt lat="59.95302516035735607147216796875" lon="30.2915320359170436859130859375">
        <ele>-12.19999980926513671875</ele>
        <time>2025-06-06T07:58:52.000Z</time>
        <extensions>
          <ns3:TrackPointExtension>
            <ns3:atemp>24.0</ns3:atemp>
            <ns3:hr>116</ns3:hr>
          </ns3:TrackPointExtension>
        </extensions>
      </trkpt>
      <trkpt lat="59.95299750007688999176025390625" lon="30.2914730273187160491943359375">
        <ele>-12.19999980926513671875</ele>
        <time>2025-06-06T07:58:54.000Z</time>
        <extensions>
          <ns3:TrackPointExtension>
            <ns3:atemp>24.0</ns3:atemp>
            <ns3:hr>119</ns3:hr>
          </ns3:TrackPointExtension>
        </extensions>
      </trkpt>
      <trkpt lat="59.9529491364955902099609375" lon="30.2913982607424259185791015625">
        <ele>-12</ele>
        <time>2025-06-06T07:58:57.000Z</time>
        <extensions>
          <ns3:TrackPointExtension>
            <ns3:atemp>24.0</ns3:atemp>
            <ns3:hr>119</ns3:hr>
          </ns3:TrackPointExtension>
        </extensions>
      </trkpt>
      <trkpt lat="59.95289674960076808929443359375" lon="30.29131829738616943359375">
        <ele>-12.3999996185302734375</ele>
        <time>2025-06-06T07:59:02.000Z</time>
        <extensions>
          <ns3:TrackPointExtension>
            <ns3:atemp>24.0</ns3:atemp>
            <ns3:hr>119</ns3:hr>
          </ns3:TrackPointExtension>
        </extensions>
      </trkpt>
      <trkpt lat="59.95293664745986461639404296875" lon="30.29118728823959827423095703125">
        <ele>-12.80000019073486328125</ele>
        <time>2025-06-06T07:59:07.000Z</time>
        <extensions>
          <ns3:TrackPointExtension>
            <ns3:atemp>24.0</ns3:atemp>
            <ns3:hr>119</ns3:hr>
          </ns3:TrackPointExtension>
        </extensions>
      </trkpt>
      <trkpt lat="59.95294846594333648681640625" lon="30.29116474092006683349609375">
        <ele>-13.80000019073486328125</ele>
        <time>2025-06-06T07:59:15.000Z</time>
        <extensions>
          <ns3:TrackPointExtension>
            <ns3:atemp>24.0</ns3:atemp>
            <ns3:hr>117</ns3:hr>
          </ns3:TrackPointExtension>
        </extensions>
      </trkpt>
      <trkpt lat="59.95295123197138309478759765625" lon="30.29115744866430759429931640625">
        <ele>-14</ele>
        <time>2025-06-06T07:59:17.000Z</time>
        <extensions>
          <ns3:TrackPointExtension>
            <ns3:atemp>24.0</ns3:atemp>
            <ns3:hr>116</ns3:hr>
          </ns3:TrackPointExtension>
        </extensions>
      </trkpt>
      <trkpt lat="59.95294402353465557098388671875" lon="30.2911464683711528778076171875">
        <ele>-14.3999996185302734375</ele>
        <time>2025-06-06T07:59:23.000Z</time>
        <extensions>
          <ns3:TrackPointExtension>
            <ns3:atemp>24.0</ns3:atemp>
            <ns3:hr>114</ns3:hr>
          </ns3:TrackPointExtension>
        </extensions>
      </trkpt>
      <trkpt lat="59.95292692445218563079833984375" lon="30.2910592965781688690185546875">
        <ele>-15</ele>
        <time>2025-06-06T07:59:25.000Z</time>
        <extensions>
          <ns3:TrackPointExtension>
            <ns3:atemp>24.0</ns3:atemp>
            <ns3:hr>112</ns3:hr>
          </ns3:TrackPointExtension>
        </extensions>
      </trkpt>
      <trkpt lat="59.9527860246598720550537109375" lon="30.29071019031107425689697265625">
        <ele>-15.6000003814697265625</ele>
        <time>2025-06-06T07:59:31.000Z</time>
        <extensions>
          <ns3:TrackPointExtension>
            <ns3:atemp>24.0</ns3:atemp>
            <ns3:hr>109</ns3:hr>
          </ns3:TrackPointExtension>
        </extensions>
      </trkpt>
      <trkpt lat="59.95264043100178241729736328125" lon="30.2903776802122592926025390625">
        <ele>-14</ele>
        <time>2025-06-06T07:59:36.000Z</time>
        <extensions>
          <ns3:TrackPointExtension>
            <ns3:atemp>24.0</ns3:atemp>
            <ns3:hr>109</ns3:hr>
          </ns3:TrackPointExtension>
        </extensions>
      </trkpt>
      <trkpt lat="59.95253414846956729888916015625" lon="30.29017659835517406463623046875">
        <ele>-13.19999980926513671875</ele>
        <time>2025-06-06T07:59:39.000Z</time>
        <extensions>
          <ns3:TrackPointExtension>
            <ns3:atemp>24.0</ns3:atemp>
            <ns3:hr>109</ns3:hr>
          </ns3:TrackPointExtension>
        </extensions>
      </trkpt>
      <trkpt lat="59.95249249041080474853515625" lon="30.29011331498622894287109375">
        <ele>-13</ele>
        <time>2025-06-06T07:59:40.000Z</time>
        <extensions>
          <ns3:TrackPointExtension>
            <ns3:atemp>24.0</ns3:atemp>
            <ns3:hr>111</ns3:hr>
          </ns3:TrackPointExtension>
        </extensions>
      </trkpt>
      <trkpt lat="59.95245368219912052154541015625" lon="30.2900427393615245819091796875">
        <ele>-12.80000019073486328125</ele>
        <time>2025-06-06T07:59:41.000Z</time>
        <extensions>
          <ns3:TrackPointExtension>
            <ns3:atemp>24.0</ns3:atemp>
            <ns3:hr>116</ns3:hr>
          </ns3:TrackPointExtension>
        </extensions>
      </trkpt>
      <trkpt lat="59.952413700520992279052734375" lon="30.2899669669568538665771484375">
        <ele>-12.80000019073486328125</ele>
        <time>2025-06-06T07:59:42.000Z</time>
        <extensions>
          <ns3:TrackPointExtension>
            <ns3:atemp>24.0</ns3:atemp>
            <ns3:hr>114</ns3:hr>
          </ns3:TrackPointExtension>
        </extensions>
      </trkpt>
      <trkpt lat="59.95237581431865692138671875" lon="30.2899005822837352752685546875">
        <ele>-12.6000003814697265625</ele>
        <time>2025-06-06T07:59:43.000Z</time>
        <extensions>
          <ns3:TrackPointExtension>
            <ns3:atemp>24.0</ns3:atemp>
            <ns3:hr>117</ns3:hr>
          </ns3:TrackPointExtension>
        </extensions>
      </trkpt>
      <trkpt lat="59.9523397721350193023681640625" lon="30.28984065167605876922607421875">
        <ele>-12.6000003814697265625</ele>
        <time>2025-06-06T07:59:44.000Z</time>
        <extensions>
          <ns3:TrackPointExtension>
            <ns3:atemp>24.0</ns3:atemp>
            <ns3:hr>120</ns3:hr>
          </ns3:TrackPointExtension>
        </extensions>
      </trkpt>
      <trkpt lat="59.95228436775505542755126953125" lon="30.2897460199892520904541015625">
        <ele>-12.19999980926513671875</ele>
        <time>2025-06-06T07:59:46.000Z</time>
        <extensions>
          <ns3:TrackPointExtension>
            <ns3:atemp>24.0</ns3:atemp>
            <ns3:hr>119</ns3:hr>
          </ns3:TrackPointExtension>
        </extensions>
      </trkpt>
      <trkpt lat="59.9522356688976287841796875" lon="30.2896712534129619598388671875">
        <ele>-11.80000019073486328125</ele>
        <time>2025-06-06T07:59:48.000Z</time>
        <extensions>
          <ns3:TrackPointExtension>
            <ns3:atemp>24.0</ns3:atemp>
            <ns3:hr>121</ns3:hr>
          </ns3:TrackPointExtension>
        </extensions>
      </trkpt>
      <trkpt lat="59.9521298892796039581298828125" lon="30.2895582653582096099853515625">
        <ele>-11.80000019073486328125</ele>
        <time>2025-06-06T07:59:51.000Z</time>
        <extensions>
          <ns3:TrackPointExtension>
            <ns3:atemp>24.0</ns3:atemp>
            <ns3:hr>124</ns3:hr>
          </ns3:TrackPointExtension>
        </extensions>
      </trkpt>
      <trkpt lat="59.9520906619727611541748046875" lon="30.28952180407941341400146484375">
        <ele>-11.80000019073486328125</ele>
        <time>2025-06-06T07:59:52.000Z</time>
        <extensions>
          <ns3:TrackPointExtension>
            <ns3:atemp>24.0</ns3:atemp>
            <ns3:hr>125</ns3:hr>
          </ns3:TrackPointExtension>
        </extensions>
      </trkpt>
      <trkpt lat="59.9517781846225261688232421875" lon="30.2891663275659084320068359375">
        <ele>-12.19999980926513671875</ele>
        <time>2025-06-06T07:59:59.000Z</time>
        <extensions>
          <ns3:TrackPointExtension>
            <ns3:atemp>24.0</ns3:atemp>
            <ns3:hr>124</ns3:hr>
          </ns3:TrackPointExtension>
        </extensions>
      </trkpt>
      <trkpt lat="59.95151055045425891876220703125" lon="30.2888417802751064300537109375">
        <ele>-12</ele>
        <time>2025-06-06T08:00:04.000Z</time>
        <extensions>
          <ns3:TrackPointExtension>
            <ns3:atemp>24.0</ns3:atemp>
            <ns3:hr>119</ns3:hr>
          </ns3:TrackPointExtension>
        </extensions>
      </trkpt>
      <trkpt lat="59.95144852437078952789306640625" lon="30.2887485735118389129638671875">
        <ele>-12</ele>
        <time>2025-06-06T08:00:05.000Z</time>
        <extensions>
          <ns3:TrackPointExtension>
            <ns3:atemp>24.0</ns3:atemp>
            <ns3:hr>114</ns3:hr>
          </ns3:TrackPointExtension>
        </extensions>
      </trkpt>
      <trkpt lat="59.95140217244625091552734375" lon="30.28868235647678375244140625">
        <ele>-12</ele>
        <time>2025-06-06T08:00:06.000Z</time>
        <extensions>
          <ns3:TrackPointExtension>
            <ns3:atemp>24.0</ns3:atemp>
            <ns3:hr>110</ns3:hr>
          </ns3:TrackPointExtension>
        </extensions>
      </trkpt>
      <trkpt lat="59.9513604305684566497802734375" lon="30.288618989288806915283203125">
        <ele>-12</ele>
        <time>2025-06-06T08:00:07.000Z</time>
        <extensions>
          <ns3:TrackPointExtension>
            <ns3:atemp>24.0</ns3:atemp>
            <ns3:hr>105</ns3:hr>
          </ns3:TrackPointExtension>
        </extensions>
      </trkpt>
      <trkpt lat="59.95131692849099636077880859375" lon="30.28855386190116405487060546875">
        <ele>-12</ele>
        <time>2025-06-06T08:00:08.000Z</time>
        <extensions>
          <ns3:TrackPointExtension>
            <ns3:atemp>24.0</ns3:atemp>
            <ns3:hr>101</ns3:hr>
          </ns3:TrackPointExtension>
        </extensions>
      </trkpt>
      <trkpt lat="59.951274432241916656494140625" lon="30.2884870581328868865966796875">
        <ele>-12.19999980926513671875</ele>
        <time>2025-06-06T08:00:09.000Z</time>
        <extensions>
          <ns3:TrackPointExtension>
            <ns3:atemp>24.0</ns3:atemp>
            <ns3:hr>95</ns3:hr>
          </ns3:TrackPointExtension>
        </extensions>
      </trkpt>
      <trkpt lat="59.95123051106929779052734375" lon="30.28842612169682979583740234375">
        <ele>-12.19999980926513671875</ele>
        <time>2025-06-06T08:00:10.000Z</time>
        <extensions>
          <ns3:TrackPointExtension>
            <ns3:atemp>24.0</ns3:atemp>
            <ns3:hr>95</ns3:hr>
          </ns3:TrackPointExtension>
        </extensions>
      </trkpt>
      <trkpt lat="59.95105910114943981170654296875" lon="30.28819461353123188018798828125">
        <ele>-12</ele>
        <time>2025-06-06T08:00:14.000Z</time>
        <extensions>
          <ns3:TrackPointExtension>
            <ns3:atemp>24.0</ns3:atemp>
            <ns3:hr>96</ns3:hr>
          </ns3:TrackPointExtension>
        </extensions>
      </trkpt>
      <trkpt lat="59.95071141980588436126708984375" lon="30.28766823001205921173095703125">
        <ele>-11.3999996185302734375</ele>
        <time>2025-06-06T08:00:22.000Z</time>
        <extensions>
          <ns3:TrackPointExtension>
            <ns3:atemp>24.0</ns3:atemp>
            <ns3:hr>99</ns3:hr>
          </ns3:TrackPointExtension>
        </extensions>
      </trkpt>
      <trkpt lat="59.9506375752389430999755859375" lon="30.28754669241607189178466796875">
        <ele>-11.19999980926513671875</ele>
        <time>2025-06-06T08:00:24.000Z</time>
        <extensions>
          <ns3:TrackPointExtension>
            <ns3:atemp>24.0</ns3:atemp>
            <ns3:hr>100</ns3:hr>
          </ns3:TrackPointExtension>
        </extensions>
      </trkpt>
      <trkpt lat="59.95052265934646129608154296875" lon="30.287369750440120697021484375">
        <ele>-10.6000003814697265625</ele>
        <time>2025-06-06T08:00:27.000Z</time>
        <extensions>
          <ns3:TrackPointExtension>
            <ns3:atemp>24.0</ns3:atemp>
            <ns3:hr>98</ns3:hr>
          </ns3:TrackPointExtension>
        </extensions>
      </trkpt>
      <trkpt lat="59.9504360742866992950439453125" lon="30.28724963776767253875732421875">
        <ele>-10.19999980926513671875</ele>
        <time>2025-06-06T08:00:29.000Z</time>
        <extensions>
          <ns3:TrackPointExtension>
            <ns3:atemp>24.0</ns3:atemp>
            <ns3:hr>101</ns3:hr>
          </ns3:TrackPointExtension>
        </extensions>
      </trkpt>
      <trkpt lat="59.9503931589424610137939453125" lon="30.287196747958660125732421875">
        <ele>-10.3999996185302734375</ele>
        <time>2025-06-06T08:00:30.000Z</time>
        <extensions>
          <ns3:TrackPointExtension>
            <ns3:atemp>24.0</ns3:atemp>
            <ns3:hr>98</ns3:hr>
          </ns3:TrackPointExtension>
        </extensions>
      </trkpt>
      <trkpt lat="59.95035368017852306365966796875" lon="30.28715039603412151336669921875">
        <ele>-10.6000003814697265625</ele>
        <time>2025-06-06T08:00:31.000Z</time>
        <extensions>
          <ns3:TrackPointExtension>
            <ns3:atemp>24.0</ns3:atemp>
            <ns3:hr>101</ns3:hr>
          </ns3:TrackPointExtension>
        </extensions>
      </trkpt>
      <trkpt lat="59.95009618811309337615966796875" lon="30.28680304996669292449951171875">
        <ele>-10</ele>
        <time>2025-06-06T08:00:37.000Z</time>
        <extensions>
          <ns3:TrackPointExtension>
            <ns3:atemp>24.0</ns3:atemp>
            <ns3:hr>104</ns3:hr>
          </ns3:TrackPointExtension>
        </extensions>
      </trkpt>
      <trkpt lat="59.95005302131175994873046875" lon="30.28674437664449214935302734375">
        <ele>-9.6000003814697265625</ele>
        <time>2025-06-06T08:00:38.000Z</time>
        <extensions>
          <ns3:TrackPointExtension>
            <ns3:atemp>24.0</ns3:atemp>
            <ns3:hr>101</ns3:hr>
          </ns3:TrackPointExtension>
        </extensions>
      </trkpt>
      <trkpt lat="59.950011782348155975341796875" lon="30.28668637387454509735107421875">
        <ele>-9.3999996185302734375</ele>
        <time>2025-06-06T08:00:39.000Z</time>
        <extensions>
          <ns3:TrackPointExtension>
            <ns3:atemp>24.0</ns3:atemp>
            <ns3:hr>102</ns3:hr>
          </ns3:TrackPointExtension>
        </extensions>
      </trkpt>
      <trkpt lat="59.94978320784866809844970703125" lon="30.286361910402774810791015625">
        <ele>-8.3999996185302734375</ele>
        <time>2025-06-06T08:00:45.000Z</time>
        <extensions>
          <ns3:TrackPointExtension>
            <ns3:atemp>24.0</ns3:atemp>
            <ns3:hr>105</ns3:hr>
          </ns3:TrackPointExtension>
        </extensions>
      </trkpt>
      <trkpt lat="59.9497443996369838714599609375" lon="30.28630751185119152069091796875">
        <ele>-8.3999996185302734375</ele>
        <time>2025-06-06T08:00:46.000Z</time>
        <extensions>
          <ns3:TrackPointExtension>
            <ns3:atemp>24.0</ns3:atemp>
            <ns3:hr>102</ns3:hr>
          </ns3:TrackPointExtension>
        </extensions>
      </trkpt>
      <trkpt lat="59.949700646102428436279296875" lon="30.2862390317022800445556640625">
        <ele>-8.3999996185302734375</ele>
        <time>2025-06-06T08:00:47.000Z</time>
        <extensions>
          <ns3:TrackPointExtension>
            <ns3:atemp>24.0</ns3:atemp>
            <ns3:hr>101</ns3:hr>
          </ns3:TrackPointExtension>
        </extensions>
      </trkpt>
      <trkpt lat="59.94965580292046070098876953125" lon="30.28617993928492069244384765625">
        <ele>-8.19999980926513671875</ele>
        <time>2025-06-06T08:00:48.000Z</time>
        <extensions>
          <ns3:TrackPointExtension>
            <ns3:atemp>24.0</ns3:atemp>
            <ns3:hr>104</ns3:hr>
          </ns3:TrackPointExtension>
        </extensions>
      </trkpt>
      <trkpt lat="59.9495281465351581573486328125" lon="30.2860268019139766693115234375">
        <ele>-7</ele>
        <time>2025-06-06T08:00:51.000Z</time>
        <extensions>
          <ns3:TrackPointExtension>
            <ns3:atemp>23.0</ns3:atemp>
            <ns3:hr>103</ns3:hr>
          </ns3:TrackPointExtension>
        </extensions>
      </trkpt>
      <trkpt lat="59.9493885040283203125" lon="30.285841561853885650634765625">
        <ele>-6.400000095367431640625</ele>
        <time>2025-06-06T08:00:55.000Z</time>
        <extensions>
          <ns3:TrackPointExtension>
            <ns3:atemp>23.0</ns3:atemp>
            <ns3:hr>102</ns3:hr>
          </ns3:TrackPointExtension>
        </extensions>
      </trkpt>
      <trkpt lat="59.94935690425336360931396484375" lon="30.28580577112734317779541015625">
        <ele>-6.80000019073486328125</ele>
        <time>2025-06-06T08:00:56.000Z</time>
        <extensions>
          <ns3:TrackPointExtension>
            <ns3:atemp>23.0</ns3:atemp>
            <ns3:hr>105</ns3:hr>
          </ns3:TrackPointExtension>
        </extensions>
      </trkpt>
      <trkpt lat="59.94915070943534374237060546875" lon="30.28554928489029407501220703125">
        <ele>-6.599999904632568359375</ele>
        <time>2025-06-06T08:01:02.000Z</time>
        <extensions>
          <ns3:TrackPointExtension>
            <ns3:atemp>23.0</ns3:atemp>
            <ns3:hr>104</ns3:hr>
          </ns3:TrackPointExtension>
        </extensions>
      </trkpt>
      <trkpt lat="59.94906052015721797943115234375" lon="30.285437218844890594482421875">
        <ele>-6.19999980926513671875</ele>
        <time>2025-06-06T08:01:05.000Z</time>
        <extensions>
          <ns3:TrackPointExtension>
            <ns3:atemp>23.0</ns3:atemp>
            <ns3:hr>101</ns3:hr>
          </ns3:TrackPointExtension>
        </extensions>
      </trkpt>
      <trkpt lat="59.9489253200590610504150390625" lon="30.28522456996142864227294921875">
        <ele>-6.400000095367431640625</ele>
        <time>2025-06-06T08:01:08.000Z</time>
        <extensions>
          <ns3:TrackPointExtension>
            <ns3:atemp>23.0</ns3:atemp>
            <ns3:hr>100</ns3:hr>
          </ns3:TrackPointExtension>
        </extensions>
      </trkpt>
      <trkpt lat="59.948623739182949066162109375" lon="30.28478351421654224395751953125">
        <ele>-6.400000095367431640625</ele>
        <time>2025-06-06T08:01:14.000Z</time>
        <extensions>
          <ns3:TrackPointExtension>
            <ns3:atemp>23.0</ns3:atemp>
            <ns3:hr>101</ns3:hr>
          </ns3:TrackPointExtension>
        </extensions>
      </trkpt>
      <trkpt lat="59.9484448693692684173583984375" lon="30.28454261831939220428466796875">
        <ele>-6.599999904632568359375</ele>
        <time>2025-06-06T08:01:17.000Z</time>
        <extensions>
          <ns3:TrackPointExtension>
            <ns3:atemp>23.0</ns3:atemp>
            <ns3:hr>98</ns3:hr>
          </ns3:TrackPointExtension>
        </extensions>
      </trkpt>
      <trkpt lat="59.94838602840900421142578125" lon="30.28447757475078105926513671875">
        <ele>-6.80000019073486328125</ele>
        <time>2025-06-06T08:01:18.000Z</time>
        <extensions>
          <ns3:TrackPointExtension>
            <ns3:atemp>23.0</ns3:atemp>
            <ns3:hr>95</ns3:hr>
          </ns3:TrackPointExtension>
        </extensions>
      </trkpt>
      <trkpt lat="59.94828083552420139312744140625" lon="30.28435184620320796966552734375">
        <ele>-7.80000019073486328125</ele>
        <time>2025-06-06T08:01:20.000Z</time>
        <extensions>
          <ns3:TrackPointExtension>
            <ns3:atemp>23.0</ns3:atemp>
            <ns3:hr>94</ns3:hr>
          </ns3:TrackPointExtension>
        </extensions>
      </trkpt>
      <trkpt lat="59.94818461127579212188720703125" lon="30.28423131443560123443603515625">
        <ele>-8.19999980926513671875</ele>
        <time>2025-06-06T08:01:22.000Z</time>
        <extensions>
          <ns3:TrackPointExtension>
            <ns3:atemp>23.0</ns3:atemp>
            <ns3:hr>95</ns3:hr>
          </ns3:TrackPointExtension>
        </extensions>
      </trkpt>
      <trkpt lat="59.9481471441686153411865234375" lon="30.2841635048389434814453125">
        <ele>-8.3999996185302734375</ele>
        <time>2025-06-06T08:01:23.000Z</time>
        <extensions>
          <ns3:TrackPointExtension>
            <ns3:atemp>23.0</ns3:atemp>
            <ns3:hr>95</ns3:hr>
          </ns3:TrackPointExtension>
        </extensions>
      </trkpt>
      <trkpt lat="59.9481050670146942138671875" lon="30.2840186655521392822265625">
        <ele>-8.6000003814697265625</ele>
        <time>2025-06-06T08:01:25.000Z</time>
        <extensions>
          <ns3:TrackPointExtension>
            <ns3:atemp>23.0</ns3:atemp>
            <ns3:hr>95</ns3:hr>
          </ns3:TrackPointExtension>
        </extensions>
      </trkpt>
      <trkpt lat="59.9481119401752948760986328125" lon="30.28367961756885051727294921875">
        <ele>-9.3999996185302734375</ele>
        <time>2025-06-06T08:01:29.000Z</time>
        <extensions>
          <ns3:TrackPointExtension>
            <ns3:atemp>23.0</ns3:atemp>
            <ns3:hr>96</ns3:hr>
          </ns3:TrackPointExtension>
        </extensions>
      </trkpt>
      <trkpt lat="59.94812979362905025482177734375" lon="30.283597223460674285888671875">
        <ele>-9.80000019073486328125</ele>
        <time>2025-06-06T08:01:30.000Z</time>
        <extensions>
          <ns3:TrackPointExtension>
            <ns3:atemp>23.0</ns3:atemp>
            <ns3:hr>93</ns3:hr>
          </ns3:TrackPointExtension>
        </extensions>
      </trkpt>
      <trkpt lat="59.94816784746944904327392578125" lon="30.2834304235875606536865234375">
        <ele>-10.6000003814697265625</ele>
        <time>2025-06-06T08:01:32.000Z</time>
        <extensions>
          <ns3:TrackPointExtension>
            <ns3:atemp>23.0</ns3:atemp>
            <ns3:hr>94</ns3:hr>
          </ns3:TrackPointExtension>
        </extensions>
      </trkpt>
      <trkpt lat="59.94818486273288726806640625" lon="30.28330477885901927947998046875">
        <ele>-10.6000003814697265625</ele>
        <time>2025-06-06T08:01:34.000Z</time>
        <extensions>
          <ns3:TrackPointExtension>
            <ns3:atemp>23.0</ns3:atemp>
            <ns3:hr>95</ns3:hr>
          </ns3:TrackPointExtension>
        </extensions>
      </trkpt>
      <trkpt lat="59.94821914471685886383056640625" lon="30.283253230154514312744140625">
        <ele>-10.6000003814697265625</ele>
        <time>2025-06-06T08:01:38.000Z</time>
        <extensions>
          <ns3:TrackPointExtension>
            <ns3:atemp>23.0</ns3:atemp>
            <ns3:hr>97</ns3:hr>
          </ns3:TrackPointExtension>
        </extensions>
      </trkpt>
      <trkpt lat="59.94822165928781032562255859375" lon="30.28324375860393047332763671875">
        <ele>-10.6000003814697265625</ele>
        <time>2025-06-06T08:01:40.000Z</time>
        <extensions>
          <ns3:TrackPointExtension>
            <ns3:atemp>23.0</ns3:atemp>
            <ns3:hr>92</ns3:hr>
          </ns3:TrackPointExtension>
        </extensions>
      </trkpt>
      <trkpt lat="59.948222078382968902587890625" lon="30.28324820101261138916015625">
        <ele>-10.6000003814697265625</ele>
        <time>2025-06-06T08:01:41.000Z</time>
        <extensions>
          <ns3:TrackPointExtension>
            <ns3:atemp>23.0</ns3:atemp>
            <ns3:hr>95</ns3:hr>
          </ns3:TrackPointExtension>
        </extensions>
      </trkpt>
      <trkpt lat="59.94822802953422069549560546875" lon="30.2832527272403240203857421875">
        <ele>-11</ele>
        <time>2025-06-06T08:01:43.000Z</time>
        <extensions>
          <ns3:TrackPointExtension>
            <ns3:atemp>23.0</ns3:atemp>
            <ns3:hr>97</ns3:hr>
          </ns3:TrackPointExtension>
        </extensions>
      </trkpt>
      <trkpt lat="59.94824328459799289703369140625" lon="30.2832247316837310791015625">
        <ele>-11.6000003814697265625</ele>
        <time>2025-06-06T08:01:46.000Z</time>
        <extensions>
          <ns3:TrackPointExtension>
            <ns3:atemp>23.0</ns3:atemp>
            <ns3:hr>97</ns3:hr>
          </ns3:TrackPointExtension>
        </extensions>
      </trkpt>
      <trkpt lat="59.94825200177729129791259765625" lon="30.283197574317455291748046875">
        <ele>-12.19999980926513671875</ele>
        <time>2025-06-06T08:01:50.000Z</time>
        <extensions>
          <ns3:TrackPointExtension>
            <ns3:atemp>23.0</ns3:atemp>
            <ns3:hr>99</ns3:hr>
          </ns3:TrackPointExtension>
        </extensions>
      </trkpt>
      <trkpt lat="59.9482686817646026611328125" lon="30.28319229371845722198486328125">
        <ele>-12.3999996185302734375</ele>
        <time>2025-06-06T08:01:52.000Z</time>
        <extensions>
          <ns3:TrackPointExtension>
            <ns3:atemp>23.0</ns3:atemp>
            <ns3:hr>98</ns3:hr>
          </ns3:TrackPointExtension>
        </extensions>
      </trkpt>
      <trkpt lat="59.94826843030750751495361328125" lon="30.2831967361271381378173828125">
        <ele>-12.80000019073486328125</ele>
        <time>2025-06-06T08:01:53.000Z</time>
        <extensions>
          <ns3:TrackPointExtension>
            <ns3:atemp>23.0</ns3:atemp>
            <ns3:hr>98</ns3:hr>
          </ns3:TrackPointExtension>
        </extensions>
      </trkpt>
      <trkpt lat="59.9482705257833003997802734375" lon="30.2832088060677051544189453125">
        <ele>-13</ele>
        <time>2025-06-06T08:01:54.000Z</time>
        <extensions>
          <ns3:TrackPointExtension>
            <ns3:atemp>23.0</ns3:atemp>
            <ns3:hr>98</ns3:hr>
          </ns3:TrackPointExtension>
        </extensions>
      </trkpt>
      <trkpt lat="59.9482943303883075714111328125" lon="30.28322431258857250213623046875">
        <ele>-13.19999980926513671875</ele>
        <time>2025-06-06T08:01:57.000Z</time>
        <extensions>
          <ns3:TrackPointExtension>
            <ns3:atemp>23.0</ns3:atemp>
            <ns3:hr>101</ns3:hr>
          </ns3:TrackPointExtension>
        </extensions>
      </trkpt>
      <trkpt lat="59.94829810224473476409912109375" lon="30.2832252345979213714599609375">
        <ele>-13.19999980926513671875</ele>
        <time>2025-06-06T08:01:58.000Z</time>
        <extensions>
          <ns3:TrackPointExtension>
            <ns3:atemp>23.0</ns3:atemp>
            <ns3:hr>104</ns3:hr>
          </ns3:TrackPointExtension>
        </extensions>
      </trkpt>
      <trkpt lat="59.94829659350216388702392578125" lon="30.28323688544332981109619140625">
        <ele>-13.19999980926513671875</ele>
        <time>2025-06-06T08:02:00.000Z</time>
        <extensions>
          <ns3:TrackPointExtension>
            <ns3:atemp>23.0</ns3:atemp>
            <ns3:hr>106</ns3:hr>
          </ns3:TrackPointExtension>
        </extensions>
      </trkpt>
      <trkpt lat="59.9482933245599269866943359375" lon="30.28333478607237339019775390625">
        <ele>-13.80000019073486328125</ele>
        <time>2025-06-06T08:02:03.000Z</time>
        <extensions>
          <ns3:TrackPointExtension>
            <ns3:atemp>23.0</ns3:atemp>
            <ns3:hr>105</ns3:hr>
          </ns3:TrackPointExtension>
        </extensions>
      </trkpt>
      <trkpt lat="59.94828410446643829345703125" lon="30.28333445079624652862548828125">
        <ele>-14</ele>
        <time>2025-06-06T08:02:04.000Z</time>
        <extensions>
          <ns3:TrackPointExtension>
            <ns3:atemp>23.0</ns3:atemp>
            <ns3:hr>101</ns3:hr>
          </ns3:TrackPointExtension>
        </extensions>
      </trkpt>
      <trkpt lat="59.94827806949615478515625" lon="30.28333394788205623626708984375">
        <ele>-14.6000003814697265625</ele>
        <time>2025-06-06T08:02:05.000Z</time>
        <extensions>
          <ns3:TrackPointExtension>
            <ns3:atemp>23.0</ns3:atemp>
            <ns3:hr>104</ns3:hr>
          </ns3:TrackPointExtension>
        </extensions>
      </trkpt>
      <trkpt lat="59.9482748843729496002197265625" lon="30.2833521366119384765625">
        <ele>-15.3999996185302734375</ele>
        <time>2025-06-06T08:02:06.000Z</time>
        <extensions>
          <ns3:TrackPointExtension>
            <ns3:atemp>23.0</ns3:atemp>
            <ns3:hr>103</ns3:hr>
          </ns3:TrackPointExtension>
        </extensions>
      </trkpt>
      <trkpt lat="59.94826524518430233001708984375" lon="30.2833700738847255706787109375">
        <ele>-16.6000003814697265625</ele>
        <time>2025-06-06T08:02:08.000Z</time>
        <extensions>
          <ns3:TrackPointExtension>
            <ns3:atemp>23.0</ns3:atemp>
            <ns3:hr>102</ns3:hr>
          </ns3:TrackPointExtension>
        </extensions>
      </trkpt>
      <trkpt lat="59.94825460016727447509765625" lon="30.28339178301393985748291015625">
        <ele>-17</ele>
        <time>2025-06-06T08:02:09.000Z</time>
        <extensions>
          <ns3:TrackPointExtension>
            <ns3:atemp>23.0</ns3:atemp>
            <ns3:hr>102</ns3:hr>
          </ns3:TrackPointExtension>
        </extensions>
      </trkpt>
      <trkpt lat="59.948239512741565704345703125" lon="30.2834357880055904388427734375">
        <ele>-18</ele>
        <time>2025-06-06T08:02:11.000Z</time>
        <extensions>
          <ns3:TrackPointExtension>
            <ns3:atemp>23.0</ns3:atemp>
            <ns3:hr>102</ns3:hr>
          </ns3:TrackPointExtension>
        </extensions>
      </trkpt>
      <trkpt lat="59.94753937236964702606201171875" lon="30.28562874533236026763916015625">
        <ele>-17.6000003814697265625</ele>
        <time>2025-06-06T08:04:18.000Z</time>
        <extensions>
          <ns3:TrackPointExtension>
            <ns3:atemp>24.0</ns3:atemp>
            <ns3:hr>115</ns3:hr>
          </ns3:TrackPointExtension>
        </extensions>
      </trkpt>
      <trkpt lat="59.947507269680500030517578125" lon="30.28565724380314350128173828125">
        <ele>-17.6000003814697265625</ele>
        <time>2025-06-06T08:04:19.000Z</time>
        <extensions>
          <ns3:TrackPointExtension>
            <ns3:atemp>24.0</ns3:atemp>
            <ns3:hr>114</ns3:hr>
          </ns3:TrackPointExtension>
        </extensions>
      </trkpt>
      <trkpt lat="59.9466863460838794708251953125" lon="30.28760955668985843658447265625">
        <ele>-16.6000003814697265625</ele>
        <time>2025-06-06T08:04:42.000Z</time>
        <extensions>
          <ns3:TrackPointExtension>
            <ns3:atemp>24.0</ns3:atemp>
            <ns3:hr>124</ns3:hr>
          </ns3:TrackPointExtension>
        </extensions>
      </trkpt>
      <trkpt lat="59.9466427601873874664306640625" lon="30.28771131299436092376708984375">
        <ele>-16.6000003814697265625</ele>
        <time>2025-06-06T08:04:44.000Z</time>
        <extensions>
          <ns3:TrackPointExtension>
            <ns3:atemp>24.0</ns3:atemp>
            <ns3:hr>122</ns3:hr>
          </ns3:TrackPointExtension>
        </extensions>
      </trkpt>
      <trkpt lat="59.94659674353897571563720703125" lon="30.287870652973651885986328125">
        <ele>-16.200000762939453125</ele>
        <time>2025-06-06T08:04:47.000Z</time>
        <extensions>
          <ns3:TrackPointExtension>
            <ns3:atemp>24.0</ns3:atemp>
            <ns3:hr>118</ns3:hr>
          </ns3:TrackPointExtension>
        </extensions>
      </trkpt>
      <trkpt lat="59.94592644274234771728515625" lon="30.29003796167671680450439453125">
        <ele>-15.6000003814697265625</ele>
        <time>2025-06-06T08:05:19.000Z</time>
        <extensions>
          <ns3:TrackPointExtension>
            <ns3:atemp>24.0</ns3:atemp>
            <ns3:hr>123</ns3:hr>
          </ns3:TrackPointExtension>
        </extensions>
      </trkpt>
      <trkpt lat="59.94569904170930385589599609375" lon="30.29016452841460704803466796875">
        <ele>-15.19999980926513671875</ele>
        <time>2025-06-06T08:05:34.000Z</time>
        <extensions>
          <ns3:TrackPointExtension>
            <ns3:atemp>24.0</ns3:atemp>
            <ns3:hr>118</ns3:hr>
          </ns3:TrackPointExtension>
        </extensions>
      </trkpt>
      <trkpt lat="59.9457049928605556488037109375" lon="30.29029327444732189178466796875">
        <ele>-15.19999980926513671875</ele>
        <time>2025-06-06T08:05:35.000Z</time>
        <extensions>
          <ns3:TrackPointExtension>
            <ns3:atemp>24.0</ns3:atemp>
            <ns3:hr>120</ns3:hr>
          </ns3:TrackPointExtension>
        </extensions>
      </trkpt>
      <trkpt lat="59.9459458887577056884765625" lon="30.2923147380352020263671875">
        <ele>-16.200000762939453125</ele>
        <time>2025-06-06T08:05:41.000Z</time>
        <extensions>
          <ns3:TrackPointExtension>
            <ns3:atemp>24.0</ns3:atemp>
            <ns3:hr>116</ns3:hr>
          </ns3:TrackPointExtension>
        </extensions>
      </trkpt>
      <trkpt lat="59.94590255431830883026123046875" lon="30.29244759120047092437744140625">
        <ele>-16.6000003814697265625</ele>
        <time>2025-06-06T08:05:44.000Z</time>
        <extensions>
          <ns3:TrackPointExtension>
            <ns3:atemp>24.0</ns3:atemp>
            <ns3:hr>115</ns3:hr>
          </ns3:TrackPointExtension>
        </extensions>
      </trkpt>
      <trkpt lat="59.9458895623683929443359375" lon="30.2923960424959659576416015625">
        <ele>-16.799999237060546875</ele>
        <time>2025-06-06T08:05:46.000Z</time>
        <extensions>
          <ns3:TrackPointExtension>
            <ns3:atemp>24.0</ns3:atemp>
            <ns3:hr>112</ns3:hr>
          </ns3:TrackPointExtension>
        </extensions>
      </trkpt>
      <trkpt lat="59.94586114771664142608642578125" lon="30.2923413924872875213623046875">
        <ele>-17</ele>
        <time>2025-06-06T08:05:48.000Z</time>
        <extensions>
          <ns3:TrackPointExtension>
            <ns3:atemp>24.0</ns3:atemp>
            <ns3:hr>112</ns3:hr>
          </ns3:TrackPointExtension>
        </extensions>
      </trkpt>
      <trkpt lat="59.9458386003971099853515625" lon="30.29233410023152828216552734375">
        <ele>-17</ele>
        <time>2025-06-06T08:05:49.000Z</time>
        <extensions>
          <ns3:TrackPointExtension>
            <ns3:atemp>24.0</ns3:atemp>
            <ns3:hr>113</ns3:hr>
          </ns3:TrackPointExtension>
        </extensions>
      </trkpt>
      <trkpt lat="59.94573810137808322906494140625" lon="30.29227919876575469970703125">
        <ele>-17.799999237060546875</ele>
        <time>2025-06-06T08:05:54.000Z</time>
        <extensions>
          <ns3:TrackPointExtension>
            <ns3:atemp>24.0</ns3:atemp>
            <ns3:hr>109</ns3:hr>
          </ns3:TrackPointExtension>
        </extensions>
      </trkpt>
    </trkseg>
  </trk>
</gpx>
