<?xml version="1.0" encoding="UTF-8"?>
<gpx creator="Garmin Connect" version="1.1"
  xsi:schemaLocation="http://www.topografix.com/GPX/1/1 http://www.topografix.com/GPX/11.xsd"
  xmlns:ns3="http://www.garmin.com/xmlschemas/TrackPointExtension/v1"
  xmlns="http://www.topografix.com/GPX/1/1"
  xmlns:xsi="http://www.w3.org/2001/XMLSchema-instance" xmlns:ns2="http://www.garmin.com/xmlschemas/GpxExtensions/v3">
  <metadata>
    <link href="connect.garmin.com">
      <text>Garmin Connect</text>
    </link>
    <time>2025-10-06T06:56:31.000Z</time>
  </metadata>
  <trk>
    <name>Петербург Велосипед</name>
    <type>cycling</type>
    <trkseg>
      <trkpt lat="60.00305254943668842315673828125" lon="30.388356260955333709716796875">
        <ele>25.799999237060546875</ele>
        <time>2025-10-06T06:57:25.000Z</time>
        <extensions>
          <ns3:TrackPointExtension>
            <ns3:atemp>24.0</ns3:atemp>
            <ns3:hr>131</ns3:hr>
          </ns3:TrackPointExtension>
        </extensions>
      </trkpt>
      <trkpt lat="60.00305254943668842315673828125" lon="30.388356260955333709716796875">
        <ele>25.799999237060546875</ele>
        <time>2025-10-06T06:57:26.000Z</time>
        <extensions>
          <ns3:TrackPointExtension>
            <ns3:atemp>24.0</ns3:atemp>
            <ns3:hr>131</ns3:hr>
          </ns3:TrackPointExtension>
        </extensions>
      </trkpt>
      <trkpt lat="60.002770163118839263916015625" lon="30.3880583681166172027587890625">
        <ele>25.6000003814697265625</ele>
        <time>2025-10-06T06:57:31.000Z</time>
        <extensions>
          <ns3:TrackPointExtension>
            <ns3:atemp>24.0</ns3:atemp>
            <ns3:hr>132</ns3:hr>
          </ns3:TrackPointExtension>
        </extensions>
      </trkpt>
      <trkpt lat="60.00251744873821735382080078125" lon="30.38788075558841228485107421875">
        <ele>25.200000762939453125</ele>
        <time>2025-10-06T06:57:38.000Z</time>
        <extensions>
          <ns3:TrackPointExtension>
            <ns3:atemp>24.0</ns3:atemp>
            <ns3:hr>132</ns3:hr>
          </ns3:TrackPointExtension>
        </extensions>
      </trkpt>
      <trkpt lat="60.00231125392019748687744140625" lon="30.3877048194408416748046875">
        <ele>25</ele>
        <time>2025-10-06T06:57:43.000Z</time>
        <extensions>
          <ns3:TrackPointExtension>
            <ns3:atemp>24.0</ns3:atemp>
            <ns3:hr>130</ns3:hr>
          </ns3:TrackPointExtension>
        </extensions>
      </trkpt>
      <trkpt lat="60.00201637856662273406982421875" lon="30.387332327663898468017578125">
        <ele>25.200000762939453125</ele>
        <time>2025-10-06T06:57:50.000Z</time>
        <extensions>
          <ns3:TrackPointExtension>
            <ns3:atemp>24.0</ns3:atemp>
            <ns3:hr>130</ns3:hr>
          </ns3:TrackPointExtension>
        </extensions>
      </trkpt>
      <trkpt lat="60.0018406100571155548095703125" lon="30.38712504319846630096435546875">
        <ele>24.799999237060546875</ele>
        <time>2025-10-06T06:57:55.000Z</time>
        <extensions>
          <ns3:TrackPointExtension>
            <ns3:atemp>24.0</ns3:atemp>
            <ns3:hr>130</ns3:hr>
          </ns3:TrackPointExtension>
        </extensions>
      </trkpt>
      <trkpt lat="60.00177497975528240203857421875" lon="30.3870691359043121337890625">
        <ele>24.799999237060546875</ele>
        <time>2025-10-06T06:57:57.000Z</time>
        <extensions>
          <ns3:TrackPointExtension>
            <ns3:atemp>24.0</ns3:atemp>
            <ns3:hr>130</ns3:hr>
          </ns3:TrackPointExtension>
        </extensions>
      </trkpt>
      <trkpt lat="60.00161957927048206329345703125" lon="30.386738218367099761962890625">
        <ele>24.3999996185302734375</ele>
        <time>2025-10-06T06:58:03.000Z</time>
        <extensions>
          <ns3:TrackPointExtension>
            <ns3:atemp>24.0</ns3:atemp>
            <ns3:hr>129</ns3:hr>
          </ns3:TrackPointExtension>
        </extensions>
      </trkpt>
      <trkpt lat="60.0015851296484470367431640625" lon="30.38658407516777515411376953125">
        <ele>24</ele>
        <time>2025-10-06T06:58:06.000Z</time>
        <extensions>
          <ns3:TrackPointExtension>
            <ns3:atemp>24.0</ns3:atemp>
            <ns3:hr>133</ns3:hr>
          </ns3:TrackPointExtension>
        </extensions>
      </trkpt>
      <trkpt lat="60.00156576745212078094482421875" lon="30.3865670599043369293212890625">
        <ele>24</ele>
        <time>2025-10-06T06:58:07.000Z</time>
        <extensions>
          <ns3:TrackPointExtension>
            <ns3:atemp>24.0</ns3:atemp>
            <ns3:hr>132</ns3:hr>
          </ns3:TrackPointExtension>
        </extensions>
      </trkpt>
      <trkpt lat="60.00148580409586429595947265625" lon="30.38651567883789539337158203125">
        <ele>23.799999237060546875</ele>
        <time>2025-10-06T06:58:10.000Z</time>
        <extensions>
          <ns3:TrackPointExtension>
            <ns3:atemp>24.0</ns3:atemp>
            <ns3:hr>130</ns3:hr>
          </ns3:TrackPointExtension>
        </extensions>
      </trkpt>
      <trkpt lat="60.0014184974133968353271484375" lon="30.38649656809866428375244140625">
        <ele>23.799999237060546875</ele>
        <time>2025-10-06T06:58:12.000Z</time>
        <extensions>
          <ns3:TrackPointExtension>
            <ns3:atemp>24.0</ns3:atemp>
            <ns3:hr>130</ns3:hr>
          </ns3:TrackPointExtension>
        </extensions>
      </trkpt>
      <trkpt lat="60.00123132951557636260986328125" lon="30.38635767996311187744140625">
        <ele>24.6000003814697265625</ele>
        <time>2025-10-06T06:58:17.000Z</time>
        <extensions>
          <ns3:TrackPointExtension>
            <ns3:atemp>23.0</ns3:atemp>
            <ns3:hr>131</ns3:hr>
          </ns3:TrackPointExtension>
        </extensions>
      </trkpt>
      <trkpt lat="60.0011940300464630126953125" lon="30.38633412681519985198974609375">
        <ele>24.799999237060546875</ele>
        <time>2025-10-06T06:58:18.000Z</time>
        <extensions>
          <ns3:TrackPointExtension>
            <ns3:atemp>23.0</ns3:atemp>
            <ns3:hr>131</ns3:hr>
          </ns3:TrackPointExtension>
        </extensions>
      </trkpt>
      <trkpt lat="60.00100585632026195526123046875" lon="30.3862430155277252197265625">
        <ele>25.3999996185302734375</ele>
        <time>2025-10-06T06:58:23.000Z</time>
        <extensions>
          <ns3:TrackPointExtension>
            <ns3:atemp>23.0</ns3:atemp>
            <ns3:hr>131</ns3:hr>
          </ns3:TrackPointExtension>
        </extensions>
      </trkpt>
      <trkpt lat="60.00090845860540866851806640625" lon="30.386163890361785888671875">
        <ele>25.799999237060546875</ele>
        <time>2025-10-06T06:58:26.000Z</time>
        <extensions>
          <ns3:TrackPointExtension>
            <ns3:atemp>23.0</ns3:atemp>
            <ns3:hr>131</ns3:hr>
          </ns3:TrackPointExtension>
        </extensions>
      </trkpt>
      <trkpt lat="60.0008508749306201934814453125" lon="30.38610287010669708251953125">
        <ele>26</ele>
        <time>2025-10-06T06:58:28.000Z</time>
        <extensions>
          <ns3:TrackPointExtension>
            <ns3:atemp>23.0</ns3:atemp>
            <ns3:hr>131</ns3:hr>
          </ns3:TrackPointExtension>
        </extensions>
      </trkpt>
      <trkpt lat="60.00081122852861881256103515625" lon="30.3860540874302387237548828125">
        <ele>26.200000762939453125</ele>
        <time>2025-10-06T06:58:30.000Z</time>
        <extensions>
          <ns3:TrackPointExtension>
            <ns3:atemp>23.0</ns3:atemp>
            <ns3:hr>130</ns3:hr>
          </ns3:TrackPointExtension>
        </extensions>
      </trkpt>
      <trkpt lat="60.00072020106017589569091796875" lon="30.38598351180553436279296875">
        <ele>26.6000003814697265625</ele>
        <time>2025-10-06T06:58:34.000Z</time>
        <extensions>
          <ns3:TrackPointExtension>
            <ns3:atemp>23.0</ns3:atemp>
            <ns3:hr>128</ns3:hr>
          </ns3:TrackPointExtension>
        </extensions>
      </trkpt>
      <trkpt lat="60.000510402023792266845703125" lon="30.38579701445996761322021484375">
        <ele>27</ele>
        <time>2025-10-06T06:58:40.000Z</time>
        <extensions>
          <ns3:TrackPointExtension>
            <ns3:atemp>23.0</ns3:atemp>
            <ns3:hr>135</ns3:hr>
          </ns3:TrackPointExtension>
        </extensions>
      </trkpt>
      <trkpt lat="60.00047561712563037872314453125" lon="30.385773964226245880126953125">
        <ele>27.200000762939453125</ele>
        <time>2025-10-06T06:58:41.000Z</time>
        <extensions>
          <ns3:TrackPointExtension>
            <ns3:atemp>23.0</ns3:atemp>
            <ns3:hr>136</ns3:hr>
          </ns3:TrackPointExtension>
        </extensions>
      </trkpt>
      <trkpt lat="60.0004069693386554718017578125" lon="30.385716967284679412841796875">
        <ele>27.200000762939453125</ele>
        <time>2025-10-06T06:58:43.000Z</time>
        <extensions>
          <ns3:TrackPointExtension>
            <ns3:atemp>23.0</ns3:atemp>
            <ns3:hr>139</ns3:hr>
          </ns3:TrackPointExtension>
        </extensions>
      </trkpt>
      <trkpt lat="60.00022776424884796142578125" lon="30.38555025123059749603271484375">
        <ele>27.200000762939453125</ele>
        <time>2025-10-06T06:58:48.000Z</time>
        <extensions>
          <ns3:TrackPointExtension>
            <ns3:atemp>22.0</ns3:atemp>
            <ns3:hr>139</ns3:hr>
          </ns3:TrackPointExtension>
        </extensions>
      </trkpt>
      <trkpt lat="60.000112764537334442138671875" lon="30.38544748909771442413330078125">
        <ele>27.200000762939453125</ele>
        <time>2025-10-06T06:58:52.000Z</time>
        <extensions>
          <ns3:TrackPointExtension>
            <ns3:atemp>22.0</ns3:atemp>
            <ns3:hr>136</ns3:hr>
          </ns3:TrackPointExtension>
        </extensions>
      </trkpt>
      <trkpt lat="60.00008602626621723175048828125" lon="30.38542955182492733001708984375">
        <ele>27</ele>
        <time>2025-10-06T06:58:53.000Z</time>
        <extensions>
          <ns3:TrackPointExtension>
            <ns3:atemp>22.0</ns3:atemp>
            <ns3:hr>137</ns3:hr>
          </ns3:TrackPointExtension>
        </extensions>
      </trkpt>
      <trkpt lat="60.000063478946685791015625" lon="30.38540960289537906646728515625">
        <ele>27</ele>
        <time>2025-10-06T06:58:54.000Z</time>
        <extensions>
          <ns3:TrackPointExtension>
            <ns3:atemp>22.0</ns3:atemp>
            <ns3:hr>137</ns3:hr>
          </ns3:TrackPointExtension>
        </extensions>
      </trkpt>
      <trkpt lat="59.99990413896739482879638671875" lon="30.38527146913111209869384765625">
        <ele>27.200000762939453125</ele>
        <time>2025-10-06T06:59:00.000Z</time>
        <extensions>
          <ns3:TrackPointExtension>
            <ns3:atemp>22.0</ns3:atemp>
            <ns3:hr>138</ns3:hr>
          </ns3:TrackPointExtension>
        </extensions>
      </trkpt>
      <trkpt lat="59.9997595511376857757568359375" lon="30.38502068258821964263916015625">
        <ele>27.6000003814697265625</ele>
        <time>2025-10-06T06:59:04.000Z</time>
        <extensions>
          <ns3:TrackPointExtension>
            <ns3:atemp>22.0</ns3:atemp>
            <ns3:hr>138</ns3:hr>
          </ns3:TrackPointExtension>
        </extensions>
      </trkpt>
      <trkpt lat="59.99974689446389675140380859375" lon="30.38495060987770557403564453125">
        <ele>27.6000003814697265625</ele>
        <time>2025-10-06T06:59:05.000Z</time>
        <extensions>
          <ns3:TrackPointExtension>
            <ns3:atemp>22.0</ns3:atemp>
            <ns3:hr>138</ns3:hr>
          </ns3:TrackPointExtension>
        </extensions>
      </trkpt>
      <trkpt lat="59.99971571378409862518310546875" lon="30.38481096737086772918701171875">
        <ele>27.3999996185302734375</ele>
        <time>2025-10-06T06:59:07.000Z</time>
        <extensions>
          <ns3:TrackPointExtension>
            <ns3:atemp>22.0</ns3:atemp>
            <ns3:hr>134</ns3:hr>
          </ns3:TrackPointExtension>
        </extensions>
      </trkpt>
      <trkpt lat="59.999663494527339935302734375" lon="30.38473988883197307586669921875">
        <ele>27.6000003814697265625</ele>
        <time>2025-10-06T06:59:09.000Z</time>
        <extensions>
          <ns3:TrackPointExtension>
            <ns3:atemp>22.0</ns3:atemp>
            <ns3:hr>135</ns3:hr>
          </ns3:TrackPointExtension>
        </extensions>
      </trkpt>
      <trkpt lat="59.99952376820147037506103515625" lon="30.38461290299892425537109375">
        <ele>27.3999996185302734375</ele>
        <time>2025-10-06T06:59:13.000Z</time>
        <extensions>
          <ns3:TrackPointExtension>
            <ns3:atemp>22.0</ns3:atemp>
            <ns3:hr>132</ns3:hr>
          </ns3:TrackPointExtension>
        </extensions>
      </trkpt>
      <trkpt lat="59.99940256588160991668701171875" lon="30.384513325989246368408203125">
        <ele>27</ele>
        <time>2025-10-06T06:59:16.000Z</time>
        <extensions>
          <ns3:TrackPointExtension>
            <ns3:atemp>22.0</ns3:atemp>
            <ns3:hr>130</ns3:hr>
          </ns3:TrackPointExtension>
        </extensions>
      </trkpt>
      <trkpt lat="59.9991448223590850830078125" lon="30.3843386471271514892578125">
        <ele>27.200000762939453125</ele>
        <time>2025-10-06T06:59:23.000Z</time>
        <extensions>
          <ns3:TrackPointExtension>
            <ns3:atemp>22.0</ns3:atemp>
            <ns3:hr>129</ns3:hr>
          </ns3:TrackPointExtension>
        </extensions>
      </trkpt>
      <trkpt lat="59.9989991448819637298583984375" lon="30.38419053889811038970947265625">
        <ele>27.799999237060546875</ele>
        <time>2025-10-06T06:59:27.000Z</time>
        <extensions>
          <ns3:TrackPointExtension>
            <ns3:atemp>22.0</ns3:atemp>
            <ns3:hr>132</ns3:hr>
          </ns3:TrackPointExtension>
        </extensions>
      </trkpt>
      <trkpt lat="59.99887450598180294036865234375" lon="30.38409925997257232666015625">
        <ele>28</ele>
        <time>2025-10-06T06:59:30.000Z</time>
        <extensions>
          <ns3:TrackPointExtension>
            <ns3:atemp>22.0</ns3:atemp>
            <ns3:hr>134</ns3:hr>
          </ns3:TrackPointExtension>
        </extensions>
      </trkpt>
      <trkpt lat="59.998719692230224609375" lon="30.38394712843000888824462890625">
        <ele>26.799999237060546875</ele>
        <time>2025-10-06T06:59:34.000Z</time>
        <extensions>
          <ns3:TrackPointExtension>
            <ns3:atemp>21.0</ns3:atemp>
            <ns3:hr>137</ns3:hr>
          </ns3:TrackPointExtension>
        </extensions>
      </trkpt>
      <trkpt lat="59.9986119009554386138916015625" lon="30.3838177956640720367431640625">
        <ele>27</ele>
        <time>2025-10-06T06:59:37.000Z</time>
        <extensions>
          <ns3:TrackPointExtension>
            <ns3:atemp>21.0</ns3:atemp>
            <ns3:hr>134</ns3:hr>
          </ns3:TrackPointExtension>
        </extensions>
      </trkpt>
      <trkpt lat="59.99829179607331752777099609375" lon="30.38348478265106678009033203125">
        <ele>27.200000762939453125</ele>
        <time>2025-10-06T06:59:45.000Z</time>
        <extensions>
          <ns3:TrackPointExtension>
            <ns3:atemp>21.0</ns3:atemp>
            <ns3:hr>134</ns3:hr>
          </ns3:TrackPointExtension>
        </extensions>
      </trkpt>
      <trkpt lat="59.9980228208005428314208984375" lon="30.3832102753221988677978515625">
        <ele>26.799999237060546875</ele>
        <time>2025-10-06T06:59:52.000Z</time>
        <extensions>
          <ns3:TrackPointExtension>
            <ns3:atemp>21.0</ns3:atemp>
            <ns3:hr>131</ns3:hr>
          </ns3:TrackPointExtension>
        </extensions>
      </trkpt>
      <trkpt lat="59.9978788197040557861328125" lon="30.3830868937075138092041015625">
        <ele>26</ele>
        <time>2025-10-06T06:59:56.000Z</time>
        <extensions>
          <ns3:TrackPointExtension>
            <ns3:atemp>21.0</ns3:atemp>
            <ns3:hr>132</ns3:hr>
          </ns3:TrackPointExtension>
        </extensions>
      </trkpt>
      <trkpt lat="59.99777446500957012176513671875" lon="30.382975749671459197998046875">
        <ele>25.799999237060546875</ele>
        <time>2025-10-06T06:59:59.000Z</time>
        <extensions>
          <ns3:TrackPointExtension>
            <ns3:atemp>21.0</ns3:atemp>
            <ns3:hr>130</ns3:hr>
          </ns3:TrackPointExtension>
        </extensions>
      </trkpt>
      <trkpt lat="59.997696094214916229248046875" lon="30.38290643133223056793212890625">
        <ele>25.6000003814697265625</ele>
        <time>2025-10-06T07:00:01.000Z</time>
        <extensions>
          <ns3:TrackPointExtension>
            <ns3:atemp>21.0</ns3:atemp>
            <ns3:hr>133</ns3:hr>
          </ns3:TrackPointExtension>
        </extensions>
      </trkpt>
      <trkpt lat="59.99750942923128604888916015625" lon="30.38270585238933563232421875">
        <ele>25.799999237060546875</ele>
        <time>2025-10-06T07:00:06.000Z</time>
        <extensions>
          <ns3:TrackPointExtension>
            <ns3:atemp>21.0</ns3:atemp>
            <ns3:hr>132</ns3:hr>
          </ns3:TrackPointExtension>
        </extensions>
      </trkpt>
      <trkpt lat="59.997371546924114227294921875" lon="30.3825603425502777099609375">
        <ele>25.799999237060546875</ele>
        <time>2025-10-06T07:00:10.000Z</time>
        <extensions>
          <ns3:TrackPointExtension>
            <ns3:atemp>21.0</ns3:atemp>
            <ns3:hr>129</ns3:hr>
          </ns3:TrackPointExtension>
        </extensions>
      </trkpt>
      <trkpt lat="59.99727825634181499481201171875" lon="30.3824196942150592803955078125">
        <ele>25.6000003814697265625</ele>
        <time>2025-10-06T07:00:13.000Z</time>
        <extensions>
          <ns3:TrackPointExtension>
            <ns3:atemp>21.0</ns3:atemp>
            <ns3:hr>128</ns3:hr>
          </ns3:TrackPointExtension>
        </extensions>
      </trkpt>
      <trkpt lat="59.99704758636653423309326171875" lon="30.3821618668735027313232421875">
        <ele>25.200000762939453125</ele>
        <time>2025-10-06T07:00:20.000Z</time>
        <extensions>
          <ns3:TrackPointExtension>
            <ns3:atemp>21.0</ns3:atemp>
            <ns3:hr>128</ns3:hr>
          </ns3:TrackPointExtension>
        </extensions>
      </trkpt>
      <trkpt lat="59.996904172003269195556640625" lon="30.382036305963993072509765625">
        <ele>24.799999237060546875</ele>
        <time>2025-10-06T07:00:24.000Z</time>
        <extensions>
          <ns3:TrackPointExtension>
            <ns3:atemp>21.0</ns3:atemp>
            <ns3:hr>129</ns3:hr>
          </ns3:TrackPointExtension>
        </extensions>
      </trkpt>
      <trkpt lat="59.9967708997428417205810546875" lon="30.38201518356800079345703125">
        <ele>24</ele>
        <time>2025-10-06T07:00:27.000Z</time>
        <extensions>
          <ns3:TrackPointExtension>
            <ns3:atemp>21.0</ns3:atemp>
            <ns3:hr>128</ns3:hr>
          </ns3:TrackPointExtension>
        </extensions>
      </trkpt>
      <trkpt lat="59.99654819257557392120361328125" lon="30.38180806674063205718994140625">
        <ele>25</ele>
        <time>2025-10-06T07:00:33.000Z</time>
        <extensions>
          <ns3:TrackPointExtension>
            <ns3:atemp>21.0</ns3:atemp>
            <ns3:hr>129</ns3:hr>
          </ns3:TrackPointExtension>
        </extensions>
      </trkpt>
      <trkpt lat="59.996449537575244903564453125" lon="30.38148016668856143951416015625">
        <ele>25.3999996185302734375</ele>
        <time>2025-10-06T07:00:37.000Z</time>
        <extensions>
          <ns3:TrackPointExtension>
            <ns3:atemp>21.0</ns3:atemp>
            <ns3:hr>129</ns3:hr>
          </ns3:TrackPointExtension>
        </extensions>
      </trkpt>
      <trkpt lat="59.99633126892149448394775390625" lon="30.38125318475067615509033203125">
        <ele>25.3999996185302734375</ele>
        <time>2025-10-06T07:00:42.000Z</time>
        <extensions>
          <ns3:TrackPointExtension>
            <ns3:atemp>21.0</ns3:atemp>
            <ns3:hr>129</ns3:hr>
          </ns3:TrackPointExtension>
        </extensions>
      </trkpt>
      <trkpt lat="59.9963323585689067840576171875" lon="30.38111890666186809539794921875">
        <ele>25.200000762939453125</ele>
        <time>2025-10-06T07:00:44.000Z</time>
        <extensions>
          <ns3:TrackPointExtension>
            <ns3:atemp>21.0</ns3:atemp>
            <ns3:hr>129</ns3:hr>
          </ns3:TrackPointExtension>
        </extensions>
      </trkpt>
      <trkpt lat="59.99635959975421428680419921875" lon="30.3809885680675506591796875">
        <ele>25</ele>
        <time>2025-10-06T07:00:46.000Z</time>
        <extensions>
          <ns3:TrackPointExtension>
            <ns3:atemp>21.0</ns3:atemp>
            <ns3:hr>129</ns3:hr>
          </ns3:TrackPointExtension>
        </extensions>
      </trkpt>
      <trkpt lat="59.99643352814018726348876953125" lon="30.38059872575104236602783203125">
        <ele>24.799999237060546875</ele>
        <time>2025-10-06T07:00:52.000Z</time>
        <extensions>
          <ns3:TrackPointExtension>
            <ns3:atemp>21.0</ns3:atemp>
            <ns3:hr>127</ns3:hr>
          </ns3:TrackPointExtension>
        </extensions>
      </trkpt>
      <trkpt lat="59.99640989117324352264404296875" lon="30.38034223951399326324462890625">
        <ele>26</ele>
        <time>2025-10-06T07:00:57.000Z</time>
        <extensions>
          <ns3:TrackPointExtension>
            <ns3:atemp>21.0</ns3:atemp>
            <ns3:hr>127</ns3:hr>
          </ns3:TrackPointExtension>
        </extensions>
      </trkpt>
      <trkpt lat="59.99636764638125896453857421875" lon="30.3802521340548992156982421875">
        <ele>25.799999237060546875</ele>
        <time>2025-10-06T07:01:02.000Z</time>
        <extensions>
          <ns3:TrackPointExtension>
            <ns3:atemp>21.0</ns3:atemp>
            <ns3:hr>130</ns3:hr>
          </ns3:TrackPointExtension>
        </extensions>
      </trkpt>
      <trkpt lat="59.99635859392583370208740234375" lon="30.38027803413569927215576171875">
        <ele>25.3999996185302734375</ele>
        <time>2025-10-06T07:01:07.000Z</time>
        <extensions>
          <ns3:TrackPointExtension>
            <ns3:atemp>21.0</ns3:atemp>
            <ns3:hr>127</ns3:hr>
          </ns3:TrackPointExtension>
        </extensions>
      </trkpt>
      <trkpt lat="59.9963581748306751251220703125" lon="30.380280129611492156982421875">
        <ele>24.799999237060546875</ele>
        <time>2025-10-06T07:01:09.000Z</time>
        <extensions>
          <ns3:TrackPointExtension>
            <ns3:atemp>21.0</ns3:atemp>
            <ns3:hr>127</ns3:hr>
          </ns3:TrackPointExtension>
        </extensions>
      </trkpt>
      <trkpt lat="59.9963585101068019866943359375" lon="30.38028239272534847259521484375">
        <ele>24.6000003814697265625</ele>
        <time>2025-10-06T07:01:12.000Z</time>
        <extensions>
          <ns3:TrackPointExtension>
            <ns3:atemp>21.0</ns3:atemp>
            <ns3:hr>129</ns3:hr>
          </ns3:TrackPointExtension>
        </extensions>
      </trkpt>
      <trkpt lat="59.99635725282132625579833984375" lon="30.38029094226658344268798828125">
        <ele>24.6000003814697265625</ele>
        <time>2025-10-06T07:01:24.000Z</time>
        <extensions>
          <ns3:TrackPointExtension>
            <ns3:atemp>21.0</ns3:atemp>
            <ns3:hr>127</ns3:hr>
          </ns3:TrackPointExtension>
        </extensions>
      </trkpt>
      <trkpt lat="59.99635876156389713287353515625" lon="30.38029295392334461212158203125">
        <ele>24.3999996185302734375</ele>
        <time>2025-10-06T07:01:31.000Z</time>
        <extensions>
          <ns3:TrackPointExtension>
            <ns3:atemp>21.0</ns3:atemp>
            <ns3:hr>115</ns3:hr>
          </ns3:TrackPointExtension>
        </extensions>
      </trkpt>
      <trkpt lat="59.9963591806590557098388671875" lon="30.38029261864721775054931640625">
        <ele>24.200000762939453125</ele>
        <time>2025-10-06T07:01:32.000Z</time>
        <extensions>
          <ns3:TrackPointExtension>
            <ns3:atemp>21.0</ns3:atemp>
            <ns3:hr>109</ns3:hr>
          </ns3:TrackPointExtension>
        </extensions>
      </trkpt>
      <trkpt lat="59.996359683573246002197265625" lon="30.3802920319139957427978515625">
        <ele>24.200000762939453125</ele>
        <time>2025-10-06T07:01:33.000Z</time>
        <extensions>
          <ns3:TrackPointExtension>
            <ns3:atemp>21.0</ns3:atemp>
            <ns3:hr>109</ns3:hr>
          </ns3:TrackPointExtension>
        </extensions>
      </trkpt>
      <trkpt lat="59.99636127613484859466552734375" lon="30.38029228337109088897705078125">
        <ele>24.200000762939453125</ele>
        <time>2025-10-06T07:01:37.000Z</time>
        <extensions>
          <ns3:TrackPointExtension>
            <ns3:atemp>21.0</ns3:atemp>
            <ns3:hr>111</ns3:hr>
          </ns3:TrackPointExtension>
        </extensions>
      </trkpt>
      <trkpt lat="59.9963687360286712646484375" lon="30.38029982708394527435302734375">
        <ele>23.799999237060546875</ele>
        <time>2025-10-06T07:01:46.000Z</time>
        <extensions>
          <ns3:TrackPointExtension>
            <ns3:atemp>21.0</ns3:atemp>
            <ns3:hr>112</ns3:hr>
          </ns3:TrackPointExtension>
        </extensions>
      </trkpt>
      <trkpt lat="59.99637066386640071868896484375" lon="30.38030183874070644378662109375">
        <ele>23.6000003814697265625</ele>
        <time>2025-10-06T07:01:47.000Z</time>
        <extensions>
          <ns3:TrackPointExtension>
            <ns3:atemp>21.0</ns3:atemp>
            <ns3:hr>114</ns3:hr>
          </ns3:TrackPointExtension>
        </extensions>
      </trkpt>
      <trkpt lat="59.99637904576957225799560546875" lon="30.3802722506225109100341796875">
        <ele>23</ele>
        <time>2025-10-06T07:01:57.000Z</time>
        <extensions>
          <ns3:TrackPointExtension>
            <ns3:atemp>20.0</ns3:atemp>
            <ns3:hr>114</ns3:hr>
          </ns3:TrackPointExtension>
        </extensions>
      </trkpt>
      <trkpt lat="59.9963678978383541107177734375" lon="30.3802491165697574615478515625">
        <ele>23</ele>
        <time>2025-10-06T07:02:07.000Z</time>
        <extensions>
          <ns3:TrackPointExtension>
            <ns3:atemp>20.0</ns3:atemp>
            <ns3:hr>113</ns3:hr>
          </ns3:TrackPointExtension>
        </extensions>
      </trkpt>
      <trkpt lat="59.9963645450770854949951171875" lon="30.3802776150405406951904296875">
        <ele>22.799999237060546875</ele>
        <time>2025-10-06T07:02:11.000Z</time>
        <extensions>
          <ns3:TrackPointExtension>
            <ns3:atemp>20.0</ns3:atemp>
            <ns3:hr>115</ns3:hr>
          </ns3:TrackPointExtension>
        </extensions>
      </trkpt>
      <trkpt lat="59.9963477812707424163818359375" lon="30.380277447402477264404296875">
        <ele>22.799999237060546875</ele>
        <time>2025-10-06T07:02:15.000Z</time>
        <extensions>
          <ns3:TrackPointExtension>
            <ns3:atemp>20.0</ns3:atemp>
            <ns3:hr>112</ns3:hr>
          </ns3:TrackPointExtension>
        </extensions>
      </trkpt>
      <trkpt lat="59.9963367171585559844970703125" lon="30.3802786208689212799072265625">
        <ele>22.799999237060546875</ele>
        <time>2025-10-06T07:02:16.000Z</time>
        <extensions>
          <ns3:TrackPointExtension>
            <ns3:atemp>20.0</ns3:atemp>
            <ns3:hr>113</ns3:hr>
          </ns3:TrackPointExtension>
        </extensions>
      </trkpt>
      <trkpt lat="59.9962431751191616058349609375" lon="30.38021382875740528106689453125">
        <ele>22.6000003814697265625</ele>
        <time>2025-10-06T07:02:22.000Z</time>
        <extensions>
          <ns3:TrackPointExtension>
            <ns3:atemp>20.0</ns3:atemp>
            <ns3:hr>112</ns3:hr>
          </ns3:TrackPointExtension>
        </extensions>
      </trkpt>
      <trkpt lat="59.99610512517392635345458984375" lon="30.38006831891834735870361328125">
        <ele>22.6000003814697265625</ele>
        <time>2025-10-06T07:02:26.000Z</time>
        <extensions>
          <ns3:TrackPointExtension>
            <ns3:atemp>20.0</ns3:atemp>
            <ns3:hr>114</ns3:hr>
          </ns3:TrackPointExtension>
        </extensions>
      </trkpt>
      <trkpt lat="59.99602608382701873779296875" lon="30.37998852320015430450439453125">
        <ele>22.3999996185302734375</ele>
        <time>2025-10-06T07:02:28.000Z</time>
        <extensions>
          <ns3:TrackPointExtension>
            <ns3:atemp>20.0</ns3:atemp>
            <ns3:hr>119</ns3:hr>
          </ns3:TrackPointExtension>
        </extensions>
      </trkpt>
      <trkpt lat="59.995989538729190826416015625" lon="30.37994854152202606201171875">
        <ele>22.3999996185302734375</ele>
        <time>2025-10-06T07:02:29.000Z</time>
        <extensions>
          <ns3:TrackPointExtension>
            <ns3:atemp>20.0</ns3:atemp>
            <ns3:hr>119</ns3:hr>
          </ns3:TrackPointExtension>
        </extensions>
      </trkpt>
      <trkpt lat="59.995879232883453369140625" lon="30.3798405826091766357421875">
        <ele>22</ele>
        <time>2025-10-06T07:02:32.000Z</time>
        <extensions>
          <ns3:TrackPointExtension>
            <ns3:atemp>20.0</ns3:atemp>
            <ns3:hr>119</ns3:hr>
          </ns3:TrackPointExtension>
        </extensions>
      </trkpt>
      <trkpt lat="59.99579935334622859954833984375" lon="30.37978098727762699127197265625">
        <ele>21.799999237060546875</ele>
        <time>2025-10-06T07:02:34.000Z</time>
        <extensions>
          <ns3:TrackPointExtension>
            <ns3:atemp>21.0</ns3:atemp>
            <ns3:hr>120</ns3:hr>
          </ns3:TrackPointExtension>
        </extensions>
      </trkpt>
      <trkpt lat="59.99564110301434993743896484375" lon="30.379701443016529083251953125">
        <ele>21.799999237060546875</ele>
        <time>2025-10-06T07:02:38.000Z</time>
        <extensions>
          <ns3:TrackPointExtension>
            <ns3:atemp>21.0</ns3:atemp>
            <ns3:hr>121</ns3:hr>
          </ns3:TrackPointExtension>
        </extensions>
      </trkpt>
      <trkpt lat="59.99552928842604160308837890625" lon="30.37961661815643310546875">
        <ele>21.200000762939453125</ele>
        <time>2025-10-06T07:02:41.000Z</time>
        <extensions>
          <ns3:TrackPointExtension>
            <ns3:atemp>20.0</ns3:atemp>
            <ns3:hr>123</ns3:hr>
          </ns3:TrackPointExtension>
        </extensions>
      </trkpt>
      <trkpt lat="59.99544580467045307159423828125" lon="30.37953925319015979766845703125">
        <ele>20.799999237060546875</ele>
        <time>2025-10-06T07:02:43.000Z</time>
        <extensions>
          <ns3:TrackPointExtension>
            <ns3:atemp>20.0</ns3:atemp>
            <ns3:hr>123</ns3:hr>
          </ns3:TrackPointExtension>
        </extensions>
      </trkpt>
      <trkpt lat="59.99540523625910282135009765625" lon="30.37949231453239917755126953125">
        <ele>20.6000003814697265625</ele>
        <time>2025-10-06T07:02:44.000Z</time>
        <extensions>
          <ns3:TrackPointExtension>
            <ns3:atemp>20.0</ns3:atemp>
            <ns3:hr>123</ns3:hr>
          </ns3:TrackPointExtension>
        </extensions>
      </trkpt>
      <trkpt lat="59.99532066285610198974609375" lon="30.379397012293338775634765625">
        <ele>20.3999996185302734375</ele>
        <time>2025-10-06T07:02:46.000Z</time>
        <extensions>
          <ns3:TrackPointExtension>
            <ns3:atemp>20.0</ns3:atemp>
            <ns3:hr>120</ns3:hr>
          </ns3:TrackPointExtension>
        </extensions>
      </trkpt>
      <trkpt lat="59.995229803025722503662109375" lon="30.37929299287497997283935546875">
        <ele>20.3999996185302734375</ele>
        <time>2025-10-06T07:02:48.000Z</time>
        <extensions>
          <ns3:TrackPointExtension>
            <ns3:atemp>20.0</ns3:atemp>
            <ns3:hr>123</ns3:hr>
          </ns3:TrackPointExtension>
        </extensions>
      </trkpt>
      <trkpt lat="59.99490626156330108642578125" lon="30.378941707313060760498046875">
        <ele>20.3999996185302734375</ele>
        <time>2025-10-06T07:02:55.000Z</time>
        <extensions>
          <ns3:TrackPointExtension>
            <ns3:atemp>20.0</ns3:atemp>
            <ns3:hr>123</ns3:hr>
          </ns3:TrackPointExtension>
        </extensions>
      </trkpt>
      <trkpt lat="59.994828812777996063232421875" lon="30.37882737815380096435546875">
        <ele>20.3999996185302734375</ele>
        <time>2025-10-06T07:02:57.000Z</time>
        <extensions>
          <ns3:TrackPointExtension>
            <ns3:atemp>20.0</ns3:atemp>
            <ns3:hr>122</ns3:hr>
          </ns3:TrackPointExtension>
        </extensions>
      </trkpt>
      <trkpt lat="59.994791261851787567138671875" lon="30.3787718899548053741455078125">
        <ele>20.6000003814697265625</ele>
        <time>2025-10-06T07:02:58.000Z</time>
        <extensions>
          <ns3:TrackPointExtension>
            <ns3:atemp>20.0</ns3:atemp>
            <ns3:hr>125</ns3:hr>
          </ns3:TrackPointExtension>
        </extensions>
      </trkpt>
      <trkpt lat="59.99474675394594669342041015625" lon="30.37872503511607646942138671875">
        <ele>20.6000003814697265625</ele>
        <time>2025-10-06T07:02:59.000Z</time>
        <extensions>
          <ns3:TrackPointExtension>
            <ns3:atemp>20.0</ns3:atemp>
            <ns3:hr>123</ns3:hr>
          </ns3:TrackPointExtension>
        </extensions>
      </trkpt>
      <trkpt lat="59.99470786191523075103759765625" lon="30.3786850534379482269287109375">
        <ele>20.6000003814697265625</ele>
        <time>2025-10-06T07:03:00.000Z</time>
        <extensions>
          <ns3:TrackPointExtension>
            <ns3:atemp>20.0</ns3:atemp>
            <ns3:hr>123</ns3:hr>
          </ns3:TrackPointExtension>
        </extensions>
      </trkpt>
      <trkpt lat="59.994506947696208953857421875" lon="30.37850392051041126251220703125">
        <ele>20.799999237060546875</ele>
        <time>2025-10-06T07:03:06.000Z</time>
        <extensions>
          <ns3:TrackPointExtension>
            <ns3:atemp>20.0</ns3:atemp>
            <ns3:hr>123</ns3:hr>
          </ns3:TrackPointExtension>
        </extensions>
      </trkpt>
      <trkpt lat="59.994431175291538238525390625" lon="30.37840769626200199127197265625">
        <ele>21</ele>
        <time>2025-10-06T07:03:10.000Z</time>
        <extensions>
          <ns3:TrackPointExtension>
            <ns3:atemp>20.0</ns3:atemp>
            <ns3:hr>123</ns3:hr>
          </ns3:TrackPointExtension>
        </extensions>
      </trkpt>
      <trkpt lat="59.99438054859638214111328125" lon="30.37841968238353729248046875">
        <ele>21.6000003814697265625</ele>
        <time>2025-10-06T07:03:15.000Z</time>
        <extensions>
          <ns3:TrackPointExtension>
            <ns3:atemp>20.0</ns3:atemp>
            <ns3:hr>122</ns3:hr>
          </ns3:TrackPointExtension>
        </extensions>
      </trkpt>
      <trkpt lat="59.99434911645948886871337890625" lon="30.378390848636627197265625">
        <ele>21.799999237060546875</ele>
        <time>2025-10-06T07:03:20.000Z</time>
        <extensions>
          <ns3:TrackPointExtension>
            <ns3:atemp>20.0</ns3:atemp>
            <ns3:hr>124</ns3:hr>
          </ns3:TrackPointExtension>
        </extensions>
      </trkpt>
      <trkpt lat="59.9942992441356182098388671875" lon="30.37834399379789829254150390625">
        <ele>21.6000003814697265625</ele>
        <time>2025-10-06T07:03:22.000Z</time>
        <extensions>
          <ns3:TrackPointExtension>
            <ns3:atemp>20.0</ns3:atemp>
            <ns3:hr>123</ns3:hr>
          </ns3:TrackPointExtension>
        </extensions>
      </trkpt>
      <trkpt lat="59.99424216337502002716064453125" lon="30.37842026911675930023193359375">
        <ele>21.6000003814697265625</ele>
        <time>2025-10-06T07:03:24.000Z</time>
        <extensions>
          <ns3:TrackPointExtension>
            <ns3:atemp>20.0</ns3:atemp>
            <ns3:hr>123</ns3:hr>
          </ns3:TrackPointExtension>
        </extensions>
      </trkpt>
      <trkpt lat="59.99421559274196624755859375" lon="30.37843669764697551727294921875">
        <ele>21.3999996185302734375</ele>
        <time>2025-10-06T07:03:25.000Z</time>
        <extensions>
          <ns3:TrackPointExtension>
            <ns3:atemp>20.0</ns3:atemp>
            <ns3:hr>121</ns3:hr>
          </ns3:TrackPointExtension>
        </extensions>
      </trkpt>
      <trkpt lat="59.9941098131239414215087890625" lon="30.3783990629017353057861328125">
        <ele>21.3999996185302734375</ele>
        <time>2025-10-06T07:03:28.000Z</time>
        <extensions>
          <ns3:TrackPointExtension>
            <ns3:atemp>20.0</ns3:atemp>
            <ns3:hr>121</ns3:hr>
          </ns3:TrackPointExtension>
        </extensions>
      </trkpt>
      <trkpt lat="59.9938285164535045623779296875" lon="30.37821491248905658721923828125">
        <ele>21.3999996185302734375</ele>
        <time>2025-10-06T07:03:34.000Z</time>
        <extensions>
          <ns3:TrackPointExtension>
            <ns3:atemp>20.0</ns3:atemp>
            <ns3:hr>121</ns3:hr>
          </ns3:TrackPointExtension>
        </extensions>
      </trkpt>
      <trkpt lat="59.9936032108962535858154296875" lon="30.37801927886903285980224609375">
        <ele>22.3999996185302734375</ele>
        <time>2025-10-06T07:03:40.000Z</time>
        <extensions>
          <ns3:TrackPointExtension>
            <ns3:atemp>20.0</ns3:atemp>
            <ns3:hr>120</ns3:hr>
          </ns3:TrackPointExtension>
        </extensions>
      </trkpt>
      <trkpt lat="59.99352601356804370880126953125" lon="30.3779377229511737823486328125">
        <ele>22.6000003814697265625</ele>
        <time>2025-10-06T07:03:42.000Z</time>
        <extensions>
          <ns3:TrackPointExtension>
            <ns3:atemp>20.0</ns3:atemp>
            <ns3:hr>122</ns3:hr>
          </ns3:TrackPointExtension>
        </extensions>
      </trkpt>
      <trkpt lat="59.9933142028748989105224609375" lon="30.37768735550343990325927734375">
        <ele>22.799999237060546875</ele>
        <time>2025-10-06T07:03:48.000Z</time>
        <extensions>
          <ns3:TrackPointExtension>
            <ns3:atemp>20.0</ns3:atemp>
            <ns3:hr>123</ns3:hr>
          </ns3:TrackPointExtension>
        </extensions>
      </trkpt>
      <trkpt lat="59.99297515489161014556884765625" lon="30.37729541771113872528076171875">
        <ele>23.200000762939453125</ele>
        <time>2025-10-06T07:03:57.000Z</time>
        <extensions>
          <ns3:TrackPointExtension>
            <ns3:atemp>20.0</ns3:atemp>
            <ns3:hr>123</ns3:hr>
          </ns3:TrackPointExtension>
        </extensions>
      </trkpt>
      <trkpt lat="59.9927046708762645721435546875" lon="30.37699534557759761810302734375">
        <ele>23.6000003814697265625</ele>
        <time>2025-10-06T07:04:05.000Z</time>
        <extensions>
          <ns3:TrackPointExtension>
            <ns3:atemp>20.0</ns3:atemp>
            <ns3:hr>122</ns3:hr>
          </ns3:TrackPointExtension>
        </extensions>
      </trkpt>
      <trkpt lat="59.99263049103319644927978515625" lon="30.376941449940204620361328125">
        <ele>23.6000003814697265625</ele>
        <time>2025-10-06T07:04:07.000Z</time>
        <extensions>
          <ns3:TrackPointExtension>
            <ns3:atemp>20.0</ns3:atemp>
            <ns3:hr>125</ns3:hr>
          </ns3:TrackPointExtension>
        </extensions>
      </trkpt>
      <trkpt lat="59.99252689070999622344970703125" lon="30.37684128619730472564697265625">
        <ele>23.6000003814697265625</ele>
        <time>2025-10-06T07:04:10.000Z</time>
        <extensions>
          <ns3:TrackPointExtension>
            <ns3:atemp>20.0</ns3:atemp>
            <ns3:hr>123</ns3:hr>
          </ns3:TrackPointExtension>
        </extensions>
      </trkpt>
      <trkpt lat="59.992381967604160308837890625" lon="30.37669644691050052642822265625">
        <ele>23.799999237060546875</ele>
        <time>2025-10-06T07:04:14.000Z</time>
        <extensions>
          <ns3:TrackPointExtension>
            <ns3:atemp>20.0</ns3:atemp>
            <ns3:hr>123</ns3:hr>
          </ns3:TrackPointExtension>
        </extensions>
      </trkpt>
      <trkpt lat="59.9923472665250301361083984375" lon="30.37665990181267261505126953125">
        <ele>23.799999237060546875</ele>
        <time>2025-10-06T07:04:15.000Z</time>
        <extensions>
          <ns3:TrackPointExtension>
            <ns3:atemp>20.0</ns3:atemp>
            <ns3:hr>126</ns3:hr>
          </ns3:TrackPointExtension>
        </extensions>
      </trkpt>
      <trkpt lat="59.99205532483756542205810546875" lon="30.3763632662594318389892578125">
        <ele>23.200000762939453125</ele>
        <time>2025-10-06T07:04:23.000Z</time>
        <extensions>
          <ns3:TrackPointExtension>
            <ns3:atemp>20.0</ns3:atemp>
            <ns3:hr>127</ns3:hr>
          </ns3:TrackPointExtension>
        </extensions>
      </trkpt>
      <trkpt lat="59.9917796440422534942626953125" lon="30.37610317580401897430419921875">
        <ele>23</ele>
        <time>2025-10-06T07:04:29.000Z</time>
        <extensions>
          <ns3:TrackPointExtension>
            <ns3:atemp>20.0</ns3:atemp>
            <ns3:hr>128</ns3:hr>
          </ns3:TrackPointExtension>
        </extensions>
      </trkpt>
      <trkpt lat="59.9916921369731426239013671875" lon="30.37599136121571063995361328125">
        <ele>22.6000003814697265625</ele>
        <time>2025-10-06T07:04:31.000Z</time>
        <extensions>
          <ns3:TrackPointExtension>
            <ns3:atemp>20.0</ns3:atemp>
            <ns3:hr>128</ns3:hr>
          </ns3:TrackPointExtension>
        </extensions>
      </trkpt>
      <trkpt lat="59.99159029684960842132568359375" lon="30.375907123088836669921875">
        <ele>22.200000762939453125</ele>
        <time>2025-10-06T07:04:33.000Z</time>
        <extensions>
          <ns3:TrackPointExtension>
            <ns3:atemp>20.0</ns3:atemp>
            <ns3:hr>125</ns3:hr>
          </ns3:TrackPointExtension>
        </extensions>
      </trkpt>
      <trkpt lat="59.99154486693441867828369140625" lon="30.3758575022220611572265625">
        <ele>22</ele>
        <time>2025-10-06T07:04:34.000Z</time>
        <extensions>
          <ns3:TrackPointExtension>
            <ns3:atemp>20.0</ns3:atemp>
            <ns3:hr>120</ns3:hr>
          </ns3:TrackPointExtension>
        </extensions>
      </trkpt>
      <trkpt lat="59.9914970062673091888427734375" lon="30.37580989301204681396484375">
        <ele>22</ele>
        <time>2025-10-06T07:04:35.000Z</time>
        <extensions>
          <ns3:TrackPointExtension>
            <ns3:atemp>20.0</ns3:atemp>
            <ns3:hr>120</ns3:hr>
          </ns3:TrackPointExtension>
        </extensions>
      </trkpt>
      <trkpt lat="59.99140002764761447906494140625" lon="30.3757165186107158660888671875">
        <ele>22</ele>
        <time>2025-10-06T07:04:37.000Z</time>
        <extensions>
          <ns3:TrackPointExtension>
            <ns3:atemp>20.0</ns3:atemp>
            <ns3:hr>118</ns3:hr>
          </ns3:TrackPointExtension>
        </extensions>
      </trkpt>
      <trkpt lat="59.99099283479154109954833984375" lon="30.375294573605060577392578125">
        <ele>21.799999237060546875</ele>
        <time>2025-10-06T07:04:45.000Z</time>
        <extensions>
          <ns3:TrackPointExtension>
            <ns3:atemp>20.0</ns3:atemp>
            <ns3:hr>116</ns3:hr>
          </ns3:TrackPointExtension>
        </extensions>
      </trkpt>
      <trkpt lat="59.99094053171575069427490234375" lon="30.3752307035028934478759765625">
        <ele>21.6000003814697265625</ele>
        <time>2025-10-06T07:04:46.000Z</time>
        <extensions>
          <ns3:TrackPointExtension>
            <ns3:atemp>20.0</ns3:atemp>
            <ns3:hr>117</ns3:hr>
          </ns3:TrackPointExtension>
        </extensions>
      </trkpt>
      <trkpt lat="59.99060877598822116851806640625" lon="30.37474237382411956787109375">
        <ele>20.799999237060546875</ele>
        <time>2025-10-06T07:04:52.000Z</time>
        <extensions>
          <ns3:TrackPointExtension>
            <ns3:atemp>20.0</ns3:atemp>
            <ns3:hr>118</ns3:hr>
          </ns3:TrackPointExtension>
        </extensions>
      </trkpt>
      <trkpt lat="59.99046075157821178436279296875" lon="30.37444867193698883056640625">
        <ele>21.6000003814697265625</ele>
        <time>2025-10-06T07:04:55.000Z</time>
        <extensions>
          <ns3:TrackPointExtension>
            <ns3:atemp>20.0</ns3:atemp>
            <ns3:hr>115</ns3:hr>
          </ns3:TrackPointExtension>
        </extensions>
      </trkpt>
      <trkpt lat="59.9902598373591899871826171875" lon="30.37403938360512256622314453125">
        <ele>20.6000003814697265625</ele>
        <time>2025-10-06T07:04:59.000Z</time>
        <extensions>
          <ns3:TrackPointExtension>
            <ns3:atemp>19.0</ns3:atemp>
            <ns3:hr>115</ns3:hr>
          </ns3:TrackPointExtension>
        </extensions>
      </trkpt>
      <trkpt lat="59.990120194852352142333984375" lon="30.37369388155639171600341796875">
        <ele>19.200000762939453125</ele>
        <time>2025-10-06T07:05:02.000Z</time>
        <extensions>
          <ns3:TrackPointExtension>
            <ns3:atemp>19.0</ns3:atemp>
            <ns3:hr>117</ns3:hr>
          </ns3:TrackPointExtension>
        </extensions>
      </trkpt>
      <trkpt lat="59.99003629200160503387451171875" lon="30.37346404977142810821533203125">
        <ele>18.200000762939453125</ele>
        <time>2025-10-06T07:05:04.000Z</time>
        <extensions>
          <ns3:TrackPointExtension>
            <ns3:atemp>19.0</ns3:atemp>
            <ns3:hr>117</ns3:hr>
          </ns3:TrackPointExtension>
        </extensions>
      </trkpt>
      <trkpt lat="59.99000276438891887664794921875" lon="30.3733424283564090728759765625">
        <ele>17.799999237060546875</ele>
        <time>2025-10-06T07:05:05.000Z</time>
        <extensions>
          <ns3:TrackPointExtension>
            <ns3:atemp>19.0</ns3:atemp>
            <ns3:hr>119</ns3:hr>
          </ns3:TrackPointExtension>
        </extensions>
      </trkpt>
      <trkpt lat="59.9899771995842456817626953125" lon="30.37322315387427806854248046875">
        <ele>17.6000003814697265625</ele>
        <time>2025-10-06T07:05:06.000Z</time>
        <extensions>
          <ns3:TrackPointExtension>
            <ns3:atemp>19.0</ns3:atemp>
            <ns3:hr>120</ns3:hr>
          </ns3:TrackPointExtension>
        </extensions>
      </trkpt>
      <trkpt lat="59.9899617768824100494384765625" lon="30.37302366457879543304443359375">
        <ele>17.6000003814697265625</ele>
        <time>2025-10-06T07:05:08.000Z</time>
        <extensions>
          <ns3:TrackPointExtension>
            <ns3:atemp>19.0</ns3:atemp>
            <ns3:hr>120</ns3:hr>
          </ns3:TrackPointExtension>
        </extensions>
      </trkpt>
      <trkpt lat="59.98999672941863536834716796875" lon="30.37288351915776729583740234375">
        <ele>17.6000003814697265625</ele>
        <time>2025-10-06T07:05:10.000Z</time>
        <extensions>
          <ns3:TrackPointExtension>
            <ns3:atemp>19.0</ns3:atemp>
            <ns3:hr>123</ns3:hr>
          </ns3:TrackPointExtension>
        </extensions>
      </trkpt>
      <trkpt lat="59.99001919291913509368896484375" lon="30.37284010089933872222900390625">
        <ele>17.6000003814697265625</ele>
        <time>2025-10-06T07:05:11.000Z</time>
        <extensions>
          <ns3:TrackPointExtension>
            <ns3:atemp>19.0</ns3:atemp>
            <ns3:hr>123</ns3:hr>
          </ns3:TrackPointExtension>
        </extensions>
      </trkpt>
      <trkpt lat="59.9900279939174652099609375" lon="30.37279517389833927154541015625">
        <ele>17.6000003814697265625</ele>
        <time>2025-10-06T07:05:12.000Z</time>
        <extensions>
          <ns3:TrackPointExtension>
            <ns3:atemp>19.0</ns3:atemp>
            <ns3:hr>123</ns3:hr>
          </ns3:TrackPointExtension>
        </extensions>
      </trkpt>
      <trkpt lat="59.99000586569309234619140625" lon="30.372724346816539764404296875">
        <ele>17.6000003814697265625</ele>
        <time>2025-10-06T07:05:14.000Z</time>
        <extensions>
          <ns3:TrackPointExtension>
            <ns3:atemp>19.0</ns3:atemp>
            <ns3:hr>121</ns3:hr>
          </ns3:TrackPointExtension>
        </extensions>
      </trkpt>
      <trkpt lat="59.9898762814700603485107421875" lon="30.37246140651404857635498046875">
        <ele>17.6000003814697265625</ele>
        <time>2025-10-06T07:05:19.000Z</time>
        <extensions>
          <ns3:TrackPointExtension>
            <ns3:atemp>19.0</ns3:atemp>
            <ns3:hr>116</ns3:hr>
          </ns3:TrackPointExtension>
        </extensions>
      </trkpt>
      <trkpt lat="59.98985675163567066192626953125" lon="30.3723885677754878997802734375">
        <ele>17.6000003814697265625</ele>
        <time>2025-10-06T07:05:20.000Z</time>
        <extensions>
          <ns3:TrackPointExtension>
            <ns3:atemp>19.0</ns3:atemp>
            <ns3:hr>116</ns3:hr>
          </ns3:TrackPointExtension>
        </extensions>
      </trkpt>
      <trkpt lat="59.98973940499126911163330078125" lon="30.37205186672508716583251953125">
        <ele>18.200000762939453125</ele>
        <time>2025-10-06T07:05:24.000Z</time>
        <extensions>
          <ns3:TrackPointExtension>
            <ns3:atemp>19.0</ns3:atemp>
            <ns3:hr>114</ns3:hr>
          </ns3:TrackPointExtension>
        </extensions>
      </trkpt>
      <trkpt lat="59.98951208777725696563720703125" lon="30.371332280337810516357421875">
        <ele>18.799999237060546875</ele>
        <time>2025-10-06T07:05:31.000Z</time>
        <extensions>
          <ns3:TrackPointExtension>
            <ns3:atemp>19.0</ns3:atemp>
            <ns3:hr>117</ns3:hr>
          </ns3:TrackPointExtension>
        </extensions>
      </trkpt>
      <trkpt lat="59.98948015272617340087890625" lon="30.3712429292500019073486328125">
        <ele>18.3999996185302734375</ele>
        <time>2025-10-06T07:05:32.000Z</time>
        <extensions>
          <ns3:TrackPointExtension>
            <ns3:atemp>19.0</ns3:atemp>
            <ns3:hr>117</ns3:hr>
          </ns3:TrackPointExtension>
        </extensions>
      </trkpt>
      <trkpt lat="59.98939205892384052276611328125" lon="30.3709837608039379119873046875">
        <ele>17.6000003814697265625</ele>
        <time>2025-10-06T07:05:35.000Z</time>
        <extensions>
          <ns3:TrackPointExtension>
            <ns3:atemp>19.0</ns3:atemp>
            <ns3:hr>118</ns3:hr>
          </ns3:TrackPointExtension>
        </extensions>
      </trkpt>
      <trkpt lat="59.98934126459062099456787109375" lon="30.3708271868526935577392578125">
        <ele>17</ele>
        <time>2025-10-06T07:05:37.000Z</time>
        <extensions>
          <ns3:TrackPointExtension>
            <ns3:atemp>19.0</ns3:atemp>
            <ns3:hr>118</ns3:hr>
          </ns3:TrackPointExtension>
        </extensions>
      </trkpt>
      <trkpt lat="59.98931745998561382293701171875" lon="30.3707504086196422576904296875">
        <ele>16.6000003814697265625</ele>
        <time>2025-10-06T07:05:38.000Z</time>
        <extensions>
          <ns3:TrackPointExtension>
            <ns3:atemp>19.0</ns3:atemp>
            <ns3:hr>118</ns3:hr>
          </ns3:TrackPointExtension>
        </extensions>
      </trkpt>
      <trkpt lat="59.98926767148077487945556640625" lon="30.3705948404967784881591796875">
        <ele>16.3999996185302734375</ele>
        <time>2025-10-06T07:05:40.000Z</time>
        <extensions>
          <ns3:TrackPointExtension>
            <ns3:atemp>19.0</ns3:atemp>
            <ns3:hr>123</ns3:hr>
          </ns3:TrackPointExtension>
        </extensions>
      </trkpt>
      <trkpt lat="59.9892342276871204376220703125" lon="30.37051764316856861114501953125">
        <ele>16.3999996185302734375</ele>
        <time>2025-10-06T07:05:41.000Z</time>
        <extensions>
          <ns3:TrackPointExtension>
            <ns3:atemp>19.0</ns3:atemp>
            <ns3:hr>123</ns3:hr>
          </ns3:TrackPointExtension>
        </extensions>
      </trkpt>
      <trkpt lat="59.98920313082635402679443359375" lon="30.3704302199184894561767578125">
        <ele>16.3999996185302734375</ele>
        <time>2025-10-06T07:05:42.000Z</time>
        <extensions>
          <ns3:TrackPointExtension>
            <ns3:atemp>19.0</ns3:atemp>
            <ns3:hr>131</ns3:hr>
          </ns3:TrackPointExtension>
        </extensions>
      </trkpt>
      <trkpt lat="59.98917060904204845428466796875" lon="30.37034346722066402435302734375">
        <ele>16.6000003814697265625</ele>
        <time>2025-10-06T07:05:43.000Z</time>
        <extensions>
          <ns3:TrackPointExtension>
            <ns3:atemp>19.0</ns3:atemp>
            <ns3:hr>134</ns3:hr>
          </ns3:TrackPointExtension>
        </extensions>
      </trkpt>
      <trkpt lat="59.98913506977260112762451171875" lon="30.37025763653218746185302734375">
        <ele>16.6000003814697265625</ele>
        <time>2025-10-06T07:05:44.000Z</time>
        <extensions>
          <ns3:TrackPointExtension>
            <ns3:atemp>19.0</ns3:atemp>
            <ns3:hr>134</ns3:hr>
          </ns3:TrackPointExtension>
        </extensions>
      </trkpt>
      <trkpt lat="59.98908980749547481536865234375" lon="30.37018873728811740875244140625">
        <ele>16.6000003814697265625</ele>
        <time>2025-10-06T07:05:45.000Z</time>
        <extensions>
          <ns3:TrackPointExtension>
            <ns3:atemp>19.0</ns3:atemp>
            <ns3:hr>136</ns3:hr>
          </ns3:TrackPointExtension>
        </extensions>
      </trkpt>
      <trkpt lat="59.9888805113732814788818359375" lon="30.36967509426176548004150390625">
        <ele>16</ele>
        <time>2025-10-06T07:05:51.000Z</time>
        <extensions>
          <ns3:TrackPointExtension>
            <ns3:atemp>19.0</ns3:atemp>
            <ns3:hr>136</ns3:hr>
          </ns3:TrackPointExtension>
        </extensions>
      </trkpt>
      <trkpt lat="59.98885159380733966827392578125" lon="30.36958071403205394744873046875">
        <ele>15.80000019073486328125</ele>
        <time>2025-10-06T07:05:52.000Z</time>
        <extensions>
          <ns3:TrackPointExtension>
            <ns3:atemp>19.0</ns3:atemp>
            <ns3:hr>135</ns3:hr>
          </ns3:TrackPointExtension>
        </extensions>
      </trkpt>
      <trkpt lat="59.98859611339867115020751953125" lon="30.36880136467516422271728515625">
        <ele>14.80000019073486328125</ele>
        <time>2025-10-06T07:06:00.000Z</time>
        <extensions>
          <ns3:TrackPointExtension>
            <ns3:atemp>19.0</ns3:atemp>
            <ns3:hr>137</ns3:hr>
          </ns3:TrackPointExtension>
        </extensions>
      </trkpt>
      <trkpt lat="59.98846535570919513702392578125" lon="30.3684530965983867645263671875">
        <ele>14.19999980926513671875</ele>
        <time>2025-10-06T07:06:04.000Z</time>
        <extensions>
          <ns3:TrackPointExtension>
            <ns3:atemp>19.0</ns3:atemp>
            <ns3:hr>140</ns3:hr>
          </ns3:TrackPointExtension>
        </extensions>
      </trkpt>
      <trkpt lat="59.98838690109550952911376953125" lon="30.3681845404207706451416015625">
        <ele>13.6000003814697265625</ele>
        <time>2025-10-06T07:06:07.000Z</time>
        <extensions>
          <ns3:TrackPointExtension>
            <ns3:atemp>19.0</ns3:atemp>
            <ns3:hr>138</ns3:hr>
          </ns3:TrackPointExtension>
        </extensions>
      </trkpt>
      <trkpt lat="59.988357312977313995361328125" lon="30.3680903278291225433349609375">
        <ele>13.6000003814697265625</ele>
        <time>2025-10-06T07:06:08.000Z</time>
        <extensions>
          <ns3:TrackPointExtension>
            <ns3:atemp>19.0</ns3:atemp>
            <ns3:hr>138</ns3:hr>
          </ns3:TrackPointExtension>
        </extensions>
      </trkpt>
      <trkpt lat="59.98816494829952716827392578125" lon="30.36748297512531280517578125">
        <ele>12.80000019073486328125</ele>
        <time>2025-10-06T07:06:15.000Z</time>
        <extensions>
          <ns3:TrackPointExtension>
            <ns3:atemp>19.0</ns3:atemp>
            <ns3:hr>139</ns3:hr>
          </ns3:TrackPointExtension>
        </extensions>
      </trkpt>
      <trkpt lat="59.9881113879382610321044921875" lon="30.3673305921256542205810546875">
        <ele>12.6000003814697265625</ele>
        <time>2025-10-06T07:06:17.000Z</time>
        <extensions>
          <ns3:TrackPointExtension>
            <ns3:atemp>19.0</ns3:atemp>
            <ns3:hr>138</ns3:hr>
          </ns3:TrackPointExtension>
        </extensions>
      </trkpt>
      <trkpt lat="59.98804911039769649505615234375" lon="30.3671886026859283447265625">
        <ele>12.3999996185302734375</ele>
        <time>2025-10-06T07:06:19.000Z</time>
        <extensions>
          <ns3:TrackPointExtension>
            <ns3:atemp>19.0</ns3:atemp>
            <ns3:hr>137</ns3:hr>
          </ns3:TrackPointExtension>
        </extensions>
      </trkpt>
      <trkpt lat="59.9879595078527927398681640625" lon="30.3670866787433624267578125">
        <ele>12.3999996185302734375</ele>
        <time>2025-10-06T07:06:21.000Z</time>
        <extensions>
          <ns3:TrackPointExtension>
            <ns3:atemp>19.0</ns3:atemp>
            <ns3:hr>136</ns3:hr>
          </ns3:TrackPointExtension>
        </extensions>
      </trkpt>
      <trkpt lat="59.98793176375329494476318359375" lon="30.36699573509395122528076171875">
        <ele>12.3999996185302734375</ele>
        <time>2025-10-06T07:06:22.000Z</time>
        <extensions>
          <ns3:TrackPointExtension>
            <ns3:atemp>19.0</ns3:atemp>
            <ns3:hr>136</ns3:hr>
          </ns3:TrackPointExtension>
        </extensions>
      </trkpt>
      <trkpt lat="59.98789521865546703338623046875" lon="30.36692566238343715667724609375">
        <ele>12.3999996185302734375</ele>
        <time>2025-10-06T07:06:23.000Z</time>
        <extensions>
          <ns3:TrackPointExtension>
            <ns3:atemp>19.0</ns3:atemp>
            <ns3:hr>137</ns3:hr>
          </ns3:TrackPointExtension>
        </extensions>
      </trkpt>
      <trkpt lat="59.98771953396499156951904296875" lon="30.3665185533463954925537109375">
        <ele>11.6000003814697265625</ele>
        <time>2025-10-06T07:06:28.000Z</time>
        <extensions>
          <ns3:TrackPointExtension>
            <ns3:atemp>19.0</ns3:atemp>
            <ns3:hr>136</ns3:hr>
          </ns3:TrackPointExtension>
        </extensions>
      </trkpt>
      <trkpt lat="59.98764208517968654632568359375" lon="30.36635644733905792236328125">
        <ele>11.6000003814697265625</ele>
        <time>2025-10-06T07:06:30.000Z</time>
        <extensions>
          <ns3:TrackPointExtension>
            <ns3:atemp>19.0</ns3:atemp>
            <ns3:hr>135</ns3:hr>
          </ns3:TrackPointExtension>
        </extensions>
      </trkpt>
      <trkpt lat="59.987605623900890350341796875" lon="30.36627857945859432220458984375">
        <ele>11.6000003814697265625</ele>
        <time>2025-10-06T07:06:31.000Z</time>
        <extensions>
          <ns3:TrackPointExtension>
            <ns3:atemp>19.0</ns3:atemp>
            <ns3:hr>137</ns3:hr>
          </ns3:TrackPointExtension>
        </extensions>
      </trkpt>
      <trkpt lat="59.9875316955149173736572265625" lon="30.36612301133573055267333984375">
        <ele>11.19999980926513671875</ele>
        <time>2025-10-06T07:06:33.000Z</time>
        <extensions>
          <ns3:TrackPointExtension>
            <ns3:atemp>19.0</ns3:atemp>
            <ns3:hr>136</ns3:hr>
          </ns3:TrackPointExtension>
        </extensions>
      </trkpt>
      <trkpt lat="59.987495653331279754638671875" lon="30.36604656837880611419677734375">
        <ele>11.19999980926513671875</ele>
        <time>2025-10-06T07:06:34.000Z</time>
        <extensions>
          <ns3:TrackPointExtension>
            <ns3:atemp>19.0</ns3:atemp>
            <ns3:hr>136</ns3:hr>
          </ns3:TrackPointExtension>
        </extensions>
      </trkpt>
      <trkpt lat="59.987419210374355316162109375" lon="30.36589502356946468353271484375">
        <ele>10.80000019073486328125</ele>
        <time>2025-10-06T07:06:36.000Z</time>
        <extensions>
          <ns3:TrackPointExtension>
            <ns3:atemp>19.0</ns3:atemp>
            <ns3:hr>133</ns3:hr>
          </ns3:TrackPointExtension>
        </extensions>
      </trkpt>
      <trkpt lat="59.98738124035298824310302734375" lon="30.36581975407898426055908203125">
        <ele>10.3999996185302734375</ele>
        <time>2025-10-06T07:06:37.000Z</time>
        <extensions>
          <ns3:TrackPointExtension>
            <ns3:atemp>19.0</ns3:atemp>
            <ns3:hr>132</ns3:hr>
          </ns3:TrackPointExtension>
        </extensions>
      </trkpt>
      <trkpt lat="59.9872601218521595001220703125" lon="30.3656220249831676483154296875">
        <ele>9.80000019073486328125</ele>
        <time>2025-10-06T07:06:40.000Z</time>
        <extensions>
          <ns3:TrackPointExtension>
            <ns3:atemp>19.0</ns3:atemp>
            <ns3:hr>135</ns3:hr>
          </ns3:TrackPointExtension>
        </extensions>
      </trkpt>
      <trkpt lat="59.987218044698238372802734375" lon="30.3655589930713176727294921875">
        <ele>9.80000019073486328125</ele>
        <time>2025-10-06T07:06:41.000Z</time>
        <extensions>
          <ns3:TrackPointExtension>
            <ns3:atemp>19.0</ns3:atemp>
            <ns3:hr>135</ns3:hr>
          </ns3:TrackPointExtension>
        </extensions>
      </trkpt>
      <trkpt lat="59.986918978393077850341796875" lon="30.36515020765364170074462890625">
        <ele>9.6000003814697265625</ele>
        <time>2025-10-06T07:06:48.000Z</time>
        <extensions>
          <ns3:TrackPointExtension>
            <ns3:atemp>19.0</ns3:atemp>
            <ns3:hr>133</ns3:hr>
          </ns3:TrackPointExtension>
        </extensions>
      </trkpt>
      <trkpt lat="59.98686877079308032989501953125" lon="30.3651170991361141204833984375">
        <ele>9.3999996185302734375</ele>
        <time>2025-10-06T07:06:49.000Z</time>
        <extensions>
          <ns3:TrackPointExtension>
            <ns3:atemp>19.0</ns3:atemp>
            <ns3:hr>133</ns3:hr>
          </ns3:TrackPointExtension>
        </extensions>
      </trkpt>
      <trkpt lat="59.9866458959877490997314453125" lon="30.3649990819394588470458984375">
        <ele>8.80000019073486328125</ele>
        <time>2025-10-06T07:06:53.000Z</time>
        <extensions>
          <ns3:TrackPointExtension>
            <ns3:atemp>19.0</ns3:atemp>
            <ns3:hr>132</ns3:hr>
          </ns3:TrackPointExtension>
        </extensions>
      </trkpt>
      <trkpt lat="59.98654204420745372772216796875" lon="30.36494216881692409515380859375">
        <ele>8.6000003814697265625</ele>
        <time>2025-10-06T07:06:55.000Z</time>
        <extensions>
          <ns3:TrackPointExtension>
            <ns3:atemp>19.0</ns3:atemp>
            <ns3:hr>135</ns3:hr>
          </ns3:TrackPointExtension>
        </extensions>
      </trkpt>
      <trkpt lat="59.98644280247390270233154296875" lon="30.36485834978520870208740234375">
        <ele>8.3999996185302734375</ele>
        <time>2025-10-06T07:06:57.000Z</time>
        <extensions>
          <ns3:TrackPointExtension>
            <ns3:atemp>19.0</ns3:atemp>
            <ns3:hr>136</ns3:hr>
          </ns3:TrackPointExtension>
        </extensions>
      </trkpt>
      <trkpt lat="59.9863922595977783203125" lon="30.36482281051576137542724609375">
        <ele>8.19999980926513671875</ele>
        <time>2025-10-06T07:06:58.000Z</time>
        <extensions>
          <ns3:TrackPointExtension>
            <ns3:atemp>19.0</ns3:atemp>
            <ns3:hr>138</ns3:hr>
          </ns3:TrackPointExtension>
        </extensions>
      </trkpt>
      <trkpt lat="59.98622755520045757293701171875" lon="30.364745445549488067626953125">
        <ele>7.599999904632568359375</ele>
        <time>2025-10-06T07:07:01.000Z</time>
        <extensions>
          <ns3:TrackPointExtension>
            <ns3:atemp>19.0</ns3:atemp>
            <ns3:hr>138</ns3:hr>
          </ns3:TrackPointExtension>
        </extensions>
      </trkpt>
      <trkpt lat="59.98601331375539302825927734375" lon="30.364607311785221099853515625">
        <ele>7.19999980926513671875</ele>
        <time>2025-10-06T07:07:05.000Z</time>
        <extensions>
          <ns3:TrackPointExtension>
            <ns3:atemp>19.0</ns3:atemp>
            <ns3:hr>140</ns3:hr>
          </ns3:TrackPointExtension>
        </extensions>
      </trkpt>
      <trkpt lat="59.98586277477443218231201171875" lon="30.36449088715016841888427734375">
        <ele>7</ele>
        <time>2025-10-06T07:07:08.000Z</time>
        <extensions>
          <ns3:TrackPointExtension>
            <ns3:atemp>19.0</ns3:atemp>
            <ns3:hr>140</ns3:hr>
          </ns3:TrackPointExtension>
        </extensions>
      </trkpt>
      <trkpt lat="59.98587015084922313690185546875" lon="30.3642437048256397247314453125">
        <ele>6.599999904632568359375</ele>
        <time>2025-10-06T07:07:10.000Z</time>
        <extensions>
          <ns3:TrackPointExtension>
            <ns3:atemp>19.0</ns3:atemp>
            <ns3:hr>139</ns3:hr>
          </ns3:TrackPointExtension>
        </extensions>
      </trkpt>
      <trkpt lat="59.98586595989763736724853515625" lon="30.364140607416629791259765625">
        <ele>6.400000095367431640625</ele>
        <time>2025-10-06T07:07:11.000Z</time>
        <extensions>
          <ns3:TrackPointExtension>
            <ns3:atemp>19.0</ns3:atemp>
            <ns3:hr>139</ns3:hr>
          </ns3:TrackPointExtension>
        </extensions>
      </trkpt>
      <trkpt lat="59.9858732521533966064453125" lon="30.364043377339839935302734375">
        <ele>6.400000095367431640625</ele>
        <time>2025-10-06T07:07:12.000Z</time>
        <extensions>
          <ns3:TrackPointExtension>
            <ns3:atemp>19.0</ns3:atemp>
            <ns3:hr>139</ns3:hr>
          </ns3:TrackPointExtension>
        </extensions>
      </trkpt>
      <trkpt lat="59.98588054440915584564208984375" lon="30.36395126022398471832275390625">
        <ele>6.19999980926513671875</ele>
        <time>2025-10-06T07:07:13.000Z</time>
        <extensions>
          <ns3:TrackPointExtension>
            <ns3:atemp>19.0</ns3:atemp>
            <ns3:hr>136</ns3:hr>
          </ns3:TrackPointExtension>
        </extensions>
      </trkpt>
      <trkpt lat="59.98589512892067432403564453125" lon="30.3638588078320026397705078125">
        <ele>6</ele>
        <time>2025-10-06T07:07:14.000Z</time>
        <extensions>
          <ns3:TrackPointExtension>
            <ns3:atemp>19.0</ns3:atemp>
            <ns3:hr>136</ns3:hr>
          </ns3:TrackPointExtension>
        </extensions>
      </trkpt>
      <trkpt lat="59.9859139882028102874755859375" lon="30.3637656010687351226806640625">
        <ele>6</ele>
        <time>2025-10-06T07:07:15.000Z</time>
        <extensions>
          <ns3:TrackPointExtension>
            <ns3:atemp>19.0</ns3:atemp>
            <ns3:hr>136</ns3:hr>
          </ns3:TrackPointExtension>
        </extensions>
      </trkpt>
      <trkpt lat="59.9859847314655780792236328125" lon="30.36351171322166919708251953125">
        <ele>5.599999904632568359375</ele>
        <time>2025-10-06T07:07:18.000Z</time>
        <extensions>
          <ns3:TrackPointExtension>
            <ns3:atemp>20.0</ns3:atemp>
            <ns3:hr>133</ns3:hr>
          </ns3:TrackPointExtension>
        </extensions>
      </trkpt>
      <trkpt lat="59.98609025962650775909423828125" lon="30.36319588311016559600830078125">
        <ele>5.400000095367431640625</ele>
        <time>2025-10-06T07:07:22.000Z</time>
        <extensions>
          <ns3:TrackPointExtension>
            <ns3:atemp>20.0</ns3:atemp>
            <ns3:hr>126</ns3:hr>
          </ns3:TrackPointExtension>
        </extensions>
      </trkpt>
      <trkpt lat="59.98611473478376865386962890625" lon="30.36311910487711429595947265625">
        <ele>5.400000095367431640625</ele>
        <time>2025-10-06T07:07:23.000Z</time>
        <extensions>
          <ns3:TrackPointExtension>
            <ns3:atemp>20.0</ns3:atemp>
            <ns3:hr>126</ns3:hr>
          </ns3:TrackPointExtension>
        </extensions>
      </trkpt>
      <trkpt lat="59.98615697957575321197509765625" lon="30.36297619342803955078125">
        <ele>5.19999980926513671875</ele>
        <time>2025-10-06T07:07:25.000Z</time>
        <extensions>
          <ns3:TrackPointExtension>
            <ns3:atemp>20.0</ns3:atemp>
            <ns3:hr>122</ns3:hr>
          </ns3:TrackPointExtension>
        </extensions>
      </trkpt>
      <trkpt lat="59.98617961071431636810302734375" lon="30.36292078904807567596435546875">
        <ele>5.19999980926513671875</ele>
        <time>2025-10-06T07:07:26.000Z</time>
        <extensions>
          <ns3:TrackPointExtension>
            <ns3:atemp>20.0</ns3:atemp>
            <ns3:hr>122</ns3:hr>
          </ns3:TrackPointExtension>
        </extensions>
      </trkpt>
      <trkpt lat="59.98621263541281223297119140625" lon="30.36281190812587738037109375">
        <ele>5</ele>
        <time>2025-10-06T07:07:28.000Z</time>
        <extensions>
          <ns3:TrackPointExtension>
            <ns3:atemp>20.0</ns3:atemp>
            <ns3:hr>120</ns3:hr>
          </ns3:TrackPointExtension>
        </extensions>
      </trkpt>
      <trkpt lat="59.98629159294068813323974609375" lon="30.36239943467080593109130859375">
        <ele>5.400000095367431640625</ele>
        <time>2025-10-06T07:07:34.000Z</time>
        <extensions>
          <ns3:TrackPointExtension>
            <ns3:atemp>19.0</ns3:atemp>
            <ns3:hr>124</ns3:hr>
          </ns3:TrackPointExtension>
        </extensions>
      </trkpt>
      <trkpt lat="59.9864420481026172637939453125" lon="30.36202996037900447845458984375">
        <ele>6.19999980926513671875</ele>
        <time>2025-10-06T07:07:40.000Z</time>
        <extensions>
          <ns3:TrackPointExtension>
            <ns3:atemp>19.0</ns3:atemp>
            <ns3:hr>123</ns3:hr>
          </ns3:TrackPointExtension>
        </extensions>
      </trkpt>
      <trkpt lat="59.9864566326141357421875" lon="30.36195619963109493255615234375">
        <ele>6.19999980926513671875</ele>
        <time>2025-10-06T07:07:41.000Z</time>
        <extensions>
          <ns3:TrackPointExtension>
            <ns3:atemp>19.0</ns3:atemp>
            <ns3:hr>125</ns3:hr>
          </ns3:TrackPointExtension>
        </extensions>
      </trkpt>
      <trkpt lat="59.98652829788625240325927734375" lon="30.36157733760774135589599609375">
        <ele>7</ele>
        <time>2025-10-06T07:07:46.000Z</time>
        <extensions>
          <ns3:TrackPointExtension>
            <ns3:atemp>19.0</ns3:atemp>
            <ns3:hr>121</ns3:hr>
          </ns3:TrackPointExtension>
        </extensions>
      </trkpt>
      <trkpt lat="59.9865536950528621673583984375" lon="30.36142813973128795623779296875">
        <ele>7</ele>
        <time>2025-10-06T07:07:48.000Z</time>
        <extensions>
          <ns3:TrackPointExtension>
            <ns3:atemp>19.0</ns3:atemp>
            <ns3:hr>121</ns3:hr>
          </ns3:TrackPointExtension>
        </extensions>
      </trkpt>
      <trkpt lat="59.98656517826020717620849609375" lon="30.3612631000578403472900390625">
        <ele>7.19999980926513671875</ele>
        <time>2025-10-06T07:07:50.000Z</time>
        <extensions>
          <ns3:TrackPointExtension>
            <ns3:atemp>19.0</ns3:atemp>
            <ns3:hr>121</ns3:hr>
          </ns3:TrackPointExtension>
        </extensions>
      </trkpt>
      <trkpt lat="59.98657322488725185394287109375" lon="30.36098934710025787353515625">
        <ele>7</ele>
        <time>2025-10-06T07:07:53.000Z</time>
        <extensions>
          <ns3:TrackPointExtension>
            <ns3:atemp>19.0</ns3:atemp>
            <ns3:hr>120</ns3:hr>
          </ns3:TrackPointExtension>
        </extensions>
      </trkpt>
      <trkpt lat="59.98658646829426288604736328125" lon="30.36091365851461887359619140625">
        <ele>7</ele>
        <time>2025-10-06T07:07:54.000Z</time>
        <extensions>
          <ns3:TrackPointExtension>
            <ns3:atemp>19.0</ns3:atemp>
            <ns3:hr>120</ns3:hr>
          </ns3:TrackPointExtension>
        </extensions>
      </trkpt>
      <trkpt lat="59.98667514882981777191162109375" lon="30.360473357141017913818359375">
        <ele>7.19999980926513671875</ele>
        <time>2025-10-06T07:08:00.000Z</time>
        <extensions>
          <ns3:TrackPointExtension>
            <ns3:atemp>19.0</ns3:atemp>
            <ns3:hr>117</ns3:hr>
          </ns3:TrackPointExtension>
        </extensions>
      </trkpt>
      <trkpt lat="59.98667724430561065673828125" lon="30.36039792001247406005859375">
        <ele>7.19999980926513671875</ele>
        <time>2025-10-06T07:08:01.000Z</time>
        <extensions>
          <ns3:TrackPointExtension>
            <ns3:atemp>19.0</ns3:atemp>
            <ns3:hr>115</ns3:hr>
          </ns3:TrackPointExtension>
        </extensions>
      </trkpt>
      <trkpt lat="59.986709095537662506103515625" lon="30.3599981032311916351318359375">
        <ele>7.400000095367431640625</ele>
        <time>2025-10-06T07:08:06.000Z</time>
        <extensions>
          <ns3:TrackPointExtension>
            <ns3:atemp>19.0</ns3:atemp>
            <ns3:hr>116</ns3:hr>
          </ns3:TrackPointExtension>
        </extensions>
      </trkpt>
      <trkpt lat="59.9867810122668743133544921875" lon="30.359527878463268280029296875">
        <ele>7.400000095367431640625</ele>
        <time>2025-10-06T07:08:12.000Z</time>
        <extensions>
          <ns3:TrackPointExtension>
            <ns3:atemp>19.0</ns3:atemp>
            <ns3:hr>114</ns3:hr>
          </ns3:TrackPointExtension>
        </extensions>
      </trkpt>
      <trkpt lat="59.98683549463748931884765625" lon="30.35926359705626964569091796875">
        <ele>7</ele>
        <time>2025-10-06T07:08:15.000Z</time>
        <extensions>
          <ns3:TrackPointExtension>
            <ns3:atemp>19.0</ns3:atemp>
            <ns3:hr>117</ns3:hr>
          </ns3:TrackPointExtension>
        </extensions>
      </trkpt>
      <trkpt lat="59.98685116879642009735107421875" lon="30.35917005501687526702880859375">
        <ele>6.80000019073486328125</ele>
        <time>2025-10-06T07:08:16.000Z</time>
        <extensions>
          <ns3:TrackPointExtension>
            <ns3:atemp>19.0</ns3:atemp>
            <ns3:hr>120</ns3:hr>
          </ns3:TrackPointExtension>
        </extensions>
      </trkpt>
      <trkpt lat="59.98687631450593471527099609375" lon="30.358894877135753631591796875">
        <ele>6.80000019073486328125</ele>
        <time>2025-10-06T07:08:19.000Z</time>
        <extensions>
          <ns3:TrackPointExtension>
            <ns3:atemp>19.0</ns3:atemp>
            <ns3:hr>119</ns3:hr>
          </ns3:TrackPointExtension>
        </extensions>
      </trkpt>
      <trkpt lat="59.986875057220458984375" lon="30.35870611667633056640625">
        <ele>6.80000019073486328125</ele>
        <time>2025-10-06T07:08:21.000Z</time>
        <extensions>
          <ns3:TrackPointExtension>
            <ns3:atemp>19.0</ns3:atemp>
            <ns3:hr>121</ns3:hr>
          </ns3:TrackPointExtension>
        </extensions>
      </trkpt>
      <trkpt lat="59.9868916533887386322021484375" lon="30.35842490382492542266845703125">
        <ele>7.19999980926513671875</ele>
        <time>2025-10-06T07:08:24.000Z</time>
        <extensions>
          <ns3:TrackPointExtension>
            <ns3:atemp>19.0</ns3:atemp>
            <ns3:hr>120</ns3:hr>
          </ns3:TrackPointExtension>
        </extensions>
      </trkpt>
      <trkpt lat="59.986932389438152313232421875" lon="30.35828693769872188568115234375">
        <ele>7.400000095367431640625</ele>
        <time>2025-10-06T07:08:26.000Z</time>
        <extensions>
          <ns3:TrackPointExtension>
            <ns3:atemp>19.0</ns3:atemp>
            <ns3:hr>121</ns3:hr>
          </ns3:TrackPointExtension>
        </extensions>
      </trkpt>
      <trkpt lat="59.98698092065751552581787109375" lon="30.3581540845334529876708984375">
        <ele>7.599999904632568359375</ele>
        <time>2025-10-06T07:08:28.000Z</time>
        <extensions>
          <ns3:TrackPointExtension>
            <ns3:atemp>19.0</ns3:atemp>
            <ns3:hr>120</ns3:hr>
          </ns3:TrackPointExtension>
        </extensions>
      </trkpt>
      <trkpt lat="59.9869959242641925811767578125" lon="30.35799139179289340972900390625">
        <ele>7.599999904632568359375</ele>
        <time>2025-10-06T07:08:30.000Z</time>
        <extensions>
          <ns3:TrackPointExtension>
            <ns3:atemp>19.0</ns3:atemp>
            <ns3:hr>120</ns3:hr>
          </ns3:TrackPointExtension>
        </extensions>
      </trkpt>
      <trkpt lat="59.9869523383677005767822265625" lon="30.35755184479057788848876953125">
        <ele>7.599999904632568359375</ele>
        <time>2025-10-06T07:08:35.000Z</time>
        <extensions>
          <ns3:TrackPointExtension>
            <ns3:atemp>19.0</ns3:atemp>
            <ns3:hr>119</ns3:hr>
          </ns3:TrackPointExtension>
        </extensions>
      </trkpt>
      <trkpt lat="59.9869392625987529754638671875" lon="30.35720684565603733062744140625">
        <ele>7.400000095367431640625</ele>
        <time>2025-10-06T07:08:39.000Z</time>
        <extensions>
          <ns3:TrackPointExtension>
            <ns3:atemp>19.0</ns3:atemp>
            <ns3:hr>121</ns3:hr>
          </ns3:TrackPointExtension>
        </extensions>
      </trkpt>
      <trkpt lat="59.9869541823863983154296875" lon="30.35704943351447582244873046875">
        <ele>7.19999980926513671875</ele>
        <time>2025-10-06T07:08:41.000Z</time>
        <extensions>
          <ns3:TrackPointExtension>
            <ns3:atemp>19.0</ns3:atemp>
            <ns3:hr>120</ns3:hr>
          </ns3:TrackPointExtension>
        </extensions>
      </trkpt>
      <trkpt lat="59.98694823123514652252197265625" lon="30.3569202683866024017333984375">
        <ele>7.19999980926513671875</ele>
        <time>2025-10-06T07:08:44.000Z</time>
        <extensions>
          <ns3:TrackPointExtension>
            <ns3:atemp>19.0</ns3:atemp>
            <ns3:hr>118</ns3:hr>
          </ns3:TrackPointExtension>
        </extensions>
      </trkpt>
      <trkpt lat="59.98691118322312831878662109375" lon="30.3568354435265064239501953125">
        <ele>7.19999980926513671875</ele>
        <time>2025-10-06T07:08:46.000Z</time>
        <extensions>
          <ns3:TrackPointExtension>
            <ns3:atemp>19.0</ns3:atemp>
            <ns3:hr>122</ns3:hr>
          </ns3:TrackPointExtension>
        </extensions>
      </trkpt>
      <trkpt lat="59.98684546910226345062255859375" lon="30.35669135861098766326904296875">
        <ele>7.19999980926513671875</ele>
        <time>2025-10-06T07:08:49.000Z</time>
        <extensions>
          <ns3:TrackPointExtension>
            <ns3:atemp>19.0</ns3:atemp>
            <ns3:hr>119</ns3:hr>
          </ns3:TrackPointExtension>
        </extensions>
      </trkpt>
      <trkpt lat="59.986746646463871002197265625" lon="30.35660753957927227020263671875">
        <ele>7.599999904632568359375</ele>
        <time>2025-10-06T07:08:54.000Z</time>
        <extensions>
          <ns3:TrackPointExtension>
            <ns3:atemp>19.0</ns3:atemp>
            <ns3:hr>119</ns3:hr>
          </ns3:TrackPointExtension>
        </extensions>
      </trkpt>
      <trkpt lat="59.9867005459964275360107421875" lon="30.3566010855138301849365234375">
        <ele>7.599999904632568359375</ele>
        <time>2025-10-06T07:08:57.000Z</time>
        <extensions>
          <ns3:TrackPointExtension>
            <ns3:atemp>19.0</ns3:atemp>
            <ns3:hr>116</ns3:hr>
          </ns3:TrackPointExtension>
        </extensions>
      </trkpt>
      <trkpt lat="59.9866834469139575958251953125" lon="30.35663184709846973419189453125">
        <ele>6.599999904632568359375</ele>
        <time>2025-10-06T07:09:00.000Z</time>
        <extensions>
          <ns3:TrackPointExtension>
            <ns3:atemp>19.0</ns3:atemp>
            <ns3:hr>116</ns3:hr>
          </ns3:TrackPointExtension>
        </extensions>
      </trkpt>
      <trkpt lat="59.98667280189692974090576171875" lon="30.35666068084537982940673828125">
        <ele>6.19999980926513671875</ele>
        <time>2025-10-06T07:09:03.000Z</time>
        <extensions>
          <ns3:TrackPointExtension>
            <ns3:atemp>19.0</ns3:atemp>
            <ns3:hr>115</ns3:hr>
          </ns3:TrackPointExtension>
        </extensions>
      </trkpt>
      <trkpt lat="59.98664547689259052276611328125" lon="30.356680043041706085205078125">
        <ele>6</ele>
        <time>2025-10-06T07:09:04.000Z</time>
        <extensions>
          <ns3:TrackPointExtension>
            <ns3:atemp>19.0</ns3:atemp>
            <ns3:hr>114</ns3:hr>
          </ns3:TrackPointExtension>
        </extensions>
      </trkpt>
      <trkpt lat="59.9866127036511898040771484375" lon="30.35665892064571380615234375">
        <ele>6</ele>
        <time>2025-10-06T07:09:05.000Z</time>
        <extensions>
          <ns3:TrackPointExtension>
            <ns3:atemp>19.0</ns3:atemp>
            <ns3:hr>114</ns3:hr>
          </ns3:TrackPointExtension>
        </extensions>
      </trkpt>
      <trkpt lat="59.98659987933933734893798828125" lon="30.35660401917994022369384765625">
        <ele>6</ele>
        <time>2025-10-06T07:09:06.000Z</time>
        <extensions>
          <ns3:TrackPointExtension>
            <ns3:atemp>19.0</ns3:atemp>
            <ns3:hr>114</ns3:hr>
          </ns3:TrackPointExtension>
        </extensions>
      </trkpt>
      <trkpt lat="59.9865952692925930023193359375" lon="30.35653017461299896240234375">
        <ele>6</ele>
        <time>2025-10-06T07:09:07.000Z</time>
        <extensions>
          <ns3:TrackPointExtension>
            <ns3:atemp>19.0</ns3:atemp>
            <ns3:hr>118</ns3:hr>
          </ns3:TrackPointExtension>
        </extensions>
      </trkpt>
      <trkpt lat="59.986588060855865478515625" lon="30.35644643940031528472900390625">
        <ele>6</ele>
        <time>2025-10-06T07:09:08.000Z</time>
        <extensions>
          <ns3:TrackPointExtension>
            <ns3:atemp>19.0</ns3:atemp>
            <ns3:hr>118</ns3:hr>
          </ns3:TrackPointExtension>
        </extensions>
      </trkpt>
      <trkpt lat="59.98652628622949123382568359375" lon="30.35574420355260372161865234375">
        <ele>4.80000019073486328125</ele>
        <time>2025-10-06T07:09:15.000Z</time>
        <extensions>
          <ns3:TrackPointExtension>
            <ns3:atemp>19.0</ns3:atemp>
            <ns3:hr>118</ns3:hr>
          </ns3:TrackPointExtension>
        </extensions>
      </trkpt>
      <trkpt lat="59.98646040447056293487548828125" lon="30.3550407104194164276123046875">
        <ele>4</ele>
        <time>2025-10-06T07:09:21.000Z</time>
        <extensions>
          <ns3:TrackPointExtension>
            <ns3:atemp>19.0</ns3:atemp>
            <ns3:hr>112</ns3:hr>
          </ns3:TrackPointExtension>
        </extensions>
      </trkpt>
      <trkpt lat="59.98644749633967876434326171875" lon="30.3549153171479701995849609375">
        <ele>3.400000095367431640625</ele>
        <time>2025-10-06T07:09:22.000Z</time>
        <extensions>
          <ns3:TrackPointExtension>
            <ns3:atemp>19.0</ns3:atemp>
            <ns3:hr>110</ns3:hr>
          </ns3:TrackPointExtension>
        </extensions>
      </trkpt>
      <trkpt lat="59.98642050661146640777587890625" lon="30.35463192500174045562744140625">
        <ele>3.2000000476837158203125</ele>
        <time>2025-10-06T07:09:24.000Z</time>
        <extensions>
          <ns3:TrackPointExtension>
            <ns3:atemp>19.0</ns3:atemp>
            <ns3:hr>109</ns3:hr>
          </ns3:TrackPointExtension>
        </extensions>
      </trkpt>
      <trkpt lat="59.9863079376518726348876953125" lon="30.35349617712199687957763671875">
        <ele>2.2000000476837158203125</ele>
        <time>2025-10-06T07:09:33.000Z</time>
        <extensions>
          <ns3:TrackPointExtension>
            <ns3:atemp>18.0</ns3:atemp>
            <ns3:hr>113</ns3:hr>
          </ns3:TrackPointExtension>
        </extensions>
      </trkpt>
      <trkpt lat="59.98628430068492889404296875" lon="30.3532867133617401123046875">
        <ele>2</ele>
        <time>2025-10-06T07:09:35.000Z</time>
        <extensions>
          <ns3:TrackPointExtension>
            <ns3:atemp>18.0</ns3:atemp>
            <ns3:hr>112</ns3:hr>
          </ns3:TrackPointExtension>
        </extensions>
      </trkpt>
      <trkpt lat="59.98626460321247577667236328125" lon="30.353090576827526092529296875">
        <ele>2</ele>
        <time>2025-10-06T07:09:37.000Z</time>
        <extensions>
          <ns3:TrackPointExtension>
            <ns3:atemp>18.0</ns3:atemp>
            <ns3:hr>115</ns3:hr>
          </ns3:TrackPointExtension>
        </extensions>
      </trkpt>
      <trkpt lat="59.98624180443584918975830078125" lon="30.35288044251501560211181640625">
        <ele>1.7999999523162841796875</ele>
        <time>2025-10-06T07:09:40.000Z</time>
        <extensions>
          <ns3:TrackPointExtension>
            <ns3:atemp>18.0</ns3:atemp>
            <ns3:hr>117</ns3:hr>
          </ns3:TrackPointExtension>
        </extensions>
      </trkpt>
      <trkpt lat="59.9862147308886051177978515625" lon="30.35262630321085453033447265625">
        <ele>1.7999999523162841796875</ele>
        <time>2025-10-06T07:09:45.000Z</time>
        <extensions>
          <ns3:TrackPointExtension>
            <ns3:atemp>18.0</ns3:atemp>
            <ns3:hr>115</ns3:hr>
          </ns3:TrackPointExtension>
        </extensions>
      </trkpt>
      <trkpt lat="59.98617927543818950653076171875" lon="30.35228080116212368011474609375">
        <ele>1.7999999523162841796875</ele>
        <time>2025-10-06T07:09:49.000Z</time>
        <extensions>
          <ns3:TrackPointExtension>
            <ns3:atemp>18.0</ns3:atemp>
            <ns3:hr>116</ns3:hr>
          </ns3:TrackPointExtension>
        </extensions>
      </trkpt>
      <trkpt lat="59.986119009554386138916015625" lon="30.35166389308869838714599609375">
        <ele>1.2000000476837158203125</ele>
        <time>2025-10-06T07:09:54.000Z</time>
        <extensions>
          <ns3:TrackPointExtension>
            <ns3:atemp>18.0</ns3:atemp>
            <ns3:hr>113</ns3:hr>
          </ns3:TrackPointExtension>
        </extensions>
      </trkpt>
      <trkpt lat="59.98610735870897769927978515625" lon="30.3515320457518100738525390625">
        <ele>1.2000000476837158203125</ele>
        <time>2025-10-06T07:09:55.000Z</time>
        <extensions>
          <ns3:TrackPointExtension>
            <ns3:atemp>18.0</ns3:atemp>
            <ns3:hr>114</ns3:hr>
          </ns3:TrackPointExtension>
        </extensions>
      </trkpt>
      <trkpt lat="59.98609495349228382110595703125" lon="30.3514016233384609222412109375">
        <ele>1.2000000476837158203125</ele>
        <time>2025-10-06T07:09:56.000Z</time>
        <extensions>
          <ns3:TrackPointExtension>
            <ns3:atemp>18.0</ns3:atemp>
            <ns3:hr>114</ns3:hr>
          </ns3:TrackPointExtension>
        </extensions>
      </trkpt>
      <trkpt lat="59.9860703945159912109375" lon="30.3511491604149341583251953125">
        <ele>1</ele>
        <time>2025-10-06T07:09:58.000Z</time>
        <extensions>
          <ns3:TrackPointExtension>
            <ns3:atemp>18.0</ns3:atemp>
            <ns3:hr>117</ns3:hr>
          </ns3:TrackPointExtension>
        </extensions>
      </trkpt>
      <trkpt lat="59.98601582832634449005126953125" lon="30.3505553863942623138427734375">
        <ele>1</ele>
        <time>2025-10-06T07:10:03.000Z</time>
        <extensions>
          <ns3:TrackPointExtension>
            <ns3:atemp>18.0</ns3:atemp>
            <ns3:hr>113</ns3:hr>
          </ns3:TrackPointExtension>
        </extensions>
      </trkpt>
      <trkpt lat="59.98598414473235607147216796875" lon="30.35021231509745121002197265625">
        <ele>1.2000000476837158203125</ele>
        <time>2025-10-06T07:10:06.000Z</time>
        <extensions>
          <ns3:TrackPointExtension>
            <ns3:atemp>18.0</ns3:atemp>
            <ns3:hr>114</ns3:hr>
          </ns3:TrackPointExtension>
        </extensions>
      </trkpt>
      <trkpt lat="59.985935278236865997314453125" lon="30.34964251331984996795654296875">
        <ele>1.60000002384185791015625</ele>
        <time>2025-10-06T07:10:12.000Z</time>
        <extensions>
          <ns3:TrackPointExtension>
            <ns3:atemp>18.0</ns3:atemp>
            <ns3:hr>114</ns3:hr>
          </ns3:TrackPointExtension>
        </extensions>
      </trkpt>
      <trkpt lat="59.9859166704118251800537109375" lon="30.3494509868323802947998046875">
        <ele>1.2000000476837158203125</ele>
        <time>2025-10-06T07:10:17.000Z</time>
        <extensions>
          <ns3:TrackPointExtension>
            <ns3:atemp>18.0</ns3:atemp>
            <ns3:hr>114</ns3:hr>
          </ns3:TrackPointExtension>
        </extensions>
      </trkpt>
      <trkpt lat="59.9859146587550640106201171875" lon="30.34941988997161388397216796875">
        <ele>1.2000000476837158203125</ele>
        <time>2025-10-06T07:10:18.000Z</time>
        <extensions>
          <ns3:TrackPointExtension>
            <ns3:atemp>18.0</ns3:atemp>
            <ns3:hr>117</ns3:hr>
          </ns3:TrackPointExtension>
        </extensions>
      </trkpt>
      <trkpt lat="59.9859054386615753173828125" lon="30.3493336401879787445068359375">
        <ele>1</ele>
        <time>2025-10-06T07:10:22.000Z</time>
        <extensions>
          <ns3:TrackPointExtension>
            <ns3:atemp>18.0</ns3:atemp>
            <ns3:hr>116</ns3:hr>
          </ns3:TrackPointExtension>
        </extensions>
      </trkpt>
      <trkpt lat="59.98587920330464839935302734375" lon="30.349037088453769683837890625">
        <ele>0.4000000059604644775390625</ele>
        <time>2025-10-06T07:10:26.000Z</time>
        <extensions>
          <ns3:TrackPointExtension>
            <ns3:atemp>18.0</ns3:atemp>
            <ns3:hr>117</ns3:hr>
          </ns3:TrackPointExtension>
        </extensions>
      </trkpt>
      <trkpt lat="59.98586797155439853668212890625" lon="30.3489366732537746429443359375">
        <ele>-0.20000000298023223876953125</ele>
        <time>2025-10-06T07:10:27.000Z</time>
        <extensions>
          <ns3:TrackPointExtension>
            <ns3:atemp>18.0</ns3:atemp>
            <ns3:hr>117</ns3:hr>
          </ns3:TrackPointExtension>
        </extensions>
      </trkpt>
      <trkpt lat="59.98580695129930973052978515625" lon="30.34840366803109645843505859375">
        <ele>0.20000000298023223876953125</ele>
        <time>2025-10-06T07:10:32.000Z</time>
        <extensions>
          <ns3:TrackPointExtension>
            <ns3:atemp>18.0</ns3:atemp>
            <ns3:hr>118</ns3:hr>
          </ns3:TrackPointExtension>
        </extensions>
      </trkpt>
      <trkpt lat="59.9857074581086635589599609375" lon="30.3473172895610332489013671875">
        <ele>0.20000000298023223876953125</ele>
        <time>2025-10-06T07:10:41.000Z</time>
        <extensions>
          <ns3:TrackPointExtension>
            <ns3:atemp>18.0</ns3:atemp>
            <ns3:hr>119</ns3:hr>
          </ns3:TrackPointExtension>
        </extensions>
      </trkpt>
      <trkpt lat="59.9856963939964771270751953125" lon="30.347196422517299652099609375">
        <ele>0.20000000298023223876953125</ele>
        <time>2025-10-06T07:10:42.000Z</time>
        <extensions>
          <ns3:TrackPointExtension>
            <ns3:atemp>18.0</ns3:atemp>
            <ns3:hr>118</ns3:hr>
          </ns3:TrackPointExtension>
        </extensions>
      </trkpt>
      <trkpt lat="59.98562942259013652801513671875" lon="30.34647247754037380218505859375">
        <ele>-0.20000000298023223876953125</ele>
        <time>2025-10-06T07:10:48.000Z</time>
        <extensions>
          <ns3:TrackPointExtension>
            <ns3:atemp>18.0</ns3:atemp>
            <ns3:hr>118</ns3:hr>
          </ns3:TrackPointExtension>
        </extensions>
      </trkpt>
      <trkpt lat="59.985549710690975189208984375" lon="30.34564719535410404205322265625">
        <ele>-1</ele>
        <time>2025-10-06T07:10:56.000Z</time>
        <extensions>
          <ns3:TrackPointExtension>
            <ns3:atemp>18.0</ns3:atemp>
            <ns3:hr>119</ns3:hr>
          </ns3:TrackPointExtension>
        </extensions>
      </trkpt>
      <trkpt lat="59.98551911674439907073974609375" lon="30.34545910544693470001220703125">
        <ele>-1.2000000476837158203125</ele>
        <time>2025-10-06T07:10:58.000Z</time>
        <extensions>
          <ns3:TrackPointExtension>
            <ns3:atemp>18.0</ns3:atemp>
            <ns3:hr>117</ns3:hr>
          </ns3:TrackPointExtension>
        </extensions>
      </trkpt>
      <trkpt lat="59.98548123054206371307373046875" lon="30.34525592811405658721923828125">
        <ele>-1.39999997615814208984375</ele>
        <time>2025-10-06T07:11:00.000Z</time>
        <extensions>
          <ns3:TrackPointExtension>
            <ns3:atemp>18.0</ns3:atemp>
            <ns3:hr>118</ns3:hr>
          </ns3:TrackPointExtension>
        </extensions>
      </trkpt>
      <trkpt lat="59.9854543246328830718994140625" lon="30.3450524993240833282470703125">
        <ele>-1.39999997615814208984375</ele>
        <time>2025-10-06T07:11:02.000Z</time>
        <extensions>
          <ns3:TrackPointExtension>
            <ns3:atemp>18.0</ns3:atemp>
            <ns3:hr>118</ns3:hr>
          </ns3:TrackPointExtension>
        </extensions>
      </trkpt>
      <trkpt lat="59.98542171902954578399658203125" lon="30.34472174942493438720703125">
        <ele>-1.60000002384185791015625</ele>
        <time>2025-10-06T07:11:05.000Z</time>
        <extensions>
          <ns3:TrackPointExtension>
            <ns3:atemp>18.0</ns3:atemp>
            <ns3:hr>120</ns3:hr>
          </ns3:TrackPointExtension>
        </extensions>
      </trkpt>
      <trkpt lat="59.98540948145091533660888671875" lon="30.34437281079590320587158203125">
        <ele>-1.7999999523162841796875</ele>
        <time>2025-10-06T07:11:08.000Z</time>
        <extensions>
          <ns3:TrackPointExtension>
            <ns3:atemp>18.0</ns3:atemp>
            <ns3:hr>118</ns3:hr>
          </ns3:TrackPointExtension>
        </extensions>
      </trkpt>
      <trkpt lat="59.98535432852804660797119140625" lon="30.34381675533950328826904296875">
        <ele>-1.60000002384185791015625</ele>
        <time>2025-10-06T07:11:13.000Z</time>
        <extensions>
          <ns3:TrackPointExtension>
            <ns3:atemp>18.0</ns3:atemp>
            <ns3:hr>115</ns3:hr>
          </ns3:TrackPointExtension>
        </extensions>
      </trkpt>
      <trkpt lat="59.98533806763589382171630859375" lon="30.343633107841014862060546875">
        <ele>-1.60000002384185791015625</ele>
        <time>2025-10-06T07:11:15.000Z</time>
        <extensions>
          <ns3:TrackPointExtension>
            <ns3:atemp>18.0</ns3:atemp>
            <ns3:hr>116</ns3:hr>
          </ns3:TrackPointExtension>
        </extensions>
      </trkpt>
      <trkpt lat="59.9852984212338924407958984375" lon="30.3431157767772674560546875">
        <ele>-2.400000095367431640625</ele>
        <time>2025-10-06T07:11:21.000Z</time>
        <extensions>
          <ns3:TrackPointExtension>
            <ns3:atemp>18.0</ns3:atemp>
            <ns3:hr>112</ns3:hr>
          </ns3:TrackPointExtension>
        </extensions>
      </trkpt>
      <trkpt lat="59.98529682867228984832763671875" lon="30.342990048229694366455078125">
        <ele>-2.599999904632568359375</ele>
        <time>2025-10-06T07:11:23.000Z</time>
        <extensions>
          <ns3:TrackPointExtension>
            <ns3:atemp>18.0</ns3:atemp>
            <ns3:hr>114</ns3:hr>
          </ns3:TrackPointExtension>
        </extensions>
      </trkpt>
      <trkpt lat="59.98529649339616298675537109375" lon="30.34293808043003082275390625">
        <ele>-2.7999999523162841796875</ele>
        <time>2025-10-06T07:11:24.000Z</time>
        <extensions>
          <ns3:TrackPointExtension>
            <ns3:atemp>18.0</ns3:atemp>
            <ns3:hr>109</ns3:hr>
          </ns3:TrackPointExtension>
        </extensions>
      </trkpt>
      <trkpt lat="59.98529481701552867889404296875" lon="30.3428958356380462646484375">
        <ele>-2.7999999523162841796875</ele>
        <time>2025-10-06T07:11:25.000Z</time>
        <extensions>
          <ns3:TrackPointExtension>
            <ns3:atemp>18.0</ns3:atemp>
            <ns3:hr>103</ns3:hr>
          </ns3:TrackPointExtension>
        </extensions>
      </trkpt>
      <trkpt lat="59.98529951088130474090576171875" lon="30.3428594581782817840576171875">
        <ele>-3</ele>
        <time>2025-10-06T07:11:26.000Z</time>
        <extensions>
          <ns3:TrackPointExtension>
            <ns3:atemp>18.0</ns3:atemp>
            <ns3:hr>103</ns3:hr>
          </ns3:TrackPointExtension>
        </extensions>
      </trkpt>
      <trkpt lat="59.985306300222873687744140625" lon="30.3428235836327075958251953125">
        <ele>-3</ele>
        <time>2025-10-06T07:11:27.000Z</time>
        <extensions>
          <ns3:TrackPointExtension>
            <ns3:atemp>18.0</ns3:atemp>
            <ns3:hr>100</ns3:hr>
          </ns3:TrackPointExtension>
        </extensions>
      </trkpt>
      <trkpt lat="59.98531241901218891143798828125" lon="30.34282064996659755706787109375">
        <ele>-3.2000000476837158203125</ele>
        <time>2025-10-06T07:11:28.000Z</time>
        <extensions>
          <ns3:TrackPointExtension>
            <ns3:atemp>18.0</ns3:atemp>
            <ns3:hr>89</ns3:hr>
          </ns3:TrackPointExtension>
        </extensions>
      </trkpt>
      <trkpt lat="59.98531644232571125030517578125" lon="30.34282517619431018829345703125">
        <ele>-3.2000000476837158203125</ele>
        <time>2025-10-06T07:11:29.000Z</time>
        <extensions>
          <ns3:TrackPointExtension>
            <ns3:atemp>18.0</ns3:atemp>
            <ns3:hr>89</ns3:hr>
          </ns3:TrackPointExtension>
        </extensions>
      </trkpt>
      <trkpt lat="59.98531141318380832672119140625" lon="30.342830121517181396484375">
        <ele>-3.400000095367431640625</ele>
        <time>2025-10-06T07:11:30.000Z</time>
        <extensions>
          <ns3:TrackPointExtension>
            <ns3:atemp>18.0</ns3:atemp>
            <ns3:hr>85</ns3:hr>
          </ns3:TrackPointExtension>
        </extensions>
      </trkpt>
      <trkpt lat="59.98531065881252288818359375" lon="30.3428323008120059967041015625">
        <ele>-3.400000095367431640625</ele>
        <time>2025-10-06T07:11:31.000Z</time>
        <extensions>
          <ns3:TrackPointExtension>
            <ns3:atemp>18.0</ns3:atemp>
            <ns3:hr>74</ns3:hr>
          </ns3:TrackPointExtension>
        </extensions>
      </trkpt>
      <trkpt lat="59.98530261218547821044921875" lon="30.34281059168279170989990234375">
        <ele>-3.599999904632568359375</ele>
        <time>2025-10-06T07:11:32.000Z</time>
        <extensions>
          <ns3:TrackPointExtension>
            <ns3:atemp>18.0</ns3:atemp>
            <ns3:hr>74</ns3:hr>
          </ns3:TrackPointExtension>
        </extensions>
      </trkpt>
      <trkpt lat="59.98528660275042057037353515625" lon="30.34273146651685237884521484375">
        <ele>-3.2000000476837158203125</ele>
        <time>2025-10-06T07:11:37.000Z</time>
        <extensions>
          <ns3:TrackPointExtension>
            <ns3:atemp>18.0</ns3:atemp>
            <ns3:hr>77</ns3:hr>
          </ns3:TrackPointExtension>
        </extensions>
      </trkpt>
      <trkpt lat="59.98525927774608135223388671875" lon="30.3425986133515834808349609375">
        <ele>-3.2000000476837158203125</ele>
        <time>2025-10-06T07:11:42.000Z</time>
        <extensions>
          <ns3:TrackPointExtension>
            <ns3:atemp>18.0</ns3:atemp>
            <ns3:hr>77</ns3:hr>
          </ns3:TrackPointExtension>
        </extensions>
      </trkpt>
      <trkpt lat="59.985246956348419189453125" lon="30.34257288090884685516357421875">
        <ele>-3.2000000476837158203125</ele>
        <time>2025-10-06T07:11:45.000Z</time>
        <extensions>
          <ns3:TrackPointExtension>
            <ns3:atemp>18.0</ns3:atemp>
            <ns3:hr>80</ns3:hr>
          </ns3:TrackPointExtension>
        </extensions>
      </trkpt>
      <trkpt lat="59.98524268157780170440673828125" lon="30.3425805084407329559326171875">
        <ele>-3</ele>
        <time>2025-10-06T07:11:49.000Z</time>
        <extensions>
          <ns3:TrackPointExtension>
            <ns3:atemp>18.0</ns3:atemp>
            <ns3:hr>83</ns3:hr>
          </ns3:TrackPointExtension>
        </extensions>
      </trkpt>
      <trkpt lat="59.985242597758769989013671875" lon="30.3425835259258747100830078125">
        <ele>-3</ele>
        <time>2025-10-06T07:11:50.000Z</time>
        <extensions>
          <ns3:TrackPointExtension>
            <ns3:atemp>18.0</ns3:atemp>
            <ns3:hr>83</ns3:hr>
          </ns3:TrackPointExtension>
        </extensions>
      </trkpt>
      <trkpt lat="59.9852441065013408660888671875" lon="30.34259567968547344207763671875">
        <ele>-3.2000000476837158203125</ele>
        <time>2025-10-06T07:11:59.000Z</time>
        <extensions>
          <ns3:TrackPointExtension>
            <ns3:atemp>18.0</ns3:atemp>
            <ns3:hr>84</ns3:hr>
          </ns3:TrackPointExtension>
        </extensions>
      </trkpt>
      <trkpt lat="59.98523932881653308868408203125" lon="30.342598445713520050048828125">
        <ele>-3</ele>
        <time>2025-10-06T07:12:10.000Z</time>
        <extensions>
          <ns3:TrackPointExtension>
            <ns3:atemp>18.0</ns3:atemp>
            <ns3:hr>84</ns3:hr>
          </ns3:TrackPointExtension>
        </extensions>
      </trkpt>
      <trkpt lat="59.98523832298815250396728515625" lon="30.34259802661836147308349609375">
        <ele>-3</ele>
        <time>2025-10-06T07:12:16.000Z</time>
        <extensions>
          <ns3:TrackPointExtension>
            <ns3:atemp>18.0</ns3:atemp>
            <ns3:hr>86</ns3:hr>
          </ns3:TrackPointExtension>
        </extensions>
      </trkpt>
      <trkpt lat="59.985234551131725311279296875" lon="30.34253046847879886627197265625">
        <ele>-2.7999999523162841796875</ele>
        <time>2025-10-06T07:12:18.000Z</time>
        <extensions>
          <ns3:TrackPointExtension>
            <ns3:atemp>18.0</ns3:atemp>
            <ns3:hr>88</ns3:hr>
          </ns3:TrackPointExtension>
        </extensions>
      </trkpt>
      <trkpt lat="59.98522725887596607208251953125" lon="30.342332236468791961669921875">
        <ele>-2.599999904632568359375</ele>
        <time>2025-10-06T07:12:21.000Z</time>
        <extensions>
          <ns3:TrackPointExtension>
            <ns3:atemp>18.0</ns3:atemp>
            <ns3:hr>92</ns3:hr>
          </ns3:TrackPointExtension>
        </extensions>
      </trkpt>
      <trkpt lat="59.9852196313440799713134765625" lon="30.34224263392388820648193359375">
        <ele>-2.599999904632568359375</ele>
        <time>2025-10-06T07:12:22.000Z</time>
        <extensions>
          <ns3:TrackPointExtension>
            <ns3:atemp>18.0</ns3:atemp>
            <ns3:hr>93</ns3:hr>
          </ns3:TrackPointExtension>
        </extensions>
      </trkpt>
      <trkpt lat="59.985203035175800323486328125" lon="30.342068709433078765869140625">
        <ele>-2.400000095367431640625</ele>
        <time>2025-10-06T07:12:24.000Z</time>
        <extensions>
          <ns3:TrackPointExtension>
            <ns3:atemp>18.0</ns3:atemp>
            <ns3:hr>94</ns3:hr>
          </ns3:TrackPointExtension>
        </extensions>
      </trkpt>
      <trkpt lat="59.98519473709166049957275390625" lon="30.34199469722807407379150390625">
        <ele>-2.2000000476837158203125</ele>
        <time>2025-10-06T07:12:25.000Z</time>
        <extensions>
          <ns3:TrackPointExtension>
            <ns3:atemp>18.0</ns3:atemp>
            <ns3:hr>103</ns3:hr>
          </ns3:TrackPointExtension>
        </extensions>
      </trkpt>
      <trkpt lat="59.98518568463623523712158203125" lon="30.34192596562206745147705078125">
        <ele>-2</ele>
        <time>2025-10-06T07:12:26.000Z</time>
        <extensions>
          <ns3:TrackPointExtension>
            <ns3:atemp>18.0</ns3:atemp>
            <ns3:hr>103</ns3:hr>
          </ns3:TrackPointExtension>
        </extensions>
      </trkpt>
      <trkpt lat="59.98517177067697048187255859375" lon="30.34184516407549381256103515625">
        <ele>-1.7999999523162841796875</ele>
        <time>2025-10-06T07:12:27.000Z</time>
        <extensions>
          <ns3:TrackPointExtension>
            <ns3:atemp>18.0</ns3:atemp>
            <ns3:hr>106</ns3:hr>
          </ns3:TrackPointExtension>
        </extensions>
      </trkpt>
      <trkpt lat="59.9851597845554351806640625" lon="30.3417507000267505645751953125">
        <ele>-1.7999999523162841796875</ele>
        <time>2025-10-06T07:12:28.000Z</time>
        <extensions>
          <ns3:TrackPointExtension>
            <ns3:atemp>18.0</ns3:atemp>
            <ns3:hr>110</ns3:hr>
          </ns3:TrackPointExtension>
        </extensions>
      </trkpt>
      <trkpt lat="59.98514235019683837890625" lon="30.34152531065046787261962890625">
        <ele>-2</ele>
        <time>2025-10-06T07:12:30.000Z</time>
        <extensions>
          <ns3:TrackPointExtension>
            <ns3:atemp>18.0</ns3:atemp>
            <ns3:hr>112</ns3:hr>
          </ns3:TrackPointExtension>
        </extensions>
      </trkpt>
      <trkpt lat="59.9851073138415813446044921875" lon="30.34115969203412532806396484375">
        <ele>-2</ele>
        <time>2025-10-06T07:12:33.000Z</time>
        <extensions>
          <ns3:TrackPointExtension>
            <ns3:atemp>18.0</ns3:atemp>
            <ns3:hr>114</ns3:hr>
          </ns3:TrackPointExtension>
        </extensions>
      </trkpt>
      <trkpt lat="59.98499818146228790283203125" lon="30.3400478325784206390380859375">
        <ele>-2.2000000476837158203125</ele>
        <time>2025-10-06T07:12:42.000Z</time>
        <extensions>
          <ns3:TrackPointExtension>
            <ns3:atemp>18.0</ns3:atemp>
            <ns3:hr>116</ns3:hr>
          </ns3:TrackPointExtension>
        </extensions>
      </trkpt>
      <trkpt lat="59.98487471602857112884521484375" lon="30.33899531699717044830322265625">
        <ele>-1.60000002384185791015625</ele>
        <time>2025-10-06T07:12:51.000Z</time>
        <extensions>
          <ns3:TrackPointExtension>
            <ns3:atemp>18.0</ns3:atemp>
            <ns3:hr>114</ns3:hr>
          </ns3:TrackPointExtension>
        </extensions>
      </trkpt>
      <trkpt lat="59.98483012430369853973388671875" lon="30.338684432208538055419921875">
        <ele>-2</ele>
        <time>2025-10-06T07:12:54.000Z</time>
        <extensions>
          <ns3:TrackPointExtension>
            <ns3:atemp>18.0</ns3:atemp>
            <ns3:hr>111</ns3:hr>
          </ns3:TrackPointExtension>
        </extensions>
      </trkpt>
      <trkpt lat="59.98479894362390041351318359375" lon="30.33841093070805072784423828125">
        <ele>-2.599999904632568359375</ele>
        <time>2025-10-06T07:12:57.000Z</time>
        <extensions>
          <ns3:TrackPointExtension>
            <ns3:atemp>18.0</ns3:atemp>
            <ns3:hr>115</ns3:hr>
          </ns3:TrackPointExtension>
        </extensions>
      </trkpt>
      <trkpt lat="59.98475032858550548553466796875" lon="30.3380003012716770172119140625">
        <ele>-2.7999999523162841796875</ele>
        <time>2025-10-06T07:13:01.000Z</time>
        <extensions>
          <ns3:TrackPointExtension>
            <ns3:atemp>18.0</ns3:atemp>
            <ns3:hr>112</ns3:hr>
          </ns3:TrackPointExtension>
        </extensions>
      </trkpt>
      <trkpt lat="59.9847163818776607513427734375" lon="30.3375517018139362335205078125">
        <ele>-3.400000095367431640625</ele>
        <time>2025-10-06T07:13:05.000Z</time>
        <extensions>
          <ns3:TrackPointExtension>
            <ns3:atemp>18.0</ns3:atemp>
            <ns3:hr>113</ns3:hr>
          </ns3:TrackPointExtension>
        </extensions>
      </trkpt>
      <trkpt lat="59.98470523394644260406494140625" lon="30.33743946813046932220458984375">
        <ele>-3.400000095367431640625</ele>
        <time>2025-10-06T07:13:06.000Z</time>
        <extensions>
          <ns3:TrackPointExtension>
            <ns3:atemp>18.0</ns3:atemp>
            <ns3:hr>113</ns3:hr>
          </ns3:TrackPointExtension>
        </extensions>
      </trkpt>
      <trkpt lat="59.98465192504227161407470703125" lon="30.337004028260707855224609375">
        <ele>-3.2000000476837158203125</ele>
        <time>2025-10-06T07:13:11.000Z</time>
        <extensions>
          <ns3:TrackPointExtension>
            <ns3:atemp>18.0</ns3:atemp>
            <ns3:hr>113</ns3:hr>
          </ns3:TrackPointExtension>
        </extensions>
      </trkpt>
      <trkpt lat="59.984616301953792572021484375" lon="30.33672868274152278900146484375">
        <ele>-3.400000095367431640625</ele>
        <time>2025-10-06T07:13:14.000Z</time>
        <extensions>
          <ns3:TrackPointExtension>
            <ns3:atemp>18.0</ns3:atemp>
            <ns3:hr>114</ns3:hr>
          </ns3:TrackPointExtension>
        </extensions>
      </trkpt>
      <trkpt lat="59.98460079543292522430419921875" lon="30.3365569375455379486083984375">
        <ele>-3.599999904632568359375</ele>
        <time>2025-10-06T07:13:16.000Z</time>
        <extensions>
          <ns3:TrackPointExtension>
            <ns3:atemp>18.0</ns3:atemp>
            <ns3:hr>114</ns3:hr>
          </ns3:TrackPointExtension>
        </extensions>
      </trkpt>
      <trkpt lat="59.98457036912441253662109375" lon="30.3361482359468936920166015625">
        <ele>-3.7999999523162841796875</ele>
        <time>2025-10-06T07:13:20.000Z</time>
        <extensions>
          <ns3:TrackPointExtension>
            <ns3:atemp>18.0</ns3:atemp>
            <ns3:hr>112</ns3:hr>
          </ns3:TrackPointExtension>
        </extensions>
      </trkpt>
      <trkpt lat="59.98456123284995555877685546875" lon="30.33592921681702136993408203125">
        <ele>-3.7999999523162841796875</ele>
        <time>2025-10-06T07:13:22.000Z</time>
        <extensions>
          <ns3:TrackPointExtension>
            <ns3:atemp>18.0</ns3:atemp>
            <ns3:hr>112</ns3:hr>
          </ns3:TrackPointExtension>
        </extensions>
      </trkpt>
      <trkpt lat="59.9844920821487903594970703125" lon="30.33514626324176788330078125">
        <ele>-4.19999980926513671875</ele>
        <time>2025-10-06T07:13:28.000Z</time>
        <extensions>
          <ns3:TrackPointExtension>
            <ns3:atemp>18.0</ns3:atemp>
            <ns3:hr>113</ns3:hr>
          </ns3:TrackPointExtension>
        </extensions>
      </trkpt>
      <trkpt lat="59.98446500860154628753662109375" lon="30.33501324243843555450439453125">
        <ele>-4.400000095367431640625</ele>
        <time>2025-10-06T07:13:29.000Z</time>
        <extensions>
          <ns3:TrackPointExtension>
            <ns3:atemp>18.0</ns3:atemp>
            <ns3:hr>113</ns3:hr>
          </ns3:TrackPointExtension>
        </extensions>
      </trkpt>
      <trkpt lat="59.9844300560653209686279296875" lon="30.33488332293927669525146484375">
        <ele>-4.400000095367431640625</ele>
        <time>2025-10-06T07:13:30.000Z</time>
        <extensions>
          <ns3:TrackPointExtension>
            <ns3:atemp>18.0</ns3:atemp>
            <ns3:hr>113</ns3:hr>
          </ns3:TrackPointExtension>
        </extensions>
      </trkpt>
      <trkpt lat="59.98436006717383861541748046875" lon="30.334644354879856109619140625">
        <ele>-4.599999904632568359375</ele>
        <time>2025-10-06T07:13:32.000Z</time>
        <extensions>
          <ns3:TrackPointExtension>
            <ns3:atemp>18.0</ns3:atemp>
            <ns3:hr>114</ns3:hr>
          </ns3:TrackPointExtension>
        </extensions>
      </trkpt>
      <trkpt lat="59.9841403774917125701904296875" lon="30.3338653407990932464599609375">
        <ele>-4.19999980926513671875</ele>
        <time>2025-10-06T07:13:39.000Z</time>
        <extensions>
          <ns3:TrackPointExtension>
            <ns3:atemp>18.0</ns3:atemp>
            <ns3:hr>114</ns3:hr>
          </ns3:TrackPointExtension>
        </extensions>
      </trkpt>
      <trkpt lat="59.98410559259355068206787109375" lon="30.33377205021679401397705078125">
        <ele>-4.19999980926513671875</ele>
        <time>2025-10-06T07:13:40.000Z</time>
        <extensions>
          <ns3:TrackPointExtension>
            <ns3:atemp>18.0</ns3:atemp>
            <ns3:hr>117</ns3:hr>
          </ns3:TrackPointExtension>
        </extensions>
      </trkpt>
      <trkpt lat="59.98407013714313507080078125" lon="30.33368102274835109710693359375">
        <ele>-4.19999980926513671875</ele>
        <time>2025-10-06T07:13:41.000Z</time>
        <extensions>
          <ns3:TrackPointExtension>
            <ns3:atemp>18.0</ns3:atemp>
            <ns3:hr>114</ns3:hr>
          </ns3:TrackPointExtension>
        </extensions>
      </trkpt>
      <trkpt lat="59.98382764868438243865966796875" lon="30.33319638110697269439697265625">
        <ele>-4</ele>
        <time>2025-10-06T07:13:47.000Z</time>
        <extensions>
          <ns3:TrackPointExtension>
            <ns3:atemp>18.0</ns3:atemp>
            <ns3:hr>113</ns3:hr>
          </ns3:TrackPointExtension>
        </extensions>
      </trkpt>
      <trkpt lat="59.98340427875518798828125" lon="30.33235265873372554779052734375">
        <ele>-5.400000095367431640625</ele>
        <time>2025-10-06T07:13:57.000Z</time>
        <extensions>
          <ns3:TrackPointExtension>
            <ns3:atemp>18.0</ns3:atemp>
            <ns3:hr>111</ns3:hr>
          </ns3:TrackPointExtension>
        </extensions>
      </trkpt>
      <trkpt lat="59.98336345888674259185791015625" lon="30.33226682804524898529052734375">
        <ele>-5.599999904632568359375</ele>
        <time>2025-10-06T07:13:58.000Z</time>
        <extensions>
          <ns3:TrackPointExtension>
            <ns3:atemp>18.0</ns3:atemp>
            <ns3:hr>114</ns3:hr>
          </ns3:TrackPointExtension>
        </extensions>
      </trkpt>
      <trkpt lat="59.983071349561214447021484375" lon="30.33165729604661464691162109375">
        <ele>-6.19999980926513671875</ele>
        <time>2025-10-06T07:14:05.000Z</time>
        <extensions>
          <ns3:TrackPointExtension>
            <ns3:atemp>18.0</ns3:atemp>
            <ns3:hr>113</ns3:hr>
          </ns3:TrackPointExtension>
        </extensions>
      </trkpt>
      <trkpt lat="59.9828073196113109588623046875" lon="30.33104441128671169281005859375">
        <ele>-6.599999904632568359375</ele>
        <time>2025-10-06T07:14:12.000Z</time>
        <extensions>
          <ns3:TrackPointExtension>
            <ns3:atemp>18.0</ns3:atemp>
            <ns3:hr>115</ns3:hr>
          </ns3:TrackPointExtension>
        </extensions>
      </trkpt>
      <trkpt lat="59.9827028810977935791015625" lon="30.330798067152500152587890625">
        <ele>-6.80000019073486328125</ele>
        <time>2025-10-06T07:14:15.000Z</time>
        <extensions>
          <ns3:TrackPointExtension>
            <ns3:atemp>18.0</ns3:atemp>
            <ns3:hr>119</ns3:hr>
          </ns3:TrackPointExtension>
        </extensions>
      </trkpt>
      <trkpt lat="59.98263004235923290252685546875" lon="30.3306376375257968902587890625">
        <ele>-7</ele>
        <time>2025-10-06T07:14:17.000Z</time>
        <extensions>
          <ns3:TrackPointExtension>
            <ns3:atemp>18.0</ns3:atemp>
            <ns3:hr>116</ns3:hr>
          </ns3:TrackPointExtension>
        </extensions>
      </trkpt>
      <trkpt lat="59.98252392746508121490478515625" lon="30.330388359725475311279296875">
        <ele>-7.80000019073486328125</ele>
        <time>2025-10-06T07:14:20.000Z</time>
        <extensions>
          <ns3:TrackPointExtension>
            <ns3:atemp>18.0</ns3:atemp>
            <ns3:hr>114</ns3:hr>
          </ns3:TrackPointExtension>
        </extensions>
      </trkpt>
      <trkpt lat="59.9822031520307064056396484375" lon="30.32971235923469066619873046875">
        <ele>-7.80000019073486328125</ele>
        <time>2025-10-06T07:14:29.000Z</time>
        <extensions>
          <ns3:TrackPointExtension>
            <ns3:atemp>18.0</ns3:atemp>
            <ns3:hr>115</ns3:hr>
          </ns3:TrackPointExtension>
        </extensions>
      </trkpt>
      <trkpt lat="59.98187282122671604156494140625" lon="30.32925722189247608184814453125">
        <ele>-7.80000019073486328125</ele>
        <time>2025-10-06T07:14:36.000Z</time>
        <extensions>
          <ns3:TrackPointExtension>
            <ns3:atemp>18.0</ns3:atemp>
            <ns3:hr>118</ns3:hr>
          </ns3:TrackPointExtension>
        </extensions>
      </trkpt>
      <trkpt lat="59.98183459974825382232666015625" lon="30.32918714918196201324462890625">
        <ele>-8</ele>
        <time>2025-10-06T07:14:37.000Z</time>
        <extensions>
          <ns3:TrackPointExtension>
            <ns3:atemp>18.0</ns3:atemp>
            <ns3:hr>118</ns3:hr>
          </ns3:TrackPointExtension>
        </extensions>
      </trkpt>
      <trkpt lat="59.98163041658699512481689453125" lon="30.3289511986076831817626953125">
        <ele>-8.19999980926513671875</ele>
        <time>2025-10-06T07:14:41.000Z</time>
        <extensions>
          <ns3:TrackPointExtension>
            <ns3:atemp>18.0</ns3:atemp>
            <ns3:hr>120</ns3:hr>
          </ns3:TrackPointExtension>
        </extensions>
      </trkpt>
      <trkpt lat="59.981554560363292694091796875" lon="30.32876805402338504791259765625">
        <ele>-8.3999996185302734375</ele>
        <time>2025-10-06T07:14:43.000Z</time>
        <extensions>
          <ns3:TrackPointExtension>
            <ns3:atemp>18.0</ns3:atemp>
            <ns3:hr>120</ns3:hr>
          </ns3:TrackPointExtension>
        </extensions>
      </trkpt>
      <trkpt lat="59.98129027895629405975341796875" lon="30.32821568660438060760498046875">
        <ele>-8.19999980926513671875</ele>
        <time>2025-10-06T07:14:50.000Z</time>
        <extensions>
          <ns3:TrackPointExtension>
            <ns3:atemp>18.0</ns3:atemp>
            <ns3:hr>119</ns3:hr>
          </ns3:TrackPointExtension>
        </extensions>
      </trkpt>
      <trkpt lat="59.9809924699366092681884765625" lon="30.32744186930358409881591796875">
        <ele>-8.6000003814697265625</ele>
        <time>2025-10-06T07:14:59.000Z</time>
        <extensions>
          <ns3:TrackPointExtension>
            <ns3:atemp>18.0</ns3:atemp>
            <ns3:hr>119</ns3:hr>
          </ns3:TrackPointExtension>
        </extensions>
      </trkpt>
      <trkpt lat="59.9808258377015590667724609375" lon="30.32714950852096080780029296875">
        <ele>-8.80000019073486328125</ele>
        <time>2025-10-06T07:15:03.000Z</time>
        <extensions>
          <ns3:TrackPointExtension>
            <ns3:atemp>18.0</ns3:atemp>
            <ns3:hr>121</ns3:hr>
          </ns3:TrackPointExtension>
        </extensions>
      </trkpt>
      <trkpt lat="59.9807368218898773193359375" lon="30.3268775157630443572998046875">
        <ele>-9</ele>
        <time>2025-10-06T07:15:06.000Z</time>
        <extensions>
          <ns3:TrackPointExtension>
            <ns3:atemp>18.0</ns3:atemp>
            <ns3:hr>125</ns3:hr>
          </ns3:TrackPointExtension>
        </extensions>
      </trkpt>
      <trkpt lat="59.9805700220167636871337890625" lon="30.32604276202619075775146484375">
        <ele>-8.80000019073486328125</ele>
        <time>2025-10-06T07:15:14.000Z</time>
        <extensions>
          <ns3:TrackPointExtension>
            <ns3:atemp>18.0</ns3:atemp>
            <ns3:hr>125</ns3:hr>
          </ns3:TrackPointExtension>
        </extensions>
      </trkpt>
      <trkpt lat="59.98033591546118259429931640625" lon="30.32541965134441852569580078125">
        <ele>-9.3999996185302734375</ele>
        <time>2025-10-06T07:15:21.000Z</time>
        <extensions>
          <ns3:TrackPointExtension>
            <ns3:atemp>18.0</ns3:atemp>
            <ns3:hr>126</ns3:hr>
          </ns3:TrackPointExtension>
        </extensions>
      </trkpt>
      <trkpt lat="59.9801995418965816497802734375" lon="30.3250403702259063720703125">
        <ele>-8.19999980926513671875</ele>
        <time>2025-10-06T07:15:26.000Z</time>
        <extensions>
          <ns3:TrackPointExtension>
            <ns3:atemp>18.0</ns3:atemp>
            <ns3:hr>122</ns3:hr>
          </ns3:TrackPointExtension>
        </extensions>
      </trkpt>
      <trkpt lat="59.980071969330310821533203125" lon="30.324710123240947723388671875">
        <ele>-7.599999904632568359375</ele>
        <time>2025-10-06T07:15:31.000Z</time>
        <extensions>
          <ns3:TrackPointExtension>
            <ns3:atemp>18.0</ns3:atemp>
            <ns3:hr>123</ns3:hr>
          </ns3:TrackPointExtension>
        </extensions>
      </trkpt>
      <trkpt lat="59.97998722828924655914306640625" lon="30.324531085789203643798828125">
        <ele>-7</ele>
        <time>2025-10-06T07:15:34.000Z</time>
        <extensions>
          <ns3:TrackPointExtension>
            <ns3:atemp>18.0</ns3:atemp>
            <ns3:hr>126</ns3:hr>
          </ns3:TrackPointExtension>
        </extensions>
      </trkpt>
      <trkpt lat="59.97990927658975124359130859375" lon="30.3243458457291126251220703125">
        <ele>-6.599999904632568359375</ele>
        <time>2025-10-06T07:15:37.000Z</time>
        <extensions>
          <ns3:TrackPointExtension>
            <ns3:atemp>18.0</ns3:atemp>
            <ns3:hr>124</ns3:hr>
          </ns3:TrackPointExtension>
        </extensions>
      </trkpt>
      <trkpt lat="59.9798535369336605072021484375" lon="30.3242318518459796905517578125">
        <ele>-6.400000095367431640625</ele>
        <time>2025-10-06T07:15:39.000Z</time>
        <extensions>
          <ns3:TrackPointExtension>
            <ns3:atemp>18.0</ns3:atemp>
            <ns3:hr>122</ns3:hr>
          </ns3:TrackPointExtension>
        </extensions>
      </trkpt>
      <trkpt lat="59.9796912632882595062255859375" lon="30.32384133897721767425537109375">
        <ele>-5.599999904632568359375</ele>
        <time>2025-10-06T07:15:46.000Z</time>
        <extensions>
          <ns3:TrackPointExtension>
            <ns3:atemp>18.0</ns3:atemp>
            <ns3:hr>122</ns3:hr>
          </ns3:TrackPointExtension>
        </extensions>
      </trkpt>
      <trkpt lat="59.979668296873569488525390625" lon="30.32379113137722015380859375">
        <ele>-5.400000095367431640625</ele>
        <time>2025-10-06T07:15:47.000Z</time>
        <extensions>
          <ns3:TrackPointExtension>
            <ns3:atemp>18.0</ns3:atemp>
            <ns3:hr>120</ns3:hr>
          </ns3:TrackPointExtension>
        </extensions>
      </trkpt>
      <trkpt lat="59.97961859218776226043701171875" lon="30.32368157990276813507080078125">
        <ele>-5.19999980926513671875</ele>
        <time>2025-10-06T07:15:49.000Z</time>
        <extensions>
          <ns3:TrackPointExtension>
            <ns3:atemp>18.0</ns3:atemp>
            <ns3:hr>117</ns3:hr>
          </ns3:TrackPointExtension>
        </extensions>
      </trkpt>
      <trkpt lat="59.97946956194937229156494140625" lon="30.3234439529478549957275390625">
        <ele>-4.80000019073486328125</ele>
        <time>2025-10-06T07:15:54.000Z</time>
        <extensions>
          <ns3:TrackPointExtension>
            <ns3:atemp>18.0</ns3:atemp>
            <ns3:hr>118</ns3:hr>
          </ns3:TrackPointExtension>
        </extensions>
      </trkpt>
      <trkpt lat="59.979393370449542999267578125" lon="30.3232808411121368408203125">
        <ele>-4.400000095367431640625</ele>
        <time>2025-10-06T07:15:57.000Z</time>
        <extensions>
          <ns3:TrackPointExtension>
            <ns3:atemp>18.0</ns3:atemp>
            <ns3:hr>118</ns3:hr>
          </ns3:TrackPointExtension>
        </extensions>
      </trkpt>
      <trkpt lat="59.97936956584453582763671875" lon="30.3232297115027904510498046875">
        <ele>-4.400000095367431640625</ele>
        <time>2025-10-06T07:15:58.000Z</time>
        <extensions>
          <ns3:TrackPointExtension>
            <ns3:atemp>18.0</ns3:atemp>
            <ns3:hr>121</ns3:hr>
          </ns3:TrackPointExtension>
        </extensions>
      </trkpt>
      <trkpt lat="59.9793248064815998077392578125" lon="30.32311781309545040130615234375">
        <ele>-4.19999980926513671875</ele>
        <time>2025-10-06T07:16:00.000Z</time>
        <extensions>
          <ns3:TrackPointExtension>
            <ns3:atemp>18.0</ns3:atemp>
            <ns3:hr>117</ns3:hr>
          </ns3:TrackPointExtension>
        </extensions>
      </trkpt>
      <trkpt lat="59.979241155087947845458984375" lon="30.32298219390213489532470703125">
        <ele>-4</ele>
        <time>2025-10-06T07:16:03.000Z</time>
        <extensions>
          <ns3:TrackPointExtension>
            <ns3:atemp>18.0</ns3:atemp>
            <ns3:hr>117</ns3:hr>
          </ns3:TrackPointExtension>
        </extensions>
      </trkpt>
      <trkpt lat="59.9790210463106632232666015625" lon="30.32246452756226062774658203125">
        <ele>-3.400000095367431640625</ele>
        <time>2025-10-06T07:16:13.000Z</time>
        <extensions>
          <ns3:TrackPointExtension>
            <ns3:atemp>18.0</ns3:atemp>
            <ns3:hr>117</ns3:hr>
          </ns3:TrackPointExtension>
        </extensions>
      </trkpt>
      <trkpt lat="59.978921972215175628662109375" lon="30.32228867523372173309326171875">
        <ele>-3.400000095367431640625</ele>
        <time>2025-10-06T07:16:17.000Z</time>
        <extensions>
          <ns3:TrackPointExtension>
            <ns3:atemp>18.0</ns3:atemp>
            <ns3:hr>116</ns3:hr>
          </ns3:TrackPointExtension>
        </extensions>
      </trkpt>
      <trkpt lat="59.9788641370832920074462890625" lon="30.3222007490694522857666015625">
        <ele>-3.400000095367431640625</ele>
        <time>2025-10-06T07:16:19.000Z</time>
        <extensions>
          <ns3:TrackPointExtension>
            <ns3:atemp>18.0</ns3:atemp>
            <ns3:hr>119</ns3:hr>
          </ns3:TrackPointExtension>
        </extensions>
      </trkpt>
      <trkpt lat="59.97883454896509647369384765625" lon="30.3221595101058483123779296875">
        <ele>-3.400000095367431640625</ele>
        <time>2025-10-06T07:16:20.000Z</time>
        <extensions>
          <ns3:TrackPointExtension>
            <ns3:atemp>18.0</ns3:atemp>
            <ns3:hr>122</ns3:hr>
          </ns3:TrackPointExtension>
        </extensions>
      </trkpt>
      <trkpt lat="59.97881040908396244049072265625" lon="30.3221140801906585693359375">
        <ele>-3.2000000476837158203125</ele>
        <time>2025-10-06T07:16:21.000Z</time>
        <extensions>
          <ns3:TrackPointExtension>
            <ns3:atemp>18.0</ns3:atemp>
            <ns3:hr>122</ns3:hr>
          </ns3:TrackPointExtension>
        </extensions>
      </trkpt>
      <trkpt lat="59.9787305295467376708984375" lon="30.3219606913626194000244140625">
        <ele>-3.2000000476837158203125</ele>
        <time>2025-10-06T07:16:24.000Z</time>
        <extensions>
          <ns3:TrackPointExtension>
            <ns3:atemp>18.0</ns3:atemp>
            <ns3:hr>125</ns3:hr>
          </ns3:TrackPointExtension>
        </extensions>
      </trkpt>
      <trkpt lat="59.9785982631146907806396484375" lon="30.32167461700737476348876953125">
        <ele>-3.400000095367431640625</ele>
        <time>2025-10-06T07:16:29.000Z</time>
        <extensions>
          <ns3:TrackPointExtension>
            <ns3:atemp>18.0</ns3:atemp>
            <ns3:hr>123</ns3:hr>
          </ns3:TrackPointExtension>
        </extensions>
      </trkpt>
      <trkpt lat="59.97836499474942684173583984375" lon="30.3211986087262630462646484375">
        <ele>-3.400000095367431640625</ele>
        <time>2025-10-06T07:16:37.000Z</time>
        <extensions>
          <ns3:TrackPointExtension>
            <ns3:atemp>18.0</ns3:atemp>
            <ns3:hr>124</ns3:hr>
          </ns3:TrackPointExtension>
        </extensions>
      </trkpt>
      <trkpt lat="59.97822669334709644317626953125" lon="30.32096165232360363006591796875">
        <ele>-3.2000000476837158203125</ele>
        <time>2025-10-06T07:16:41.000Z</time>
        <extensions>
          <ns3:TrackPointExtension>
            <ns3:atemp>18.0</ns3:atemp>
            <ns3:hr>127</ns3:hr>
          </ns3:TrackPointExtension>
        </extensions>
      </trkpt>
      <trkpt lat="59.97808537445962429046630859375" lon="30.3207037411630153656005859375">
        <ele>-3.400000095367431640625</ele>
        <time>2025-10-06T07:16:45.000Z</time>
        <extensions>
          <ns3:TrackPointExtension>
            <ns3:atemp>18.0</ns3:atemp>
            <ns3:hr>126</ns3:hr>
          </ns3:TrackPointExtension>
        </extensions>
      </trkpt>
      <trkpt lat="59.97785336337983608245849609375" lon="30.3202668763697147369384765625">
        <ele>-4.19999980926513671875</ele>
        <time>2025-10-06T07:16:51.000Z</time>
        <extensions>
          <ns3:TrackPointExtension>
            <ns3:atemp>18.0</ns3:atemp>
            <ns3:hr>129</ns3:hr>
          </ns3:TrackPointExtension>
        </extensions>
      </trkpt>
      <trkpt lat="59.97781413607299327850341796875" lon="30.32018783502280712127685546875">
        <ele>-4.400000095367431640625</ele>
        <time>2025-10-06T07:16:52.000Z</time>
        <extensions>
          <ns3:TrackPointExtension>
            <ns3:atemp>18.0</ns3:atemp>
            <ns3:hr>127</ns3:hr>
          </ns3:TrackPointExtension>
        </extensions>
      </trkpt>
      <trkpt lat="59.977734088897705078125" lon="30.3200288303196430206298828125">
        <ele>-4.400000095367431640625</ele>
        <time>2025-10-06T07:16:54.000Z</time>
        <extensions>
          <ns3:TrackPointExtension>
            <ns3:atemp>18.0</ns3:atemp>
            <ns3:hr>126</ns3:hr>
          </ns3:TrackPointExtension>
        </extensions>
      </trkpt>
      <trkpt lat="59.977528564631938934326171875" lon="30.3196100704371929168701171875">
        <ele>-5.400000095367431640625</ele>
        <time>2025-10-06T07:16:59.000Z</time>
        <extensions>
          <ns3:TrackPointExtension>
            <ns3:atemp>19.0</ns3:atemp>
            <ns3:hr>127</ns3:hr>
          </ns3:TrackPointExtension>
        </extensions>
      </trkpt>
      <trkpt lat="59.97739369980990886688232421875" lon="30.31938618980348110198974609375">
        <ele>-6.19999980926513671875</ele>
        <time>2025-10-06T07:17:02.000Z</time>
        <extensions>
          <ns3:TrackPointExtension>
            <ns3:atemp>19.0</ns3:atemp>
            <ns3:hr>126</ns3:hr>
          </ns3:TrackPointExtension>
        </extensions>
      </trkpt>
      <trkpt lat="59.97734944336116313934326171875" lon="30.3193153627216815948486328125">
        <ele>-6.400000095367431640625</ele>
        <time>2025-10-06T07:17:03.000Z</time>
        <extensions>
          <ns3:TrackPointExtension>
            <ns3:atemp>19.0</ns3:atemp>
            <ns3:hr>125</ns3:hr>
          </ns3:TrackPointExtension>
        </extensions>
      </trkpt>
      <trkpt lat="59.97725623659789562225341796875" lon="30.3191795758903026580810546875">
        <ele>-6.599999904632568359375</ele>
        <time>2025-10-06T07:17:05.000Z</time>
        <extensions>
          <ns3:TrackPointExtension>
            <ns3:atemp>19.0</ns3:atemp>
            <ns3:hr>128</ns3:hr>
          </ns3:TrackPointExtension>
        </extensions>
      </trkpt>
      <trkpt lat="59.97707501985132694244384765625" lon="30.31890322454273700714111328125">
        <ele>-7.599999904632568359375</ele>
        <time>2025-10-06T07:17:09.000Z</time>
        <extensions>
          <ns3:TrackPointExtension>
            <ns3:atemp>19.0</ns3:atemp>
            <ns3:hr>129</ns3:hr>
          </ns3:TrackPointExtension>
        </extensions>
      </trkpt>
      <trkpt lat="59.9769875966012477874755859375" lon="30.3187681920826435089111328125">
        <ele>-8.19999980926513671875</ele>
        <time>2025-10-06T07:17:11.000Z</time>
        <extensions>
          <ns3:TrackPointExtension>
            <ns3:atemp>19.0</ns3:atemp>
            <ns3:hr>127</ns3:hr>
          </ns3:TrackPointExtension>
        </extensions>
      </trkpt>
      <trkpt lat="59.97689925134181976318359375" lon="30.318636931478977203369140625">
        <ele>-8.80000019073486328125</ele>
        <time>2025-10-06T07:17:13.000Z</time>
        <extensions>
          <ns3:TrackPointExtension>
            <ns3:atemp>19.0</ns3:atemp>
            <ns3:hr>127</ns3:hr>
          </ns3:TrackPointExtension>
        </extensions>
      </trkpt>
      <trkpt lat="59.976662881672382354736328125" lon="30.31830023042857646942138671875">
        <ele>-9.80000019073486328125</ele>
        <time>2025-10-06T07:17:18.000Z</time>
        <extensions>
          <ns3:TrackPointExtension>
            <ns3:atemp>19.0</ns3:atemp>
            <ns3:hr>125</ns3:hr>
          </ns3:TrackPointExtension>
        </extensions>
      </trkpt>
      <trkpt lat="59.97661535628139972686767578125" lon="30.318239293992519378662109375">
        <ele>-10.3999996185302734375</ele>
        <time>2025-10-06T07:17:19.000Z</time>
        <extensions>
          <ns3:TrackPointExtension>
            <ns3:atemp>19.0</ns3:atemp>
            <ns3:hr>126</ns3:hr>
          </ns3:TrackPointExtension>
        </extensions>
      </trkpt>
      <trkpt lat="59.97648158110678195953369140625" lon="30.31806469894945621490478515625">
        <ele>-11</ele>
        <time>2025-10-06T07:17:22.000Z</time>
        <extensions>
          <ns3:TrackPointExtension>
            <ns3:atemp>19.0</ns3:atemp>
            <ns3:hr>126</ns3:hr>
          </ns3:TrackPointExtension>
        </extensions>
      </trkpt>
      <trkpt lat="59.97637345455586910247802734375" lon="30.31795506365597248077392578125">
        <ele>-12.3999996185302734375</ele>
        <time>2025-10-06T07:17:25.000Z</time>
        <extensions>
          <ns3:TrackPointExtension>
            <ns3:atemp>19.0</ns3:atemp>
            <ns3:hr>125</ns3:hr>
          </ns3:TrackPointExtension>
        </extensions>
      </trkpt>
      <trkpt lat="59.9762731231749057769775390625" lon="30.3178867511451244354248046875">
        <ele>-13.80000019073486328125</ele>
        <time>2025-10-06T07:17:28.000Z</time>
        <extensions>
          <ns3:TrackPointExtension>
            <ns3:atemp>19.0</ns3:atemp>
            <ns3:hr>123</ns3:hr>
          </ns3:TrackPointExtension>
        </extensions>
      </trkpt>
      <trkpt lat="59.9762255139648914337158203125" lon="30.3178466856479644775390625">
        <ele>-14.19999980926513671875</ele>
        <time>2025-10-06T07:17:30.000Z</time>
        <extensions>
          <ns3:TrackPointExtension>
            <ns3:atemp>19.0</ns3:atemp>
            <ns3:hr>123</ns3:hr>
          </ns3:TrackPointExtension>
        </extensions>
      </trkpt>
      <trkpt lat="59.9761209078133106231689453125" lon="30.3177717514336109161376953125">
        <ele>-14.6000003814697265625</ele>
        <time>2025-10-06T07:17:33.000Z</time>
        <extensions>
          <ns3:TrackPointExtension>
            <ns3:atemp>18.0</ns3:atemp>
            <ns3:hr>121</ns3:hr>
          </ns3:TrackPointExtension>
        </extensions>
      </trkpt>
      <trkpt lat="59.976074136793613433837890625" lon="30.31774015165865421295166015625">
        <ele>-14.80000019073486328125</ele>
        <time>2025-10-06T07:17:34.000Z</time>
        <extensions>
          <ns3:TrackPointExtension>
            <ns3:atemp>18.0</ns3:atemp>
            <ns3:hr>121</ns3:hr>
          </ns3:TrackPointExtension>
        </extensions>
      </trkpt>
      <trkpt lat="59.97596542350947856903076171875" lon="30.31767074950039386749267578125">
        <ele>-15</ele>
        <time>2025-10-06T07:17:36.000Z</time>
        <extensions>
          <ns3:TrackPointExtension>
            <ns3:atemp>18.0</ns3:atemp>
            <ns3:hr>122</ns3:hr>
          </ns3:TrackPointExtension>
        </extensions>
      </trkpt>
      <trkpt lat="59.97585830278694629669189453125" lon="30.31760327517986297607421875">
        <ele>-14.80000019073486328125</ele>
        <time>2025-10-06T07:17:38.000Z</time>
        <extensions>
          <ns3:TrackPointExtension>
            <ns3:atemp>18.0</ns3:atemp>
            <ns3:hr>122</ns3:hr>
          </ns3:TrackPointExtension>
        </extensions>
      </trkpt>
      <trkpt lat="59.97553811408579349517822265625" lon="30.3174418397247791290283203125">
        <ele>-14</ele>
        <time>2025-10-06T07:17:44.000Z</time>
        <extensions>
          <ns3:TrackPointExtension>
            <ns3:atemp>18.0</ns3:atemp>
            <ns3:hr>119</ns3:hr>
          </ns3:TrackPointExtension>
        </extensions>
      </trkpt>
      <trkpt lat="59.97544356621801853179931640625" lon="30.3173942305147647857666015625">
        <ele>-13.80000019073486328125</ele>
        <time>2025-10-06T07:17:46.000Z</time>
        <extensions>
          <ns3:TrackPointExtension>
            <ns3:atemp>18.0</ns3:atemp>
            <ns3:hr>118</ns3:hr>
          </ns3:TrackPointExtension>
        </extensions>
      </trkpt>
      <trkpt lat="59.97539453208446502685546875" lon="30.31736363656818866729736328125">
        <ele>-13.6000003814697265625</ele>
        <time>2025-10-06T07:17:47.000Z</time>
        <extensions>
          <ns3:TrackPointExtension>
            <ns3:atemp>18.0</ns3:atemp>
            <ns3:hr>118</ns3:hr>
          </ns3:TrackPointExtension>
        </extensions>
      </trkpt>
      <trkpt lat="59.97515288181602954864501953125" lon="30.3175769560039043426513671875">
        <ele>-13.3999996185302734375</ele>
        <time>2025-10-06T07:17:49.000Z</time>
        <extensions>
          <ns3:TrackPointExtension>
            <ns3:atemp>18.0</ns3:atemp>
            <ns3:hr>110</ns3:hr>
          </ns3:TrackPointExtension>
        </extensions>
      </trkpt>
      <trkpt lat="59.97503377497196197509765625" lon="30.3175772912800312042236328125">
        <ele>-13.19999980926513671875</ele>
        <time>2025-10-06T07:17:51.000Z</time>
        <extensions>
          <ns3:TrackPointExtension>
            <ns3:atemp>18.0</ns3:atemp>
            <ns3:hr>104</ns3:hr>
          </ns3:TrackPointExtension>
        </extensions>
      </trkpt>
      <trkpt lat="59.97496546246111392974853515625" lon="30.3175772912800312042236328125">
        <ele>-13</ele>
        <time>2025-10-06T07:17:52.000Z</time>
        <extensions>
          <ns3:TrackPointExtension>
            <ns3:atemp>18.0</ns3:atemp>
            <ns3:hr>98</ns3:hr>
          </ns3:TrackPointExtension>
        </extensions>
      </trkpt>
      <trkpt lat="59.9749108962714672088623046875" lon="30.31756572425365447998046875">
        <ele>-13</ele>
        <time>2025-10-06T07:17:53.000Z</time>
        <extensions>
          <ns3:TrackPointExtension>
            <ns3:atemp>18.0</ns3:atemp>
            <ns3:hr>93</ns3:hr>
          </ns3:TrackPointExtension>
        </extensions>
      </trkpt>
      <trkpt lat="59.97486320324242115020751953125" lon="30.31752708368003368377685546875">
        <ele>-13</ele>
        <time>2025-10-06T07:17:54.000Z</time>
        <extensions>
          <ns3:TrackPointExtension>
            <ns3:atemp>18.0</ns3:atemp>
            <ns3:hr>89</ns3:hr>
          </ns3:TrackPointExtension>
        </extensions>
      </trkpt>
      <trkpt lat="59.974818192422389984130859375" lon="30.31749003566801548004150390625">
        <ele>-13</ele>
        <time>2025-10-06T07:17:55.000Z</time>
        <extensions>
          <ns3:TrackPointExtension>
            <ns3:atemp>18.0</ns3:atemp>
            <ns3:hr>89</ns3:hr>
          </ns3:TrackPointExtension>
        </extensions>
      </trkpt>
      <trkpt lat="59.9747114069759845733642578125" lon="30.317468158900737762451171875">
        <ele>-13.19999980926513671875</ele>
        <time>2025-10-06T07:17:57.000Z</time>
        <extensions>
          <ns3:TrackPointExtension>
            <ns3:atemp>18.0</ns3:atemp>
            <ns3:hr>92</ns3:hr>
          </ns3:TrackPointExtension>
        </extensions>
      </trkpt>
      <trkpt lat="59.97460998594760894775390625" lon="30.31742222607135772705078125">
        <ele>-13.6000003814697265625</ele>
        <time>2025-10-06T07:17:59.000Z</time>
        <extensions>
          <ns3:TrackPointExtension>
            <ns3:atemp>18.0</ns3:atemp>
            <ns3:hr>91</ns3:hr>
          </ns3:TrackPointExtension>
        </extensions>
      </trkpt>
      <trkpt lat="59.97430077753961086273193359375" lon="30.31725056469440460205078125">
        <ele>-13.80000019073486328125</ele>
        <time>2025-10-06T07:18:05.000Z</time>
        <extensions>
          <ns3:TrackPointExtension>
            <ns3:atemp>18.0</ns3:atemp>
            <ns3:hr>94</ns3:hr>
          </ns3:TrackPointExtension>
        </extensions>
      </trkpt>
      <trkpt lat="59.9741672538220882415771484375" lon="30.3171015344560146331787109375">
        <ele>-13.80000019073486328125</ele>
        <time>2025-10-06T07:18:08.000Z</time>
        <extensions>
          <ns3:TrackPointExtension>
            <ns3:atemp>18.0</ns3:atemp>
            <ns3:hr>98</ns3:hr>
          </ns3:TrackPointExtension>
        </extensions>
      </trkpt>
      <trkpt lat="59.9741300381720066070556640625" lon="30.317069850862026214599609375">
        <ele>-13.80000019073486328125</ele>
        <time>2025-10-06T07:18:09.000Z</time>
        <extensions>
          <ns3:TrackPointExtension>
            <ns3:atemp>18.0</ns3:atemp>
            <ns3:hr>97</ns3:hr>
          </ns3:TrackPointExtension>
        </extensions>
      </trkpt>
      <trkpt lat="59.97403657995164394378662109375" lon="30.31700086779892444610595703125">
        <ele>-13.6000003814697265625</ele>
        <time>2025-10-06T07:18:11.000Z</time>
        <extensions>
          <ns3:TrackPointExtension>
            <ns3:atemp>18.0</ns3:atemp>
            <ns3:hr>97</ns3:hr>
          </ns3:TrackPointExtension>
        </extensions>
      </trkpt>
      <trkpt lat="59.97394722886383533477783203125" lon="30.31693481840193271636962890625">
        <ele>-13.6000003814697265625</ele>
        <time>2025-10-06T07:18:13.000Z</time>
        <extensions>
          <ns3:TrackPointExtension>
            <ns3:atemp>18.0</ns3:atemp>
            <ns3:hr>100</ns3:hr>
          </ns3:TrackPointExtension>
        </extensions>
      </trkpt>
      <trkpt lat="59.97390163131058216094970703125" lon="30.31667330302298069000244140625">
        <ele>-13.6000003814697265625</ele>
        <time>2025-10-06T07:18:16.000Z</time>
        <extensions>
          <ns3:TrackPointExtension>
            <ns3:atemp>18.0</ns3:atemp>
            <ns3:hr>100</ns3:hr>
          </ns3:TrackPointExtension>
        </extensions>
      </trkpt>
      <trkpt lat="59.9738648347556591033935546875" lon="30.3166039846837520599365234375">
        <ele>-13.6000003814697265625</ele>
        <time>2025-10-06T07:18:17.000Z</time>
        <extensions>
          <ns3:TrackPointExtension>
            <ns3:atemp>18.0</ns3:atemp>
            <ns3:hr>101</ns3:hr>
          </ns3:TrackPointExtension>
        </extensions>
      </trkpt>
      <trkpt lat="59.9736039899289608001708984375" lon="30.31625353731215000152587890625">
        <ele>-14</ele>
        <time>2025-10-06T07:18:24.000Z</time>
        <extensions>
          <ns3:TrackPointExtension>
            <ns3:atemp>18.0</ns3:atemp>
            <ns3:hr>102</ns3:hr>
          </ns3:TrackPointExtension>
        </extensions>
      </trkpt>
      <trkpt lat="59.9734863080084323883056640625" lon="30.3163622505962848663330078125">
        <ele>-14</ele>
        <time>2025-10-06T07:18:26.000Z</time>
        <extensions>
          <ns3:TrackPointExtension>
            <ns3:atemp>18.0</ns3:atemp>
            <ns3:hr>100</ns3:hr>
          </ns3:TrackPointExtension>
        </extensions>
      </trkpt>
      <trkpt lat="59.97326745651662349700927734375" lon="30.31637608073651790618896484375">
        <ele>-14.3999996185302734375</ele>
        <time>2025-10-06T07:18:30.000Z</time>
        <extensions>
          <ns3:TrackPointExtension>
            <ns3:atemp>18.0</ns3:atemp>
            <ns3:hr>102</ns3:hr>
          </ns3:TrackPointExtension>
        </extensions>
      </trkpt>
      <trkpt lat="59.97309311293065547943115234375" lon="30.31637239269912242889404296875">
        <ele>-14.6000003814697265625</ele>
        <time>2025-10-06T07:18:33.000Z</time>
        <extensions>
          <ns3:TrackPointExtension>
            <ns3:atemp>18.0</ns3:atemp>
            <ns3:hr>103</ns3:hr>
          </ns3:TrackPointExtension>
        </extensions>
      </trkpt>
      <trkpt lat="59.97304885648190975189208984375" lon="30.31632562167942523956298828125">
        <ele>-14.3999996185302734375</ele>
        <time>2025-10-06T07:18:34.000Z</time>
        <extensions>
          <ns3:TrackPointExtension>
            <ns3:atemp>18.0</ns3:atemp>
            <ns3:hr>103</ns3:hr>
          </ns3:TrackPointExtension>
        </extensions>
      </trkpt>
      <trkpt lat="59.97271710075438022613525390625" lon="30.31615748070180416107177734375">
        <ele>-14.19999980926513671875</ele>
        <time>2025-10-06T07:18:40.000Z</time>
        <extensions>
          <ns3:TrackPointExtension>
            <ns3:atemp>18.0</ns3:atemp>
            <ns3:hr>103</ns3:hr>
          </ns3:TrackPointExtension>
        </extensions>
      </trkpt>
      <trkpt lat="59.9724422581493854522705078125" lon="30.31601808965206146240234375">
        <ele>-14.3999996185302734375</ele>
        <time>2025-10-06T07:18:45.000Z</time>
        <extensions>
          <ns3:TrackPointExtension>
            <ns3:atemp>18.0</ns3:atemp>
            <ns3:hr>105</ns3:hr>
          </ns3:TrackPointExtension>
        </extensions>
      </trkpt>
      <trkpt lat="59.97239355929195880889892578125" lon="30.3159770183265209197998046875">
        <ele>-14.3999996185302734375</ele>
        <time>2025-10-06T07:18:46.000Z</time>
        <extensions>
          <ns3:TrackPointExtension>
            <ns3:atemp>18.0</ns3:atemp>
            <ns3:hr>104</ns3:hr>
          </ns3:TrackPointExtension>
        </extensions>
      </trkpt>
      <trkpt lat="59.97233639471232891082763671875" lon="30.31572430394589900970458984375">
        <ele>-14.6000003814697265625</ele>
        <time>2025-10-06T07:18:49.000Z</time>
        <extensions>
          <ns3:TrackPointExtension>
            <ns3:atemp>18.0</ns3:atemp>
            <ns3:hr>105</ns3:hr>
          </ns3:TrackPointExtension>
        </extensions>
      </trkpt>
      <trkpt lat="59.97228275053203105926513671875" lon="30.31561307609081268310546875">
        <ele>-14.6000003814697265625</ele>
        <time>2025-10-06T07:18:51.000Z</time>
        <extensions>
          <ns3:TrackPointExtension>
            <ns3:atemp>18.0</ns3:atemp>
            <ns3:hr>105</ns3:hr>
          </ns3:TrackPointExtension>
        </extensions>
      </trkpt>
      <trkpt lat="59.972240924835205078125" lon="30.315584242343902587890625">
        <ele>-14.6000003814697265625</ele>
        <time>2025-10-06T07:18:52.000Z</time>
        <extensions>
          <ns3:TrackPointExtension>
            <ns3:atemp>18.0</ns3:atemp>
            <ns3:hr>106</ns3:hr>
          </ns3:TrackPointExtension>
        </extensions>
      </trkpt>
      <trkpt lat="59.9719708599150180816650390625" lon="30.31540880911052227020263671875">
        <ele>-14.80000019073486328125</ele>
        <time>2025-10-06T07:18:58.000Z</time>
        <extensions>
          <ns3:TrackPointExtension>
            <ns3:atemp>18.0</ns3:atemp>
            <ns3:hr>109</ns3:hr>
          </ns3:TrackPointExtension>
        </extensions>
      </trkpt>
      <trkpt lat="59.97190296649932861328125" lon="30.31540654599666595458984375">
        <ele>-14.80000019073486328125</ele>
        <time>2025-10-06T07:18:59.000Z</time>
        <extensions>
          <ns3:TrackPointExtension>
            <ns3:atemp>18.0</ns3:atemp>
            <ns3:hr>111</ns3:hr>
          </ns3:TrackPointExtension>
        </extensions>
      </trkpt>
      <trkpt lat="59.97176349163055419921875" lon="30.315329767763614654541015625">
        <ele>-14.6000003814697265625</ele>
        <time>2025-10-06T07:19:02.000Z</time>
        <extensions>
          <ns3:TrackPointExtension>
            <ns3:atemp>18.0</ns3:atemp>
            <ns3:hr>108</ns3:hr>
          </ns3:TrackPointExtension>
        </extensions>
      </trkpt>
      <trkpt lat="59.97156693600118160247802734375" lon="30.31523865647614002227783203125">
        <ele>-14.19999980926513671875</ele>
        <time>2025-10-06T07:19:06.000Z</time>
        <extensions>
          <ns3:TrackPointExtension>
            <ns3:atemp>18.0</ns3:atemp>
            <ns3:hr>108</ns3:hr>
          </ns3:TrackPointExtension>
        </extensions>
      </trkpt>
      <trkpt lat="59.971521086990833282470703125" lon="30.31520596705377101898193359375">
        <ele>-14.19999980926513671875</ele>
        <time>2025-10-06T07:19:07.000Z</time>
        <extensions>
          <ns3:TrackPointExtension>
            <ns3:atemp>18.0</ns3:atemp>
            <ns3:hr>105</ns3:hr>
          </ns3:TrackPointExtension>
        </extensions>
      </trkpt>
      <trkpt lat="59.971419163048267364501953125" lon="30.315148718655109405517578125">
        <ele>-14.3999996185302734375</ele>
        <time>2025-10-06T07:19:09.000Z</time>
        <extensions>
          <ns3:TrackPointExtension>
            <ns3:atemp>18.0</ns3:atemp>
            <ns3:hr>107</ns3:hr>
          </ns3:TrackPointExtension>
        </extensions>
      </trkpt>
      <trkpt lat="59.971287064254283905029296875" lon="30.315000526607036590576171875">
        <ele>-14.80000019073486328125</ele>
        <time>2025-10-06T07:19:12.000Z</time>
        <extensions>
          <ns3:TrackPointExtension>
            <ns3:atemp>18.0</ns3:atemp>
            <ns3:hr>106</ns3:hr>
          </ns3:TrackPointExtension>
        </extensions>
      </trkpt>
      <trkpt lat="59.970914237201213836669921875" lon="30.31468712724745273590087890625">
        <ele>-14.3999996185302734375</ele>
        <time>2025-10-06T07:19:19.000Z</time>
        <extensions>
          <ns3:TrackPointExtension>
            <ns3:atemp>18.0</ns3:atemp>
            <ns3:hr>107</ns3:hr>
          </ns3:TrackPointExtension>
        </extensions>
      </trkpt>
      <trkpt lat="59.970614500343799591064453125" lon="30.314429216086864471435546875">
        <ele>-14.19999980926513671875</ele>
        <time>2025-10-06T07:19:25.000Z</time>
        <extensions>
          <ns3:TrackPointExtension>
            <ns3:atemp>18.0</ns3:atemp>
            <ns3:hr>108</ns3:hr>
          </ns3:TrackPointExtension>
        </extensions>
      </trkpt>
      <trkpt lat="59.970171265304088592529296875" lon="30.31439560465514659881591796875">
        <ele>-15.3999996185302734375</ele>
        <time>2025-10-06T07:19:32.000Z</time>
        <extensions>
          <ns3:TrackPointExtension>
            <ns3:atemp>18.0</ns3:atemp>
            <ns3:hr>106</ns3:hr>
          </ns3:TrackPointExtension>
        </extensions>
      </trkpt>
      <trkpt lat="59.97011116705834865570068359375" lon="30.31431765295565128326416015625">
        <ele>-15.19999980926513671875</ele>
        <time>2025-10-06T07:19:34.000Z</time>
        <extensions>
          <ns3:TrackPointExtension>
            <ns3:atemp>18.0</ns3:atemp>
            <ns3:hr>103</ns3:hr>
          </ns3:TrackPointExtension>
        </extensions>
      </trkpt>
      <trkpt lat="59.97005132026970386505126953125" lon="30.31430549919605255126953125">
        <ele>-15.19999980926513671875</ele>
        <time>2025-10-06T07:19:35.000Z</time>
        <extensions>
          <ns3:TrackPointExtension>
            <ns3:atemp>18.0</ns3:atemp>
            <ns3:hr>106</ns3:hr>
          </ns3:TrackPointExtension>
        </extensions>
      </trkpt>
      <trkpt lat="59.9699716083705425262451171875" lon="30.3142453171312808990478515625">
        <ele>-15.19999980926513671875</ele>
        <time>2025-10-06T07:19:37.000Z</time>
        <extensions>
          <ns3:TrackPointExtension>
            <ns3:atemp>18.0</ns3:atemp>
            <ns3:hr>104</ns3:hr>
          </ns3:TrackPointExtension>
        </extensions>
      </trkpt>
      <trkpt lat="59.9698344804346561431884765625" lon="30.31418253667652606964111328125">
        <ele>-15.19999980926513671875</ele>
        <time>2025-10-06T07:19:40.000Z</time>
        <extensions>
          <ns3:TrackPointExtension>
            <ns3:atemp>18.0</ns3:atemp>
            <ns3:hr>107</ns3:hr>
          </ns3:TrackPointExtension>
        </extensions>
      </trkpt>
      <trkpt lat="59.96969341300427913665771484375" lon="30.3141581453382968902587890625">
        <ele>-15.19999980926513671875</ele>
        <time>2025-10-06T07:19:43.000Z</time>
        <extensions>
          <ns3:TrackPointExtension>
            <ns3:atemp>18.0</ns3:atemp>
            <ns3:hr>112</ns3:hr>
          </ns3:TrackPointExtension>
        </extensions>
      </trkpt>
      <trkpt lat="59.9696490727365016937255859375" lon="30.3141586482524871826171875">
        <ele>-15</ele>
        <time>2025-10-06T07:19:44.000Z</time>
        <extensions>
          <ns3:TrackPointExtension>
            <ns3:atemp>18.0</ns3:atemp>
            <ns3:hr>116</ns3:hr>
          </ns3:TrackPointExtension>
        </extensions>
      </trkpt>
      <trkpt lat="59.96955326758325099945068359375" lon="30.31416040845215320587158203125">
        <ele>-14.3999996185302734375</ele>
        <time>2025-10-06T07:19:46.000Z</time>
        <extensions>
          <ns3:TrackPointExtension>
            <ns3:atemp>18.0</ns3:atemp>
            <ns3:hr>121</ns3:hr>
          </ns3:TrackPointExtension>
        </extensions>
      </trkpt>
      <trkpt lat="59.9693188257515430450439453125" lon="30.3141896612942218780517578125">
        <ele>-14.19999980926513671875</ele>
        <time>2025-10-06T07:19:51.000Z</time>
        <extensions>
          <ns3:TrackPointExtension>
            <ns3:atemp>18.0</ns3:atemp>
            <ns3:hr>122</ns3:hr>
          </ns3:TrackPointExtension>
        </extensions>
      </trkpt>
      <trkpt lat="59.96896083466708660125732421875" lon="30.3141993843019008636474609375">
        <ele>-13.80000019073486328125</ele>
        <time>2025-10-06T07:19:58.000Z</time>
        <extensions>
          <ns3:TrackPointExtension>
            <ns3:atemp>17.0</ns3:atemp>
            <ns3:hr>122</ns3:hr>
          </ns3:TrackPointExtension>
        </extensions>
      </trkpt>
      <trkpt lat="59.9687636084854602813720703125" lon="30.31417272984981536865234375">
        <ele>-13.6000003814697265625</ele>
        <time>2025-10-06T07:20:02.000Z</time>
        <extensions>
          <ns3:TrackPointExtension>
            <ns3:atemp>17.0</ns3:atemp>
            <ns3:hr>121</ns3:hr>
          </ns3:TrackPointExtension>
        </extensions>
      </trkpt>
      <trkpt lat="59.9685165099799633026123046875" lon="30.3141671977937221527099609375">
        <ele>-13.19999980926513671875</ele>
        <time>2025-10-06T07:20:07.000Z</time>
        <extensions>
          <ns3:TrackPointExtension>
            <ns3:atemp>17.0</ns3:atemp>
            <ns3:hr>122</ns3:hr>
          </ns3:TrackPointExtension>
        </extensions>
      </trkpt>
      <trkpt lat="59.96833420358598232269287109375" lon="30.314130149781703948974609375">
        <ele>-12.3999996185302734375</ele>
        <time>2025-10-06T07:20:12.000Z</time>
        <extensions>
          <ns3:TrackPointExtension>
            <ns3:atemp>17.0</ns3:atemp>
            <ns3:hr>120</ns3:hr>
          </ns3:TrackPointExtension>
        </extensions>
      </trkpt>
      <trkpt lat="59.9682720936834812164306640625" lon="30.3141165710985660552978515625">
        <ele>-11.80000019073486328125</ele>
        <time>2025-10-06T07:20:16.000Z</time>
        <extensions>
          <ns3:TrackPointExtension>
            <ns3:atemp>17.0</ns3:atemp>
            <ns3:hr>120</ns3:hr>
          </ns3:TrackPointExtension>
        </extensions>
      </trkpt>
      <trkpt lat="59.9682714231312274932861328125" lon="30.3140981309115886688232421875">
        <ele>-11.6000003814697265625</ele>
        <time>2025-10-06T07:20:23.000Z</time>
        <extensions>
          <ns3:TrackPointExtension>
            <ns3:atemp>17.0</ns3:atemp>
            <ns3:hr>117</ns3:hr>
          </ns3:TrackPointExtension>
        </extensions>
      </trkpt>
      <trkpt lat="59.96827586553990840911865234375" lon="30.31409217976033687591552734375">
        <ele>-11.6000003814697265625</ele>
        <time>2025-10-06T07:20:25.000Z</time>
        <extensions>
          <ns3:TrackPointExtension>
            <ns3:atemp>17.0</ns3:atemp>
            <ns3:hr>117</ns3:hr>
          </ns3:TrackPointExtension>
        </extensions>
      </trkpt>
      <trkpt lat="59.96827854774892330169677734375" lon="30.31408849172294139862060546875">
        <ele>-11.6000003814697265625</ele>
        <time>2025-10-06T07:20:26.000Z</time>
        <extensions>
          <ns3:TrackPointExtension>
            <ns3:atemp>17.0</ns3:atemp>
            <ns3:hr>122</ns3:hr>
          </ns3:TrackPointExtension>
        </extensions>
      </trkpt>
      <trkpt lat="59.968282319605350494384765625" lon="30.31408346258103847503662109375">
        <ele>-11.6000003814697265625</ele>
        <time>2025-10-06T07:20:27.000Z</time>
        <extensions>
          <ns3:TrackPointExtension>
            <ns3:atemp>17.0</ns3:atemp>
            <ns3:hr>121</ns3:hr>
          </ns3:TrackPointExtension>
        </extensions>
      </trkpt>
      <trkpt lat="59.96822440065443515777587890625" lon="30.31411497853696346282958984375">
        <ele>-11.80000019073486328125</ele>
        <time>2025-10-06T07:20:32.000Z</time>
        <extensions>
          <ns3:TrackPointExtension>
            <ns3:atemp>17.0</ns3:atemp>
            <ns3:hr>121</ns3:hr>
          </ns3:TrackPointExtension>
        </extensions>
      </trkpt>
      <trkpt lat="59.96811367571353912353515625" lon="30.31413056887686252593994140625">
        <ele>-11.80000019073486328125</ele>
        <time>2025-10-06T07:20:35.000Z</time>
        <extensions>
          <ns3:TrackPointExtension>
            <ns3:atemp>17.0</ns3:atemp>
            <ns3:hr>121</ns3:hr>
          </ns3:TrackPointExtension>
        </extensions>
      </trkpt>
      <trkpt lat="59.96803547255694866180419921875" lon="30.31410844065248966217041015625">
        <ele>-11.6000003814697265625</ele>
        <time>2025-10-06T07:20:37.000Z</time>
        <extensions>
          <ns3:TrackPointExtension>
            <ns3:atemp>17.0</ns3:atemp>
            <ns3:hr>121</ns3:hr>
          </ns3:TrackPointExtension>
        </extensions>
      </trkpt>
      <trkpt lat="59.96797478757798671722412109375" lon="30.3140803612768650054931640625">
        <ele>-11.19999980926513671875</ele>
        <time>2025-10-06T07:20:39.000Z</time>
        <extensions>
          <ns3:TrackPointExtension>
            <ns3:atemp>17.0</ns3:atemp>
            <ns3:hr>122</ns3:hr>
          </ns3:TrackPointExtension>
        </extensions>
      </trkpt>
      <trkpt lat="59.96789214201271533966064453125" lon="30.314044319093227386474609375">
        <ele>-10.80000019073486328125</ele>
        <time>2025-10-06T07:20:42.000Z</time>
        <extensions>
          <ns3:TrackPointExtension>
            <ns3:atemp>17.0</ns3:atemp>
            <ns3:hr>119</ns3:hr>
          </ns3:TrackPointExtension>
        </extensions>
      </trkpt>
      <trkpt lat="59.96781368739902973175048828125" lon="30.31399838626384735107421875">
        <ele>-10.80000019073486328125</ele>
        <time>2025-10-06T07:20:44.000Z</time>
        <extensions>
          <ns3:TrackPointExtension>
            <ns3:atemp>17.0</ns3:atemp>
            <ns3:hr>117</ns3:hr>
          </ns3:TrackPointExtension>
        </extensions>
      </trkpt>
      <trkpt lat="59.9677173793315887451171875" lon="30.3139516152441501617431640625">
        <ele>-10.80000019073486328125</ele>
        <time>2025-10-06T07:20:46.000Z</time>
        <extensions>
          <ns3:TrackPointExtension>
            <ns3:atemp>17.0</ns3:atemp>
            <ns3:hr>117</ns3:hr>
          </ns3:TrackPointExtension>
        </extensions>
      </trkpt>
      <trkpt lat="59.967522919178009033203125" lon="30.31386301852762699127197265625">
        <ele>-11.19999980926513671875</ele>
        <time>2025-10-06T07:20:51.000Z</time>
        <extensions>
          <ns3:TrackPointExtension>
            <ns3:atemp>17.0</ns3:atemp>
            <ns3:hr>116</ns3:hr>
          </ns3:TrackPointExtension>
        </extensions>
      </trkpt>
      <trkpt lat="59.96744035743176937103271484375" lon="30.313866622745990753173828125">
        <ele>-11.80000019073486328125</ele>
        <time>2025-10-06T07:20:54.000Z</time>
        <extensions>
          <ns3:TrackPointExtension>
            <ns3:atemp>17.0</ns3:atemp>
            <ns3:hr>116</ns3:hr>
          </ns3:TrackPointExtension>
        </extensions>
      </trkpt>
      <trkpt lat="59.967424683272838592529296875" lon="30.31388196162879467010498046875">
        <ele>-12</ele>
        <time>2025-10-06T07:20:55.000Z</time>
        <extensions>
          <ns3:TrackPointExtension>
            <ns3:atemp>17.0</ns3:atemp>
            <ns3:hr>114</ns3:hr>
          </ns3:TrackPointExtension>
        </extensions>
      </trkpt>
      <trkpt lat="59.9673893116414546966552734375" lon="30.31388313509523868560791015625">
        <ele>-12.3999996185302734375</ele>
        <time>2025-10-06T07:20:59.000Z</time>
        <extensions>
          <ns3:TrackPointExtension>
            <ns3:atemp>17.0</ns3:atemp>
            <ns3:hr>111</ns3:hr>
          </ns3:TrackPointExtension>
        </extensions>
      </trkpt>
      <trkpt lat="59.96737472712993621826171875" lon="30.3138761781156063079833984375">
        <ele>-12.3999996185302734375</ele>
        <time>2025-10-06T07:21:00.000Z</time>
        <extensions>
          <ns3:TrackPointExtension>
            <ns3:atemp>17.0</ns3:atemp>
            <ns3:hr>112</ns3:hr>
          </ns3:TrackPointExtension>
        </extensions>
      </trkpt>
      <trkpt lat="59.96732720173895359039306640625" lon="30.31385798938572406768798828125">
        <ele>-12.3999996185302734375</ele>
        <time>2025-10-06T07:21:05.000Z</time>
        <extensions>
          <ns3:TrackPointExtension>
            <ns3:atemp>17.0</ns3:atemp>
            <ns3:hr>112</ns3:hr>
          </ns3:TrackPointExtension>
        </extensions>
      </trkpt>
      <trkpt lat="59.96731865219771862030029296875" lon="30.31385815702378749847412109375">
        <ele>-12.3999996185302734375</ele>
        <time>2025-10-06T07:21:06.000Z</time>
        <extensions>
          <ns3:TrackPointExtension>
            <ns3:atemp>17.0</ns3:atemp>
            <ns3:hr>112</ns3:hr>
          </ns3:TrackPointExtension>
        </extensions>
      </trkpt>
      <trkpt lat="59.9671670235693454742431640625" lon="30.31380652450025081634521484375">
        <ele>-12.3999996185302734375</ele>
        <time>2025-10-06T07:21:11.000Z</time>
        <extensions>
          <ns3:TrackPointExtension>
            <ns3:atemp>17.0</ns3:atemp>
            <ns3:hr>116</ns3:hr>
          </ns3:TrackPointExtension>
        </extensions>
      </trkpt>
      <trkpt lat="59.96684859506785869598388671875" lon="30.31369856558740139007568359375">
        <ele>-12.19999980926513671875</ele>
        <time>2025-10-06T07:21:19.000Z</time>
        <extensions>
          <ns3:TrackPointExtension>
            <ns3:atemp>17.0</ns3:atemp>
            <ns3:hr>116</ns3:hr>
          </ns3:TrackPointExtension>
        </extensions>
      </trkpt>
      <trkpt lat="59.96659931726753711700439453125" lon="30.31363419257104396820068359375">
        <ele>-12.6000003814697265625</ele>
        <time>2025-10-06T07:21:25.000Z</time>
        <extensions>
          <ns3:TrackPointExtension>
            <ns3:atemp>18.0</ns3:atemp>
            <ns3:hr>117</ns3:hr>
          </ns3:TrackPointExtension>
        </extensions>
      </trkpt>
      <trkpt lat="59.96649990789592266082763671875" lon="30.31354987062513828277587890625">
        <ele>-12.6000003814697265625</ele>
        <time>2025-10-06T07:21:30.000Z</time>
        <extensions>
          <ns3:TrackPointExtension>
            <ns3:atemp>18.0</ns3:atemp>
            <ns3:hr>118</ns3:hr>
          </ns3:TrackPointExtension>
        </extensions>
      </trkpt>
      <trkpt lat="59.96643922291696071624755859375" lon="30.31354484148323535919189453125">
        <ele>-13.19999980926513671875</ele>
        <time>2025-10-06T07:21:40.000Z</time>
        <extensions>
          <ns3:TrackPointExtension>
            <ns3:atemp>18.0</ns3:atemp>
            <ns3:hr>116</ns3:hr>
          </ns3:TrackPointExtension>
        </extensions>
      </trkpt>
      <trkpt lat="59.96643285267055034637451171875" lon="30.31355045735836029052734375">
        <ele>-13.3999996185302734375</ele>
        <time>2025-10-06T07:21:42.000Z</time>
        <extensions>
          <ns3:TrackPointExtension>
            <ns3:atemp>18.0</ns3:atemp>
            <ns3:hr>117</ns3:hr>
          </ns3:TrackPointExtension>
        </extensions>
      </trkpt>
      <trkpt lat="59.96643050573766231536865234375" lon="30.31354844570159912109375">
        <ele>-13.3999996185302734375</ele>
        <time>2025-10-06T07:21:51.000Z</time>
        <extensions>
          <ns3:TrackPointExtension>
            <ns3:atemp>18.0</ns3:atemp>
            <ns3:hr>114</ns3:hr>
          </ns3:TrackPointExtension>
        </extensions>
      </trkpt>
      <trkpt lat="59.96642899699509143829345703125" lon="30.3135449253022670745849609375">
        <ele>-13.3999996185302734375</ele>
        <time>2025-10-06T07:21:52.000Z</time>
        <extensions>
          <ns3:TrackPointExtension>
            <ns3:atemp>18.0</ns3:atemp>
            <ns3:hr>117</ns3:hr>
          </ns3:TrackPointExtension>
        </extensions>
      </trkpt>
      <trkpt lat="59.9664290808141231536865234375" lon="30.31354115344583988189697265625">
        <ele>-13.6000003814697265625</ele>
        <time>2025-10-06T07:21:53.000Z</time>
        <extensions>
          <ns3:TrackPointExtension>
            <ns3:atemp>18.0</ns3:atemp>
            <ns3:hr>114</ns3:hr>
          </ns3:TrackPointExtension>
        </extensions>
      </trkpt>
      <trkpt lat="59.9664057791233062744140625" lon="30.31352925114333629608154296875">
        <ele>-13.3999996185302734375</ele>
        <time>2025-10-06T07:22:00.000Z</time>
        <extensions>
          <ns3:TrackPointExtension>
            <ns3:atemp>18.0</ns3:atemp>
            <ns3:hr>117</ns3:hr>
          </ns3:TrackPointExtension>
        </extensions>
      </trkpt>
      <trkpt lat="59.96640468947589397430419921875" lon="30.31352497637271881103515625">
        <ele>-13.3999996185302734375</ele>
        <time>2025-10-06T07:22:05.000Z</time>
        <extensions>
          <ns3:TrackPointExtension>
            <ns3:atemp>18.0</ns3:atemp>
            <ns3:hr>118</ns3:hr>
          </ns3:TrackPointExtension>
        </extensions>
      </trkpt>
      <trkpt lat="59.96640376746654510498046875" lon="30.313521288335323333740234375">
        <ele>-13.19999980926513671875</ele>
        <time>2025-10-06T07:22:08.000Z</time>
        <extensions>
          <ns3:TrackPointExtension>
            <ns3:atemp>18.0</ns3:atemp>
            <ns3:hr>115</ns3:hr>
          </ns3:TrackPointExtension>
        </extensions>
      </trkpt>
      <trkpt lat="59.9664076231420040130615234375" lon="30.313520617783069610595703125">
        <ele>-13</ele>
        <time>2025-10-06T07:22:14.000Z</time>
        <extensions>
          <ns3:TrackPointExtension>
            <ns3:atemp>18.0</ns3:atemp>
            <ns3:hr>118</ns3:hr>
          </ns3:TrackPointExtension>
        </extensions>
      </trkpt>
      <trkpt lat="59.96640804223716259002685546875" lon="30.3135207854211330413818359375">
        <ele>-13</ele>
        <time>2025-10-06T07:22:16.000Z</time>
        <extensions>
          <ns3:TrackPointExtension>
            <ns3:atemp>18.0</ns3:atemp>
            <ns3:hr>123</ns3:hr>
          </ns3:TrackPointExtension>
        </extensions>
      </trkpt>
      <trkpt lat="59.96640804223716259002685546875" lon="30.31352120451629161834716796875">
        <ele>-13</ele>
        <time>2025-10-06T07:22:19.000Z</time>
        <extensions>
          <ns3:TrackPointExtension>
            <ns3:atemp>17.0</ns3:atemp>
            <ns3:hr>125</ns3:hr>
          </ns3:TrackPointExtension>
        </extensions>
      </trkpt>
      <trkpt lat="59.966412819921970367431640625" lon="30.31352086924016475677490234375">
        <ele>-13.19999980926513671875</ele>
        <time>2025-10-06T07:22:28.000Z</time>
        <extensions>
          <ns3:TrackPointExtension>
            <ns3:atemp>17.0</ns3:atemp>
            <ns3:hr>122</ns3:hr>
          </ns3:TrackPointExtension>
        </extensions>
      </trkpt>
      <trkpt lat="59.966413490474224090576171875" lon="30.31352120451629161834716796875">
        <ele>-13.19999980926513671875</ele>
        <time>2025-10-06T07:22:31.000Z</time>
        <extensions>
          <ns3:TrackPointExtension>
            <ns3:atemp>17.0</ns3:atemp>
            <ns3:hr>121</ns3:hr>
          </ns3:TrackPointExtension>
        </extensions>
      </trkpt>
      <trkpt lat="59.96641315519809722900390625" lon="30.31352120451629161834716796875">
        <ele>-8.3999996185302734375</ele>
        <time>2025-10-06T07:22:32.000Z</time>
        <extensions>
          <ns3:TrackPointExtension>
            <ns3:atemp>17.0</ns3:atemp>
            <ns3:hr>120</ns3:hr>
          </ns3:TrackPointExtension>
        </extensions>
      </trkpt>
      <trkpt lat="59.96641625650227069854736328125" lon="30.313519276678562164306640625">
        <ele>-10.6000003814697265625</ele>
        <time>2025-10-06T07:22:36.000Z</time>
        <extensions>
          <ns3:TrackPointExtension>
            <ns3:atemp>17.0</ns3:atemp>
            <ns3:hr>120</ns3:hr>
          </ns3:TrackPointExtension>
        </extensions>
      </trkpt>
      <trkpt lat="59.9664165079593658447265625" lon="30.31351936049759387969970703125">
        <ele>-11.80000019073486328125</ele>
        <time>2025-10-06T07:22:37.000Z</time>
        <extensions>
          <ns3:TrackPointExtension>
            <ns3:atemp>17.0</ns3:atemp>
            <ns3:hr>119</ns3:hr>
          </ns3:TrackPointExtension>
        </extensions>
      </trkpt>
      <trkpt lat="59.96640971861779689788818359375" lon="30.313524305820465087890625">
        <ele>-12.6000003814697265625</ele>
        <time>2025-10-06T07:22:39.000Z</time>
        <extensions>
          <ns3:TrackPointExtension>
            <ns3:atemp>17.0</ns3:atemp>
            <ns3:hr>119</ns3:hr>
          </ns3:TrackPointExtension>
        </extensions>
      </trkpt>
      <trkpt lat="59.96639974415302276611328125" lon="30.3135348670184612274169921875">
        <ele>-12.80000019073486328125</ele>
        <time>2025-10-06T07:22:41.000Z</time>
        <extensions>
          <ns3:TrackPointExtension>
            <ns3:atemp>17.0</ns3:atemp>
            <ns3:hr>118</ns3:hr>
          </ns3:TrackPointExtension>
        </extensions>
      </trkpt>
      <trkpt lat="59.96637451462447643280029296875" lon="30.31353436410427093505859375">
        <ele>-12.80000019073486328125</ele>
        <time>2025-10-06T07:22:44.000Z</time>
        <extensions>
          <ns3:TrackPointExtension>
            <ns3:atemp>17.0</ns3:atemp>
            <ns3:hr>123</ns3:hr>
          </ns3:TrackPointExtension>
        </extensions>
      </trkpt>
      <trkpt lat="59.966349788010120391845703125" lon="30.31350888311862945556640625">
        <ele>-12.80000019073486328125</ele>
        <time>2025-10-06T07:22:46.000Z</time>
        <extensions>
          <ns3:TrackPointExtension>
            <ns3:atemp>17.0</ns3:atemp>
            <ns3:hr>120</ns3:hr>
          </ns3:TrackPointExtension>
        </extensions>
      </trkpt>
      <trkpt lat="59.96622615493834018707275390625" lon="30.31337854452431201934814453125">
        <ele>-13.3999996185302734375</ele>
        <time>2025-10-06T07:22:50.000Z</time>
        <extensions>
          <ns3:TrackPointExtension>
            <ns3:atemp>17.0</ns3:atemp>
            <ns3:hr>122</ns3:hr>
          </ns3:TrackPointExtension>
        </extensions>
      </trkpt>
      <trkpt lat="59.9659315310418605804443359375" lon="30.31296146102249622344970703125">
        <ele>-12.80000019073486328125</ele>
        <time>2025-10-06T07:22:58.000Z</time>
        <extensions>
          <ns3:TrackPointExtension>
            <ns3:atemp>18.0</ns3:atemp>
            <ns3:hr>120</ns3:hr>
          </ns3:TrackPointExtension>
        </extensions>
      </trkpt>
      <trkpt lat="59.96573899872601032257080078125" lon="30.3125136159360408782958984375">
        <ele>-13</ele>
        <time>2025-10-06T07:23:04.000Z</time>
        <extensions>
          <ns3:TrackPointExtension>
            <ns3:atemp>18.0</ns3:atemp>
            <ns3:hr>122</ns3:hr>
          </ns3:TrackPointExtension>
        </extensions>
      </trkpt>
      <trkpt lat="59.96547630988061428070068359375" lon="30.31182847917079925537109375">
        <ele>-13</ele>
        <time>2025-10-06T07:23:12.000Z</time>
        <extensions>
          <ns3:TrackPointExtension>
            <ns3:atemp>18.0</ns3:atemp>
            <ns3:hr>122</ns3:hr>
          </ns3:TrackPointExtension>
        </extensions>
      </trkpt>
      <trkpt lat="59.9652524292469024658203125" lon="30.31130687333643436431884765625">
        <ele>-13.3999996185302734375</ele>
        <time>2025-10-06T07:23:18.000Z</time>
        <extensions>
          <ns3:TrackPointExtension>
            <ns3:atemp>18.0</ns3:atemp>
            <ns3:hr>125</ns3:hr>
          </ns3:TrackPointExtension>
        </extensions>
      </trkpt>
      <trkpt lat="59.96521865017712116241455078125" lon="30.31123436987400054931640625">
        <ele>-13.3999996185302734375</ele>
        <time>2025-10-06T07:23:19.000Z</time>
        <extensions>
          <ns3:TrackPointExtension>
            <ns3:atemp>18.0</ns3:atemp>
            <ns3:hr>129</ns3:hr>
          </ns3:TrackPointExtension>
        </extensions>
      </trkpt>
      <trkpt lat="59.965142793953418731689453125" lon="30.31110688112676143646240234375">
        <ele>-13.3999996185302734375</ele>
        <time>2025-10-06T07:23:21.000Z</time>
        <extensions>
          <ns3:TrackPointExtension>
            <ns3:atemp>18.0</ns3:atemp>
            <ns3:hr>133</ns3:hr>
          </ns3:TrackPointExtension>
        </extensions>
      </trkpt>
      <trkpt lat="59.96493986807763576507568359375" lon="30.31071494333446025848388671875">
        <ele>-13.80000019073486328125</ele>
        <time>2025-10-06T07:23:27.000Z</time>
        <extensions>
          <ns3:TrackPointExtension>
            <ns3:atemp>18.0</ns3:atemp>
            <ns3:hr>135</ns3:hr>
          </ns3:TrackPointExtension>
        </extensions>
      </trkpt>
      <trkpt lat="59.964907430112361907958984375" lon="30.3106530010700225830078125">
        <ele>-13.80000019073486328125</ele>
        <time>2025-10-06T07:23:28.000Z</time>
        <extensions>
          <ns3:TrackPointExtension>
            <ns3:atemp>18.0</ns3:atemp>
            <ns3:hr>134</ns3:hr>
          </ns3:TrackPointExtension>
        </extensions>
      </trkpt>
      <trkpt lat="59.96470584534108638763427734375" lon="30.310483686625957489013671875">
        <ele>-14</ele>
        <time>2025-10-06T07:23:33.000Z</time>
        <extensions>
          <ns3:TrackPointExtension>
            <ns3:atemp>18.0</ns3:atemp>
            <ns3:hr>131</ns3:hr>
          </ns3:TrackPointExtension>
        </extensions>
      </trkpt>
      <trkpt lat="59.9646910093724727630615234375" lon="30.31046315096318721771240234375">
        <ele>-14.19999980926513671875</ele>
        <time>2025-10-06T07:23:34.000Z</time>
        <extensions>
          <ns3:TrackPointExtension>
            <ns3:atemp>18.0</ns3:atemp>
            <ns3:hr>131</ns3:hr>
          </ns3:TrackPointExtension>
        </extensions>
      </trkpt>
      <trkpt lat="59.96469922363758087158203125" lon="30.31043750233948230743408203125">
        <ele>-14.3999996185302734375</ele>
        <time>2025-10-06T07:23:37.000Z</time>
        <extensions>
          <ns3:TrackPointExtension>
            <ns3:atemp>18.0</ns3:atemp>
            <ns3:hr>130</ns3:hr>
          </ns3:TrackPointExtension>
        </extensions>
      </trkpt>
      <trkpt lat="59.96462068520486354827880859375" lon="30.31052350066602230072021484375">
        <ele>-14.19999980926513671875</ele>
        <time>2025-10-06T07:23:45.000Z</time>
        <extensions>
          <ns3:TrackPointExtension>
            <ns3:atemp>18.0</ns3:atemp>
            <ns3:hr>129</ns3:hr>
          </ns3:TrackPointExtension>
        </extensions>
      </trkpt>
      <trkpt lat="59.96462152339518070220947265625" lon="30.31051930971443653106689453125">
        <ele>-14.3999996185302734375</ele>
        <time>2025-10-06T07:23:51.000Z</time>
        <extensions>
          <ns3:TrackPointExtension>
            <ns3:atemp>18.0</ns3:atemp>
            <ns3:hr>132</ns3:hr>
          </ns3:TrackPointExtension>
        </extensions>
      </trkpt>
      <trkpt lat="59.96462252922356128692626953125" lon="30.31051729805767536163330078125">
        <ele>-14.3999996185302734375</ele>
        <time>2025-10-06T07:23:53.000Z</time>
        <extensions>
          <ns3:TrackPointExtension>
            <ns3:atemp>18.0</ns3:atemp>
            <ns3:hr>133</ns3:hr>
          </ns3:TrackPointExtension>
        </extensions>
      </trkpt>
      <trkpt lat="59.964607693254947662353515625" lon="30.31050749123096466064453125">
        <ele>-14.6000003814697265625</ele>
        <time>2025-10-06T07:23:57.000Z</time>
        <extensions>
          <ns3:TrackPointExtension>
            <ns3:atemp>18.0</ns3:atemp>
            <ns3:hr>133</ns3:hr>
          </ns3:TrackPointExtension>
        </extensions>
      </trkpt>
      <trkpt lat="59.96458346955478191375732421875" lon="30.31047756783664226531982421875">
        <ele>-14.6000003814697265625</ele>
        <time>2025-10-06T07:23:59.000Z</time>
        <extensions>
          <ns3:TrackPointExtension>
            <ns3:atemp>18.0</ns3:atemp>
            <ns3:hr>133</ns3:hr>
          </ns3:TrackPointExtension>
        </extensions>
      </trkpt>
      <trkpt lat="59.96447785757482051849365234375" lon="30.31035318039357662200927734375">
        <ele>-14.80000019073486328125</ele>
        <time>2025-10-06T07:24:03.000Z</time>
        <extensions>
          <ns3:TrackPointExtension>
            <ns3:atemp>18.0</ns3:atemp>
            <ns3:hr>130</ns3:hr>
          </ns3:TrackPointExtension>
        </extensions>
      </trkpt>
      <trkpt lat="59.96437459252774715423583984375" lon="30.310192666947841644287109375">
        <ele>-14.80000019073486328125</ele>
        <time>2025-10-06T07:24:06.000Z</time>
        <extensions>
          <ns3:TrackPointExtension>
            <ns3:atemp>18.0</ns3:atemp>
            <ns3:hr>131</ns3:hr>
          </ns3:TrackPointExtension>
        </extensions>
      </trkpt>
      <trkpt lat="59.96433251537382602691650390625" lon="30.31012904830276966094970703125">
        <ele>-14.80000019073486328125</ele>
        <time>2025-10-06T07:24:07.000Z</time>
        <extensions>
          <ns3:TrackPointExtension>
            <ns3:atemp>18.0</ns3:atemp>
            <ns3:hr>128</ns3:hr>
          </ns3:TrackPointExtension>
        </extensions>
      </trkpt>
      <trkpt lat="59.96428691782057285308837890625" lon="30.31005595810711383819580078125">
        <ele>-14.80000019073486328125</ele>
        <time>2025-10-06T07:24:08.000Z</time>
        <extensions>
          <ns3:TrackPointExtension>
            <ns3:atemp>18.0</ns3:atemp>
            <ns3:hr>129</ns3:hr>
          </ns3:TrackPointExtension>
        </extensions>
      </trkpt>
      <trkpt lat="59.964104779064655303955078125" lon="30.30974448658525943756103515625">
        <ele>-14</ele>
        <time>2025-10-06T07:24:12.000Z</time>
        <extensions>
          <ns3:TrackPointExtension>
            <ns3:atemp>18.0</ns3:atemp>
            <ns3:hr>126</ns3:hr>
          </ns3:TrackPointExtension>
        </extensions>
      </trkpt>
      <trkpt lat="59.96392247267067432403564453125" lon="30.30944961123168468475341796875">
        <ele>-13.6000003814697265625</ele>
        <time>2025-10-06T07:24:16.000Z</time>
        <extensions>
          <ns3:TrackPointExtension>
            <ns3:atemp>18.0</ns3:atemp>
            <ns3:hr>120</ns3:hr>
          </ns3:TrackPointExtension>
        </extensions>
      </trkpt>
      <trkpt lat="59.963877461850643157958984375" lon="30.3093687258660793304443359375">
        <ele>-13.6000003814697265625</ele>
        <time>2025-10-06T07:24:17.000Z</time>
        <extensions>
          <ns3:TrackPointExtension>
            <ns3:atemp>18.0</ns3:atemp>
            <ns3:hr>117</ns3:hr>
          </ns3:TrackPointExtension>
        </extensions>
      </trkpt>
      <trkpt lat="59.96383077464997768402099609375" lon="30.30929102562367916107177734375">
        <ele>-13.19999980926513671875</ele>
        <time>2025-10-06T07:24:18.000Z</time>
        <extensions>
          <ns3:TrackPointExtension>
            <ns3:atemp>18.0</ns3:atemp>
            <ns3:hr>112</ns3:hr>
          </ns3:TrackPointExtension>
        </extensions>
      </trkpt>
      <trkpt lat="59.9637247435748577117919921875" lon="30.30916898511350154876708984375">
        <ele>-13.19999980926513671875</ele>
        <time>2025-10-06T07:24:20.000Z</time>
        <extensions>
          <ns3:TrackPointExtension>
            <ns3:atemp>18.0</ns3:atemp>
            <ns3:hr>107</ns3:hr>
          </ns3:TrackPointExtension>
        </extensions>
      </trkpt>
      <trkpt lat="59.9636323750019073486328125" lon="30.30904644168913364410400390625">
        <ele>-13.19999980926513671875</ele>
        <time>2025-10-06T07:24:22.000Z</time>
        <extensions>
          <ns3:TrackPointExtension>
            <ns3:atemp>18.0</ns3:atemp>
            <ns3:hr>105</ns3:hr>
          </ns3:TrackPointExtension>
        </extensions>
      </trkpt>
      <trkpt lat="59.96342844329774379730224609375" lon="30.30872424133121967315673828125">
        <ele>-13.19999980926513671875</ele>
        <time>2025-10-06T07:24:27.000Z</time>
        <extensions>
          <ns3:TrackPointExtension>
            <ns3:atemp>18.0</ns3:atemp>
            <ns3:hr>102</ns3:hr>
          </ns3:TrackPointExtension>
        </extensions>
      </trkpt>
      <trkpt lat="59.96330321766436100006103515625" lon="30.30848954804241657257080078125">
        <ele>-13.19999980926513671875</ele>
        <time>2025-10-06T07:24:30.000Z</time>
        <extensions>
          <ns3:TrackPointExtension>
            <ns3:atemp>18.0</ns3:atemp>
            <ns3:hr>105</ns3:hr>
          </ns3:TrackPointExtension>
        </extensions>
      </trkpt>
      <trkpt lat="59.9630169756710529327392578125" lon="30.3079545311629772186279296875">
        <ele>-13.80000019073486328125</ele>
        <time>2025-10-06T07:24:37.000Z</time>
        <extensions>
          <ns3:TrackPointExtension>
            <ns3:atemp>18.0</ns3:atemp>
            <ns3:hr>101</ns3:hr>
          </ns3:TrackPointExtension>
        </extensions>
      </trkpt>
      <trkpt lat="59.96293877251446247100830078125" lon="30.30780055560171604156494140625">
        <ele>-13.80000019073486328125</ele>
        <time>2025-10-06T07:24:39.000Z</time>
        <extensions>
          <ns3:TrackPointExtension>
            <ns3:atemp>18.0</ns3:atemp>
            <ns3:hr>103</ns3:hr>
          </ns3:TrackPointExtension>
        </extensions>
      </trkpt>
      <trkpt lat="59.96271480806171894073486328125" lon="30.3073875792324542999267578125">
        <ele>-13.3999996185302734375</ele>
        <time>2025-10-06T07:24:45.000Z</time>
        <extensions>
          <ns3:TrackPointExtension>
            <ns3:atemp>18.0</ns3:atemp>
            <ns3:hr>106</ns3:hr>
          </ns3:TrackPointExtension>
        </extensions>
      </trkpt>
      <trkpt lat="59.96263928711414337158203125" lon="30.3072601743042469024658203125">
        <ele>-13.3999996185302734375</ele>
        <time>2025-10-06T07:24:47.000Z</time>
        <extensions>
          <ns3:TrackPointExtension>
            <ns3:atemp>18.0</ns3:atemp>
            <ns3:hr>107</ns3:hr>
          </ns3:TrackPointExtension>
        </extensions>
      </trkpt>
      <trkpt lat="59.9626131355762481689453125" lon="30.30714391730725765228271484375">
        <ele>-13.3999996185302734375</ele>
        <time>2025-10-06T07:24:49.000Z</time>
        <extensions>
          <ns3:TrackPointExtension>
            <ns3:atemp>18.0</ns3:atemp>
            <ns3:hr>105</ns3:hr>
          </ns3:TrackPointExtension>
        </extensions>
      </trkpt>
      <trkpt lat="59.962490089237689971923828125" lon="30.30693755485117435455322265625">
        <ele>-13.6000003814697265625</ele>
        <time>2025-10-06T07:24:52.000Z</time>
        <extensions>
          <ns3:TrackPointExtension>
            <ns3:atemp>18.0</ns3:atemp>
            <ns3:hr>107</ns3:hr>
          </ns3:TrackPointExtension>
        </extensions>
      </trkpt>
      <trkpt lat="59.9621435813605785369873046875" lon="30.30631997622549533843994140625">
        <ele>-13</ele>
        <time>2025-10-06T07:25:00.000Z</time>
        <extensions>
          <ns3:TrackPointExtension>
            <ns3:atemp>18.0</ns3:atemp>
            <ns3:hr>104</ns3:hr>
          </ns3:TrackPointExtension>
        </extensions>
      </trkpt>
      <trkpt lat="59.9620158411562442779541015625" lon="30.30610439367592334747314453125">
        <ele>-13</ele>
        <time>2025-10-06T07:25:03.000Z</time>
        <extensions>
          <ns3:TrackPointExtension>
            <ns3:atemp>18.0</ns3:atemp>
            <ns3:hr>107</ns3:hr>
          </ns3:TrackPointExtension>
        </extensions>
      </trkpt>
      <trkpt lat="59.9618703313171863555908203125" lon="30.30580666847527027130126953125">
        <ele>-12.80000019073486328125</ele>
        <time>2025-10-06T07:25:07.000Z</time>
        <extensions>
          <ns3:TrackPointExtension>
            <ns3:atemp>18.0</ns3:atemp>
            <ns3:hr>104</ns3:hr>
          </ns3:TrackPointExtension>
        </extensions>
      </trkpt>
      <trkpt lat="59.96182934381067752838134765625" lon="30.3057311475276947021484375">
        <ele>-12.80000019073486328125</ele>
        <time>2025-10-06T07:25:08.000Z</time>
        <extensions>
          <ns3:TrackPointExtension>
            <ns3:atemp>18.0</ns3:atemp>
            <ns3:hr>105</ns3:hr>
          </ns3:TrackPointExtension>
        </extensions>
      </trkpt>
      <trkpt lat="59.96160789392888545989990234375" lon="30.30532286502420902252197265625">
        <ele>-13</ele>
        <time>2025-10-06T07:25:14.000Z</time>
        <extensions>
          <ns3:TrackPointExtension>
            <ns3:atemp>18.0</ns3:atemp>
            <ns3:hr>106</ns3:hr>
          </ns3:TrackPointExtension>
        </extensions>
      </trkpt>
      <trkpt lat="59.96131871826946735382080078125" lon="30.30480771325528621673583984375">
        <ele>-13</ele>
        <time>2025-10-06T07:25:22.000Z</time>
        <extensions>
          <ns3:TrackPointExtension>
            <ns3:atemp>18.0</ns3:atemp>
            <ns3:hr>106</ns3:hr>
          </ns3:TrackPointExtension>
        </extensions>
      </trkpt>
      <trkpt lat="59.96113565750420093536376953125" lon="30.3045062161982059478759765625">
        <ele>-13.6000003814697265625</ele>
        <time>2025-10-06T07:25:28.000Z</time>
        <extensions>
          <ns3:TrackPointExtension>
            <ns3:atemp>18.0</ns3:atemp>
            <ns3:hr>104</ns3:hr>
          </ns3:TrackPointExtension>
        </extensions>
      </trkpt>
      <trkpt lat="59.96087933890521526336669921875" lon="30.30420673079788684844970703125">
        <ele>-13.80000019073486328125</ele>
        <time>2025-10-06T07:25:34.000Z</time>
        <extensions>
          <ns3:TrackPointExtension>
            <ns3:atemp>18.0</ns3:atemp>
            <ns3:hr>105</ns3:hr>
          </ns3:TrackPointExtension>
        </extensions>
      </trkpt>
      <trkpt lat="59.96081295423209667205810546875" lon="30.30407018959522247314453125">
        <ele>-14</ele>
        <time>2025-10-06T07:25:36.000Z</time>
        <extensions>
          <ns3:TrackPointExtension>
            <ns3:atemp>18.0</ns3:atemp>
            <ns3:hr>107</ns3:hr>
          </ns3:TrackPointExtension>
        </extensions>
      </trkpt>
      <trkpt lat="59.9605530314147472381591796875" lon="30.30365687794983386993408203125">
        <ele>-13</ele>
        <time>2025-10-06T07:25:43.000Z</time>
        <extensions>
          <ns3:TrackPointExtension>
            <ns3:atemp>18.0</ns3:atemp>
            <ns3:hr>103</ns3:hr>
          </ns3:TrackPointExtension>
        </extensions>
      </trkpt>
      <trkpt lat="59.96052226983010768890380859375" lon="30.3035956062376499176025390625">
        <ele>-13</ele>
        <time>2025-10-06T07:25:44.000Z</time>
        <extensions>
          <ns3:TrackPointExtension>
            <ns3:atemp>18.0</ns3:atemp>
            <ns3:hr>106</ns3:hr>
          </ns3:TrackPointExtension>
        </extensions>
      </trkpt>
      <trkpt lat="59.96037743054330348968505859375" lon="30.3033625893294811248779296875">
        <ele>-13.80000019073486328125</ele>
        <time>2025-10-06T07:25:50.000Z</time>
        <extensions>
          <ns3:TrackPointExtension>
            <ns3:atemp>18.0</ns3:atemp>
            <ns3:hr>105</ns3:hr>
          </ns3:TrackPointExtension>
        </extensions>
      </trkpt>
      <trkpt lat="59.9603059329092502593994140625" lon="30.30331942252814769744873046875">
        <ele>-14.3999996185302734375</ele>
        <time>2025-10-06T07:25:55.000Z</time>
        <extensions>
          <ns3:TrackPointExtension>
            <ns3:atemp>18.0</ns3:atemp>
            <ns3:hr>108</ns3:hr>
          </ns3:TrackPointExtension>
        </extensions>
      </trkpt>
      <trkpt lat="59.96028338558971881866455078125" lon="30.30332495458424091339111328125">
        <ele>-14.6000003814697265625</ele>
        <time>2025-10-06T07:25:56.000Z</time>
        <extensions>
          <ns3:TrackPointExtension>
            <ns3:atemp>18.0</ns3:atemp>
            <ns3:hr>109</ns3:hr>
          </ns3:TrackPointExtension>
        </extensions>
      </trkpt>
      <trkpt lat="59.96031439863145351409912109375" lon="30.303257815539836883544921875">
        <ele>-14.6000003814697265625</ele>
        <time>2025-10-06T07:26:01.000Z</time>
        <extensions>
          <ns3:TrackPointExtension>
            <ns3:atemp>18.0</ns3:atemp>
            <ns3:hr>106</ns3:hr>
          </ns3:TrackPointExtension>
        </extensions>
      </trkpt>
      <trkpt lat="59.96030802838504314422607421875" lon="30.30324214138090610504150390625">
        <ele>-14.80000019073486328125</ele>
        <time>2025-10-06T07:26:02.000Z</time>
        <extensions>
          <ns3:TrackPointExtension>
            <ns3:atemp>18.0</ns3:atemp>
            <ns3:hr>107</ns3:hr>
          </ns3:TrackPointExtension>
        </extensions>
      </trkpt>
      <trkpt lat="59.96024139225482940673828125" lon="30.30320157296955585479736328125">
        <ele>-14.6000003814697265625</ele>
        <time>2025-10-06T07:26:07.000Z</time>
        <extensions>
          <ns3:TrackPointExtension>
            <ns3:atemp>18.0</ns3:atemp>
            <ns3:hr>106</ns3:hr>
          </ns3:TrackPointExtension>
        </extensions>
      </trkpt>
      <trkpt lat="59.9601765163242816925048828125" lon="30.303169973194599151611328125">
        <ele>-14.80000019073486328125</ele>
        <time>2025-10-06T07:26:11.000Z</time>
        <extensions>
          <ns3:TrackPointExtension>
            <ns3:atemp>18.0</ns3:atemp>
            <ns3:hr>109</ns3:hr>
          </ns3:TrackPointExtension>
        </extensions>
      </trkpt>
      <trkpt lat="59.9601684696972370147705078125" lon="30.303154550492763519287109375">
        <ele>-14.80000019073486328125</ele>
        <time>2025-10-06T07:26:12.000Z</time>
        <extensions>
          <ns3:TrackPointExtension>
            <ns3:atemp>18.0</ns3:atemp>
            <ns3:hr>108</ns3:hr>
          </ns3:TrackPointExtension>
        </extensions>
      </trkpt>
      <trkpt lat="59.9601401388645172119140625" lon="30.30317273922264575958251953125">
        <ele>-14.80000019073486328125</ele>
        <time>2025-10-06T07:26:13.000Z</time>
        <extensions>
          <ns3:TrackPointExtension>
            <ns3:atemp>18.0</ns3:atemp>
            <ns3:hr>114</ns3:hr>
          </ns3:TrackPointExtension>
        </extensions>
      </trkpt>
      <trkpt lat="59.9601087905466556549072265625" lon="30.30315421521663665771484375">
        <ele>-14.80000019073486328125</ele>
        <time>2025-10-06T07:26:15.000Z</time>
        <extensions>
          <ns3:TrackPointExtension>
            <ns3:atemp>18.0</ns3:atemp>
            <ns3:hr>123</ns3:hr>
          </ns3:TrackPointExtension>
        </extensions>
      </trkpt>
      <trkpt lat="59.96007107198238372802734375" lon="30.3031651116907596588134765625">
        <ele>-14.80000019073486328125</ele>
        <time>2025-10-06T07:26:17.000Z</time>
        <extensions>
          <ns3:TrackPointExtension>
            <ns3:atemp>18.0</ns3:atemp>
            <ns3:hr>124</ns3:hr>
          </ns3:TrackPointExtension>
        </extensions>
      </trkpt>
      <trkpt lat="59.96006377972662448883056640625" lon="30.3031570650637149810791015625">
        <ele>-14.80000019073486328125</ele>
        <time>2025-10-06T07:26:20.000Z</time>
        <extensions>
          <ns3:TrackPointExtension>
            <ns3:atemp>18.0</ns3:atemp>
            <ns3:hr>123</ns3:hr>
          </ns3:TrackPointExtension>
        </extensions>
      </trkpt>
      <trkpt lat="59.9601030908524990081787109375" lon="30.30311658047139644622802734375">
        <ele>-14.80000019073486328125</ele>
        <time>2025-10-06T07:26:25.000Z</time>
        <extensions>
          <ns3:TrackPointExtension>
            <ns3:atemp>18.0</ns3:atemp>
            <ns3:hr>117</ns3:hr>
          </ns3:TrackPointExtension>
        </extensions>
      </trkpt>
      <trkpt lat="59.95995934121310710906982421875" lon="30.3032581508159637451171875">
        <ele>-14.80000019073486328125</ele>
        <time>2025-10-06T07:26:27.000Z</time>
        <extensions>
          <ns3:TrackPointExtension>
            <ns3:atemp>18.0</ns3:atemp>
            <ns3:hr>119</ns3:hr>
          </ns3:TrackPointExtension>
        </extensions>
      </trkpt>
      <trkpt lat="59.95985641144216060638427734375" lon="30.30308975838124752044677734375">
        <ele>-14.80000019073486328125</ele>
        <time>2025-10-06T07:26:31.000Z</time>
        <extensions>
          <ns3:TrackPointExtension>
            <ns3:atemp>18.0</ns3:atemp>
            <ns3:hr>119</ns3:hr>
          </ns3:TrackPointExtension>
        </extensions>
      </trkpt>
      <trkpt lat="59.959671087563037872314453125" lon="30.30279655940830707550048828125">
        <ele>-14.6000003814697265625</ele>
        <time>2025-10-06T07:26:37.000Z</time>
        <extensions>
          <ns3:TrackPointExtension>
            <ns3:atemp>18.0</ns3:atemp>
            <ns3:hr>119</ns3:hr>
          </ns3:TrackPointExtension>
        </extensions>
      </trkpt>
      <trkpt lat="59.95961048640310764312744140625" lon="30.30266429297626018524169921875">
        <ele>-14.6000003814697265625</ele>
        <time>2025-10-06T07:26:39.000Z</time>
        <extensions>
          <ns3:TrackPointExtension>
            <ns3:atemp>18.0</ns3:atemp>
            <ns3:hr>122</ns3:hr>
          </ns3:TrackPointExtension>
        </extensions>
      </trkpt>
      <trkpt lat="59.959527589380741119384765625" lon="30.30244820751249790191650390625">
        <ele>-14.6000003814697265625</ele>
        <time>2025-10-06T07:26:42.000Z</time>
        <extensions>
          <ns3:TrackPointExtension>
            <ns3:atemp>18.0</ns3:atemp>
            <ns3:hr>119</ns3:hr>
          </ns3:TrackPointExtension>
        </extensions>
      </trkpt>
      <trkpt lat="59.9594935588538646697998046875" lon="30.3023383207619190216064453125">
        <ele>-14.80000019073486328125</ele>
        <time>2025-10-06T07:26:44.000Z</time>
        <extensions>
          <ns3:TrackPointExtension>
            <ns3:atemp>18.0</ns3:atemp>
            <ns3:hr>120</ns3:hr>
          </ns3:TrackPointExtension>
        </extensions>
      </trkpt>
      <trkpt lat="59.9594134278595447540283203125" lon="30.30200229026377201080322265625">
        <ele>-14.6000003814697265625</ele>
        <time>2025-10-06T07:26:50.000Z</time>
        <extensions>
          <ns3:TrackPointExtension>
            <ns3:atemp>18.0</ns3:atemp>
            <ns3:hr>118</ns3:hr>
          </ns3:TrackPointExtension>
        </extensions>
      </trkpt>
      <trkpt lat="59.95923330076038837432861328125" lon="30.30170020647346973419189453125">
        <ele>-14.19999980926513671875</ele>
        <time>2025-10-06T07:26:55.000Z</time>
        <extensions>
          <ns3:TrackPointExtension>
            <ns3:atemp>18.0</ns3:atemp>
            <ns3:hr>116</ns3:hr>
          </ns3:TrackPointExtension>
        </extensions>
      </trkpt>
      <trkpt lat="59.95896407403051853179931640625" lon="30.30125093646347522735595703125">
        <ele>-14.19999980926513671875</ele>
        <time>2025-10-06T07:27:02.000Z</time>
        <extensions>
          <ns3:TrackPointExtension>
            <ns3:atemp>18.0</ns3:atemp>
            <ns3:hr>115</ns3:hr>
          </ns3:TrackPointExtension>
        </extensions>
      </trkpt>
      <trkpt lat="59.95880833826959133148193359375" lon="30.3009583242237567901611328125">
        <ele>-14.19999980926513671875</ele>
        <time>2025-10-06T07:27:06.000Z</time>
        <extensions>
          <ns3:TrackPointExtension>
            <ns3:atemp>18.0</ns3:atemp>
            <ns3:hr>112</ns3:hr>
          </ns3:TrackPointExtension>
        </extensions>
      </trkpt>
      <trkpt lat="59.9586386047303676605224609375" lon="30.3007075376808643341064453125">
        <ele>-14.3999996185302734375</ele>
        <time>2025-10-06T07:27:10.000Z</time>
        <extensions>
          <ns3:TrackPointExtension>
            <ns3:atemp>18.0</ns3:atemp>
            <ns3:hr>115</ns3:hr>
          </ns3:TrackPointExtension>
        </extensions>
      </trkpt>
      <trkpt lat="59.95859895832836627960205078125" lon="30.3006428293883800506591796875">
        <ele>-14.3999996185302734375</ele>
        <time>2025-10-06T07:27:11.000Z</time>
        <extensions>
          <ns3:TrackPointExtension>
            <ns3:atemp>18.0</ns3:atemp>
            <ns3:hr>116</ns3:hr>
          </ns3:TrackPointExtension>
        </extensions>
      </trkpt>
      <trkpt lat="59.95852746069431304931640625" lon="30.30049480497837066650390625">
        <ele>-14.6000003814697265625</ele>
        <time>2025-10-06T07:27:13.000Z</time>
        <extensions>
          <ns3:TrackPointExtension>
            <ns3:atemp>18.0</ns3:atemp>
            <ns3:hr>115</ns3:hr>
          </ns3:TrackPointExtension>
        </extensions>
      </trkpt>
      <trkpt lat="59.95837591588497161865234375" lon="30.3002165257930755615234375">
        <ele>-14.19999980926513671875</ele>
        <time>2025-10-06T07:27:17.000Z</time>
        <extensions>
          <ns3:TrackPointExtension>
            <ns3:atemp>18.0</ns3:atemp>
            <ns3:hr>116</ns3:hr>
          </ns3:TrackPointExtension>
        </extensions>
      </trkpt>
      <trkpt lat="59.9581571482121944427490234375" lon="30.29993330128490924835205078125">
        <ele>-14.3999996185302734375</ele>
        <time>2025-10-06T07:27:22.000Z</time>
        <extensions>
          <ns3:TrackPointExtension>
            <ns3:atemp>18.0</ns3:atemp>
            <ns3:hr>119</ns3:hr>
          </ns3:TrackPointExtension>
        </extensions>
      </trkpt>
      <trkpt lat="59.9580585770308971405029296875" lon="30.29978334903717041015625">
        <ele>-14.3999996185302734375</ele>
        <time>2025-10-06T07:27:25.000Z</time>
        <extensions>
          <ns3:TrackPointExtension>
            <ns3:atemp>18.0</ns3:atemp>
            <ns3:hr>116</ns3:hr>
          </ns3:TrackPointExtension>
        </extensions>
      </trkpt>
      <trkpt lat="59.9579164199531078338623046875" lon="30.29953482560813426971435546875">
        <ele>-14.6000003814697265625</ele>
        <time>2025-10-06T07:27:30.000Z</time>
        <extensions>
          <ns3:TrackPointExtension>
            <ns3:atemp>18.0</ns3:atemp>
            <ns3:hr>117</ns3:hr>
          </ns3:TrackPointExtension>
        </extensions>
      </trkpt>
      <trkpt lat="59.95790242217481136322021484375" lon="30.299442373216152191162109375">
        <ele>-14.80000019073486328125</ele>
        <time>2025-10-06T07:27:34.000Z</time>
        <extensions>
          <ns3:TrackPointExtension>
            <ns3:atemp>18.0</ns3:atemp>
            <ns3:hr>120</ns3:hr>
          </ns3:TrackPointExtension>
        </extensions>
      </trkpt>
      <trkpt lat="59.9579100497066974639892578125" lon="30.2994251064956188201904296875">
        <ele>-15</ele>
        <time>2025-10-06T07:27:36.000Z</time>
        <extensions>
          <ns3:TrackPointExtension>
            <ns3:atemp>18.0</ns3:atemp>
            <ns3:hr>121</ns3:hr>
          </ns3:TrackPointExtension>
        </extensions>
      </trkpt>
      <trkpt lat="59.95788515545427799224853515625" lon="30.2993650920689105987548828125">
        <ele>-15</ele>
        <time>2025-10-06T07:27:38.000Z</time>
        <extensions>
          <ns3:TrackPointExtension>
            <ns3:atemp>18.0</ns3:atemp>
            <ns3:hr>122</ns3:hr>
          </ns3:TrackPointExtension>
        </extensions>
      </trkpt>
      <trkpt lat="59.95781935751438140869140625" lon="30.29927096329629421234130859375">
        <ele>-14.80000019073486328125</ele>
        <time>2025-10-06T07:27:40.000Z</time>
        <extensions>
          <ns3:TrackPointExtension>
            <ns3:atemp>18.0</ns3:atemp>
            <ns3:hr>120</ns3:hr>
          </ns3:TrackPointExtension>
        </extensions>
      </trkpt>
      <trkpt lat="59.9577615223824977874755859375" lon="30.299103073775768280029296875">
        <ele>-14.80000019073486328125</ele>
        <time>2025-10-06T07:27:42.000Z</time>
        <extensions>
          <ns3:TrackPointExtension>
            <ns3:atemp>18.0</ns3:atemp>
            <ns3:hr>122</ns3:hr>
          </ns3:TrackPointExtension>
        </extensions>
      </trkpt>
      <trkpt lat="59.95759799145162105560302734375" lon="30.29880040325224399566650390625">
        <ele>-14.19999980926513671875</ele>
        <time>2025-10-06T07:27:46.000Z</time>
        <extensions>
          <ns3:TrackPointExtension>
            <ns3:atemp>18.0</ns3:atemp>
            <ns3:hr>119</ns3:hr>
          </ns3:TrackPointExtension>
        </extensions>
      </trkpt>
      <trkpt lat="59.95755842886865139007568359375" lon="30.29872748069465160369873046875">
        <ele>-13.6000003814697265625</ele>
        <time>2025-10-06T07:27:47.000Z</time>
        <extensions>
          <ns3:TrackPointExtension>
            <ns3:atemp>18.0</ns3:atemp>
            <ns3:hr>118</ns3:hr>
          </ns3:TrackPointExtension>
        </extensions>
      </trkpt>
      <trkpt lat="59.9574793875217437744140625" lon="30.29858247376978397369384765625">
        <ele>-13.19999980926513671875</ele>
        <time>2025-10-06T07:27:49.000Z</time>
        <extensions>
          <ns3:TrackPointExtension>
            <ns3:atemp>18.0</ns3:atemp>
            <ns3:hr>116</ns3:hr>
          </ns3:TrackPointExtension>
        </extensions>
      </trkpt>
      <trkpt lat="59.95744116604328155517578125" lon="30.29851089231669902801513671875">
        <ele>-13.19999980926513671875</ele>
        <time>2025-10-06T07:27:50.000Z</time>
        <extensions>
          <ns3:TrackPointExtension>
            <ns3:atemp>18.0</ns3:atemp>
            <ns3:hr>116</ns3:hr>
          </ns3:TrackPointExtension>
        </extensions>
      </trkpt>
      <trkpt lat="59.95731317438185214996337890625" lon="30.29833185486495494842529296875">
        <ele>-13.3999996185302734375</ele>
        <time>2025-10-06T07:27:53.000Z</time>
        <extensions>
          <ns3:TrackPointExtension>
            <ns3:atemp>18.0</ns3:atemp>
            <ns3:hr>119</ns3:hr>
          </ns3:TrackPointExtension>
        </extensions>
      </trkpt>
      <trkpt lat="59.957239665091037750244140625" lon="30.2982117421925067901611328125">
        <ele>-13.80000019073486328125</ele>
        <time>2025-10-06T07:27:55.000Z</time>
        <extensions>
          <ns3:TrackPointExtension>
            <ns3:atemp>18.0</ns3:atemp>
            <ns3:hr>119</ns3:hr>
          </ns3:TrackPointExtension>
        </extensions>
      </trkpt>
      <trkpt lat="59.9569665826857089996337890625" lon="30.29777982272207736968994140625">
        <ele>-14.19999980926513671875</ele>
        <time>2025-10-06T07:28:02.000Z</time>
        <extensions>
          <ns3:TrackPointExtension>
            <ns3:atemp>18.0</ns3:atemp>
            <ns3:hr>116</ns3:hr>
          </ns3:TrackPointExtension>
        </extensions>
      </trkpt>
      <trkpt lat="59.95692660100758075714111328125" lon="30.2977162040770053863525390625">
        <ele>-14.3999996185302734375</ele>
        <time>2025-10-06T07:28:03.000Z</time>
        <extensions>
          <ns3:TrackPointExtension>
            <ns3:atemp>18.0</ns3:atemp>
            <ns3:hr>115</ns3:hr>
          </ns3:TrackPointExtension>
        </extensions>
      </trkpt>
      <trkpt lat="59.9567962624132633209228515625" lon="30.29754437506198883056640625">
        <ele>-14.3999996185302734375</ele>
        <time>2025-10-06T07:28:06.000Z</time>
        <extensions>
          <ns3:TrackPointExtension>
            <ns3:atemp>18.0</ns3:atemp>
            <ns3:hr>118</ns3:hr>
          </ns3:TrackPointExtension>
        </extensions>
      </trkpt>
      <trkpt lat="59.95657070539891719818115234375" lon="30.29718889854848384857177734375">
        <ele>-14.6000003814697265625</ele>
        <time>2025-10-06T07:28:12.000Z</time>
        <extensions>
          <ns3:TrackPointExtension>
            <ns3:atemp>18.0</ns3:atemp>
            <ns3:hr>117</ns3:hr>
          </ns3:TrackPointExtension>
        </extensions>
      </trkpt>
      <trkpt lat="59.9563743174076080322265625" lon="30.2968977950513362884521484375">
        <ele>-14.6000003814697265625</ele>
        <time>2025-10-06T07:28:17.000Z</time>
        <extensions>
          <ns3:TrackPointExtension>
            <ns3:atemp>18.0</ns3:atemp>
            <ns3:hr>118</ns3:hr>
          </ns3:TrackPointExtension>
        </extensions>
      </trkpt>
      <trkpt lat="59.95630919001996517181396484375" lon="30.2967697195708751678466796875">
        <ele>-14.6000003814697265625</ele>
        <time>2025-10-06T07:28:19.000Z</time>
        <extensions>
          <ns3:TrackPointExtension>
            <ns3:atemp>18.0</ns3:atemp>
            <ns3:hr>118</ns3:hr>
          </ns3:TrackPointExtension>
        </extensions>
      </trkpt>
      <trkpt lat="59.9560620076954364776611328125" lon="30.29645740985870361328125">
        <ele>-14.3999996185302734375</ele>
        <time>2025-10-06T07:28:25.000Z</time>
        <extensions>
          <ns3:TrackPointExtension>
            <ns3:atemp>18.0</ns3:atemp>
            <ns3:hr>115</ns3:hr>
          </ns3:TrackPointExtension>
        </extensions>
      </trkpt>
      <trkpt lat="59.95590568520128726959228515625" lon="30.296234451234340667724609375">
        <ele>-14.6000003814697265625</ele>
        <time>2025-10-06T07:28:29.000Z</time>
        <extensions>
          <ns3:TrackPointExtension>
            <ns3:atemp>18.0</ns3:atemp>
            <ns3:hr>116</ns3:hr>
          </ns3:TrackPointExtension>
        </extensions>
      </trkpt>
      <trkpt lat="59.9555795453488826751708984375" lon="30.2958619594573974609375">
        <ele>-14.80000019073486328125</ele>
        <time>2025-10-06T07:28:37.000Z</time>
        <extensions>
          <ns3:TrackPointExtension>
            <ns3:atemp>18.0</ns3:atemp>
            <ns3:hr>116</ns3:hr>
          </ns3:TrackPointExtension>
        </extensions>
      </trkpt>
      <trkpt lat="59.95541743934154510498046875" lon="30.29561913572251796722412109375">
        <ele>-14.3999996185302734375</ele>
        <time>2025-10-06T07:28:42.000Z</time>
        <extensions>
          <ns3:TrackPointExtension>
            <ns3:atemp>18.0</ns3:atemp>
            <ns3:hr>113</ns3:hr>
          </ns3:TrackPointExtension>
        </extensions>
      </trkpt>
      <trkpt lat="59.9553518928587436676025390625" lon="30.2955198101699352264404296875">
        <ele>-14.3999996185302734375</ele>
        <time>2025-10-06T07:28:44.000Z</time>
        <extensions>
          <ns3:TrackPointExtension>
            <ns3:atemp>18.0</ns3:atemp>
            <ns3:hr>115</ns3:hr>
          </ns3:TrackPointExtension>
        </extensions>
      </trkpt>
      <trkpt lat="59.9551041238009929656982421875" lon="30.29512745328247547149658203125">
        <ele>-15</ele>
        <time>2025-10-06T07:28:51.000Z</time>
        <extensions>
          <ns3:TrackPointExtension>
            <ns3:atemp>18.0</ns3:atemp>
            <ns3:hr>115</ns3:hr>
          </ns3:TrackPointExtension>
        </extensions>
      </trkpt>
      <trkpt lat="59.95496054179966449737548828125" lon="30.2948842942714691162109375">
        <ele>-15.19999980926513671875</ele>
        <time>2025-10-06T07:28:55.000Z</time>
        <extensions>
          <ns3:TrackPointExtension>
            <ns3:atemp>18.0</ns3:atemp>
            <ns3:hr>118</ns3:hr>
          </ns3:TrackPointExtension>
        </extensions>
      </trkpt>
      <trkpt lat="59.95478502474725246429443359375" lon="30.294577516615390777587890625">
        <ele>-14.80000019073486328125</ele>
        <time>2025-10-06T07:29:00.000Z</time>
        <extensions>
          <ns3:TrackPointExtension>
            <ns3:atemp>18.0</ns3:atemp>
            <ns3:hr>118</ns3:hr>
          </ns3:TrackPointExtension>
        </extensions>
      </trkpt>
      <trkpt lat="59.95476163923740386962890625" lon="30.294500403106212615966796875">
        <ele>-14.80000019073486328125</ele>
        <time>2025-10-06T07:29:01.000Z</time>
        <extensions>
          <ns3:TrackPointExtension>
            <ns3:atemp>18.0</ns3:atemp>
            <ns3:hr>118</ns3:hr>
          </ns3:TrackPointExtension>
        </extensions>
      </trkpt>
      <trkpt lat="59.95469265617430210113525390625" lon="30.2942135743796825408935546875">
        <ele>-15.3999996185302734375</ele>
        <time>2025-10-06T07:29:05.000Z</time>
        <extensions>
          <ns3:TrackPointExtension>
            <ns3:atemp>18.0</ns3:atemp>
            <ns3:hr>119</ns3:hr>
          </ns3:TrackPointExtension>
        </extensions>
      </trkpt>
      <trkpt lat="59.95469332672655582427978515625" lon="30.29416353441774845123291015625">
        <ele>-15.3999996185302734375</ele>
        <time>2025-10-06T07:29:06.000Z</time>
        <extensions>
          <ns3:TrackPointExtension>
            <ns3:atemp>18.0</ns3:atemp>
            <ns3:hr>119</ns3:hr>
          </ns3:TrackPointExtension>
        </extensions>
      </trkpt>
      <trkpt lat="59.9547048099339008331298828125" lon="30.2941066212952136993408203125">
        <ele>-15.6000003814697265625</ele>
        <time>2025-10-06T07:29:08.000Z</time>
        <extensions>
          <ns3:TrackPointExtension>
            <ns3:atemp>18.0</ns3:atemp>
            <ns3:hr>121</ns3:hr>
          </ns3:TrackPointExtension>
        </extensions>
      </trkpt>
      <trkpt lat="59.95473993010818958282470703125" lon="30.294069238007068634033203125">
        <ele>-15.6000003814697265625</ele>
        <time>2025-10-06T07:29:10.000Z</time>
        <extensions>
          <ns3:TrackPointExtension>
            <ns3:atemp>18.0</ns3:atemp>
            <ns3:hr>118</ns3:hr>
          </ns3:TrackPointExtension>
        </extensions>
      </trkpt>
      <trkpt lat="59.954756610095500946044921875" lon="30.29405373148620128631591796875">
        <ele>-15.6000003814697265625</ele>
        <time>2025-10-06T07:29:12.000Z</time>
        <extensions>
          <ns3:TrackPointExtension>
            <ns3:atemp>18.0</ns3:atemp>
            <ns3:hr>123</ns3:hr>
          </ns3:TrackPointExtension>
        </extensions>
      </trkpt>
      <trkpt lat="59.9547279439866542816162109375" lon="30.294068567454814910888671875">
        <ele>-15.80000019073486328125</ele>
        <time>2025-10-06T07:29:13.000Z</time>
        <extensions>
          <ns3:TrackPointExtension>
            <ns3:atemp>18.0</ns3:atemp>
            <ns3:hr>124</ns3:hr>
          </ns3:TrackPointExtension>
        </extensions>
      </trkpt>
      <trkpt lat="59.95472953654825687408447265625" lon="30.29405423440039157867431640625">
        <ele>-15.80000019073486328125</ele>
        <time>2025-10-06T07:29:14.000Z</time>
        <extensions>
          <ns3:TrackPointExtension>
            <ns3:atemp>18.0</ns3:atemp>
            <ns3:hr>125</ns3:hr>
          </ns3:TrackPointExtension>
        </extensions>
      </trkpt>
      <trkpt lat="59.95471713133156299591064453125" lon="30.29404853470623493194580078125">
        <ele>-15.80000019073486328125</ele>
        <time>2025-10-06T07:29:22.000Z</time>
        <extensions>
          <ns3:TrackPointExtension>
            <ns3:atemp>18.0</ns3:atemp>
            <ns3:hr>125</ns3:hr>
          </ns3:TrackPointExtension>
        </extensions>
      </trkpt>
      <trkpt lat="59.95471545495092868804931640625" lon="30.294045768678188323974609375">
        <ele>-16</ele>
        <time>2025-10-06T07:29:28.000Z</time>
        <extensions>
          <ns3:TrackPointExtension>
            <ns3:atemp>18.0</ns3:atemp>
            <ns3:hr>122</ns3:hr>
          </ns3:TrackPointExtension>
        </extensions>
      </trkpt>
      <trkpt lat="59.95471595786511898040771484375" lon="30.2940459363162517547607421875">
        <ele>-16.200000762939453125</ele>
        <time>2025-10-06T07:29:34.000Z</time>
        <extensions>
          <ns3:TrackPointExtension>
            <ns3:atemp>18.0</ns3:atemp>
            <ns3:hr>123</ns3:hr>
          </ns3:TrackPointExtension>
        </extensions>
      </trkpt>
      <trkpt lat="59.95471579022705554962158203125" lon="30.29404551722109317779541015625">
        <ele>-16.3999996185302734375</ele>
        <time>2025-10-06T07:29:36.000Z</time>
        <extensions>
          <ns3:TrackPointExtension>
            <ns3:atemp>18.0</ns3:atemp>
            <ns3:hr>120</ns3:hr>
          </ns3:TrackPointExtension>
        </extensions>
      </trkpt>
      <trkpt lat="59.95470531284809112548828125" lon="30.294036380946636199951171875">
        <ele>-16.200000762939453125</ele>
        <time>2025-10-06T07:29:40.000Z</time>
        <extensions>
          <ns3:TrackPointExtension>
            <ns3:atemp>18.0</ns3:atemp>
            <ns3:hr>119</ns3:hr>
          </ns3:TrackPointExtension>
        </extensions>
      </trkpt>
      <trkpt lat="59.95468729175627231597900390625" lon="30.2940204553306102752685546875">
        <ele>-16.200000762939453125</ele>
        <time>2025-10-06T07:29:41.000Z</time>
        <extensions>
          <ns3:TrackPointExtension>
            <ns3:atemp>18.0</ns3:atemp>
            <ns3:hr>117</ns3:hr>
          </ns3:TrackPointExtension>
        </extensions>
      </trkpt>
      <trkpt lat="59.95461889542639255523681640625" lon="30.2939772047102451324462890625">
        <ele>-16</ele>
        <time>2025-10-06T07:29:43.000Z</time>
        <extensions>
          <ns3:TrackPointExtension>
            <ns3:atemp>18.0</ns3:atemp>
            <ns3:hr>117</ns3:hr>
          </ns3:TrackPointExtension>
        </extensions>
      </trkpt>
      <trkpt lat="59.95458855293691158294677734375" lon="30.2939272485673427581787109375">
        <ele>-16</ele>
        <time>2025-10-06T07:29:44.000Z</time>
        <extensions>
          <ns3:TrackPointExtension>
            <ns3:atemp>18.0</ns3:atemp>
            <ns3:hr>118</ns3:hr>
          </ns3:TrackPointExtension>
        </extensions>
      </trkpt>
      <trkpt lat="59.954558797180652618408203125" lon="30.29387368820607662200927734375">
        <ele>-16</ele>
        <time>2025-10-06T07:29:45.000Z</time>
        <extensions>
          <ns3:TrackPointExtension>
            <ns3:atemp>18.0</ns3:atemp>
            <ns3:hr>116</ns3:hr>
          </ns3:TrackPointExtension>
        </extensions>
      </trkpt>
      <trkpt lat="59.95445494540035724639892578125" lon="30.293741337954998016357421875">
        <ele>-15.80000019073486328125</ele>
        <time>2025-10-06T07:29:48.000Z</time>
        <extensions>
          <ns3:TrackPointExtension>
            <ns3:atemp>18.0</ns3:atemp>
            <ns3:hr>119</ns3:hr>
          </ns3:TrackPointExtension>
        </extensions>
      </trkpt>
      <trkpt lat="59.9544201605021953582763671875" lon="30.29369414784014225006103515625">
        <ele>-15.6000003814697265625</ele>
        <time>2025-10-06T07:29:49.000Z</time>
        <extensions>
          <ns3:TrackPointExtension>
            <ns3:atemp>18.0</ns3:atemp>
            <ns3:hr>118</ns3:hr>
          </ns3:TrackPointExtension>
        </extensions>
      </trkpt>
      <trkpt lat="59.95439006946980953216552734375" lon="30.2936318702995777130126953125">
        <ele>-15.6000003814697265625</ele>
        <time>2025-10-06T07:29:50.000Z</time>
        <extensions>
          <ns3:TrackPointExtension>
            <ns3:atemp>18.0</ns3:atemp>
            <ns3:hr>118</ns3:hr>
          </ns3:TrackPointExtension>
        </extensions>
      </trkpt>
      <trkpt lat="59.9540791846811771392822265625" lon="30.29311596415936946868896484375">
        <ele>-15.3999996185302734375</ele>
        <time>2025-10-06T07:29:59.000Z</time>
        <extensions>
          <ns3:TrackPointExtension>
            <ns3:atemp>18.0</ns3:atemp>
            <ns3:hr>120</ns3:hr>
          </ns3:TrackPointExtension>
        </extensions>
      </trkpt>
      <trkpt lat="59.95380400680005550384521484375" lon="30.29265495948493480682373046875">
        <ele>-15</ele>
        <time>2025-10-06T07:30:07.000Z</time>
        <extensions>
          <ns3:TrackPointExtension>
            <ns3:atemp>18.0</ns3:atemp>
            <ns3:hr>120</ns3:hr>
          </ns3:TrackPointExtension>
        </extensions>
      </trkpt>
      <trkpt lat="59.95376913808286190032958984375" lon="30.29259745962917804718017578125">
        <ele>-14.80000019073486328125</ele>
        <time>2025-10-06T07:30:08.000Z</time>
        <extensions>
          <ns3:TrackPointExtension>
            <ns3:atemp>18.0</ns3:atemp>
            <ns3:hr>123</ns3:hr>
          </ns3:TrackPointExtension>
        </extensions>
      </trkpt>
      <trkpt lat="59.95373703539371490478515625" lon="30.29253593645989894866943359375">
        <ele>-14.80000019073486328125</ele>
        <time>2025-10-06T07:30:09.000Z</time>
        <extensions>
          <ns3:TrackPointExtension>
            <ns3:atemp>18.0</ns3:atemp>
            <ns3:hr>122</ns3:hr>
          </ns3:TrackPointExtension>
        </extensions>
      </trkpt>
      <trkpt lat="59.95355959050357341766357421875" lon="30.2922646142542362213134765625">
        <ele>-14.80000019073486328125</ele>
        <time>2025-10-06T07:30:14.000Z</time>
        <extensions>
          <ns3:TrackPointExtension>
            <ns3:atemp>18.0</ns3:atemp>
            <ns3:hr>121</ns3:hr>
          </ns3:TrackPointExtension>
        </extensions>
      </trkpt>
      <trkpt lat="59.95326370932161808013916015625" lon="30.291877202689647674560546875">
        <ele>-15</ele>
        <time>2025-10-06T07:30:22.000Z</time>
        <extensions>
          <ns3:TrackPointExtension>
            <ns3:atemp>18.0</ns3:atemp>
            <ns3:hr>122</ns3:hr>
          </ns3:TrackPointExtension>
        </extensions>
      </trkpt>
      <trkpt lat="59.9531172774732112884521484375" lon="30.291642509400844573974609375">
        <ele>-15.19999980926513671875</ele>
        <time>2025-10-06T07:30:27.000Z</time>
        <extensions>
          <ns3:TrackPointExtension>
            <ns3:atemp>18.0</ns3:atemp>
            <ns3:hr>121</ns3:hr>
          </ns3:TrackPointExtension>
        </extensions>
      </trkpt>
      <trkpt lat="59.95296196080744266510009765625" lon="30.29139784164726734161376953125">
        <ele>-15</ele>
        <time>2025-10-06T07:30:33.000Z</time>
        <extensions>
          <ns3:TrackPointExtension>
            <ns3:atemp>18.0</ns3:atemp>
            <ns3:hr>120</ns3:hr>
          </ns3:TrackPointExtension>
        </extensions>
      </trkpt>
      <trkpt lat="59.952840171754360198974609375" lon="30.29113590717315673828125">
        <ele>-15</ele>
        <time>2025-10-06T07:30:38.000Z</time>
        <extensions>
          <ns3:TrackPointExtension>
            <ns3:atemp>18.0</ns3:atemp>
            <ns3:hr>119</ns3:hr>
          </ns3:TrackPointExtension>
        </extensions>
      </trkpt>
      <trkpt lat="59.952805303037166595458984375" lon="30.29107480309903621673583984375">
        <ele>-15.3999996185302734375</ele>
        <time>2025-10-06T07:30:41.000Z</time>
        <extensions>
          <ns3:TrackPointExtension>
            <ns3:atemp>18.0</ns3:atemp>
            <ns3:hr>118</ns3:hr>
          </ns3:TrackPointExtension>
        </extensions>
      </trkpt>
      <trkpt lat="59.952794574201107025146484375" lon="30.2910777367651462554931640625">
        <ele>-15.3999996185302734375</ele>
        <time>2025-10-06T07:30:42.000Z</time>
        <extensions>
          <ns3:TrackPointExtension>
            <ns3:atemp>18.0</ns3:atemp>
            <ns3:hr>119</ns3:hr>
          </ns3:TrackPointExtension>
        </extensions>
      </trkpt>
      <trkpt lat="59.95271955616772174835205078125" lon="30.29113389551639556884765625">
        <ele>-15.6000003814697265625</ele>
        <time>2025-10-06T07:30:46.000Z</time>
        <extensions>
          <ns3:TrackPointExtension>
            <ns3:atemp>18.0</ns3:atemp>
            <ns3:hr>122</ns3:hr>
          </ns3:TrackPointExtension>
        </extensions>
      </trkpt>
      <trkpt lat="59.95269776321947574615478515625" lon="30.29114185832440853118896484375">
        <ele>-15.6000003814697265625</ele>
        <time>2025-10-06T07:30:47.000Z</time>
        <extensions>
          <ns3:TrackPointExtension>
            <ns3:atemp>18.0</ns3:atemp>
            <ns3:hr>121</ns3:hr>
          </ns3:TrackPointExtension>
        </extensions>
      </trkpt>
      <trkpt lat="59.95267429389059543609619140625" lon="30.291098020970821380615234375">
        <ele>-15.80000019073486328125</ele>
        <time>2025-10-06T07:30:49.000Z</time>
        <extensions>
          <ns3:TrackPointExtension>
            <ns3:atemp>18.0</ns3:atemp>
            <ns3:hr>119</ns3:hr>
          </ns3:TrackPointExtension>
        </extensions>
      </trkpt>
      <trkpt lat="59.9526219069957733154296875" lon="30.29100439511239528656005859375">
        <ele>-16.200000762939453125</ele>
        <time>2025-10-06T07:30:53.000Z</time>
        <extensions>
          <ns3:TrackPointExtension>
            <ns3:atemp>18.0</ns3:atemp>
            <ns3:hr>120</ns3:hr>
          </ns3:TrackPointExtension>
        </extensions>
      </trkpt>
      <trkpt lat="59.95252509601414203643798828125" lon="30.29099416919052600860595703125">
        <ele>-16.200000762939453125</ele>
        <time>2025-10-06T07:30:57.000Z</time>
        <extensions>
          <ns3:TrackPointExtension>
            <ns3:atemp>18.0</ns3:atemp>
            <ns3:hr>116</ns3:hr>
          </ns3:TrackPointExtension>
        </extensions>
      </trkpt>
      <trkpt lat="59.95250858366489410400390625" lon="30.29099651612341403961181640625">
        <ele>-16.200000762939453125</ele>
        <time>2025-10-06T07:30:58.000Z</time>
        <extensions>
          <ns3:TrackPointExtension>
            <ns3:atemp>18.0</ns3:atemp>
            <ns3:hr>113</ns3:hr>
          </ns3:TrackPointExtension>
        </extensions>
      </trkpt>
      <trkpt lat="59.9524403549730777740478515625" lon="30.29100120998919010162353515625">
        <ele>-16.200000762939453125</ele>
        <time>2025-10-06T07:31:00.000Z</time>
        <extensions>
          <ns3:TrackPointExtension>
            <ns3:atemp>18.0</ns3:atemp>
            <ns3:hr>117</ns3:hr>
          </ns3:TrackPointExtension>
        </extensions>
      </trkpt>
      <trkpt lat="59.9523629061877727508544921875" lon="30.29106809757649898529052734375">
        <ele>-16.200000762939453125</ele>
        <time>2025-10-06T07:31:03.000Z</time>
        <extensions>
          <ns3:TrackPointExtension>
            <ns3:atemp>18.0</ns3:atemp>
            <ns3:hr>115</ns3:hr>
          </ns3:TrackPointExtension>
        </extensions>
      </trkpt>
      <trkpt lat="59.952229969203472137451171875" lon="30.2912504039704799652099609375">
        <ele>-16.3999996185302734375</ele>
        <time>2025-10-06T07:31:08.000Z</time>
        <extensions>
          <ns3:TrackPointExtension>
            <ns3:atemp>18.0</ns3:atemp>
            <ns3:hr>113</ns3:hr>
          </ns3:TrackPointExtension>
        </extensions>
      </trkpt>
      <trkpt lat="59.95223105885088443756103515625" lon="30.29123070649802684783935546875">
        <ele>-16.3999996185302734375</ele>
        <time>2025-10-06T07:31:15.000Z</time>
        <extensions>
          <ns3:TrackPointExtension>
            <ns3:atemp>18.0</ns3:atemp>
            <ns3:hr>108</ns3:hr>
          </ns3:TrackPointExtension>
        </extensions>
      </trkpt>
      <trkpt lat="59.95224078185856342315673828125" lon="30.29125769622623920440673828125">
        <ele>-16.6000003814697265625</ele>
        <time>2025-10-06T07:31:16.000Z</time>
        <extensions>
          <ns3:TrackPointExtension>
            <ns3:atemp>18.0</ns3:atemp>
            <ns3:hr>104</ns3:hr>
          </ns3:TrackPointExtension>
        </extensions>
      </trkpt>
      <trkpt lat="59.95225268416106700897216796875" lon="30.291235148906707763671875">
        <ele>-17</ele>
        <time>2025-10-06T07:31:17.000Z</time>
        <extensions>
          <ns3:TrackPointExtension>
            <ns3:atemp>18.0</ns3:atemp>
            <ns3:hr>107</ns3:hr>
          </ns3:TrackPointExtension>
        </extensions>
      </trkpt>
      <trkpt lat="59.9522562883794307708740234375" lon="30.29123984277248382568359375">
        <ele>-17.799999237060546875</ele>
        <time>2025-10-06T07:31:19.000Z</time>
        <extensions>
          <ns3:TrackPointExtension>
            <ns3:atemp>18.0</ns3:atemp>
            <ns3:hr>104</ns3:hr>
          </ns3:TrackPointExtension>
        </extensions>
      </trkpt>
      <trkpt lat="59.9522566236555576324462890625" lon="30.2912483923137187957763671875">
        <ele>-18.200000762939453125</ele>
        <time>2025-10-06T07:31:20.000Z</time>
        <extensions>
          <ns3:TrackPointExtension>
            <ns3:atemp>18.0</ns3:atemp>
            <ns3:hr>104</ns3:hr>
          </ns3:TrackPointExtension>
        </extensions>
      </trkpt>
      <trkpt lat="59.952260814607143402099609375" lon="30.29124864377081394195556640625">
        <ele>-18.3999996185302734375</ele>
        <time>2025-10-06T07:31:21.000Z</time>
        <extensions>
          <ns3:TrackPointExtension>
            <ns3:atemp>18.0</ns3:atemp>
            <ns3:hr>103</ns3:hr>
          </ns3:TrackPointExtension>
        </extensions>
      </trkpt>
      <trkpt lat="59.95225301943719387054443359375" lon="30.29125082306563854217529296875">
        <ele>-19.200000762939453125</ele>
        <time>2025-10-06T07:31:24.000Z</time>
        <extensions>
          <ns3:TrackPointExtension>
            <ns3:atemp>18.0</ns3:atemp>
            <ns3:hr>103</ns3:hr>
          </ns3:TrackPointExtension>
        </extensions>
      </trkpt>
      <trkpt lat="59.9517765082418918609619140625" lon="30.290602147579193115234375">
        <ele>-19.3999996185302734375</ele>
        <time>2025-10-06T07:31:59.000Z</time>
        <extensions>
          <ns3:TrackPointExtension>
            <ns3:atemp>18.0</ns3:atemp>
            <ns3:hr>113</ns3:hr>
          </ns3:TrackPointExtension>
        </extensions>
      </trkpt>
      <trkpt lat="59.9517704732716083526611328125" lon="30.29056903906166553497314453125">
        <ele>-19</ele>
        <time>2025-10-06T07:32:00.000Z</time>
        <extensions>
          <ns3:TrackPointExtension>
            <ns3:atemp>18.0</ns3:atemp>
            <ns3:hr>112</ns3:hr>
          </ns3:TrackPointExtension>
        </extensions>
      </trkpt>
      <trkpt lat="59.95176737196743488311767578125" lon="30.290566943585872650146484375">
        <ele>-18.799999237060546875</ele>
        <time>2025-10-06T07:32:01.000Z</time>
        <extensions>
          <ns3:TrackPointExtension>
            <ns3:atemp>18.0</ns3:atemp>
            <ns3:hr>113</ns3:hr>
          </ns3:TrackPointExtension>
        </extensions>
      </trkpt>
      <trkpt lat="59.95176452212035655975341796875" lon="30.29063391499221324920654296875">
        <ele>-18</ele>
        <time>2025-10-06T07:32:04.000Z</time>
        <extensions>
          <ns3:TrackPointExtension>
            <ns3:atemp>18.0</ns3:atemp>
            <ns3:hr>114</ns3:hr>
          </ns3:TrackPointExtension>
        </extensions>
      </trkpt>
      <trkpt lat="59.9517657794058322906494140625" lon="30.2906509302556514739990234375">
        <ele>-17.6000003814697265625</ele>
        <time>2025-10-06T07:32:06.000Z</time>
        <extensions>
          <ns3:TrackPointExtension>
            <ns3:atemp>18.0</ns3:atemp>
            <ns3:hr>115</ns3:hr>
          </ns3:TrackPointExtension>
        </extensions>
      </trkpt>
      <trkpt lat="59.951766617596149444580078125" lon="30.29065084643661975860595703125">
        <ele>-17.3999996185302734375</ele>
        <time>2025-10-06T07:32:07.000Z</time>
        <extensions>
          <ns3:TrackPointExtension>
            <ns3:atemp>18.0</ns3:atemp>
            <ns3:hr>112</ns3:hr>
          </ns3:TrackPointExtension>
        </extensions>
      </trkpt>
      <trkpt lat="59.9517691321671009063720703125" lon="30.29066056944429874420166015625">
        <ele>-17</ele>
        <time>2025-10-06T07:32:08.000Z</time>
        <extensions>
          <ns3:TrackPointExtension>
            <ns3:atemp>18.0</ns3:atemp>
            <ns3:hr>110</ns3:hr>
          </ns3:TrackPointExtension>
        </extensions>
      </trkpt>
      <trkpt lat="59.9517775140702724456787109375" lon="30.29069610871374607086181640625">
        <ele>-16.3999996185302734375</ele>
        <time>2025-10-06T07:32:10.000Z</time>
        <extensions>
          <ns3:TrackPointExtension>
            <ns3:atemp>18.0</ns3:atemp>
            <ns3:hr>106</ns3:hr>
          </ns3:TrackPointExtension>
        </extensions>
      </trkpt>
      <trkpt lat="59.95177525095641613006591796875" lon="30.29069392941892147064208984375">
        <ele>-16</ele>
        <time>2025-10-06T07:32:12.000Z</time>
        <extensions>
          <ns3:TrackPointExtension>
            <ns3:atemp>18.0</ns3:atemp>
            <ns3:hr>105</ns3:hr>
          </ns3:TrackPointExtension>
        </extensions>
      </trkpt>
      <trkpt lat="59.95177273638546466827392578125" lon="30.29068789444863796234130859375">
        <ele>-10.3999996185302734375</ele>
        <time>2025-10-06T07:32:13.000Z</time>
        <extensions>
          <ns3:TrackPointExtension>
            <ns3:atemp>18.0</ns3:atemp>
            <ns3:hr>106</ns3:hr>
          </ns3:TrackPointExtension>
        </extensions>
      </trkpt>
      <trkpt lat="59.95176938362419605255126953125" lon="30.29068336822092533111572265625">
        <ele>-10.3999996185302734375</ele>
        <time>2025-10-06T07:32:14.000Z</time>
        <extensions>
          <ns3:TrackPointExtension>
            <ns3:atemp>18.0</ns3:atemp>
            <ns3:hr>107</ns3:hr>
          </ns3:TrackPointExtension>
        </extensions>
      </trkpt>
      <trkpt lat="59.95176427066326141357421875" lon="30.29068194329738616943359375">
        <ele>-13</ele>
        <time>2025-10-06T07:32:17.000Z</time>
        <extensions>
          <ns3:TrackPointExtension>
            <ns3:atemp>18.0</ns3:atemp>
            <ns3:hr>106</ns3:hr>
          </ns3:TrackPointExtension>
        </extensions>
      </trkpt>
      <trkpt lat="59.9517636001110076904296875" lon="30.2906864695250988006591796875">
        <ele>-14.19999980926513671875</ele>
        <time>2025-10-06T07:32:18.000Z</time>
        <extensions>
          <ns3:TrackPointExtension>
            <ns3:atemp>18.0</ns3:atemp>
            <ns3:hr>107</ns3:hr>
          </ns3:TrackPointExtension>
        </extensions>
      </trkpt>
      <trkpt lat="59.95175580494105815887451171875" lon="30.29064648784697055816650390625">
        <ele>-15.3999996185302734375</ele>
        <time>2025-10-06T07:32:21.000Z</time>
        <extensions>
          <ns3:TrackPointExtension>
            <ns3:atemp>18.0</ns3:atemp>
            <ns3:hr>107</ns3:hr>
          </ns3:TrackPointExtension>
        </extensions>
      </trkpt>
      <trkpt lat="59.95177223347127437591552734375" lon="30.29062352143228054046630859375">
        <ele>-15.3999996185302734375</ele>
        <time>2025-10-06T07:32:23.000Z</time>
        <extensions>
          <ns3:TrackPointExtension>
            <ns3:atemp>18.0</ns3:atemp>
            <ns3:hr>107</ns3:hr>
          </ns3:TrackPointExtension>
        </extensions>
      </trkpt>
      <trkpt lat="59.95180861093103885650634765625" lon="30.2904913388192653656005859375">
        <ele>-15.3999996185302734375</ele>
        <time>2025-10-06T07:32:26.000Z</time>
        <extensions>
          <ns3:TrackPointExtension>
            <ns3:atemp>18.0</ns3:atemp>
            <ns3:hr>110</ns3:hr>
          </ns3:TrackPointExtension>
        </extensions>
      </trkpt>
      <trkpt lat="59.95183727703988552093505859375" lon="30.2903273887932300567626953125">
        <ele>-15.3999996185302734375</ele>
        <time>2025-10-06T07:32:29.000Z</time>
        <extensions>
          <ns3:TrackPointExtension>
            <ns3:atemp>17.0</ns3:atemp>
            <ns3:hr>107</ns3:hr>
          </ns3:TrackPointExtension>
        </extensions>
      </trkpt>
      <trkpt lat="59.9518252909183502197265625" lon="30.29019654728472232818603515625">
        <ele>-15.3999996185302734375</ele>
        <time>2025-10-06T07:32:32.000Z</time>
        <extensions>
          <ns3:TrackPointExtension>
            <ns3:atemp>17.0</ns3:atemp>
            <ns3:hr>109</ns3:hr>
          </ns3:TrackPointExtension>
        </extensions>
      </trkpt>
      <trkpt lat="59.95180492289364337921142578125" lon="30.29015162028372287750244140625">
        <ele>-15.3999996185302734375</ele>
        <time>2025-10-06T07:32:33.000Z</time>
        <extensions>
          <ns3:TrackPointExtension>
            <ns3:atemp>17.0</ns3:atemp>
            <ns3:hr>109</ns3:hr>
          </ns3:TrackPointExtension>
        </extensions>
      </trkpt>
      <trkpt lat="59.9517872370779514312744140625" lon="30.29010484926402568817138671875">
        <ele>-15.3999996185302734375</ele>
        <time>2025-10-06T07:32:34.000Z</time>
        <extensions>
          <ns3:TrackPointExtension>
            <ns3:atemp>17.0</ns3:atemp>
            <ns3:hr>109</ns3:hr>
          </ns3:TrackPointExtension>
        </extensions>
      </trkpt>
      <trkpt lat="59.95167885906994342803955078125" lon="30.289984233677387237548828125">
        <ele>-15.3999996185302734375</ele>
        <time>2025-10-06T07:32:37.000Z</time>
        <extensions>
          <ns3:TrackPointExtension>
            <ns3:atemp>17.0</ns3:atemp>
            <ns3:hr>109</ns3:hr>
          </ns3:TrackPointExtension>
        </extensions>
      </trkpt>
      <trkpt lat="59.9516393803060054779052734375" lon="30.28992447070777416229248046875">
        <ele>-15.19999980926513671875</ele>
        <time>2025-10-06T07:32:38.000Z</time>
        <extensions>
          <ns3:TrackPointExtension>
            <ns3:atemp>17.0</ns3:atemp>
            <ns3:hr>112</ns3:hr>
          </ns3:TrackPointExtension>
        </extensions>
      </trkpt>
      <trkpt lat="59.9515746720135211944580078125" lon="30.28983344323933124542236328125">
        <ele>-14.80000019073486328125</ele>
        <time>2025-10-06T07:32:40.000Z</time>
        <extensions>
          <ns3:TrackPointExtension>
            <ns3:atemp>17.0</ns3:atemp>
            <ns3:hr>109</ns3:hr>
          </ns3:TrackPointExtension>
        </extensions>
      </trkpt>
      <trkpt lat="59.95150334201753139495849609375" lon="30.28973646461963653564453125">
        <ele>-14.6000003814697265625</ele>
        <time>2025-10-06T07:32:42.000Z</time>
        <extensions>
          <ns3:TrackPointExtension>
            <ns3:atemp>17.0</ns3:atemp>
            <ns3:hr>112</ns3:hr>
          </ns3:TrackPointExtension>
        </extensions>
      </trkpt>
      <trkpt lat="59.9514284916222095489501953125" lon="30.2895897813141345977783203125">
        <ele>-14.80000019073486328125</ele>
        <time>2025-10-06T07:32:45.000Z</time>
        <extensions>
          <ns3:TrackPointExtension>
            <ns3:atemp>17.0</ns3:atemp>
            <ns3:hr>114</ns3:hr>
          </ns3:TrackPointExtension>
        </extensions>
      </trkpt>
      <trkpt lat="59.95137325488030910491943359375" lon="30.28950705192983150482177734375">
        <ele>-14.6000003814697265625</ele>
        <time>2025-10-06T07:32:47.000Z</time>
        <extensions>
          <ns3:TrackPointExtension>
            <ns3:atemp>17.0</ns3:atemp>
            <ns3:hr>110</ns3:hr>
          </ns3:TrackPointExtension>
        </extensions>
      </trkpt>
      <trkpt lat="59.95131458155810832977294921875" lon="30.28941518627107143402099609375">
        <ele>-14.3999996185302734375</ele>
        <time>2025-10-06T07:32:49.000Z</time>
        <extensions>
          <ns3:TrackPointExtension>
            <ns3:atemp>17.0</ns3:atemp>
            <ns3:hr>113</ns3:hr>
          </ns3:TrackPointExtension>
        </extensions>
      </trkpt>
      <trkpt lat="59.95128273032605648040771484375" lon="30.28936271555721759796142578125">
        <ele>-14.19999980926513671875</ele>
        <time>2025-10-06T07:32:50.000Z</time>
        <extensions>
          <ns3:TrackPointExtension>
            <ns3:atemp>17.0</ns3:atemp>
            <ns3:hr>114</ns3:hr>
          </ns3:TrackPointExtension>
        </extensions>
      </trkpt>
      <trkpt lat="59.95119564235210418701171875" lon="30.28923095203936100006103515625">
        <ele>-13.80000019073486328125</ele>
        <time>2025-10-06T07:32:53.000Z</time>
        <extensions>
          <ns3:TrackPointExtension>
            <ns3:atemp>17.0</ns3:atemp>
            <ns3:hr>117</ns3:hr>
          </ns3:TrackPointExtension>
        </extensions>
      </trkpt>
      <trkpt lat="59.95116404257714748382568359375" lon="30.289179570972919464111328125">
        <ele>-13.80000019073486328125</ele>
        <time>2025-10-06T07:32:54.000Z</time>
        <extensions>
          <ns3:TrackPointExtension>
            <ns3:atemp>17.0</ns3:atemp>
            <ns3:hr>114</ns3:hr>
          </ns3:TrackPointExtension>
        </extensions>
      </trkpt>
      <trkpt lat="59.951043426990509033203125" lon="30.28900246135890483856201171875">
        <ele>-13</ele>
        <time>2025-10-06T07:32:58.000Z</time>
        <extensions>
          <ns3:TrackPointExtension>
            <ns3:atemp>17.0</ns3:atemp>
            <ns3:hr>115</ns3:hr>
          </ns3:TrackPointExtension>
        </extensions>
      </trkpt>
      <trkpt lat="59.9509334564208984375" lon="30.2888531796634197235107421875">
        <ele>-12.6000003814697265625</ele>
        <time>2025-10-06T07:33:02.000Z</time>
        <extensions>
          <ns3:TrackPointExtension>
            <ns3:atemp>17.0</ns3:atemp>
            <ns3:hr>117</ns3:hr>
          </ns3:TrackPointExtension>
        </extensions>
      </trkpt>
      <trkpt lat="59.950800351798534393310546875" lon="30.28864891268312931060791015625">
        <ele>-12</ele>
        <time>2025-10-06T07:33:07.000Z</time>
        <extensions>
          <ns3:TrackPointExtension>
            <ns3:atemp>17.0</ns3:atemp>
            <ns3:hr>114</ns3:hr>
          </ns3:TrackPointExtension>
        </extensions>
      </trkpt>
      <trkpt lat="59.9507448635995388031005859375" lon="30.28854732401669025421142578125">
        <ele>-11.80000019073486328125</ele>
        <time>2025-10-06T07:33:09.000Z</time>
        <extensions>
          <ns3:TrackPointExtension>
            <ns3:atemp>17.0</ns3:atemp>
            <ns3:hr>115</ns3:hr>
          </ns3:TrackPointExtension>
        </extensions>
      </trkpt>
      <trkpt lat="59.95063078589737415313720703125" lon="30.28834800235927104949951171875">
        <ele>-11.6000003814697265625</ele>
        <time>2025-10-06T07:33:13.000Z</time>
        <extensions>
          <ns3:TrackPointExtension>
            <ns3:atemp>17.0</ns3:atemp>
            <ns3:hr>118</ns3:hr>
          </ns3:TrackPointExtension>
        </extensions>
      </trkpt>
      <trkpt lat="59.9505269341170787811279296875" lon="30.28815655969083309173583984375">
        <ele>-11.6000003814697265625</ele>
        <time>2025-10-06T07:33:17.000Z</time>
        <extensions>
          <ns3:TrackPointExtension>
            <ns3:atemp>17.0</ns3:atemp>
            <ns3:hr>118</ns3:hr>
          </ns3:TrackPointExtension>
        </extensions>
      </trkpt>
      <trkpt lat="59.95032065548002719879150390625" lon="30.28786294162273406982421875">
        <ele>-10.80000019073486328125</ele>
        <time>2025-10-06T07:33:24.000Z</time>
        <extensions>
          <ns3:TrackPointExtension>
            <ns3:atemp>17.0</ns3:atemp>
            <ns3:hr>118</ns3:hr>
          </ns3:TrackPointExtension>
        </extensions>
      </trkpt>
      <trkpt lat="59.95028779841959476470947265625" lon="30.287827737629413604736328125">
        <ele>-10.80000019073486328125</ele>
        <time>2025-10-06T07:33:25.000Z</time>
        <extensions>
          <ns3:TrackPointExtension>
            <ns3:atemp>17.0</ns3:atemp>
            <ns3:hr>119</ns3:hr>
          </ns3:TrackPointExtension>
        </extensions>
      </trkpt>
      <trkpt lat="59.95022728107869625091552734375" lon="30.28774048201739788055419921875">
        <ele>-10.6000003814697265625</ele>
        <time>2025-10-06T07:33:27.000Z</time>
        <extensions>
          <ns3:TrackPointExtension>
            <ns3:atemp>17.0</ns3:atemp>
            <ns3:hr>116</ns3:hr>
          </ns3:TrackPointExtension>
        </extensions>
      </trkpt>
      <trkpt lat="59.9500726349651813507080078125" lon="30.28753101825714111328125">
        <ele>-10</ele>
        <time>2025-10-06T07:33:32.000Z</time>
        <extensions>
          <ns3:TrackPointExtension>
            <ns3:atemp>17.0</ns3:atemp>
            <ns3:hr>117</ns3:hr>
          </ns3:TrackPointExtension>
        </extensions>
      </trkpt>
      <trkpt lat="59.95004304684698581695556640625" lon="30.287494473159313201904296875">
        <ele>-9.80000019073486328125</ele>
        <time>2025-10-06T07:33:33.000Z</time>
        <extensions>
          <ns3:TrackPointExtension>
            <ns3:atemp>17.0</ns3:atemp>
            <ns3:hr>117</ns3:hr>
          </ns3:TrackPointExtension>
        </extensions>
      </trkpt>
      <trkpt lat="59.94987373240292072296142578125" lon="30.28730512596666812896728515625">
        <ele>-8.80000019073486328125</ele>
        <time>2025-10-06T07:33:39.000Z</time>
        <extensions>
          <ns3:TrackPointExtension>
            <ns3:atemp>17.0</ns3:atemp>
            <ns3:hr>114</ns3:hr>
          </ns3:TrackPointExtension>
        </extensions>
      </trkpt>
      <trkpt lat="59.94983634911477565765380859375" lon="30.2872855961322784423828125">
        <ele>-8.6000003814697265625</ele>
        <time>2025-10-06T07:33:40.000Z</time>
        <extensions>
          <ns3:TrackPointExtension>
            <ns3:atemp>17.0</ns3:atemp>
            <ns3:hr>114</ns3:hr>
          </ns3:TrackPointExtension>
        </extensions>
      </trkpt>
      <trkpt lat="59.949644319713115692138671875" lon="30.28719414956867694854736328125">
        <ele>-7.599999904632568359375</ele>
        <time>2025-10-06T07:33:45.000Z</time>
        <extensions>
          <ns3:TrackPointExtension>
            <ns3:atemp>17.0</ns3:atemp>
            <ns3:hr>115</ns3:hr>
          </ns3:TrackPointExtension>
        </extensions>
      </trkpt>
      <trkpt lat="59.9496414698660373687744140625" lon="30.2871514856815338134765625">
        <ele>-7.400000095367431640625</ele>
        <time>2025-10-06T07:33:46.000Z</time>
        <extensions>
          <ns3:TrackPointExtension>
            <ns3:atemp>17.0</ns3:atemp>
            <ns3:hr>114</ns3:hr>
          </ns3:TrackPointExtension>
        </extensions>
      </trkpt>
      <trkpt lat="59.9495968781411647796630859375" lon="30.28688125312328338623046875">
        <ele>-7.19999980926513671875</ele>
        <time>2025-10-06T07:33:53.000Z</time>
        <extensions>
          <ns3:TrackPointExtension>
            <ns3:atemp>17.0</ns3:atemp>
            <ns3:hr>113</ns3:hr>
          </ns3:TrackPointExtension>
        </extensions>
      </trkpt>
      <trkpt lat="59.9495365284383296966552734375" lon="30.28676533140242099761962890625">
        <ele>-6.400000095367431640625</ele>
        <time>2025-10-06T07:33:56.000Z</time>
        <extensions>
          <ns3:TrackPointExtension>
            <ns3:atemp>17.0</ns3:atemp>
            <ns3:hr>113</ns3:hr>
          </ns3:TrackPointExtension>
        </extensions>
      </trkpt>
      <trkpt lat="59.949466623365879058837890625" lon="30.28664932586252689361572265625">
        <ele>-6</ele>
        <time>2025-10-06T07:33:59.000Z</time>
        <extensions>
          <ns3:TrackPointExtension>
            <ns3:atemp>17.0</ns3:atemp>
            <ns3:hr>113</ns3:hr>
          </ns3:TrackPointExtension>
        </extensions>
      </trkpt>
      <trkpt lat="59.94924156926572322845458984375" lon="30.2863117866218090057373046875">
        <ele>-5.19999980926513671875</ele>
        <time>2025-10-06T07:34:07.000Z</time>
        <extensions>
          <ns3:TrackPointExtension>
            <ns3:atemp>17.0</ns3:atemp>
            <ns3:hr>115</ns3:hr>
          </ns3:TrackPointExtension>
        </extensions>
      </trkpt>
      <trkpt lat="59.949073679745197296142578125" lon="30.2860556356608867645263671875">
        <ele>-4.19999980926513671875</ele>
        <time>2025-10-06T07:34:13.000Z</time>
        <extensions>
          <ns3:TrackPointExtension>
            <ns3:atemp>17.0</ns3:atemp>
            <ns3:hr>115</ns3:hr>
          </ns3:TrackPointExtension>
        </extensions>
      </trkpt>
      <trkpt lat="59.94901710189878940582275390625" lon="30.28596988879144191741943359375">
        <ele>-3.7999999523162841796875</ele>
        <time>2025-10-06T07:34:15.000Z</time>
        <extensions>
          <ns3:TrackPointExtension>
            <ns3:atemp>17.0</ns3:atemp>
            <ns3:hr>115</ns3:hr>
          </ns3:TrackPointExtension>
        </extensions>
      </trkpt>
      <trkpt lat="59.9488049559295177459716796875" lon="30.28560326434671878814697265625">
        <ele>-3.599999904632568359375</ele>
        <time>2025-10-06T07:34:23.000Z</time>
        <extensions>
          <ns3:TrackPointExtension>
            <ns3:atemp>17.0</ns3:atemp>
            <ns3:hr>113</ns3:hr>
          </ns3:TrackPointExtension>
        </extensions>
      </trkpt>
      <trkpt lat="59.948769249022006988525390625" lon="30.28555892407894134521484375">
        <ele>-3.599999904632568359375</ele>
        <time>2025-10-06T07:34:24.000Z</time>
        <extensions>
          <ns3:TrackPointExtension>
            <ns3:atemp>17.0</ns3:atemp>
            <ns3:hr>110</ns3:hr>
          </ns3:TrackPointExtension>
        </extensions>
      </trkpt>
      <trkpt lat="59.94873044081032276153564453125" lon="30.28551441617310047149658203125">
        <ele>-3.599999904632568359375</ele>
        <time>2025-10-06T07:34:25.000Z</time>
        <extensions>
          <ns3:TrackPointExtension>
            <ns3:atemp>17.0</ns3:atemp>
            <ns3:hr>107</ns3:hr>
          </ns3:TrackPointExtension>
        </extensions>
      </trkpt>
      <trkpt lat="59.9486933089792728424072265625" lon="30.2854682318866252899169921875">
        <ele>-3.599999904632568359375</ele>
        <time>2025-10-06T07:34:26.000Z</time>
        <extensions>
          <ns3:TrackPointExtension>
            <ns3:atemp>17.0</ns3:atemp>
            <ns3:hr>104</ns3:hr>
          </ns3:TrackPointExtension>
        </extensions>
      </trkpt>
      <trkpt lat="59.94858920574188232421875" lon="30.2853203751146793365478515625">
        <ele>-3.7999999523162841796875</ele>
        <time>2025-10-06T07:34:29.000Z</time>
        <extensions>
          <ns3:TrackPointExtension>
            <ns3:atemp>17.0</ns3:atemp>
            <ns3:hr>107</ns3:hr>
          </ns3:TrackPointExtension>
        </extensions>
      </trkpt>
      <trkpt lat="59.94855207391083240509033203125" lon="30.28527804650366306304931640625">
        <ele>-4</ele>
        <time>2025-10-06T07:34:30.000Z</time>
        <extensions>
          <ns3:TrackPointExtension>
            <ns3:atemp>17.0</ns3:atemp>
            <ns3:hr>108</ns3:hr>
          </ns3:TrackPointExtension>
        </extensions>
      </trkpt>
      <trkpt lat="59.94840522296726703643798828125" lon="30.28508090414106845855712890625">
        <ele>-4</ele>
        <time>2025-10-06T07:34:34.000Z</time>
        <extensions>
          <ns3:TrackPointExtension>
            <ns3:atemp>17.0</ns3:atemp>
            <ns3:hr>105</ns3:hr>
          </ns3:TrackPointExtension>
        </extensions>
      </trkpt>
      <trkpt lat="59.94822115637362003326416015625" lon="30.284808911383152008056640625">
        <ele>-4</ele>
        <time>2025-10-06T07:34:39.000Z</time>
        <extensions>
          <ns3:TrackPointExtension>
            <ns3:atemp>17.0</ns3:atemp>
            <ns3:hr>105</ns3:hr>
          </ns3:TrackPointExtension>
        </extensions>
      </trkpt>
      <trkpt lat="59.94800305925309658050537109375" lon="30.2845224179327487945556640625">
        <ele>-4.599999904632568359375</ele>
        <time>2025-10-06T07:34:45.000Z</time>
        <extensions>
          <ns3:TrackPointExtension>
            <ns3:atemp>17.0</ns3:atemp>
            <ns3:hr>104</ns3:hr>
          </ns3:TrackPointExtension>
        </extensions>
      </trkpt>
      <trkpt lat="59.9479754827916622161865234375" lon="30.2845455519855022430419921875">
        <ele>-4.80000019073486328125</ele>
        <time>2025-10-06T07:34:46.000Z</time>
        <extensions>
          <ns3:TrackPointExtension>
            <ns3:atemp>17.0</ns3:atemp>
            <ns3:hr>105</ns3:hr>
          </ns3:TrackPointExtension>
        </extensions>
      </trkpt>
      <trkpt lat="59.9479241855442523956298828125" lon="30.2846722863614559173583984375">
        <ele>-5.400000095367431640625</ele>
        <time>2025-10-06T07:34:48.000Z</time>
        <extensions>
          <ns3:TrackPointExtension>
            <ns3:atemp>17.0</ns3:atemp>
            <ns3:hr>105</ns3:hr>
          </ns3:TrackPointExtension>
        </extensions>
      </trkpt>
      <trkpt lat="59.94789694435894489288330078125" lon="30.28475585393607616424560546875">
        <ele>-5.599999904632568359375</ele>
        <time>2025-10-06T07:34:49.000Z</time>
        <extensions>
          <ns3:TrackPointExtension>
            <ns3:atemp>17.0</ns3:atemp>
            <ns3:hr>105</ns3:hr>
          </ns3:TrackPointExtension>
        </extensions>
      </trkpt>
      <trkpt lat="59.947801642119884490966796875" lon="30.28503321111202239990234375">
        <ele>-5.80000019073486328125</ele>
        <time>2025-10-06T07:34:52.000Z</time>
        <extensions>
          <ns3:TrackPointExtension>
            <ns3:atemp>17.0</ns3:atemp>
            <ns3:hr>102</ns3:hr>
          </ns3:TrackPointExtension>
        </extensions>
      </trkpt>
      <trkpt lat="59.94774539954960346221923828125" lon="30.28522021137177944183349609375">
        <ele>-6.400000095367431640625</ele>
        <time>2025-10-06T07:34:54.000Z</time>
        <extensions>
          <ns3:TrackPointExtension>
            <ns3:atemp>17.0</ns3:atemp>
            <ns3:hr>102</ns3:hr>
          </ns3:TrackPointExtension>
        </extensions>
      </trkpt>
      <trkpt lat="59.947721846401691436767578125" lon="30.28530453331768512725830078125">
        <ele>-6.599999904632568359375</ele>
        <time>2025-10-06T07:34:55.000Z</time>
        <extensions>
          <ns3:TrackPointExtension>
            <ns3:atemp>17.0</ns3:atemp>
            <ns3:hr>103</ns3:hr>
          </ns3:TrackPointExtension>
        </extensions>
      </trkpt>
      <trkpt lat="59.9474809505045413970947265625" lon="30.28600861318409442901611328125">
        <ele>-7</ele>
        <time>2025-10-06T07:35:02.000Z</time>
        <extensions>
          <ns3:TrackPointExtension>
            <ns3:atemp>17.0</ns3:atemp>
            <ns3:hr>102</ns3:hr>
          </ns3:TrackPointExtension>
        </extensions>
      </trkpt>
      <trkpt lat="59.94737927801907062530517578125" lon="30.28626644052565097808837890625">
        <ele>-7.80000019073486328125</ele>
        <time>2025-10-06T07:35:05.000Z</time>
        <extensions>
          <ns3:TrackPointExtension>
            <ns3:atemp>17.0</ns3:atemp>
            <ns3:hr>102</ns3:hr>
          </ns3:TrackPointExtension>
        </extensions>
      </trkpt>
      <trkpt lat="59.94728087447583675384521484375" lon="30.28651538304984569549560546875">
        <ele>-8.3999996185302734375</ele>
        <time>2025-10-06T07:35:08.000Z</time>
        <extensions>
          <ns3:TrackPointExtension>
            <ns3:atemp>17.0</ns3:atemp>
            <ns3:hr>106</ns3:hr>
          </ns3:TrackPointExtension>
        </extensions>
      </trkpt>
      <trkpt lat="59.947234354913234710693359375" lon="30.28672761283814907073974609375">
        <ele>-8.80000019073486328125</ele>
        <time>2025-10-06T07:35:11.000Z</time>
        <extensions>
          <ns3:TrackPointExtension>
            <ns3:atemp>17.0</ns3:atemp>
            <ns3:hr>109</ns3:hr>
          </ns3:TrackPointExtension>
        </extensions>
      </trkpt>
      <trkpt lat="59.94719152338802814483642578125" lon="30.28688938356935977935791015625">
        <ele>-8.80000019073486328125</ele>
        <time>2025-10-06T07:35:13.000Z</time>
        <extensions>
          <ns3:TrackPointExtension>
            <ns3:atemp>17.0</ns3:atemp>
            <ns3:hr>111</ns3:hr>
          </ns3:TrackPointExtension>
        </extensions>
      </trkpt>
      <trkpt lat="59.94688977487385272979736328125" lon="30.28793494217097759246826171875">
        <ele>-9.6000003814697265625</ele>
        <time>2025-10-06T07:35:25.000Z</time>
        <extensions>
          <ns3:TrackPointExtension>
            <ns3:atemp>17.0</ns3:atemp>
            <ns3:hr>107</ns3:hr>
          </ns3:TrackPointExtension>
        </extensions>
      </trkpt>
      <trkpt lat="59.94675901718437671661376953125" lon="30.2887150458991527557373046875">
        <ele>-9</ele>
        <time>2025-10-06T07:35:35.000Z</time>
        <extensions>
          <ns3:TrackPointExtension>
            <ns3:atemp>17.0</ns3:atemp>
            <ns3:hr>109</ns3:hr>
          </ns3:TrackPointExtension>
        </extensions>
      </trkpt>
      <trkpt lat="59.94671677239239215850830078125" lon="30.28917345218360424041748046875">
        <ele>-8.80000019073486328125</ele>
        <time>2025-10-06T07:35:42.000Z</time>
        <extensions>
          <ns3:TrackPointExtension>
            <ns3:atemp>17.0</ns3:atemp>
            <ns3:hr>110</ns3:hr>
          </ns3:TrackPointExtension>
        </extensions>
      </trkpt>
      <trkpt lat="59.94671777822077274322509765625" lon="30.2892407588660717010498046875">
        <ele>-8.6000003814697265625</ele>
        <time>2025-10-06T07:35:43.000Z</time>
        <extensions>
          <ns3:TrackPointExtension>
            <ns3:atemp>17.0</ns3:atemp>
            <ns3:hr>110</ns3:hr>
          </ns3:TrackPointExtension>
        </extensions>
      </trkpt>
      <trkpt lat="59.94660638272762298583984375" lon="30.289843417704105377197265625">
        <ele>-8.80000019073486328125</ele>
        <time>2025-10-06T07:35:50.000Z</time>
        <extensions>
          <ns3:TrackPointExtension>
            <ns3:atemp>17.0</ns3:atemp>
            <ns3:hr>108</ns3:hr>
          </ns3:TrackPointExtension>
        </extensions>
      </trkpt>
      <trkpt lat="59.9463721923530101776123046875" lon="30.2906839549541473388671875">
        <ele>-8.3999996185302734375</ele>
        <time>2025-10-06T07:35:57.000Z</time>
        <extensions>
          <ns3:TrackPointExtension>
            <ns3:atemp>17.0</ns3:atemp>
            <ns3:hr>111</ns3:hr>
          </ns3:TrackPointExtension>
        </extensions>
      </trkpt>
      <trkpt lat="59.94632466696202754974365234375" lon="30.290928371250629425048828125">
        <ele>-8.3999996185302734375</ele>
        <time>2025-10-06T07:36:00.000Z</time>
        <extensions>
          <ns3:TrackPointExtension>
            <ns3:atemp>17.0</ns3:atemp>
            <ns3:hr>110</ns3:hr>
          </ns3:TrackPointExtension>
        </extensions>
      </trkpt>
      <trkpt lat="59.9461509101092815399169921875" lon="30.29156506061553955078125">
        <ele>-7.599999904632568359375</ele>
        <time>2025-10-06T07:36:08.000Z</time>
        <extensions>
          <ns3:TrackPointExtension>
            <ns3:atemp>17.0</ns3:atemp>
            <ns3:hr>110</ns3:hr>
          </ns3:TrackPointExtension>
        </extensions>
      </trkpt>
      <trkpt lat="59.9461358226835727691650390625" lon="30.29163052327930927276611328125">
        <ele>-7.400000095367431640625</ele>
        <time>2025-10-06T07:36:09.000Z</time>
        <extensions>
          <ns3:TrackPointExtension>
            <ns3:atemp>17.0</ns3:atemp>
            <ns3:hr>114</ns3:hr>
          </ns3:TrackPointExtension>
        </extensions>
      </trkpt>
      <trkpt lat="59.94612165726721286773681640625" lon="30.29169313609600067138671875">
        <ele>-7.19999980926513671875</ele>
        <time>2025-10-06T07:36:10.000Z</time>
        <extensions>
          <ns3:TrackPointExtension>
            <ns3:atemp>17.0</ns3:atemp>
            <ns3:hr>118</ns3:hr>
          </ns3:TrackPointExtension>
        </extensions>
      </trkpt>
      <trkpt lat="59.94609718210995197296142578125" lon="30.2918133325874805450439453125">
        <ele>-7.400000095367431640625</ele>
        <time>2025-10-06T07:36:12.000Z</time>
        <extensions>
          <ns3:TrackPointExtension>
            <ns3:atemp>17.0</ns3:atemp>
            <ns3:hr>123</ns3:hr>
          </ns3:TrackPointExtension>
        </extensions>
      </trkpt>
      <trkpt lat="59.9460919015109539031982421875" lon="30.29187175445258617401123046875">
        <ele>-7.400000095367431640625</ele>
        <time>2025-10-06T07:36:13.000Z</time>
        <extensions>
          <ns3:TrackPointExtension>
            <ns3:atemp>17.0</ns3:atemp>
            <ns3:hr>123</ns3:hr>
          </ns3:TrackPointExtension>
        </extensions>
      </trkpt>
      <trkpt lat="59.9460426159203052520751953125" lon="30.29209521599113941192626953125">
        <ele>-7.400000095367431640625</ele>
        <time>2025-10-06T07:36:16.000Z</time>
        <extensions>
          <ns3:TrackPointExtension>
            <ns3:atemp>17.0</ns3:atemp>
            <ns3:hr>120</ns3:hr>
          </ns3:TrackPointExtension>
        </extensions>
      </trkpt>
      <trkpt lat="59.94602861814200878143310546875" lon="30.2921603433787822723388671875">
        <ele>-7.400000095367431640625</ele>
        <time>2025-10-06T07:36:17.000Z</time>
        <extensions>
          <ns3:TrackPointExtension>
            <ns3:atemp>17.0</ns3:atemp>
            <ns3:hr>120</ns3:hr>
          </ns3:TrackPointExtension>
        </extensions>
      </trkpt>
      <trkpt lat="59.94602543301880359649658203125" lon="30.2923415601253509521484375">
        <ele>-7.400000095367431640625</ele>
        <time>2025-10-06T07:36:21.000Z</time>
        <extensions>
          <ns3:TrackPointExtension>
            <ns3:atemp>17.0</ns3:atemp>
            <ns3:hr>123</ns3:hr>
          </ns3:TrackPointExtension>
        </extensions>
      </trkpt>
      <trkpt lat="59.9459447152912616729736328125" lon="30.29243535362184047698974609375">
        <ele>-7.599999904632568359375</ele>
        <time>2025-10-06T07:36:24.000Z</time>
        <extensions>
          <ns3:TrackPointExtension>
            <ns3:atemp>17.0</ns3:atemp>
            <ns3:hr>124</ns3:hr>
          </ns3:TrackPointExtension>
        </extensions>
      </trkpt>
      <trkpt lat="59.9458434619009494781494140625" lon="30.2924810349941253662109375">
        <ele>-8</ele>
        <time>2025-10-06T07:36:31.000Z</time>
        <extensions>
          <ns3:TrackPointExtension>
            <ns3:atemp>17.0</ns3:atemp>
            <ns3:hr>125</ns3:hr>
          </ns3:TrackPointExtension>
        </extensions>
      </trkpt>
      <trkpt lat="59.9458681046962738037109375" lon="30.29240903444588184356689453125">
        <ele>-8.19999980926513671875</ele>
        <time>2025-10-06T07:36:36.000Z</time>
        <extensions>
          <ns3:TrackPointExtension>
            <ns3:atemp>17.0</ns3:atemp>
            <ns3:hr>122</ns3:hr>
          </ns3:TrackPointExtension>
        </extensions>
      </trkpt>
      <trkpt lat="59.94587120600044727325439453125" lon="30.2924047596752643585205078125">
        <ele>-8.19999980926513671875</ele>
        <time>2025-10-06T07:36:37.000Z</time>
        <extensions>
          <ns3:TrackPointExtension>
            <ns3:atemp>17.0</ns3:atemp>
            <ns3:hr>123</ns3:hr>
          </ns3:TrackPointExtension>
        </extensions>
      </trkpt>
      <trkpt lat="59.9458790011703968048095703125" lon="30.2923216111958026885986328125">
        <ele>-8.3999996185302734375</ele>
        <time>2025-10-06T07:36:39.000Z</time>
        <extensions>
          <ns3:TrackPointExtension>
            <ns3:atemp>17.0</ns3:atemp>
            <ns3:hr>122</ns3:hr>
          </ns3:TrackPointExtension>
        </extensions>
      </trkpt>
      <trkpt lat="59.94588620960712432861328125" lon="30.29227844439446926116943359375">
        <ele>-8.3999996185302734375</ele>
        <time>2025-10-06T07:36:44.000Z</time>
        <extensions>
          <ns3:TrackPointExtension>
            <ns3:atemp>17.0</ns3:atemp>
            <ns3:hr>125</ns3:hr>
          </ns3:TrackPointExtension>
        </extensions>
      </trkpt>
      <trkpt lat="59.94591043330729007720947265625" lon="30.29225715436041355133056640625">
        <ele>-8.3999996185302734375</ele>
        <time>2025-10-06T07:36:46.000Z</time>
        <extensions>
          <ns3:TrackPointExtension>
            <ns3:atemp>17.0</ns3:atemp>
            <ns3:hr>122</ns3:hr>
          </ns3:TrackPointExtension>
        </extensions>
      </trkpt>
      <trkpt lat="59.9459217488765716552734375" lon="30.29231549240648746490478515625">
        <ele>-8.6000003814697265625</ele>
        <time>2025-10-06T07:36:52.000Z</time>
        <extensions>
          <ns3:TrackPointExtension>
            <ns3:atemp>17.0</ns3:atemp>
            <ns3:hr>120</ns3:hr>
          </ns3:TrackPointExtension>
        </extensions>
      </trkpt>
      <trkpt lat="59.94590758346021175384521484375" lon="30.29231809079647064208984375">
        <ele>-8.6000003814697265625</ele>
        <time>2025-10-06T07:36:53.000Z</time>
        <extensions>
          <ns3:TrackPointExtension>
            <ns3:atemp>17.0</ns3:atemp>
            <ns3:hr>121</ns3:hr>
          </ns3:TrackPointExtension>
        </extensions>
      </trkpt>
      <trkpt lat="59.9459188990294933319091796875" lon="30.29226855374872684478759765625">
        <ele>-9</ele>
        <time>2025-10-06T07:36:57.000Z</time>
        <extensions>
          <ns3:TrackPointExtension>
            <ns3:atemp>17.0</ns3:atemp>
            <ns3:hr>118</ns3:hr>
          </ns3:TrackPointExtension>
        </extensions>
      </trkpt>
      <trkpt lat="59.94590808637440204620361328125" lon="30.2922771871089935302734375">
        <ele>-9.19999980926513671875</ele>
        <time>2025-10-06T07:36:59.000Z</time>
        <extensions>
          <ns3:TrackPointExtension>
            <ns3:atemp>17.0</ns3:atemp>
            <ns3:hr>118</ns3:hr>
          </ns3:TrackPointExtension>
        </extensions>
      </trkpt>
      <trkpt lat="59.94592535309493541717529296875" lon="30.2922609262168407440185546875">
        <ele>-9</ele>
        <time>2025-10-06T07:37:05.000Z</time>
        <extensions>
          <ns3:TrackPointExtension>
            <ns3:atemp>17.0</ns3:atemp>
            <ns3:hr>115</ns3:hr>
          </ns3:TrackPointExtension>
        </extensions>
      </trkpt>
      <trkpt lat="59.945922754704952239990234375" lon="30.29226846992969512939453125">
        <ele>-9</ele>
        <time>2025-10-06T07:37:06.000Z</time>
        <extensions>
          <ns3:TrackPointExtension>
            <ns3:atemp>17.0</ns3:atemp>
            <ns3:hr>115</ns3:hr>
          </ns3:TrackPointExtension>
        </extensions>
      </trkpt>
      <trkpt lat="59.94593038223683834075927734375" lon="30.2922570705413818359375">
        <ele>-9.19999980926513671875</ele>
        <time>2025-10-06T07:37:12.000Z</time>
        <extensions>
          <ns3:TrackPointExtension>
            <ns3:atemp>17.0</ns3:atemp>
            <ns3:hr>112</ns3:hr>
          </ns3:TrackPointExtension>
        </extensions>
      </trkpt>
      <trkpt lat="59.945926778018474578857421875" lon="30.2922525443136692047119140625">
        <ele>-9.19999980926513671875</ele>
        <time>2025-10-06T07:37:13.000Z</time>
        <extensions>
          <ns3:TrackPointExtension>
            <ns3:atemp>17.0</ns3:atemp>
            <ns3:hr>112</ns3:hr>
          </ns3:TrackPointExtension>
        </extensions>
      </trkpt>
      <trkpt lat="59.94584388099610805511474609375" lon="30.29230979271233081817626953125">
        <ele>-9</ele>
        <time>2025-10-06T07:37:16.000Z</time>
        <extensions>
          <ns3:TrackPointExtension>
            <ns3:atemp>17.0</ns3:atemp>
            <ns3:hr>112</ns3:hr>
          </ns3:TrackPointExtension>
        </extensions>
      </trkpt>
      <trkpt lat="59.94581487961113452911376953125" lon="30.292340554296970367431640625">
        <ele>-8.80000019073486328125</ele>
        <time>2025-10-06T07:37:18.000Z</time>
        <extensions>
          <ns3:TrackPointExtension>
            <ns3:atemp>17.0</ns3:atemp>
            <ns3:hr>111</ns3:hr>
          </ns3:TrackPointExtension>
        </extensions>
      </trkpt>
      <trkpt lat="59.94579090736806392669677734375" lon="30.29232622124254703521728515625">
        <ele>-8.6000003814697265625</ele>
        <time>2025-10-06T07:37:20.000Z</time>
        <extensions>
          <ns3:TrackPointExtension>
            <ns3:atemp>17.0</ns3:atemp>
            <ns3:hr>114</ns3:hr>
          </ns3:TrackPointExtension>
        </extensions>
      </trkpt>
      <trkpt lat="59.94560097344219684600830078125" lon="30.2922785282135009765625">
        <ele>-9</ele>
        <time>2025-10-06T07:37:25.000Z</time>
        <extensions>
          <ns3:TrackPointExtension>
            <ns3:atemp>17.0</ns3:atemp>
            <ns3:hr>112</ns3:hr>
          </ns3:TrackPointExtension>
        </extensions>
      </trkpt>
      <trkpt lat="59.94560591876506805419921875" lon="30.29223854653537273406982421875">
        <ele>-9</ele>
        <time>2025-10-06T07:37:27.000Z</time>
        <extensions>
          <ns3:TrackPointExtension>
            <ns3:atemp>17.0</ns3:atemp>
            <ns3:hr>115</ns3:hr>
          </ns3:TrackPointExtension>
        </extensions>
      </trkpt>
      <trkpt lat="59.9455574713647365570068359375" lon="30.29222278855741024017333984375">
        <ele>-8.80000019073486328125</ele>
        <time>2025-10-06T07:37:30.000Z</time>
        <extensions>
          <ns3:TrackPointExtension>
            <ns3:atemp>17.0</ns3:atemp>
            <ns3:hr>118</ns3:hr>
          </ns3:TrackPointExtension>
        </extensions>
      </trkpt>
      <trkpt lat="59.94556342251598834991455078125" lon="30.29221306554973125457763671875">
        <ele>-8.80000019073486328125</ele>
        <time>2025-10-06T07:37:31.000Z</time>
        <extensions>
          <ns3:TrackPointExtension>
            <ns3:atemp>17.0</ns3:atemp>
            <ns3:hr>119</ns3:hr>
          </ns3:TrackPointExtension>
        </extensions>
      </trkpt>
      <trkpt lat="59.94547021575272083282470703125" lon="30.29210259206593036651611328125">
        <ele>-8.6000003814697265625</ele>
        <time>2025-10-06T07:37:36.000Z</time>
        <extensions>
          <ns3:TrackPointExtension>
            <ns3:atemp>17.0</ns3:atemp>
            <ns3:hr>118</ns3:hr>
          </ns3:TrackPointExtension>
        </extensions>
      </trkpt>
      <trkpt lat="59.94540634565055370330810546875" lon="30.29204106889665126800537109375">
        <ele>-8.3999996185302734375</ele>
        <time>2025-10-06T07:37:39.000Z</time>
        <extensions>
          <ns3:TrackPointExtension>
            <ns3:atemp>17.0</ns3:atemp>
            <ns3:hr>116</ns3:hr>
          </ns3:TrackPointExtension>
        </extensions>
      </trkpt>
      <trkpt lat="59.94538840837776660919189453125" lon="30.29205028899013996124267578125">
        <ele>-8.6000003814697265625</ele>
        <time>2025-10-06T07:37:40.000Z</time>
        <extensions>
          <ns3:TrackPointExtension>
            <ns3:atemp>17.0</ns3:atemp>
            <ns3:hr>116</ns3:hr>
          </ns3:TrackPointExtension>
        </extensions>
      </trkpt>
      <trkpt lat="59.94537717662751674652099609375" lon="30.292097143828868865966796875">
        <ele>-8.6000003814697265625</ele>
        <time>2025-10-06T07:37:42.000Z</time>
        <extensions>
          <ns3:TrackPointExtension>
            <ns3:atemp>17.0</ns3:atemp>
            <ns3:hr>114</ns3:hr>
          </ns3:TrackPointExtension>
        </extensions>
      </trkpt>
      <trkpt lat="59.94539259932935237884521484375" lon="30.29220099560916423797607421875">
        <ele>-8.80000019073486328125</ele>
        <time>2025-10-06T07:37:45.000Z</time>
        <extensions>
          <ns3:TrackPointExtension>
            <ns3:atemp>17.0</ns3:atemp>
            <ns3:hr>114</ns3:hr>
          </ns3:TrackPointExtension>
        </extensions>
      </trkpt>
      <trkpt lat="59.9453745782375335693359375" lon="30.29242948628962039947509765625">
        <ele>-8.6000003814697265625</ele>
        <time>2025-10-06T07:37:50.000Z</time>
        <extensions>
          <ns3:TrackPointExtension>
            <ns3:atemp>17.0</ns3:atemp>
            <ns3:hr>117</ns3:hr>
          </ns3:TrackPointExtension>
        </extensions>
      </trkpt>
      <trkpt lat="59.9453512765467166900634765625" lon="30.292460918426513671875">
        <ele>-8.6000003814697265625</ele>
        <time>2025-10-06T07:37:51.000Z</time>
        <extensions>
          <ns3:TrackPointExtension>
            <ns3:atemp>17.0</ns3:atemp>
            <ns3:hr>118</ns3:hr>
          </ns3:TrackPointExtension>
        </extensions>
      </trkpt>
      <trkpt lat="59.94533442892134189605712890625" lon="30.292699970304965972900390625">
        <ele>-8.80000019073486328125</ele>
        <time>2025-10-06T07:37:56.000Z</time>
        <extensions>
          <ns3:TrackPointExtension>
            <ns3:atemp>17.0</ns3:atemp>
            <ns3:hr>121</ns3:hr>
          </ns3:TrackPointExtension>
        </extensions>
      </trkpt>
      <trkpt lat="59.94529285468161106109619140625" lon="30.29281429946422576904296875">
        <ele>-9</ele>
        <time>2025-10-06T07:37:58.000Z</time>
        <extensions>
          <ns3:TrackPointExtension>
            <ns3:atemp>17.0</ns3:atemp>
            <ns3:hr>123</ns3:hr>
          </ns3:TrackPointExtension>
        </extensions>
      </trkpt>
      <trkpt lat="59.94526653550565242767333984375" lon="30.29314798302948474884033203125">
        <ele>-9.19999980926513671875</ele>
        <time>2025-10-06T07:38:04.000Z</time>
        <extensions>
          <ns3:TrackPointExtension>
            <ns3:atemp>17.0</ns3:atemp>
            <ns3:hr>124</ns3:hr>
          </ns3:TrackPointExtension>
        </extensions>
      </trkpt>
      <trkpt lat="59.94522965513169765472412109375" lon="30.29349331744015216827392578125">
        <ele>-9</ele>
        <time>2025-10-06T07:38:09.000Z</time>
        <extensions>
          <ns3:TrackPointExtension>
            <ns3:atemp>17.0</ns3:atemp>
            <ns3:hr>121</ns3:hr>
          </ns3:TrackPointExtension>
        </extensions>
      </trkpt>
      <trkpt lat="59.94522009976208209991455078125" lon="30.29355324804782867431640625">
        <ele>-9</ele>
        <time>2025-10-06T07:38:10.000Z</time>
        <extensions>
          <ns3:TrackPointExtension>
            <ns3:atemp>17.0</ns3:atemp>
            <ns3:hr>121</ns3:hr>
          </ns3:TrackPointExtension>
        </extensions>
      </trkpt>
      <trkpt lat="59.94522026740014553070068359375" lon="30.2937860973179340362548828125">
        <ele>-9.19999980926513671875</ele>
        <time>2025-10-06T07:38:15.000Z</time>
        <extensions>
          <ns3:TrackPointExtension>
            <ns3:atemp>17.0</ns3:atemp>
            <ns3:hr>118</ns3:hr>
          </ns3:TrackPointExtension>
        </extensions>
      </trkpt>
      <trkpt lat="59.94520065374672412872314453125" lon="30.2938635461032390594482421875">
        <ele>-9.19999980926513671875</ele>
        <time>2025-10-06T07:38:17.000Z</time>
        <extensions>
          <ns3:TrackPointExtension>
            <ns3:atemp>17.0</ns3:atemp>
            <ns3:hr>119</ns3:hr>
          </ns3:TrackPointExtension>
        </extensions>
      </trkpt>
      <trkpt lat="59.945199228823184967041015625" lon="30.29397594742476940155029296875">
        <ele>-9.3999996185302734375</ele>
        <time>2025-10-06T07:38:20.000Z</time>
        <extensions>
          <ns3:TrackPointExtension>
            <ns3:atemp>17.0</ns3:atemp>
            <ns3:hr>122</ns3:hr>
          </ns3:TrackPointExtension>
        </extensions>
      </trkpt>
      <trkpt lat="59.94521607644855976104736328125" lon="30.29409983195364475250244140625">
        <ele>-9.3999996185302734375</ele>
        <time>2025-10-06T07:38:23.000Z</time>
        <extensions>
          <ns3:TrackPointExtension>
            <ns3:atemp>17.0</ns3:atemp>
            <ns3:hr>123</ns3:hr>
          </ns3:TrackPointExtension>
        </extensions>
      </trkpt>
    </trkseg>
  </trk>
</gpx>
