<?xml version="1.0" encoding="UTF-8"?>
<gpx creator="Garmin Connect" version="1.1"
  xsi:schemaLocation="http://www.topografix.com/GPX/1/1 http://www.topografix.com/GPX/11.xsd"
  xmlns:ns3="http://www.garmin.com/xmlschemas/TrackPointExtension/v1"
  xmlns="http://www.topografix.com/GPX/1/1"
  xmlns:xsi="http://www.w3.org/2001/XMLSchema-instance" xmlns:ns2="http://www.garmin.com/xmlschemas/GpxExtensions/v3">
  <metadata>
    <link href="connect.garmin.com">
      <text>Garmin Connect</text>
    </link>
    <time>2025-09-10T14:09:12.000Z</time>
  </metadata>
  <trk>
    <name>Петербург Велосипед</name>
    <type>cycling</type>
    <trkseg>
      <trkpt lat="59.947495870292186737060546875" lon="30.30435450375080108642578125">
        <ele>15</ele>
        <time>2025-09-10T14:14:15.000Z</time>
        <extensions>
          <ns3:TrackPointExtension>
            <ns3:atemp>28.0</ns3:atemp>
            <ns3:hr>104</ns3:hr>
          </ns3:TrackPointExtension>
        </extensions>
      </trkpt>
      <trkpt lat="59.94778546504676342010498046875" lon="30.30453555285930633544921875">
        <ele>15</ele>
        <time>2025-09-10T14:14:17.000Z</time>
        <extensions>
          <ns3:TrackPointExtension>
            <ns3:atemp>28.0</ns3:atemp>
            <ns3:hr>102</ns3:hr>
          </ns3:TrackPointExtension>
        </extensions>
      </trkpt>
      <trkpt lat="59.9478578008711338043212890625" lon="30.30460587702691555023193359375">
        <ele>15</ele>
        <time>2025-09-10T14:14:19.000Z</time>
        <extensions>
          <ns3:TrackPointExtension>
            <ns3:atemp>28.0</ns3:atemp>
            <ns3:hr>103</ns3:hr>
          </ns3:TrackPointExtension>
        </extensions>
      </trkpt>
      <trkpt lat="59.9480502493679523468017578125" lon="30.30497702769935131072998046875">
        <ele>14.19999980926513671875</ele>
        <time>2025-09-10T14:14:27.000Z</time>
        <extensions>
          <ns3:TrackPointExtension>
            <ns3:atemp>28.0</ns3:atemp>
            <ns3:hr>100</ns3:hr>
          </ns3:TrackPointExtension>
        </extensions>
      </trkpt>
      <trkpt lat="59.94813180528581142425537109375" lon="30.30505581758916378021240234375">
        <ele>14</ele>
        <time>2025-09-10T14:14:29.000Z</time>
        <extensions>
          <ns3:TrackPointExtension>
            <ns3:atemp>28.0</ns3:atemp>
            <ns3:hr>101</ns3:hr>
          </ns3:TrackPointExtension>
        </extensions>
      </trkpt>
      <trkpt lat="59.9481645785272121429443359375" lon="30.30511583201587200164794921875">
        <ele>13.80000019073486328125</ele>
        <time>2025-09-10T14:14:31.000Z</time>
        <extensions>
          <ns3:TrackPointExtension>
            <ns3:atemp>28.0</ns3:atemp>
            <ns3:hr>99</ns3:hr>
          </ns3:TrackPointExtension>
        </extensions>
      </trkpt>
      <trkpt lat="59.948232136666774749755859375" lon="30.30522798188030719757080078125">
        <ele>13.3999996185302734375</ele>
        <time>2025-09-10T14:14:35.000Z</time>
        <extensions>
          <ns3:TrackPointExtension>
            <ns3:atemp>28.0</ns3:atemp>
            <ns3:hr>102</ns3:hr>
          </ns3:TrackPointExtension>
        </extensions>
      </trkpt>
      <trkpt lat="59.948282428085803985595703125" lon="30.30532001517713069915771484375">
        <ele>13.19999980926513671875</ele>
        <time>2025-09-10T14:14:37.000Z</time>
        <extensions>
          <ns3:TrackPointExtension>
            <ns3:atemp>28.0</ns3:atemp>
            <ns3:hr>105</ns3:hr>
          </ns3:TrackPointExtension>
        </extensions>
      </trkpt>
      <trkpt lat="59.94830514304339885711669921875" lon="30.30536360107362270355224609375">
        <ele>13.19999980926513671875</ele>
        <time>2025-09-10T14:14:38.000Z</time>
        <extensions>
          <ns3:TrackPointExtension>
            <ns3:atemp>28.0</ns3:atemp>
            <ns3:hr>109</ns3:hr>
          </ns3:TrackPointExtension>
        </extensions>
      </trkpt>
      <trkpt lat="59.948326013982295989990234375" lon="30.30541238375008106231689453125">
        <ele>13</ele>
        <time>2025-09-10T14:14:39.000Z</time>
        <extensions>
          <ns3:TrackPointExtension>
            <ns3:atemp>28.0</ns3:atemp>
            <ns3:hr>111</ns3:hr>
          </ns3:TrackPointExtension>
        </extensions>
      </trkpt>
      <trkpt lat="59.948425926268100738525390625" lon="30.30543811619281768798828125">
        <ele>11.80000019073486328125</ele>
        <time>2025-09-10T14:14:40.000Z</time>
        <extensions>
          <ns3:TrackPointExtension>
            <ns3:atemp>28.0</ns3:atemp>
            <ns3:hr>112</ns3:hr>
          </ns3:TrackPointExtension>
        </extensions>
      </trkpt>
      <trkpt lat="59.94842416606843471527099609375" lon="30.305549092590808868408203125">
        <ele>10.6000003814697265625</ele>
        <time>2025-09-10T14:14:42.000Z</time>
        <extensions>
          <ns3:TrackPointExtension>
            <ns3:atemp>28.0</ns3:atemp>
            <ns3:hr>114</ns3:hr>
          </ns3:TrackPointExtension>
        </extensions>
      </trkpt>
      <trkpt lat="59.94845576584339141845703125" lon="30.30574296601116657257080078125">
        <ele>11.6000003814697265625</ele>
        <time>2025-09-10T14:14:47.000Z</time>
        <extensions>
          <ns3:TrackPointExtension>
            <ns3:atemp>28.0</ns3:atemp>
            <ns3:hr>118</ns3:hr>
          </ns3:TrackPointExtension>
        </extensions>
      </trkpt>
      <trkpt lat="59.948454760015010833740234375" lon="30.3057740628719329833984375">
        <ele>11.6000003814697265625</ele>
        <time>2025-09-10T14:14:48.000Z</time>
        <extensions>
          <ns3:TrackPointExtension>
            <ns3:atemp>28.0</ns3:atemp>
            <ns3:hr>122</ns3:hr>
          </ns3:TrackPointExtension>
        </extensions>
      </trkpt>
      <trkpt lat="59.948459453880786895751953125" lon="30.30579895712435245513916015625">
        <ele>12</ele>
        <time>2025-09-10T14:14:49.000Z</time>
        <extensions>
          <ns3:TrackPointExtension>
            <ns3:atemp>28.0</ns3:atemp>
            <ns3:hr>123</ns3:hr>
          </ns3:TrackPointExtension>
        </extensions>
      </trkpt>
      <trkpt lat="59.9484646506607532501220703125" lon="30.3058733046054840087890625">
        <ele>12.3999996185302734375</ele>
        <time>2025-09-10T14:14:52.000Z</time>
        <extensions>
          <ns3:TrackPointExtension>
            <ns3:atemp>28.0</ns3:atemp>
            <ns3:hr>126</ns3:hr>
          </ns3:TrackPointExtension>
        </extensions>
      </trkpt>
      <trkpt lat="59.9484857730567455291748046875" lon="30.30598386190831661224365234375">
        <ele>12</ele>
        <time>2025-09-10T14:14:56.000Z</time>
        <extensions>
          <ns3:TrackPointExtension>
            <ns3:atemp>28.0</ns3:atemp>
            <ns3:hr>131</ns3:hr>
          </ns3:TrackPointExtension>
        </extensions>
      </trkpt>
      <trkpt lat="59.9485028721392154693603515625" lon="30.3060100972652435302734375">
        <ele>12</ele>
        <time>2025-09-10T14:14:57.000Z</time>
        <extensions>
          <ns3:TrackPointExtension>
            <ns3:atemp>28.0</ns3:atemp>
            <ns3:hr>130</ns3:hr>
          </ns3:TrackPointExtension>
        </extensions>
      </trkpt>
      <trkpt lat="59.94853547774255275726318359375" lon="30.3060689382255077362060546875">
        <ele>12</ele>
        <time>2025-09-10T14:14:59.000Z</time>
        <extensions>
          <ns3:TrackPointExtension>
            <ns3:atemp>28.0</ns3:atemp>
            <ns3:hr>128</ns3:hr>
          </ns3:TrackPointExtension>
        </extensions>
      </trkpt>
      <trkpt lat="59.94864888489246368408203125" lon="30.30629105865955352783203125">
        <ele>12.19999980926513671875</ele>
        <time>2025-09-10T14:15:04.000Z</time>
        <extensions>
          <ns3:TrackPointExtension>
            <ns3:atemp>28.0</ns3:atemp>
            <ns3:hr>131</ns3:hr>
          </ns3:TrackPointExtension>
        </extensions>
      </trkpt>
      <trkpt lat="59.94873044081032276153564453125" lon="30.3065316192805767059326171875">
        <ele>12.80000019073486328125</ele>
        <time>2025-09-10T14:15:08.000Z</time>
        <extensions>
          <ns3:TrackPointExtension>
            <ns3:atemp>28.0</ns3:atemp>
            <ns3:hr>128</ns3:hr>
          </ns3:TrackPointExtension>
        </extensions>
      </trkpt>
      <trkpt lat="59.9487754516303539276123046875" lon="30.30665022321045398712158203125">
        <ele>12.6000003814697265625</ele>
        <time>2025-09-10T14:15:10.000Z</time>
        <extensions>
          <ns3:TrackPointExtension>
            <ns3:atemp>28.0</ns3:atemp>
            <ns3:hr>129</ns3:hr>
          </ns3:TrackPointExtension>
        </extensions>
      </trkpt>
      <trkpt lat="59.94886203669011592864990234375" lon="30.3068471141159534454345703125">
        <ele>12.6000003814697265625</ele>
        <time>2025-09-10T14:15:13.000Z</time>
        <extensions>
          <ns3:TrackPointExtension>
            <ns3:atemp>28.0</ns3:atemp>
            <ns3:hr>126</ns3:hr>
          </ns3:TrackPointExtension>
        </extensions>
      </trkpt>
      <trkpt lat="59.9489357136189937591552734375" lon="30.3069879300892353057861328125">
        <ele>12.3999996185302734375</ele>
        <time>2025-09-10T14:15:15.000Z</time>
        <extensions>
          <ns3:TrackPointExtension>
            <ns3:atemp>28.0</ns3:atemp>
            <ns3:hr>122</ns3:hr>
          </ns3:TrackPointExtension>
        </extensions>
      </trkpt>
      <trkpt lat="59.9490366317331790924072265625" lon="30.307054482400417327880859375">
        <ele>12.80000019073486328125</ele>
        <time>2025-09-10T14:15:17.000Z</time>
        <extensions>
          <ns3:TrackPointExtension>
            <ns3:atemp>28.0</ns3:atemp>
            <ns3:hr>118</ns3:hr>
          </ns3:TrackPointExtension>
        </extensions>
      </trkpt>
      <trkpt lat="59.949083738029003143310546875" lon="30.30710066668689250946044921875">
        <ele>13.19999980926513671875</ele>
        <time>2025-09-10T14:15:18.000Z</time>
        <extensions>
          <ns3:TrackPointExtension>
            <ns3:atemp>28.0</ns3:atemp>
            <ns3:hr>113</ns3:hr>
          </ns3:TrackPointExtension>
        </extensions>
      </trkpt>
      <trkpt lat="59.9491244740784168243408203125" lon="30.30718096531927585601806640625">
        <ele>13.3999996185302734375</ele>
        <time>2025-09-10T14:15:19.000Z</time>
        <extensions>
          <ns3:TrackPointExtension>
            <ns3:atemp>28.0</ns3:atemp>
            <ns3:hr>108</ns3:hr>
          </ns3:TrackPointExtension>
        </extensions>
      </trkpt>
      <trkpt lat="59.94921357370913028717041015625" lon="30.30735681764781475067138671875">
        <ele>13.80000019073486328125</ele>
        <time>2025-09-10T14:15:21.000Z</time>
        <extensions>
          <ns3:TrackPointExtension>
            <ns3:atemp>28.0</ns3:atemp>
            <ns3:hr>104</ns3:hr>
          </ns3:TrackPointExtension>
        </extensions>
      </trkpt>
      <trkpt lat="59.9494416452944278717041015625" lon="30.307850427925586700439453125">
        <ele>14</ele>
        <time>2025-09-10T14:15:26.000Z</time>
        <extensions>
          <ns3:TrackPointExtension>
            <ns3:atemp>28.0</ns3:atemp>
            <ns3:hr>105</ns3:hr>
          </ns3:TrackPointExtension>
        </extensions>
      </trkpt>
      <trkpt lat="59.94960702024400234222412109375" lon="30.30823976732790470123291015625">
        <ele>13.3999996185302734375</ele>
        <time>2025-09-10T14:15:30.000Z</time>
        <extensions>
          <ns3:TrackPointExtension>
            <ns3:atemp>28.0</ns3:atemp>
            <ns3:hr>110</ns3:hr>
          </ns3:TrackPointExtension>
        </extensions>
      </trkpt>
      <trkpt lat="59.94979309849441051483154296875" lon="30.3087062202394008636474609375">
        <ele>13.19999980926513671875</ele>
        <time>2025-09-10T14:15:35.000Z</time>
        <extensions>
          <ns3:TrackPointExtension>
            <ns3:atemp>28.0</ns3:atemp>
            <ns3:hr>107</ns3:hr>
          </ns3:TrackPointExtension>
        </extensions>
      </trkpt>
      <trkpt lat="59.949837438762187957763671875" lon="30.30877872370183467864990234375">
        <ele>13.19999980926513671875</ele>
        <time>2025-09-10T14:15:36.000Z</time>
        <extensions>
          <ns3:TrackPointExtension>
            <ns3:atemp>28.0</ns3:atemp>
            <ns3:hr>104</ns3:hr>
          </ns3:TrackPointExtension>
        </extensions>
      </trkpt>
      <trkpt lat="59.94988278485834598541259765625" lon="30.3088478744029998779296875">
        <ele>13.19999980926513671875</ele>
        <time>2025-09-10T14:15:37.000Z</time>
        <extensions>
          <ns3:TrackPointExtension>
            <ns3:atemp>28.0</ns3:atemp>
            <ns3:hr>108</ns3:hr>
          </ns3:TrackPointExtension>
        </extensions>
      </trkpt>
      <trkpt lat="59.9499345012009143829345703125" lon="30.3089147619903087615966796875">
        <ele>13.19999980926513671875</ele>
        <time>2025-09-10T14:15:38.000Z</time>
        <extensions>
          <ns3:TrackPointExtension>
            <ns3:atemp>28.0</ns3:atemp>
            <ns3:hr>105</ns3:hr>
          </ns3:TrackPointExtension>
        </extensions>
      </trkpt>
      <trkpt lat="59.95029534213244915008544921875" lon="30.3097921796143054962158203125">
        <ele>14</ele>
        <time>2025-09-10T14:15:46.000Z</time>
        <extensions>
          <ns3:TrackPointExtension>
            <ns3:atemp>28.0</ns3:atemp>
            <ns3:hr>104</ns3:hr>
          </ns3:TrackPointExtension>
        </extensions>
      </trkpt>
      <trkpt lat="59.95040304958820343017578125" lon="30.310024358332157135009765625">
        <ele>14.6000003814697265625</ele>
        <time>2025-09-10T14:15:48.000Z</time>
        <extensions>
          <ns3:TrackPointExtension>
            <ns3:atemp>28.0</ns3:atemp>
            <ns3:hr>104</ns3:hr>
          </ns3:TrackPointExtension>
        </extensions>
      </trkpt>
      <trkpt lat="59.9504887126386165618896484375" lon="30.31021487899124622344970703125">
        <ele>14.80000019073486328125</ele>
        <time>2025-09-10T14:15:50.000Z</time>
        <extensions>
          <ns3:TrackPointExtension>
            <ns3:atemp>28.0</ns3:atemp>
            <ns3:hr>101</ns3:hr>
          </ns3:TrackPointExtension>
        </extensions>
      </trkpt>
      <trkpt lat="59.9508524872362613677978515625" lon="30.31109212897717952728271484375">
        <ele>14.19999980926513671875</ele>
        <time>2025-09-10T14:16:00.000Z</time>
        <extensions>
          <ns3:TrackPointExtension>
            <ns3:atemp>28.0</ns3:atemp>
            <ns3:hr>100</ns3:hr>
          </ns3:TrackPointExtension>
        </extensions>
      </trkpt>
      <trkpt lat="59.95094292797148227691650390625" lon="30.3112546540796756744384765625">
        <ele>14</ele>
        <time>2025-09-10T14:16:03.000Z</time>
        <extensions>
          <ns3:TrackPointExtension>
            <ns3:atemp>27.0</ns3:atemp>
            <ns3:hr>99</ns3:hr>
          </ns3:TrackPointExtension>
        </extensions>
      </trkpt>
      <trkpt lat="59.95120880194008350372314453125" lon="30.3114028461277484893798828125">
        <ele>13.80000019073486328125</ele>
        <time>2025-09-10T14:16:14.000Z</time>
        <extensions>
          <ns3:TrackPointExtension>
            <ns3:atemp>27.0</ns3:atemp>
            <ns3:hr>95</ns3:hr>
          </ns3:TrackPointExtension>
        </extensions>
      </trkpt>
      <trkpt lat="59.95125842280685901641845703125" lon="30.31109313480556011199951171875">
        <ele>14</ele>
        <time>2025-09-10T14:16:16.000Z</time>
        <extensions>
          <ns3:TrackPointExtension>
            <ns3:atemp>27.0</ns3:atemp>
            <ns3:hr>98</ns3:hr>
          </ns3:TrackPointExtension>
        </extensions>
      </trkpt>
      <trkpt lat="59.9513564072549343109130859375" lon="30.31117402017116546630859375">
        <ele>14</ele>
        <time>2025-09-10T14:16:18.000Z</time>
        <extensions>
          <ns3:TrackPointExtension>
            <ns3:atemp>27.0</ns3:atemp>
            <ns3:hr>100</ns3:hr>
          </ns3:TrackPointExtension>
        </extensions>
      </trkpt>
      <trkpt lat="59.9514911882579326629638671875" lon="30.31139823608100414276123046875">
        <ele>14.3999996185302734375</ele>
        <time>2025-09-10T14:16:21.000Z</time>
        <extensions>
          <ns3:TrackPointExtension>
            <ns3:atemp>27.0</ns3:atemp>
            <ns3:hr>103</ns3:hr>
          </ns3:TrackPointExtension>
        </extensions>
      </trkpt>
      <trkpt lat="59.95156285353004932403564453125" lon="30.311604179441928863525390625">
        <ele>14.6000003814697265625</ele>
        <time>2025-09-10T14:16:23.000Z</time>
        <extensions>
          <ns3:TrackPointExtension>
            <ns3:atemp>27.0</ns3:atemp>
            <ns3:hr>106</ns3:hr>
          </ns3:TrackPointExtension>
        </extensions>
      </trkpt>
      <trkpt lat="59.951598308980464935302734375" lon="30.31168221496045589447021484375">
        <ele>15</ele>
        <time>2025-09-10T14:16:24.000Z</time>
        <extensions>
          <ns3:TrackPointExtension>
            <ns3:atemp>27.0</ns3:atemp>
            <ns3:hr>107</ns3:hr>
          </ns3:TrackPointExtension>
        </extensions>
      </trkpt>
      <trkpt lat="59.951790086925029754638671875" lon="30.31211522407829761505126953125">
        <ele>15.3999996185302734375</ele>
        <time>2025-09-10T14:16:30.000Z</time>
        <extensions>
          <ns3:TrackPointExtension>
            <ns3:atemp>27.0</ns3:atemp>
            <ns3:hr>109</ns3:hr>
          </ns3:TrackPointExtension>
        </extensions>
      </trkpt>
      <trkpt lat="59.951848424971103668212890625" lon="30.31217875890433788299560546875">
        <ele>15.3999996185302734375</ele>
        <time>2025-09-10T14:16:32.000Z</time>
        <extensions>
          <ns3:TrackPointExtension>
            <ns3:atemp>27.0</ns3:atemp>
            <ns3:hr>115</ns3:hr>
          </ns3:TrackPointExtension>
        </extensions>
      </trkpt>
      <trkpt lat="59.95187181048095226287841796875" lon="30.312219746410846710205078125">
        <ele>15.3999996185302734375</ele>
        <time>2025-09-10T14:16:33.000Z</time>
        <extensions>
          <ns3:TrackPointExtension>
            <ns3:atemp>27.0</ns3:atemp>
            <ns3:hr>122</ns3:hr>
          </ns3:TrackPointExtension>
        </extensions>
      </trkpt>
      <trkpt lat="59.95189628563821315765380859375" lon="30.31222636811435222625732421875">
        <ele>15.3999996185302734375</ele>
        <time>2025-09-10T14:16:34.000Z</time>
        <extensions>
          <ns3:TrackPointExtension>
            <ns3:atemp>27.0</ns3:atemp>
            <ns3:hr>126</ns3:hr>
          </ns3:TrackPointExtension>
        </extensions>
      </trkpt>
      <trkpt lat="59.95191514492034912109375" lon="30.31223961152136325836181640625">
        <ele>15.3999996185302734375</ele>
        <time>2025-09-10T14:16:35.000Z</time>
        <extensions>
          <ns3:TrackPointExtension>
            <ns3:atemp>27.0</ns3:atemp>
            <ns3:hr>131</ns3:hr>
          </ns3:TrackPointExtension>
        </extensions>
      </trkpt>
      <trkpt lat="59.9519310705363750457763671875" lon="30.31226425431668758392333984375">
        <ele>15.6000003814697265625</ele>
        <time>2025-09-10T14:16:36.000Z</time>
        <extensions>
          <ns3:TrackPointExtension>
            <ns3:atemp>27.0</ns3:atemp>
            <ns3:hr>132</ns3:hr>
          </ns3:TrackPointExtension>
        </extensions>
      </trkpt>
      <trkpt lat="59.95195412077009677886962890625" lon="30.31232074834406375885009765625">
        <ele>15.80000019073486328125</ele>
        <time>2025-09-10T14:16:38.000Z</time>
        <extensions>
          <ns3:TrackPointExtension>
            <ns3:atemp>27.0</ns3:atemp>
            <ns3:hr>136</ns3:hr>
          </ns3:TrackPointExtension>
        </extensions>
      </trkpt>
      <trkpt lat="59.95196904055774211883544921875" lon="30.31235528178513050079345703125">
        <ele>16</ele>
        <time>2025-09-10T14:16:39.000Z</time>
        <extensions>
          <ns3:TrackPointExtension>
            <ns3:atemp>27.0</ns3:atemp>
            <ns3:hr>139</ns3:hr>
          </ns3:TrackPointExtension>
        </extensions>
      </trkpt>
      <trkpt lat="59.95201162062585353851318359375" lon="30.31243197619915008544921875">
        <ele>16.200000762939453125</ele>
        <time>2025-09-10T14:16:41.000Z</time>
        <extensions>
          <ns3:TrackPointExtension>
            <ns3:atemp>27.0</ns3:atemp>
            <ns3:hr>140</ns3:hr>
          </ns3:TrackPointExtension>
        </extensions>
      </trkpt>
      <trkpt lat="59.9521483294665813446044921875" lon="30.31259885989129543304443359375">
        <ele>15.6000003814697265625</ele>
        <time>2025-09-10T14:16:47.000Z</time>
        <extensions>
          <ns3:TrackPointExtension>
            <ns3:atemp>27.0</ns3:atemp>
            <ns3:hr>139</ns3:hr>
          </ns3:TrackPointExtension>
        </extensions>
      </trkpt>
      <trkpt lat="59.95220608077943325042724609375" lon="30.31265535391867160797119140625">
        <ele>15.6000003814697265625</ele>
        <time>2025-09-10T14:16:55.000Z</time>
        <extensions>
          <ns3:TrackPointExtension>
            <ns3:atemp>27.0</ns3:atemp>
            <ns3:hr>133</ns3:hr>
          </ns3:TrackPointExtension>
        </extensions>
      </trkpt>
      <trkpt lat="59.95210901834070682525634765625" lon="30.3126745484769344329833984375">
        <ele>15.19999980926513671875</ele>
        <time>2025-09-10T14:17:02.000Z</time>
        <extensions>
          <ns3:TrackPointExtension>
            <ns3:atemp>27.0</ns3:atemp>
            <ns3:hr>137</ns3:hr>
          </ns3:TrackPointExtension>
        </extensions>
      </trkpt>
      <trkpt lat="59.95210482738912105560302734375" lon="30.312680415809154510498046875">
        <ele>15.19999980926513671875</ele>
        <time>2025-09-10T14:17:03.000Z</time>
        <extensions>
          <ns3:TrackPointExtension>
            <ns3:atemp>27.0</ns3:atemp>
            <ns3:hr>133</ns3:hr>
          </ns3:TrackPointExtension>
        </extensions>
      </trkpt>
      <trkpt lat="59.9521184898912906646728515625" lon="30.3128606267273426055908203125">
        <ele>15.6000003814697265625</ele>
        <time>2025-09-10T14:17:08.000Z</time>
        <extensions>
          <ns3:TrackPointExtension>
            <ns3:atemp>27.0</ns3:atemp>
            <ns3:hr>130</ns3:hr>
          </ns3:TrackPointExtension>
        </extensions>
      </trkpt>
      <trkpt lat="59.95224463753402233123779296875" lon="30.31330729834735393524169921875">
        <ele>15.80000019073486328125</ele>
        <time>2025-09-10T14:17:15.000Z</time>
        <extensions>
          <ns3:TrackPointExtension>
            <ns3:atemp>27.0</ns3:atemp>
            <ns3:hr>127</ns3:hr>
          </ns3:TrackPointExtension>
        </extensions>
      </trkpt>
      <trkpt lat="59.9523692764341831207275390625" lon="30.31368733383715152740478515625">
        <ele>15.6000003814697265625</ele>
        <time>2025-09-10T14:17:20.000Z</time>
        <extensions>
          <ns3:TrackPointExtension>
            <ns3:atemp>27.0</ns3:atemp>
            <ns3:hr>130</ns3:hr>
          </ns3:TrackPointExtension>
        </extensions>
      </trkpt>
      <trkpt lat="59.952413700520992279052734375" lon="30.3138530440628528594970703125">
        <ele>15.6000003814697265625</ele>
        <time>2025-09-10T14:17:22.000Z</time>
        <extensions>
          <ns3:TrackPointExtension>
            <ns3:atemp>27.0</ns3:atemp>
            <ns3:hr>133</ns3:hr>
          </ns3:TrackPointExtension>
        </extensions>
      </trkpt>
      <trkpt lat="59.9525566957890987396240234375" lon="30.314515717327594757080078125">
        <ele>15.80000019073486328125</ele>
        <time>2025-09-10T14:17:29.000Z</time>
        <extensions>
          <ns3:TrackPointExtension>
            <ns3:atemp>27.0</ns3:atemp>
            <ns3:hr>133</ns3:hr>
          </ns3:TrackPointExtension>
        </extensions>
      </trkpt>
      <trkpt lat="59.95269834995269775390625" lon="30.3154622018337249755859375">
        <ele>16.6000003814697265625</ele>
        <time>2025-09-10T14:17:38.000Z</time>
        <extensions>
          <ns3:TrackPointExtension>
            <ns3:atemp>27.0</ns3:atemp>
            <ns3:hr>134</ns3:hr>
          </ns3:TrackPointExtension>
        </extensions>
      </trkpt>
      <trkpt lat="59.9527605436742305755615234375" lon="30.3157416544854640960693359375">
        <ele>16.6000003814697265625</ele>
        <time>2025-09-10T14:17:41.000Z</time>
        <extensions>
          <ns3:TrackPointExtension>
            <ns3:atemp>27.0</ns3:atemp>
            <ns3:hr>137</ns3:hr>
          </ns3:TrackPointExtension>
        </extensions>
      </trkpt>
      <trkpt lat="59.95277051813900470733642578125" lon="30.31583259813487529754638671875">
        <ele>17</ele>
        <time>2025-09-10T14:17:42.000Z</time>
        <extensions>
          <ns3:TrackPointExtension>
            <ns3:atemp>27.0</ns3:atemp>
            <ns3:hr>137</ns3:hr>
          </ns3:TrackPointExtension>
        </extensions>
      </trkpt>
      <trkpt lat="59.95282240211963653564453125" lon="30.3160648606717586517333984375">
        <ele>17.200000762939453125</ele>
        <time>2025-09-10T14:17:45.000Z</time>
        <extensions>
          <ns3:TrackPointExtension>
            <ns3:atemp>27.0</ns3:atemp>
            <ns3:hr>135</ns3:hr>
          </ns3:TrackPointExtension>
        </extensions>
      </trkpt>
      <trkpt lat="59.95284277014434337615966796875" lon="30.316138453781604766845703125">
        <ele>17.200000762939453125</ele>
        <time>2025-09-10T14:17:46.000Z</time>
        <extensions>
          <ns3:TrackPointExtension>
            <ns3:atemp>27.0</ns3:atemp>
            <ns3:hr>134</ns3:hr>
          </ns3:TrackPointExtension>
        </extensions>
      </trkpt>
      <trkpt lat="59.9529281817376613616943359375" lon="30.3167015500366687774658203125">
        <ele>17</ele>
        <time>2025-09-10T14:17:56.000Z</time>
        <extensions>
          <ns3:TrackPointExtension>
            <ns3:atemp>27.0</ns3:atemp>
            <ns3:hr>135</ns3:hr>
          </ns3:TrackPointExtension>
        </extensions>
      </trkpt>
      <trkpt lat="59.952960871160030364990234375" lon="30.31674622558057308197021484375">
        <ele>17</ele>
        <time>2025-09-10T14:17:57.000Z</time>
        <extensions>
          <ns3:TrackPointExtension>
            <ns3:atemp>27.0</ns3:atemp>
            <ns3:hr>136</ns3:hr>
          </ns3:TrackPointExtension>
        </extensions>
      </trkpt>
      <trkpt lat="59.95302767492830753326416015625" lon="30.317124165594577789306640625">
        <ele>17.200000762939453125</ele>
        <time>2025-09-10T14:18:02.000Z</time>
        <extensions>
          <ns3:TrackPointExtension>
            <ns3:atemp>27.0</ns3:atemp>
            <ns3:hr>134</ns3:hr>
          </ns3:TrackPointExtension>
        </extensions>
      </trkpt>
      <trkpt lat="59.9531420879065990447998046875" lon="30.31895418651401996612548828125">
        <ele>16.200000762939453125</ele>
        <time>2025-09-10T14:18:27.000Z</time>
        <extensions>
          <ns3:TrackPointExtension>
            <ns3:atemp>27.0</ns3:atemp>
            <ns3:hr>126</ns3:hr>
          </ns3:TrackPointExtension>
        </extensions>
      </trkpt>
      <trkpt lat="59.95299900881946086883544921875" lon="30.31922341324388980865478515625">
        <ele>16</ele>
        <time>2025-09-10T14:18:28.000Z</time>
        <extensions>
          <ns3:TrackPointExtension>
            <ns3:atemp>27.0</ns3:atemp>
            <ns3:hr>126</ns3:hr>
          </ns3:TrackPointExtension>
        </extensions>
      </trkpt>
      <trkpt lat="59.95301560498774051666259765625" lon="30.31945936381816864013671875">
        <ele>16</ele>
        <time>2025-09-10T14:18:31.000Z</time>
        <extensions>
          <ns3:TrackPointExtension>
            <ns3:atemp>27.0</ns3:atemp>
            <ns3:hr>125</ns3:hr>
          </ns3:TrackPointExtension>
        </extensions>
      </trkpt>
      <trkpt lat="59.95302113704383373260498046875" lon="30.31980562023818492889404296875">
        <ele>16.200000762939453125</ele>
        <time>2025-09-10T14:18:35.000Z</time>
        <extensions>
          <ns3:TrackPointExtension>
            <ns3:atemp>27.0</ns3:atemp>
            <ns3:hr>123</ns3:hr>
          </ns3:TrackPointExtension>
        </extensions>
      </trkpt>
      <trkpt lat="59.95304862968623638153076171875" lon="30.32024147920310497283935546875">
        <ele>16</ele>
        <time>2025-09-10T14:18:41.000Z</time>
        <extensions>
          <ns3:TrackPointExtension>
            <ns3:atemp>27.0</ns3:atemp>
            <ns3:hr>120</ns3:hr>
          </ns3:TrackPointExtension>
        </extensions>
      </trkpt>
      <trkpt lat="59.9530483782291412353515625" lon="30.320305265486240386962890625">
        <ele>16</ele>
        <time>2025-09-10T14:18:42.000Z</time>
        <extensions>
          <ns3:TrackPointExtension>
            <ns3:atemp>27.0</ns3:atemp>
            <ns3:hr>120</ns3:hr>
          </ns3:TrackPointExtension>
        </extensions>
      </trkpt>
      <trkpt lat="59.95307184755802154541015625" lon="30.320434682071208953857421875">
        <ele>16.200000762939453125</ele>
        <time>2025-09-10T14:18:47.000Z</time>
        <extensions>
          <ns3:TrackPointExtension>
            <ns3:atemp>27.0</ns3:atemp>
            <ns3:hr>120</ns3:hr>
          </ns3:TrackPointExtension>
        </extensions>
      </trkpt>
      <trkpt lat="59.95303002186119556427001953125" lon="30.3205444850027561187744140625">
        <ele>16.3999996185302734375</ele>
        <time>2025-09-10T14:18:53.000Z</time>
        <extensions>
          <ns3:TrackPointExtension>
            <ns3:atemp>27.0</ns3:atemp>
            <ns3:hr>122</ns3:hr>
          </ns3:TrackPointExtension>
        </extensions>
      </trkpt>
      <trkpt lat="59.95302281342446804046630859375" lon="30.32067281194031238555908203125">
        <ele>16.3999996185302734375</ele>
        <time>2025-09-10T14:18:56.000Z</time>
        <extensions>
          <ns3:TrackPointExtension>
            <ns3:atemp>27.0</ns3:atemp>
            <ns3:hr>125</ns3:hr>
          </ns3:TrackPointExtension>
        </extensions>
      </trkpt>
      <trkpt lat="59.95303873904049396514892578125" lon="30.32090029679238796234130859375">
        <ele>16.200000762939453125</ele>
        <time>2025-09-10T14:19:00.000Z</time>
        <extensions>
          <ns3:TrackPointExtension>
            <ns3:atemp>27.0</ns3:atemp>
            <ns3:hr>127</ns3:hr>
          </ns3:TrackPointExtension>
        </extensions>
      </trkpt>
      <trkpt lat="59.95302834548056125640869140625" lon="30.3210966847836971282958984375">
        <ele>16.200000762939453125</ele>
        <time>2025-09-10T14:19:03.000Z</time>
        <extensions>
          <ns3:TrackPointExtension>
            <ns3:atemp>27.0</ns3:atemp>
            <ns3:hr>122</ns3:hr>
          </ns3:TrackPointExtension>
        </extensions>
      </trkpt>
      <trkpt lat="59.953014850616455078125" lon="30.321227274835109710693359375">
        <ele>16.200000762939453125</ele>
        <time>2025-09-10T14:19:05.000Z</time>
        <extensions>
          <ns3:TrackPointExtension>
            <ns3:atemp>27.0</ns3:atemp>
            <ns3:hr>119</ns3:hr>
          </ns3:TrackPointExtension>
        </extensions>
      </trkpt>
      <trkpt lat="59.9529010243713855743408203125" lon="30.32180763781070709228515625">
        <ele>15.6000003814697265625</ele>
        <time>2025-09-10T14:19:13.000Z</time>
        <extensions>
          <ns3:TrackPointExtension>
            <ns3:atemp>27.0</ns3:atemp>
            <ns3:hr>119</ns3:hr>
          </ns3:TrackPointExtension>
        </extensions>
      </trkpt>
      <trkpt lat="59.95273028500378131866455078125" lon="30.32256477512419223785400390625">
        <ele>14.19999980926513671875</ele>
        <time>2025-09-10T14:19:30.000Z</time>
        <extensions>
          <ns3:TrackPointExtension>
            <ns3:atemp>27.0</ns3:atemp>
            <ns3:hr>117</ns3:hr>
          </ns3:TrackPointExtension>
        </extensions>
      </trkpt>
      <trkpt lat="59.9527561850845813751220703125" lon="30.32260601408779621124267578125">
        <ele>13.80000019073486328125</ele>
        <time>2025-09-10T14:19:35.000Z</time>
        <extensions>
          <ns3:TrackPointExtension>
            <ns3:atemp>27.0</ns3:atemp>
            <ns3:hr>116</ns3:hr>
          </ns3:TrackPointExtension>
        </extensions>
      </trkpt>
      <trkpt lat="59.95275643654167652130126953125" lon="30.322605259716510772705078125">
        <ele>13.3999996185302734375</ele>
        <time>2025-09-10T14:19:38.000Z</time>
        <extensions>
          <ns3:TrackPointExtension>
            <ns3:atemp>27.0</ns3:atemp>
            <ns3:hr>114</ns3:hr>
          </ns3:TrackPointExtension>
        </extensions>
      </trkpt>
      <trkpt lat="59.9527613818645477294921875" lon="30.3226003982126712799072265625">
        <ele>13.19999980926513671875</ele>
        <time>2025-09-10T14:19:47.000Z</time>
        <extensions>
          <ns3:TrackPointExtension>
            <ns3:atemp>27.0</ns3:atemp>
            <ns3:hr>114</ns3:hr>
          </ns3:TrackPointExtension>
        </extensions>
      </trkpt>
      <trkpt lat="59.95277185924351215362548828125" lon="30.3225941956043243408203125">
        <ele>13</ele>
        <time>2025-09-10T14:19:50.000Z</time>
        <extensions>
          <ns3:TrackPointExtension>
            <ns3:atemp>27.0</ns3:atemp>
            <ns3:hr>111</ns3:hr>
          </ns3:TrackPointExtension>
        </extensions>
      </trkpt>
      <trkpt lat="59.95279499329626560211181640625" lon="30.32259746454656124114990234375">
        <ele>12.80000019073486328125</ele>
        <time>2025-09-10T14:19:57.000Z</time>
        <extensions>
          <ns3:TrackPointExtension>
            <ns3:atemp>27.0</ns3:atemp>
            <ns3:hr>109</ns3:hr>
          </ns3:TrackPointExtension>
        </extensions>
      </trkpt>
      <trkpt lat="59.9527970887720584869384765625" lon="30.32260098494589328765869140625">
        <ele>12.6000003814697265625</ele>
        <time>2025-09-10T14:19:58.000Z</time>
        <extensions>
          <ns3:TrackPointExtension>
            <ns3:atemp>27.0</ns3:atemp>
            <ns3:hr>109</ns3:hr>
          </ns3:TrackPointExtension>
        </extensions>
      </trkpt>
      <trkpt lat="59.952807314693927764892578125" lon="30.32259578816592693328857421875">
        <ele>12.6000003814697265625</ele>
        <time>2025-09-10T14:20:00.000Z</time>
        <extensions>
          <ns3:TrackPointExtension>
            <ns3:atemp>27.0</ns3:atemp>
            <ns3:hr>106</ns3:hr>
          </ns3:TrackPointExtension>
        </extensions>
      </trkpt>
      <trkpt lat="59.95282114483416080474853515625" lon="30.322579443454742431640625">
        <ele>12.6000003814697265625</ele>
        <time>2025-09-10T14:20:01.000Z</time>
        <extensions>
          <ns3:TrackPointExtension>
            <ns3:atemp>27.0</ns3:atemp>
            <ns3:hr>103</ns3:hr>
          </ns3:TrackPointExtension>
        </extensions>
      </trkpt>
      <trkpt lat="59.9528416804969310760498046875" lon="30.32258857972919940948486328125">
        <ele>12.6000003814697265625</ele>
        <time>2025-09-10T14:20:02.000Z</time>
        <extensions>
          <ns3:TrackPointExtension>
            <ns3:atemp>27.0</ns3:atemp>
            <ns3:hr>101</ns3:hr>
          </ns3:TrackPointExtension>
        </extensions>
      </trkpt>
      <trkpt lat="59.95290027000010013580322265625" lon="30.32259084284305572509765625">
        <ele>12.3999996185302734375</ele>
        <time>2025-09-10T14:20:05.000Z</time>
        <extensions>
          <ns3:TrackPointExtension>
            <ns3:atemp>27.0</ns3:atemp>
            <ns3:hr>101</ns3:hr>
          </ns3:TrackPointExtension>
        </extensions>
      </trkpt>
      <trkpt lat="59.9529291875660419464111328125" lon="30.32259494997560977935791015625">
        <ele>12.19999980926513671875</ele>
        <time>2025-09-10T14:20:08.000Z</time>
        <extensions>
          <ns3:TrackPointExtension>
            <ns3:atemp>27.0</ns3:atemp>
            <ns3:hr>98</ns3:hr>
          </ns3:TrackPointExtension>
        </extensions>
      </trkpt>
      <trkpt lat="59.9529710970818996429443359375" lon="30.32258338294923305511474609375">
        <ele>11.80000019073486328125</ele>
        <time>2025-09-10T14:20:12.000Z</time>
        <extensions>
          <ns3:TrackPointExtension>
            <ns3:atemp>27.0</ns3:atemp>
            <ns3:hr>96</ns3:hr>
          </ns3:TrackPointExtension>
        </extensions>
      </trkpt>
      <trkpt lat="59.95298123918473720550537109375" lon="30.322595201432704925537109375">
        <ele>11.80000019073486328125</ele>
        <time>2025-09-10T14:20:13.000Z</time>
        <extensions>
          <ns3:TrackPointExtension>
            <ns3:atemp>27.0</ns3:atemp>
            <ns3:hr>97</ns3:hr>
          </ns3:TrackPointExtension>
        </extensions>
      </trkpt>
      <trkpt lat="59.95301283895969390869140625" lon="30.322725959122180938720703125">
        <ele>11.3999996185302734375</ele>
        <time>2025-09-10T14:20:18.000Z</time>
        <extensions>
          <ns3:TrackPointExtension>
            <ns3:atemp>27.0</ns3:atemp>
            <ns3:hr>97</ns3:hr>
          </ns3:TrackPointExtension>
        </extensions>
      </trkpt>
      <trkpt lat="59.953068159520626068115234375" lon="30.3230416215956211090087890625">
        <ele>11.3999996185302734375</ele>
        <time>2025-09-10T14:20:24.000Z</time>
        <extensions>
          <ns3:TrackPointExtension>
            <ns3:atemp>27.0</ns3:atemp>
            <ns3:hr>95</ns3:hr>
          </ns3:TrackPointExtension>
        </extensions>
      </trkpt>
      <trkpt lat="59.95312683284282684326171875" lon="30.32330154441297054290771484375">
        <ele>11.19999980926513671875</ele>
        <time>2025-09-10T14:20:31.000Z</time>
        <extensions>
          <ns3:TrackPointExtension>
            <ns3:atemp>27.0</ns3:atemp>
            <ns3:hr>96</ns3:hr>
          </ns3:TrackPointExtension>
        </extensions>
      </trkpt>
      <trkpt lat="59.953171424567699432373046875" lon="30.32337865792214870452880859375">
        <ele>10.6000003814697265625</ele>
        <time>2025-09-10T14:20:36.000Z</time>
        <extensions>
          <ns3:TrackPointExtension>
            <ns3:atemp>27.0</ns3:atemp>
            <ns3:hr>98</ns3:hr>
          </ns3:TrackPointExtension>
        </extensions>
      </trkpt>
      <trkpt lat="59.9531618691980838775634765625" lon="30.32338703982532024383544921875">
        <ele>10.6000003814697265625</ele>
        <time>2025-09-10T14:20:37.000Z</time>
        <extensions>
          <ns3:TrackPointExtension>
            <ns3:atemp>27.0</ns3:atemp>
            <ns3:hr>101</ns3:hr>
          </ns3:TrackPointExtension>
        </extensions>
      </trkpt>
      <trkpt lat="59.9531578458845615386962890625" lon="30.32342073507606983184814453125">
        <ele>10.19999980926513671875</ele>
        <time>2025-09-10T14:20:40.000Z</time>
        <extensions>
          <ns3:TrackPointExtension>
            <ns3:atemp>27.0</ns3:atemp>
            <ns3:hr>104</ns3:hr>
          </ns3:TrackPointExtension>
        </extensions>
      </trkpt>
      <trkpt lat="59.95314502157270908355712890625" lon="30.32340212725102901458740234375">
        <ele>10.19999980926513671875</ele>
        <time>2025-09-10T14:20:42.000Z</time>
        <extensions>
          <ns3:TrackPointExtension>
            <ns3:atemp>27.0</ns3:atemp>
            <ns3:hr>107</ns3:hr>
          </ns3:TrackPointExtension>
        </extensions>
      </trkpt>
      <trkpt lat="59.95314368046820163726806640625" lon="30.3234020434319972991943359375">
        <ele>10</ele>
        <time>2025-09-10T14:20:44.000Z</time>
        <extensions>
          <ns3:TrackPointExtension>
            <ns3:atemp>27.0</ns3:atemp>
            <ns3:hr>108</ns3:hr>
          </ns3:TrackPointExtension>
        </extensions>
      </trkpt>
      <trkpt lat="59.953146278858184814453125" lon="30.32338938675820827484130859375">
        <ele>10</ele>
        <time>2025-09-10T14:20:47.000Z</time>
        <extensions>
          <ns3:TrackPointExtension>
            <ns3:atemp>27.0</ns3:atemp>
            <ns3:hr>112</ns3:hr>
          </ns3:TrackPointExtension>
        </extensions>
      </trkpt>
      <trkpt lat="59.95314267463982105255126953125" lon="30.32337941229343414306640625">
        <ele>10</ele>
        <time>2025-09-10T14:20:52.000Z</time>
        <extensions>
          <ns3:TrackPointExtension>
            <ns3:atemp>27.0</ns3:atemp>
            <ns3:hr>113</ns3:hr>
          </ns3:TrackPointExtension>
        </extensions>
      </trkpt>
      <trkpt lat="59.95315994136035442352294921875" lon="30.323370359838008880615234375">
        <ele>9.6000003814697265625</ele>
        <time>2025-09-10T14:20:56.000Z</time>
        <extensions>
          <ns3:TrackPointExtension>
            <ns3:atemp>27.0</ns3:atemp>
            <ns3:hr>113</ns3:hr>
          </ns3:TrackPointExtension>
        </extensions>
      </trkpt>
      <trkpt lat="59.9531605280935764312744140625" lon="30.32335795462131500244140625">
        <ele>9.3999996185302734375</ele>
        <time>2025-09-10T14:21:01.000Z</time>
        <extensions>
          <ns3:TrackPointExtension>
            <ns3:atemp>27.0</ns3:atemp>
            <ns3:hr>110</ns3:hr>
          </ns3:TrackPointExtension>
        </extensions>
      </trkpt>
      <trkpt lat="59.95320302434265613555908203125" lon="30.32334445975720882415771484375">
        <ele>9.3999996185302734375</ele>
        <time>2025-09-10T14:21:02.000Z</time>
        <extensions>
          <ns3:TrackPointExtension>
            <ns3:atemp>27.0</ns3:atemp>
            <ns3:hr>109</ns3:hr>
          </ns3:TrackPointExtension>
        </extensions>
      </trkpt>
      <trkpt lat="59.9532222189009189605712890625" lon="30.32333507202565670013427734375">
        <ele>9.3999996185302734375</ele>
        <time>2025-09-10T14:21:04.000Z</time>
        <extensions>
          <ns3:TrackPointExtension>
            <ns3:atemp>27.0</ns3:atemp>
            <ns3:hr>112</ns3:hr>
          </ns3:TrackPointExtension>
        </extensions>
      </trkpt>
      <trkpt lat="59.95322850532829761505126953125" lon="30.3232957608997821807861328125">
        <ele>9.3999996185302734375</ele>
        <time>2025-09-10T14:21:07.000Z</time>
        <extensions>
          <ns3:TrackPointExtension>
            <ns3:atemp>27.0</ns3:atemp>
            <ns3:hr>117</ns3:hr>
          </ns3:TrackPointExtension>
        </extensions>
      </trkpt>
      <trkpt lat="59.953237809240818023681640625" lon="30.32326600514352321624755859375">
        <ele>9.3999996185302734375</ele>
        <time>2025-09-10T14:21:10.000Z</time>
        <extensions>
          <ns3:TrackPointExtension>
            <ns3:atemp>27.0</ns3:atemp>
            <ns3:hr>114</ns3:hr>
          </ns3:TrackPointExtension>
        </extensions>
      </trkpt>
      <trkpt lat="59.9532463587820529937744140625" lon="30.32325510866940021514892578125">
        <ele>9.19999980926513671875</ele>
        <time>2025-09-10T14:21:11.000Z</time>
        <extensions>
          <ns3:TrackPointExtension>
            <ns3:atemp>27.0</ns3:atemp>
            <ns3:hr>113</ns3:hr>
          </ns3:TrackPointExtension>
        </extensions>
      </trkpt>
      <trkpt lat="59.95326823554933071136474609375" lon="30.32324002124369144439697265625">
        <ele>9.19999980926513671875</ele>
        <time>2025-09-10T14:21:14.000Z</time>
        <extensions>
          <ns3:TrackPointExtension>
            <ns3:atemp>27.0</ns3:atemp>
            <ns3:hr>110</ns3:hr>
          </ns3:TrackPointExtension>
        </extensions>
      </trkpt>
      <trkpt lat="59.953274689614772796630859375" lon="30.3232464753091335296630859375">
        <ele>9.19999980926513671875</ele>
        <time>2025-09-10T14:21:18.000Z</time>
        <extensions>
          <ns3:TrackPointExtension>
            <ns3:atemp>27.0</ns3:atemp>
            <ns3:hr>109</ns3:hr>
          </ns3:TrackPointExtension>
        </extensions>
      </trkpt>
      <trkpt lat="59.9543316476047039031982421875" lon="30.32612926326692104339599609375">
        <ele>10.19999980926513671875</ele>
        <time>2025-09-10T14:22:17.000Z</time>
        <extensions>
          <ns3:TrackPointExtension>
            <ns3:atemp>27.0</ns3:atemp>
            <ns3:hr>116</ns3:hr>
          </ns3:TrackPointExtension>
        </extensions>
      </trkpt>
      <trkpt lat="59.954399876296520233154296875" lon="30.3260537423193454742431640625">
        <ele>10.19999980926513671875</ele>
        <time>2025-09-10T14:22:19.000Z</time>
        <extensions>
          <ns3:TrackPointExtension>
            <ns3:atemp>27.0</ns3:atemp>
            <ns3:hr>116</ns3:hr>
          </ns3:TrackPointExtension>
        </extensions>
      </trkpt>
      <trkpt lat="59.9544218368828296661376953125" lon="30.32603505067527294158935546875">
        <ele>10.19999980926513671875</ele>
        <time>2025-09-10T14:22:20.000Z</time>
        <extensions>
          <ns3:TrackPointExtension>
            <ns3:atemp>27.0</ns3:atemp>
            <ns3:hr>113</ns3:hr>
          </ns3:TrackPointExtension>
        </extensions>
      </trkpt>
      <trkpt lat="59.95444673113524913787841796875" lon="30.32602013088762760162353515625">
        <ele>10.19999980926513671875</ele>
        <time>2025-09-10T14:22:21.000Z</time>
        <extensions>
          <ns3:TrackPointExtension>
            <ns3:atemp>27.0</ns3:atemp>
            <ns3:hr>110</ns3:hr>
          </ns3:TrackPointExtension>
        </extensions>
      </trkpt>
      <trkpt lat="59.95448109693825244903564453125" lon="30.32597620971500873565673828125">
        <ele>10.19999980926513671875</ele>
        <time>2025-09-10T14:22:25.000Z</time>
        <extensions>
          <ns3:TrackPointExtension>
            <ns3:atemp>27.0</ns3:atemp>
            <ns3:hr>107</ns3:hr>
          </ns3:TrackPointExtension>
        </extensions>
      </trkpt>
      <trkpt lat="59.954507835209369659423828125" lon="30.3259469568729400634765625">
        <ele>10.19999980926513671875</ele>
        <time>2025-09-10T14:22:27.000Z</time>
        <extensions>
          <ns3:TrackPointExtension>
            <ns3:atemp>27.0</ns3:atemp>
            <ns3:hr>108</ns3:hr>
          </ns3:TrackPointExtension>
        </extensions>
      </trkpt>
      <trkpt lat="59.9545398540794849395751953125" lon="30.3259025327861309051513671875">
        <ele>10.19999980926513671875</ele>
        <time>2025-09-10T14:22:33.000Z</time>
        <extensions>
          <ns3:TrackPointExtension>
            <ns3:atemp>27.0</ns3:atemp>
            <ns3:hr>105</ns3:hr>
          </ns3:TrackPointExtension>
        </extensions>
      </trkpt>
      <trkpt lat="59.95451219379901885986328125" lon="30.32589222304522991180419921875">
        <ele>10.19999980926513671875</ele>
        <time>2025-09-10T14:22:35.000Z</time>
        <extensions>
          <ns3:TrackPointExtension>
            <ns3:atemp>27.0</ns3:atemp>
            <ns3:hr>105</ns3:hr>
          </ns3:TrackPointExtension>
        </extensions>
      </trkpt>
      <trkpt lat="59.95451311580836772918701171875" lon="30.32588870264589786529541015625">
        <ele>10.19999980926513671875</ele>
        <time>2025-09-10T14:22:43.000Z</time>
        <extensions>
          <ns3:TrackPointExtension>
            <ns3:atemp>27.0</ns3:atemp>
            <ns3:hr>102</ns3:hr>
          </ns3:TrackPointExtension>
        </extensions>
      </trkpt>
      <trkpt lat="59.9545276165008544921875" lon="30.325917117297649383544921875">
        <ele>10.19999980926513671875</ele>
        <time>2025-09-10T14:22:46.000Z</time>
        <extensions>
          <ns3:TrackPointExtension>
            <ns3:atemp>27.0</ns3:atemp>
            <ns3:hr>101</ns3:hr>
          </ns3:TrackPointExtension>
        </extensions>
      </trkpt>
      <trkpt lat="59.9545328132808208465576171875" lon="30.32592843286693096160888671875">
        <ele>10.19999980926513671875</ele>
        <time>2025-09-10T14:22:47.000Z</time>
        <extensions>
          <ns3:TrackPointExtension>
            <ns3:atemp>27.0</ns3:atemp>
            <ns3:hr>107</ns3:hr>
          </ns3:TrackPointExtension>
        </extensions>
      </trkpt>
      <trkpt lat="59.95454664342105388641357421875" lon="30.32592239789664745330810546875">
        <ele>10.19999980926513671875</ele>
        <time>2025-09-10T14:22:48.000Z</time>
        <extensions>
          <ns3:TrackPointExtension>
            <ns3:atemp>27.0</ns3:atemp>
            <ns3:hr>112</ns3:hr>
          </ns3:TrackPointExtension>
        </extensions>
      </trkpt>
      <trkpt lat="59.95455913245677947998046875" lon="30.32591301016509532928466796875">
        <ele>10.19999980926513671875</ele>
        <time>2025-09-10T14:22:49.000Z</time>
        <extensions>
          <ns3:TrackPointExtension>
            <ns3:atemp>27.0</ns3:atemp>
            <ns3:hr>116</ns3:hr>
          </ns3:TrackPointExtension>
        </extensions>
      </trkpt>
      <trkpt lat="59.95456625707447528839111328125" lon="30.32590580172836780548095703125">
        <ele>10.19999980926513671875</ele>
        <time>2025-09-10T14:22:50.000Z</time>
        <extensions>
          <ns3:TrackPointExtension>
            <ns3:atemp>27.0</ns3:atemp>
            <ns3:hr>120</ns3:hr>
          </ns3:TrackPointExtension>
        </extensions>
      </trkpt>
      <trkpt lat="59.95452904142439365386962890625" lon="30.3259273432195186614990234375">
        <ele>10.19999980926513671875</ele>
        <time>2025-09-10T14:22:51.000Z</time>
        <extensions>
          <ns3:TrackPointExtension>
            <ns3:atemp>27.0</ns3:atemp>
            <ns3:hr>125</ns3:hr>
          </ns3:TrackPointExtension>
        </extensions>
      </trkpt>
      <trkpt lat="59.95450071059167385101318359375" lon="30.3259498067200183868408203125">
        <ele>10.19999980926513671875</ele>
        <time>2025-09-10T14:22:52.000Z</time>
        <extensions>
          <ns3:TrackPointExtension>
            <ns3:atemp>27.0</ns3:atemp>
            <ns3:hr>127</ns3:hr>
          </ns3:TrackPointExtension>
        </extensions>
      </trkpt>
      <trkpt lat="59.95446785353124141693115234375" lon="30.3259737789630889892578125">
        <ele>10.19999980926513671875</ele>
        <time>2025-09-10T14:22:53.000Z</time>
        <extensions>
          <ns3:TrackPointExtension>
            <ns3:atemp>27.0</ns3:atemp>
            <ns3:hr>128</ns3:hr>
          </ns3:TrackPointExtension>
        </extensions>
      </trkpt>
      <trkpt lat="59.95441571809351444244384765625" lon="30.326029770076274871826171875">
        <ele>10.19999980926513671875</ele>
        <time>2025-09-10T14:22:56.000Z</time>
        <extensions>
          <ns3:TrackPointExtension>
            <ns3:atemp>27.0</ns3:atemp>
            <ns3:hr>131</ns3:hr>
          </ns3:TrackPointExtension>
        </extensions>
      </trkpt>
      <trkpt lat="59.95436944998800754547119140625" lon="30.32608534209430217742919921875">
        <ele>10.19999980926513671875</ele>
        <time>2025-09-10T14:22:58.000Z</time>
        <extensions>
          <ns3:TrackPointExtension>
            <ns3:atemp>27.0</ns3:atemp>
            <ns3:hr>132</ns3:hr>
          </ns3:TrackPointExtension>
        </extensions>
      </trkpt>
      <trkpt lat="59.95428110472857952117919921875" lon="30.32628516666591167449951171875">
        <ele>9.6000003814697265625</ele>
        <time>2025-09-10T14:23:02.000Z</time>
        <extensions>
          <ns3:TrackPointExtension>
            <ns3:atemp>27.0</ns3:atemp>
            <ns3:hr>133</ns3:hr>
          </ns3:TrackPointExtension>
        </extensions>
      </trkpt>
      <trkpt lat="59.95435989461839199066162109375" lon="30.3264701552689075469970703125">
        <ele>9.3999996185302734375</ele>
        <time>2025-09-10T14:23:04.000Z</time>
        <extensions>
          <ns3:TrackPointExtension>
            <ns3:atemp>27.0</ns3:atemp>
            <ns3:hr>134</ns3:hr>
          </ns3:TrackPointExtension>
        </extensions>
      </trkpt>
      <trkpt lat="59.95438755489885807037353515625" lon="30.32653427682816982269287109375">
        <ele>9.3999996185302734375</ele>
        <time>2025-09-10T14:23:05.000Z</time>
        <extensions>
          <ns3:TrackPointExtension>
            <ns3:atemp>27.0</ns3:atemp>
            <ns3:hr>134</ns3:hr>
          </ns3:TrackPointExtension>
        </extensions>
      </trkpt>
      <trkpt lat="59.95450414717197418212890625" lon="30.32666780054569244384765625">
        <ele>10.6000003814697265625</ele>
        <time>2025-09-10T14:23:08.000Z</time>
        <extensions>
          <ns3:TrackPointExtension>
            <ns3:atemp>27.0</ns3:atemp>
            <ns3:hr>134</ns3:hr>
          </ns3:TrackPointExtension>
        </extensions>
      </trkpt>
      <trkpt lat="59.9545763991773128509521484375" lon="30.32682311721146106719970703125">
        <ele>10.80000019073486328125</ele>
        <time>2025-09-10T14:23:10.000Z</time>
        <extensions>
          <ns3:TrackPointExtension>
            <ns3:atemp>27.0</ns3:atemp>
            <ns3:hr>132</ns3:hr>
          </ns3:TrackPointExtension>
        </extensions>
      </trkpt>
      <trkpt lat="59.95487974025309085845947265625" lon="30.32738889567553997039794921875">
        <ele>11.80000019073486328125</ele>
        <time>2025-09-10T14:23:17.000Z</time>
        <extensions>
          <ns3:TrackPointExtension>
            <ns3:atemp>27.0</ns3:atemp>
            <ns3:hr>131</ns3:hr>
          </ns3:TrackPointExtension>
        </extensions>
      </trkpt>
      <trkpt lat="59.95508476160466670989990234375" lon="30.3277938254177570343017578125">
        <ele>10.80000019073486328125</ele>
        <time>2025-09-10T14:23:22.000Z</time>
        <extensions>
          <ns3:TrackPointExtension>
            <ns3:atemp>27.0</ns3:atemp>
            <ns3:hr>134</ns3:hr>
          </ns3:TrackPointExtension>
        </extensions>
      </trkpt>
      <trkpt lat="59.95516925118863582611083984375" lon="30.32799507491290569305419921875">
        <ele>10</ele>
        <time>2025-09-10T14:23:24.000Z</time>
        <extensions>
          <ns3:TrackPointExtension>
            <ns3:atemp>27.0</ns3:atemp>
            <ns3:hr>138</ns3:hr>
          </ns3:TrackPointExtension>
        </extensions>
      </trkpt>
      <trkpt lat="59.9552171118557453155517578125" lon="30.32809071242809295654296875">
        <ele>9.80000019073486328125</ele>
        <time>2025-09-10T14:23:25.000Z</time>
        <extensions>
          <ns3:TrackPointExtension>
            <ns3:atemp>27.0</ns3:atemp>
            <ns3:hr>139</ns3:hr>
          </ns3:TrackPointExtension>
        </extensions>
      </trkpt>
      <trkpt lat="59.95546245016157627105712890625" lon="30.328339822590351104736328125">
        <ele>9.80000019073486328125</ele>
        <time>2025-09-10T14:23:29.000Z</time>
        <extensions>
          <ns3:TrackPointExtension>
            <ns3:atemp>27.0</ns3:atemp>
            <ns3:hr>140</ns3:hr>
          </ns3:TrackPointExtension>
        </extensions>
      </trkpt>
      <trkpt lat="59.955578036606311798095703125" lon="30.32849346287548542022705078125">
        <ele>9.80000019073486328125</ele>
        <time>2025-09-10T14:23:31.000Z</time>
        <extensions>
          <ns3:TrackPointExtension>
            <ns3:atemp>27.0</ns3:atemp>
            <ns3:hr>142</ns3:hr>
          </ns3:TrackPointExtension>
        </extensions>
      </trkpt>
      <trkpt lat="59.95586846955120563507080078125" lon="30.32876218669116497039794921875">
        <ele>11.19999980926513671875</ele>
        <time>2025-09-10T14:23:35.000Z</time>
        <extensions>
          <ns3:TrackPointExtension>
            <ns3:atemp>27.0</ns3:atemp>
            <ns3:hr>145</ns3:hr>
          </ns3:TrackPointExtension>
        </extensions>
      </trkpt>
      <trkpt lat="59.9561221897602081298828125" lon="30.3291701339185237884521484375">
        <ele>12.19999980926513671875</ele>
        <time>2025-09-10T14:23:40.000Z</time>
        <extensions>
          <ns3:TrackPointExtension>
            <ns3:atemp>27.0</ns3:atemp>
            <ns3:hr>148</ns3:hr>
          </ns3:TrackPointExtension>
        </extensions>
      </trkpt>
      <trkpt lat="59.95616468600928783416748046875" lon="30.3292648494243621826171875">
        <ele>12.6000003814697265625</ele>
        <time>2025-09-10T14:23:41.000Z</time>
        <extensions>
          <ns3:TrackPointExtension>
            <ns3:atemp>27.0</ns3:atemp>
            <ns3:hr>148</ns3:hr>
          </ns3:TrackPointExtension>
        </extensions>
      </trkpt>
      <trkpt lat="59.9564157240092754364013671875" lon="30.32971219159662723541259765625">
        <ele>12.6000003814697265625</ele>
        <time>2025-09-10T14:23:47.000Z</time>
        <extensions>
          <ns3:TrackPointExtension>
            <ns3:atemp>27.0</ns3:atemp>
            <ns3:hr>147</ns3:hr>
          </ns3:TrackPointExtension>
        </extensions>
      </trkpt>
      <trkpt lat="59.95644598267972469329833984375" lon="30.32976399175822734832763671875">
        <ele>12.6000003814697265625</ele>
        <time>2025-09-10T14:23:48.000Z</time>
        <extensions>
          <ns3:TrackPointExtension>
            <ns3:atemp>27.0</ns3:atemp>
            <ns3:hr>147</ns3:hr>
          </ns3:TrackPointExtension>
        </extensions>
      </trkpt>
      <trkpt lat="59.9565759859979152679443359375" lon="30.32990313135087490081787109375">
        <ele>12.6000003814697265625</ele>
        <time>2025-09-10T14:23:52.000Z</time>
        <extensions>
          <ns3:TrackPointExtension>
            <ns3:atemp>27.0</ns3:atemp>
            <ns3:hr>146</ns3:hr>
          </ns3:TrackPointExtension>
        </extensions>
      </trkpt>
      <trkpt lat="59.9564928375184535980224609375" lon="30.3301320411264896392822265625">
        <ele>13</ele>
        <time>2025-09-10T14:23:56.000Z</time>
        <extensions>
          <ns3:TrackPointExtension>
            <ns3:atemp>27.0</ns3:atemp>
            <ns3:hr>146</ns3:hr>
          </ns3:TrackPointExtension>
        </extensions>
      </trkpt>
      <trkpt lat="59.9565431289374828338623046875" lon="30.3302926383912563323974609375">
        <ele>13.19999980926513671875</ele>
        <time>2025-09-10T14:24:00.000Z</time>
        <extensions>
          <ns3:TrackPointExtension>
            <ns3:atemp>27.0</ns3:atemp>
            <ns3:hr>143</ns3:hr>
          </ns3:TrackPointExtension>
        </extensions>
      </trkpt>
      <trkpt lat="59.95657992549240589141845703125" lon="30.33033479936420917510986328125">
        <ele>13.19999980926513671875</ele>
        <time>2025-09-10T14:24:01.000Z</time>
        <extensions>
          <ns3:TrackPointExtension>
            <ns3:atemp>27.0</ns3:atemp>
            <ns3:hr>143</ns3:hr>
          </ns3:TrackPointExtension>
        </extensions>
      </trkpt>
      <trkpt lat="59.9567432887852191925048828125" lon="30.3304921276867389678955078125">
        <ele>13</ele>
        <time>2025-09-10T14:24:05.000Z</time>
        <extensions>
          <ns3:TrackPointExtension>
            <ns3:atemp>27.0</ns3:atemp>
            <ns3:hr>140</ns3:hr>
          </ns3:TrackPointExtension>
        </extensions>
      </trkpt>
      <trkpt lat="59.95676457881927490234375" lon="30.33058022148907184600830078125">
        <ele>13</ele>
        <time>2025-09-10T14:24:07.000Z</time>
        <extensions>
          <ns3:TrackPointExtension>
            <ns3:atemp>27.0</ns3:atemp>
            <ns3:hr>140</ns3:hr>
          </ns3:TrackPointExtension>
        </extensions>
      </trkpt>
      <trkpt lat="59.9568130262196063995361328125" lon="30.330729000270366668701171875">
        <ele>13.3999996185302734375</ele>
        <time>2025-09-10T14:24:10.000Z</time>
        <extensions>
          <ns3:TrackPointExtension>
            <ns3:atemp>27.0</ns3:atemp>
            <ns3:hr>139</ns3:hr>
          </ns3:TrackPointExtension>
        </extensions>
      </trkpt>
      <trkpt lat="59.95683507062494754791259765625" lon="30.330776609480381011962890625">
        <ele>13.6000003814697265625</ele>
        <time>2025-09-10T14:24:11.000Z</time>
        <extensions>
          <ns3:TrackPointExtension>
            <ns3:atemp>27.0</ns3:atemp>
            <ns3:hr>137</ns3:hr>
          </ns3:TrackPointExtension>
        </extensions>
      </trkpt>
      <trkpt lat="59.95692056603729724884033203125" lon="30.33094533719122409820556640625">
        <ele>13.6000003814697265625</ele>
        <time>2025-09-10T14:24:15.000Z</time>
        <extensions>
          <ns3:TrackPointExtension>
            <ns3:atemp>27.0</ns3:atemp>
            <ns3:hr>136</ns3:hr>
          </ns3:TrackPointExtension>
        </extensions>
      </trkpt>
      <trkpt lat="59.9569669179618358612060546875" lon="30.33128522336483001708984375">
        <ele>13.80000019073486328125</ele>
        <time>2025-09-10T14:24:20.000Z</time>
        <extensions>
          <ns3:TrackPointExtension>
            <ns3:atemp>27.0</ns3:atemp>
            <ns3:hr>133</ns3:hr>
          </ns3:TrackPointExtension>
        </extensions>
      </trkpt>
      <trkpt lat="59.95696297846734523773193359375" lon="30.331388823688030242919921875">
        <ele>13.80000019073486328125</ele>
        <time>2025-09-10T14:24:21.000Z</time>
        <extensions>
          <ns3:TrackPointExtension>
            <ns3:atemp>27.0</ns3:atemp>
            <ns3:hr>133</ns3:hr>
          </ns3:TrackPointExtension>
        </extensions>
      </trkpt>
      <trkpt lat="59.9569900520145893096923828125" lon="30.331598035991191864013671875">
        <ele>14</ele>
        <time>2025-09-10T14:24:24.000Z</time>
        <extensions>
          <ns3:TrackPointExtension>
            <ns3:atemp>27.0</ns3:atemp>
            <ns3:hr>130</ns3:hr>
          </ns3:TrackPointExtension>
        </extensions>
      </trkpt>
      <trkpt lat="59.957011006772518157958984375" lon="30.3316310606896877288818359375">
        <ele>13.80000019073486328125</ele>
        <time>2025-09-10T14:24:25.000Z</time>
        <extensions>
          <ns3:TrackPointExtension>
            <ns3:atemp>27.0</ns3:atemp>
            <ns3:hr>129</ns3:hr>
          </ns3:TrackPointExtension>
        </extensions>
      </trkpt>
      <trkpt lat="59.9571000225841999053955078125" lon="30.3317366726696491241455078125">
        <ele>12.80000019073486328125</ele>
        <time>2025-09-10T14:24:28.000Z</time>
        <extensions>
          <ns3:TrackPointExtension>
            <ns3:atemp>27.0</ns3:atemp>
            <ns3:hr>129</ns3:hr>
          </ns3:TrackPointExtension>
        </extensions>
      </trkpt>
      <trkpt lat="59.957110248506069183349609375" lon="30.33177472651004791259765625">
        <ele>12.80000019073486328125</ele>
        <time>2025-09-10T14:24:29.000Z</time>
        <extensions>
          <ns3:TrackPointExtension>
            <ns3:atemp>27.0</ns3:atemp>
            <ns3:hr>128</ns3:hr>
          </ns3:TrackPointExtension>
        </extensions>
      </trkpt>
      <trkpt lat="59.9572022818028926849365234375" lon="30.33204688690602779388427734375">
        <ele>13</ele>
        <time>2025-09-10T14:24:35.000Z</time>
        <extensions>
          <ns3:TrackPointExtension>
            <ns3:atemp>27.0</ns3:atemp>
            <ns3:hr>126</ns3:hr>
          </ns3:TrackPointExtension>
        </extensions>
      </trkpt>
      <trkpt lat="59.95747913606464862823486328125" lon="30.33213548362255096435546875">
        <ele>13.19999980926513671875</ele>
        <time>2025-09-10T14:24:40.000Z</time>
        <extensions>
          <ns3:TrackPointExtension>
            <ns3:atemp>27.0</ns3:atemp>
            <ns3:hr>123</ns3:hr>
          </ns3:TrackPointExtension>
        </extensions>
      </trkpt>
      <trkpt lat="59.9574832431972026824951171875" lon="30.3321550972759723663330078125">
        <ele>13.19999980926513671875</ele>
        <time>2025-09-10T14:24:41.000Z</time>
        <extensions>
          <ns3:TrackPointExtension>
            <ns3:atemp>27.0</ns3:atemp>
            <ns3:hr>123</ns3:hr>
          </ns3:TrackPointExtension>
        </extensions>
      </trkpt>
      <trkpt lat="59.95750746689736843109130859375" lon="30.3322020359337329864501953125">
        <ele>13.19999980926513671875</ele>
        <time>2025-09-10T14:24:43.000Z</time>
        <extensions>
          <ns3:TrackPointExtension>
            <ns3:atemp>27.0</ns3:atemp>
            <ns3:hr>126</ns3:hr>
          </ns3:TrackPointExtension>
        </extensions>
      </trkpt>
      <trkpt lat="59.95761341415345668792724609375" lon="30.33234444446861743927001953125">
        <ele>13</ele>
        <time>2025-09-10T14:24:47.000Z</time>
        <extensions>
          <ns3:TrackPointExtension>
            <ns3:atemp>27.0</ns3:atemp>
            <ns3:hr>133</ns3:hr>
          </ns3:TrackPointExtension>
        </extensions>
      </trkpt>
      <trkpt lat="59.95763302780687808990478515625" lon="30.3324032016098499298095703125">
        <ele>12.80000019073486328125</ele>
        <time>2025-09-10T14:24:48.000Z</time>
        <extensions>
          <ns3:TrackPointExtension>
            <ns3:atemp>27.0</ns3:atemp>
            <ns3:hr>136</ns3:hr>
          </ns3:TrackPointExtension>
        </extensions>
      </trkpt>
      <trkpt lat="59.957665465772151947021484375" lon="30.33249892294406890869140625">
        <ele>12.6000003814697265625</ele>
        <time>2025-09-10T14:24:50.000Z</time>
        <extensions>
          <ns3:TrackPointExtension>
            <ns3:atemp>27.0</ns3:atemp>
            <ns3:hr>133</ns3:hr>
          </ns3:TrackPointExtension>
        </extensions>
      </trkpt>
      <trkpt lat="59.9577159248292446136474609375" lon="30.3326228074729442596435546875">
        <ele>12.6000003814697265625</ele>
        <time>2025-09-10T14:24:53.000Z</time>
        <extensions>
          <ns3:TrackPointExtension>
            <ns3:atemp>27.0</ns3:atemp>
            <ns3:hr>132</ns3:hr>
          </ns3:TrackPointExtension>
        </extensions>
      </trkpt>
      <trkpt lat="59.9577581696212291717529296875" lon="30.33315145410597324371337890625">
        <ele>13</ele>
        <time>2025-09-10T14:24:58.000Z</time>
        <extensions>
          <ns3:TrackPointExtension>
            <ns3:atemp>27.0</ns3:atemp>
            <ns3:hr>129</ns3:hr>
          </ns3:TrackPointExtension>
        </extensions>
      </trkpt>
      <trkpt lat="59.957770407199859619140625" lon="30.33324985764920711517333984375">
        <ele>13.19999980926513671875</ele>
        <time>2025-09-10T14:24:59.000Z</time>
        <extensions>
          <ns3:TrackPointExtension>
            <ns3:atemp>27.0</ns3:atemp>
            <ns3:hr>131</ns3:hr>
          </ns3:TrackPointExtension>
        </extensions>
      </trkpt>
      <trkpt lat="59.9578215368092060089111328125" lon="30.33367867581546306610107421875">
        <ele>13.80000019073486328125</ele>
        <time>2025-09-10T14:25:03.000Z</time>
        <extensions>
          <ns3:TrackPointExtension>
            <ns3:atemp>27.0</ns3:atemp>
            <ns3:hr>128</ns3:hr>
          </ns3:TrackPointExtension>
        </extensions>
      </trkpt>
      <trkpt lat="59.95783436112105846405029296875" lon="30.334054268896579742431640625">
        <ele>13.6000003814697265625</ele>
        <time>2025-09-10T14:25:06.000Z</time>
        <extensions>
          <ns3:TrackPointExtension>
            <ns3:atemp>27.0</ns3:atemp>
            <ns3:hr>125</ns3:hr>
          </ns3:TrackPointExtension>
        </extensions>
      </trkpt>
      <trkpt lat="59.9578815512359142303466796875" lon="30.3347829915583133697509765625">
        <ele>13</ele>
        <time>2025-09-10T14:25:13.000Z</time>
        <extensions>
          <ns3:TrackPointExtension>
            <ns3:atemp>27.0</ns3:atemp>
            <ns3:hr>124</ns3:hr>
          </ns3:TrackPointExtension>
        </extensions>
      </trkpt>
      <trkpt lat="59.957881383597850799560546875" lon="30.33576342277228832244873046875">
        <ele>14.6000003814697265625</ele>
        <time>2025-09-10T14:25:22.000Z</time>
        <extensions>
          <ns3:TrackPointExtension>
            <ns3:atemp>27.0</ns3:atemp>
            <ns3:hr>135</ns3:hr>
          </ns3:TrackPointExtension>
        </extensions>
      </trkpt>
      <trkpt lat="59.95788129977881908416748046875" lon="30.3359809331595897674560546875">
        <ele>14.6000003814697265625</ele>
        <time>2025-09-10T14:25:24.000Z</time>
        <extensions>
          <ns3:TrackPointExtension>
            <ns3:atemp>27.0</ns3:atemp>
            <ns3:hr>138</ns3:hr>
          </ns3:TrackPointExtension>
        </extensions>
      </trkpt>
      <trkpt lat="59.9578758515417575836181640625" lon="30.3361753933131694793701171875">
        <ele>14.80000019073486328125</ele>
        <time>2025-09-10T14:25:26.000Z</time>
        <extensions>
          <ns3:TrackPointExtension>
            <ns3:atemp>27.0</ns3:atemp>
            <ns3:hr>140</ns3:hr>
          </ns3:TrackPointExtension>
        </extensions>
      </trkpt>
      <trkpt lat="59.9578951299190521240234375" lon="30.3368037007749080657958984375">
        <ele>15.3999996185302734375</ele>
        <time>2025-09-10T14:25:33.000Z</time>
        <extensions>
          <ns3:TrackPointExtension>
            <ns3:atemp>27.0</ns3:atemp>
            <ns3:hr>139</ns3:hr>
          </ns3:TrackPointExtension>
        </extensions>
      </trkpt>
      <trkpt lat="59.9579050205647945404052734375" lon="30.33696723170578479766845703125">
        <ele>15.80000019073486328125</ele>
        <time>2025-09-10T14:25:35.000Z</time>
        <extensions>
          <ns3:TrackPointExtension>
            <ns3:atemp>27.0</ns3:atemp>
            <ns3:hr>140</ns3:hr>
          </ns3:TrackPointExtension>
        </extensions>
      </trkpt>
      <trkpt lat="59.9579217843711376190185546875" lon="30.33728155307471752166748046875">
        <ele>16.799999237060546875</ele>
        <time>2025-09-10T14:25:39.000Z</time>
        <extensions>
          <ns3:TrackPointExtension>
            <ns3:atemp>27.0</ns3:atemp>
            <ns3:hr>143</ns3:hr>
          </ns3:TrackPointExtension>
        </extensions>
      </trkpt>
      <trkpt lat="59.95791650377213954925537109375" lon="30.33745229244232177734375">
        <ele>16.799999237060546875</ele>
        <time>2025-09-10T14:25:41.000Z</time>
        <extensions>
          <ns3:TrackPointExtension>
            <ns3:atemp>27.0</ns3:atemp>
            <ns3:hr>144</ns3:hr>
          </ns3:TrackPointExtension>
        </extensions>
      </trkpt>
      <trkpt lat="59.9579298309981822967529296875" lon="30.33770240843296051025390625">
        <ele>16.3999996185302734375</ele>
        <time>2025-09-10T14:25:44.000Z</time>
        <extensions>
          <ns3:TrackPointExtension>
            <ns3:atemp>27.0</ns3:atemp>
            <ns3:hr>145</ns3:hr>
          </ns3:TrackPointExtension>
        </extensions>
      </trkpt>
      <trkpt lat="59.9579563178122043609619140625" lon="30.33795529045164585113525390625">
        <ele>16</ele>
        <time>2025-09-10T14:25:47.000Z</time>
        <extensions>
          <ns3:TrackPointExtension>
            <ns3:atemp>27.0</ns3:atemp>
            <ns3:hr>144</ns3:hr>
          </ns3:TrackPointExtension>
        </extensions>
      </trkpt>
      <trkpt lat="59.9579771049320697784423828125" lon="30.33803324215114116668701171875">
        <ele>15.6000003814697265625</ele>
        <time>2025-09-10T14:25:48.000Z</time>
        <extensions>
          <ns3:TrackPointExtension>
            <ns3:atemp>27.0</ns3:atemp>
            <ns3:hr>146</ns3:hr>
          </ns3:TrackPointExtension>
        </extensions>
      </trkpt>
      <trkpt lat="59.95795355178415775299072265625" lon="30.33849927596747875213623046875">
        <ele>15.3999996185302734375</ele>
        <time>2025-09-10T14:25:54.000Z</time>
        <extensions>
          <ns3:TrackPointExtension>
            <ns3:atemp>26.0</ns3:atemp>
            <ns3:hr>146</ns3:hr>
          </ns3:TrackPointExtension>
        </extensions>
      </trkpt>
      <trkpt lat="59.958028234541416168212890625" lon="30.33892524428665637969970703125">
        <ele>15</ele>
        <time>2025-09-10T14:25:59.000Z</time>
        <extensions>
          <ns3:TrackPointExtension>
            <ns3:atemp>26.0</ns3:atemp>
            <ns3:hr>144</ns3:hr>
          </ns3:TrackPointExtension>
        </extensions>
      </trkpt>
      <trkpt lat="59.95806234888732433319091796875" lon="30.339074693620204925537109375">
        <ele>14.6000003814697265625</ele>
        <time>2025-09-10T14:26:01.000Z</time>
        <extensions>
          <ns3:TrackPointExtension>
            <ns3:atemp>26.0</ns3:atemp>
            <ns3:hr>141</ns3:hr>
          </ns3:TrackPointExtension>
        </extensions>
      </trkpt>
      <trkpt lat="59.9581202678382396697998046875" lon="30.3393574990332126617431640625">
        <ele>13.3999996185302734375</ele>
        <time>2025-09-10T14:26:05.000Z</time>
        <extensions>
          <ns3:TrackPointExtension>
            <ns3:atemp>26.0</ns3:atemp>
            <ns3:hr>138</ns3:hr>
          </ns3:TrackPointExtension>
        </extensions>
      </trkpt>
      <trkpt lat="59.95812186039984226226806640625" lon="30.3394312597811222076416015625">
        <ele>13.19999980926513671875</ele>
        <time>2025-09-10T14:26:06.000Z</time>
        <extensions>
          <ns3:TrackPointExtension>
            <ns3:atemp>26.0</ns3:atemp>
            <ns3:hr>137</ns3:hr>
          </ns3:TrackPointExtension>
        </extensions>
      </trkpt>
      <trkpt lat="59.958038628101348876953125" lon="30.3399066813290119171142578125">
        <ele>12.80000019073486328125</ele>
        <time>2025-09-10T14:26:11.000Z</time>
        <extensions>
          <ns3:TrackPointExtension>
            <ns3:atemp>26.0</ns3:atemp>
            <ns3:hr>138</ns3:hr>
          </ns3:TrackPointExtension>
        </extensions>
      </trkpt>
      <trkpt lat="59.95801071636378765106201171875" lon="30.34019879065454006195068359375">
        <ele>13.19999980926513671875</ele>
        <time>2025-09-10T14:26:15.000Z</time>
        <extensions>
          <ns3:TrackPointExtension>
            <ns3:atemp>26.0</ns3:atemp>
            <ns3:hr>135</ns3:hr>
          </ns3:TrackPointExtension>
        </extensions>
      </trkpt>
      <trkpt lat="59.95800702832639217376708984375" lon="30.340270288288593292236328125">
        <ele>13.3999996185302734375</ele>
        <time>2025-09-10T14:26:16.000Z</time>
        <extensions>
          <ns3:TrackPointExtension>
            <ns3:atemp>26.0</ns3:atemp>
            <ns3:hr>135</ns3:hr>
          </ns3:TrackPointExtension>
        </extensions>
      </trkpt>
      <trkpt lat="59.9579568207263946533203125" lon="30.34041286446154117584228515625">
        <ele>13.3999996185302734375</ele>
        <time>2025-09-10T14:26:19.000Z</time>
        <extensions>
          <ns3:TrackPointExtension>
            <ns3:atemp>26.0</ns3:atemp>
            <ns3:hr>132</ns3:hr>
          </ns3:TrackPointExtension>
        </extensions>
      </trkpt>
      <trkpt lat="59.95785850100219249725341796875" lon="30.34048126079142093658447265625">
        <ele>13.19999980926513671875</ele>
        <time>2025-09-10T14:26:20.000Z</time>
        <extensions>
          <ns3:TrackPointExtension>
            <ns3:atemp>26.0</ns3:atemp>
            <ns3:hr>133</ns3:hr>
          </ns3:TrackPointExtension>
        </extensions>
      </trkpt>
      <trkpt lat="59.9578553996980190277099609375" lon="30.34047589637339115142822265625">
        <ele>12.80000019073486328125</ele>
        <time>2025-09-10T14:26:26.000Z</time>
        <extensions>
          <ns3:TrackPointExtension>
            <ns3:atemp>26.0</ns3:atemp>
            <ns3:hr>132</ns3:hr>
          </ns3:TrackPointExtension>
        </extensions>
      </trkpt>
      <trkpt lat="59.957847185432910919189453125" lon="30.3405349887907505035400390625">
        <ele>12.80000019073486328125</ele>
        <time>2025-09-10T14:26:29.000Z</time>
        <extensions>
          <ns3:TrackPointExtension>
            <ns3:atemp>26.0</ns3:atemp>
            <ns3:hr>129</ns3:hr>
          </ns3:TrackPointExtension>
        </extensions>
      </trkpt>
      <trkpt lat="59.957845173776149749755859375" lon="30.3405789099633693695068359375">
        <ele>12.80000019073486328125</ele>
        <time>2025-09-10T14:26:33.000Z</time>
        <extensions>
          <ns3:TrackPointExtension>
            <ns3:atemp>26.0</ns3:atemp>
            <ns3:hr>127</ns3:hr>
          </ns3:TrackPointExtension>
        </extensions>
      </trkpt>
      <trkpt lat="59.95787241496145725250244140625" lon="30.34058217890560626983642578125">
        <ele>12.3999996185302734375</ele>
        <time>2025-09-10T14:26:40.000Z</time>
        <extensions>
          <ns3:TrackPointExtension>
            <ns3:atemp>26.0</ns3:atemp>
            <ns3:hr>126</ns3:hr>
          </ns3:TrackPointExtension>
        </extensions>
      </trkpt>
      <trkpt lat="59.95787300169467926025390625" lon="30.3405829332768917083740234375">
        <ele>12.19999980926513671875</ele>
        <time>2025-09-10T14:26:41.000Z</time>
        <extensions>
          <ns3:TrackPointExtension>
            <ns3:atemp>26.0</ns3:atemp>
            <ns3:hr>126</ns3:hr>
          </ns3:TrackPointExtension>
        </extensions>
      </trkpt>
      <trkpt lat="59.9578815512359142303466796875" lon="30.3405654989182949066162109375">
        <ele>12.19999980926513671875</ele>
        <time>2025-09-10T14:26:47.000Z</time>
        <extensions>
          <ns3:TrackPointExtension>
            <ns3:atemp>26.0</ns3:atemp>
            <ns3:hr>123</ns3:hr>
          </ns3:TrackPointExtension>
        </extensions>
      </trkpt>
      <trkpt lat="59.95790116488933563232421875" lon="30.3405178897082805633544921875">
        <ele>12.19999980926513671875</ele>
        <time>2025-09-10T14:26:50.000Z</time>
        <extensions>
          <ns3:TrackPointExtension>
            <ns3:atemp>27.0</ns3:atemp>
            <ns3:hr>121</ns3:hr>
          </ns3:TrackPointExtension>
        </extensions>
      </trkpt>
      <trkpt lat="59.9579139053821563720703125" lon="30.3404836915433406829833984375">
        <ele>12</ele>
        <time>2025-09-10T14:26:56.000Z</time>
        <extensions>
          <ns3:TrackPointExtension>
            <ns3:atemp>27.0</ns3:atemp>
            <ns3:hr>118</ns3:hr>
          </ns3:TrackPointExtension>
        </extensions>
      </trkpt>
      <trkpt lat="59.957910887897014617919921875" lon="30.3404873795807361602783203125">
        <ele>12</ele>
        <time>2025-09-10T14:26:58.000Z</time>
        <extensions>
          <ns3:TrackPointExtension>
            <ns3:atemp>27.0</ns3:atemp>
            <ns3:hr>119</ns3:hr>
          </ns3:TrackPointExtension>
        </extensions>
      </trkpt>
      <trkpt lat="59.9579258076846599578857421875" lon="30.34054018557071685791015625">
        <ele>12.19999980926513671875</ele>
        <time>2025-09-10T14:27:04.000Z</time>
        <extensions>
          <ns3:TrackPointExtension>
            <ns3:atemp>27.0</ns3:atemp>
            <ns3:hr>119</ns3:hr>
          </ns3:TrackPointExtension>
        </extensions>
      </trkpt>
      <trkpt lat="59.957924298942089080810546875" lon="30.34060615114867687225341796875">
        <ele>12.19999980926513671875</ele>
        <time>2025-09-10T14:27:05.000Z</time>
        <extensions>
          <ns3:TrackPointExtension>
            <ns3:atemp>27.0</ns3:atemp>
            <ns3:hr>119</ns3:hr>
          </ns3:TrackPointExtension>
        </extensions>
      </trkpt>
      <trkpt lat="59.95790175162255764007568359375" lon="30.34095190465450286865234375">
        <ele>12.6000003814697265625</ele>
        <time>2025-09-10T14:27:10.000Z</time>
        <extensions>
          <ns3:TrackPointExtension>
            <ns3:atemp>27.0</ns3:atemp>
            <ns3:hr>122</ns3:hr>
          </ns3:TrackPointExtension>
        </extensions>
      </trkpt>
      <trkpt lat="59.957893788814544677734375" lon="30.34099641256034374237060546875">
        <ele>12.6000003814697265625</ele>
        <time>2025-09-10T14:27:11.000Z</time>
        <extensions>
          <ns3:TrackPointExtension>
            <ns3:atemp>27.0</ns3:atemp>
            <ns3:hr>122</ns3:hr>
          </ns3:TrackPointExtension>
        </extensions>
      </trkpt>
      <trkpt lat="59.95801515877246856689453125" lon="30.3411711752414703369140625">
        <ele>12</ele>
        <time>2025-09-10T14:27:16.000Z</time>
        <extensions>
          <ns3:TrackPointExtension>
            <ns3:atemp>27.0</ns3:atemp>
            <ns3:hr>123</ns3:hr>
          </ns3:TrackPointExtension>
        </extensions>
      </trkpt>
      <trkpt lat="59.957973249256610870361328125" lon="30.34135214053094387054443359375">
        <ele>11.80000019073486328125</ele>
        <time>2025-09-10T14:27:19.000Z</time>
        <extensions>
          <ns3:TrackPointExtension>
            <ns3:atemp>27.0</ns3:atemp>
            <ns3:hr>127</ns3:hr>
          </ns3:TrackPointExtension>
        </extensions>
      </trkpt>
      <trkpt lat="59.9579593352973461151123046875" lon="30.341471247375011444091796875">
        <ele>11.80000019073486328125</ele>
        <time>2025-09-10T14:27:22.000Z</time>
        <extensions>
          <ns3:TrackPointExtension>
            <ns3:atemp>27.0</ns3:atemp>
            <ns3:hr>126</ns3:hr>
          </ns3:TrackPointExtension>
        </extensions>
      </trkpt>
      <trkpt lat="59.9579487740993499755859375" lon="30.34159253351390361785888671875">
        <ele>11.80000019073486328125</ele>
        <time>2025-09-10T14:27:24.000Z</time>
        <extensions>
          <ns3:TrackPointExtension>
            <ns3:atemp>27.0</ns3:atemp>
            <ns3:hr>123</ns3:hr>
          </ns3:TrackPointExtension>
        </extensions>
      </trkpt>
      <trkpt lat="59.95797836221754550933837890625" lon="30.3418801166117191314697265625">
        <ele>12.19999980926513671875</ele>
        <time>2025-09-10T14:27:29.000Z</time>
        <extensions>
          <ns3:TrackPointExtension>
            <ns3:atemp>27.0</ns3:atemp>
            <ns3:hr>123</ns3:hr>
          </ns3:TrackPointExtension>
        </extensions>
      </trkpt>
      <trkpt lat="59.957969896495342254638671875" lon="30.3421587310731410980224609375">
        <ele>12.19999980926513671875</ele>
        <time>2025-09-10T14:27:33.000Z</time>
        <extensions>
          <ns3:TrackPointExtension>
            <ns3:atemp>27.0</ns3:atemp>
            <ns3:hr>125</ns3:hr>
          </ns3:TrackPointExtension>
        </extensions>
      </trkpt>
      <trkpt lat="59.95787912048399448394775390625" lon="30.3424772433936595916748046875">
        <ele>11.6000003814697265625</ele>
        <time>2025-09-10T14:27:38.000Z</time>
        <extensions>
          <ns3:TrackPointExtension>
            <ns3:atemp>27.0</ns3:atemp>
            <ns3:hr>123</ns3:hr>
          </ns3:TrackPointExtension>
        </extensions>
      </trkpt>
      <trkpt lat="59.95781608857214450836181640625" lon="30.3427273593842983245849609375">
        <ele>11.3999996185302734375</ele>
        <time>2025-09-10T14:27:42.000Z</time>
        <extensions>
          <ns3:TrackPointExtension>
            <ns3:atemp>27.0</ns3:atemp>
            <ns3:hr>124</ns3:hr>
          </ns3:TrackPointExtension>
        </extensions>
      </trkpt>
      <trkpt lat="59.9578044377267360687255859375" lon="30.34278242848813533782958984375">
        <ele>11.19999980926513671875</ele>
        <time>2025-09-10T14:27:43.000Z</time>
        <extensions>
          <ns3:TrackPointExtension>
            <ns3:atemp>27.0</ns3:atemp>
            <ns3:hr>124</ns3:hr>
          </ns3:TrackPointExtension>
        </extensions>
      </trkpt>
      <trkpt lat="59.95773511938750743865966796875" lon="30.343156345188617706298828125">
        <ele>11</ele>
        <time>2025-09-10T14:27:49.000Z</time>
        <extensions>
          <ns3:TrackPointExtension>
            <ns3:atemp>27.0</ns3:atemp>
            <ns3:hr>123</ns3:hr>
          </ns3:TrackPointExtension>
        </extensions>
      </trkpt>
      <trkpt lat="59.95777451433241367340087890625" lon="30.34327276982367038726806640625">
        <ele>10.6000003814697265625</ele>
        <time>2025-09-10T14:27:53.000Z</time>
        <extensions>
          <ns3:TrackPointExtension>
            <ns3:atemp>27.0</ns3:atemp>
            <ns3:hr>124</ns3:hr>
          </ns3:TrackPointExtension>
        </extensions>
      </trkpt>
      <trkpt lat="59.9579217843711376190185546875" lon="30.34329288639128208160400390625">
        <ele>10.6000003814697265625</ele>
        <time>2025-09-10T14:27:54.000Z</time>
        <extensions>
          <ns3:TrackPointExtension>
            <ns3:atemp>27.0</ns3:atemp>
            <ns3:hr>123</ns3:hr>
          </ns3:TrackPointExtension>
        </extensions>
      </trkpt>
      <trkpt lat="59.95789873413741588592529296875" lon="30.34346538595855236053466796875">
        <ele>10.6000003814697265625</ele>
        <time>2025-09-10T14:27:59.000Z</time>
        <extensions>
          <ns3:TrackPointExtension>
            <ns3:atemp>27.0</ns3:atemp>
            <ns3:hr>122</ns3:hr>
          </ns3:TrackPointExtension>
        </extensions>
      </trkpt>
      <trkpt lat="59.95781994424760341644287109375" lon="30.3436466865241527557373046875">
        <ele>10.80000019073486328125</ele>
        <time>2025-09-10T14:28:03.000Z</time>
        <extensions>
          <ns3:TrackPointExtension>
            <ns3:atemp>27.0</ns3:atemp>
            <ns3:hr>119</ns3:hr>
          </ns3:TrackPointExtension>
        </extensions>
      </trkpt>
      <trkpt lat="59.95775590650737285614013671875" lon="30.343826897442340850830078125">
        <ele>11.19999980926513671875</ele>
        <time>2025-09-10T14:28:06.000Z</time>
        <extensions>
          <ns3:TrackPointExtension>
            <ns3:atemp>27.0</ns3:atemp>
            <ns3:hr>118</ns3:hr>
          </ns3:TrackPointExtension>
        </extensions>
      </trkpt>
      <trkpt lat="59.95759413577616214752197265625" lon="30.34407290630042552947998046875">
        <ele>11.6000003814697265625</ele>
        <time>2025-09-10T14:28:11.000Z</time>
        <extensions>
          <ns3:TrackPointExtension>
            <ns3:atemp>27.0</ns3:atemp>
            <ns3:hr>117</ns3:hr>
          </ns3:TrackPointExtension>
        </extensions>
      </trkpt>
      <trkpt lat="59.957602433860301971435546875" lon="30.34408363513648509979248046875">
        <ele>11.6000003814697265625</ele>
        <time>2025-09-10T14:28:12.000Z</time>
        <extensions>
          <ns3:TrackPointExtension>
            <ns3:atemp>27.0</ns3:atemp>
            <ns3:hr>116</ns3:hr>
          </ns3:TrackPointExtension>
        </extensions>
      </trkpt>
      <trkpt lat="59.95777971111238002777099609375" lon="30.34417063929140567779541015625">
        <ele>11.6000003814697265625</ele>
        <time>2025-09-10T14:28:14.000Z</time>
        <extensions>
          <ns3:TrackPointExtension>
            <ns3:atemp>27.0</ns3:atemp>
            <ns3:hr>112</ns3:hr>
          </ns3:TrackPointExtension>
        </extensions>
      </trkpt>
      <trkpt lat="59.95780703611671924591064453125" lon="30.34419897012412548065185546875">
        <ele>11.6000003814697265625</ele>
        <time>2025-09-10T14:28:17.000Z</time>
        <extensions>
          <ns3:TrackPointExtension>
            <ns3:atemp>27.0</ns3:atemp>
            <ns3:hr>111</ns3:hr>
          </ns3:TrackPointExtension>
        </extensions>
      </trkpt>
      <trkpt lat="59.9582101218402385711669921875" lon="30.3443386964499950408935546875">
        <ele>11.19999980926513671875</ele>
        <time>2025-09-10T14:28:21.000Z</time>
        <extensions>
          <ns3:TrackPointExtension>
            <ns3:atemp>27.0</ns3:atemp>
            <ns3:hr>110</ns3:hr>
          </ns3:TrackPointExtension>
        </extensions>
      </trkpt>
      <trkpt lat="59.9581839703023433685302734375" lon="30.344471968710422515869140625">
        <ele>11</ele>
        <time>2025-09-10T14:28:22.000Z</time>
        <extensions>
          <ns3:TrackPointExtension>
            <ns3:atemp>27.0</ns3:atemp>
            <ns3:hr>110</ns3:hr>
          </ns3:TrackPointExtension>
        </extensions>
      </trkpt>
      <trkpt lat="59.95821976102888584136962890625" lon="30.3445686958730220794677734375">
        <ele>11</ele>
        <time>2025-09-10T14:28:24.000Z</time>
        <extensions>
          <ns3:TrackPointExtension>
            <ns3:atemp>27.0</ns3:atemp>
            <ns3:hr>106</ns3:hr>
          </ns3:TrackPointExtension>
        </extensions>
      </trkpt>
      <trkpt lat="59.95821841992437839508056640625" lon="30.34463415853679180145263671875">
        <ele>11</ele>
        <time>2025-09-10T14:28:25.000Z</time>
        <extensions>
          <ns3:TrackPointExtension>
            <ns3:atemp>27.0</ns3:atemp>
            <ns3:hr>104</ns3:hr>
          </ns3:TrackPointExtension>
        </extensions>
      </trkpt>
      <trkpt lat="59.958228059113025665283203125" lon="30.34471797756850719451904296875">
        <ele>11.19999980926513671875</ele>
        <time>2025-09-10T14:28:28.000Z</time>
        <extensions>
          <ns3:TrackPointExtension>
            <ns3:atemp>27.0</ns3:atemp>
            <ns3:hr>101</ns3:hr>
          </ns3:TrackPointExtension>
        </extensions>
      </trkpt>
      <trkpt lat="59.95824373327195644378662109375" lon="30.344718396663665771484375">
        <ele>11.19999980926513671875</ele>
        <time>2025-09-10T14:28:30.000Z</time>
        <extensions>
          <ns3:TrackPointExtension>
            <ns3:atemp>27.0</ns3:atemp>
            <ns3:hr>101</ns3:hr>
          </ns3:TrackPointExtension>
        </extensions>
      </trkpt>
      <trkpt lat="59.9582718126475811004638671875" lon="30.34475485794246196746826171875">
        <ele>11.80000019073486328125</ele>
        <time>2025-09-10T14:28:35.000Z</time>
        <extensions>
          <ns3:TrackPointExtension>
            <ns3:atemp>27.0</ns3:atemp>
            <ns3:hr>103</ns3:hr>
          </ns3:TrackPointExtension>
        </extensions>
      </trkpt>
      <trkpt lat="59.95826686732470989227294921875" lon="30.34477497451007366180419921875">
        <ele>11.80000019073486328125</ele>
        <time>2025-09-10T14:28:36.000Z</time>
        <extensions>
          <ns3:TrackPointExtension>
            <ns3:atemp>27.0</ns3:atemp>
            <ns3:hr>104</ns3:hr>
          </ns3:TrackPointExtension>
        </extensions>
      </trkpt>
      <trkpt lat="59.958253540098667144775390625" lon="30.3448375873267650604248046875">
        <ele>11.80000019073486328125</ele>
        <time>2025-09-10T14:28:38.000Z</time>
        <extensions>
          <ns3:TrackPointExtension>
            <ns3:atemp>27.0</ns3:atemp>
            <ns3:hr>107</ns3:hr>
          </ns3:TrackPointExtension>
        </extensions>
      </trkpt>
      <trkpt lat="59.9582456611096858978271484375" lon="30.34488662146031856536865234375">
        <ele>11.6000003814697265625</ele>
        <time>2025-09-10T14:28:39.000Z</time>
        <extensions>
          <ns3:TrackPointExtension>
            <ns3:atemp>27.0</ns3:atemp>
            <ns3:hr>108</ns3:hr>
          </ns3:TrackPointExtension>
        </extensions>
      </trkpt>
      <trkpt lat="59.95824943296611309051513671875" lon="30.34504453651607036590576171875">
        <ele>11.6000003814697265625</ele>
        <time>2025-09-10T14:28:43.000Z</time>
        <extensions>
          <ns3:TrackPointExtension>
            <ns3:atemp>27.0</ns3:atemp>
            <ns3:hr>107</ns3:hr>
          </ns3:TrackPointExtension>
        </extensions>
      </trkpt>
      <trkpt lat="59.95826183818280696868896484375" lon="30.3450347296893596649169921875">
        <ele>11.3999996185302734375</ele>
        <time>2025-09-10T14:28:44.000Z</time>
        <extensions>
          <ns3:TrackPointExtension>
            <ns3:atemp>27.0</ns3:atemp>
            <ns3:hr>107</ns3:hr>
          </ns3:TrackPointExtension>
        </extensions>
      </trkpt>
      <trkpt lat="59.95826737023890018463134765625" lon="30.34500069916248321533203125">
        <ele>11</ele>
        <time>2025-09-10T14:28:49.000Z</time>
        <extensions>
          <ns3:TrackPointExtension>
            <ns3:atemp>27.0</ns3:atemp>
            <ns3:hr>106</ns3:hr>
          </ns3:TrackPointExtension>
        </extensions>
      </trkpt>
      <trkpt lat="59.958295784890651702880859375" lon="30.34491947852075099945068359375">
        <ele>10.3999996185302734375</ele>
        <time>2025-09-10T14:28:57.000Z</time>
        <extensions>
          <ns3:TrackPointExtension>
            <ns3:atemp>27.0</ns3:atemp>
            <ns3:hr>107</ns3:hr>
          </ns3:TrackPointExtension>
        </extensions>
      </trkpt>
      <trkpt lat="59.9583055078983306884765625" lon="30.34489198587834835052490234375">
        <ele>10.3999996185302734375</ele>
        <time>2025-09-10T14:28:59.000Z</time>
        <extensions>
          <ns3:TrackPointExtension>
            <ns3:atemp>27.0</ns3:atemp>
            <ns3:hr>112</ns3:hr>
          </ns3:TrackPointExtension>
        </extensions>
      </trkpt>
      <trkpt lat="59.958306849002838134765625" lon="30.3448788262903690338134765625">
        <ele>10.3999996185302734375</ele>
        <time>2025-09-10T14:29:03.000Z</time>
        <extensions>
          <ns3:TrackPointExtension>
            <ns3:atemp>27.0</ns3:atemp>
            <ns3:hr>117</ns3:hr>
          </ns3:TrackPointExtension>
        </extensions>
      </trkpt>
      <trkpt lat="59.95830793865025043487548828125" lon="30.34487103112041950225830078125">
        <ele>10.3999996185302734375</ele>
        <time>2025-09-10T14:29:05.000Z</time>
        <extensions>
          <ns3:TrackPointExtension>
            <ns3:atemp>27.0</ns3:atemp>
            <ns3:hr>120</ns3:hr>
          </ns3:TrackPointExtension>
        </extensions>
      </trkpt>
      <trkpt lat="59.9583103694021701812744140625" lon="30.3448644094169139862060546875">
        <ele>10.3999996185302734375</ele>
        <time>2025-09-10T14:29:06.000Z</time>
        <extensions>
          <ns3:TrackPointExtension>
            <ns3:atemp>27.0</ns3:atemp>
            <ns3:hr>122</ns3:hr>
          </ns3:TrackPointExtension>
        </extensions>
      </trkpt>
      <trkpt lat="59.95829989202320575714111328125" lon="30.34498033113777637481689453125">
        <ele>10.19999980926513671875</ele>
        <time>2025-09-10T14:29:11.000Z</time>
        <extensions>
          <ns3:TrackPointExtension>
            <ns3:atemp>27.0</ns3:atemp>
            <ns3:hr>121</ns3:hr>
          </ns3:TrackPointExtension>
        </extensions>
      </trkpt>
      <trkpt lat="59.9583043344318866729736328125" lon="30.34503556787967681884765625">
        <ele>10.3999996185302734375</ele>
        <time>2025-09-10T14:29:14.000Z</time>
        <extensions>
          <ns3:TrackPointExtension>
            <ns3:atemp>27.0</ns3:atemp>
            <ns3:hr>119</ns3:hr>
          </ns3:TrackPointExtension>
        </extensions>
      </trkpt>
      <trkpt lat="59.9583351798355579376220703125" lon="30.34509591758251190185546875">
        <ele>10.3999996185302734375</ele>
        <time>2025-09-10T14:29:17.000Z</time>
        <extensions>
          <ns3:TrackPointExtension>
            <ns3:atemp>27.0</ns3:atemp>
            <ns3:hr>119</ns3:hr>
          </ns3:TrackPointExtension>
        </extensions>
      </trkpt>
      <trkpt lat="59.958376586437225341796875" lon="30.34513958729803562164306640625">
        <ele>10.3999996185302734375</ele>
        <time>2025-09-10T14:29:19.000Z</time>
        <extensions>
          <ns3:TrackPointExtension>
            <ns3:atemp>27.0</ns3:atemp>
            <ns3:hr>124</ns3:hr>
          </ns3:TrackPointExtension>
        </extensions>
      </trkpt>
      <trkpt lat="59.95841086842119693756103515625" lon="30.3451604582369327545166015625">
        <ele>10.6000003814697265625</ele>
        <time>2025-09-10T14:29:20.000Z</time>
        <extensions>
          <ns3:TrackPointExtension>
            <ns3:atemp>27.0</ns3:atemp>
            <ns3:hr>128</ns3:hr>
          </ns3:TrackPointExtension>
        </extensions>
      </trkpt>
      <trkpt lat="59.95847809128463268280029296875" lon="30.34520831890404224395751953125">
        <ele>10.6000003814697265625</ele>
        <time>2025-09-10T14:29:22.000Z</time>
        <extensions>
          <ns3:TrackPointExtension>
            <ns3:atemp>27.0</ns3:atemp>
            <ns3:hr>128</ns3:hr>
          </ns3:TrackPointExtension>
        </extensions>
      </trkpt>
      <trkpt lat="59.9586724676191806793212890625" lon="30.34528006799519062042236328125">
        <ele>10.80000019073486328125</ele>
        <time>2025-09-10T14:29:29.000Z</time>
        <extensions>
          <ns3:TrackPointExtension>
            <ns3:atemp>27.0</ns3:atemp>
            <ns3:hr>128</ns3:hr>
          </ns3:TrackPointExtension>
        </extensions>
      </trkpt>
      <trkpt lat="59.95889500714838504791259765625" lon="30.34542440436780452728271484375">
        <ele>10.6000003814697265625</ele>
        <time>2025-09-10T14:29:36.000Z</time>
        <extensions>
          <ns3:TrackPointExtension>
            <ns3:atemp>27.0</ns3:atemp>
            <ns3:hr>126</ns3:hr>
          </ns3:TrackPointExtension>
        </extensions>
      </trkpt>
      <trkpt lat="59.95892618782818317413330078125" lon="30.34549062140285968780517578125">
        <ele>10.3999996185302734375</ele>
        <time>2025-09-10T14:29:38.000Z</time>
        <extensions>
          <ns3:TrackPointExtension>
            <ns3:atemp>27.0</ns3:atemp>
            <ns3:hr>123</ns3:hr>
          </ns3:TrackPointExtension>
        </extensions>
      </trkpt>
      <trkpt lat="59.958973042666912078857421875" lon="30.3456281684339046478271484375">
        <ele>10.3999996185302734375</ele>
        <time>2025-09-10T14:29:41.000Z</time>
        <extensions>
          <ns3:TrackPointExtension>
            <ns3:atemp>27.0</ns3:atemp>
            <ns3:hr>120</ns3:hr>
          </ns3:TrackPointExtension>
        </extensions>
      </trkpt>
      <trkpt lat="59.958992488682270050048828125" lon="30.34572715871036052703857421875">
        <ele>10.19999980926513671875</ele>
        <time>2025-09-10T14:29:43.000Z</time>
        <extensions>
          <ns3:TrackPointExtension>
            <ns3:atemp>27.0</ns3:atemp>
            <ns3:hr>120</ns3:hr>
          </ns3:TrackPointExtension>
        </extensions>
      </trkpt>
      <trkpt lat="59.95899709872901439666748046875" lon="30.345839560031890869140625">
        <ele>10.19999980926513671875</ele>
        <time>2025-09-10T14:29:47.000Z</time>
        <extensions>
          <ns3:TrackPointExtension>
            <ns3:atemp>27.0</ns3:atemp>
            <ns3:hr>117</ns3:hr>
          </ns3:TrackPointExtension>
        </extensions>
      </trkpt>
      <trkpt lat="59.9589886330068111419677734375" lon="30.34584567882120609283447265625">
        <ele>10.19999980926513671875</ele>
        <time>2025-09-10T14:29:48.000Z</time>
        <extensions>
          <ns3:TrackPointExtension>
            <ns3:atemp>27.0</ns3:atemp>
            <ns3:hr>117</ns3:hr>
          </ns3:TrackPointExtension>
        </extensions>
      </trkpt>
      <trkpt lat="59.9589782394468784332275390625" lon="30.3458802960813045501708984375">
        <ele>10</ele>
        <time>2025-09-10T14:29:53.000Z</time>
        <extensions>
          <ns3:TrackPointExtension>
            <ns3:atemp>27.0</ns3:atemp>
            <ns3:hr>116</ns3:hr>
          </ns3:TrackPointExtension>
        </extensions>
      </trkpt>
      <trkpt lat="59.959022663533687591552734375" lon="30.34590133465826511383056640625">
        <ele>9.80000019073486328125</ele>
        <time>2025-09-10T14:29:54.000Z</time>
        <extensions>
          <ns3:TrackPointExtension>
            <ns3:atemp>27.0</ns3:atemp>
            <ns3:hr>115</ns3:hr>
          </ns3:TrackPointExtension>
        </extensions>
      </trkpt>
      <trkpt lat="59.9591066502034664154052734375" lon="30.345897562801837921142578125">
        <ele>9.6000003814697265625</ele>
        <time>2025-09-10T14:29:56.000Z</time>
        <extensions>
          <ns3:TrackPointExtension>
            <ns3:atemp>27.0</ns3:atemp>
            <ns3:hr>119</ns3:hr>
          </ns3:TrackPointExtension>
        </extensions>
      </trkpt>
      <trkpt lat="59.95912634767591953277587890625" lon="30.3458705730736255645751953125">
        <ele>9.6000003814697265625</ele>
        <time>2025-09-10T14:29:57.000Z</time>
        <extensions>
          <ns3:TrackPointExtension>
            <ns3:atemp>27.0</ns3:atemp>
            <ns3:hr>116</ns3:hr>
          </ns3:TrackPointExtension>
        </extensions>
      </trkpt>
      <trkpt lat="59.9591998569667339324951171875" lon="30.34581198357045650482177734375">
        <ele>9.6000003814697265625</ele>
        <time>2025-09-10T14:29:59.000Z</time>
        <extensions>
          <ns3:TrackPointExtension>
            <ns3:atemp>27.0</ns3:atemp>
            <ns3:hr>116</ns3:hr>
          </ns3:TrackPointExtension>
        </extensions>
      </trkpt>
      <trkpt lat="59.959262721240520477294921875" lon="30.3459071181714534759521484375">
        <ele>10</ele>
        <time>2025-09-10T14:30:02.000Z</time>
        <extensions>
          <ns3:TrackPointExtension>
            <ns3:atemp>27.0</ns3:atemp>
            <ns3:hr>117</ns3:hr>
          </ns3:TrackPointExtension>
        </extensions>
      </trkpt>
      <trkpt lat="59.95929582975804805755615234375" lon="30.34601046703755855560302734375">
        <ele>10.19999980926513671875</ele>
        <time>2025-09-10T14:30:04.000Z</time>
        <extensions>
          <ns3:TrackPointExtension>
            <ns3:atemp>27.0</ns3:atemp>
            <ns3:hr>123</ns3:hr>
          </ns3:TrackPointExtension>
        </extensions>
      </trkpt>
      <trkpt lat="59.9593218974769115447998046875" lon="30.34606327302753925323486328125">
        <ele>10.19999980926513671875</ele>
        <time>2025-09-10T14:30:05.000Z</time>
        <extensions>
          <ns3:TrackPointExtension>
            <ns3:atemp>27.0</ns3:atemp>
            <ns3:hr>126</ns3:hr>
          </ns3:TrackPointExtension>
        </extensions>
      </trkpt>
      <trkpt lat="59.959363974630832672119140625" lon="30.34614122472703456878662109375">
        <ele>10</ele>
        <time>2025-09-10T14:30:07.000Z</time>
        <extensions>
          <ns3:TrackPointExtension>
            <ns3:atemp>27.0</ns3:atemp>
            <ns3:hr>128</ns3:hr>
          </ns3:TrackPointExtension>
        </extensions>
      </trkpt>
      <trkpt lat="59.95939188636839389801025390625" lon="30.3461756743490695953369140625">
        <ele>9.80000019073486328125</ele>
        <time>2025-09-10T14:30:09.000Z</time>
        <extensions>
          <ns3:TrackPointExtension>
            <ns3:atemp>27.0</ns3:atemp>
            <ns3:hr>127</ns3:hr>
          </ns3:TrackPointExtension>
        </extensions>
      </trkpt>
      <trkpt lat="59.9594358913600444793701171875" lon="30.3461501933634281158447265625">
        <ele>9.6000003814697265625</ele>
        <time>2025-09-10T14:30:11.000Z</time>
        <extensions>
          <ns3:TrackPointExtension>
            <ns3:atemp>27.0</ns3:atemp>
            <ns3:hr>125</ns3:hr>
          </ns3:TrackPointExtension>
        </extensions>
      </trkpt>
      <trkpt lat="59.95949976146221160888671875" lon="30.34604734741151332855224609375">
        <ele>9.3999996185302734375</ele>
        <time>2025-09-10T14:30:14.000Z</time>
        <extensions>
          <ns3:TrackPointExtension>
            <ns3:atemp>27.0</ns3:atemp>
            <ns3:hr>122</ns3:hr>
          </ns3:TrackPointExtension>
        </extensions>
      </trkpt>
      <trkpt lat="59.9595783837139606475830078125" lon="30.3459446690976619720458984375">
        <ele>9.19999980926513671875</ele>
        <time>2025-09-10T14:30:17.000Z</time>
        <extensions>
          <ns3:TrackPointExtension>
            <ns3:atemp>27.0</ns3:atemp>
            <ns3:hr>120</ns3:hr>
          </ns3:TrackPointExtension>
        </extensions>
      </trkpt>
      <trkpt lat="59.95986026711761951446533203125" lon="30.3456040285527706146240234375">
        <ele>9.19999980926513671875</ele>
        <time>2025-09-10T14:30:25.000Z</time>
        <extensions>
          <ns3:TrackPointExtension>
            <ns3:atemp>27.0</ns3:atemp>
            <ns3:hr>122</ns3:hr>
          </ns3:TrackPointExtension>
        </extensions>
      </trkpt>
      <trkpt lat="59.96000309474766254425048828125" lon="30.3454893641173839569091796875">
        <ele>9.19999980926513671875</ele>
        <time>2025-09-10T14:30:29.000Z</time>
        <extensions>
          <ns3:TrackPointExtension>
            <ns3:atemp>27.0</ns3:atemp>
            <ns3:hr>122</ns3:hr>
          </ns3:TrackPointExtension>
        </extensions>
      </trkpt>
      <trkpt lat="59.960036538541316986083984375" lon="30.34545801579952239990234375">
        <ele>9.19999980926513671875</ele>
        <time>2025-09-10T14:30:30.000Z</time>
        <extensions>
          <ns3:TrackPointExtension>
            <ns3:atemp>27.0</ns3:atemp>
            <ns3:hr>123</ns3:hr>
          </ns3:TrackPointExtension>
        </extensions>
      </trkpt>
      <trkpt lat="59.96022320352494716644287109375" lon="30.34524586983025074005126953125">
        <ele>8.80000019073486328125</ele>
        <time>2025-09-10T14:30:36.000Z</time>
        <extensions>
          <ns3:TrackPointExtension>
            <ns3:atemp>27.0</ns3:atemp>
            <ns3:hr>121</ns3:hr>
          </ns3:TrackPointExtension>
        </extensions>
      </trkpt>
      <trkpt lat="59.9604299850761890411376953125" lon="30.34512047655880451202392578125">
        <ele>8.80000019073486328125</ele>
        <time>2025-09-10T14:30:43.000Z</time>
        <extensions>
          <ns3:TrackPointExtension>
            <ns3:atemp>27.0</ns3:atemp>
            <ns3:hr>120</ns3:hr>
          </ns3:TrackPointExtension>
        </extensions>
      </trkpt>
      <trkpt lat="59.96058882214128971099853515625" lon="30.3450457938015460968017578125">
        <ele>8.3999996185302734375</ele>
        <time>2025-09-10T14:30:47.000Z</time>
        <extensions>
          <ns3:TrackPointExtension>
            <ns3:atemp>27.0</ns3:atemp>
            <ns3:hr>120</ns3:hr>
          </ns3:TrackPointExtension>
        </extensions>
      </trkpt>
      <trkpt lat="59.96080574579536914825439453125" lon="30.3449502401053905487060546875">
        <ele>8.19999980926513671875</ele>
        <time>2025-09-10T14:30:51.000Z</time>
        <extensions>
          <ns3:TrackPointExtension>
            <ns3:atemp>27.0</ns3:atemp>
            <ns3:hr>117</ns3:hr>
          </ns3:TrackPointExtension>
        </extensions>
      </trkpt>
      <trkpt lat="59.96091865003108978271484375" lon="30.34493356011807918548583984375">
        <ele>8.19999980926513671875</ele>
        <time>2025-09-10T14:30:53.000Z</time>
        <extensions>
          <ns3:TrackPointExtension>
            <ns3:atemp>27.0</ns3:atemp>
            <ns3:hr>114</ns3:hr>
          </ns3:TrackPointExtension>
        </extensions>
      </trkpt>
      <trkpt lat="59.9609758146107196807861328125" lon="30.34490858204662799835205078125">
        <ele>8</ele>
        <time>2025-09-10T14:30:54.000Z</time>
        <extensions>
          <ns3:TrackPointExtension>
            <ns3:atemp>27.0</ns3:atemp>
            <ns3:hr>114</ns3:hr>
          </ns3:TrackPointExtension>
        </extensions>
      </trkpt>
      <trkpt lat="59.961399771273136138916015625" lon="30.34477430395781993865966796875">
        <ele>8</ele>
        <time>2025-09-10T14:31:01.000Z</time>
        <extensions>
          <ns3:TrackPointExtension>
            <ns3:atemp>27.0</ns3:atemp>
            <ns3:hr>112</ns3:hr>
          </ns3:TrackPointExtension>
        </extensions>
      </trkpt>
      <trkpt lat="59.96167092584073543548583984375" lon="30.3447168879210948944091796875">
        <ele>9.19999980926513671875</ele>
        <time>2025-09-10T14:31:06.000Z</time>
        <extensions>
          <ns3:TrackPointExtension>
            <ns3:atemp>27.0</ns3:atemp>
            <ns3:hr>109</ns3:hr>
          </ns3:TrackPointExtension>
        </extensions>
      </trkpt>
      <trkpt lat="59.96171660721302032470703125" lon="30.34471311606466770172119140625">
        <ele>9.3999996185302734375</ele>
        <time>2025-09-10T14:31:07.000Z</time>
        <extensions>
          <ns3:TrackPointExtension>
            <ns3:atemp>27.0</ns3:atemp>
            <ns3:hr>110</ns3:hr>
          </ns3:TrackPointExtension>
        </extensions>
      </trkpt>
      <trkpt lat="59.96187829412519931793212890625" lon="30.344689227640628814697265625">
        <ele>10</ele>
        <time>2025-09-10T14:31:10.000Z</time>
        <extensions>
          <ns3:TrackPointExtension>
            <ns3:atemp>27.0</ns3:atemp>
            <ns3:hr>113</ns3:hr>
          </ns3:TrackPointExtension>
        </extensions>
      </trkpt>
      <trkpt lat="59.961997233331203460693359375" lon="30.34464086405932903289794921875">
        <ele>10</ele>
        <time>2025-09-10T14:31:12.000Z</time>
        <extensions>
          <ns3:TrackPointExtension>
            <ns3:atemp>27.0</ns3:atemp>
            <ns3:hr>114</ns3:hr>
          </ns3:TrackPointExtension>
        </extensions>
      </trkpt>
      <trkpt lat="59.96217702515423297882080078125" lon="30.34456592984497547149658203125">
        <ele>10.19999980926513671875</ele>
        <time>2025-09-10T14:31:15.000Z</time>
        <extensions>
          <ns3:TrackPointExtension>
            <ns3:atemp>27.0</ns3:atemp>
            <ns3:hr>113</ns3:hr>
          </ns3:TrackPointExtension>
        </extensions>
      </trkpt>
      <trkpt lat="59.9623571522533893585205078125" lon="30.34448814578354358673095703125">
        <ele>10.19999980926513671875</ele>
        <time>2025-09-10T14:31:18.000Z</time>
        <extensions>
          <ns3:TrackPointExtension>
            <ns3:atemp>27.0</ns3:atemp>
            <ns3:hr>109</ns3:hr>
          </ns3:TrackPointExtension>
        </extensions>
      </trkpt>
      <trkpt lat="59.96241389773786067962646484375" lon="30.3444671072065830230712890625">
        <ele>10.6000003814697265625</ele>
        <time>2025-09-10T14:31:19.000Z</time>
        <extensions>
          <ns3:TrackPointExtension>
            <ns3:atemp>27.0</ns3:atemp>
            <ns3:hr>106</ns3:hr>
          </ns3:TrackPointExtension>
        </extensions>
      </trkpt>
      <trkpt lat="59.96254348196089267730712890625" lon="30.3444137983024120330810546875">
        <ele>10.19999980926513671875</ele>
        <time>2025-09-10T14:31:21.000Z</time>
        <extensions>
          <ns3:TrackPointExtension>
            <ns3:atemp>27.0</ns3:atemp>
            <ns3:hr>100</ns3:hr>
          </ns3:TrackPointExtension>
        </extensions>
      </trkpt>
      <trkpt lat="59.9628158099949359893798828125" lon="30.34429871477186679840087890625">
        <ele>10.3999996185302734375</ele>
        <time>2025-09-10T14:31:26.000Z</time>
        <extensions>
          <ns3:TrackPointExtension>
            <ns3:atemp>27.0</ns3:atemp>
            <ns3:hr>99</ns3:hr>
          </ns3:TrackPointExtension>
        </extensions>
      </trkpt>
      <trkpt lat="59.96303130872547626495361328125" lon="30.34419327042996883392333984375">
        <ele>11.3999996185302734375</ele>
        <time>2025-09-10T14:31:30.000Z</time>
        <extensions>
          <ns3:TrackPointExtension>
            <ns3:atemp>27.0</ns3:atemp>
            <ns3:hr>105</ns3:hr>
          </ns3:TrackPointExtension>
        </extensions>
      </trkpt>
      <trkpt lat="59.96308989822864532470703125" lon="30.3441687114536762237548828125">
        <ele>11.3999996185302734375</ele>
        <time>2025-09-10T14:31:31.000Z</time>
        <extensions>
          <ns3:TrackPointExtension>
            <ns3:atemp>27.0</ns3:atemp>
            <ns3:hr>111</ns3:hr>
          </ns3:TrackPointExtension>
        </extensions>
      </trkpt>
      <trkpt lat="59.96314731426537036895751953125" lon="30.3441506065428256988525390625">
        <ele>11.6000003814697265625</ele>
        <time>2025-09-10T14:31:32.000Z</time>
        <extensions>
          <ns3:TrackPointExtension>
            <ns3:atemp>27.0</ns3:atemp>
            <ns3:hr>115</ns3:hr>
          </ns3:TrackPointExtension>
        </extensions>
      </trkpt>
      <trkpt lat="59.96320716105401515960693359375" lon="30.344136692583560943603515625">
        <ele>11.6000003814697265625</ele>
        <time>2025-09-10T14:31:33.000Z</time>
        <extensions>
          <ns3:TrackPointExtension>
            <ns3:atemp>27.0</ns3:atemp>
            <ns3:hr>114</ns3:hr>
          </ns3:TrackPointExtension>
        </extensions>
      </trkpt>
      <trkpt lat="59.9634105898439884185791015625" lon="30.344056896865367889404296875">
        <ele>11.6000003814697265625</ele>
        <time>2025-09-10T14:31:37.000Z</time>
        <extensions>
          <ns3:TrackPointExtension>
            <ns3:atemp>26.0</ns3:atemp>
            <ns3:hr>120</ns3:hr>
          </ns3:TrackPointExtension>
        </extensions>
      </trkpt>
      <trkpt lat="59.96349600143730640411376953125" lon="30.34402571618556976318359375">
        <ele>11.80000019073486328125</ele>
        <time>2025-09-10T14:31:38.000Z</time>
        <extensions>
          <ns3:TrackPointExtension>
            <ns3:atemp>26.0</ns3:atemp>
            <ns3:hr>123</ns3:hr>
          </ns3:TrackPointExtension>
        </extensions>
      </trkpt>
      <trkpt lat="59.96357546187937259674072265625" lon="30.34397450275719165802001953125">
        <ele>12</ele>
        <time>2025-09-10T14:31:39.000Z</time>
        <extensions>
          <ns3:TrackPointExtension>
            <ns3:atemp>26.0</ns3:atemp>
            <ns3:hr>129</ns3:hr>
          </ns3:TrackPointExtension>
        </extensions>
      </trkpt>
      <trkpt lat="59.96364167891442775726318359375" lon="30.34394256770610809326171875">
        <ele>12.19999980926513671875</ele>
        <time>2025-09-10T14:31:40.000Z</time>
        <extensions>
          <ns3:TrackPointExtension>
            <ns3:atemp>26.0</ns3:atemp>
            <ns3:hr>135</ns3:hr>
          </ns3:TrackPointExtension>
        </extensions>
      </trkpt>
      <trkpt lat="59.96370588429272174835205078125" lon="30.34390057437121868133544921875">
        <ele>12.3999996185302734375</ele>
        <time>2025-09-10T14:31:41.000Z</time>
        <extensions>
          <ns3:TrackPointExtension>
            <ns3:atemp>26.0</ns3:atemp>
            <ns3:hr>138</ns3:hr>
          </ns3:TrackPointExtension>
        </extensions>
      </trkpt>
      <trkpt lat="59.96375986374914646148681640625" lon="30.34383418969810009002685546875">
        <ele>12.6000003814697265625</ele>
        <time>2025-09-10T14:31:42.000Z</time>
        <extensions>
          <ns3:TrackPointExtension>
            <ns3:atemp>26.0</ns3:atemp>
            <ns3:hr>140</ns3:hr>
          </ns3:TrackPointExtension>
        </extensions>
      </trkpt>
      <trkpt lat="59.963810406625270843505859375" lon="30.34377166070044040679931640625">
        <ele>12.80000019073486328125</ele>
        <time>2025-09-10T14:31:43.000Z</time>
        <extensions>
          <ns3:TrackPointExtension>
            <ns3:atemp>26.0</ns3:atemp>
            <ns3:hr>144</ns3:hr>
          </ns3:TrackPointExtension>
        </extensions>
      </trkpt>
      <trkpt lat="59.96386371552944183349609375" lon="30.3437234647572040557861328125">
        <ele>13</ele>
        <time>2025-09-10T14:31:44.000Z</time>
        <extensions>
          <ns3:TrackPointExtension>
            <ns3:atemp>26.0</ns3:atemp>
            <ns3:hr>147</ns3:hr>
          </ns3:TrackPointExtension>
        </extensions>
      </trkpt>
      <trkpt lat="59.9639178626239299774169921875" lon="30.3436899371445178985595703125">
        <ele>13</ele>
        <time>2025-09-10T14:31:45.000Z</time>
        <extensions>
          <ns3:TrackPointExtension>
            <ns3:atemp>26.0</ns3:atemp>
            <ns3:hr>150</ns3:hr>
          </ns3:TrackPointExtension>
        </extensions>
      </trkpt>
      <trkpt lat="59.96396723203361034393310546875" lon="30.343633778393268585205078125">
        <ele>13</ele>
        <time>2025-09-10T14:31:46.000Z</time>
        <extensions>
          <ns3:TrackPointExtension>
            <ns3:atemp>26.0</ns3:atemp>
            <ns3:hr>151</ns3:hr>
          </ns3:TrackPointExtension>
        </extensions>
      </trkpt>
      <trkpt lat="59.9643091298639774322509765625" lon="30.34336396493017673492431640625">
        <ele>12.80000019073486328125</ele>
        <time>2025-09-10T14:31:53.000Z</time>
        <extensions>
          <ns3:TrackPointExtension>
            <ns3:atemp>26.0</ns3:atemp>
            <ns3:hr>151</ns3:hr>
          </ns3:TrackPointExtension>
        </extensions>
      </trkpt>
      <trkpt lat="59.96447282843291759490966796875" lon="30.34326824359595775604248046875">
        <ele>12.80000019073486328125</ele>
        <time>2025-09-10T14:31:56.000Z</time>
        <extensions>
          <ns3:TrackPointExtension>
            <ns3:atemp>26.0</ns3:atemp>
            <ns3:hr>151</ns3:hr>
          </ns3:TrackPointExtension>
        </extensions>
      </trkpt>
      <trkpt lat="59.9645887501537799835205078125" lon="30.3432446904480457305908203125">
        <ele>12.80000019073486328125</ele>
        <time>2025-09-10T14:31:58.000Z</time>
        <extensions>
          <ns3:TrackPointExtension>
            <ns3:atemp>26.0</ns3:atemp>
            <ns3:hr>150</ns3:hr>
          </ns3:TrackPointExtension>
        </extensions>
      </trkpt>
      <trkpt lat="59.96495696716010570526123046875" lon="30.343072526156902313232421875">
        <ele>12.6000003814697265625</ele>
        <time>2025-09-10T14:32:04.000Z</time>
        <extensions>
          <ns3:TrackPointExtension>
            <ns3:atemp>26.0</ns3:atemp>
            <ns3:hr>147</ns3:hr>
          </ns3:TrackPointExtension>
        </extensions>
      </trkpt>
      <trkpt lat="59.965076409280300140380859375" lon="30.34303807653486728668212890625">
        <ele>12.3999996185302734375</ele>
        <time>2025-09-10T14:32:06.000Z</time>
        <extensions>
          <ns3:TrackPointExtension>
            <ns3:atemp>26.0</ns3:atemp>
            <ns3:hr>146</ns3:hr>
          </ns3:TrackPointExtension>
        </extensions>
      </trkpt>
      <trkpt lat="59.9654215760529041290283203125" lon="30.3431471250951290130615234375">
        <ele>12</ele>
        <time>2025-09-10T14:32:12.000Z</time>
        <extensions>
          <ns3:TrackPointExtension>
            <ns3:atemp>26.0</ns3:atemp>
            <ns3:hr>145</ns3:hr>
          </ns3:TrackPointExtension>
        </extensions>
      </trkpt>
      <trkpt lat="59.96567529626190662384033203125" lon="30.34309691749513149261474609375">
        <ele>12.6000003814697265625</ele>
        <time>2025-09-10T14:32:17.000Z</time>
        <extensions>
          <ns3:TrackPointExtension>
            <ns3:atemp>26.0</ns3:atemp>
            <ns3:hr>142</ns3:hr>
          </ns3:TrackPointExtension>
        </extensions>
      </trkpt>
      <trkpt lat="59.96577688492834568023681640625" lon="30.343052409589290618896484375">
        <ele>12.6000003814697265625</ele>
        <time>2025-09-10T14:32:19.000Z</time>
        <extensions>
          <ns3:TrackPointExtension>
            <ns3:atemp>26.0</ns3:atemp>
            <ns3:hr>139</ns3:hr>
          </ns3:TrackPointExtension>
        </extensions>
      </trkpt>
      <trkpt lat="59.9659731052815914154052734375" lon="30.34296146593987941741943359375">
        <ele>12.6000003814697265625</ele>
        <time>2025-09-10T14:32:23.000Z</time>
        <extensions>
          <ns3:TrackPointExtension>
            <ns3:atemp>26.0</ns3:atemp>
            <ns3:hr>136</ns3:hr>
          </ns3:TrackPointExtension>
        </extensions>
      </trkpt>
      <trkpt lat="59.96611735783517360687255859375" lon="30.342884771525859832763671875">
        <ele>12.3999996185302734375</ele>
        <time>2025-09-10T14:32:26.000Z</time>
        <extensions>
          <ns3:TrackPointExtension>
            <ns3:atemp>26.0</ns3:atemp>
            <ns3:hr>136</ns3:hr>
          </ns3:TrackPointExtension>
        </extensions>
      </trkpt>
      <trkpt lat="59.96647627092897891998291015625" lon="30.3426720388233661651611328125">
        <ele>11.80000019073486328125</ele>
        <time>2025-09-10T14:32:32.000Z</time>
        <extensions>
          <ns3:TrackPointExtension>
            <ns3:atemp>26.0</ns3:atemp>
            <ns3:hr>137</ns3:hr>
          </ns3:TrackPointExtension>
        </extensions>
      </trkpt>
      <trkpt lat="59.96699762530624866485595703125" lon="30.34249526448547840118408203125">
        <ele>11.80000019073486328125</ele>
        <time>2025-09-10T14:32:40.000Z</time>
        <extensions>
          <ns3:TrackPointExtension>
            <ns3:atemp>26.0</ns3:atemp>
            <ns3:hr>137</ns3:hr>
          </ns3:TrackPointExtension>
        </extensions>
      </trkpt>
      <trkpt lat="59.96706132777035236358642578125" lon="30.34245167858898639678955078125">
        <ele>11.3999996185302734375</ele>
        <time>2025-09-10T14:32:41.000Z</time>
        <extensions>
          <ns3:TrackPointExtension>
            <ns3:atemp>26.0</ns3:atemp>
            <ns3:hr>138</ns3:hr>
          </ns3:TrackPointExtension>
        </extensions>
      </trkpt>
      <trkpt lat="59.96728244237601757049560546875" lon="30.34238328225910663604736328125">
        <ele>10.80000019073486328125</ele>
        <time>2025-09-10T14:32:45.000Z</time>
        <extensions>
          <ns3:TrackPointExtension>
            <ns3:atemp>26.0</ns3:atemp>
            <ns3:hr>135</ns3:hr>
          </ns3:TrackPointExtension>
        </extensions>
      </trkpt>
      <trkpt lat="59.96764303185045719146728515625" lon="30.34213400445878505706787109375">
        <ele>11.80000019073486328125</ele>
        <time>2025-09-10T14:32:51.000Z</time>
        <extensions>
          <ns3:TrackPointExtension>
            <ns3:atemp>26.0</ns3:atemp>
            <ns3:hr>135</ns3:hr>
          </ns3:TrackPointExtension>
        </extensions>
      </trkpt>
      <trkpt lat="59.96786146424710750579833984375" lon="30.34203006885945796966552734375">
        <ele>12.3999996185302734375</ele>
        <time>2025-09-10T14:32:55.000Z</time>
        <extensions>
          <ns3:TrackPointExtension>
            <ns3:atemp>26.0</ns3:atemp>
            <ns3:hr>140</ns3:hr>
          </ns3:TrackPointExtension>
        </extensions>
      </trkpt>
      <trkpt lat="59.96805064380168914794921875" lon="30.34193535335361957550048828125">
        <ele>13</ele>
        <time>2025-09-10T14:32:58.000Z</time>
        <extensions>
          <ns3:TrackPointExtension>
            <ns3:atemp>26.0</ns3:atemp>
            <ns3:hr>143</ns3:hr>
          </ns3:TrackPointExtension>
        </extensions>
      </trkpt>
      <trkpt lat="59.96816463768482208251953125" lon="30.34190970472991466522216796875">
        <ele>13.19999980926513671875</ele>
        <time>2025-09-10T14:33:00.000Z</time>
        <extensions>
          <ns3:TrackPointExtension>
            <ns3:atemp>26.0</ns3:atemp>
            <ns3:hr>143</ns3:hr>
          </ns3:TrackPointExtension>
        </extensions>
      </trkpt>
      <trkpt lat="59.9683959782123565673828125" lon="30.34183275885879993438720703125">
        <ele>13.3999996185302734375</ele>
        <time>2025-09-10T14:33:04.000Z</time>
        <extensions>
          <ns3:TrackPointExtension>
            <ns3:atemp>26.0</ns3:atemp>
            <ns3:hr>141</ns3:hr>
          </ns3:TrackPointExtension>
        </extensions>
      </trkpt>
      <trkpt lat="59.96869035065174102783203125" lon="30.3416789509356021881103515625">
        <ele>14</ele>
        <time>2025-09-10T14:33:09.000Z</time>
        <extensions>
          <ns3:TrackPointExtension>
            <ns3:atemp>26.0</ns3:atemp>
            <ns3:hr>141</ns3:hr>
          </ns3:TrackPointExtension>
        </extensions>
      </trkpt>
      <trkpt lat="59.96886377222836017608642578125" lon="30.3415599279105663299560546875">
        <ele>14.19999980926513671875</ele>
        <time>2025-09-10T14:33:12.000Z</time>
        <extensions>
          <ns3:TrackPointExtension>
            <ns3:atemp>26.0</ns3:atemp>
            <ns3:hr>144</ns3:hr>
          </ns3:TrackPointExtension>
        </extensions>
      </trkpt>
      <trkpt lat="59.9690231122076511383056640625" lon="30.34153402782976627349853515625">
        <ele>14</ele>
        <time>2025-09-10T14:33:15.000Z</time>
        <extensions>
          <ns3:TrackPointExtension>
            <ns3:atemp>26.0</ns3:atemp>
            <ns3:hr>146</ns3:hr>
          </ns3:TrackPointExtension>
        </extensions>
      </trkpt>
      <trkpt lat="59.96946827508509159088134765625" lon="30.3413654677569866180419921875">
        <ele>14.19999980926513671875</ele>
        <time>2025-09-10T14:33:23.000Z</time>
        <extensions>
          <ns3:TrackPointExtension>
            <ns3:atemp>26.0</ns3:atemp>
            <ns3:hr>146</ns3:hr>
          </ns3:TrackPointExtension>
        </extensions>
      </trkpt>
      <trkpt lat="59.969905726611614227294921875" lon="30.341139994561672210693359375">
        <ele>14.19999980926513671875</ele>
        <time>2025-09-10T14:33:31.000Z</time>
        <extensions>
          <ns3:TrackPointExtension>
            <ns3:atemp>26.0</ns3:atemp>
            <ns3:hr>145</ns3:hr>
          </ns3:TrackPointExtension>
        </extensions>
      </trkpt>
      <trkpt lat="59.97019506990909576416015625" lon="30.34101988188922405242919921875">
        <ele>13.3999996185302734375</ele>
        <time>2025-09-10T14:33:37.000Z</time>
        <extensions>
          <ns3:TrackPointExtension>
            <ns3:atemp>26.0</ns3:atemp>
            <ns3:hr>147</ns3:hr>
          </ns3:TrackPointExtension>
        </extensions>
      </trkpt>
      <trkpt lat="59.97032825835049152374267578125" lon="30.34093044698238372802734375">
        <ele>13.6000003814697265625</ele>
        <time>2025-09-10T14:33:41.000Z</time>
        <extensions>
          <ns3:TrackPointExtension>
            <ns3:atemp>26.0</ns3:atemp>
            <ns3:hr>148</ns3:hr>
          </ns3:TrackPointExtension>
        </extensions>
      </trkpt>
      <trkpt lat="59.97033027000725269317626953125" lon="30.34092131070792675018310546875">
        <ele>13.80000019073486328125</ele>
        <time>2025-09-10T14:33:43.000Z</time>
        <extensions>
          <ns3:TrackPointExtension>
            <ns3:atemp>26.0</ns3:atemp>
            <ns3:hr>145</ns3:hr>
          </ns3:TrackPointExtension>
        </extensions>
      </trkpt>
      <trkpt lat="59.9703343771398067474365234375" lon="30.34090857021510601043701171875">
        <ele>14</ele>
        <time>2025-09-10T14:33:49.000Z</time>
        <extensions>
          <ns3:TrackPointExtension>
            <ns3:atemp>26.0</ns3:atemp>
            <ns3:hr>143</ns3:hr>
          </ns3:TrackPointExtension>
        </extensions>
      </trkpt>
      <trkpt lat="59.97035491280257701873779296875" lon="30.3408732824027538299560546875">
        <ele>13.6000003814697265625</ele>
        <time>2025-09-10T14:33:58.000Z</time>
        <extensions>
          <ns3:TrackPointExtension>
            <ns3:atemp>26.0</ns3:atemp>
            <ns3:hr>144</ns3:hr>
          </ns3:TrackPointExtension>
        </extensions>
      </trkpt>
      <trkpt lat="59.97049941681325435638427734375" lon="30.34082441590726375579833984375">
        <ele>13.3999996185302734375</ele>
        <time>2025-09-10T14:34:02.000Z</time>
        <extensions>
          <ns3:TrackPointExtension>
            <ns3:atemp>26.0</ns3:atemp>
            <ns3:hr>144</ns3:hr>
          </ns3:TrackPointExtension>
        </extensions>
      </trkpt>
      <trkpt lat="59.970747940242290496826171875" lon="30.34070338122546672821044921875">
        <ele>13.19999980926513671875</ele>
        <time>2025-09-10T14:34:07.000Z</time>
        <extensions>
          <ns3:TrackPointExtension>
            <ns3:atemp>26.0</ns3:atemp>
            <ns3:hr>141</ns3:hr>
          </ns3:TrackPointExtension>
        </extensions>
      </trkpt>
      <trkpt lat="59.9708510376513004302978515625" lon="30.34065845422446727752685546875">
        <ele>13.19999980926513671875</ele>
        <time>2025-09-10T14:34:09.000Z</time>
        <extensions>
          <ns3:TrackPointExtension>
            <ns3:atemp>26.0</ns3:atemp>
            <ns3:hr>142</ns3:hr>
          </ns3:TrackPointExtension>
        </extensions>
      </trkpt>
      <trkpt lat="59.97105279006063938140869140625" lon="30.34059039317071437835693359375">
        <ele>13</ele>
        <time>2025-09-10T14:34:13.000Z</time>
        <extensions>
          <ns3:TrackPointExtension>
            <ns3:atemp>26.0</ns3:atemp>
            <ns3:hr>145</ns3:hr>
          </ns3:TrackPointExtension>
        </extensions>
      </trkpt>
      <trkpt lat="59.97128061018884181976318359375" lon="30.34053171984851360321044921875">
        <ele>13</ele>
        <time>2025-09-10T14:34:18.000Z</time>
        <extensions>
          <ns3:TrackPointExtension>
            <ns3:atemp>26.0</ns3:atemp>
            <ns3:hr>146</ns3:hr>
          </ns3:TrackPointExtension>
        </extensions>
      </trkpt>
      <trkpt lat="59.971634410321712493896484375" lon="30.340449996292591094970703125">
        <ele>12.3999996185302734375</ele>
        <time>2025-09-10T14:34:25.000Z</time>
        <extensions>
          <ns3:TrackPointExtension>
            <ns3:atemp>26.0</ns3:atemp>
            <ns3:hr>146</ns3:hr>
          </ns3:TrackPointExtension>
        </extensions>
      </trkpt>
      <trkpt lat="59.97168528847396373748779296875" lon="30.34043298102915287017822265625">
        <ele>12.3999996185302734375</ele>
        <time>2025-09-10T14:34:26.000Z</time>
        <extensions>
          <ns3:TrackPointExtension>
            <ns3:atemp>26.0</ns3:atemp>
            <ns3:hr>144</ns3:hr>
          </ns3:TrackPointExtension>
        </extensions>
      </trkpt>
      <trkpt lat="59.97178972698748111724853515625" lon="30.34038134850561618804931640625">
        <ele>12.6000003814697265625</ele>
        <time>2025-09-10T14:34:28.000Z</time>
        <extensions>
          <ns3:TrackPointExtension>
            <ns3:atemp>26.0</ns3:atemp>
            <ns3:hr>141</ns3:hr>
          </ns3:TrackPointExtension>
        </extensions>
      </trkpt>
      <trkpt lat="59.9720573611557483673095703125" lon="30.3402580507099628448486328125">
        <ele>12.3999996185302734375</ele>
        <time>2025-09-10T14:34:33.000Z</time>
        <extensions>
          <ns3:TrackPointExtension>
            <ns3:atemp>26.0</ns3:atemp>
            <ns3:hr>139</ns3:hr>
          </ns3:TrackPointExtension>
        </extensions>
      </trkpt>
      <trkpt lat="59.97243345715105533599853515625" lon="30.34003919921815395355224609375">
        <ele>12</ele>
        <time>2025-09-10T14:34:40.000Z</time>
        <extensions>
          <ns3:TrackPointExtension>
            <ns3:atemp>26.0</ns3:atemp>
            <ns3:hr>137</ns3:hr>
          </ns3:TrackPointExtension>
        </extensions>
      </trkpt>
      <trkpt lat="59.97249045409262180328369140625" lon="30.34000684507191181182861328125">
        <ele>11.80000019073486328125</ele>
        <time>2025-09-10T14:34:41.000Z</time>
        <extensions>
          <ns3:TrackPointExtension>
            <ns3:atemp>26.0</ns3:atemp>
            <ns3:hr>137</ns3:hr>
          </ns3:TrackPointExtension>
        </extensions>
      </trkpt>
      <trkpt lat="59.9727654643356800079345703125" lon="30.339843146502971649169921875">
        <ele>11.6000003814697265625</ele>
        <time>2025-09-10T14:34:46.000Z</time>
        <extensions>
          <ns3:TrackPointExtension>
            <ns3:atemp>26.0</ns3:atemp>
            <ns3:hr>138</ns3:hr>
          </ns3:TrackPointExtension>
        </extensions>
      </trkpt>
      <trkpt lat="59.97303779236972332000732421875" lon="30.33972772769629955291748046875">
        <ele>11.3999996185302734375</ele>
        <time>2025-09-10T14:34:51.000Z</time>
        <extensions>
          <ns3:TrackPointExtension>
            <ns3:atemp>26.0</ns3:atemp>
            <ns3:hr>140</ns3:hr>
          </ns3:TrackPointExtension>
        </extensions>
      </trkpt>
      <trkpt lat="59.97315195389091968536376953125" lon="30.3396964631974697113037109375">
        <ele>11.6000003814697265625</ele>
        <time>2025-09-10T14:34:53.000Z</time>
        <extensions>
          <ns3:TrackPointExtension>
            <ns3:atemp>26.0</ns3:atemp>
            <ns3:hr>140</ns3:hr>
          </ns3:TrackPointExtension>
        </extensions>
      </trkpt>
      <trkpt lat="59.97356652282178401947021484375" lon="30.33959604799747467041015625">
        <ele>11.19999980926513671875</ele>
        <time>2025-09-10T14:35:00.000Z</time>
        <extensions>
          <ns3:TrackPointExtension>
            <ns3:atemp>26.0</ns3:atemp>
            <ns3:hr>140</ns3:hr>
          </ns3:TrackPointExtension>
        </extensions>
      </trkpt>
      <trkpt lat="59.9739396013319492340087890625" lon="30.33950150012969970703125">
        <ele>11</ele>
        <time>2025-09-10T14:35:07.000Z</time>
        <extensions>
          <ns3:TrackPointExtension>
            <ns3:atemp>26.0</ns3:atemp>
            <ns3:hr>139</ns3:hr>
          </ns3:TrackPointExtension>
        </extensions>
      </trkpt>
      <trkpt lat="59.97418644838035106658935546875" lon="30.33944240771234035491943359375">
        <ele>10.3999996185302734375</ele>
        <time>2025-09-10T14:35:13.000Z</time>
        <extensions>
          <ns3:TrackPointExtension>
            <ns3:atemp>27.0</ns3:atemp>
            <ns3:hr>139</ns3:hr>
          </ns3:TrackPointExtension>
        </extensions>
      </trkpt>
      <trkpt lat="59.974266998469829559326171875" lon="30.33943419344723224639892578125">
        <ele>10</ele>
        <time>2025-09-10T14:35:16.000Z</time>
        <extensions>
          <ns3:TrackPointExtension>
            <ns3:atemp>27.0</ns3:atemp>
            <ns3:hr>138</ns3:hr>
          </ns3:TrackPointExtension>
        </extensions>
      </trkpt>
      <trkpt lat="59.9743006937205791473388671875" lon="30.3394255600869655609130859375">
        <ele>10</ele>
        <time>2025-09-10T14:35:19.000Z</time>
        <extensions>
          <ns3:TrackPointExtension>
            <ns3:atemp>27.0</ns3:atemp>
            <ns3:hr>136</ns3:hr>
          </ns3:TrackPointExtension>
        </extensions>
      </trkpt>
      <trkpt lat="59.97430614195764064788818359375" lon="30.33942480571568012237548828125">
        <ele>10</ele>
        <time>2025-09-10T14:35:20.000Z</time>
        <extensions>
          <ns3:TrackPointExtension>
            <ns3:atemp>27.0</ns3:atemp>
            <ns3:hr>134</ns3:hr>
          </ns3:TrackPointExtension>
        </extensions>
      </trkpt>
      <trkpt lat="59.97430848889052867889404296875" lon="30.33945598639547824859619140625">
        <ele>10.19999980926513671875</ele>
        <time>2025-09-10T14:35:23.000Z</time>
        <extensions>
          <ns3:TrackPointExtension>
            <ns3:atemp>27.0</ns3:atemp>
            <ns3:hr>131</ns3:hr>
          </ns3:TrackPointExtension>
        </extensions>
      </trkpt>
      <trkpt lat="59.974305890500545501708984375" lon="30.33945632167160511016845703125">
        <ele>10.19999980926513671875</ele>
        <time>2025-09-10T14:35:29.000Z</time>
        <extensions>
          <ns3:TrackPointExtension>
            <ns3:atemp>26.0</ns3:atemp>
            <ns3:hr>131</ns3:hr>
          </ns3:TrackPointExtension>
        </extensions>
      </trkpt>
      <trkpt lat="59.97430999763309955596923828125" lon="30.33944006077945232391357421875">
        <ele>10</ele>
        <time>2025-09-10T14:35:35.000Z</time>
        <extensions>
          <ns3:TrackPointExtension>
            <ns3:atemp>26.0</ns3:atemp>
            <ns3:hr>131</ns3:hr>
          </ns3:TrackPointExtension>
        </extensions>
      </trkpt>
      <trkpt lat="59.97434721328318119049072265625" lon="30.33940401859581470489501953125">
        <ele>10</ele>
        <time>2025-09-10T14:35:37.000Z</time>
        <extensions>
          <ns3:TrackPointExtension>
            <ns3:atemp>26.0</ns3:atemp>
            <ns3:hr>131</ns3:hr>
          </ns3:TrackPointExtension>
        </extensions>
      </trkpt>
      <trkpt lat="59.97453982941806316375732421875" lon="30.33932774327695369720458984375">
        <ele>10.19999980926513671875</ele>
        <time>2025-09-10T14:35:42.000Z</time>
        <extensions>
          <ns3:TrackPointExtension>
            <ns3:atemp>26.0</ns3:atemp>
            <ns3:hr>129</ns3:hr>
          </ns3:TrackPointExtension>
        </extensions>
      </trkpt>
      <trkpt lat="59.9748009257018566131591796875" lon="30.33924425952136516571044921875">
        <ele>10.80000019073486328125</ele>
        <time>2025-09-10T14:35:47.000Z</time>
        <extensions>
          <ns3:TrackPointExtension>
            <ns3:atemp>26.0</ns3:atemp>
            <ns3:hr>132</ns3:hr>
          </ns3:TrackPointExtension>
        </extensions>
      </trkpt>
      <trkpt lat="59.97490360401570796966552734375" lon="30.3392104804515838623046875">
        <ele>11.19999980926513671875</ele>
        <time>2025-09-10T14:35:49.000Z</time>
        <extensions>
          <ns3:TrackPointExtension>
            <ns3:atemp>26.0</ns3:atemp>
            <ns3:hr>133</ns3:hr>
          </ns3:TrackPointExtension>
        </extensions>
      </trkpt>
      <trkpt lat="59.975271485745906829833984375" lon="30.339050553739070892333984375">
        <ele>11.19999980926513671875</ele>
        <time>2025-09-10T14:35:56.000Z</time>
        <extensions>
          <ns3:TrackPointExtension>
            <ns3:atemp>26.0</ns3:atemp>
            <ns3:hr>134</ns3:hr>
          </ns3:TrackPointExtension>
        </extensions>
      </trkpt>
      <trkpt lat="59.97553828172385692596435546875" lon="30.33890730701386928558349609375">
        <ele>11</ele>
        <time>2025-09-10T14:36:01.000Z</time>
        <extensions>
          <ns3:TrackPointExtension>
            <ns3:atemp>26.0</ns3:atemp>
            <ns3:hr>131</ns3:hr>
          </ns3:TrackPointExtension>
        </extensions>
      </trkpt>
      <trkpt lat="59.97568957507610321044921875" lon="30.3388344682753086090087890625">
        <ele>10.80000019073486328125</ele>
        <time>2025-09-10T14:36:04.000Z</time>
        <extensions>
          <ns3:TrackPointExtension>
            <ns3:atemp>26.0</ns3:atemp>
            <ns3:hr>130</ns3:hr>
          </ns3:TrackPointExtension>
        </extensions>
      </trkpt>
      <trkpt lat="59.97608478181064128875732421875" lon="30.33865467645227909088134765625">
        <ele>10.6000003814697265625</ele>
        <time>2025-09-10T14:36:12.000Z</time>
        <extensions>
          <ns3:TrackPointExtension>
            <ns3:atemp>26.0</ns3:atemp>
            <ns3:hr>130</ns3:hr>
          </ns3:TrackPointExtension>
        </extensions>
      </trkpt>
      <trkpt lat="59.9764903821051120758056640625" lon="30.33856809139251708984375">
        <ele>10.19999980926513671875</ele>
        <time>2025-09-10T14:36:20.000Z</time>
        <extensions>
          <ns3:TrackPointExtension>
            <ns3:atemp>26.0</ns3:atemp>
            <ns3:hr>130</ns3:hr>
          </ns3:TrackPointExtension>
        </extensions>
      </trkpt>
      <trkpt lat="59.97687201015651226043701171875" lon="30.33840975724160671234130859375">
        <ele>9.80000019073486328125</ele>
        <time>2025-09-10T14:36:28.000Z</time>
        <extensions>
          <ns3:TrackPointExtension>
            <ns3:atemp>26.0</ns3:atemp>
            <ns3:hr>131</ns3:hr>
          </ns3:TrackPointExtension>
        </extensions>
      </trkpt>
      <trkpt lat="59.976931102573871612548828125" lon="30.3383655846118927001953125">
        <ele>10</ele>
        <time>2025-09-10T14:36:31.000Z</time>
        <extensions>
          <ns3:TrackPointExtension>
            <ns3:atemp>26.0</ns3:atemp>
            <ns3:hr>131</ns3:hr>
          </ns3:TrackPointExtension>
        </extensions>
      </trkpt>
      <trkpt lat="59.97712145559489727020263671875" lon="30.3382876329123973846435546875">
        <ele>10.19999980926513671875</ele>
        <time>2025-09-10T14:36:36.000Z</time>
        <extensions>
          <ns3:TrackPointExtension>
            <ns3:atemp>26.0</ns3:atemp>
            <ns3:hr>132</ns3:hr>
          </ns3:TrackPointExtension>
        </extensions>
      </trkpt>
      <trkpt lat="59.9771837331354618072509765625" lon="30.3382658399641513824462890625">
        <ele>10.19999980926513671875</ele>
        <time>2025-09-10T14:36:38.000Z</time>
        <extensions>
          <ns3:TrackPointExtension>
            <ns3:atemp>26.0</ns3:atemp>
            <ns3:hr>135</ns3:hr>
          </ns3:TrackPointExtension>
        </extensions>
      </trkpt>
      <trkpt lat="59.97721114195883274078369140625" lon="30.3382574580609798431396484375">
        <ele>10.6000003814697265625</ele>
        <time>2025-09-10T14:36:40.000Z</time>
        <extensions>
          <ns3:TrackPointExtension>
            <ns3:atemp>26.0</ns3:atemp>
            <ns3:hr>133</ns3:hr>
          </ns3:TrackPointExtension>
        </extensions>
      </trkpt>
      <trkpt lat="59.97723427601158618927001953125" lon="30.3382634930312633514404296875">
        <ele>11</ele>
        <time>2025-09-10T14:36:45.000Z</time>
        <extensions>
          <ns3:TrackPointExtension>
            <ns3:atemp>26.0</ns3:atemp>
            <ns3:hr>136</ns3:hr>
          </ns3:TrackPointExtension>
        </extensions>
      </trkpt>
      <trkpt lat="59.97726805508136749267578125" lon="30.33824496902525424957275390625">
        <ele>11</ele>
        <time>2025-09-10T14:36:47.000Z</time>
        <extensions>
          <ns3:TrackPointExtension>
            <ns3:atemp>26.0</ns3:atemp>
            <ns3:hr>139</ns3:hr>
          </ns3:TrackPointExtension>
        </extensions>
      </trkpt>
      <trkpt lat="59.977393113076686859130859375" lon="30.3381947614252567291259765625">
        <ele>10.80000019073486328125</ele>
        <time>2025-09-10T14:36:51.000Z</time>
        <extensions>
          <ns3:TrackPointExtension>
            <ns3:atemp>26.0</ns3:atemp>
            <ns3:hr>139</ns3:hr>
          </ns3:TrackPointExtension>
        </extensions>
      </trkpt>
      <trkpt lat="59.97760073281824588775634765625" lon="30.3380975313484668731689453125">
        <ele>11.19999980926513671875</ele>
        <time>2025-09-10T14:36:56.000Z</time>
        <extensions>
          <ns3:TrackPointExtension>
            <ns3:atemp>26.0</ns3:atemp>
            <ns3:hr>136</ns3:hr>
          </ns3:TrackPointExtension>
        </extensions>
      </trkpt>
      <trkpt lat="59.97768245637416839599609375" lon="30.3380633331835269927978515625">
        <ele>11.3999996185302734375</ele>
        <time>2025-09-10T14:36:58.000Z</time>
        <extensions>
          <ns3:TrackPointExtension>
            <ns3:atemp>26.0</ns3:atemp>
            <ns3:hr>134</ns3:hr>
          </ns3:TrackPointExtension>
        </extensions>
      </trkpt>
      <trkpt lat="59.977724365890026092529296875" lon="30.33804497681558132171630859375">
        <ele>11.3999996185302734375</ele>
        <time>2025-09-10T14:36:59.000Z</time>
        <extensions>
          <ns3:TrackPointExtension>
            <ns3:atemp>26.0</ns3:atemp>
            <ns3:hr>134</ns3:hr>
          </ns3:TrackPointExtension>
        </extensions>
      </trkpt>
      <trkpt lat="59.9780841171741485595703125" lon="30.33790969289839267730712890625">
        <ele>11.19999980926513671875</ele>
        <time>2025-09-10T14:37:07.000Z</time>
        <extensions>
          <ns3:TrackPointExtension>
            <ns3:atemp>26.0</ns3:atemp>
            <ns3:hr>134</ns3:hr>
          </ns3:TrackPointExtension>
        </extensions>
      </trkpt>
      <trkpt lat="59.9785298667848110198974609375" lon="30.337715484201908111572265625">
        <ele>10.3999996185302734375</ele>
        <time>2025-09-10T14:37:17.000Z</time>
        <extensions>
          <ns3:TrackPointExtension>
            <ns3:atemp>26.0</ns3:atemp>
            <ns3:hr>135</ns3:hr>
          </ns3:TrackPointExtension>
        </extensions>
      </trkpt>
      <trkpt lat="59.97857320122420787811279296875" lon="30.337694026529788970947265625">
        <ele>10.19999980926513671875</ele>
        <time>2025-09-10T14:37:18.000Z</time>
        <extensions>
          <ns3:TrackPointExtension>
            <ns3:atemp>26.0</ns3:atemp>
            <ns3:hr>135</ns3:hr>
          </ns3:TrackPointExtension>
        </extensions>
      </trkpt>
      <trkpt lat="59.9787980876863002777099609375" lon="30.33759218640625476837158203125">
        <ele>10.3999996185302734375</ele>
        <time>2025-09-10T14:37:23.000Z</time>
        <extensions>
          <ns3:TrackPointExtension>
            <ns3:atemp>26.0</ns3:atemp>
            <ns3:hr>134</ns3:hr>
          </ns3:TrackPointExtension>
        </extensions>
      </trkpt>
      <trkpt lat="59.97889540158212184906005859375" lon="30.337554551661014556884765625">
        <ele>10.3999996185302734375</ele>
        <time>2025-09-10T14:37:25.000Z</time>
        <extensions>
          <ns3:TrackPointExtension>
            <ns3:atemp>26.0</ns3:atemp>
            <ns3:hr>133</ns3:hr>
          </ns3:TrackPointExtension>
        </extensions>
      </trkpt>
      <trkpt lat="59.97917250730097293853759765625" lon="30.3374340198934078216552734375">
        <ele>10.6000003814697265625</ele>
        <time>2025-09-10T14:37:31.000Z</time>
        <extensions>
          <ns3:TrackPointExtension>
            <ns3:atemp>26.0</ns3:atemp>
            <ns3:hr>136</ns3:hr>
          </ns3:TrackPointExtension>
        </extensions>
      </trkpt>
      <trkpt lat="59.97923218645155429840087890625" lon="30.3374253027141094207763671875">
        <ele>10.6000003814697265625</ele>
        <time>2025-09-10T14:37:32.000Z</time>
        <extensions>
          <ns3:TrackPointExtension>
            <ns3:atemp>26.0</ns3:atemp>
            <ns3:hr>136</ns3:hr>
          </ns3:TrackPointExtension>
        </extensions>
      </trkpt>
      <trkpt lat="59.9795651994645595550537109375" lon="30.33736922778189182281494140625">
        <ele>11.19999980926513671875</ele>
        <time>2025-09-10T14:37:38.000Z</time>
        <extensions>
          <ns3:TrackPointExtension>
            <ns3:atemp>26.0</ns3:atemp>
            <ns3:hr>136</ns3:hr>
          </ns3:TrackPointExtension>
        </extensions>
      </trkpt>
      <trkpt lat="59.97965245507657527923583984375" lon="30.337337963283061981201171875">
        <ele>11.3999996185302734375</ele>
        <time>2025-09-10T14:37:40.000Z</time>
        <extensions>
          <ns3:TrackPointExtension>
            <ns3:atemp>26.0</ns3:atemp>
            <ns3:hr>135</ns3:hr>
          </ns3:TrackPointExtension>
        </extensions>
      </trkpt>
      <trkpt lat="59.9797901697456836700439453125" lon="30.33728524111211299896240234375">
        <ele>12.3999996185302734375</ele>
        <time>2025-09-10T14:37:43.000Z</time>
        <extensions>
          <ns3:TrackPointExtension>
            <ns3:atemp>26.0</ns3:atemp>
            <ns3:hr>134</ns3:hr>
          </ns3:TrackPointExtension>
        </extensions>
      </trkpt>
      <trkpt lat="59.97989988885819911956787109375" lon="30.33718532882630825042724609375">
        <ele>12.6000003814697265625</ele>
        <time>2025-09-10T14:37:45.000Z</time>
        <extensions>
          <ns3:TrackPointExtension>
            <ns3:atemp>26.0</ns3:atemp>
            <ns3:hr>134</ns3:hr>
          </ns3:TrackPointExtension>
        </extensions>
      </trkpt>
      <trkpt lat="59.98021781444549560546875" lon="30.33701978623867034912109375">
        <ele>13</ele>
        <time>2025-09-10T14:37:50.000Z</time>
        <extensions>
          <ns3:TrackPointExtension>
            <ns3:atemp>26.0</ns3:atemp>
            <ns3:hr>134</ns3:hr>
          </ns3:TrackPointExtension>
        </extensions>
      </trkpt>
      <trkpt lat="59.98035837896168231964111328125" lon="30.33699573017656803131103515625">
        <ele>13.3999996185302734375</ele>
        <time>2025-09-10T14:37:52.000Z</time>
        <extensions>
          <ns3:TrackPointExtension>
            <ns3:atemp>26.0</ns3:atemp>
            <ns3:hr>137</ns3:hr>
          </ns3:TrackPointExtension>
        </extensions>
      </trkpt>
      <trkpt lat="59.980424344539642333984375" lon="30.3369746915996074676513671875">
        <ele>13.80000019073486328125</ele>
        <time>2025-09-10T14:37:53.000Z</time>
        <extensions>
          <ns3:TrackPointExtension>
            <ns3:atemp>26.0</ns3:atemp>
            <ns3:hr>135</ns3:hr>
          </ns3:TrackPointExtension>
        </extensions>
      </trkpt>
      <trkpt lat="59.9806779809296131134033203125" lon="30.3369002602994441986083984375">
        <ele>14.19999980926513671875</ele>
        <time>2025-09-10T14:37:57.000Z</time>
        <extensions>
          <ns3:TrackPointExtension>
            <ns3:atemp>26.0</ns3:atemp>
            <ns3:hr>135</ns3:hr>
          </ns3:TrackPointExtension>
        </extensions>
      </trkpt>
      <trkpt lat="59.98093907721340656280517578125" lon="30.33681535162031650543212890625">
        <ele>14</ele>
        <time>2025-09-10T14:38:01.000Z</time>
        <extensions>
          <ns3:TrackPointExtension>
            <ns3:atemp>26.0</ns3:atemp>
            <ns3:hr>132</ns3:hr>
          </ns3:TrackPointExtension>
        </extensions>
      </trkpt>
      <trkpt lat="59.98126496560871601104736328125" lon="30.33669867552816867828369140625">
        <ele>14.3999996185302734375</ele>
        <time>2025-09-10T14:38:06.000Z</time>
        <extensions>
          <ns3:TrackPointExtension>
            <ns3:atemp>26.0</ns3:atemp>
            <ns3:hr>134</ns3:hr>
          </ns3:TrackPointExtension>
        </extensions>
      </trkpt>
      <trkpt lat="59.98184734024107456207275390625" lon="30.3364345617592334747314453125">
        <ele>13.3999996185302734375</ele>
        <time>2025-09-10T14:38:14.000Z</time>
        <extensions>
          <ns3:TrackPointExtension>
            <ns3:atemp>26.0</ns3:atemp>
            <ns3:hr>136</ns3:hr>
          </ns3:TrackPointExtension>
        </extensions>
      </trkpt>
      <trkpt lat="59.98191691003739833831787109375" lon="30.33641134388744831085205078125">
        <ele>13.3999996185302734375</ele>
        <time>2025-09-10T14:38:15.000Z</time>
        <extensions>
          <ns3:TrackPointExtension>
            <ns3:atemp>26.0</ns3:atemp>
            <ns3:hr>137</ns3:hr>
          </ns3:TrackPointExtension>
        </extensions>
      </trkpt>
      <trkpt lat="59.98204716481268405914306640625" lon="30.33639407716691493988037109375">
        <ele>13</ele>
        <time>2025-09-10T14:38:17.000Z</time>
        <extensions>
          <ns3:TrackPointExtension>
            <ns3:atemp>26.0</ns3:atemp>
            <ns3:hr>139</ns3:hr>
          </ns3:TrackPointExtension>
        </extensions>
      </trkpt>
      <trkpt lat="59.98229158110916614532470703125" lon="30.336348228156566619873046875">
        <ele>12.6000003814697265625</ele>
        <time>2025-09-10T14:38:21.000Z</time>
        <extensions>
          <ns3:TrackPointExtension>
            <ns3:atemp>26.0</ns3:atemp>
            <ns3:hr>138</ns3:hr>
          </ns3:TrackPointExtension>
        </extensions>
      </trkpt>
      <trkpt lat="59.98260908760130405426025390625" lon="30.33625510521233081817626953125">
        <ele>12.3999996185302734375</ele>
        <time>2025-09-10T14:38:26.000Z</time>
        <extensions>
          <ns3:TrackPointExtension>
            <ns3:atemp>26.0</ns3:atemp>
            <ns3:hr>140</ns3:hr>
          </ns3:TrackPointExtension>
        </extensions>
      </trkpt>
      <trkpt lat="59.9827426113188266754150390625" lon="30.33620280213654041290283203125">
        <ele>12.80000019073486328125</ele>
        <time>2025-09-10T14:38:29.000Z</time>
        <extensions>
          <ns3:TrackPointExtension>
            <ns3:atemp>26.0</ns3:atemp>
            <ns3:hr>138</ns3:hr>
          </ns3:TrackPointExtension>
        </extensions>
      </trkpt>
      <trkpt lat="59.982837326824665069580078125" lon="30.33615921624004840850830078125">
        <ele>13.19999980926513671875</ele>
        <time>2025-09-10T14:38:33.000Z</time>
        <extensions>
          <ns3:TrackPointExtension>
            <ns3:atemp>26.0</ns3:atemp>
            <ns3:hr>144</ns3:hr>
          </ns3:TrackPointExtension>
        </extensions>
      </trkpt>
      <trkpt lat="59.98284696601331233978271484375" lon="30.3361448831856250762939453125">
        <ele>13.19999980926513671875</ele>
        <time>2025-09-10T14:38:34.000Z</time>
        <extensions>
          <ns3:TrackPointExtension>
            <ns3:atemp>26.0</ns3:atemp>
            <ns3:hr>148</ns3:hr>
          </ns3:TrackPointExtension>
        </extensions>
      </trkpt>
      <trkpt lat="59.98287194408476352691650390625" lon="30.33614496700465679168701171875">
        <ele>13.19999980926513671875</ele>
        <time>2025-09-10T14:38:35.000Z</time>
        <extensions>
          <ns3:TrackPointExtension>
            <ns3:atemp>26.0</ns3:atemp>
            <ns3:hr>148</ns3:hr>
          </ns3:TrackPointExtension>
        </extensions>
      </trkpt>
      <trkpt lat="59.9828638136386871337890625" lon="30.33613373525440692901611328125">
        <ele>13.19999980926513671875</ele>
        <time>2025-09-10T14:38:40.000Z</time>
        <extensions>
          <ns3:TrackPointExtension>
            <ns3:atemp>26.0</ns3:atemp>
            <ns3:hr>148</ns3:hr>
          </ns3:TrackPointExtension>
        </extensions>
      </trkpt>
      <trkpt lat="59.982856772840023040771484375" lon="30.33612920902669429779052734375">
        <ele>12.6000003814697265625</ele>
        <time>2025-09-10T14:38:50.000Z</time>
        <extensions>
          <ns3:TrackPointExtension>
            <ns3:atemp>26.0</ns3:atemp>
            <ns3:hr>148</ns3:hr>
          </ns3:TrackPointExtension>
        </extensions>
      </trkpt>
      <trkpt lat="59.9828569404780864715576171875" lon="30.3361294604837894439697265625">
        <ele>12.6000003814697265625</ele>
        <time>2025-09-10T14:38:51.000Z</time>
        <extensions>
          <ns3:TrackPointExtension>
            <ns3:atemp>26.0</ns3:atemp>
            <ns3:hr>145</ns3:hr>
          </ns3:TrackPointExtension>
        </extensions>
      </trkpt>
      <trkpt lat="59.98282316140830516815185546875" lon="30.336100123822689056396484375">
        <ele>12.6000003814697265625</ele>
        <time>2025-09-10T14:39:01.000Z</time>
        <extensions>
          <ns3:TrackPointExtension>
            <ns3:atemp>26.0</ns3:atemp>
            <ns3:hr>143</ns3:hr>
          </ns3:TrackPointExtension>
        </extensions>
      </trkpt>
      <trkpt lat="59.98281662352383136749267578125" lon="30.33609978854656219482421875">
        <ele>12.6000003814697265625</ele>
        <time>2025-09-10T14:39:05.000Z</time>
        <extensions>
          <ns3:TrackPointExtension>
            <ns3:atemp>26.0</ns3:atemp>
            <ns3:hr>139</ns3:hr>
          </ns3:TrackPointExtension>
        </extensions>
      </trkpt>
      <trkpt lat="59.98281628824770450592041015625" lon="30.336099453270435333251953125">
        <ele>12.6000003814697265625</ele>
        <time>2025-09-10T14:39:06.000Z</time>
        <extensions>
          <ns3:TrackPointExtension>
            <ns3:atemp>26.0</ns3:atemp>
            <ns3:hr>133</ns3:hr>
          </ns3:TrackPointExtension>
        </extensions>
      </trkpt>
      <trkpt lat="59.98281528241932392120361328125" lon="30.336100123822689056396484375">
        <ele>12.3999996185302734375</ele>
        <time>2025-09-10T14:39:09.000Z</time>
        <extensions>
          <ns3:TrackPointExtension>
            <ns3:atemp>26.0</ns3:atemp>
            <ns3:hr>130</ns3:hr>
          </ns3:TrackPointExtension>
        </extensions>
      </trkpt>
      <trkpt lat="59.98282500542700290679931640625" lon="30.33608696423470973968505859375">
        <ele>12.3999996185302734375</ele>
        <time>2025-09-10T14:39:12.000Z</time>
        <extensions>
          <ns3:TrackPointExtension>
            <ns3:atemp>26.0</ns3:atemp>
            <ns3:hr>127</ns3:hr>
          </ns3:TrackPointExtension>
        </extensions>
      </trkpt>
      <trkpt lat="59.98286691494286060333251953125" lon="30.3360240161418914794921875">
        <ele>12.19999980926513671875</ele>
        <time>2025-09-10T14:39:18.000Z</time>
        <extensions>
          <ns3:TrackPointExtension>
            <ns3:atemp>26.0</ns3:atemp>
            <ns3:hr>125</ns3:hr>
          </ns3:TrackPointExtension>
        </extensions>
      </trkpt>
      <trkpt lat="59.98287387192249298095703125" lon="30.3360104374587535858154296875">
        <ele>12.3999996185302734375</ele>
        <time>2025-09-10T14:39:22.000Z</time>
        <extensions>
          <ns3:TrackPointExtension>
            <ns3:atemp>26.0</ns3:atemp>
            <ns3:hr>126</ns3:hr>
          </ns3:TrackPointExtension>
        </extensions>
      </trkpt>
      <trkpt lat="59.98290002346038818359375" lon="30.33594748936593532562255859375">
        <ele>12.3999996185302734375</ele>
        <time>2025-09-10T14:39:24.000Z</time>
        <extensions>
          <ns3:TrackPointExtension>
            <ns3:atemp>26.0</ns3:atemp>
            <ns3:hr>126</ns3:hr>
          </ns3:TrackPointExtension>
        </extensions>
      </trkpt>
      <trkpt lat="59.9830517359077930450439453125" lon="30.33589635975658893585205078125">
        <ele>12.19999980926513671875</ele>
        <time>2025-09-10T14:39:28.000Z</time>
        <extensions>
          <ns3:TrackPointExtension>
            <ns3:atemp>26.0</ns3:atemp>
            <ns3:hr>123</ns3:hr>
          </ns3:TrackPointExtension>
        </extensions>
      </trkpt>
      <trkpt lat="59.98309775255620479583740234375" lon="30.33585780300199985504150390625">
        <ele>12.19999980926513671875</ele>
        <time>2025-09-10T14:39:29.000Z</time>
        <extensions>
          <ns3:TrackPointExtension>
            <ns3:atemp>26.0</ns3:atemp>
            <ns3:hr>125</ns3:hr>
          </ns3:TrackPointExtension>
        </extensions>
      </trkpt>
      <trkpt lat="59.98314368538558483123779296875" lon="30.33582494594156742095947265625">
        <ele>12.19999980926513671875</ele>
        <time>2025-09-10T14:39:30.000Z</time>
        <extensions>
          <ns3:TrackPointExtension>
            <ns3:atemp>26.0</ns3:atemp>
            <ns3:hr>129</ns3:hr>
          </ns3:TrackPointExtension>
        </extensions>
      </trkpt>
      <trkpt lat="59.9832183681428432464599609375" lon="30.3357536159455776214599609375">
        <ele>12.19999980926513671875</ele>
        <time>2025-09-10T14:39:32.000Z</time>
        <extensions>
          <ns3:TrackPointExtension>
            <ns3:atemp>26.0</ns3:atemp>
            <ns3:hr>132</ns3:hr>
          </ns3:TrackPointExtension>
        </extensions>
      </trkpt>
      <trkpt lat="59.98332842253148555755615234375" lon="30.3357331641018390655517578125">
        <ele>12.19999980926513671875</ele>
        <time>2025-09-10T14:39:35.000Z</time>
        <extensions>
          <ns3:TrackPointExtension>
            <ns3:atemp>26.0</ns3:atemp>
            <ns3:hr>135</ns3:hr>
          </ns3:TrackPointExtension>
        </extensions>
      </trkpt>
      <trkpt lat="59.98340436257421970367431640625" lon="30.33567122183740139007568359375">
        <ele>12.19999980926513671875</ele>
        <time>2025-09-10T14:39:37.000Z</time>
        <extensions>
          <ns3:TrackPointExtension>
            <ns3:atemp>26.0</ns3:atemp>
            <ns3:hr>135</ns3:hr>
          </ns3:TrackPointExtension>
        </extensions>
      </trkpt>
      <trkpt lat="59.98359262011945247650146484375" lon="30.33547441475093364715576171875">
        <ele>12</ele>
        <time>2025-09-10T14:39:42.000Z</time>
        <extensions>
          <ns3:TrackPointExtension>
            <ns3:atemp>26.0</ns3:atemp>
            <ns3:hr>132</ns3:hr>
          </ns3:TrackPointExtension>
        </extensions>
      </trkpt>
      <trkpt lat="59.98376277275383472442626953125" lon="30.33546335063874721527099609375">
        <ele>12.19999980926513671875</ele>
        <time>2025-09-10T14:39:45.000Z</time>
        <extensions>
          <ns3:TrackPointExtension>
            <ns3:atemp>26.0</ns3:atemp>
            <ns3:hr>131</ns3:hr>
          </ns3:TrackPointExtension>
        </extensions>
      </trkpt>
      <trkpt lat="59.98409754596650600433349609375" lon="30.3354049287736415863037109375">
        <ele>11.6000003814697265625</ele>
        <time>2025-09-10T14:39:53.000Z</time>
        <extensions>
          <ns3:TrackPointExtension>
            <ns3:atemp>26.0</ns3:atemp>
            <ns3:hr>131</ns3:hr>
          </ns3:TrackPointExtension>
        </extensions>
      </trkpt>
      <trkpt lat="59.9841970391571521759033203125" lon="30.33545580692589282989501953125">
        <ele>11.80000019073486328125</ele>
        <time>2025-09-10T14:39:58.000Z</time>
        <extensions>
          <ns3:TrackPointExtension>
            <ns3:atemp>26.0</ns3:atemp>
            <ns3:hr>129</ns3:hr>
          </ns3:TrackPointExtension>
        </extensions>
      </trkpt>
      <trkpt lat="59.984212629497051239013671875" lon="30.33548547886312007904052734375">
        <ele>12.19999980926513671875</ele>
        <time>2025-09-10T14:39:59.000Z</time>
        <extensions>
          <ns3:TrackPointExtension>
            <ns3:atemp>26.0</ns3:atemp>
            <ns3:hr>129</ns3:hr>
          </ns3:TrackPointExtension>
        </extensions>
      </trkpt>
      <trkpt lat="59.98425386846065521240234375" lon="30.33555203117430210113525390625">
        <ele>12.6000003814697265625</ele>
        <time>2025-09-10T14:40:03.000Z</time>
        <extensions>
          <ns3:TrackPointExtension>
            <ns3:atemp>26.0</ns3:atemp>
            <ns3:hr>126</ns3:hr>
          </ns3:TrackPointExtension>
        </extensions>
      </trkpt>
      <trkpt lat="59.98425764031708240509033203125" lon="30.3355581499636173248291015625">
        <ele>12.6000003814697265625</ele>
        <time>2025-09-10T14:40:04.000Z</time>
        <extensions>
          <ns3:TrackPointExtension>
            <ns3:atemp>26.0</ns3:atemp>
            <ns3:hr>125</ns3:hr>
          </ns3:TrackPointExtension>
        </extensions>
      </trkpt>
      <trkpt lat="59.984275996685028076171875" lon="30.3355775959789752960205078125">
        <ele>12.6000003814697265625</ele>
        <time>2025-09-10T14:40:07.000Z</time>
        <extensions>
          <ns3:TrackPointExtension>
            <ns3:atemp>26.0</ns3:atemp>
            <ns3:hr>122</ns3:hr>
          </ns3:TrackPointExtension>
        </extensions>
      </trkpt>
      <trkpt lat="59.9842773377895355224609375" lon="30.33558136783540248870849609375">
        <ele>12.6000003814697265625</ele>
        <time>2025-09-10T14:40:09.000Z</time>
        <extensions>
          <ns3:TrackPointExtension>
            <ns3:atemp>26.0</ns3:atemp>
            <ns3:hr>121</ns3:hr>
          </ns3:TrackPointExtension>
        </extensions>
      </trkpt>
      <trkpt lat="59.98429468832910060882568359375" lon="30.33556678332388401031494140625">
        <ele>12.3999996185302734375</ele>
        <time>2025-09-10T14:40:23.000Z</time>
        <extensions>
          <ns3:TrackPointExtension>
            <ns3:atemp>26.0</ns3:atemp>
            <ns3:hr>123</ns3:hr>
          </ns3:TrackPointExtension>
        </extensions>
      </trkpt>
      <trkpt lat="59.9843003042042255401611328125" lon="30.3355682082474231719970703125">
        <ele>12.3999996185302734375</ele>
        <time>2025-09-10T14:40:28.000Z</time>
        <extensions>
          <ns3:TrackPointExtension>
            <ns3:atemp>26.0</ns3:atemp>
            <ns3:hr>119</ns3:hr>
          </ns3:TrackPointExtension>
        </extensions>
      </trkpt>
      <trkpt lat="59.98430080711841583251953125" lon="30.335568375885486602783203125">
        <ele>12.3999996185302734375</ele>
        <time>2025-09-10T14:40:29.000Z</time>
        <extensions>
          <ns3:TrackPointExtension>
            <ns3:atemp>26.0</ns3:atemp>
            <ns3:hr>115</ns3:hr>
          </ns3:TrackPointExtension>
        </extensions>
      </trkpt>
      <trkpt lat="59.98430080711841583251953125" lon="30.3355675376951694488525390625">
        <ele>12.3999996185302734375</ele>
        <time>2025-09-10T14:40:30.000Z</time>
        <extensions>
          <ns3:TrackPointExtension>
            <ns3:atemp>26.0</ns3:atemp>
            <ns3:hr>115</ns3:hr>
          </ns3:TrackPointExtension>
        </extensions>
      </trkpt>
      <trkpt lat="59.98430206440389156341552734375" lon="30.3355665318667888641357421875">
        <ele>12.19999980926513671875</ele>
        <time>2025-09-10T14:40:32.000Z</time>
        <extensions>
          <ns3:TrackPointExtension>
            <ns3:atemp>26.0</ns3:atemp>
            <ns3:hr>112</ns3:hr>
          </ns3:TrackPointExtension>
        </extensions>
      </trkpt>
      <trkpt lat="59.984313882887363433837890625" lon="30.33556845970451831817626953125">
        <ele>12.19999980926513671875</ele>
        <time>2025-09-10T14:40:33.000Z</time>
        <extensions>
          <ns3:TrackPointExtension>
            <ns3:atemp>26.0</ns3:atemp>
            <ns3:hr>112</ns3:hr>
          </ns3:TrackPointExtension>
        </extensions>
      </trkpt>
      <trkpt lat="59.984332658350467681884765625" lon="30.3355868160724639892578125">
        <ele>12.19999980926513671875</ele>
        <time>2025-09-10T14:40:34.000Z</time>
        <extensions>
          <ns3:TrackPointExtension>
            <ns3:atemp>26.0</ns3:atemp>
            <ns3:hr>111</ns3:hr>
          </ns3:TrackPointExtension>
        </extensions>
      </trkpt>
      <trkpt lat="59.98434514738619327545166015625" lon="30.3356270492076873779296875">
        <ele>12.19999980926513671875</ele>
        <time>2025-09-10T14:40:35.000Z</time>
        <extensions>
          <ns3:TrackPointExtension>
            <ns3:atemp>26.0</ns3:atemp>
            <ns3:hr>111</ns3:hr>
          </ns3:TrackPointExtension>
        </extensions>
      </trkpt>
      <trkpt lat="59.98435319401323795318603515625" lon="30.33575805835425853729248046875">
        <ele>12</ele>
        <time>2025-09-10T14:40:37.000Z</time>
        <extensions>
          <ns3:TrackPointExtension>
            <ns3:atemp>26.0</ns3:atemp>
            <ns3:hr>111</ns3:hr>
          </ns3:TrackPointExtension>
        </extensions>
      </trkpt>
      <trkpt lat="59.9843794293701648712158203125" lon="30.336085371673107147216796875">
        <ele>12</ele>
        <time>2025-09-10T14:40:41.000Z</time>
        <extensions>
          <ns3:TrackPointExtension>
            <ns3:atemp>26.0</ns3:atemp>
            <ns3:hr>115</ns3:hr>
          </ns3:TrackPointExtension>
        </extensions>
      </trkpt>
      <trkpt lat="59.98439577408134937286376953125" lon="30.33626097254455089569091796875">
        <ele>12</ele>
        <time>2025-09-10T14:40:43.000Z</time>
        <extensions>
          <ns3:TrackPointExtension>
            <ns3:atemp>26.0</ns3:atemp>
            <ns3:hr>118</ns3:hr>
          </ns3:TrackPointExtension>
        </extensions>
      </trkpt>
      <trkpt lat="59.984403736889362335205078125" lon="30.33635116182267665863037109375">
        <ele>12.19999980926513671875</ele>
        <time>2025-09-10T14:40:44.000Z</time>
        <extensions>
          <ns3:TrackPointExtension>
            <ns3:atemp>26.0</ns3:atemp>
            <ns3:hr>119</ns3:hr>
          </ns3:TrackPointExtension>
        </extensions>
      </trkpt>
      <trkpt lat="59.98444841243326663970947265625" lon="30.33696220256388187408447265625">
        <ele>12.19999980926513671875</ele>
        <time>2025-09-10T14:40:50.000Z</time>
        <extensions>
          <ns3:TrackPointExtension>
            <ns3:atemp>26.0</ns3:atemp>
            <ns3:hr>122</ns3:hr>
          </ns3:TrackPointExtension>
        </extensions>
      </trkpt>
      <trkpt lat="59.98446484096348285675048828125" lon="30.33717694692313671112060546875">
        <ele>12</ele>
        <time>2025-09-10T14:40:52.000Z</time>
        <extensions>
          <ns3:TrackPointExtension>
            <ns3:atemp>26.0</ns3:atemp>
            <ns3:hr>125</ns3:hr>
          </ns3:TrackPointExtension>
        </extensions>
      </trkpt>
      <trkpt lat="59.98448319733142852783203125" lon="30.337389595806598663330078125">
        <ele>12</ele>
        <time>2025-09-10T14:40:54.000Z</time>
        <extensions>
          <ns3:TrackPointExtension>
            <ns3:atemp>26.0</ns3:atemp>
            <ns3:hr>128</ns3:hr>
          </ns3:TrackPointExtension>
        </extensions>
      </trkpt>
      <trkpt lat="59.98456039465963840484619140625" lon="30.33815947361290454864501953125">
        <ele>12</ele>
        <time>2025-09-10T14:41:01.000Z</time>
        <extensions>
          <ns3:TrackPointExtension>
            <ns3:atemp>26.0</ns3:atemp>
            <ns3:hr>131</ns3:hr>
          </ns3:TrackPointExtension>
        </extensions>
      </trkpt>
      <trkpt lat="59.98458168469369411468505859375" lon="30.3383771516382694244384765625">
        <ele>12</ele>
        <time>2025-09-10T14:41:03.000Z</time>
        <extensions>
          <ns3:TrackPointExtension>
            <ns3:atemp>26.0</ns3:atemp>
            <ns3:hr>131</ns3:hr>
          </ns3:TrackPointExtension>
        </extensions>
      </trkpt>
      <trkpt lat="59.98464052565395832061767578125" lon="30.33890948630869388580322265625">
        <ele>11.6000003814697265625</ele>
        <time>2025-09-10T14:41:08.000Z</time>
        <extensions>
          <ns3:TrackPointExtension>
            <ns3:atemp>26.0</ns3:atemp>
            <ns3:hr>132</ns3:hr>
          </ns3:TrackPointExtension>
        </extensions>
      </trkpt>
      <trkpt lat="59.9846825189888477325439453125" lon="30.33918625675141811370849609375">
        <ele>11.6000003814697265625</ele>
        <time>2025-09-10T14:41:11.000Z</time>
        <extensions>
          <ns3:TrackPointExtension>
            <ns3:atemp>26.0</ns3:atemp>
            <ns3:hr>133</ns3:hr>
          </ns3:TrackPointExtension>
        </extensions>
      </trkpt>
      <trkpt lat="59.98476348817348480224609375" lon="30.34000617451965808868408203125">
        <ele>11.19999980926513671875</ele>
        <time>2025-09-10T14:41:19.000Z</time>
        <extensions>
          <ns3:TrackPointExtension>
            <ns3:atemp>27.0</ns3:atemp>
            <ns3:hr>133</ns3:hr>
          </ns3:TrackPointExtension>
        </extensions>
      </trkpt>
      <trkpt lat="59.9848139472305774688720703125" lon="30.3407371602952480316162109375">
        <ele>10.6000003814697265625</ele>
        <time>2025-09-10T14:41:27.000Z</time>
        <extensions>
          <ns3:TrackPointExtension>
            <ns3:atemp>27.0</ns3:atemp>
            <ns3:hr>132</ns3:hr>
          </ns3:TrackPointExtension>
        </extensions>
      </trkpt>
      <trkpt lat="59.98482056893408298492431640625" lon="30.34088761545717716217041015625">
        <ele>10</ele>
        <time>2025-09-10T14:41:30.000Z</time>
        <extensions>
          <ns3:TrackPointExtension>
            <ns3:atemp>27.0</ns3:atemp>
            <ns3:hr>129</ns3:hr>
          </ns3:TrackPointExtension>
        </extensions>
      </trkpt>
      <trkpt lat="59.984838254749774932861328125" lon="30.3410231508314609527587890625">
        <ele>10</ele>
        <time>2025-09-10T14:41:32.000Z</time>
        <extensions>
          <ns3:TrackPointExtension>
            <ns3:atemp>27.0</ns3:atemp>
            <ns3:hr>128</ns3:hr>
          </ns3:TrackPointExtension>
        </extensions>
      </trkpt>
      <trkpt lat="59.98488024808466434478759765625" lon="30.34142103977501392364501953125">
        <ele>10.6000003814697265625</ele>
        <time>2025-09-10T14:41:37.000Z</time>
        <extensions>
          <ns3:TrackPointExtension>
            <ns3:atemp>27.0</ns3:atemp>
            <ns3:hr>127</ns3:hr>
          </ns3:TrackPointExtension>
        </extensions>
      </trkpt>
      <trkpt lat="59.98493439517915248870849609375" lon="30.34195027314126491546630859375">
        <ele>11.6000003814697265625</ele>
        <time>2025-09-10T14:41:42.000Z</time>
        <extensions>
          <ns3:TrackPointExtension>
            <ns3:atemp>26.0</ns3:atemp>
            <ns3:hr>129</ns3:hr>
          </ns3:TrackPointExtension>
        </extensions>
      </trkpt>
      <trkpt lat="59.98498032800853252410888671875" lon="30.34249811433255672454833984375">
        <ele>12.6000003814697265625</ele>
        <time>2025-09-10T14:41:48.000Z</time>
        <extensions>
          <ns3:TrackPointExtension>
            <ns3:atemp>26.0</ns3:atemp>
            <ns3:hr>126</ns3:hr>
          </ns3:TrackPointExtension>
        </extensions>
      </trkpt>
      <trkpt lat="59.98499893583357334136962890625" lon="30.34272090531885623931884765625">
        <ele>13</ele>
        <time>2025-09-10T14:41:52.000Z</time>
        <extensions>
          <ns3:TrackPointExtension>
            <ns3:atemp>26.0</ns3:atemp>
            <ns3:hr>129</ns3:hr>
          </ns3:TrackPointExtension>
        </extensions>
      </trkpt>
      <trkpt lat="59.98500513844192028045654296875" lon="30.34274135716259479522705078125">
        <ele>13</ele>
        <time>2025-09-10T14:41:53.000Z</time>
        <extensions>
          <ns3:TrackPointExtension>
            <ns3:atemp>26.0</ns3:atemp>
            <ns3:hr>128</ns3:hr>
          </ns3:TrackPointExtension>
        </extensions>
      </trkpt>
      <trkpt lat="59.98500195331871509552001953125" lon="30.3427719511091709136962890625">
        <ele>15</ele>
        <time>2025-09-10T14:41:55.000Z</time>
        <extensions>
          <ns3:TrackPointExtension>
            <ns3:atemp>26.0</ns3:atemp>
            <ns3:hr>127</ns3:hr>
          </ns3:TrackPointExtension>
        </extensions>
      </trkpt>
      <trkpt lat="59.9850003607571125030517578125" lon="30.34278561361134052276611328125">
        <ele>15</ele>
        <time>2025-09-10T14:41:57.000Z</time>
        <extensions>
          <ns3:TrackPointExtension>
            <ns3:atemp>26.0</ns3:atemp>
            <ns3:hr>130</ns3:hr>
          </ns3:TrackPointExtension>
        </extensions>
      </trkpt>
      <trkpt lat="59.9849993549287319183349609375" lon="30.34278762526810169219970703125">
        <ele>15</ele>
        <time>2025-09-10T14:41:58.000Z</time>
        <extensions>
          <ns3:TrackPointExtension>
            <ns3:atemp>26.0</ns3:atemp>
            <ns3:hr>133</ns3:hr>
          </ns3:TrackPointExtension>
        </extensions>
      </trkpt>
      <trkpt lat="59.98499860055744647979736328125" lon="30.342788882553577423095703125">
        <ele>14</ele>
        <time>2025-09-10T14:41:59.000Z</time>
        <extensions>
          <ns3:TrackPointExtension>
            <ns3:atemp>26.0</ns3:atemp>
            <ns3:hr>136</ns3:hr>
          </ns3:TrackPointExtension>
        </extensions>
      </trkpt>
      <trkpt lat="59.98499776236712932586669921875" lon="30.3427898883819580078125">
        <ele>13.6000003814697265625</ele>
        <time>2025-09-10T14:42:00.000Z</time>
        <extensions>
          <ns3:TrackPointExtension>
            <ns3:atemp>26.0</ns3:atemp>
            <ns3:hr>137</ns3:hr>
          </ns3:TrackPointExtension>
        </extensions>
      </trkpt>
      <trkpt lat="59.9849973432719707489013671875" lon="30.3427912294864654541015625">
        <ele>13.19999980926513671875</ele>
        <time>2025-09-10T14:42:01.000Z</time>
        <extensions>
          <ns3:TrackPointExtension>
            <ns3:atemp>26.0</ns3:atemp>
            <ns3:hr>137</ns3:hr>
          </ns3:TrackPointExtension>
        </extensions>
      </trkpt>
      <trkpt lat="59.9849980138242244720458984375" lon="30.34281427972018718719482421875">
        <ele>13</ele>
        <time>2025-09-10T14:42:08.000Z</time>
        <extensions>
          <ns3:TrackPointExtension>
            <ns3:atemp>26.0</ns3:atemp>
            <ns3:hr>134</ns3:hr>
          </ns3:TrackPointExtension>
        </extensions>
      </trkpt>
      <trkpt lat="59.98499994166195392608642578125" lon="30.3428621403872966766357421875">
        <ele>13</ele>
        <time>2025-09-10T14:42:11.000Z</time>
        <extensions>
          <ns3:TrackPointExtension>
            <ns3:atemp>26.0</ns3:atemp>
            <ns3:hr>133</ns3:hr>
          </ns3:TrackPointExtension>
        </extensions>
      </trkpt>
      <trkpt lat="59.98502357862889766693115234375" lon="30.3430381603538990020751953125">
        <ele>13</ele>
        <time>2025-09-10T14:42:15.000Z</time>
        <extensions>
          <ns3:TrackPointExtension>
            <ns3:atemp>26.0</ns3:atemp>
            <ns3:hr>131</ns3:hr>
          </ns3:TrackPointExtension>
        </extensions>
      </trkpt>
      <trkpt lat="59.98504905961453914642333984375" lon="30.343175120651721954345703125">
        <ele>13</ele>
        <time>2025-09-10T14:42:17.000Z</time>
        <extensions>
          <ns3:TrackPointExtension>
            <ns3:atemp>26.0</ns3:atemp>
            <ns3:hr>130</ns3:hr>
          </ns3:TrackPointExtension>
        </extensions>
      </trkpt>
      <trkpt lat="59.98506045900285243988037109375" lon="30.34335306845605373382568359375">
        <ele>12.80000019073486328125</ele>
        <time>2025-09-10T14:42:19.000Z</time>
        <extensions>
          <ns3:TrackPointExtension>
            <ns3:atemp>26.0</ns3:atemp>
            <ns3:hr>131</ns3:hr>
          </ns3:TrackPointExtension>
        </extensions>
      </trkpt>
      <trkpt lat="59.98507085256278514862060546875" lon="30.34345708787441253662109375">
        <ele>12.80000019073486328125</ele>
        <time>2025-09-10T14:42:20.000Z</time>
        <extensions>
          <ns3:TrackPointExtension>
            <ns3:atemp>26.0</ns3:atemp>
            <ns3:hr>134</ns3:hr>
          </ns3:TrackPointExtension>
        </extensions>
      </trkpt>
      <trkpt lat="59.9851297773420810699462890625" lon="30.3440382890403270721435546875">
        <ele>13.6000003814697265625</ele>
        <time>2025-09-10T14:42:26.000Z</time>
        <extensions>
          <ns3:TrackPointExtension>
            <ns3:atemp>26.0</ns3:atemp>
            <ns3:hr>131</ns3:hr>
          </ns3:TrackPointExtension>
        </extensions>
      </trkpt>
      <trkpt lat="59.9852001853287220001220703125" lon="30.34473759122192859649658203125">
        <ele>14.3999996185302734375</ele>
        <time>2025-09-10T14:42:33.000Z</time>
        <extensions>
          <ns3:TrackPointExtension>
            <ns3:atemp>26.0</ns3:atemp>
            <ns3:hr>134</ns3:hr>
          </ns3:TrackPointExtension>
        </extensions>
      </trkpt>
      <trkpt lat="59.985205717384815216064453125" lon="30.34484404139220714569091796875">
        <ele>14.6000003814697265625</ele>
        <time>2025-09-10T14:42:34.000Z</time>
        <extensions>
          <ns3:TrackPointExtension>
            <ns3:atemp>26.0</ns3:atemp>
            <ns3:hr>133</ns3:hr>
          </ns3:TrackPointExtension>
        </extensions>
      </trkpt>
      <trkpt lat="59.98521007597446441650390625" lon="30.34495149739086627960205078125">
        <ele>14.6000003814697265625</ele>
        <time>2025-09-10T14:42:35.000Z</time>
        <extensions>
          <ns3:TrackPointExtension>
            <ns3:atemp>26.0</ns3:atemp>
            <ns3:hr>137</ns3:hr>
          </ns3:TrackPointExtension>
        </extensions>
      </trkpt>
      <trkpt lat="59.98523362912237644195556640625" lon="30.34533597528934478759765625">
        <ele>15</ele>
        <time>2025-09-10T14:42:39.000Z</time>
        <extensions>
          <ns3:TrackPointExtension>
            <ns3:atemp>26.0</ns3:atemp>
            <ns3:hr>140</ns3:hr>
          </ns3:TrackPointExtension>
        </extensions>
      </trkpt>
      <trkpt lat="59.98524888418614864349365234375" lon="30.34550470300018787384033203125">
        <ele>15.19999980926513671875</ele>
        <time>2025-09-10T14:42:41.000Z</time>
        <extensions>
          <ns3:TrackPointExtension>
            <ns3:atemp>26.0</ns3:atemp>
            <ns3:hr>140</ns3:hr>
          </ns3:TrackPointExtension>
        </extensions>
      </trkpt>
      <trkpt lat="59.98527201823890209197998046875" lon="30.345745347440242767333984375">
        <ele>14.80000019073486328125</ele>
        <time>2025-09-10T14:42:45.000Z</time>
        <extensions>
          <ns3:TrackPointExtension>
            <ns3:atemp>26.0</ns3:atemp>
            <ns3:hr>139</ns3:hr>
          </ns3:TrackPointExtension>
        </extensions>
      </trkpt>
      <trkpt lat="59.98528626747429370880126953125" lon="30.3457636199891567230224609375">
        <ele>14.19999980926513671875</ele>
        <time>2025-09-10T14:42:50.000Z</time>
        <extensions>
          <ns3:TrackPointExtension>
            <ns3:atemp>26.0</ns3:atemp>
            <ns3:hr>138</ns3:hr>
          </ns3:TrackPointExtension>
        </extensions>
      </trkpt>
      <trkpt lat="59.9852863512933254241943359375" lon="30.34576512873172760009765625">
        <ele>14</ele>
        <time>2025-09-10T14:42:56.000Z</time>
        <extensions>
          <ns3:TrackPointExtension>
            <ns3:atemp>26.0</ns3:atemp>
            <ns3:hr>141</ns3:hr>
          </ns3:TrackPointExtension>
        </extensions>
      </trkpt>
      <trkpt lat="59.98528324998915195465087890625" lon="30.34575850702822208404541015625">
        <ele>14</ele>
        <time>2025-09-10T14:43:05.000Z</time>
        <extensions>
          <ns3:TrackPointExtension>
            <ns3:atemp>26.0</ns3:atemp>
            <ns3:hr>138</ns3:hr>
          </ns3:TrackPointExtension>
        </extensions>
      </trkpt>
      <trkpt lat="59.9852833338081836700439453125" lon="30.3457589261233806610107421875">
        <ele>13.80000019073486328125</ele>
        <time>2025-09-10T14:43:06.000Z</time>
        <extensions>
          <ns3:TrackPointExtension>
            <ns3:atemp>26.0</ns3:atemp>
            <ns3:hr>135</ns3:hr>
          </ns3:TrackPointExtension>
        </extensions>
      </trkpt>
      <trkpt lat="59.985283501446247100830078125" lon="30.34576605074107646942138671875">
        <ele>13.80000019073486328125</ele>
        <time>2025-09-10T14:43:09.000Z</time>
        <extensions>
          <ns3:TrackPointExtension>
            <ns3:atemp>26.0</ns3:atemp>
            <ns3:hr>132</ns3:hr>
          </ns3:TrackPointExtension>
        </extensions>
      </trkpt>
      <trkpt lat="59.98528257943689823150634765625" lon="30.34578817896544933319091796875">
        <ele>13.80000019073486328125</ele>
        <time>2025-09-10T14:43:11.000Z</time>
        <extensions>
          <ns3:TrackPointExtension>
            <ns3:atemp>26.0</ns3:atemp>
            <ns3:hr>133</ns3:hr>
          </ns3:TrackPointExtension>
        </extensions>
      </trkpt>
      <trkpt lat="59.985282160341739654541015625" lon="30.34580712206661701202392578125">
        <ele>13.80000019073486328125</ele>
        <time>2025-09-10T14:43:12.000Z</time>
        <extensions>
          <ns3:TrackPointExtension>
            <ns3:atemp>26.0</ns3:atemp>
            <ns3:hr>132</ns3:hr>
          </ns3:TrackPointExtension>
        </extensions>
      </trkpt>
      <trkpt lat="59.98528626747429370880126953125" lon="30.345829166471958160400390625">
        <ele>13.80000019073486328125</ele>
        <time>2025-09-10T14:43:13.000Z</time>
        <extensions>
          <ns3:TrackPointExtension>
            <ns3:atemp>26.0</ns3:atemp>
            <ns3:hr>132</ns3:hr>
          </ns3:TrackPointExtension>
        </extensions>
      </trkpt>
      <trkpt lat="59.9853051267564296722412109375" lon="30.34597358666360378265380859375">
        <ele>13.80000019073486328125</ele>
        <time>2025-09-10T14:43:16.000Z</time>
        <extensions>
          <ns3:TrackPointExtension>
            <ns3:atemp>26.0</ns3:atemp>
            <ns3:hr>131</ns3:hr>
          </ns3:TrackPointExtension>
        </extensions>
      </trkpt>
      <trkpt lat="59.98532566241919994354248046875" lon="30.34620945341885089874267578125">
        <ele>14</ele>
        <time>2025-09-10T14:43:19.000Z</time>
        <extensions>
          <ns3:TrackPointExtension>
            <ns3:atemp>26.0</ns3:atemp>
            <ns3:hr>125</ns3:hr>
          </ns3:TrackPointExtension>
        </extensions>
      </trkpt>
      <trkpt lat="59.9853339605033397674560546875" lon="30.34629218280315399169921875">
        <ele>14</ele>
        <time>2025-09-10T14:43:20.000Z</time>
        <extensions>
          <ns3:TrackPointExtension>
            <ns3:atemp>26.0</ns3:atemp>
            <ns3:hr>120</ns3:hr>
          </ns3:TrackPointExtension>
        </extensions>
      </trkpt>
      <trkpt lat="59.985343180596828460693359375" lon="30.34638010896742343902587890625">
        <ele>14.19999980926513671875</ele>
        <time>2025-09-10T14:43:21.000Z</time>
        <extensions>
          <ns3:TrackPointExtension>
            <ns3:atemp>26.0</ns3:atemp>
            <ns3:hr>116</ns3:hr>
          </ns3:TrackPointExtension>
        </extensions>
      </trkpt>
      <trkpt lat="59.98535231687128543853759765625" lon="30.346465520560741424560546875">
        <ele>14.3999996185302734375</ele>
        <time>2025-09-10T14:43:22.000Z</time>
        <extensions>
          <ns3:TrackPointExtension>
            <ns3:atemp>26.0</ns3:atemp>
            <ns3:hr>110</ns3:hr>
          </ns3:TrackPointExtension>
        </extensions>
      </trkpt>
      <trkpt lat="59.98536027967929840087890625" lon="30.34655177034437656402587890625">
        <ele>14.6000003814697265625</ele>
        <time>2025-09-10T14:43:23.000Z</time>
        <extensions>
          <ns3:TrackPointExtension>
            <ns3:atemp>26.0</ns3:atemp>
            <ns3:hr>103</ns3:hr>
          </ns3:TrackPointExtension>
        </extensions>
      </trkpt>
      <trkpt lat="59.98536924831569194793701171875" lon="30.34663944505155086517333984375">
        <ele>14.6000003814697265625</ele>
        <time>2025-09-10T14:43:24.000Z</time>
        <extensions>
          <ns3:TrackPointExtension>
            <ns3:atemp>26.0</ns3:atemp>
            <ns3:hr>104</ns3:hr>
          </ns3:TrackPointExtension>
        </extensions>
      </trkpt>
      <trkpt lat="59.98538651503622531890869140625" lon="30.34681496210396289825439453125">
        <ele>14.6000003814697265625</ele>
        <time>2025-09-10T14:43:26.000Z</time>
        <extensions>
          <ns3:TrackPointExtension>
            <ns3:atemp>26.0</ns3:atemp>
            <ns3:hr>109</ns3:hr>
          </ns3:TrackPointExtension>
        </extensions>
      </trkpt>
      <trkpt lat="59.985395483672618865966796875" lon="30.34690230153501033782958984375">
        <ele>14.80000019073486328125</ele>
        <time>2025-09-10T14:43:27.000Z</time>
        <extensions>
          <ns3:TrackPointExtension>
            <ns3:atemp>26.0</ns3:atemp>
            <ns3:hr>113</ns3:hr>
          </ns3:TrackPointExtension>
        </extensions>
      </trkpt>
      <trkpt lat="59.98540361411869525909423828125" lon="30.34698695875704288482666015625">
        <ele>14.80000019073486328125</ele>
        <time>2025-09-10T14:43:28.000Z</time>
        <extensions>
          <ns3:TrackPointExtension>
            <ns3:atemp>26.0</ns3:atemp>
            <ns3:hr>118</ns3:hr>
          </ns3:TrackPointExtension>
        </extensions>
      </trkpt>
      <trkpt lat="59.98541124165058135986328125" lon="30.34706977196037769317626953125">
        <ele>14.80000019073486328125</ele>
        <time>2025-09-10T14:43:29.000Z</time>
        <extensions>
          <ns3:TrackPointExtension>
            <ns3:atemp>26.0</ns3:atemp>
            <ns3:hr>124</ns3:hr>
          </ns3:TrackPointExtension>
        </extensions>
      </trkpt>
      <trkpt lat="59.985419623553752899169921875" lon="30.3471516631543636322021484375">
        <ele>14.80000019073486328125</ele>
        <time>2025-09-10T14:43:30.000Z</time>
        <extensions>
          <ns3:TrackPointExtension>
            <ns3:atemp>26.0</ns3:atemp>
            <ns3:hr>130</ns3:hr>
          </ns3:TrackPointExtension>
        </extensions>
      </trkpt>
      <trkpt lat="59.9854446016252040863037109375" lon="30.34740353934466838836669921875">
        <ele>15</ele>
        <time>2025-09-10T14:43:33.000Z</time>
        <extensions>
          <ns3:TrackPointExtension>
            <ns3:atemp>26.0</ns3:atemp>
            <ns3:hr>133</ns3:hr>
          </ns3:TrackPointExtension>
        </extensions>
      </trkpt>
      <trkpt lat="59.98550905846059322357177734375" lon="30.34808934666216373443603515625">
        <ele>14.80000019073486328125</ele>
        <time>2025-09-10T14:43:41.000Z</time>
        <extensions>
          <ns3:TrackPointExtension>
            <ns3:atemp>26.0</ns3:atemp>
            <ns3:hr>133</ns3:hr>
          </ns3:TrackPointExtension>
        </extensions>
      </trkpt>
      <trkpt lat="59.98556412756443023681640625" lon="30.348626039922237396240234375">
        <ele>14.3999996185302734375</ele>
        <time>2025-09-10T14:43:48.000Z</time>
        <extensions>
          <ns3:TrackPointExtension>
            <ns3:atemp>26.0</ns3:atemp>
            <ns3:hr>130</ns3:hr>
          </ns3:TrackPointExtension>
        </extensions>
      </trkpt>
      <trkpt lat="59.98556706123054027557373046875" lon="30.34888478927314281463623046875">
        <ele>14.19999980926513671875</ele>
        <time>2025-09-10T14:43:53.000Z</time>
        <extensions>
          <ns3:TrackPointExtension>
            <ns3:atemp>26.0</ns3:atemp>
            <ns3:hr>130</ns3:hr>
          </ns3:TrackPointExtension>
        </extensions>
      </trkpt>
      <trkpt lat="59.98557661660015583038330078125" lon="30.34906089305877685546875">
        <ele>14</ele>
        <time>2025-09-10T14:43:56.000Z</time>
        <extensions>
          <ns3:TrackPointExtension>
            <ns3:atemp>26.0</ns3:atemp>
            <ns3:hr>130</ns3:hr>
          </ns3:TrackPointExtension>
        </extensions>
      </trkpt>
      <trkpt lat="59.98558499850332736968994140625" lon="30.34915116615593433380126953125">
        <ele>13.80000019073486328125</ele>
        <time>2025-09-10T14:43:57.000Z</time>
        <extensions>
          <ns3:TrackPointExtension>
            <ns3:atemp>26.0</ns3:atemp>
            <ns3:hr>130</ns3:hr>
          </ns3:TrackPointExtension>
        </extensions>
      </trkpt>
      <trkpt lat="59.98564182780683040618896484375" lon="30.3497393243014812469482421875">
        <ele>14.3999996185302734375</ele>
        <time>2025-09-10T14:44:02.000Z</time>
        <extensions>
          <ns3:TrackPointExtension>
            <ns3:atemp>26.0</ns3:atemp>
            <ns3:hr>129</ns3:hr>
          </ns3:TrackPointExtension>
        </extensions>
      </trkpt>
      <trkpt lat="59.98568474315106868743896484375" lon="30.35022673197090625762939453125">
        <ele>15.19999980926513671875</ele>
        <time>2025-09-10T14:44:06.000Z</time>
        <extensions>
          <ns3:TrackPointExtension>
            <ns3:atemp>26.0</ns3:atemp>
            <ns3:hr>133</ns3:hr>
          </ns3:TrackPointExtension>
        </extensions>
      </trkpt>
      <trkpt lat="59.985728748142719268798828125" lon="30.3506469167768955230712890625">
        <ele>15.3999996185302734375</ele>
        <time>2025-09-10T14:44:10.000Z</time>
        <extensions>
          <ns3:TrackPointExtension>
            <ns3:atemp>26.0</ns3:atemp>
            <ns3:hr>133</ns3:hr>
          </ns3:TrackPointExtension>
        </extensions>
      </trkpt>
      <trkpt lat="59.98577543534338474273681640625" lon="30.351125858724117279052734375">
        <ele>15.19999980926513671875</ele>
        <time>2025-09-10T14:44:15.000Z</time>
        <extensions>
          <ns3:TrackPointExtension>
            <ns3:atemp>26.0</ns3:atemp>
            <ns3:hr>130</ns3:hr>
          </ns3:TrackPointExtension>
        </extensions>
      </trkpt>
      <trkpt lat="59.98579873703420162200927734375" lon="30.35140321590006351470947265625">
        <ele>15.19999980926513671875</ele>
        <time>2025-09-10T14:44:18.000Z</time>
        <extensions>
          <ns3:TrackPointExtension>
            <ns3:atemp>26.0</ns3:atemp>
            <ns3:hr>137</ns3:hr>
          </ns3:TrackPointExtension>
        </extensions>
      </trkpt>
      <trkpt lat="59.9858056940138339996337890625" lon="30.351486615836620330810546875">
        <ele>15.19999980926513671875</ele>
        <time>2025-09-10T14:44:19.000Z</time>
        <extensions>
          <ns3:TrackPointExtension>
            <ns3:atemp>26.0</ns3:atemp>
            <ns3:hr>140</ns3:hr>
          </ns3:TrackPointExtension>
        </extensions>
      </trkpt>
      <trkpt lat="59.985811226069927215576171875" lon="30.351559706032276153564453125">
        <ele>15</ele>
        <time>2025-09-10T14:44:20.000Z</time>
        <extensions>
          <ns3:TrackPointExtension>
            <ns3:atemp>26.0</ns3:atemp>
            <ns3:hr>140</ns3:hr>
          </ns3:TrackPointExtension>
        </extensions>
      </trkpt>
      <trkpt lat="59.98584307730197906494140625" lon="30.351660959422588348388671875">
        <ele>14.80000019073486328125</ele>
        <time>2025-09-10T14:44:22.000Z</time>
        <extensions>
          <ns3:TrackPointExtension>
            <ns3:atemp>26.0</ns3:atemp>
            <ns3:hr>143</ns3:hr>
          </ns3:TrackPointExtension>
        </extensions>
      </trkpt>
      <trkpt lat="59.9858496151864528656005859375" lon="30.351689122617244720458984375">
        <ele>14.80000019073486328125</ele>
        <time>2025-09-10T14:44:23.000Z</time>
        <extensions>
          <ns3:TrackPointExtension>
            <ns3:atemp>26.0</ns3:atemp>
            <ns3:hr>144</ns3:hr>
          </ns3:TrackPointExtension>
        </extensions>
      </trkpt>
      <trkpt lat="59.98588272370398044586181640625" lon="30.351929850876331329345703125">
        <ele>14.80000019073486328125</ele>
        <time>2025-09-10T14:44:28.000Z</time>
        <extensions>
          <ns3:TrackPointExtension>
            <ns3:atemp>26.0</ns3:atemp>
            <ns3:hr>142</ns3:hr>
          </ns3:TrackPointExtension>
        </extensions>
      </trkpt>
      <trkpt lat="59.9859314225614070892333984375" lon="30.35244324244558811187744140625">
        <ele>15.3999996185302734375</ele>
        <time>2025-09-10T14:44:33.000Z</time>
        <extensions>
          <ns3:TrackPointExtension>
            <ns3:atemp>26.0</ns3:atemp>
            <ns3:hr>143</ns3:hr>
          </ns3:TrackPointExtension>
        </extensions>
      </trkpt>
      <trkpt lat="59.98593955300748348236083984375" lon="30.35254466347396373748779296875">
        <ele>15.6000003814697265625</ele>
        <time>2025-09-10T14:44:34.000Z</time>
        <extensions>
          <ns3:TrackPointExtension>
            <ns3:atemp>26.0</ns3:atemp>
            <ns3:hr>142</ns3:hr>
          </ns3:TrackPointExtension>
        </extensions>
      </trkpt>
      <trkpt lat="59.985981546342372894287109375" lon="30.353237427771091461181640625">
        <ele>16</ele>
        <time>2025-09-10T14:44:41.000Z</time>
        <extensions>
          <ns3:TrackPointExtension>
            <ns3:atemp>26.0</ns3:atemp>
            <ns3:hr>146</ns3:hr>
          </ns3:TrackPointExtension>
        </extensions>
      </trkpt>
      <trkpt lat="59.98599864542484283447265625" lon="30.35341001115739345550537109375">
        <ele>16</ele>
        <time>2025-09-10T14:44:43.000Z</time>
        <extensions>
          <ns3:TrackPointExtension>
            <ns3:atemp>26.0</ns3:atemp>
            <ns3:hr>150</ns3:hr>
          </ns3:TrackPointExtension>
        </extensions>
      </trkpt>
      <trkpt lat="59.9860127270221710205078125" lon="30.35358385182917118072509765625">
        <ele>16</ele>
        <time>2025-09-10T14:44:45.000Z</time>
        <extensions>
          <ns3:TrackPointExtension>
            <ns3:atemp>26.0</ns3:atemp>
            <ns3:hr>154</ns3:hr>
          </ns3:TrackPointExtension>
        </extensions>
      </trkpt>
      <trkpt lat="59.98604063875973224639892578125" lon="30.35392080433666706085205078125">
        <ele>16</ele>
        <time>2025-09-10T14:44:49.000Z</time>
        <extensions>
          <ns3:TrackPointExtension>
            <ns3:atemp>26.0</ns3:atemp>
            <ns3:hr>154</ns3:hr>
          </ns3:TrackPointExtension>
        </extensions>
      </trkpt>
      <trkpt lat="59.98611129820346832275390625" lon="30.3545307554304599761962890625">
        <ele>16.3999996185302734375</ele>
        <time>2025-09-10T14:44:56.000Z</time>
        <extensions>
          <ns3:TrackPointExtension>
            <ns3:atemp>26.0</ns3:atemp>
            <ns3:hr>155</ns3:hr>
          </ns3:TrackPointExtension>
        </extensions>
      </trkpt>
      <trkpt lat="59.98617567121982574462890625" lon="30.35506543703377246856689453125">
        <ele>16.3999996185302734375</ele>
        <time>2025-09-10T14:45:03.000Z</time>
        <extensions>
          <ns3:TrackPointExtension>
            <ns3:atemp>26.0</ns3:atemp>
            <ns3:hr>155</ns3:hr>
          </ns3:TrackPointExtension>
        </extensions>
      </trkpt>
      <trkpt lat="59.986184723675251007080078125" lon="30.35515009425580501556396484375">
        <ele>16.799999237060546875</ele>
        <time>2025-09-10T14:45:04.000Z</time>
        <extensions>
          <ns3:TrackPointExtension>
            <ns3:atemp>26.0</ns3:atemp>
            <ns3:hr>154</ns3:hr>
          </ns3:TrackPointExtension>
        </extensions>
      </trkpt>
      <trkpt lat="59.986233673989772796630859375" lon="30.35563339479267597198486328125">
        <ele>17.6000003814697265625</ele>
        <time>2025-09-10T14:45:10.000Z</time>
        <extensions>
          <ns3:TrackPointExtension>
            <ns3:atemp>26.0</ns3:atemp>
            <ns3:hr>151</ns3:hr>
          </ns3:TrackPointExtension>
        </extensions>
      </trkpt>
      <trkpt lat="59.98624096624553203582763671875" lon="30.3557109273970127105712890625">
        <ele>18</ele>
        <time>2025-09-10T14:45:11.000Z</time>
        <extensions>
          <ns3:TrackPointExtension>
            <ns3:atemp>26.0</ns3:atemp>
            <ns3:hr>152</ns3:hr>
          </ns3:TrackPointExtension>
        </extensions>
      </trkpt>
      <trkpt lat="59.98626410029828548431396484375" lon="30.35593380220234394073486328125">
        <ele>18.3999996185302734375</ele>
        <time>2025-09-10T14:45:14.000Z</time>
        <extensions>
          <ns3:TrackPointExtension>
            <ns3:atemp>26.0</ns3:atemp>
            <ns3:hr>153</ns3:hr>
          </ns3:TrackPointExtension>
        </extensions>
      </trkpt>
      <trkpt lat="59.98628287576138973236083984375" lon="30.35619649104773998260498046875">
        <ele>18.6000003814697265625</ele>
        <time>2025-09-10T14:45:19.000Z</time>
        <extensions>
          <ns3:TrackPointExtension>
            <ns3:atemp>26.0</ns3:atemp>
            <ns3:hr>154</ns3:hr>
          </ns3:TrackPointExtension>
        </extensions>
      </trkpt>
      <trkpt lat="59.98627432622015476226806640625" lon="30.35626857541501522064208984375">
        <ele>18.6000003814697265625</ele>
        <time>2025-09-10T14:45:24.000Z</time>
        <extensions>
          <ns3:TrackPointExtension>
            <ns3:atemp>26.0</ns3:atemp>
            <ns3:hr>154</ns3:hr>
          </ns3:TrackPointExtension>
        </extensions>
      </trkpt>
      <trkpt lat="59.98630248941481113433837890625" lon="30.3564763627946376800537109375">
        <ele>18.799999237060546875</ele>
        <time>2025-09-10T14:45:28.000Z</time>
        <extensions>
          <ns3:TrackPointExtension>
            <ns3:atemp>26.0</ns3:atemp>
            <ns3:hr>152</ns3:hr>
          </ns3:TrackPointExtension>
        </extensions>
      </trkpt>
      <trkpt lat="59.9863183312118053436279296875" lon="30.35659027285873889923095703125">
        <ele>19</ele>
        <time>2025-09-10T14:45:30.000Z</time>
        <extensions>
          <ns3:TrackPointExtension>
            <ns3:atemp>26.0</ns3:atemp>
            <ns3:hr>152</ns3:hr>
          </ns3:TrackPointExtension>
        </extensions>
      </trkpt>
      <trkpt lat="59.9863572232425212860107421875" lon="30.3566567413508892059326171875">
        <ele>19.200000762939453125</ele>
        <time>2025-09-10T14:45:32.000Z</time>
        <extensions>
          <ns3:TrackPointExtension>
            <ns3:atemp>26.0</ns3:atemp>
            <ns3:hr>153</ns3:hr>
          </ns3:TrackPointExtension>
        </extensions>
      </trkpt>
      <trkpt lat="59.98647314496338367462158203125" lon="30.3566952981054782867431640625">
        <ele>19.3999996185302734375</ele>
        <time>2025-09-10T14:45:36.000Z</time>
        <extensions>
          <ns3:TrackPointExtension>
            <ns3:atemp>26.0</ns3:atemp>
            <ns3:hr>153</ns3:hr>
          </ns3:TrackPointExtension>
        </extensions>
      </trkpt>
      <trkpt lat="59.9865939281880855560302734375" lon="30.35662095062434673309326171875">
        <ele>19.799999237060546875</ele>
        <time>2025-09-10T14:45:40.000Z</time>
        <extensions>
          <ns3:TrackPointExtension>
            <ns3:atemp>26.0</ns3:atemp>
            <ns3:hr>153</ns3:hr>
          </ns3:TrackPointExtension>
        </extensions>
      </trkpt>
      <trkpt lat="59.9867476522922515869140625" lon="30.35668549127876758575439453125">
        <ele>20</ele>
        <time>2025-09-10T14:45:45.000Z</time>
        <extensions>
          <ns3:TrackPointExtension>
            <ns3:atemp>26.0</ns3:atemp>
            <ns3:hr>157</ns3:hr>
          </ns3:TrackPointExtension>
        </extensions>
      </trkpt>
      <trkpt lat="59.98678042553365230560302734375" lon="30.35669152624905109405517578125">
        <ele>20</ele>
        <time>2025-09-10T14:45:46.000Z</time>
        <extensions>
          <ns3:TrackPointExtension>
            <ns3:atemp>26.0</ns3:atemp>
            <ns3:hr>157</ns3:hr>
          </ns3:TrackPointExtension>
        </extensions>
      </trkpt>
      <trkpt lat="59.98687078244984149932861328125" lon="30.3567204438149929046630859375">
        <ele>20.200000762939453125</ele>
        <time>2025-09-10T14:45:51.000Z</time>
        <extensions>
          <ns3:TrackPointExtension>
            <ns3:atemp>26.0</ns3:atemp>
            <ns3:hr>155</ns3:hr>
          </ns3:TrackPointExtension>
        </extensions>
      </trkpt>
      <trkpt lat="59.9868413619697093963623046875" lon="30.35681314766407012939453125">
        <ele>20.200000762939453125</ele>
        <time>2025-09-10T14:45:56.000Z</time>
        <extensions>
          <ns3:TrackPointExtension>
            <ns3:atemp>26.0</ns3:atemp>
            <ns3:hr>154</ns3:hr>
          </ns3:TrackPointExtension>
        </extensions>
      </trkpt>
      <trkpt lat="59.98684530146420001983642578125" lon="30.35679076798260211944580078125">
        <ele>20</ele>
        <time>2025-09-10T14:46:03.000Z</time>
        <extensions>
          <ns3:TrackPointExtension>
            <ns3:atemp>26.0</ns3:atemp>
            <ns3:hr>154</ns3:hr>
          </ns3:TrackPointExtension>
        </extensions>
      </trkpt>
      <trkpt lat="59.98683591373264789581298828125" lon="30.3567734174430370330810546875">
        <ele>19.799999237060546875</ele>
        <time>2025-09-10T14:46:08.000Z</time>
        <extensions>
          <ns3:TrackPointExtension>
            <ns3:atemp>26.0</ns3:atemp>
            <ns3:hr>150</ns3:hr>
          </ns3:TrackPointExtension>
        </extensions>
      </trkpt>
      <trkpt lat="59.98683574609458446502685546875" lon="30.35677065141499042510986328125">
        <ele>19.6000003814697265625</ele>
        <time>2025-09-10T14:46:11.000Z</time>
        <extensions>
          <ns3:TrackPointExtension>
            <ns3:atemp>26.0</ns3:atemp>
            <ns3:hr>148</ns3:hr>
          </ns3:TrackPointExtension>
        </extensions>
      </trkpt>
      <trkpt lat="59.98684563674032688140869140625" lon="30.35677618347108364105224609375">
        <ele>19.3999996185302734375</ele>
        <time>2025-09-10T14:46:17.000Z</time>
        <extensions>
          <ns3:TrackPointExtension>
            <ns3:atemp>26.0</ns3:atemp>
            <ns3:hr>146</ns3:hr>
          </ns3:TrackPointExtension>
        </extensions>
      </trkpt>
      <trkpt lat="59.9868457205593585968017578125" lon="30.35678674466907978057861328125">
        <ele>19.6000003814697265625</ele>
        <time>2025-09-10T14:46:21.000Z</time>
        <extensions>
          <ns3:TrackPointExtension>
            <ns3:atemp>26.0</ns3:atemp>
            <ns3:hr>143</ns3:hr>
          </ns3:TrackPointExtension>
        </extensions>
      </trkpt>
      <trkpt lat="59.98684479855000972747802734375" lon="30.356789343059062957763671875">
        <ele>19.799999237060546875</ele>
        <time>2025-09-10T14:46:24.000Z</time>
        <extensions>
          <ns3:TrackPointExtension>
            <ns3:atemp>26.0</ns3:atemp>
            <ns3:hr>140</ns3:hr>
          </ns3:TrackPointExtension>
        </extensions>
      </trkpt>
      <trkpt lat="59.9868443794548511505126953125" lon="30.35679361782968044281005859375">
        <ele>20</ele>
        <time>2025-09-10T14:46:27.000Z</time>
        <extensions>
          <ns3:TrackPointExtension>
            <ns3:atemp>26.0</ns3:atemp>
            <ns3:hr>138</ns3:hr>
          </ns3:TrackPointExtension>
        </extensions>
      </trkpt>
      <trkpt lat="59.9868500791490077972412109375" lon="30.3568076156079769134521484375">
        <ele>20</ele>
        <time>2025-09-10T14:46:29.000Z</time>
        <extensions>
          <ns3:TrackPointExtension>
            <ns3:atemp>26.0</ns3:atemp>
            <ns3:hr>136</ns3:hr>
          </ns3:TrackPointExtension>
        </extensions>
      </trkpt>
      <trkpt lat="59.9868782423436641693115234375" lon="30.35687928088009357452392578125">
        <ele>19.6000003814697265625</ele>
        <time>2025-09-10T14:46:32.000Z</time>
        <extensions>
          <ns3:TrackPointExtension>
            <ns3:atemp>26.0</ns3:atemp>
            <ns3:hr>136</ns3:hr>
          </ns3:TrackPointExtension>
        </extensions>
      </trkpt>
      <trkpt lat="59.98690146021544933319091796875" lon="30.35691582597792148590087890625">
        <ele>19.799999237060546875</ele>
        <time>2025-09-10T14:46:34.000Z</time>
        <extensions>
          <ns3:TrackPointExtension>
            <ns3:atemp>26.0</ns3:atemp>
            <ns3:hr>133</ns3:hr>
          </ns3:TrackPointExtension>
        </extensions>
      </trkpt>
      <trkpt lat="59.98691118322312831878662109375" lon="30.35694767720997333526611328125">
        <ele>20</ele>
        <time>2025-09-10T14:46:35.000Z</time>
        <extensions>
          <ns3:TrackPointExtension>
            <ns3:atemp>26.0</ns3:atemp>
            <ns3:hr>134</ns3:hr>
          </ns3:TrackPointExtension>
        </extensions>
      </trkpt>
      <trkpt lat="59.9869053997099399566650390625" lon="30.3570225276052951812744140625">
        <ele>20.200000762939453125</ele>
        <time>2025-09-10T14:46:37.000Z</time>
        <extensions>
          <ns3:TrackPointExtension>
            <ns3:atemp>26.0</ns3:atemp>
            <ns3:hr>133</ns3:hr>
          </ns3:TrackPointExtension>
        </extensions>
      </trkpt>
      <trkpt lat="59.98682132922112941741943359375" lon="30.35735269077122211456298828125">
        <ele>20.799999237060546875</ele>
        <time>2025-09-10T14:46:43.000Z</time>
        <extensions>
          <ns3:TrackPointExtension>
            <ns3:atemp>26.0</ns3:atemp>
            <ns3:hr>133</ns3:hr>
          </ns3:TrackPointExtension>
        </extensions>
      </trkpt>
      <trkpt lat="59.986741282045841217041015625" lon="30.35784311592578887939453125">
        <ele>20.6000003814697265625</ele>
        <time>2025-09-10T14:46:50.000Z</time>
        <extensions>
          <ns3:TrackPointExtension>
            <ns3:atemp>26.0</ns3:atemp>
            <ns3:hr>134</ns3:hr>
          </ns3:TrackPointExtension>
        </extensions>
      </trkpt>
      <trkpt lat="59.98673683963716030120849609375" lon="30.3584984131157398223876953125">
        <ele>20.799999237060546875</ele>
        <time>2025-09-10T14:46:59.000Z</time>
        <extensions>
          <ns3:TrackPointExtension>
            <ns3:atemp>26.0</ns3:atemp>
            <ns3:hr>136</ns3:hr>
          </ns3:TrackPointExtension>
        </extensions>
      </trkpt>
      <trkpt lat="59.98675678856670856475830078125" lon="30.358824469149112701416015625">
        <ele>20.799999237060546875</ele>
        <time>2025-09-10T14:47:03.000Z</time>
        <extensions>
          <ns3:TrackPointExtension>
            <ns3:atemp>26.0</ns3:atemp>
            <ns3:hr>137</ns3:hr>
          </ns3:TrackPointExtension>
        </extensions>
      </trkpt>
      <trkpt lat="59.98674991540610790252685546875" lon="30.358906276524066925048828125">
        <ele>20.6000003814697265625</ele>
        <time>2025-09-10T14:47:04.000Z</time>
        <extensions>
          <ns3:TrackPointExtension>
            <ns3:atemp>26.0</ns3:atemp>
            <ns3:hr>137</ns3:hr>
          </ns3:TrackPointExtension>
        </extensions>
      </trkpt>
      <trkpt lat="59.98668068088591098785400390625" lon="30.35944280214607715606689453125">
        <ele>20</ele>
        <time>2025-09-10T14:47:11.000Z</time>
        <extensions>
          <ns3:TrackPointExtension>
            <ns3:atemp>26.0</ns3:atemp>
            <ns3:hr>138</ns3:hr>
          </ns3:TrackPointExtension>
        </extensions>
      </trkpt>
      <trkpt lat="59.9866009689867496490478515625" lon="30.360117293894290924072265625">
        <ele>20</ele>
        <time>2025-09-10T14:47:20.000Z</time>
        <extensions>
          <ns3:TrackPointExtension>
            <ns3:atemp>26.0</ns3:atemp>
            <ns3:hr>140</ns3:hr>
          </ns3:TrackPointExtension>
        </extensions>
      </trkpt>
      <trkpt lat="59.98657238669693470001220703125" lon="30.36035626195371150970458984375">
        <ele>19.799999237060546875</ele>
        <time>2025-09-10T14:47:23.000Z</time>
        <extensions>
          <ns3:TrackPointExtension>
            <ns3:atemp>26.0</ns3:atemp>
            <ns3:hr>139</ns3:hr>
          </ns3:TrackPointExtension>
        </extensions>
      </trkpt>
      <trkpt lat="59.9865500070154666900634765625" lon="30.3605367243289947509765625">
        <ele>20</ele>
        <time>2025-09-10T14:47:25.000Z</time>
        <extensions>
          <ns3:TrackPointExtension>
            <ns3:atemp>26.0</ns3:atemp>
            <ns3:hr>138</ns3:hr>
          </ns3:TrackPointExtension>
        </extensions>
      </trkpt>
      <trkpt lat="59.98654657043516635894775390625" lon="30.36063772626221179962158203125">
        <ele>20</ele>
        <time>2025-09-10T14:47:26.000Z</time>
        <extensions>
          <ns3:TrackPointExtension>
            <ns3:atemp>26.0</ns3:atemp>
            <ns3:hr>138</ns3:hr>
          </ns3:TrackPointExtension>
        </extensions>
      </trkpt>
      <trkpt lat="59.9864866398274898529052734375" lon="30.3609895147383213043212890625">
        <ele>20</ele>
        <time>2025-09-10T14:47:30.000Z</time>
        <extensions>
          <ns3:TrackPointExtension>
            <ns3:atemp>26.0</ns3:atemp>
            <ns3:hr>137</ns3:hr>
          </ns3:TrackPointExtension>
        </extensions>
      </trkpt>
      <trkpt lat="59.98646291904151439666748046875" lon="30.3611588291823863983154296875">
        <ele>20</ele>
        <time>2025-09-10T14:47:32.000Z</time>
        <extensions>
          <ns3:TrackPointExtension>
            <ns3:atemp>26.0</ns3:atemp>
            <ns3:hr>137</ns3:hr>
          </ns3:TrackPointExtension>
        </extensions>
      </trkpt>
      <trkpt lat="59.98645286075770854949951171875" lon="30.361337698996067047119140625">
        <ele>19.799999237060546875</ele>
        <time>2025-09-10T14:47:34.000Z</time>
        <extensions>
          <ns3:TrackPointExtension>
            <ns3:atemp>26.0</ns3:atemp>
            <ns3:hr>137</ns3:hr>
          </ns3:TrackPointExtension>
        </extensions>
      </trkpt>
      <trkpt lat="59.98644447885453701019287109375" lon="30.3614247031509876251220703125">
        <ele>19.799999237060546875</ele>
        <time>2025-09-10T14:47:35.000Z</time>
        <extensions>
          <ns3:TrackPointExtension>
            <ns3:atemp>26.0</ns3:atemp>
            <ns3:hr>137</ns3:hr>
          </ns3:TrackPointExtension>
        </extensions>
      </trkpt>
      <trkpt lat="59.98638463206589221954345703125" lon="30.361889898777008056640625">
        <ele>19.3999996185302734375</ele>
        <time>2025-09-10T14:47:41.000Z</time>
        <extensions>
          <ns3:TrackPointExtension>
            <ns3:atemp>26.0</ns3:atemp>
            <ns3:hr>136</ns3:hr>
          </ns3:TrackPointExtension>
        </extensions>
      </trkpt>
      <trkpt lat="59.98626678250730037689208984375" lon="30.36238116212189197540283203125">
        <ele>19.6000003814697265625</ele>
        <time>2025-09-10T14:47:48.000Z</time>
        <extensions>
          <ns3:TrackPointExtension>
            <ns3:atemp>26.0</ns3:atemp>
            <ns3:hr>134</ns3:hr>
          </ns3:TrackPointExtension>
        </extensions>
      </trkpt>
      <trkpt lat="59.9861604161560535430908203125" lon="30.3626528196036815643310546875">
        <ele>19</ele>
        <time>2025-09-10T14:47:53.000Z</time>
        <extensions>
          <ns3:TrackPointExtension>
            <ns3:atemp>27.0</ns3:atemp>
            <ns3:hr>133</ns3:hr>
          </ns3:TrackPointExtension>
        </extensions>
      </trkpt>
      <trkpt lat="59.986122362315654754638671875" lon="30.36278047598898410797119140625">
        <ele>19</ele>
        <time>2025-09-10T14:47:55.000Z</time>
        <extensions>
          <ns3:TrackPointExtension>
            <ns3:atemp>27.0</ns3:atemp>
            <ns3:hr>136</ns3:hr>
          </ns3:TrackPointExtension>
        </extensions>
      </trkpt>
      <trkpt lat="59.98605052940547466278076171875" lon="30.363028831779956817626953125">
        <ele>19</ele>
        <time>2025-09-10T14:47:59.000Z</time>
        <extensions>
          <ns3:TrackPointExtension>
            <ns3:atemp>27.0</ns3:atemp>
            <ns3:hr>133</ns3:hr>
          </ns3:TrackPointExtension>
        </extensions>
      </trkpt>
      <trkpt lat="59.9859408102929592132568359375" lon="30.3634464181959629058837890625">
        <ele>19</ele>
        <time>2025-09-10T14:48:06.000Z</time>
        <extensions>
          <ns3:TrackPointExtension>
            <ns3:atemp>27.0</ns3:atemp>
            <ns3:hr>136</ns3:hr>
          </ns3:TrackPointExtension>
        </extensions>
      </trkpt>
      <trkpt lat="59.9858851544559001922607421875" lon="30.36366946063935756683349609375">
        <ele>18.6000003814697265625</ele>
        <time>2025-09-10T14:48:10.000Z</time>
        <extensions>
          <ns3:TrackPointExtension>
            <ns3:atemp>27.0</ns3:atemp>
            <ns3:hr>138</ns3:hr>
          </ns3:TrackPointExtension>
        </extensions>
      </trkpt>
      <trkpt lat="59.9858462624251842498779296875" lon="30.36391840316355228424072265625">
        <ele>18.799999237060546875</ele>
        <time>2025-09-10T14:48:15.000Z</time>
        <extensions>
          <ns3:TrackPointExtension>
            <ns3:atemp>27.0</ns3:atemp>
            <ns3:hr>135</ns3:hr>
          </ns3:TrackPointExtension>
        </extensions>
      </trkpt>
      <trkpt lat="59.9858419038355350494384765625" lon="30.36395226605236530303955078125">
        <ele>18.799999237060546875</ele>
        <time>2025-09-10T14:48:16.000Z</time>
        <extensions>
          <ns3:TrackPointExtension>
            <ns3:atemp>27.0</ns3:atemp>
            <ns3:hr>135</ns3:hr>
          </ns3:TrackPointExtension>
        </extensions>
      </trkpt>
      <trkpt lat="59.98583813197910785675048828125" lon="30.36422937177121639251708984375">
        <ele>18.6000003814697265625</ele>
        <time>2025-09-10T14:48:21.000Z</time>
        <extensions>
          <ns3:TrackPointExtension>
            <ns3:atemp>27.0</ns3:atemp>
            <ns3:hr>134</ns3:hr>
          </ns3:TrackPointExtension>
        </extensions>
      </trkpt>
      <trkpt lat="59.98587786220014095306396484375" lon="30.36443707533180713653564453125">
        <ele>18.6000003814697265625</ele>
        <time>2025-09-10T14:48:25.000Z</time>
        <extensions>
          <ns3:TrackPointExtension>
            <ns3:atemp>27.0</ns3:atemp>
            <ns3:hr>134</ns3:hr>
          </ns3:TrackPointExtension>
        </extensions>
      </trkpt>
      <trkpt lat="59.98589982278645038604736328125" lon="30.36447697319090366363525390625">
        <ele>18.6000003814697265625</ele>
        <time>2025-09-10T14:48:26.000Z</time>
        <extensions>
          <ns3:TrackPointExtension>
            <ns3:atemp>27.0</ns3:atemp>
            <ns3:hr>133</ns3:hr>
          </ns3:TrackPointExtension>
        </extensions>
      </trkpt>
      <trkpt lat="59.9859636090695858001708984375" lon="30.3645186312496662139892578125">
        <ele>18.6000003814697265625</ele>
        <time>2025-09-10T14:48:29.000Z</time>
        <extensions>
          <ns3:TrackPointExtension>
            <ns3:atemp>27.0</ns3:atemp>
            <ns3:hr>133</ns3:hr>
          </ns3:TrackPointExtension>
        </extensions>
      </trkpt>
      <trkpt lat="59.98599370010197162628173828125" lon="30.36452173255383968353271484375">
        <ele>18.6000003814697265625</ele>
        <time>2025-09-10T14:48:30.000Z</time>
        <extensions>
          <ns3:TrackPointExtension>
            <ns3:atemp>27.0</ns3:atemp>
            <ns3:hr>133</ns3:hr>
          </ns3:TrackPointExtension>
        </extensions>
      </trkpt>
      <trkpt lat="59.986153878271579742431640625" lon="30.36465433426201343536376953125">
        <ele>18.3999996185302734375</ele>
        <time>2025-09-10T14:48:35.000Z</time>
        <extensions>
          <ns3:TrackPointExtension>
            <ns3:atemp>27.0</ns3:atemp>
            <ns3:hr>134</ns3:hr>
          </ns3:TrackPointExtension>
        </extensions>
      </trkpt>
      <trkpt lat="59.98640097677707672119140625" lon="30.36483622156083583831787109375">
        <ele>18.799999237060546875</ele>
        <time>2025-09-10T14:48:42.000Z</time>
        <extensions>
          <ns3:TrackPointExtension>
            <ns3:atemp>27.0</ns3:atemp>
            <ns3:hr>134</ns3:hr>
          </ns3:TrackPointExtension>
        </extensions>
      </trkpt>
      <trkpt lat="59.986801631748676300048828125" lon="30.36503839306533336639404296875">
        <ele>19</ele>
        <time>2025-09-10T14:48:51.000Z</time>
        <extensions>
          <ns3:TrackPointExtension>
            <ns3:atemp>27.0</ns3:atemp>
            <ns3:hr>137</ns3:hr>
          </ns3:TrackPointExtension>
        </extensions>
      </trkpt>
      <trkpt lat="59.9869667552411556243896484375" lon="30.365224219858646392822265625">
        <ele>18.799999237060546875</ele>
        <time>2025-09-10T14:48:56.000Z</time>
        <extensions>
          <ns3:TrackPointExtension>
            <ns3:atemp>27.0</ns3:atemp>
            <ns3:hr>136</ns3:hr>
          </ns3:TrackPointExtension>
        </extensions>
      </trkpt>
      <trkpt lat="59.98723153956234455108642578125" lon="30.3655878268182277679443359375">
        <ele>19.200000762939453125</ele>
        <time>2025-09-10T14:49:04.000Z</time>
        <extensions>
          <ns3:TrackPointExtension>
            <ns3:atemp>27.0</ns3:atemp>
            <ns3:hr>136</ns3:hr>
          </ns3:TrackPointExtension>
        </extensions>
      </trkpt>
      <trkpt lat="59.98748098500072956085205078125" lon="30.36597414873540401458740234375">
        <ele>19.6000003814697265625</ele>
        <time>2025-09-10T14:49:12.000Z</time>
        <extensions>
          <ns3:TrackPointExtension>
            <ns3:atemp>27.0</ns3:atemp>
            <ns3:hr>136</ns3:hr>
          </ns3:TrackPointExtension>
        </extensions>
      </trkpt>
      <trkpt lat="59.98753479681909084320068359375" lon="30.36606232635676860809326171875">
        <ele>19.6000003814697265625</ele>
        <time>2025-09-10T14:49:14.000Z</time>
        <extensions>
          <ns3:TrackPointExtension>
            <ns3:atemp>27.0</ns3:atemp>
            <ns3:hr>133</ns3:hr>
          </ns3:TrackPointExtension>
        </extensions>
      </trkpt>
      <trkpt lat="59.98759179376065731048583984375" lon="30.36615218035876750946044921875">
        <ele>19.6000003814697265625</ele>
        <time>2025-09-10T14:49:16.000Z</time>
        <extensions>
          <ns3:TrackPointExtension>
            <ns3:atemp>27.0</ns3:atemp>
            <ns3:hr>136</ns3:hr>
          </ns3:TrackPointExtension>
        </extensions>
      </trkpt>
      <trkpt lat="59.987671673297882080078125" lon="30.3663210757076740264892578125">
        <ele>19.6000003814697265625</ele>
        <time>2025-09-10T14:49:19.000Z</time>
        <extensions>
          <ns3:TrackPointExtension>
            <ns3:atemp>27.0</ns3:atemp>
            <ns3:hr>136</ns3:hr>
          </ns3:TrackPointExtension>
        </extensions>
      </trkpt>
      <trkpt lat="59.98788113705813884735107421875" lon="30.366776883602142333984375">
        <ele>19.6000003814697265625</ele>
        <time>2025-09-10T14:49:27.000Z</time>
        <extensions>
          <ns3:TrackPointExtension>
            <ns3:atemp>27.0</ns3:atemp>
            <ns3:hr>135</ns3:hr>
          </ns3:TrackPointExtension>
        </extensions>
      </trkpt>
      <trkpt lat="59.9880587495863437652587890625" lon="30.3671327792108058929443359375">
        <ele>19.799999237060546875</ele>
        <time>2025-09-10T14:49:34.000Z</time>
        <extensions>
          <ns3:TrackPointExtension>
            <ns3:atemp>27.0</ns3:atemp>
            <ns3:hr>133</ns3:hr>
          </ns3:TrackPointExtension>
        </extensions>
      </trkpt>
      <trkpt lat="59.98809755779802799224853515625" lon="30.36724501289427280426025390625">
        <ele>20</ele>
        <time>2025-09-10T14:49:36.000Z</time>
        <extensions>
          <ns3:TrackPointExtension>
            <ns3:atemp>27.0</ns3:atemp>
            <ns3:hr>134</ns3:hr>
          </ns3:TrackPointExtension>
        </extensions>
      </trkpt>
      <trkpt lat="59.98824876733124256134033203125" lon="30.3676316700875759124755859375">
        <ele>20</ele>
        <time>2025-09-10T14:49:43.000Z</time>
        <extensions>
          <ns3:TrackPointExtension>
            <ns3:atemp>27.0</ns3:atemp>
            <ns3:hr>132</ns3:hr>
          </ns3:TrackPointExtension>
        </extensions>
      </trkpt>
      <trkpt lat="59.98837801627814769744873046875" lon="30.3679568879306316375732421875">
        <ele>20.6000003814697265625</ele>
        <time>2025-09-10T14:49:49.000Z</time>
        <extensions>
          <ns3:TrackPointExtension>
            <ns3:atemp>27.0</ns3:atemp>
            <ns3:hr>130</ns3:hr>
          </ns3:TrackPointExtension>
        </extensions>
      </trkpt>
      <trkpt lat="59.9883930198848247528076171875" lon="30.3680192492902278900146484375">
        <ele>20.6000003814697265625</ele>
        <time>2025-09-10T14:49:50.000Z</time>
        <extensions>
          <ns3:TrackPointExtension>
            <ns3:atemp>27.0</ns3:atemp>
            <ns3:hr>130</ns3:hr>
          </ns3:TrackPointExtension>
        </extensions>
      </trkpt>
      <trkpt lat="59.98845110647380352020263671875" lon="30.36827129311859607696533203125">
        <ele>20.6000003814697265625</ele>
        <time>2025-09-10T14:49:54.000Z</time>
        <extensions>
          <ns3:TrackPointExtension>
            <ns3:atemp>27.0</ns3:atemp>
            <ns3:hr>133</ns3:hr>
          </ns3:TrackPointExtension>
        </extensions>
      </trkpt>
      <trkpt lat="59.98846787028014659881591796875" lon="30.36833147518336772918701171875">
        <ele>20.6000003814697265625</ele>
        <time>2025-09-10T14:49:55.000Z</time>
        <extensions>
          <ns3:TrackPointExtension>
            <ns3:atemp>27.0</ns3:atemp>
            <ns3:hr>133</ns3:hr>
          </ns3:TrackPointExtension>
        </extensions>
      </trkpt>
      <trkpt lat="59.9885767512023448944091796875" lon="30.368697680532932281494140625">
        <ele>20.799999237060546875</ele>
        <time>2025-09-10T14:50:02.000Z</time>
        <extensions>
          <ns3:TrackPointExtension>
            <ns3:atemp>27.0</ns3:atemp>
            <ns3:hr>131</ns3:hr>
          </ns3:TrackPointExtension>
        </extensions>
      </trkpt>
      <trkpt lat="59.988710694015026092529296875" lon="30.369079224765300750732421875">
        <ele>21</ele>
        <time>2025-09-10T14:50:09.000Z</time>
        <extensions>
          <ns3:TrackPointExtension>
            <ns3:atemp>27.0</ns3:atemp>
            <ns3:hr>129</ns3:hr>
          </ns3:TrackPointExtension>
        </extensions>
      </trkpt>
      <trkpt lat="59.9887239374220371246337890625" lon="30.36913379095494747161865234375">
        <ele>21</ele>
        <time>2025-09-10T14:50:10.000Z</time>
        <extensions>
          <ns3:TrackPointExtension>
            <ns3:atemp>27.0</ns3:atemp>
            <ns3:hr>129</ns3:hr>
          </ns3:TrackPointExtension>
        </extensions>
      </trkpt>
      <trkpt lat="59.9888540245592594146728515625" lon="30.369551964104175567626953125">
        <ele>21.3999996185302734375</ele>
        <time>2025-09-10T14:50:17.000Z</time>
        <extensions>
          <ns3:TrackPointExtension>
            <ns3:atemp>27.0</ns3:atemp>
            <ns3:hr>130</ns3:hr>
          </ns3:TrackPointExtension>
        </extensions>
      </trkpt>
      <trkpt lat="59.989001043140888214111328125" lon="30.370016992092132568359375">
        <ele>21.3999996185302734375</ele>
        <time>2025-09-10T14:50:25.000Z</time>
        <extensions>
          <ns3:TrackPointExtension>
            <ns3:atemp>27.0</ns3:atemp>
            <ns3:hr>132</ns3:hr>
          </ns3:TrackPointExtension>
        </extensions>
      </trkpt>
      <trkpt lat="59.98912098817527294158935546875" lon="30.3703909926116466522216796875">
        <ele>22</ele>
        <time>2025-09-10T14:50:32.000Z</time>
        <extensions>
          <ns3:TrackPointExtension>
            <ns3:atemp>27.0</ns3:atemp>
            <ns3:hr>132</ns3:hr>
          </ns3:TrackPointExtension>
        </extensions>
      </trkpt>
      <trkpt lat="59.98915988020598888397216796875" lon="30.37050439976155757904052734375">
        <ele>22.200000762939453125</ele>
        <time>2025-09-10T14:50:34.000Z</time>
        <extensions>
          <ns3:TrackPointExtension>
            <ns3:atemp>27.0</ns3:atemp>
            <ns3:hr>133</ns3:hr>
          </ns3:TrackPointExtension>
        </extensions>
      </trkpt>
      <trkpt lat="59.98927337117493152618408203125" lon="30.3708268515765666961669921875">
        <ele>22.3999996185302734375</ele>
        <time>2025-09-10T14:50:40.000Z</time>
        <extensions>
          <ns3:TrackPointExtension>
            <ns3:atemp>27.0</ns3:atemp>
            <ns3:hr>133</ns3:hr>
          </ns3:TrackPointExtension>
        </extensions>
      </trkpt>
      <trkpt lat="59.98938870616257190704345703125" lon="30.37111862562596797943115234375">
        <ele>22.6000003814697265625</ele>
        <time>2025-09-10T14:50:47.000Z</time>
        <extensions>
          <ns3:TrackPointExtension>
            <ns3:atemp>27.0</ns3:atemp>
            <ns3:hr>135</ns3:hr>
          </ns3:TrackPointExtension>
        </extensions>
      </trkpt>
      <trkpt lat="59.989456348121166229248046875" lon="30.37145264446735382080078125">
        <ele>22.3999996185302734375</ele>
        <time>2025-09-10T14:50:53.000Z</time>
        <extensions>
          <ns3:TrackPointExtension>
            <ns3:atemp>27.0</ns3:atemp>
            <ns3:hr>135</ns3:hr>
          </ns3:TrackPointExtension>
        </extensions>
      </trkpt>
      <trkpt lat="59.98958920128643512725830078125" lon="30.37189227528870105743408203125">
        <ele>23</ele>
        <time>2025-09-10T14:51:01.000Z</time>
        <extensions>
          <ns3:TrackPointExtension>
            <ns3:atemp>27.0</ns3:atemp>
            <ns3:hr>133</ns3:hr>
          </ns3:TrackPointExtension>
        </extensions>
      </trkpt>
      <trkpt lat="59.98969062231481075286865234375" lon="30.37215814925730228424072265625">
        <ele>22.799999237060546875</ele>
        <time>2025-09-10T14:51:06.000Z</time>
        <extensions>
          <ns3:TrackPointExtension>
            <ns3:atemp>27.0</ns3:atemp>
            <ns3:hr>133</ns3:hr>
          </ns3:TrackPointExtension>
        </extensions>
      </trkpt>
      <trkpt lat="59.98985021375119686126708984375" lon="30.3725959360599517822265625">
        <ele>22.799999237060546875</ele>
        <time>2025-09-10T14:51:13.000Z</time>
        <extensions>
          <ns3:TrackPointExtension>
            <ns3:atemp>27.0</ns3:atemp>
            <ns3:hr>136</ns3:hr>
          </ns3:TrackPointExtension>
        </extensions>
      </trkpt>
      <trkpt lat="59.9899007566273212432861328125" lon="30.37270481698215007781982421875">
        <ele>22.799999237060546875</ele>
        <time>2025-09-10T14:51:15.000Z</time>
        <extensions>
          <ns3:TrackPointExtension>
            <ns3:atemp>27.0</ns3:atemp>
            <ns3:hr>136</ns3:hr>
          </ns3:TrackPointExtension>
        </extensions>
      </trkpt>
      <trkpt lat="59.989992789924144744873046875" lon="30.37281780503690242767333984375">
        <ele>22.3999996185302734375</ele>
        <time>2025-09-10T14:51:19.000Z</time>
        <extensions>
          <ns3:TrackPointExtension>
            <ns3:atemp>27.0</ns3:atemp>
            <ns3:hr>136</ns3:hr>
          </ns3:TrackPointExtension>
        </extensions>
      </trkpt>
      <trkpt lat="59.9899661354720592498779296875" lon="30.37288963794708251953125">
        <ele>22.3999996185302734375</ele>
        <time>2025-09-10T14:51:22.000Z</time>
        <extensions>
          <ns3:TrackPointExtension>
            <ns3:atemp>27.0</ns3:atemp>
            <ns3:hr>134</ns3:hr>
          </ns3:TrackPointExtension>
        </extensions>
      </trkpt>
      <trkpt lat="59.98993503861129283905029296875" lon="30.37292727269232273101806640625">
        <ele>22.3999996185302734375</ele>
        <time>2025-09-10T14:51:24.000Z</time>
        <extensions>
          <ns3:TrackPointExtension>
            <ns3:atemp>27.0</ns3:atemp>
            <ns3:hr>132</ns3:hr>
          </ns3:TrackPointExtension>
        </extensions>
      </trkpt>
      <trkpt lat="59.98990871943533420562744140625" lon="30.37306389771401882171630859375">
        <ele>22.3999996185302734375</ele>
        <time>2025-09-10T14:51:27.000Z</time>
        <extensions>
          <ns3:TrackPointExtension>
            <ns3:atemp>27.0</ns3:atemp>
            <ns3:hr>132</ns3:hr>
          </ns3:TrackPointExtension>
        </extensions>
      </trkpt>
      <trkpt lat="59.98994660563766956329345703125" lon="30.37326606921851634979248046875">
        <ele>22.3999996185302734375</ele>
        <time>2025-09-10T14:51:31.000Z</time>
        <extensions>
          <ns3:TrackPointExtension>
            <ns3:atemp>27.0</ns3:atemp>
            <ns3:hr>134</ns3:hr>
          </ns3:TrackPointExtension>
        </extensions>
      </trkpt>
      <trkpt lat="59.99003662727773189544677734375" lon="30.3734963200986385345458984375">
        <ele>23.200000762939453125</ele>
        <time>2025-09-10T14:51:36.000Z</time>
        <extensions>
          <ns3:TrackPointExtension>
            <ns3:atemp>27.0</ns3:atemp>
            <ns3:hr>134</ns3:hr>
          </ns3:TrackPointExtension>
        </extensions>
      </trkpt>
      <trkpt lat="59.99010435305535793304443359375" lon="30.37370301783084869384765625">
        <ele>23.200000762939453125</ele>
        <time>2025-09-10T14:51:39.000Z</time>
        <extensions>
          <ns3:TrackPointExtension>
            <ns3:atemp>27.0</ns3:atemp>
            <ns3:hr>134</ns3:hr>
          </ns3:TrackPointExtension>
        </extensions>
      </trkpt>
      <trkpt lat="59.9902477674186229705810546875" lon="30.37414046935737133026123046875">
        <ele>24</ele>
        <time>2025-09-10T14:51:45.000Z</time>
        <extensions>
          <ns3:TrackPointExtension>
            <ns3:atemp>27.0</ns3:atemp>
            <ns3:hr>136</ns3:hr>
          </ns3:TrackPointExtension>
        </extensions>
      </trkpt>
      <trkpt lat="59.9903121404349803924560546875" lon="30.37427038885653018951416015625">
        <ele>24.200000762939453125</ele>
        <time>2025-09-10T14:51:47.000Z</time>
        <extensions>
          <ns3:TrackPointExtension>
            <ns3:atemp>27.0</ns3:atemp>
            <ns3:hr>137</ns3:hr>
          </ns3:TrackPointExtension>
        </extensions>
      </trkpt>
      <trkpt lat="59.99038782902061939239501953125" lon="30.374428890645503997802734375">
        <ele>24.6000003814697265625</ele>
        <time>2025-09-10T14:51:50.000Z</time>
        <extensions>
          <ns3:TrackPointExtension>
            <ns3:atemp>27.0</ns3:atemp>
            <ns3:hr>140</ns3:hr>
          </ns3:TrackPointExtension>
        </extensions>
      </trkpt>
      <trkpt lat="59.9904692173004150390625" lon="30.37458353675901889801025390625">
        <ele>25.200000762939453125</ele>
        <time>2025-09-10T14:51:53.000Z</time>
        <extensions>
          <ns3:TrackPointExtension>
            <ns3:atemp>27.0</ns3:atemp>
            <ns3:hr>143</ns3:hr>
          </ns3:TrackPointExtension>
        </extensions>
      </trkpt>
      <trkpt lat="59.9905049242079257965087890625" lon="30.37464405409991741180419921875">
        <ele>25.200000762939453125</ele>
        <time>2025-09-10T14:51:54.000Z</time>
        <extensions>
          <ns3:TrackPointExtension>
            <ns3:atemp>27.0</ns3:atemp>
            <ns3:hr>143</ns3:hr>
          </ns3:TrackPointExtension>
        </extensions>
      </trkpt>
      <trkpt lat="59.99073014594614505767822265625" lon="30.37495032884180545806884765625">
        <ele>26.3999996185302734375</ele>
        <time>2025-09-10T14:52:01.000Z</time>
        <extensions>
          <ns3:TrackPointExtension>
            <ns3:atemp>27.0</ns3:atemp>
            <ns3:hr>146</ns3:hr>
          </ns3:TrackPointExtension>
        </extensions>
      </trkpt>
      <trkpt lat="59.99076115898787975311279296875" lon="30.37498502992093563079833984375">
        <ele>26.3999996185302734375</ele>
        <time>2025-09-10T14:52:02.000Z</time>
        <extensions>
          <ns3:TrackPointExtension>
            <ns3:atemp>27.0</ns3:atemp>
            <ns3:hr>143</ns3:hr>
          </ns3:TrackPointExtension>
        </extensions>
      </trkpt>
      <trkpt lat="59.99093499965965747833251953125" lon="30.37517546676099300384521484375">
        <ele>27</ele>
        <time>2025-09-10T14:52:08.000Z</time>
        <extensions>
          <ns3:TrackPointExtension>
            <ns3:atemp>27.0</ns3:atemp>
            <ns3:hr>146</ns3:hr>
          </ns3:TrackPointExtension>
        </extensions>
      </trkpt>
      <trkpt lat="59.9909964390099048614501953125" lon="30.3752307035028934478759765625">
        <ele>27.200000762939453125</ele>
        <time>2025-09-10T14:52:10.000Z</time>
        <extensions>
          <ns3:TrackPointExtension>
            <ns3:atemp>27.0</ns3:atemp>
            <ns3:hr>149</ns3:hr>
          </ns3:TrackPointExtension>
        </extensions>
      </trkpt>
      <trkpt lat="59.9911781586706638336181640625" lon="30.37542088888585567474365234375">
        <ele>27.3999996185302734375</ele>
        <time>2025-09-10T14:52:16.000Z</time>
        <extensions>
          <ns3:TrackPointExtension>
            <ns3:atemp>27.0</ns3:atemp>
            <ns3:hr>151</ns3:hr>
          </ns3:TrackPointExtension>
        </extensions>
      </trkpt>
      <trkpt lat="59.9912066571414470672607421875" lon="30.37544653750956058502197265625">
        <ele>27.3999996185302734375</ele>
        <time>2025-09-10T14:52:17.000Z</time>
        <extensions>
          <ns3:TrackPointExtension>
            <ns3:atemp>27.0</ns3:atemp>
            <ns3:hr>152</ns3:hr>
          </ns3:TrackPointExtension>
        </extensions>
      </trkpt>
      <trkpt lat="59.9915516562759876251220703125" lon="30.37577929906547069549560546875">
        <ele>28</ele>
        <time>2025-09-10T14:52:29.000Z</time>
        <extensions>
          <ns3:TrackPointExtension>
            <ns3:atemp>27.0</ns3:atemp>
            <ns3:hr>150</ns3:hr>
          </ns3:TrackPointExtension>
        </extensions>
      </trkpt>
      <trkpt lat="59.99170077033340930938720703125" lon="30.37596839480102062225341796875">
        <ele>28.3999996185302734375</ele>
        <time>2025-09-10T14:52:35.000Z</time>
        <extensions>
          <ns3:TrackPointExtension>
            <ns3:atemp>27.0</ns3:atemp>
            <ns3:hr>148</ns3:hr>
          </ns3:TrackPointExtension>
        </extensions>
      </trkpt>
      <trkpt lat="59.99178417026996612548828125" lon="30.3760504536330699920654296875">
        <ele>28.3999996185302734375</ele>
        <time>2025-09-10T14:52:38.000Z</time>
        <extensions>
          <ns3:TrackPointExtension>
            <ns3:atemp>27.0</ns3:atemp>
            <ns3:hr>147</ns3:hr>
          </ns3:TrackPointExtension>
        </extensions>
      </trkpt>
      <trkpt lat="59.99201341532170772552490234375" lon="30.37626712583005428314208984375">
        <ele>28.3999996185302734375</ele>
        <time>2025-09-10T14:52:46.000Z</time>
        <extensions>
          <ns3:TrackPointExtension>
            <ns3:atemp>27.0</ns3:atemp>
            <ns3:hr>145</ns3:hr>
          </ns3:TrackPointExtension>
        </extensions>
      </trkpt>
      <trkpt lat="59.99224006198346614837646484375" lon="30.3764973767101764678955078125">
        <ele>28.3999996185302734375</ele>
        <time>2025-09-10T14:52:54.000Z</time>
        <extensions>
          <ns3:TrackPointExtension>
            <ns3:atemp>27.0</ns3:atemp>
            <ns3:hr>143</ns3:hr>
          </ns3:TrackPointExtension>
        </extensions>
      </trkpt>
      <trkpt lat="59.99229513108730316162109375" lon="30.37655143998563289642333984375">
        <ele>28.3999996185302734375</ele>
        <time>2025-09-10T14:52:56.000Z</time>
        <extensions>
          <ns3:TrackPointExtension>
            <ns3:atemp>27.0</ns3:atemp>
            <ns3:hr>140</ns3:hr>
          </ns3:TrackPointExtension>
        </extensions>
      </trkpt>
      <trkpt lat="59.9924418143928050994873046875" lon="30.37669678218662738800048828125">
        <ele>28.200000762939453125</ele>
        <time>2025-09-10T14:53:01.000Z</time>
        <extensions>
          <ns3:TrackPointExtension>
            <ns3:atemp>27.0</ns3:atemp>
            <ns3:hr>137</ns3:hr>
          </ns3:TrackPointExtension>
        </extensions>
      </trkpt>
      <trkpt lat="59.99253259040415287017822265625" lon="30.3767837025225162506103515625">
        <ele>28.200000762939453125</ele>
        <time>2025-09-10T14:53:04.000Z</time>
        <extensions>
          <ns3:TrackPointExtension>
            <ns3:atemp>27.0</ns3:atemp>
            <ns3:hr>136</ns3:hr>
          </ns3:TrackPointExtension>
        </extensions>
      </trkpt>
      <trkpt lat="59.9927992187440395355224609375" lon="30.37706851959228515625">
        <ele>28</ele>
        <time>2025-09-10T14:53:12.000Z</time>
        <extensions>
          <ns3:TrackPointExtension>
            <ns3:atemp>27.0</ns3:atemp>
            <ns3:hr>136</ns3:hr>
          </ns3:TrackPointExtension>
        </extensions>
      </trkpt>
      <trkpt lat="59.99303969554603099822998046875" lon="30.3773127682507038116455078125">
        <ele>27.3999996185302734375</ele>
        <time>2025-09-10T14:53:18.000Z</time>
        <extensions>
          <ns3:TrackPointExtension>
            <ns3:atemp>27.0</ns3:atemp>
            <ns3:hr>133</ns3:hr>
          </ns3:TrackPointExtension>
        </extensions>
      </trkpt>
      <trkpt lat="59.99308428727090358734130859375" lon="30.3773593716323375701904296875">
        <ele>27.3999996185302734375</ele>
        <time>2025-09-10T14:53:19.000Z</time>
        <extensions>
          <ns3:TrackPointExtension>
            <ns3:atemp>27.0</ns3:atemp>
            <ns3:hr>133</ns3:hr>
          </ns3:TrackPointExtension>
        </extensions>
      </trkpt>
      <trkpt lat="59.99313122592866420745849609375" lon="30.37740924395620822906494140625">
        <ele>27.200000762939453125</ele>
        <time>2025-09-10T14:53:20.000Z</time>
        <extensions>
          <ns3:TrackPointExtension>
            <ns3:atemp>27.0</ns3:atemp>
            <ns3:hr>132</ns3:hr>
          </ns3:TrackPointExtension>
        </extensions>
      </trkpt>
      <trkpt lat="59.993552751839160919189453125" lon="30.37783772684633731842041015625">
        <ele>26.3999996185302734375</ele>
        <time>2025-09-10T14:53:29.000Z</time>
        <extensions>
          <ns3:TrackPointExtension>
            <ns3:atemp>27.0</ns3:atemp>
            <ns3:hr>129</ns3:hr>
          </ns3:TrackPointExtension>
        </extensions>
      </trkpt>
      <trkpt lat="59.99373606406152248382568359375" lon="30.3780225478112697601318359375">
        <ele>25.799999237060546875</ele>
        <time>2025-09-10T14:53:33.000Z</time>
        <extensions>
          <ns3:TrackPointExtension>
            <ns3:atemp>27.0</ns3:atemp>
            <ns3:hr>128</ns3:hr>
          </ns3:TrackPointExtension>
        </extensions>
      </trkpt>
      <trkpt lat="59.99396472238004207611083984375" lon="30.378203094005584716796875">
        <ele>24.200000762939453125</ele>
        <time>2025-09-10T14:53:38.000Z</time>
        <extensions>
          <ns3:TrackPointExtension>
            <ns3:atemp>27.0</ns3:atemp>
            <ns3:hr>126</ns3:hr>
          </ns3:TrackPointExtension>
        </extensions>
      </trkpt>
      <trkpt lat="59.99400906264781951904296875" lon="30.37824139930307865142822265625">
        <ele>23.799999237060546875</ele>
        <time>2025-09-10T14:53:39.000Z</time>
        <extensions>
          <ns3:TrackPointExtension>
            <ns3:atemp>27.0</ns3:atemp>
            <ns3:hr>126</ns3:hr>
          </ns3:TrackPointExtension>
        </extensions>
      </trkpt>
      <trkpt lat="59.99412666074931621551513671875" lon="30.378352291882038116455078125">
        <ele>23.200000762939453125</ele>
        <time>2025-09-10T14:53:43.000Z</time>
        <extensions>
          <ns3:TrackPointExtension>
            <ns3:atemp>27.0</ns3:atemp>
            <ns3:hr>125</ns3:hr>
          </ns3:TrackPointExtension>
        </extensions>
      </trkpt>
      <trkpt lat="59.9942194484174251556396484375" lon="30.378263108432292938232421875">
        <ele>23.799999237060546875</ele>
        <time>2025-09-10T14:53:47.000Z</time>
        <extensions>
          <ns3:TrackPointExtension>
            <ns3:atemp>27.0</ns3:atemp>
            <ns3:hr>124</ns3:hr>
          </ns3:TrackPointExtension>
        </extensions>
      </trkpt>
      <trkpt lat="59.9942851625382900238037109375" lon="30.37820586003363132476806640625">
        <ele>24</ele>
        <time>2025-09-10T14:53:50.000Z</time>
        <extensions>
          <ns3:TrackPointExtension>
            <ns3:atemp>27.0</ns3:atemp>
            <ns3:hr>121</ns3:hr>
          </ns3:TrackPointExtension>
        </extensions>
      </trkpt>
      <trkpt lat="59.99430284835398197174072265625" lon="30.37821625359356403350830078125">
        <ele>24.200000762939453125</ele>
        <time>2025-09-10T14:53:51.000Z</time>
        <extensions>
          <ns3:TrackPointExtension>
            <ns3:atemp>27.0</ns3:atemp>
            <ns3:hr>121</ns3:hr>
          </ns3:TrackPointExtension>
        </extensions>
      </trkpt>
      <trkpt lat="59.99440460465848445892333984375" lon="30.3783739171922206878662109375">
        <ele>24.6000003814697265625</ele>
        <time>2025-09-10T14:53:56.000Z</time>
        <extensions>
          <ns3:TrackPointExtension>
            <ns3:atemp>27.0</ns3:atemp>
            <ns3:hr>122</ns3:hr>
          </ns3:TrackPointExtension>
        </extensions>
      </trkpt>
      <trkpt lat="59.994491524994373321533203125" lon="30.37849537096917629241943359375">
        <ele>24.6000003814697265625</ele>
        <time>2025-09-10T14:54:00.000Z</time>
        <extensions>
          <ns3:TrackPointExtension>
            <ns3:atemp>27.0</ns3:atemp>
            <ns3:hr>125</ns3:hr>
          </ns3:TrackPointExtension>
        </extensions>
      </trkpt>
      <trkpt lat="59.994570314884185791015625" lon="30.3785358555614948272705078125">
        <ele>25</ele>
        <time>2025-09-10T14:54:02.000Z</time>
        <extensions>
          <ns3:TrackPointExtension>
            <ns3:atemp>27.0</ns3:atemp>
            <ns3:hr>125</ns3:hr>
          </ns3:TrackPointExtension>
        </extensions>
      </trkpt>
      <trkpt lat="59.99478514306247234344482421875" lon="30.37864976562559604644775390625">
        <ele>25</ele>
        <time>2025-09-10T14:54:08.000Z</time>
        <extensions>
          <ns3:TrackPointExtension>
            <ns3:atemp>26.0</ns3:atemp>
            <ns3:hr>128</ns3:hr>
          </ns3:TrackPointExtension>
        </extensions>
      </trkpt>
      <trkpt lat="59.99499737285077571868896484375" lon="30.37902317941188812255859375">
        <ele>25</ele>
        <time>2025-09-10T14:54:15.000Z</time>
        <extensions>
          <ns3:TrackPointExtension>
            <ns3:atemp>26.0</ns3:atemp>
            <ns3:hr>130</ns3:hr>
          </ns3:TrackPointExtension>
        </extensions>
      </trkpt>
      <trkpt lat="59.9951260350644588470458984375" lon="30.37911060266196727752685546875">
        <ele>25</ele>
        <time>2025-09-10T14:54:20.000Z</time>
        <extensions>
          <ns3:TrackPointExtension>
            <ns3:atemp>26.0</ns3:atemp>
            <ns3:hr>128</ns3:hr>
          </ns3:TrackPointExtension>
        </extensions>
      </trkpt>
      <trkpt lat="59.9952634982764720916748046875" lon="30.3792271949350833892822265625">
        <ele>25</ele>
        <time>2025-09-10T14:54:25.000Z</time>
        <extensions>
          <ns3:TrackPointExtension>
            <ns3:atemp>26.0</ns3:atemp>
            <ns3:hr>128</ns3:hr>
          </ns3:TrackPointExtension>
        </extensions>
      </trkpt>
      <trkpt lat="59.99538109637796878814697265625" lon="30.37935032509267330169677734375">
        <ele>25.200000762939453125</ele>
        <time>2025-09-10T14:54:28.000Z</time>
        <extensions>
          <ns3:TrackPointExtension>
            <ns3:atemp>26.0</ns3:atemp>
            <ns3:hr>128</ns3:hr>
          </ns3:TrackPointExtension>
        </extensions>
      </trkpt>
      <trkpt lat="59.99550967477262020111083984375" lon="30.37952215410768985748291015625">
        <ele>25.6000003814697265625</ele>
        <time>2025-09-10T14:54:31.000Z</time>
        <extensions>
          <ns3:TrackPointExtension>
            <ns3:atemp>26.0</ns3:atemp>
            <ns3:hr>130</ns3:hr>
          </ns3:TrackPointExtension>
        </extensions>
      </trkpt>
      <trkpt lat="59.9956955015659332275390625" lon="30.37965693511068820953369140625">
        <ele>26</ele>
        <time>2025-09-10T14:54:36.000Z</time>
        <extensions>
          <ns3:TrackPointExtension>
            <ns3:atemp>26.0</ns3:atemp>
            <ns3:hr>130</ns3:hr>
          </ns3:TrackPointExtension>
        </extensions>
      </trkpt>
      <trkpt lat="59.99583254568278789520263671875" lon="30.3797210566699504852294921875">
        <ele>26.200000762939453125</ele>
        <time>2025-09-10T14:54:40.000Z</time>
        <extensions>
          <ns3:TrackPointExtension>
            <ns3:atemp>26.0</ns3:atemp>
            <ns3:hr>134</ns3:hr>
          </ns3:TrackPointExtension>
        </extensions>
      </trkpt>
      <trkpt lat="59.99585769139230251312255859375" lon="30.37974377162754535675048828125">
        <ele>26.200000762939453125</ele>
        <time>2025-09-10T14:54:41.000Z</time>
        <extensions>
          <ns3:TrackPointExtension>
            <ns3:atemp>26.0</ns3:atemp>
            <ns3:hr>137</ns3:hr>
          </ns3:TrackPointExtension>
        </extensions>
      </trkpt>
      <trkpt lat="59.99587143771350383758544921875" lon="30.3798330388963222503662109375">
        <ele>26.200000762939453125</ele>
        <time>2025-09-10T14:54:42.000Z</time>
        <extensions>
          <ns3:TrackPointExtension>
            <ns3:atemp>26.0</ns3:atemp>
            <ns3:hr>139</ns3:hr>
          </ns3:TrackPointExtension>
        </extensions>
      </trkpt>
      <trkpt lat="59.99594452790915966033935546875" lon="30.3800202906131744384765625">
        <ele>27</ele>
        <time>2025-09-10T14:54:47.000Z</time>
        <extensions>
          <ns3:TrackPointExtension>
            <ns3:atemp>26.0</ns3:atemp>
            <ns3:hr>137</ns3:hr>
          </ns3:TrackPointExtension>
        </extensions>
      </trkpt>
      <trkpt lat="59.995966739952564239501953125" lon="30.3800345398485660552978515625">
        <ele>27.200000762939453125</ele>
        <time>2025-09-10T14:54:50.000Z</time>
        <extensions>
          <ns3:TrackPointExtension>
            <ns3:atemp>26.0</ns3:atemp>
            <ns3:hr>137</ns3:hr>
          </ns3:TrackPointExtension>
        </extensions>
      </trkpt>
      <trkpt lat="59.9959717690944671630859375" lon="30.38002171553671360015869140625">
        <ele>27</ele>
        <time>2025-09-10T14:54:52.000Z</time>
        <extensions>
          <ns3:TrackPointExtension>
            <ns3:atemp>26.0</ns3:atemp>
            <ns3:hr>135</ns3:hr>
          </ns3:TrackPointExtension>
        </extensions>
      </trkpt>
      <trkpt lat="59.99597989954054355621337890625" lon="30.37999212741851806640625">
        <ele>27</ele>
        <time>2025-09-10T14:54:56.000Z</time>
        <extensions>
          <ns3:TrackPointExtension>
            <ns3:atemp>26.0</ns3:atemp>
            <ns3:hr>134</ns3:hr>
          </ns3:TrackPointExtension>
        </extensions>
      </trkpt>
      <trkpt lat="59.9960188753902912139892578125" lon="30.3800016827881336212158203125">
        <ele>27.200000762939453125</ele>
        <time>2025-09-10T14:54:59.000Z</time>
        <extensions>
          <ns3:TrackPointExtension>
            <ns3:atemp>26.0</ns3:atemp>
            <ns3:hr>133</ns3:hr>
          </ns3:TrackPointExtension>
        </extensions>
      </trkpt>
      <trkpt lat="59.996039159595966339111328125" lon="30.38001383654773235321044921875">
        <ele>27.200000762939453125</ele>
        <time>2025-09-10T14:55:00.000Z</time>
        <extensions>
          <ns3:TrackPointExtension>
            <ns3:atemp>26.0</ns3:atemp>
            <ns3:hr>137</ns3:hr>
          </ns3:TrackPointExtension>
        </extensions>
      </trkpt>
      <trkpt lat="59.996106214821338653564453125" lon="30.38006379269063472747802734375">
        <ele>27.6000003814697265625</ele>
        <time>2025-09-10T14:55:03.000Z</time>
        <extensions>
          <ns3:TrackPointExtension>
            <ns3:atemp>26.0</ns3:atemp>
            <ns3:hr>134</ns3:hr>
          </ns3:TrackPointExtension>
        </extensions>
      </trkpt>
      <trkpt lat="59.9961563386023044586181640625" lon="30.38011022843420505523681640625">
        <ele>27.6000003814697265625</ele>
        <time>2025-09-10T14:55:05.000Z</time>
        <extensions>
          <ns3:TrackPointExtension>
            <ns3:atemp>26.0</ns3:atemp>
            <ns3:hr>133</ns3:hr>
          </ns3:TrackPointExtension>
        </extensions>
      </trkpt>
      <trkpt lat="59.9962743557989597320556640625" lon="30.38019337691366672515869140625">
        <ele>27.6000003814697265625</ele>
        <time>2025-09-10T14:55:08.000Z</time>
        <extensions>
          <ns3:TrackPointExtension>
            <ns3:atemp>26.0</ns3:atemp>
            <ns3:hr>130</ns3:hr>
          </ns3:TrackPointExtension>
        </extensions>
      </trkpt>
      <trkpt lat="59.99638642184436321258544921875" lon="30.38025825284421443939208984375">
        <ele>28</ele>
        <time>2025-09-10T14:55:12.000Z</time>
        <extensions>
          <ns3:TrackPointExtension>
            <ns3:atemp>26.0</ns3:atemp>
            <ns3:hr>129</ns3:hr>
          </ns3:TrackPointExtension>
        </extensions>
      </trkpt>
      <trkpt lat="59.99645582400262355804443359375" lon="30.38029982708394527435302734375">
        <ele>28.3999996185302734375</ele>
        <time>2025-09-10T14:55:14.000Z</time>
        <extensions>
          <ns3:TrackPointExtension>
            <ns3:atemp>26.0</ns3:atemp>
            <ns3:hr>130</ns3:hr>
          </ns3:TrackPointExtension>
        </extensions>
      </trkpt>
      <trkpt lat="59.99665279872715473175048828125" lon="30.3805106319487094879150390625">
        <ele>28.200000762939453125</ele>
        <time>2025-09-10T14:55:20.000Z</time>
        <extensions>
          <ns3:TrackPointExtension>
            <ns3:atemp>26.0</ns3:atemp>
            <ns3:hr>132</ns3:hr>
          </ns3:TrackPointExtension>
        </extensions>
      </trkpt>
      <trkpt lat="59.9968614242970943450927734375" lon="30.38068187423050403594970703125">
        <ele>28.6000003814697265625</ele>
        <time>2025-09-10T14:55:27.000Z</time>
        <extensions>
          <ns3:TrackPointExtension>
            <ns3:atemp>26.0</ns3:atemp>
            <ns3:hr>130</ns3:hr>
          </ns3:TrackPointExtension>
        </extensions>
      </trkpt>
      <trkpt lat="59.997102655470371246337890625" lon="30.38095428608357906341552734375">
        <ele>29.200000762939453125</ele>
        <time>2025-09-10T14:55:35.000Z</time>
        <extensions>
          <ns3:TrackPointExtension>
            <ns3:atemp>26.0</ns3:atemp>
            <ns3:hr>131</ns3:hr>
          </ns3:TrackPointExtension>
        </extensions>
      </trkpt>
      <trkpt lat="59.99723316170275211334228515625" lon="30.38109711371362209320068359375">
        <ele>29.3999996185302734375</ele>
        <time>2025-09-10T14:55:40.000Z</time>
        <extensions>
          <ns3:TrackPointExtension>
            <ns3:atemp>26.0</ns3:atemp>
            <ns3:hr>131</ns3:hr>
          </ns3:TrackPointExtension>
        </extensions>
      </trkpt>
      <trkpt lat="59.99731496907770633697509765625" lon="30.381165258586406707763671875">
        <ele>29.6000003814697265625</ele>
        <time>2025-09-10T14:55:43.000Z</time>
        <extensions>
          <ns3:TrackPointExtension>
            <ns3:atemp>26.0</ns3:atemp>
            <ns3:hr>130</ns3:hr>
          </ns3:TrackPointExtension>
        </extensions>
      </trkpt>
      <trkpt lat="59.99739644117653369903564453125" lon="30.38123960606753826141357421875">
        <ele>29.799999237060546875</ele>
        <time>2025-09-10T14:55:46.000Z</time>
        <extensions>
          <ns3:TrackPointExtension>
            <ns3:atemp>26.0</ns3:atemp>
            <ns3:hr>127</ns3:hr>
          </ns3:TrackPointExtension>
        </extensions>
      </trkpt>
      <trkpt lat="59.9975118599832057952880859375" lon="30.38133365102112293243408203125">
        <ele>29.799999237060546875</ele>
        <time>2025-09-10T14:55:50.000Z</time>
        <extensions>
          <ns3:TrackPointExtension>
            <ns3:atemp>26.0</ns3:atemp>
            <ns3:hr>127</ns3:hr>
          </ns3:TrackPointExtension>
        </extensions>
      </trkpt>
      <trkpt lat="59.99776457436382770538330078125" lon="30.38149575702846050262451171875">
        <ele>29.799999237060546875</ele>
        <time>2025-09-10T14:55:58.000Z</time>
        <extensions>
          <ns3:TrackPointExtension>
            <ns3:atemp>26.0</ns3:atemp>
            <ns3:hr>125</ns3:hr>
          </ns3:TrackPointExtension>
        </extensions>
      </trkpt>
      <trkpt lat="59.99793858267366886138916015625" lon="30.38145619444549083709716796875">
        <ele>29.799999237060546875</ele>
        <time>2025-09-10T14:56:03.000Z</time>
        <extensions>
          <ns3:TrackPointExtension>
            <ns3:atemp>26.0</ns3:atemp>
            <ns3:hr>123</ns3:hr>
          </ns3:TrackPointExtension>
        </extensions>
      </trkpt>
      <trkpt lat="59.99812248162925243377685546875" lon="30.38156448863446712493896484375">
        <ele>30</ele>
        <time>2025-09-10T14:56:09.000Z</time>
        <extensions>
          <ns3:TrackPointExtension>
            <ns3:atemp>26.0</ns3:atemp>
            <ns3:hr>124</ns3:hr>
          </ns3:TrackPointExtension>
        </extensions>
      </trkpt>
      <trkpt lat="59.99820563010871410369873046875" lon="30.38185014389455318450927734375">
        <ele>30</ele>
        <time>2025-09-10T14:56:14.000Z</time>
        <extensions>
          <ns3:TrackPointExtension>
            <ns3:atemp>26.0</ns3:atemp>
            <ns3:hr>124</ns3:hr>
          </ns3:TrackPointExtension>
        </extensions>
      </trkpt>
      <trkpt lat="59.998366646468639373779296875" lon="30.38215675391256809234619140625">
        <ele>29.799999237060546875</ele>
        <time>2025-09-10T14:56:22.000Z</time>
        <extensions>
          <ns3:TrackPointExtension>
            <ns3:atemp>26.0</ns3:atemp>
            <ns3:hr>126</ns3:hr>
          </ns3:TrackPointExtension>
        </extensions>
      </trkpt>
      <trkpt lat="59.9985190294682979583740234375" lon="30.38244031369686126708984375">
        <ele>29</ele>
        <time>2025-09-10T14:56:30.000Z</time>
        <extensions>
          <ns3:TrackPointExtension>
            <ns3:atemp>26.0</ns3:atemp>
            <ns3:hr>124</ns3:hr>
          </ns3:TrackPointExtension>
        </extensions>
      </trkpt>
      <trkpt lat="59.99856479465961456298828125" lon="30.38253410719335079193115234375">
        <ele>29.200000762939453125</ele>
        <time>2025-09-10T14:56:33.000Z</time>
        <extensions>
          <ns3:TrackPointExtension>
            <ns3:atemp>26.0</ns3:atemp>
            <ns3:hr>127</ns3:hr>
          </ns3:TrackPointExtension>
        </extensions>
      </trkpt>
      <trkpt lat="59.99858491122722625732421875" lon="30.3826248832046985626220703125">
        <ele>29.200000762939453125</ele>
        <time>2025-09-10T14:56:35.000Z</time>
        <extensions>
          <ns3:TrackPointExtension>
            <ns3:atemp>26.0</ns3:atemp>
            <ns3:hr>125</ns3:hr>
          </ns3:TrackPointExtension>
        </extensions>
      </trkpt>
      <trkpt lat="59.99860326759517192840576171875" lon="30.38272756151854991912841796875">
        <ele>29.200000762939453125</ele>
        <time>2025-09-10T14:56:37.000Z</time>
        <extensions>
          <ns3:TrackPointExtension>
            <ns3:atemp>26.0</ns3:atemp>
            <ns3:hr>122</ns3:hr>
          </ns3:TrackPointExtension>
        </extensions>
      </trkpt>
      <trkpt lat="59.99864098615944385528564453125" lon="30.38281221874058246612548828125">
        <ele>29.200000762939453125</ele>
        <time>2025-09-10T14:56:39.000Z</time>
        <extensions>
          <ns3:TrackPointExtension>
            <ns3:atemp>26.0</ns3:atemp>
            <ns3:hr>121</ns3:hr>
          </ns3:TrackPointExtension>
        </extensions>
      </trkpt>
      <trkpt lat="59.99877861700952053070068359375" lon="30.3831026516854763031005859375">
        <ele>29.200000762939453125</ele>
        <time>2025-09-10T14:56:45.000Z</time>
        <extensions>
          <ns3:TrackPointExtension>
            <ns3:atemp>26.0</ns3:atemp>
            <ns3:hr>119</ns3:hr>
          </ns3:TrackPointExtension>
        </extensions>
      </trkpt>
      <trkpt lat="59.998998977243900299072265625" lon="30.38325964473187923431396484375">
        <ele>29.200000762939453125</ele>
        <time>2025-09-10T14:56:52.000Z</time>
        <extensions>
          <ns3:TrackPointExtension>
            <ns3:atemp>26.0</ns3:atemp>
            <ns3:hr>120</ns3:hr>
          </ns3:TrackPointExtension>
        </extensions>
      </trkpt>
      <trkpt lat="59.9992713890969753265380859375" lon="30.38344220258295536041259765625">
        <ele>29.6000003814697265625</ele>
        <time>2025-09-10T14:57:00.000Z</time>
        <extensions>
          <ns3:TrackPointExtension>
            <ns3:atemp>26.0</ns3:atemp>
            <ns3:hr>121</ns3:hr>
          </ns3:TrackPointExtension>
        </extensions>
      </trkpt>
      <trkpt lat="59.99928899109363555908203125" lon="30.38348830305039882659912109375">
        <ele>29.6000003814697265625</ele>
        <time>2025-09-10T14:57:01.000Z</time>
        <extensions>
          <ns3:TrackPointExtension>
            <ns3:atemp>26.0</ns3:atemp>
            <ns3:hr>121</ns3:hr>
          </ns3:TrackPointExtension>
        </extensions>
      </trkpt>
      <trkpt lat="59.99932964332401752471923828125" lon="30.38358335383236408233642578125">
        <ele>29.6000003814697265625</ele>
        <time>2025-09-10T14:57:03.000Z</time>
        <extensions>
          <ns3:TrackPointExtension>
            <ns3:atemp>26.0</ns3:atemp>
            <ns3:hr>120</ns3:hr>
          </ns3:TrackPointExtension>
        </extensions>
      </trkpt>
      <trkpt lat="59.9993324093520641326904296875" lon="30.38366608321666717529296875">
        <ele>29.200000762939453125</ele>
        <time>2025-09-10T14:57:07.000Z</time>
        <extensions>
          <ns3:TrackPointExtension>
            <ns3:atemp>26.0</ns3:atemp>
            <ns3:hr>119</ns3:hr>
          </ns3:TrackPointExtension>
        </extensions>
      </trkpt>
      <trkpt lat="59.999269209802150726318359375" lon="30.383935309946537017822265625">
        <ele>29.200000762939453125</ele>
        <time>2025-09-10T14:57:12.000Z</time>
        <extensions>
          <ns3:TrackPointExtension>
            <ns3:atemp>26.0</ns3:atemp>
            <ns3:hr>122</ns3:hr>
          </ns3:TrackPointExtension>
        </extensions>
      </trkpt>
      <trkpt lat="59.99925001524388790130615234375" lon="30.3840122558176517486572265625">
        <ele>29.200000762939453125</ele>
        <time>2025-09-10T14:57:13.000Z</time>
        <extensions>
          <ns3:TrackPointExtension>
            <ns3:atemp>26.0</ns3:atemp>
            <ns3:hr>122</ns3:hr>
          </ns3:TrackPointExtension>
        </extensions>
      </trkpt>
      <trkpt lat="59.99918966554105281829833984375" lon="30.3843099810183048248291015625">
        <ele>29.3999996185302734375</ele>
        <time>2025-09-10T14:57:18.000Z</time>
        <extensions>
          <ns3:TrackPointExtension>
            <ns3:atemp>26.0</ns3:atemp>
            <ns3:hr>122</ns3:hr>
          </ns3:TrackPointExtension>
        </extensions>
      </trkpt>
      <trkpt lat="59.999249763786792755126953125" lon="30.38442154414951801300048828125">
        <ele>29.3999996185302734375</ele>
        <time>2025-09-10T14:57:22.000Z</time>
        <extensions>
          <ns3:TrackPointExtension>
            <ns3:atemp>26.0</ns3:atemp>
            <ns3:hr>122</ns3:hr>
          </ns3:TrackPointExtension>
        </extensions>
      </trkpt>
      <trkpt lat="59.9994460679590702056884765625" lon="30.38455833680927753448486328125">
        <ele>29.3999996185302734375</ele>
        <time>2025-09-10T14:57:28.000Z</time>
        <extensions>
          <ns3:TrackPointExtension>
            <ns3:atemp>26.0</ns3:atemp>
            <ns3:hr>122</ns3:hr>
          </ns3:TrackPointExtension>
        </extensions>
      </trkpt>
      <trkpt lat="59.9996103532612323760986328125" lon="30.384731590747833251953125">
        <ele>29.3999996185302734375</ele>
        <time>2025-09-10T14:57:34.000Z</time>
        <extensions>
          <ns3:TrackPointExtension>
            <ns3:atemp>26.0</ns3:atemp>
            <ns3:hr>125</ns3:hr>
          </ns3:TrackPointExtension>
        </extensions>
      </trkpt>
      <trkpt lat="59.99964094720780849456787109375" lon="30.38483980111777782440185546875">
        <ele>29.3999996185302734375</ele>
        <time>2025-09-10T14:57:36.000Z</time>
        <extensions>
          <ns3:TrackPointExtension>
            <ns3:atemp>26.0</ns3:atemp>
            <ns3:hr>125</ns3:hr>
          </ns3:TrackPointExtension>
        </extensions>
      </trkpt>
      <trkpt lat="59.99970800243318080902099609375" lon="30.38501028902828693389892578125">
        <ele>29.3999996185302734375</ele>
        <time>2025-09-10T14:57:40.000Z</time>
        <extensions>
          <ns3:TrackPointExtension>
            <ns3:atemp>26.0</ns3:atemp>
            <ns3:hr>122</ns3:hr>
          </ns3:TrackPointExtension>
        </extensions>
      </trkpt>
      <trkpt lat="59.99985032714903354644775390625" lon="30.385121516883373260498046875">
        <ele>29.3999996185302734375</ele>
        <time>2025-09-10T14:57:45.000Z</time>
        <extensions>
          <ns3:TrackPointExtension>
            <ns3:atemp>26.0</ns3:atemp>
            <ns3:hr>119</ns3:hr>
          </ns3:TrackPointExtension>
        </extensions>
      </trkpt>
      <trkpt lat="59.99993917532265186309814453125" lon="30.38521313108503818511962890625">
        <ele>29.200000762939453125</ele>
        <time>2025-09-10T14:57:50.000Z</time>
        <extensions>
          <ns3:TrackPointExtension>
            <ns3:atemp>26.0</ns3:atemp>
            <ns3:hr>120</ns3:hr>
          </ns3:TrackPointExtension>
        </extensions>
      </trkpt>
      <trkpt lat="60.0000572763383388519287109375" lon="30.38535260595381259918212890625">
        <ele>29.200000762939453125</ele>
        <time>2025-09-10T14:57:55.000Z</time>
        <extensions>
          <ns3:TrackPointExtension>
            <ns3:atemp>26.0</ns3:atemp>
            <ns3:hr>120</ns3:hr>
          </ns3:TrackPointExtension>
        </extensions>
      </trkpt>
      <trkpt lat="60.00024109147489070892333984375" lon="30.38554958067834377288818359375">
        <ele>29.200000762939453125</ele>
        <time>2025-09-10T14:58:01.000Z</time>
        <extensions>
          <ns3:TrackPointExtension>
            <ns3:atemp>26.0</ns3:atemp>
            <ns3:hr>118</ns3:hr>
          </ns3:TrackPointExtension>
        </extensions>
      </trkpt>
      <trkpt lat="60.00047452747821807861328125" lon="30.38576968945562839508056640625">
        <ele>29.200000762939453125</ele>
        <time>2025-09-10T14:58:08.000Z</time>
        <extensions>
          <ns3:TrackPointExtension>
            <ns3:atemp>26.0</ns3:atemp>
            <ns3:hr>120</ns3:hr>
          </ns3:TrackPointExtension>
        </extensions>
      </trkpt>
      <trkpt lat="60.00068499706685543060302734375" lon="30.385949648916721343994140625">
        <ele>29.200000762939453125</ele>
        <time>2025-09-10T14:58:14.000Z</time>
        <extensions>
          <ns3:TrackPointExtension>
            <ns3:atemp>26.0</ns3:atemp>
            <ns3:hr>119</ns3:hr>
          </ns3:TrackPointExtension>
        </extensions>
      </trkpt>
      <trkpt lat="60.00087308697402477264404296875" lon="30.38614452816545963287353515625">
        <ele>29.200000762939453125</ele>
        <time>2025-09-10T14:58:20.000Z</time>
        <extensions>
          <ns3:TrackPointExtension>
            <ns3:atemp>26.0</ns3:atemp>
            <ns3:hr>118</ns3:hr>
          </ns3:TrackPointExtension>
        </extensions>
      </trkpt>
      <trkpt lat="60.0010999850928783416748046875" lon="30.38626556284725666046142578125">
        <ele>29.3999996185302734375</ele>
        <time>2025-09-10T14:58:27.000Z</time>
        <extensions>
          <ns3:TrackPointExtension>
            <ns3:atemp>26.0</ns3:atemp>
            <ns3:hr>121</ns3:hr>
          </ns3:TrackPointExtension>
        </extensions>
      </trkpt>
      <trkpt lat="60.0011271424591541290283203125" lon="30.3862901218235492706298828125">
        <ele>29.3999996185302734375</ele>
        <time>2025-09-10T14:58:28.000Z</time>
        <extensions>
          <ns3:TrackPointExtension>
            <ns3:atemp>26.0</ns3:atemp>
            <ns3:hr>121</ns3:hr>
          </ns3:TrackPointExtension>
        </extensions>
      </trkpt>
      <trkpt lat="60.001315735280513763427734375" lon="30.3864108212292194366455078125">
        <ele>29</ele>
        <time>2025-09-10T14:58:35.000Z</time>
        <extensions>
          <ns3:TrackPointExtension>
            <ns3:atemp>26.0</ns3:atemp>
            <ns3:hr>121</ns3:hr>
          </ns3:TrackPointExtension>
        </extensions>
      </trkpt>
      <trkpt lat="60.001452527940273284912109375" lon="30.3865023516118526458740234375">
        <ele>28.799999237060546875</ele>
        <time>2025-09-10T14:58:41.000Z</time>
        <extensions>
          <ns3:TrackPointExtension>
            <ns3:atemp>26.0</ns3:atemp>
            <ns3:hr>118</ns3:hr>
          </ns3:TrackPointExtension>
        </extensions>
      </trkpt>
      <trkpt lat="60.0014837086200714111328125" lon="30.38653076626360416412353515625">
        <ele>28.6000003814697265625</ele>
        <time>2025-09-10T14:58:43.000Z</time>
        <extensions>
          <ns3:TrackPointExtension>
            <ns3:atemp>26.0</ns3:atemp>
            <ns3:hr>117</ns3:hr>
          </ns3:TrackPointExtension>
        </extensions>
      </trkpt>
      <trkpt lat="60.0015174038708209991455078125" lon="30.3865174390375614166259765625">
        <ele>28.3999996185302734375</ele>
        <time>2025-09-10T14:58:47.000Z</time>
        <extensions>
          <ns3:TrackPointExtension>
            <ns3:atemp>26.0</ns3:atemp>
            <ns3:hr>114</ns3:hr>
          </ns3:TrackPointExtension>
        </extensions>
      </trkpt>
      <trkpt lat="60.00151648186147212982177734375" lon="30.3865031898021697998046875">
        <ele>28.200000762939453125</ele>
        <time>2025-09-10T14:58:48.000Z</time>
        <extensions>
          <ns3:TrackPointExtension>
            <ns3:atemp>26.0</ns3:atemp>
            <ns3:hr>113</ns3:hr>
          </ns3:TrackPointExtension>
        </extensions>
      </trkpt>
      <trkpt lat="60.00151497311890125274658203125" lon="30.38649891503155231475830078125">
        <ele>28.200000762939453125</ele>
        <time>2025-09-10T14:58:49.000Z</time>
        <extensions>
          <ns3:TrackPointExtension>
            <ns3:atemp>26.0</ns3:atemp>
            <ns3:hr>113</ns3:hr>
          </ns3:TrackPointExtension>
        </extensions>
      </trkpt>
      <trkpt lat="60.0015106983482837677001953125" lon="30.38651266135275363922119140625">
        <ele>28</ele>
        <time>2025-09-10T14:58:55.000Z</time>
        <extensions>
          <ns3:TrackPointExtension>
            <ns3:atemp>26.0</ns3:atemp>
            <ns3:hr>116</ns3:hr>
          </ns3:TrackPointExtension>
        </extensions>
      </trkpt>
      <trkpt lat="60.00150659121572971343994140625" lon="30.38651567883789539337158203125">
        <ele>28</ele>
        <time>2025-09-10T14:58:57.000Z</time>
        <extensions>
          <ns3:TrackPointExtension>
            <ns3:atemp>26.0</ns3:atemp>
            <ns3:hr>117</ns3:hr>
          </ns3:TrackPointExtension>
        </extensions>
      </trkpt>
      <trkpt lat="60.0015117041766643524169921875" lon="30.38653847761452198028564453125">
        <ele>28</ele>
        <time>2025-09-10T14:59:00.000Z</time>
        <extensions>
          <ns3:TrackPointExtension>
            <ns3:atemp>26.0</ns3:atemp>
            <ns3:hr>118</ns3:hr>
          </ns3:TrackPointExtension>
        </extensions>
      </trkpt>
      <trkpt lat="60.001546405255794525146484375" lon="30.3865754418075084686279296875">
        <ele>28</ele>
        <time>2025-09-10T14:59:02.000Z</time>
        <extensions>
          <ns3:TrackPointExtension>
            <ns3:atemp>26.0</ns3:atemp>
            <ns3:hr>119</ns3:hr>
          </ns3:TrackPointExtension>
        </extensions>
      </trkpt>
      <trkpt lat="60.00165914185345172882080078125" lon="30.3867947123944759368896484375">
        <ele>28.200000762939453125</ele>
        <time>2025-09-10T14:59:07.000Z</time>
        <extensions>
          <ns3:TrackPointExtension>
            <ns3:atemp>26.0</ns3:atemp>
            <ns3:hr>119</ns3:hr>
          </ns3:TrackPointExtension>
        </extensions>
      </trkpt>
      <trkpt lat="60.001733489334583282470703125" lon="30.38700635544955730438232421875">
        <ele>28.200000762939453125</ele>
        <time>2025-09-10T14:59:10.000Z</time>
        <extensions>
          <ns3:TrackPointExtension>
            <ns3:atemp>26.0</ns3:atemp>
            <ns3:hr>116</ns3:hr>
          </ns3:TrackPointExtension>
        </extensions>
      </trkpt>
      <trkpt lat="60.00178285874426364898681640625" lon="30.387126468122005462646484375">
        <ele>28.200000762939453125</ele>
        <time>2025-09-10T14:59:12.000Z</time>
        <extensions>
          <ns3:TrackPointExtension>
            <ns3:atemp>26.0</ns3:atemp>
            <ns3:hr>114</ns3:hr>
          </ns3:TrackPointExtension>
        </extensions>
      </trkpt>
      <trkpt lat="60.0018677674233913421630859375" lon="30.38725714199244976043701171875">
        <ele>28.200000762939453125</ele>
        <time>2025-09-10T14:59:15.000Z</time>
        <extensions>
          <ns3:TrackPointExtension>
            <ns3:atemp>26.0</ns3:atemp>
            <ns3:hr>119</ns3:hr>
          </ns3:TrackPointExtension>
        </extensions>
      </trkpt>
      <trkpt lat="60.00196189619600772857666015625" lon="30.38734850473701953887939453125">
        <ele>28</ele>
        <time>2025-09-10T14:59:18.000Z</time>
        <extensions>
          <ns3:TrackPointExtension>
            <ns3:atemp>26.0</ns3:atemp>
            <ns3:hr>118</ns3:hr>
          </ns3:TrackPointExtension>
        </extensions>
      </trkpt>
      <trkpt lat="60.00219088979065418243408203125" lon="30.387589819729328155517578125">
        <ele>27.799999237060546875</ele>
        <time>2025-09-10T14:59:25.000Z</time>
        <extensions>
          <ns3:TrackPointExtension>
            <ns3:atemp>26.0</ns3:atemp>
            <ns3:hr>116</ns3:hr>
          </ns3:TrackPointExtension>
        </extensions>
      </trkpt>
      <trkpt lat="60.00236053951084613800048828125" lon="30.38780481554567813873291015625">
        <ele>27.799999237060546875</ele>
        <time>2025-09-10T14:59:30.000Z</time>
        <extensions>
          <ns3:TrackPointExtension>
            <ns3:atemp>26.0</ns3:atemp>
            <ns3:hr>117</ns3:hr>
          </ns3:TrackPointExtension>
        </extensions>
      </trkpt>
      <trkpt lat="60.00243044458329677581787109375" lon="30.38791361264884471893310546875">
        <ele>27.799999237060546875</ele>
        <time>2025-09-10T14:59:32.000Z</time>
        <extensions>
          <ns3:TrackPointExtension>
            <ns3:atemp>26.0</ns3:atemp>
            <ns3:hr>117</ns3:hr>
          </ns3:TrackPointExtension>
        </extensions>
      </trkpt>
      <trkpt lat="60.0027140043675899505615234375" lon="30.3882263414561748504638671875">
        <ele>27.3999996185302734375</ele>
        <time>2025-09-10T14:59:40.000Z</time>
        <extensions>
          <ns3:TrackPointExtension>
            <ns3:atemp>26.0</ns3:atemp>
            <ns3:hr>116</ns3:hr>
          </ns3:TrackPointExtension>
        </extensions>
      </trkpt>
      <trkpt lat="60.00295297242701053619384765625" lon="30.38841300643980503082275390625">
        <ele>27.200000762939453125</ele>
        <time>2025-09-10T14:59:47.000Z</time>
        <extensions>
          <ns3:TrackPointExtension>
            <ns3:atemp>26.0</ns3:atemp>
            <ns3:hr>115</ns3:hr>
          </ns3:TrackPointExtension>
        </extensions>
      </trkpt>
      <trkpt lat="60.00310887582600116729736328125" lon="30.38850755430757999420166015625">
        <ele>27.200000762939453125</ele>
        <time>2025-09-10T14:59:52.000Z</time>
        <extensions>
          <ns3:TrackPointExtension>
            <ns3:atemp>26.0</ns3:atemp>
            <ns3:hr>116</ns3:hr>
          </ns3:TrackPointExtension>
        </extensions>
      </trkpt>
      <trkpt lat="60.00333066098392009735107421875" lon="30.38871668279170989990234375">
        <ele>27</ele>
        <time>2025-09-10T14:59:59.000Z</time>
        <extensions>
          <ns3:TrackPointExtension>
            <ns3:atemp>26.0</ns3:atemp>
            <ns3:hr>116</ns3:hr>
          </ns3:TrackPointExtension>
        </extensions>
      </trkpt>
      <trkpt lat="60.00362402759492397308349609375" lon="30.3889438323676586151123046875">
        <ele>27</ele>
        <time>2025-09-10T15:00:07.000Z</time>
        <extensions>
          <ns3:TrackPointExtension>
            <ns3:atemp>26.0</ns3:atemp>
            <ns3:hr>117</ns3:hr>
          </ns3:TrackPointExtension>
        </extensions>
      </trkpt>
      <trkpt lat="60.00382653437554836273193359375" lon="30.3890578262507915496826171875">
        <ele>26.6000003814697265625</ele>
        <time>2025-09-10T15:00:12.000Z</time>
        <extensions>
          <ns3:TrackPointExtension>
            <ns3:atemp>26.0</ns3:atemp>
            <ns3:hr>115</ns3:hr>
          </ns3:TrackPointExtension>
        </extensions>
      </trkpt>
      <trkpt lat="60.0040732137858867645263671875" lon="30.3892891667783260345458984375">
        <ele>26.200000762939453125</ele>
        <time>2025-09-10T15:00:18.000Z</time>
        <extensions>
          <ns3:TrackPointExtension>
            <ns3:atemp>26.0</ns3:atemp>
            <ns3:hr>116</ns3:hr>
          </ns3:TrackPointExtension>
        </extensions>
      </trkpt>
      <trkpt lat="60.00418611802160739898681640625" lon="30.38940961472690105438232421875">
        <ele>26</ele>
        <time>2025-09-10T15:00:21.000Z</time>
        <extensions>
          <ns3:TrackPointExtension>
            <ns3:atemp>26.0</ns3:atemp>
            <ns3:hr>116</ns3:hr>
          </ns3:TrackPointExtension>
        </extensions>
      </trkpt>
      <trkpt lat="60.00425837002694606781005859375" lon="30.38948890753090381622314453125">
        <ele>25.799999237060546875</ele>
        <time>2025-09-10T15:00:23.000Z</time>
        <extensions>
          <ns3:TrackPointExtension>
            <ns3:atemp>26.0</ns3:atemp>
            <ns3:hr>116</ns3:hr>
          </ns3:TrackPointExtension>
        </extensions>
      </trkpt>
      <trkpt lat="60.00444780103862285614013671875" lon="30.38969007320702075958251953125">
        <ele>25.200000762939453125</ele>
        <time>2025-09-10T15:00:28.000Z</time>
        <extensions>
          <ns3:TrackPointExtension>
            <ns3:atemp>26.0</ns3:atemp>
            <ns3:hr>114</ns3:hr>
          </ns3:TrackPointExtension>
        </extensions>
      </trkpt>
      <trkpt lat="60.00451686792075634002685546875" lon="30.389771796762943267822265625">
        <ele>25.200000762939453125</ele>
        <time>2025-09-10T15:00:30.000Z</time>
        <extensions>
          <ns3:TrackPointExtension>
            <ns3:atemp>26.0</ns3:atemp>
            <ns3:hr>114</ns3:hr>
          </ns3:TrackPointExtension>
        </extensions>
      </trkpt>
      <trkpt lat="60.00465550459921360015869140625" lon="30.38993499241769313812255859375">
        <ele>25.200000762939453125</ele>
        <time>2025-09-10T15:00:34.000Z</time>
        <extensions>
          <ns3:TrackPointExtension>
            <ns3:atemp>26.0</ns3:atemp>
            <ns3:hr>113</ns3:hr>
          </ns3:TrackPointExtension>
        </extensions>
      </trkpt>
      <trkpt lat="60.00490629114210605621337890625" lon="30.39017572067677974700927734375">
        <ele>25.200000762939453125</ele>
        <time>2025-09-10T15:00:42.000Z</time>
        <extensions>
          <ns3:TrackPointExtension>
            <ns3:atemp>27.0</ns3:atemp>
            <ns3:hr>112</ns3:hr>
          </ns3:TrackPointExtension>
        </extensions>
      </trkpt>
      <trkpt lat="60.00505012460052967071533203125" lon="30.390354506671428680419921875">
        <ele>24.799999237060546875</ele>
        <time>2025-09-10T15:00:47.000Z</time>
        <extensions>
          <ns3:TrackPointExtension>
            <ns3:atemp>27.0</ns3:atemp>
            <ns3:hr>115</ns3:hr>
          </ns3:TrackPointExtension>
        </extensions>
      </trkpt>
      <trkpt lat="60.005082897841930389404296875" lon="30.39037336595356464385986328125">
        <ele>24.799999237060546875</ele>
        <time>2025-09-10T15:00:48.000Z</time>
        <extensions>
          <ns3:TrackPointExtension>
            <ns3:atemp>27.0</ns3:atemp>
            <ns3:hr>117</ns3:hr>
          </ns3:TrackPointExtension>
        </extensions>
      </trkpt>
      <trkpt lat="60.00514827668666839599609375" lon="30.39043136872351169586181640625">
        <ele>24.799999237060546875</ele>
        <time>2025-09-10T15:00:52.000Z</time>
        <extensions>
          <ns3:TrackPointExtension>
            <ns3:atemp>27.0</ns3:atemp>
            <ns3:hr>115</ns3:hr>
          </ns3:TrackPointExtension>
        </extensions>
      </trkpt>
      <trkpt lat="60.005143918097019195556640625" lon="30.3903365693986415863037109375">
        <ele>24.6000003814697265625</ele>
        <time>2025-09-10T15:00:58.000Z</time>
        <extensions>
          <ns3:TrackPointExtension>
            <ns3:atemp>27.0</ns3:atemp>
            <ns3:hr>114</ns3:hr>
          </ns3:TrackPointExtension>
        </extensions>
      </trkpt>
    </trkseg>
  </trk>
</gpx>
