<?xml version="1.0" encoding="UTF-8"?>
<gpx creator="Garmin Connect" version="1.1"
  xsi:schemaLocation="http://www.topografix.com/GPX/1/1 http://www.topografix.com/GPX/11.xsd"
  xmlns:ns3="http://www.garmin.com/xmlschemas/TrackPointExtension/v1"
  xmlns="http://www.topografix.com/GPX/1/1"
  xmlns:xsi="http://www.w3.org/2001/XMLSchema-instance" xmlns:ns2="http://www.garmin.com/xmlschemas/GpxExtensions/v3">
  <metadata>
    <link href="connect.garmin.com">
      <text>Garmin Connect</text>
    </link>
    <time>2026-04-06T16:16:40.000Z</time>
  </metadata>
  <trk>
    <name>Петербург Велосипед</name>
    <type>cycling</type>
    <trkseg>
      <trkpt lat="59.9536232091486454010009765625" lon="30.29624995775520801544189453125">
        <ele>32.59999847412109375</ele>
        <time>2026-04-06T16:26:00.000Z</time>
        <extensions>
          <ns3:TrackPointExtension>
            <ns3:atemp>15.0</ns3:atemp>
            <ns3:hr>126</ns3:hr>
          </ns3:TrackPointExtension>
        </extensions>
      </trkpt>
      <trkpt lat="59.95367132127285003662109375" lon="30.2962302602827548980712890625">
        <ele>32.59999847412109375</ele>
        <time>2026-04-06T16:26:02.000Z</time>
        <extensions>
          <ns3:TrackPointExtension>
            <ns3:atemp>15.0</ns3:atemp>
            <ns3:hr>127</ns3:hr>
          </ns3:TrackPointExtension>
        </extensions>
      </trkpt>
      <trkpt lat="59.95378137566149234771728515625" lon="30.296338386833667755126953125">
        <ele>32.59999847412109375</ele>
        <time>2026-04-06T16:26:04.000Z</time>
        <extensions>
          <ns3:TrackPointExtension>
            <ns3:atemp>15.0</ns3:atemp>
            <ns3:hr>126</ns3:hr>
          </ns3:TrackPointExtension>
        </extensions>
      </trkpt>
      <trkpt lat="59.95389536954462528228759765625" lon="30.29641189612448215484619140625">
        <ele>32.40000152587890625</ele>
        <time>2026-04-06T16:26:06.000Z</time>
        <extensions>
          <ns3:TrackPointExtension>
            <ns3:atemp>15.0</ns3:atemp>
            <ns3:hr>126</ns3:hr>
          </ns3:TrackPointExtension>
        </extensions>
      </trkpt>
      <trkpt lat="59.95423533953726291656494140625" lon="30.2964166738092899322509765625">
        <ele>32.200000762939453125</ele>
        <time>2026-04-06T16:26:07.000Z</time>
        <extensions>
          <ns3:TrackPointExtension>
            <ns3:atemp>15.0</ns3:atemp>
            <ns3:hr>125</ns3:hr>
          </ns3:TrackPointExtension>
        </extensions>
      </trkpt>
      <trkpt lat="59.95447489432990550994873046875" lon="30.296390689909458160400390625">
        <ele>32</ele>
        <time>2026-04-06T16:26:11.000Z</time>
        <extensions>
          <ns3:TrackPointExtension>
            <ns3:atemp>15.0</ns3:atemp>
            <ns3:hr>126</ns3:hr>
          </ns3:TrackPointExtension>
        </extensions>
      </trkpt>
      <trkpt lat="59.9545157141983509063720703125" lon="30.2964230440557003021240234375">
        <ele>32.200000762939453125</ele>
        <time>2026-04-06T16:26:12.000Z</time>
        <extensions>
          <ns3:TrackPointExtension>
            <ns3:atemp>15.0</ns3:atemp>
            <ns3:hr>127</ns3:hr>
          </ns3:TrackPointExtension>
        </extensions>
      </trkpt>
      <trkpt lat="59.954584948718547821044921875" lon="30.296529829502105712890625">
        <ele>32.200000762939453125</ele>
        <time>2026-04-06T16:26:14.000Z</time>
        <extensions>
          <ns3:TrackPointExtension>
            <ns3:atemp>15.0</ns3:atemp>
            <ns3:hr>126</ns3:hr>
          </ns3:TrackPointExtension>
        </extensions>
      </trkpt>
      <trkpt lat="59.9546230025589466094970703125" lon="30.2965953759849071502685546875">
        <ele>32.40000152587890625</ele>
        <time>2026-04-06T16:26:15.000Z</time>
        <extensions>
          <ns3:TrackPointExtension>
            <ns3:atemp>15.0</ns3:atemp>
            <ns3:hr>126</ns3:hr>
          </ns3:TrackPointExtension>
        </extensions>
      </trkpt>
      <trkpt lat="59.9549009464681148529052734375" lon="30.2970503456890583038330078125">
        <ele>32.40000152587890625</ele>
        <time>2026-04-06T16:26:21.000Z</time>
        <extensions>
          <ns3:TrackPointExtension>
            <ns3:atemp>15.0</ns3:atemp>
            <ns3:hr>130</ns3:hr>
          </ns3:TrackPointExtension>
        </extensions>
      </trkpt>
      <trkpt lat="59.9549948237836360931396484375" lon="30.297229550778865814208984375">
        <ele>32.40000152587890625</ele>
        <time>2026-04-06T16:26:23.000Z</time>
        <extensions>
          <ns3:TrackPointExtension>
            <ns3:atemp>15.0</ns3:atemp>
            <ns3:hr>133</ns3:hr>
          </ns3:TrackPointExtension>
        </extensions>
      </trkpt>
      <trkpt lat="59.9551493860781192779541015625" lon="30.29754999093711376190185546875">
        <ele>32.200000762939453125</ele>
        <time>2026-04-06T16:26:26.000Z</time>
        <extensions>
          <ns3:TrackPointExtension>
            <ns3:atemp>15.0</ns3:atemp>
            <ns3:hr>136</ns3:hr>
          </ns3:TrackPointExtension>
        </extensions>
      </trkpt>
      <trkpt lat="59.95541668497025966644287109375" lon="30.2978804893791675567626953125">
        <ele>32.40000152587890625</ele>
        <time>2026-04-06T16:26:30.000Z</time>
        <extensions>
          <ns3:TrackPointExtension>
            <ns3:atemp>15.0</ns3:atemp>
            <ns3:hr>138</ns3:hr>
          </ns3:TrackPointExtension>
        </extensions>
      </trkpt>
      <trkpt lat="59.95571424253284931182861328125" lon="30.29836806468665599822998046875">
        <ele>32.59999847412109375</ele>
        <time>2026-04-06T16:26:36.000Z</time>
        <extensions>
          <ns3:TrackPointExtension>
            <ns3:atemp>15.0</ns3:atemp>
            <ns3:hr>139</ns3:hr>
          </ns3:TrackPointExtension>
        </extensions>
      </trkpt>
      <trkpt lat="59.9557672999799251556396484375" lon="30.298562608659267425537109375">
        <ele>32.799999237060546875</ele>
        <time>2026-04-06T16:26:38.000Z</time>
        <extensions>
          <ns3:TrackPointExtension>
            <ns3:atemp>15.0</ns3:atemp>
            <ns3:hr>142</ns3:hr>
          </ns3:TrackPointExtension>
        </extensions>
      </trkpt>
      <trkpt lat="59.955871067941188812255859375" lon="30.29878917150199413299560546875">
        <ele>33</ele>
        <time>2026-04-06T16:26:41.000Z</time>
        <extensions>
          <ns3:TrackPointExtension>
            <ns3:atemp>15.0</ns3:atemp>
            <ns3:hr>142</ns3:hr>
          </ns3:TrackPointExtension>
        </extensions>
      </trkpt>
      <trkpt lat="59.95601557195186614990234375" lon="30.2989050932228565216064453125">
        <ele>33</ele>
        <time>2026-04-06T16:26:43.000Z</time>
        <extensions>
          <ns3:TrackPointExtension>
            <ns3:atemp>15.0</ns3:atemp>
            <ns3:hr>141</ns3:hr>
          </ns3:TrackPointExtension>
        </extensions>
      </trkpt>
      <trkpt lat="59.956115819513797760009765625" lon="30.29904247261583805084228515625">
        <ele>33</ele>
        <time>2026-04-06T16:26:45.000Z</time>
        <extensions>
          <ns3:TrackPointExtension>
            <ns3:atemp>15.0</ns3:atemp>
            <ns3:hr>141</ns3:hr>
          </ns3:TrackPointExtension>
        </extensions>
      </trkpt>
      <trkpt lat="59.956178851425647735595703125" lon="30.2991096116602420806884765625">
        <ele>33</ele>
        <time>2026-04-06T16:26:46.000Z</time>
        <extensions>
          <ns3:TrackPointExtension>
            <ns3:atemp>15.0</ns3:atemp>
            <ns3:hr>140</ns3:hr>
          </ns3:TrackPointExtension>
        </extensions>
      </trkpt>
      <trkpt lat="59.956240542232990264892578125" lon="30.29929745011031627655029296875">
        <ele>32.799999237060546875</ele>
        <time>2026-04-06T16:26:48.000Z</time>
        <extensions>
          <ns3:TrackPointExtension>
            <ns3:atemp>15.0</ns3:atemp>
            <ns3:hr>141</ns3:hr>
          </ns3:TrackPointExtension>
        </extensions>
      </trkpt>
      <trkpt lat="59.95627901516854763031005859375" lon="30.2993831969797611236572265625">
        <ele>32.799999237060546875</ele>
        <time>2026-04-06T16:26:49.000Z</time>
        <extensions>
          <ns3:TrackPointExtension>
            <ns3:atemp>15.0</ns3:atemp>
            <ns3:hr>141</ns3:hr>
          </ns3:TrackPointExtension>
        </extensions>
      </trkpt>
      <trkpt lat="59.95631488971412181854248046875" lon="30.29945737682282924652099609375">
        <ele>32.799999237060546875</ele>
        <time>2026-04-06T16:26:50.000Z</time>
        <extensions>
          <ns3:TrackPointExtension>
            <ns3:atemp>15.0</ns3:atemp>
            <ns3:hr>142</ns3:hr>
          </ns3:TrackPointExtension>
        </extensions>
      </trkpt>
      <trkpt lat="59.95635830797255039215087890625" lon="30.29959014616906642913818359375">
        <ele>32.799999237060546875</ele>
        <time>2026-04-06T16:26:52.000Z</time>
        <extensions>
          <ns3:TrackPointExtension>
            <ns3:atemp>15.0</ns3:atemp>
            <ns3:hr>142</ns3:hr>
          </ns3:TrackPointExtension>
        </extensions>
      </trkpt>
      <trkpt lat="59.95637373067438602447509765625" lon="30.2997122704982757568359375">
        <ele>32.799999237060546875</ele>
        <time>2026-04-06T16:26:54.000Z</time>
        <extensions>
          <ns3:TrackPointExtension>
            <ns3:atemp>15.0</ns3:atemp>
            <ns3:hr>142</ns3:hr>
          </ns3:TrackPointExtension>
        </extensions>
      </trkpt>
      <trkpt lat="59.95643927715718746185302734375" lon="30.2998331375420093536376953125">
        <ele>32.799999237060546875</ele>
        <time>2026-04-06T16:26:56.000Z</time>
        <extensions>
          <ns3:TrackPointExtension>
            <ns3:atemp>15.0</ns3:atemp>
            <ns3:hr>142</ns3:hr>
          </ns3:TrackPointExtension>
        </extensions>
      </trkpt>
      <trkpt lat="59.95657120831310749053955078125" lon="30.29995157383382320404052734375">
        <ele>33</ele>
        <time>2026-04-06T16:26:59.000Z</time>
        <extensions>
          <ns3:TrackPointExtension>
            <ns3:atemp>15.0</ns3:atemp>
            <ns3:hr>141</ns3:hr>
          </ns3:TrackPointExtension>
        </extensions>
      </trkpt>
      <trkpt lat="59.95661211200058460235595703125" lon="30.29997420497238636016845703125">
        <ele>33.200000762939453125</ele>
        <time>2026-04-06T16:27:00.000Z</time>
        <extensions>
          <ns3:TrackPointExtension>
            <ns3:atemp>15.0</ns3:atemp>
            <ns3:hr>141</ns3:hr>
          </ns3:TrackPointExtension>
        </extensions>
      </trkpt>
      <trkpt lat="59.95674806647002696990966796875" lon="30.30008870176970958709716796875">
        <ele>33.799999237060546875</ele>
        <time>2026-04-06T16:27:04.000Z</time>
        <extensions>
          <ns3:TrackPointExtension>
            <ns3:atemp>15.0</ns3:atemp>
            <ns3:hr>141</ns3:hr>
          </ns3:TrackPointExtension>
        </extensions>
      </trkpt>
      <trkpt lat="59.956802465021610260009765625" lon="30.3002019412815570831298828125">
        <ele>34</ele>
        <time>2026-04-06T16:27:09.000Z</time>
        <extensions>
          <ns3:TrackPointExtension>
            <ns3:atemp>15.0</ns3:atemp>
            <ns3:hr>139</ns3:hr>
          </ns3:TrackPointExtension>
        </extensions>
      </trkpt>
      <trkpt lat="59.956744126975536346435546875" lon="30.30026857741177082061767578125">
        <ele>34</ele>
        <time>2026-04-06T16:27:13.000Z</time>
        <extensions>
          <ns3:TrackPointExtension>
            <ns3:atemp>15.0</ns3:atemp>
            <ns3:hr>136</ns3:hr>
          </ns3:TrackPointExtension>
        </extensions>
      </trkpt>
      <trkpt lat="59.95673976838588714599609375" lon="30.30026019550859928131103515625">
        <ele>33.799999237060546875</ele>
        <time>2026-04-06T16:27:14.000Z</time>
        <extensions>
          <ns3:TrackPointExtension>
            <ns3:atemp>15.0</ns3:atemp>
            <ns3:hr>136</ns3:hr>
          </ns3:TrackPointExtension>
        </extensions>
      </trkpt>
      <trkpt lat="59.956693165004253387451171875" lon="30.30018140561878681182861328125">
        <ele>33</ele>
        <time>2026-04-06T16:27:21.000Z</time>
        <extensions>
          <ns3:TrackPointExtension>
            <ns3:atemp>15.0</ns3:atemp>
            <ns3:hr>136</ns3:hr>
          </ns3:TrackPointExtension>
        </extensions>
      </trkpt>
      <trkpt lat="59.9565773271024227142333984375" lon="30.30018643476068973541259765625">
        <ele>33.40000152587890625</ele>
        <time>2026-04-06T16:27:27.000Z</time>
        <extensions>
          <ns3:TrackPointExtension>
            <ns3:atemp>15.0</ns3:atemp>
            <ns3:hr>136</ns3:hr>
          </ns3:TrackPointExtension>
        </extensions>
      </trkpt>
      <trkpt lat="59.95666357688605785369873046875" lon="30.300208814442157745361328125">
        <ele>33.40000152587890625</ele>
        <time>2026-04-06T16:27:31.000Z</time>
        <extensions>
          <ns3:TrackPointExtension>
            <ns3:atemp>15.0</ns3:atemp>
            <ns3:hr>131</ns3:hr>
          </ns3:TrackPointExtension>
        </extensions>
      </trkpt>
      <trkpt lat="59.95667212642729282379150390625" lon="30.30021585524082183837890625">
        <ele>33.40000152587890625</ele>
        <time>2026-04-06T16:27:32.000Z</time>
        <extensions>
          <ns3:TrackPointExtension>
            <ns3:atemp>15.0</ns3:atemp>
            <ns3:hr>126</ns3:hr>
          </ns3:TrackPointExtension>
        </extensions>
      </trkpt>
      <trkpt lat="59.95666198432445526123046875" lon="30.3002311103045940399169921875">
        <ele>33.40000152587890625</ele>
        <time>2026-04-06T16:27:33.000Z</time>
        <extensions>
          <ns3:TrackPointExtension>
            <ns3:atemp>15.0</ns3:atemp>
            <ns3:hr>121</ns3:hr>
          </ns3:TrackPointExtension>
        </extensions>
      </trkpt>
      <trkpt lat="59.956656955182552337646484375" lon="30.30024443753063678741455078125">
        <ele>33.200000762939453125</ele>
        <time>2026-04-06T16:27:34.000Z</time>
        <extensions>
          <ns3:TrackPointExtension>
            <ns3:atemp>15.0</ns3:atemp>
            <ns3:hr>118</ns3:hr>
          </ns3:TrackPointExtension>
        </extensions>
      </trkpt>
      <trkpt lat="59.9566587992012500762939453125" lon="30.30022281222045421600341796875">
        <ele>33.200000762939453125</ele>
        <time>2026-04-06T16:27:35.000Z</time>
        <extensions>
          <ns3:TrackPointExtension>
            <ns3:atemp>15.0</ns3:atemp>
            <ns3:hr>116</ns3:hr>
          </ns3:TrackPointExtension>
        </extensions>
      </trkpt>
      <trkpt lat="59.95679450221359729766845703125" lon="30.3001667372882366180419921875">
        <ele>34.200000762939453125</ele>
        <time>2026-04-06T16:27:39.000Z</time>
        <extensions>
          <ns3:TrackPointExtension>
            <ns3:atemp>15.0</ns3:atemp>
            <ns3:hr>115</ns3:hr>
          </ns3:TrackPointExtension>
        </extensions>
      </trkpt>
      <trkpt lat="59.95680816471576690673828125" lon="30.300151817500591278076171875">
        <ele>34.200000762939453125</ele>
        <time>2026-04-06T16:27:40.000Z</time>
        <extensions>
          <ns3:TrackPointExtension>
            <ns3:atemp>15.0</ns3:atemp>
            <ns3:hr>115</ns3:hr>
          </ns3:TrackPointExtension>
        </extensions>
      </trkpt>
      <trkpt lat="59.95687178336083889007568359375" lon="30.3004540689289569854736328125">
        <ele>34.200000762939453125</ele>
        <time>2026-04-06T16:27:43.000Z</time>
        <extensions>
          <ns3:TrackPointExtension>
            <ns3:atemp>15.0</ns3:atemp>
            <ns3:hr>114</ns3:hr>
          </ns3:TrackPointExtension>
        </extensions>
      </trkpt>
      <trkpt lat="59.9573886953294277191162109375" lon="30.30127323232591152191162109375">
        <ele>34</ele>
        <time>2026-04-06T16:27:52.000Z</time>
        <extensions>
          <ns3:TrackPointExtension>
            <ns3:atemp>15.0</ns3:atemp>
            <ns3:hr>104</ns3:hr>
          </ns3:TrackPointExtension>
        </extensions>
      </trkpt>
      <trkpt lat="59.95757821016013622283935546875" lon="30.3016540221869945526123046875">
        <ele>34</ele>
        <time>2026-04-06T16:27:56.000Z</time>
        <extensions>
          <ns3:TrackPointExtension>
            <ns3:atemp>15.0</ns3:atemp>
            <ns3:hr>105</ns3:hr>
          </ns3:TrackPointExtension>
        </extensions>
      </trkpt>
      <trkpt lat="59.9580512009561061859130859375" lon="30.3022255003452301025390625">
        <ele>33.59999847412109375</ele>
        <time>2026-04-06T16:28:03.000Z</time>
        <extensions>
          <ns3:TrackPointExtension>
            <ns3:atemp>15.0</ns3:atemp>
            <ns3:hr>106</ns3:hr>
          </ns3:TrackPointExtension>
        </extensions>
      </trkpt>
      <trkpt lat="59.95823987759649753570556640625" lon="30.30243211425840854644775390625">
        <ele>34.200000762939453125</ele>
        <time>2026-04-06T16:28:06.000Z</time>
        <extensions>
          <ns3:TrackPointExtension>
            <ns3:atemp>15.0</ns3:atemp>
            <ns3:hr>109</ns3:hr>
          </ns3:TrackPointExtension>
        </extensions>
      </trkpt>
      <trkpt lat="59.95836979709565639495849609375" lon="30.30255733989179134368896484375">
        <ele>34.200000762939453125</ele>
        <time>2026-04-06T16:28:08.000Z</time>
        <extensions>
          <ns3:TrackPointExtension>
            <ns3:atemp>15.0</ns3:atemp>
            <ns3:hr>106</ns3:hr>
          </ns3:TrackPointExtension>
        </extensions>
      </trkpt>
      <trkpt lat="59.9584025703370571136474609375" lon="30.3026109002530574798583984375">
        <ele>34</ele>
        <time>2026-04-06T16:28:09.000Z</time>
        <extensions>
          <ns3:TrackPointExtension>
            <ns3:atemp>15.0</ns3:atemp>
            <ns3:hr>107</ns3:hr>
          </ns3:TrackPointExtension>
        </extensions>
      </trkpt>
      <trkpt lat="59.958582781255245208740234375" lon="30.30277694575488567352294921875">
        <ele>33.799999237060546875</ele>
        <time>2026-04-06T16:28:12.000Z</time>
        <extensions>
          <ns3:TrackPointExtension>
            <ns3:atemp>15.0</ns3:atemp>
            <ns3:hr>107</ns3:hr>
          </ns3:TrackPointExtension>
        </extensions>
      </trkpt>
      <trkpt lat="59.95867255143821239471435546875" lon="30.30295707285404205322265625">
        <ele>33.799999237060546875</ele>
        <time>2026-04-06T16:28:14.000Z</time>
        <extensions>
          <ns3:TrackPointExtension>
            <ns3:atemp>15.0</ns3:atemp>
            <ns3:hr>108</ns3:hr>
          </ns3:TrackPointExtension>
        </extensions>
      </trkpt>
      <trkpt lat="59.9587774090468883514404296875" lon="30.303112976253032684326171875">
        <ele>33.799999237060546875</ele>
        <time>2026-04-06T16:28:16.000Z</time>
        <extensions>
          <ns3:TrackPointExtension>
            <ns3:atemp>15.0</ns3:atemp>
            <ns3:hr>108</ns3:hr>
          </ns3:TrackPointExtension>
        </extensions>
      </trkpt>
      <trkpt lat="59.95895435102283954620361328125" lon="30.303324200212955474853515625">
        <ele>33.59999847412109375</ele>
        <time>2026-04-06T16:28:19.000Z</time>
        <extensions>
          <ns3:TrackPointExtension>
            <ns3:atemp>15.0</ns3:atemp>
            <ns3:hr>109</ns3:hr>
          </ns3:TrackPointExtension>
        </extensions>
      </trkpt>
      <trkpt lat="59.95900489389896392822265625" lon="30.3035188280045986175537109375">
        <ele>33.799999237060546875</ele>
        <time>2026-04-06T16:28:21.000Z</time>
        <extensions>
          <ns3:TrackPointExtension>
            <ns3:atemp>15.0</ns3:atemp>
            <ns3:hr>109</ns3:hr>
          </ns3:TrackPointExtension>
        </extensions>
      </trkpt>
      <trkpt lat="59.95921083725988864898681640625" lon="30.30380708165466785430908203125">
        <ele>34.200000762939453125</ele>
        <time>2026-04-06T16:28:25.000Z</time>
        <extensions>
          <ns3:TrackPointExtension>
            <ns3:atemp>15.0</ns3:atemp>
            <ns3:hr>109</ns3:hr>
          </ns3:TrackPointExtension>
        </extensions>
      </trkpt>
      <trkpt lat="59.959271438419818878173828125" lon="30.3038628213107585906982421875">
        <ele>34.40000152587890625</ele>
        <time>2026-04-06T16:28:26.000Z</time>
        <extensions>
          <ns3:TrackPointExtension>
            <ns3:atemp>15.0</ns3:atemp>
            <ns3:hr>110</ns3:hr>
          </ns3:TrackPointExtension>
        </extensions>
      </trkpt>
      <trkpt lat="59.959224164485931396484375" lon="30.30412358231842517852783203125">
        <ele>34.59999847412109375</ele>
        <time>2026-04-06T16:28:28.000Z</time>
        <extensions>
          <ns3:TrackPointExtension>
            <ns3:atemp>15.0</ns3:atemp>
            <ns3:hr>111</ns3:hr>
          </ns3:TrackPointExtension>
        </extensions>
      </trkpt>
      <trkpt lat="59.9592866934835910797119140625" lon="30.30426842160522937774658203125">
        <ele>34.59999847412109375</ele>
        <time>2026-04-06T16:28:30.000Z</time>
        <extensions>
          <ns3:TrackPointExtension>
            <ns3:atemp>15.0</ns3:atemp>
            <ns3:hr>109</ns3:hr>
          </ns3:TrackPointExtension>
        </extensions>
      </trkpt>
      <trkpt lat="59.95935358107089996337890625" lon="30.304370932281017303466796875">
        <ele>34.59999847412109375</ele>
        <time>2026-04-06T16:28:32.000Z</time>
        <extensions>
          <ns3:TrackPointExtension>
            <ns3:atemp>15.0</ns3:atemp>
            <ns3:hr>112</ns3:hr>
          </ns3:TrackPointExtension>
        </extensions>
      </trkpt>
      <trkpt lat="59.95948056690394878387451171875" lon="30.3046047873795032501220703125">
        <ele>35</ele>
        <time>2026-04-06T16:28:36.000Z</time>
        <extensions>
          <ns3:TrackPointExtension>
            <ns3:atemp>15.0</ns3:atemp>
            <ns3:hr>114</ns3:hr>
          </ns3:TrackPointExtension>
        </extensions>
      </trkpt>
      <trkpt lat="59.959524907171726226806640625" lon="30.30466563999652862548828125">
        <ele>35</ele>
        <time>2026-04-06T16:28:37.000Z</time>
        <extensions>
          <ns3:TrackPointExtension>
            <ns3:atemp>15.0</ns3:atemp>
            <ns3:hr>117</ns3:hr>
          </ns3:TrackPointExtension>
        </extensions>
      </trkpt>
      <trkpt lat="59.95960361324250698089599609375" lon="30.30482246540486812591552734375">
        <ele>35</ele>
        <time>2026-04-06T16:28:39.000Z</time>
        <extensions>
          <ns3:TrackPointExtension>
            <ns3:atemp>15.0</ns3:atemp>
            <ns3:hr>114</ns3:hr>
          </ns3:TrackPointExtension>
        </extensions>
      </trkpt>
      <trkpt lat="59.95961643755435943603515625" lon="30.30506202019751071929931640625">
        <ele>35</ele>
        <time>2026-04-06T16:28:41.000Z</time>
        <extensions>
          <ns3:TrackPointExtension>
            <ns3:atemp>15.0</ns3:atemp>
            <ns3:hr>117</ns3:hr>
          </ns3:TrackPointExtension>
        </extensions>
      </trkpt>
      <trkpt lat="59.95966195128858089447021484375" lon="30.30517701990902423858642578125">
        <ele>35</ele>
        <time>2026-04-06T16:28:42.000Z</time>
        <extensions>
          <ns3:TrackPointExtension>
            <ns3:atemp>15.0</ns3:atemp>
            <ns3:hr>118</ns3:hr>
          </ns3:TrackPointExtension>
        </extensions>
      </trkpt>
      <trkpt lat="59.95988960377871990203857421875" lon="30.3055298142135143280029296875">
        <ele>34.59999847412109375</ele>
        <time>2026-04-06T16:28:47.000Z</time>
        <extensions>
          <ns3:TrackPointExtension>
            <ns3:atemp>14.0</ns3:atemp>
            <ns3:hr>120</ns3:hr>
          </ns3:TrackPointExtension>
        </extensions>
      </trkpt>
      <trkpt lat="59.95993335731327533721923828125" lon="30.3055831231176853179931640625">
        <ele>34.59999847412109375</ele>
        <time>2026-04-06T16:28:48.000Z</time>
        <extensions>
          <ns3:TrackPointExtension>
            <ns3:atemp>14.0</ns3:atemp>
            <ns3:hr>120</ns3:hr>
          </ns3:TrackPointExtension>
        </extensions>
      </trkpt>
      <trkpt lat="59.960200488567352294921875" lon="30.30597045086324214935302734375">
        <ele>34.799999237060546875</ele>
        <time>2026-04-06T16:28:54.000Z</time>
        <extensions>
          <ns3:TrackPointExtension>
            <ns3:atemp>14.0</ns3:atemp>
            <ns3:hr>119</ns3:hr>
          </ns3:TrackPointExtension>
        </extensions>
      </trkpt>
      <trkpt lat="59.96024139225482940673828125" lon="30.30634160153567790985107421875">
        <ele>35</ele>
        <time>2026-04-06T16:28:59.000Z</time>
        <extensions>
          <ns3:TrackPointExtension>
            <ns3:atemp>14.0</ns3:atemp>
            <ns3:hr>119</ns3:hr>
          </ns3:TrackPointExtension>
        </extensions>
      </trkpt>
      <trkpt lat="59.96028539724647998809814453125" lon="30.30643799342215061187744140625">
        <ele>35</ele>
        <time>2026-04-06T16:29:02.000Z</time>
        <extensions>
          <ns3:TrackPointExtension>
            <ns3:atemp>14.0</ns3:atemp>
            <ns3:hr>122</ns3:hr>
          </ns3:TrackPointExtension>
        </extensions>
      </trkpt>
      <trkpt lat="59.9603579007089138031005859375" lon="30.3065664879977703094482421875">
        <ele>35</ele>
        <time>2026-04-06T16:29:05.000Z</time>
        <extensions>
          <ns3:TrackPointExtension>
            <ns3:atemp>14.0</ns3:atemp>
            <ns3:hr>122</ns3:hr>
          </ns3:TrackPointExtension>
        </extensions>
      </trkpt>
      <trkpt lat="59.96054003946483135223388671875" lon="30.30678190290927886962890625">
        <ele>34.799999237060546875</ele>
        <time>2026-04-06T16:29:10.000Z</time>
        <extensions>
          <ns3:TrackPointExtension>
            <ns3:atemp>14.0</ns3:atemp>
            <ns3:hr>119</ns3:hr>
          </ns3:TrackPointExtension>
        </extensions>
      </trkpt>
      <trkpt lat="59.96057800948619842529296875" lon="30.30683554708957672119140625">
        <ele>34.799999237060546875</ele>
        <time>2026-04-06T16:29:11.000Z</time>
        <extensions>
          <ns3:TrackPointExtension>
            <ns3:atemp>14.0</ns3:atemp>
            <ns3:hr>117</ns3:hr>
          </ns3:TrackPointExtension>
        </extensions>
      </trkpt>
      <trkpt lat="59.96061597950756549835205078125" lon="30.3068900294601917266845703125">
        <ele>34.799999237060546875</ele>
        <time>2026-04-06T16:29:12.000Z</time>
        <extensions>
          <ns3:TrackPointExtension>
            <ns3:atemp>14.0</ns3:atemp>
            <ns3:hr>114</ns3:hr>
          </ns3:TrackPointExtension>
        </extensions>
      </trkpt>
      <trkpt lat="59.96065579354763031005859375" lon="30.30694258399307727813720703125">
        <ele>34.799999237060546875</ele>
        <time>2026-04-06T16:29:13.000Z</time>
        <extensions>
          <ns3:TrackPointExtension>
            <ns3:atemp>14.0</ns3:atemp>
            <ns3:hr>111</ns3:hr>
          </ns3:TrackPointExtension>
        </extensions>
      </trkpt>
      <trkpt lat="59.96098595671355724334716796875" lon="30.30737626366317272186279296875">
        <ele>35</ele>
        <time>2026-04-06T16:29:20.000Z</time>
        <extensions>
          <ns3:TrackPointExtension>
            <ns3:atemp>14.0</ns3:atemp>
            <ns3:hr>107</ns3:hr>
          </ns3:TrackPointExtension>
        </extensions>
      </trkpt>
      <trkpt lat="59.9610252678394317626953125" lon="30.30743996612727642059326171875">
        <ele>35</ele>
        <time>2026-04-06T16:29:21.000Z</time>
        <extensions>
          <ns3:TrackPointExtension>
            <ns3:atemp>14.0</ns3:atemp>
            <ns3:hr>110</ns3:hr>
          </ns3:TrackPointExtension>
        </extensions>
      </trkpt>
      <trkpt lat="59.9612316302955150604248046875" lon="30.30772495083510875701904296875">
        <ele>34.40000152587890625</ele>
        <time>2026-04-06T16:29:26.000Z</time>
        <extensions>
          <ns3:TrackPointExtension>
            <ns3:atemp>14.0</ns3:atemp>
            <ns3:hr>110</ns3:hr>
          </ns3:TrackPointExtension>
        </extensions>
      </trkpt>
      <trkpt lat="59.96144243516027927398681640625" lon="30.30791421420872211456298828125">
        <ele>34.59999847412109375</ele>
        <time>2026-04-06T16:29:32.000Z</time>
        <extensions>
          <ns3:TrackPointExtension>
            <ns3:atemp>14.0</ns3:atemp>
            <ns3:hr>111</ns3:hr>
          </ns3:TrackPointExtension>
        </extensions>
      </trkpt>
      <trkpt lat="59.96148719452321529388427734375" lon="30.30794237740337848663330078125">
        <ele>34.799999237060546875</ele>
        <time>2026-04-06T16:29:33.000Z</time>
        <extensions>
          <ns3:TrackPointExtension>
            <ns3:atemp>14.0</ns3:atemp>
            <ns3:hr>112</ns3:hr>
          </ns3:TrackPointExtension>
        </extensions>
      </trkpt>
      <trkpt lat="59.96170830912888050079345703125" lon="30.30817388556897640228271484375">
        <ele>34.59999847412109375</ele>
        <time>2026-04-06T16:29:39.000Z</time>
        <extensions>
          <ns3:TrackPointExtension>
            <ns3:atemp>14.0</ns3:atemp>
            <ns3:hr>110</ns3:hr>
          </ns3:TrackPointExtension>
        </extensions>
      </trkpt>
      <trkpt lat="59.961746446788311004638671875" lon="30.3084235824644565582275390625">
        <ele>34.799999237060546875</ele>
        <time>2026-04-06T16:29:44.000Z</time>
        <extensions>
          <ns3:TrackPointExtension>
            <ns3:atemp>14.0</ns3:atemp>
            <ns3:hr>112</ns3:hr>
          </ns3:TrackPointExtension>
        </extensions>
      </trkpt>
      <trkpt lat="59.9617543257772922515869140625" lon="30.308441855013370513916015625">
        <ele>34.799999237060546875</ele>
        <time>2026-04-06T16:29:45.000Z</time>
        <extensions>
          <ns3:TrackPointExtension>
            <ns3:atemp>14.0</ns3:atemp>
            <ns3:hr>116</ns3:hr>
          </ns3:TrackPointExtension>
        </extensions>
      </trkpt>
      <trkpt lat="59.96176027692854404449462890625" lon="30.30845635570585727691650390625">
        <ele>34.799999237060546875</ele>
        <time>2026-04-06T16:29:46.000Z</time>
        <extensions>
          <ns3:TrackPointExtension>
            <ns3:atemp>14.0</ns3:atemp>
            <ns3:hr>120</ns3:hr>
          </ns3:TrackPointExtension>
        </extensions>
      </trkpt>
      <trkpt lat="59.9617764540016651153564453125" lon="30.30845819972455501556396484375">
        <ele>34.799999237060546875</ele>
        <time>2026-04-06T16:29:47.000Z</time>
        <extensions>
          <ns3:TrackPointExtension>
            <ns3:atemp>14.0</ns3:atemp>
            <ns3:hr>126</ns3:hr>
          </ns3:TrackPointExtension>
        </extensions>
      </trkpt>
      <trkpt lat="59.96179128997027873992919921875" lon="30.308461971580982208251953125">
        <ele>34.799999237060546875</ele>
        <time>2026-04-06T16:29:48.000Z</time>
        <extensions>
          <ns3:TrackPointExtension>
            <ns3:atemp>14.0</ns3:atemp>
            <ns3:hr>130</ns3:hr>
          </ns3:TrackPointExtension>
        </extensions>
      </trkpt>
      <trkpt lat="59.9618083052337169647216796875" lon="30.30847513116896152496337890625">
        <ele>34.799999237060546875</ele>
        <time>2026-04-06T16:29:49.000Z</time>
        <extensions>
          <ns3:TrackPointExtension>
            <ns3:atemp>14.0</ns3:atemp>
            <ns3:hr>131</ns3:hr>
          </ns3:TrackPointExtension>
        </extensions>
      </trkpt>
      <trkpt lat="59.9618326127529144287109375" lon="30.3086150251328945159912109375">
        <ele>34.59999847412109375</ele>
        <time>2026-04-06T16:29:54.000Z</time>
        <extensions>
          <ns3:TrackPointExtension>
            <ns3:atemp>14.0</ns3:atemp>
            <ns3:hr>129</ns3:hr>
          </ns3:TrackPointExtension>
        </extensions>
      </trkpt>
      <trkpt lat="59.9619159288704395294189453125" lon="30.3088666498661041259765625">
        <ele>34.200000762939453125</ele>
        <time>2026-04-06T16:30:00.000Z</time>
        <extensions>
          <ns3:TrackPointExtension>
            <ns3:atemp>14.0</ns3:atemp>
            <ns3:hr>126</ns3:hr>
          </ns3:TrackPointExtension>
        </extensions>
      </trkpt>
      <trkpt lat="59.96194384060800075531005859375" lon="30.30891015194356441497802734375">
        <ele>34.200000762939453125</ele>
        <time>2026-04-06T16:30:01.000Z</time>
        <extensions>
          <ns3:TrackPointExtension>
            <ns3:atemp>14.0</ns3:atemp>
            <ns3:hr>123</ns3:hr>
          </ns3:TrackPointExtension>
        </extensions>
      </trkpt>
      <trkpt lat="59.9620151706039905548095703125" lon="30.3090099804103374481201171875">
        <ele>34.200000762939453125</ele>
        <time>2026-04-06T16:30:03.000Z</time>
        <extensions>
          <ns3:TrackPointExtension>
            <ns3:atemp>14.0</ns3:atemp>
            <ns3:hr>120</ns3:hr>
          </ns3:TrackPointExtension>
        </extensions>
      </trkpt>
      <trkpt lat="59.96205481700599193572998046875" lon="30.3090545721352100372314453125">
        <ele>34</ele>
        <time>2026-04-06T16:30:04.000Z</time>
        <extensions>
          <ns3:TrackPointExtension>
            <ns3:atemp>14.0</ns3:atemp>
            <ns3:hr>121</ns3:hr>
          </ns3:TrackPointExtension>
        </extensions>
      </trkpt>
      <trkpt lat="59.9622778594493865966796875" lon="30.30932463705539703369140625">
        <ele>34</ele>
        <time>2026-04-06T16:30:10.000Z</time>
        <extensions>
          <ns3:TrackPointExtension>
            <ns3:atemp>14.0</ns3:atemp>
            <ns3:hr>124</ns3:hr>
          </ns3:TrackPointExtension>
        </extensions>
      </trkpt>
      <trkpt lat="59.96231515891849994659423828125" lon="30.30938305892050266265869140625">
        <ele>34</ele>
        <time>2026-04-06T16:30:11.000Z</time>
        <extensions>
          <ns3:TrackPointExtension>
            <ns3:atemp>14.0</ns3:atemp>
            <ns3:hr>126</ns3:hr>
          </ns3:TrackPointExtension>
        </extensions>
      </trkpt>
      <trkpt lat="59.9623531289398670196533203125" lon="30.30944206751883029937744140625">
        <ele>34.200000762939453125</ele>
        <time>2026-04-06T16:30:12.000Z</time>
        <extensions>
          <ns3:TrackPointExtension>
            <ns3:atemp>14.0</ns3:atemp>
            <ns3:hr>131</ns3:hr>
          </ns3:TrackPointExtension>
        </extensions>
      </trkpt>
      <trkpt lat="59.96239746920764446258544921875" lon="30.30954348854720592498779296875">
        <ele>34.40000152587890625</ele>
        <time>2026-04-06T16:30:14.000Z</time>
        <extensions>
          <ns3:TrackPointExtension>
            <ns3:atemp>14.0</ns3:atemp>
            <ns3:hr>134</ns3:hr>
          </ns3:TrackPointExtension>
        </extensions>
      </trkpt>
      <trkpt lat="59.962409622967243194580078125" lon="30.30963979661464691162109375">
        <ele>34.59999847412109375</ele>
        <time>2026-04-06T16:30:16.000Z</time>
        <extensions>
          <ns3:TrackPointExtension>
            <ns3:atemp>14.0</ns3:atemp>
            <ns3:hr>136</ns3:hr>
          </ns3:TrackPointExtension>
        </extensions>
      </trkpt>
      <trkpt lat="59.96252487413585186004638671875" lon="30.30985437333583831787109375">
        <ele>34.59999847412109375</ele>
        <time>2026-04-06T16:30:22.000Z</time>
        <extensions>
          <ns3:TrackPointExtension>
            <ns3:atemp>14.0</ns3:atemp>
            <ns3:hr>137</ns3:hr>
          </ns3:TrackPointExtension>
        </extensions>
      </trkpt>
      <trkpt lat="59.962642975151538848876953125" lon="30.3100548684597015380859375">
        <ele>34.40000152587890625</ele>
        <time>2026-04-06T16:30:27.000Z</time>
        <extensions>
          <ns3:TrackPointExtension>
            <ns3:atemp>14.0</ns3:atemp>
            <ns3:hr>135</ns3:hr>
          </ns3:TrackPointExtension>
        </extensions>
      </trkpt>
      <trkpt lat="59.96273039840161800384521484375" lon="30.3103138692677021026611328125">
        <ele>34.40000152587890625</ele>
        <time>2026-04-06T16:30:32.000Z</time>
        <extensions>
          <ns3:TrackPointExtension>
            <ns3:atemp>14.0</ns3:atemp>
            <ns3:hr>135</ns3:hr>
          </ns3:TrackPointExtension>
        </extensions>
      </trkpt>
      <trkpt lat="59.96284657157957553863525390625" lon="30.3104603849351406097412109375">
        <ele>34.200000762939453125</ele>
        <time>2026-04-06T16:30:39.000Z</time>
        <extensions>
          <ns3:TrackPointExtension>
            <ns3:atemp>14.0</ns3:atemp>
            <ns3:hr>133</ns3:hr>
          </ns3:TrackPointExtension>
        </extensions>
      </trkpt>
      <trkpt lat="59.96291765011847019195556640625" lon="30.31054462306201457977294921875">
        <ele>34.200000762939453125</ele>
        <time>2026-04-06T16:30:43.000Z</time>
        <extensions>
          <ns3:TrackPointExtension>
            <ns3:atemp>14.0</ns3:atemp>
            <ns3:hr>130</ns3:hr>
          </ns3:TrackPointExtension>
        </extensions>
      </trkpt>
      <trkpt lat="59.96294983662664890289306640625" lon="30.31058887951076030731201171875">
        <ele>34.200000762939453125</ele>
        <time>2026-04-06T16:30:45.000Z</time>
        <extensions>
          <ns3:TrackPointExtension>
            <ns3:atemp>14.0</ns3:atemp>
            <ns3:hr>128</ns3:hr>
          </ns3:TrackPointExtension>
        </extensions>
      </trkpt>
      <trkpt lat="59.9630169756710529327392578125" lon="30.31069616787135601043701171875">
        <ele>34.40000152587890625</ele>
        <time>2026-04-06T16:30:49.000Z</time>
        <extensions>
          <ns3:TrackPointExtension>
            <ns3:atemp>14.0</ns3:atemp>
            <ns3:hr>125</ns3:hr>
          </ns3:TrackPointExtension>
        </extensions>
      </trkpt>
      <trkpt lat="59.963043294847011566162109375" lon="30.310717038810253143310546875">
        <ele>34.40000152587890625</ele>
        <time>2026-04-06T16:30:50.000Z</time>
        <extensions>
          <ns3:TrackPointExtension>
            <ns3:atemp>14.0</ns3:atemp>
            <ns3:hr>125</ns3:hr>
          </ns3:TrackPointExtension>
        </extensions>
      </trkpt>
      <trkpt lat="59.96307916939258575439453125" lon="30.310723744332790374755859375">
        <ele>34</ele>
        <time>2026-04-06T16:30:53.000Z</time>
        <extensions>
          <ns3:TrackPointExtension>
            <ns3:atemp>14.0</ns3:atemp>
            <ns3:hr>124</ns3:hr>
          </ns3:TrackPointExtension>
        </extensions>
      </trkpt>
      <trkpt lat="59.96311127208173274993896484375" lon="30.31076171435415744781494140625">
        <ele>34</ele>
        <time>2026-04-06T16:30:55.000Z</time>
        <extensions>
          <ns3:TrackPointExtension>
            <ns3:atemp>14.0</ns3:atemp>
            <ns3:hr>127</ns3:hr>
          </ns3:TrackPointExtension>
        </extensions>
      </trkpt>
      <trkpt lat="59.96313407085835933685302734375" lon="30.3107817471027374267578125">
        <ele>34</ele>
        <time>2026-04-06T16:30:56.000Z</time>
        <extensions>
          <ns3:TrackPointExtension>
            <ns3:atemp>14.0</ns3:atemp>
            <ns3:hr>126</ns3:hr>
          </ns3:TrackPointExtension>
        </extensions>
      </trkpt>
      <trkpt lat="59.963209927082061767578125" lon="30.31086481176316738128662109375">
        <ele>34</ele>
        <time>2026-04-06T16:31:02.000Z</time>
        <extensions>
          <ns3:TrackPointExtension>
            <ns3:atemp>14.0</ns3:atemp>
            <ns3:hr>124</ns3:hr>
          </ns3:TrackPointExtension>
        </extensions>
      </trkpt>
      <trkpt lat="59.9632442928850650787353515625" lon="30.3109096549451351165771484375">
        <ele>33.59999847412109375</ele>
        <time>2026-04-06T16:31:05.000Z</time>
        <extensions>
          <ns3:TrackPointExtension>
            <ns3:atemp>14.0</ns3:atemp>
            <ns3:hr>127</ns3:hr>
          </ns3:TrackPointExtension>
        </extensions>
      </trkpt>
      <trkpt lat="59.96328645385801792144775390625" lon="30.3109703399240970611572265625">
        <ele>33.59999847412109375</ele>
        <time>2026-04-06T16:31:09.000Z</time>
        <extensions>
          <ns3:TrackPointExtension>
            <ns3:atemp>14.0</ns3:atemp>
            <ns3:hr>126</ns3:hr>
          </ns3:TrackPointExtension>
        </extensions>
      </trkpt>
      <trkpt lat="59.9633539281785488128662109375" lon="30.31104066409170627593994140625">
        <ele>33.40000152587890625</ele>
        <time>2026-04-06T16:31:13.000Z</time>
        <extensions>
          <ns3:TrackPointExtension>
            <ns3:atemp>14.0</ns3:atemp>
            <ns3:hr>126</ns3:hr>
          </ns3:TrackPointExtension>
        </extensions>
      </trkpt>
      <trkpt lat="59.9633763916790485382080078125" lon="30.31106161884963512420654296875">
        <ele>33.40000152587890625</ele>
        <time>2026-04-06T16:31:14.000Z</time>
        <extensions>
          <ns3:TrackPointExtension>
            <ns3:atemp>14.0</ns3:atemp>
            <ns3:hr>126</ns3:hr>
          </ns3:TrackPointExtension>
        </extensions>
      </trkpt>
      <trkpt lat="59.96339156292378902435302734375" lon="30.31106430105865001678466796875">
        <ele>33.40000152587890625</ele>
        <time>2026-04-06T16:31:15.000Z</time>
        <extensions>
          <ns3:TrackPointExtension>
            <ns3:atemp>14.0</ns3:atemp>
            <ns3:hr>126</ns3:hr>
          </ns3:TrackPointExtension>
        </extensions>
      </trkpt>
      <trkpt lat="59.9633881263434886932373046875" lon="30.3111034445464611053466796875">
        <ele>33.40000152587890625</ele>
        <time>2026-04-06T16:31:17.000Z</time>
        <extensions>
          <ns3:TrackPointExtension>
            <ns3:atemp>14.0</ns3:atemp>
            <ns3:hr>126</ns3:hr>
          </ns3:TrackPointExtension>
        </extensions>
      </trkpt>
      <trkpt lat="59.9633958376944065093994140625" lon="30.3111599385738372802734375">
        <ele>32.59999847412109375</ele>
        <time>2026-04-06T16:31:20.000Z</time>
        <extensions>
          <ns3:TrackPointExtension>
            <ns3:atemp>14.0</ns3:atemp>
            <ns3:hr>126</ns3:hr>
          </ns3:TrackPointExtension>
        </extensions>
      </trkpt>
      <trkpt lat="59.96345610357820987701416015625" lon="30.311214588582515716552734375">
        <ele>33</ele>
        <time>2026-04-06T16:31:23.000Z</time>
        <extensions>
          <ns3:TrackPointExtension>
            <ns3:atemp>14.0</ns3:atemp>
            <ns3:hr>127</ns3:hr>
          </ns3:TrackPointExtension>
        </extensions>
      </trkpt>
      <trkpt lat="59.96351142413914203643798828125" lon="30.31121534295380115509033203125">
        <ele>32.799999237060546875</ele>
        <time>2026-04-06T16:31:26.000Z</time>
        <extensions>
          <ns3:TrackPointExtension>
            <ns3:atemp>14.0</ns3:atemp>
            <ns3:hr>126</ns3:hr>
          </ns3:TrackPointExtension>
        </extensions>
      </trkpt>
      <trkpt lat="59.96352047659456729888916015625" lon="30.311189778149127960205078125">
        <ele>32.59999847412109375</ele>
        <time>2026-04-06T16:31:27.000Z</time>
        <extensions>
          <ns3:TrackPointExtension>
            <ns3:atemp>14.0</ns3:atemp>
            <ns3:hr>125</ns3:hr>
          </ns3:TrackPointExtension>
        </extensions>
      </trkpt>
      <trkpt lat="59.96352667920291423797607421875" lon="30.3111802227795124053955078125">
        <ele>32.40000152587890625</ele>
        <time>2026-04-06T16:31:28.000Z</time>
        <extensions>
          <ns3:TrackPointExtension>
            <ns3:atemp>14.0</ns3:atemp>
            <ns3:hr>127</ns3:hr>
          </ns3:TrackPointExtension>
        </extensions>
      </trkpt>
      <trkpt lat="59.9635671637952327728271484375" lon="30.3112298436462879180908203125">
        <ele>32.40000152587890625</ele>
        <time>2026-04-06T16:31:31.000Z</time>
        <extensions>
          <ns3:TrackPointExtension>
            <ns3:atemp>14.0</ns3:atemp>
            <ns3:hr>128</ns3:hr>
          </ns3:TrackPointExtension>
        </extensions>
      </trkpt>
      <trkpt lat="59.96357462368905544281005859375" lon="30.31125658191740512847900390625">
        <ele>32.40000152587890625</ele>
        <time>2026-04-06T16:31:32.000Z</time>
        <extensions>
          <ns3:TrackPointExtension>
            <ns3:atemp>14.0</ns3:atemp>
            <ns3:hr>125</ns3:hr>
          </ns3:TrackPointExtension>
        </extensions>
      </trkpt>
      <trkpt lat="59.963607229292392730712890625" lon="30.31133352778851985931396484375">
        <ele>32.200000762939453125</ele>
        <time>2026-04-06T16:31:34.000Z</time>
        <extensions>
          <ns3:TrackPointExtension>
            <ns3:atemp>14.0</ns3:atemp>
            <ns3:hr>127</ns3:hr>
          </ns3:TrackPointExtension>
        </extensions>
      </trkpt>
      <trkpt lat="59.9636538326740264892578125" lon="30.3114335238933563232421875">
        <ele>32.200000762939453125</ele>
        <time>2026-04-06T16:31:36.000Z</time>
        <extensions>
          <ns3:TrackPointExtension>
            <ns3:atemp>14.0</ns3:atemp>
            <ns3:hr>126</ns3:hr>
          </ns3:TrackPointExtension>
        </extensions>
      </trkpt>
      <trkpt lat="59.96370789594948291778564453125" lon="30.31173015944659709930419921875">
        <ele>31.799999237060546875</ele>
        <time>2026-04-06T16:31:41.000Z</time>
        <extensions>
          <ns3:TrackPointExtension>
            <ns3:atemp>14.0</ns3:atemp>
            <ns3:hr>127</ns3:hr>
          </ns3:TrackPointExtension>
        </extensions>
      </trkpt>
      <trkpt lat="59.9638387374579906463623046875" lon="30.31198899261653423309326171875">
        <ele>32</ele>
        <time>2026-04-06T16:31:47.000Z</time>
        <extensions>
          <ns3:TrackPointExtension>
            <ns3:atemp>14.0</ns3:atemp>
            <ns3:hr>128</ns3:hr>
          </ns3:TrackPointExtension>
        </extensions>
      </trkpt>
      <trkpt lat="59.9639316089451313018798828125" lon="30.3121498413383960723876953125">
        <ele>32.200000762939453125</ele>
        <time>2026-04-06T16:31:53.000Z</time>
        <extensions>
          <ns3:TrackPointExtension>
            <ns3:atemp>14.0</ns3:atemp>
            <ns3:hr>128</ns3:hr>
          </ns3:TrackPointExtension>
        </extensions>
      </trkpt>
      <trkpt lat="59.96399338357150554656982421875" lon="30.312217734754085540771484375">
        <ele>32.200000762939453125</ele>
        <time>2026-04-06T16:31:58.000Z</time>
        <extensions>
          <ns3:TrackPointExtension>
            <ns3:atemp>14.0</ns3:atemp>
            <ns3:hr>125</ns3:hr>
          </ns3:TrackPointExtension>
        </extensions>
      </trkpt>
      <trkpt lat="59.963974691927433013916015625" lon="30.3122671879827976226806640625">
        <ele>32</ele>
        <time>2026-04-06T16:32:05.000Z</time>
        <extensions>
          <ns3:TrackPointExtension>
            <ns3:atemp>14.0</ns3:atemp>
            <ns3:hr>127</ns3:hr>
          </ns3:TrackPointExtension>
        </extensions>
      </trkpt>
      <trkpt lat="59.963973350822925567626953125" lon="30.3122655116021633148193359375">
        <ele>32</ele>
        <time>2026-04-06T16:32:08.000Z</time>
        <extensions>
          <ns3:TrackPointExtension>
            <ns3:atemp>15.0</ns3:atemp>
            <ns3:hr>124</ns3:hr>
          </ns3:TrackPointExtension>
        </extensions>
      </trkpt>
      <trkpt lat="59.96397636830806732177734375" lon="30.31225989572703838348388671875">
        <ele>31.799999237060546875</ele>
        <time>2026-04-06T16:32:11.000Z</time>
        <extensions>
          <ns3:TrackPointExtension>
            <ns3:atemp>15.0</ns3:atemp>
            <ns3:hr>121</ns3:hr>
          </ns3:TrackPointExtension>
        </extensions>
      </trkpt>
      <trkpt lat="59.96397444047033786773681640625" lon="30.31228085048496723175048828125">
        <ele>31.6000003814697265625</ele>
        <time>2026-04-06T16:32:14.000Z</time>
        <extensions>
          <ns3:TrackPointExtension>
            <ns3:atemp>15.0</ns3:atemp>
            <ns3:hr>122</ns3:hr>
          </ns3:TrackPointExtension>
        </extensions>
      </trkpt>
      <trkpt lat="59.96405473910272121429443359375" lon="30.312294177711009979248046875">
        <ele>31.3999996185302734375</ele>
        <time>2026-04-06T16:32:18.000Z</time>
        <extensions>
          <ns3:TrackPointExtension>
            <ns3:atemp>15.0</ns3:atemp>
            <ns3:hr>119</ns3:hr>
          </ns3:TrackPointExtension>
        </extensions>
      </trkpt>
      <trkpt lat="59.96409614570438861846923828125" lon="30.31229074113070964813232421875">
        <ele>31.3999996185302734375</ele>
        <time>2026-04-06T16:32:19.000Z</time>
        <extensions>
          <ns3:TrackPointExtension>
            <ns3:atemp>15.0</ns3:atemp>
            <ns3:hr>121</ns3:hr>
          </ns3:TrackPointExtension>
        </extensions>
      </trkpt>
      <trkpt lat="59.96412397362291812896728515625" lon="30.3122799284756183624267578125">
        <ele>31</ele>
        <time>2026-04-06T16:32:24.000Z</time>
        <extensions>
          <ns3:TrackPointExtension>
            <ns3:atemp>15.0</ns3:atemp>
            <ns3:hr>122</ns3:hr>
          </ns3:TrackPointExtension>
        </extensions>
      </trkpt>
      <trkpt lat="59.96414107270538806915283203125" lon="30.31229057349264621734619140625">
        <ele>30.6000003814697265625</ele>
        <time>2026-04-06T16:32:27.000Z</time>
        <extensions>
          <ns3:TrackPointExtension>
            <ns3:atemp>15.0</ns3:atemp>
            <ns3:hr>119</ns3:hr>
          </ns3:TrackPointExtension>
        </extensions>
      </trkpt>
      <trkpt lat="59.96416538022458553314208984375" lon="30.31229208223521709442138671875">
        <ele>30.3999996185302734375</ele>
        <time>2026-04-06T16:32:29.000Z</time>
        <extensions>
          <ns3:TrackPointExtension>
            <ns3:atemp>15.0</ns3:atemp>
            <ns3:hr>117</ns3:hr>
          </ns3:TrackPointExtension>
        </extensions>
      </trkpt>
      <trkpt lat="59.96422581374645233154296875" lon="30.3123355843126773834228515625">
        <ele>30.200000762939453125</ele>
        <time>2026-04-06T16:32:31.000Z</time>
        <extensions>
          <ns3:TrackPointExtension>
            <ns3:atemp>15.0</ns3:atemp>
            <ns3:hr>117</ns3:hr>
          </ns3:TrackPointExtension>
        </extensions>
      </trkpt>
      <trkpt lat="59.96426738798618316650390625" lon="30.3123912401497364044189453125">
        <ele>30.200000762939453125</ele>
        <time>2026-04-06T16:32:32.000Z</time>
        <extensions>
          <ns3:TrackPointExtension>
            <ns3:atemp>15.0</ns3:atemp>
            <ns3:hr>117</ns3:hr>
          </ns3:TrackPointExtension>
        </extensions>
      </trkpt>
      <trkpt lat="59.9643909372389316558837890625" lon="30.31256600283086299896240234375">
        <ele>30</ele>
        <time>2026-04-06T16:32:35.000Z</time>
        <extensions>
          <ns3:TrackPointExtension>
            <ns3:atemp>15.0</ns3:atemp>
            <ns3:hr>117</ns3:hr>
          </ns3:TrackPointExtension>
        </extensions>
      </trkpt>
      <trkpt lat="59.96453418396413326263427734375" lon="30.312677733600139617919921875">
        <ele>30</ele>
        <time>2026-04-06T16:32:38.000Z</time>
        <extensions>
          <ns3:TrackPointExtension>
            <ns3:atemp>15.0</ns3:atemp>
            <ns3:hr>117</ns3:hr>
          </ns3:TrackPointExtension>
        </extensions>
      </trkpt>
      <trkpt lat="59.9645867384970188140869140625" lon="30.31268812716007232666015625">
        <ele>30.200000762939453125</ele>
        <time>2026-04-06T16:32:39.000Z</time>
        <extensions>
          <ns3:TrackPointExtension>
            <ns3:atemp>15.0</ns3:atemp>
            <ns3:hr>116</ns3:hr>
          </ns3:TrackPointExtension>
        </extensions>
      </trkpt>
      <trkpt lat="59.96466695331037044525146484375" lon="30.31262031756341457366943359375">
        <ele>30.3999996185302734375</ele>
        <time>2026-04-06T16:32:41.000Z</time>
        <extensions>
          <ns3:TrackPointExtension>
            <ns3:atemp>15.0</ns3:atemp>
            <ns3:hr>119</ns3:hr>
          </ns3:TrackPointExtension>
        </extensions>
      </trkpt>
      <trkpt lat="59.9647052586078643798828125" lon="30.3125736303627490997314453125">
        <ele>30.3999996185302734375</ele>
        <time>2026-04-06T16:32:42.000Z</time>
        <extensions>
          <ns3:TrackPointExtension>
            <ns3:atemp>15.0</ns3:atemp>
            <ns3:hr>119</ns3:hr>
          </ns3:TrackPointExtension>
        </extensions>
      </trkpt>
      <trkpt lat="59.96498697437345981597900390625" lon="30.312352515757083892822265625">
        <ele>30.3999996185302734375</ele>
        <time>2026-04-06T16:32:47.000Z</time>
        <extensions>
          <ns3:TrackPointExtension>
            <ns3:atemp>15.0</ns3:atemp>
            <ns3:hr>120</ns3:hr>
          </ns3:TrackPointExtension>
        </extensions>
      </trkpt>
      <trkpt lat="59.9652733840048313140869140625" lon="30.31216333620250225067138671875">
        <ele>30.6000003814697265625</ele>
        <time>2026-04-06T16:32:52.000Z</time>
        <extensions>
          <ns3:TrackPointExtension>
            <ns3:atemp>15.0</ns3:atemp>
            <ns3:hr>120</ns3:hr>
          </ns3:TrackPointExtension>
        </extensions>
      </trkpt>
      <trkpt lat="59.96531772427260875701904296875" lon="30.31214590184390544891357421875">
        <ele>30.799999237060546875</ele>
        <time>2026-04-06T16:32:53.000Z</time>
        <extensions>
          <ns3:TrackPointExtension>
            <ns3:atemp>15.0</ns3:atemp>
            <ns3:hr>121</ns3:hr>
          </ns3:TrackPointExtension>
        </extensions>
      </trkpt>
      <trkpt lat="59.96542342007160186767578125" lon="30.31226978637278079986572265625">
        <ele>31</ele>
        <time>2026-04-06T16:32:56.000Z</time>
        <extensions>
          <ns3:TrackPointExtension>
            <ns3:atemp>15.0</ns3:atemp>
            <ns3:hr>123</ns3:hr>
          </ns3:TrackPointExtension>
        </extensions>
      </trkpt>
      <trkpt lat="59.9654581211507320404052734375" lon="30.312307588756084442138671875">
        <ele>31</ele>
        <time>2026-04-06T16:32:57.000Z</time>
        <extensions>
          <ns3:TrackPointExtension>
            <ns3:atemp>15.0</ns3:atemp>
            <ns3:hr>120</ns3:hr>
          </ns3:TrackPointExtension>
        </extensions>
      </trkpt>
      <trkpt lat="59.9655208177864551544189453125" lon="30.31237053684890270233154296875">
        <ele>30.799999237060546875</ele>
        <time>2026-04-06T16:32:59.000Z</time>
        <extensions>
          <ns3:TrackPointExtension>
            <ns3:atemp>15.0</ns3:atemp>
            <ns3:hr>124</ns3:hr>
          </ns3:TrackPointExtension>
        </extensions>
      </trkpt>
      <trkpt lat="59.9656039662659168243408203125" lon="30.3124487400054931640625">
        <ele>30.799999237060546875</ele>
        <time>2026-04-06T16:33:01.000Z</time>
        <extensions>
          <ns3:TrackPointExtension>
            <ns3:atemp>15.0</ns3:atemp>
            <ns3:hr>129</ns3:hr>
          </ns3:TrackPointExtension>
        </extensions>
      </trkpt>
      <trkpt lat="59.96563606895506381988525390625" lon="30.31247464008629322052001953125">
        <ele>30.799999237060546875</ele>
        <time>2026-04-06T16:33:02.000Z</time>
        <extensions>
          <ns3:TrackPointExtension>
            <ns3:atemp>15.0</ns3:atemp>
            <ns3:hr>132</ns3:hr>
          </ns3:TrackPointExtension>
        </extensions>
      </trkpt>
      <trkpt lat="59.96564344502985477447509765625" lon="30.3124945051968097686767578125">
        <ele>31</ele>
        <time>2026-04-06T16:33:03.000Z</time>
        <extensions>
          <ns3:TrackPointExtension>
            <ns3:atemp>15.0</ns3:atemp>
            <ns3:hr>135</ns3:hr>
          </ns3:TrackPointExtension>
        </extensions>
      </trkpt>
      <trkpt lat="59.9656468816101551055908203125" lon="30.312509424984455108642578125">
        <ele>31</ele>
        <time>2026-04-06T16:33:04.000Z</time>
        <extensions>
          <ns3:TrackPointExtension>
            <ns3:atemp>15.0</ns3:atemp>
            <ns3:hr>135</ns3:hr>
          </ns3:TrackPointExtension>
        </extensions>
      </trkpt>
      <trkpt lat="59.9656861089169979095458984375" lon="30.31251906417310237884521484375">
        <ele>31.200000762939453125</ele>
        <time>2026-04-06T16:33:05.000Z</time>
        <extensions>
          <ns3:TrackPointExtension>
            <ns3:atemp>15.0</ns3:atemp>
            <ns3:hr>135</ns3:hr>
          </ns3:TrackPointExtension>
        </extensions>
      </trkpt>
      <trkpt lat="59.9657122604548931121826171875" lon="30.31254353933036327362060546875">
        <ele>31.200000762939453125</ele>
        <time>2026-04-06T16:33:08.000Z</time>
        <extensions>
          <ns3:TrackPointExtension>
            <ns3:atemp>15.0</ns3:atemp>
            <ns3:hr>134</ns3:hr>
          </ns3:TrackPointExtension>
        </extensions>
      </trkpt>
      <trkpt lat="59.96568568982183933258056640625" lon="30.312555693089962005615234375">
        <ele>31.3999996185302734375</ele>
        <time>2026-04-06T16:33:13.000Z</time>
        <extensions>
          <ns3:TrackPointExtension>
            <ns3:atemp>15.0</ns3:atemp>
            <ns3:hr>132</ns3:hr>
          </ns3:TrackPointExtension>
        </extensions>
      </trkpt>
      <trkpt lat="59.96570329181849956512451171875" lon="30.3125290386378765106201171875">
        <ele>31.6000003814697265625</ele>
        <time>2026-04-06T16:33:22.000Z</time>
        <extensions>
          <ns3:TrackPointExtension>
            <ns3:atemp>15.0</ns3:atemp>
            <ns3:hr>132</ns3:hr>
          </ns3:TrackPointExtension>
        </extensions>
      </trkpt>
      <trkpt lat="59.96570161543786525726318359375" lon="30.312515795230865478515625">
        <ele>31.6000003814697265625</ele>
        <time>2026-04-06T16:33:30.000Z</time>
        <extensions>
          <ns3:TrackPointExtension>
            <ns3:atemp>15.0</ns3:atemp>
            <ns3:hr>127</ns3:hr>
          </ns3:TrackPointExtension>
        </extensions>
      </trkpt>
      <trkpt lat="59.96570236980915069580078125" lon="30.31251420266926288604736328125">
        <ele>31.6000003814697265625</ele>
        <time>2026-04-06T16:33:32.000Z</time>
        <extensions>
          <ns3:TrackPointExtension>
            <ns3:atemp>15.0</ns3:atemp>
            <ns3:hr>124</ns3:hr>
          </ns3:TrackPointExtension>
        </extensions>
      </trkpt>
      <trkpt lat="59.96571687050163745880126953125" lon="30.312514118850231170654296875">
        <ele>31.6000003814697265625</ele>
        <time>2026-04-06T16:33:34.000Z</time>
        <extensions>
          <ns3:TrackPointExtension>
            <ns3:atemp>15.0</ns3:atemp>
            <ns3:hr>123</ns3:hr>
          </ns3:TrackPointExtension>
        </extensions>
      </trkpt>
      <trkpt lat="59.96581443585455417633056640625" lon="30.3124569542706012725830078125">
        <ele>31.6000003814697265625</ele>
        <time>2026-04-06T16:33:38.000Z</time>
        <extensions>
          <ns3:TrackPointExtension>
            <ns3:atemp>15.0</ns3:atemp>
            <ns3:hr>121</ns3:hr>
          </ns3:TrackPointExtension>
        </extensions>
      </trkpt>
      <trkpt lat="59.96596950106322765350341796875" lon="30.31235796399414539337158203125">
        <ele>32</ele>
        <time>2026-04-06T16:33:43.000Z</time>
        <extensions>
          <ns3:TrackPointExtension>
            <ns3:atemp>15.0</ns3:atemp>
            <ns3:hr>121</ns3:hr>
          </ns3:TrackPointExtension>
        </extensions>
      </trkpt>
      <trkpt lat="59.96599582023918628692626953125" lon="30.31236399896442890167236328125">
        <ele>32.40000152587890625</ele>
        <time>2026-04-06T16:33:45.000Z</time>
        <extensions>
          <ns3:TrackPointExtension>
            <ns3:atemp>15.0</ns3:atemp>
            <ns3:hr>121</ns3:hr>
          </ns3:TrackPointExtension>
        </extensions>
      </trkpt>
      <trkpt lat="59.96605566702783107757568359375" lon="30.31241185963153839111328125">
        <ele>32.59999847412109375</ele>
        <time>2026-04-06T16:33:49.000Z</time>
        <extensions>
          <ns3:TrackPointExtension>
            <ns3:atemp>15.0</ns3:atemp>
            <ns3:hr>121</ns3:hr>
          </ns3:TrackPointExtension>
        </extensions>
      </trkpt>
      <trkpt lat="59.96619095094501972198486328125" lon="30.3126252628862857818603515625">
        <ele>32.59999847412109375</ele>
        <time>2026-04-06T16:33:54.000Z</time>
        <extensions>
          <ns3:TrackPointExtension>
            <ns3:atemp>15.0</ns3:atemp>
            <ns3:hr>123</ns3:hr>
          </ns3:TrackPointExtension>
        </extensions>
      </trkpt>
      <trkpt lat="59.9662435054779052734375" lon="30.31264177523553371429443359375">
        <ele>32.59999847412109375</ele>
        <time>2026-04-06T16:33:55.000Z</time>
        <extensions>
          <ns3:TrackPointExtension>
            <ns3:atemp>15.0</ns3:atemp>
            <ns3:hr>124</ns3:hr>
          </ns3:TrackPointExtension>
        </extensions>
      </trkpt>
      <trkpt lat="59.96629002504050731658935546875" lon="30.31266658566892147064208984375">
        <ele>32.59999847412109375</ele>
        <time>2026-04-06T16:33:56.000Z</time>
        <extensions>
          <ns3:TrackPointExtension>
            <ns3:atemp>15.0</ns3:atemp>
            <ns3:hr>127</ns3:hr>
          </ns3:TrackPointExtension>
        </extensions>
      </trkpt>
      <trkpt lat="59.96633042581379413604736328125" lon="30.3127022087574005126953125">
        <ele>32.40000152587890625</ele>
        <time>2026-04-06T16:33:57.000Z</time>
        <extensions>
          <ns3:TrackPointExtension>
            <ns3:atemp>15.0</ns3:atemp>
            <ns3:hr>130</ns3:hr>
          </ns3:TrackPointExtension>
        </extensions>
      </trkpt>
      <trkpt lat="59.96637317351996898651123046875" lon="30.31274378299713134765625">
        <ele>32.40000152587890625</ele>
        <time>2026-04-06T16:33:58.000Z</time>
        <extensions>
          <ns3:TrackPointExtension>
            <ns3:atemp>15.0</ns3:atemp>
            <ns3:hr>132</ns3:hr>
          </ns3:TrackPointExtension>
        </extensions>
      </trkpt>
      <trkpt lat="59.96648532338440418243408203125" lon="30.31281896866858005523681640625">
        <ele>32.40000152587890625</ele>
        <time>2026-04-06T16:34:00.000Z</time>
        <extensions>
          <ns3:TrackPointExtension>
            <ns3:atemp>15.0</ns3:atemp>
            <ns3:hr>133</ns3:hr>
          </ns3:TrackPointExtension>
        </extensions>
      </trkpt>
      <trkpt lat="59.96657408773899078369140625" lon="30.3129685856401920318603515625">
        <ele>32.799999237060546875</ele>
        <time>2026-04-06T16:34:03.000Z</time>
        <extensions>
          <ns3:TrackPointExtension>
            <ns3:atemp>15.0</ns3:atemp>
            <ns3:hr>133</ns3:hr>
          </ns3:TrackPointExtension>
        </extensions>
      </trkpt>
      <trkpt lat="59.96680802665650844573974609375" lon="30.313284583389759063720703125">
        <ele>33</ele>
        <time>2026-04-06T16:34:09.000Z</time>
        <extensions>
          <ns3:TrackPointExtension>
            <ns3:atemp>15.0</ns3:atemp>
            <ns3:hr>131</ns3:hr>
          </ns3:TrackPointExtension>
        </extensions>
      </trkpt>
      <trkpt lat="59.96695370413362979888916015625" lon="30.3133943863213062286376953125">
        <ele>33.200000762939453125</ele>
        <time>2026-04-06T16:34:14.000Z</time>
        <extensions>
          <ns3:TrackPointExtension>
            <ns3:atemp>15.0</ns3:atemp>
            <ns3:hr>131</ns3:hr>
          </ns3:TrackPointExtension>
        </extensions>
      </trkpt>
      <trkpt lat="59.967031739652156829833984375" lon="30.31356998719274997711181640625">
        <ele>33.40000152587890625</ele>
        <time>2026-04-06T16:34:18.000Z</time>
        <extensions>
          <ns3:TrackPointExtension>
            <ns3:atemp>15.0</ns3:atemp>
            <ns3:hr>132</ns3:hr>
          </ns3:TrackPointExtension>
        </extensions>
      </trkpt>
      <trkpt lat="59.96710323728621006011962890625" lon="30.31358742155134677886962890625">
        <ele>33.59999847412109375</ele>
        <time>2026-04-06T16:34:20.000Z</time>
        <extensions>
          <ns3:TrackPointExtension>
            <ns3:atemp>15.0</ns3:atemp>
            <ns3:hr>133</ns3:hr>
          </ns3:TrackPointExtension>
        </extensions>
      </trkpt>
      <trkpt lat="59.9673946760594844818115234375" lon="30.31358339823782444000244140625">
        <ele>33.799999237060546875</ele>
        <time>2026-04-06T16:34:25.000Z</time>
        <extensions>
          <ns3:TrackPointExtension>
            <ns3:atemp>15.0</ns3:atemp>
            <ns3:hr>134</ns3:hr>
          </ns3:TrackPointExtension>
        </extensions>
      </trkpt>
      <trkpt lat="59.96745946817100048065185546875" lon="30.3135844878852367401123046875">
        <ele>33.799999237060546875</ele>
        <time>2026-04-06T16:34:26.000Z</time>
        <extensions>
          <ns3:TrackPointExtension>
            <ns3:atemp>14.0</ns3:atemp>
            <ns3:hr>134</ns3:hr>
          </ns3:TrackPointExtension>
        </extensions>
      </trkpt>
      <trkpt lat="59.96767605654895305633544921875" lon="30.31399327330291271209716796875">
        <ele>34.200000762939453125</ele>
        <time>2026-04-06T16:34:30.000Z</time>
        <extensions>
          <ns3:TrackPointExtension>
            <ns3:atemp>14.0</ns3:atemp>
            <ns3:hr>134</ns3:hr>
          </ns3:TrackPointExtension>
        </extensions>
      </trkpt>
      <trkpt lat="59.967753253877162933349609375" lon="30.31410056166350841522216796875">
        <ele>34.59999847412109375</ele>
        <time>2026-04-06T16:34:33.000Z</time>
        <extensions>
          <ns3:TrackPointExtension>
            <ns3:atemp>14.0</ns3:atemp>
            <ns3:hr>134</ns3:hr>
          </ns3:TrackPointExtension>
        </extensions>
      </trkpt>
      <trkpt lat="59.96779583394527435302734375" lon="30.314126797020435333251953125">
        <ele>34.59999847412109375</ele>
        <time>2026-04-06T16:34:34.000Z</time>
        <extensions>
          <ns3:TrackPointExtension>
            <ns3:atemp>14.0</ns3:atemp>
            <ns3:hr>134</ns3:hr>
          </ns3:TrackPointExtension>
        </extensions>
      </trkpt>
      <trkpt lat="59.96802139095962047576904296875" lon="30.3142788447439670562744140625">
        <ele>34.40000152587890625</ele>
        <time>2026-04-06T16:34:39.000Z</time>
        <extensions>
          <ns3:TrackPointExtension>
            <ns3:atemp>14.0</ns3:atemp>
            <ns3:hr>136</ns3:hr>
          </ns3:TrackPointExtension>
        </extensions>
      </trkpt>
      <trkpt lat="59.96806715615093708038330078125" lon="30.314303152263164520263671875">
        <ele>34.40000152587890625</ele>
        <time>2026-04-06T16:34:40.000Z</time>
        <extensions>
          <ns3:TrackPointExtension>
            <ns3:atemp>14.0</ns3:atemp>
            <ns3:hr>138</ns3:hr>
          </ns3:TrackPointExtension>
        </extensions>
      </trkpt>
      <trkpt lat="59.9681839160621166229248046875" lon="30.31431019306182861328125">
        <ele>34.200000762939453125</ele>
        <time>2026-04-06T16:34:42.000Z</time>
        <extensions>
          <ns3:TrackPointExtension>
            <ns3:atemp>14.0</ns3:atemp>
            <ns3:hr>141</ns3:hr>
          </ns3:TrackPointExtension>
        </extensions>
      </trkpt>
      <trkpt lat="59.96839740313589572906494140625" lon="30.31430139206349849700927734375">
        <ele>34.200000762939453125</ele>
        <time>2026-04-06T16:34:45.000Z</time>
        <extensions>
          <ns3:TrackPointExtension>
            <ns3:atemp>14.0</ns3:atemp>
            <ns3:hr>143</ns3:hr>
          </ns3:TrackPointExtension>
        </extensions>
      </trkpt>
      <trkpt lat="59.96873318217694759368896484375" lon="30.31428747810423374176025390625">
        <ele>34.200000762939453125</ele>
        <time>2026-04-06T16:34:51.000Z</time>
        <extensions>
          <ns3:TrackPointExtension>
            <ns3:atemp>14.0</ns3:atemp>
            <ns3:hr>142</ns3:hr>
          </ns3:TrackPointExtension>
        </extensions>
      </trkpt>
      <trkpt lat="59.969066195189952850341796875" lon="30.3142624162137508392333984375">
        <ele>33.59999847412109375</ele>
        <time>2026-04-06T16:34:57.000Z</time>
        <extensions>
          <ns3:TrackPointExtension>
            <ns3:atemp>14.0</ns3:atemp>
            <ns3:hr>141</ns3:hr>
          </ns3:TrackPointExtension>
        </extensions>
      </trkpt>
      <trkpt lat="59.9694150499999523162841796875" lon="30.3142540343105792999267578125">
        <ele>33.59999847412109375</ele>
        <time>2026-04-06T16:35:04.000Z</time>
        <extensions>
          <ns3:TrackPointExtension>
            <ns3:atemp>14.0</ns3:atemp>
            <ns3:hr>142</ns3:hr>
          </ns3:TrackPointExtension>
        </extensions>
      </trkpt>
      <trkpt lat="59.96957187540829181671142578125" lon="30.31423215754330158233642578125">
        <ele>33.40000152587890625</ele>
        <time>2026-04-06T16:35:07.000Z</time>
        <extensions>
          <ns3:TrackPointExtension>
            <ns3:atemp>14.0</ns3:atemp>
            <ns3:hr>139</ns3:hr>
          </ns3:TrackPointExtension>
        </extensions>
      </trkpt>
      <trkpt lat="59.9696802534162998199462890625" lon="30.31422444619238376617431640625">
        <ele>33.40000152587890625</ele>
        <time>2026-04-06T16:35:09.000Z</time>
        <extensions>
          <ns3:TrackPointExtension>
            <ns3:atemp>14.0</ns3:atemp>
            <ns3:hr>136</ns3:hr>
          </ns3:TrackPointExtension>
        </extensions>
      </trkpt>
      <trkpt lat="59.969792403280735015869140625" lon="30.3142178244888782501220703125">
        <ele>33.40000152587890625</ele>
        <time>2026-04-06T16:35:11.000Z</time>
        <extensions>
          <ns3:TrackPointExtension>
            <ns3:atemp>14.0</ns3:atemp>
            <ns3:hr>139</ns3:hr>
          </ns3:TrackPointExtension>
        </extensions>
      </trkpt>
      <trkpt lat="59.969851076602935791015625" lon="30.31420625746250152587890625">
        <ele>33.40000152587890625</ele>
        <time>2026-04-06T16:35:12.000Z</time>
        <extensions>
          <ns3:TrackPointExtension>
            <ns3:atemp>14.0</ns3:atemp>
            <ns3:hr>144</ns3:hr>
          </ns3:TrackPointExtension>
        </extensions>
      </trkpt>
      <trkpt lat="59.9698958359658718109130859375" lon="30.31421388499438762664794921875">
        <ele>33.59999847412109375</ele>
        <time>2026-04-06T16:35:13.000Z</time>
        <extensions>
          <ns3:TrackPointExtension>
            <ns3:atemp>14.0</ns3:atemp>
            <ns3:hr>145</ns3:hr>
          </ns3:TrackPointExtension>
        </extensions>
      </trkpt>
      <trkpt lat="59.97000639326870441436767578125" lon="30.3141769208014011383056640625">
        <ele>33.799999237060546875</ele>
        <time>2026-04-06T16:35:16.000Z</time>
        <extensions>
          <ns3:TrackPointExtension>
            <ns3:atemp>14.0</ns3:atemp>
            <ns3:hr>147</ns3:hr>
          </ns3:TrackPointExtension>
        </extensions>
      </trkpt>
      <trkpt lat="59.97014586813747882843017578125" lon="30.31417147256433963775634765625">
        <ele>34</ele>
        <time>2026-04-06T16:35:20.000Z</time>
        <extensions>
          <ns3:TrackPointExtension>
            <ns3:atemp>14.0</ns3:atemp>
            <ns3:hr>147</ns3:hr>
          </ns3:TrackPointExtension>
        </extensions>
      </trkpt>
      <trkpt lat="59.97027687728404998779296875" lon="30.3143140487372875213623046875">
        <ele>34.200000762939453125</ele>
        <time>2026-04-06T16:35:24.000Z</time>
        <extensions>
          <ns3:TrackPointExtension>
            <ns3:atemp>14.0</ns3:atemp>
            <ns3:hr>147</ns3:hr>
          </ns3:TrackPointExtension>
        </extensions>
      </trkpt>
      <trkpt lat="59.9703662283718585968017578125" lon="30.31445276923477649688720703125">
        <ele>34.40000152587890625</ele>
        <time>2026-04-06T16:35:28.000Z</time>
        <extensions>
          <ns3:TrackPointExtension>
            <ns3:atemp>14.0</ns3:atemp>
            <ns3:hr>145</ns3:hr>
          </ns3:TrackPointExtension>
        </extensions>
      </trkpt>
      <trkpt lat="59.97034837491810321807861328125" lon="30.31448964960873126983642578125">
        <ele>34.59999847412109375</ele>
        <time>2026-04-06T16:35:29.000Z</time>
        <extensions>
          <ns3:TrackPointExtension>
            <ns3:atemp>14.0</ns3:atemp>
            <ns3:hr>144</ns3:hr>
          </ns3:TrackPointExtension>
        </extensions>
      </trkpt>
      <trkpt lat="59.97033496387302875518798828125" lon="30.31449685804545879364013671875">
        <ele>34.40000152587890625</ele>
        <time>2026-04-06T16:35:34.000Z</time>
        <extensions>
          <ns3:TrackPointExtension>
            <ns3:atemp>14.0</ns3:atemp>
            <ns3:hr>144</ns3:hr>
          </ns3:TrackPointExtension>
        </extensions>
      </trkpt>
      <trkpt lat="59.97033680789172649383544921875" lon="30.31449618749320507049560546875">
        <ele>34.40000152587890625</ele>
        <time>2026-04-06T16:35:36.000Z</time>
        <extensions>
          <ns3:TrackPointExtension>
            <ns3:atemp>14.0</ns3:atemp>
            <ns3:hr>143</ns3:hr>
          </ns3:TrackPointExtension>
        </extensions>
      </trkpt>
      <trkpt lat="59.9703752808272838592529296875" lon="30.31447640620172023773193359375">
        <ele>34.200000762939453125</ele>
        <time>2026-04-06T16:35:39.000Z</time>
        <extensions>
          <ns3:TrackPointExtension>
            <ns3:atemp>14.0</ns3:atemp>
            <ns3:hr>143</ns3:hr>
          </ns3:TrackPointExtension>
        </extensions>
      </trkpt>
      <trkpt lat="59.97058667242527008056640625" lon="30.31456307508051395416259765625">
        <ele>34.200000762939453125</ele>
        <time>2026-04-06T16:35:44.000Z</time>
        <extensions>
          <ns3:TrackPointExtension>
            <ns3:atemp>14.0</ns3:atemp>
            <ns3:hr>138</ns3:hr>
          </ns3:TrackPointExtension>
        </extensions>
      </trkpt>
      <trkpt lat="59.97066336683928966522216796875" lon="30.31459677033126354217529296875">
        <ele>34.200000762939453125</ele>
        <time>2026-04-06T16:35:46.000Z</time>
        <extensions>
          <ns3:TrackPointExtension>
            <ns3:atemp>14.0</ns3:atemp>
            <ns3:hr>134</ns3:hr>
          </ns3:TrackPointExtension>
        </extensions>
      </trkpt>
      <trkpt lat="59.97074232436716556549072265625" lon="30.3146533481776714324951171875">
        <ele>34.200000762939453125</ele>
        <time>2026-04-06T16:35:48.000Z</time>
        <extensions>
          <ns3:TrackPointExtension>
            <ns3:atemp>14.0</ns3:atemp>
            <ns3:hr>131</ns3:hr>
          </ns3:TrackPointExtension>
        </extensions>
      </trkpt>
      <trkpt lat="59.970944412052631378173828125" lon="30.3148109279572963714599609375">
        <ele>34.200000762939453125</ele>
        <time>2026-04-06T16:35:51.000Z</time>
        <extensions>
          <ns3:TrackPointExtension>
            <ns3:atemp>14.0</ns3:atemp>
            <ns3:hr>131</ns3:hr>
          </ns3:TrackPointExtension>
        </extensions>
      </trkpt>
      <trkpt lat="59.97123652137815952301025390625" lon="30.31516808085143566131591796875">
        <ele>33.59999847412109375</ele>
        <time>2026-04-06T16:35:57.000Z</time>
        <extensions>
          <ns3:TrackPointExtension>
            <ns3:atemp>14.0</ns3:atemp>
            <ns3:hr>132</ns3:hr>
          </ns3:TrackPointExtension>
        </extensions>
      </trkpt>
      <trkpt lat="59.971364177763462066650390625" lon="30.31521166674792766571044921875">
        <ele>33.40000152587890625</ele>
        <time>2026-04-06T16:35:59.000Z</time>
        <extensions>
          <ns3:TrackPointExtension>
            <ns3:atemp>14.0</ns3:atemp>
            <ns3:hr>132</ns3:hr>
          </ns3:TrackPointExtension>
        </extensions>
      </trkpt>
      <trkpt lat="59.97156391851603984832763671875" lon="30.3152960725128650665283203125">
        <ele>33.40000152587890625</ele>
        <time>2026-04-06T16:36:02.000Z</time>
        <extensions>
          <ns3:TrackPointExtension>
            <ns3:atemp>14.0</ns3:atemp>
            <ns3:hr>132</ns3:hr>
          </ns3:TrackPointExtension>
        </extensions>
      </trkpt>
      <trkpt lat="59.97197781689465045928955078125" lon="30.31558223068714141845703125">
        <ele>33</ele>
        <time>2026-04-06T16:36:09.000Z</time>
        <extensions>
          <ns3:TrackPointExtension>
            <ns3:atemp>14.0</ns3:atemp>
            <ns3:hr>129</ns3:hr>
          </ns3:TrackPointExtension>
        </extensions>
      </trkpt>
      <trkpt lat="59.9720328859984874725341796875" lon="30.3156176023185253143310546875">
        <ele>32.799999237060546875</ele>
        <time>2026-04-06T16:36:10.000Z</time>
        <extensions>
          <ns3:TrackPointExtension>
            <ns3:atemp>14.0</ns3:atemp>
            <ns3:hr>132</ns3:hr>
          </ns3:TrackPointExtension>
        </extensions>
      </trkpt>
      <trkpt lat="59.97208208777010440826416015625" lon="30.31565138138830661773681640625">
        <ele>32.799999237060546875</ele>
        <time>2026-04-06T16:36:11.000Z</time>
        <extensions>
          <ns3:TrackPointExtension>
            <ns3:atemp>14.0</ns3:atemp>
            <ns3:hr>132</ns3:hr>
          </ns3:TrackPointExtension>
        </extensions>
      </trkpt>
      <trkpt lat="59.9725669808685779571533203125" lon="30.31587501056492328643798828125">
        <ele>33</ele>
        <time>2026-04-06T16:36:17.000Z</time>
        <extensions>
          <ns3:TrackPointExtension>
            <ns3:atemp>14.0</ns3:atemp>
            <ns3:hr>130</ns3:hr>
          </ns3:TrackPointExtension>
        </extensions>
      </trkpt>
      <trkpt lat="59.97276320122182369232177734375" lon="30.3159530460834503173828125">
        <ele>33</ele>
        <time>2026-04-06T16:36:19.000Z</time>
        <extensions>
          <ns3:TrackPointExtension>
            <ns3:atemp>13.0</ns3:atemp>
            <ns3:hr>136</ns3:hr>
          </ns3:TrackPointExtension>
        </extensions>
      </trkpt>
      <trkpt lat="59.97286981903016567230224609375" lon="30.31599797308444976806640625">
        <ele>33</ele>
        <time>2026-04-06T16:36:20.000Z</time>
        <extensions>
          <ns3:TrackPointExtension>
            <ns3:atemp>13.0</ns3:atemp>
            <ns3:hr>141</ns3:hr>
          </ns3:TrackPointExtension>
        </extensions>
      </trkpt>
      <trkpt lat="59.9730289913713932037353515625" lon="30.3160383738577365875244140625">
        <ele>33.40000152587890625</ele>
        <time>2026-04-06T16:36:22.000Z</time>
        <extensions>
          <ns3:TrackPointExtension>
            <ns3:atemp>13.0</ns3:atemp>
            <ns3:hr>145</ns3:hr>
          </ns3:TrackPointExtension>
        </extensions>
      </trkpt>
      <trkpt lat="59.9731828831136226654052734375" lon="30.3159662894904613494873046875">
        <ele>33.59999847412109375</ele>
        <time>2026-04-06T16:36:25.000Z</time>
        <extensions>
          <ns3:TrackPointExtension>
            <ns3:atemp>13.0</ns3:atemp>
            <ns3:hr>146</ns3:hr>
          </ns3:TrackPointExtension>
        </extensions>
      </trkpt>
      <trkpt lat="59.973283968865871429443359375" lon="30.3158851526677608489990234375">
        <ele>33.59999847412109375</ele>
        <time>2026-04-06T16:36:27.000Z</time>
        <extensions>
          <ns3:TrackPointExtension>
            <ns3:atemp>13.0</ns3:atemp>
            <ns3:hr>145</ns3:hr>
          </ns3:TrackPointExtension>
        </extensions>
      </trkpt>
      <trkpt lat="59.9734024889767169952392578125" lon="30.31607131473720073699951171875">
        <ele>33.59999847412109375</ele>
        <time>2026-04-06T16:36:29.000Z</time>
        <extensions>
          <ns3:TrackPointExtension>
            <ns3:atemp>13.0</ns3:atemp>
            <ns3:hr>144</ns3:hr>
          </ns3:TrackPointExtension>
        </extensions>
      </trkpt>
      <trkpt lat="59.9757547862827777862548828125" lon="30.31636233441531658172607421875">
        <ele>33.40000152587890625</ele>
        <time>2026-04-06T16:36:56.000Z</time>
        <extensions>
          <ns3:TrackPointExtension>
            <ns3:atemp>13.0</ns3:atemp>
            <ns3:hr>145</ns3:hr>
          </ns3:TrackPointExtension>
        </extensions>
      </trkpt>
      <trkpt lat="59.9757899902760982513427734375" lon="30.31646274961531162261962890625">
        <ele>33.59999847412109375</ele>
        <time>2026-04-06T16:36:58.000Z</time>
        <extensions>
          <ns3:TrackPointExtension>
            <ns3:atemp>13.0</ns3:atemp>
            <ns3:hr>144</ns3:hr>
          </ns3:TrackPointExtension>
        </extensions>
      </trkpt>
      <trkpt lat="59.97583718039095401763916015625" lon="30.31650583259761333465576171875">
        <ele>33.799999237060546875</ele>
        <time>2026-04-06T16:36:59.000Z</time>
        <extensions>
          <ns3:TrackPointExtension>
            <ns3:atemp>13.0</ns3:atemp>
            <ns3:hr>144</ns3:hr>
          </ns3:TrackPointExtension>
        </extensions>
      </trkpt>
      <trkpt lat="59.97555269859731197357177734375" lon="30.31697102822363376617431640625">
        <ele>33.40000152587890625</ele>
        <time>2026-04-06T16:37:05.000Z</time>
        <extensions>
          <ns3:TrackPointExtension>
            <ns3:atemp>13.0</ns3:atemp>
            <ns3:hr>144</ns3:hr>
          </ns3:TrackPointExtension>
        </extensions>
      </trkpt>
      <trkpt lat="59.97559829615056514739990234375" lon="30.31712776981294155120849609375">
        <ele>33.59999847412109375</ele>
        <time>2026-04-06T16:37:08.000Z</time>
        <extensions>
          <ns3:TrackPointExtension>
            <ns3:atemp>13.0</ns3:atemp>
            <ns3:hr>143</ns3:hr>
          </ns3:TrackPointExtension>
        </extensions>
      </trkpt>
      <trkpt lat="59.97574162669479846954345703125" lon="30.31749640591442584991455078125">
        <ele>33.59999847412109375</ele>
        <time>2026-04-06T16:37:10.000Z</time>
        <extensions>
          <ns3:TrackPointExtension>
            <ns3:atemp>13.0</ns3:atemp>
            <ns3:hr>145</ns3:hr>
          </ns3:TrackPointExtension>
        </extensions>
      </trkpt>
      <trkpt lat="59.9758178181946277618408203125" lon="30.3176795504987239837646484375">
        <ele>33.59999847412109375</ele>
        <time>2026-04-06T16:37:11.000Z</time>
        <extensions>
          <ns3:TrackPointExtension>
            <ns3:atemp>13.0</ns3:atemp>
            <ns3:hr>146</ns3:hr>
          </ns3:TrackPointExtension>
        </extensions>
      </trkpt>
      <trkpt lat="59.98027539812028408050537109375" lon="30.325991548597812652587890625">
        <ele>34.799999237060546875</ele>
        <time>2026-04-06T16:39:35.000Z</time>
        <extensions>
          <ns3:TrackPointExtension>
            <ns3:atemp>13.0</ns3:atemp>
            <ns3:hr>132</ns3:hr>
          </ns3:TrackPointExtension>
        </extensions>
      </trkpt>
      <trkpt lat="59.9803219176828861236572265625" lon="30.32607360742986202239990234375">
        <ele>34.59999847412109375</ele>
        <time>2026-04-06T16:39:37.000Z</time>
        <extensions>
          <ns3:TrackPointExtension>
            <ns3:atemp>13.0</ns3:atemp>
            <ns3:hr>131</ns3:hr>
          </ns3:TrackPointExtension>
        </extensions>
      </trkpt>
      <trkpt lat="59.98041428625583648681640625" lon="30.326160527765750885009765625">
        <ele>34.200000762939453125</ele>
        <time>2026-04-06T16:39:40.000Z</time>
        <extensions>
          <ns3:TrackPointExtension>
            <ns3:atemp>13.0</ns3:atemp>
            <ns3:hr>133</ns3:hr>
          </ns3:TrackPointExtension>
        </extensions>
      </trkpt>
      <trkpt lat="59.980590976774692535400390625" lon="30.32652891241014003753662109375">
        <ele>33.59999847412109375</ele>
        <time>2026-04-06T16:39:47.000Z</time>
        <extensions>
          <ns3:TrackPointExtension>
            <ns3:atemp>13.0</ns3:atemp>
            <ns3:hr>135</ns3:hr>
          </ns3:TrackPointExtension>
        </extensions>
      </trkpt>
      <trkpt lat="59.98062609694898128509521484375" lon="30.32659864984452724456787109375">
        <ele>33.40000152587890625</ele>
        <time>2026-04-06T16:39:48.000Z</time>
        <extensions>
          <ns3:TrackPointExtension>
            <ns3:atemp>13.0</ns3:atemp>
            <ns3:hr>135</ns3:hr>
          </ns3:TrackPointExtension>
        </extensions>
      </trkpt>
      <trkpt lat="59.9808027036488056182861328125" lon="30.3268278948962688446044921875">
        <ele>33.200000762939453125</ele>
        <time>2026-04-06T16:39:52.000Z</time>
        <extensions>
          <ns3:TrackPointExtension>
            <ns3:atemp>13.0</ns3:atemp>
            <ns3:hr>134</ns3:hr>
          </ns3:TrackPointExtension>
        </extensions>
      </trkpt>
      <trkpt lat="59.98100101947784423828125" lon="30.32714380882680416107177734375">
        <ele>33</ele>
        <time>2026-04-06T16:39:56.000Z</time>
        <extensions>
          <ns3:TrackPointExtension>
            <ns3:atemp>13.0</ns3:atemp>
            <ns3:hr>138</ns3:hr>
          </ns3:TrackPointExtension>
        </extensions>
      </trkpt>
      <trkpt lat="59.9811423383653163909912109375" lon="30.32727926038205623626708984375">
        <ele>33</ele>
        <time>2026-04-06T16:39:58.000Z</time>
        <extensions>
          <ns3:TrackPointExtension>
            <ns3:atemp>13.0</ns3:atemp>
            <ns3:hr>140</ns3:hr>
          </ns3:TrackPointExtension>
        </extensions>
      </trkpt>
      <trkpt lat="59.98146361671388149261474609375" lon="30.32812566496431827545166015625">
        <ele>33.200000762939453125</ele>
        <time>2026-04-06T16:40:07.000Z</time>
        <extensions>
          <ns3:TrackPointExtension>
            <ns3:atemp>13.0</ns3:atemp>
            <ns3:hr>140</ns3:hr>
          </ns3:TrackPointExtension>
        </extensions>
      </trkpt>
      <trkpt lat="59.9815728329122066497802734375" lon="30.32842372544109821319580078125">
        <ele>32.799999237060546875</ele>
        <time>2026-04-06T16:40:10.000Z</time>
        <extensions>
          <ns3:TrackPointExtension>
            <ns3:atemp>13.0</ns3:atemp>
            <ns3:hr>143</ns3:hr>
          </ns3:TrackPointExtension>
        </extensions>
      </trkpt>
      <trkpt lat="59.98162320815026760101318359375" lon="30.32852095551788806915283203125">
        <ele>32.59999847412109375</ele>
        <time>2026-04-06T16:40:11.000Z</time>
        <extensions>
          <ns3:TrackPointExtension>
            <ns3:atemp>13.0</ns3:atemp>
            <ns3:hr>144</ns3:hr>
          </ns3:TrackPointExtension>
        </extensions>
      </trkpt>
      <trkpt lat="59.9817310832440853118896484375" lon="30.32872513867914676666259765625">
        <ele>32.40000152587890625</ele>
        <time>2026-04-06T16:40:13.000Z</time>
        <extensions>
          <ns3:TrackPointExtension>
            <ns3:atemp>13.0</ns3:atemp>
            <ns3:hr>143</ns3:hr>
          </ns3:TrackPointExtension>
        </extensions>
      </trkpt>
      <trkpt lat="59.98202386312186717987060546875" lon="30.32929326407611370086669921875">
        <ele>32.40000152587890625</ele>
        <time>2026-04-06T16:40:19.000Z</time>
        <extensions>
          <ns3:TrackPointExtension>
            <ns3:atemp>13.0</ns3:atemp>
            <ns3:hr>146</ns3:hr>
          </ns3:TrackPointExtension>
        </extensions>
      </trkpt>
      <trkpt lat="59.98216451145708560943603515625" lon="30.32957531511783599853515625">
        <ele>32.40000152587890625</ele>
        <time>2026-04-06T16:40:22.000Z</time>
        <extensions>
          <ns3:TrackPointExtension>
            <ns3:atemp>13.0</ns3:atemp>
            <ns3:hr>144</ns3:hr>
          </ns3:TrackPointExtension>
        </extensions>
      </trkpt>
      <trkpt lat="59.98220943845808506011962890625" lon="30.32966525293886661529541015625">
        <ele>32.40000152587890625</ele>
        <time>2026-04-06T16:40:23.000Z</time>
        <extensions>
          <ns3:TrackPointExtension>
            <ns3:atemp>13.0</ns3:atemp>
            <ns3:hr>141</ns3:hr>
          </ns3:TrackPointExtension>
        </extensions>
      </trkpt>
      <trkpt lat="59.98245670460164546966552734375" lon="30.33021594397723674774169921875">
        <ele>32.40000152587890625</ele>
        <time>2026-04-06T16:40:29.000Z</time>
        <extensions>
          <ns3:TrackPointExtension>
            <ns3:atemp>12.0</ns3:atemp>
            <ns3:hr>140</ns3:hr>
          </ns3:TrackPointExtension>
        </extensions>
      </trkpt>
      <trkpt lat="59.98271687887609004974365234375" lon="30.33083193004131317138671875">
        <ele>33</ele>
        <time>2026-04-06T16:40:36.000Z</time>
        <extensions>
          <ns3:TrackPointExtension>
            <ns3:atemp>12.0</ns3:atemp>
            <ns3:hr>142</ns3:hr>
          </ns3:TrackPointExtension>
        </extensions>
      </trkpt>
      <trkpt lat="59.98295308090746402740478515625" lon="30.3314423002302646636962890625">
        <ele>33</ele>
        <time>2026-04-06T16:40:43.000Z</time>
        <extensions>
          <ns3:TrackPointExtension>
            <ns3:atemp>12.0</ns3:atemp>
            <ns3:hr>142</ns3:hr>
          </ns3:TrackPointExtension>
        </extensions>
      </trkpt>
      <trkpt lat="59.98317721299827098846435546875" lon="30.3320132754743099212646484375">
        <ele>32.799999237060546875</ele>
        <time>2026-04-06T16:40:50.000Z</time>
        <extensions>
          <ns3:TrackPointExtension>
            <ns3:atemp>12.0</ns3:atemp>
            <ns3:hr>143</ns3:hr>
          </ns3:TrackPointExtension>
        </extensions>
      </trkpt>
      <trkpt lat="59.9833340384066104888916015625" lon="30.33243413083255290985107421875">
        <ele>32.799999237060546875</ele>
        <time>2026-04-06T16:40:55.000Z</time>
        <extensions>
          <ns3:TrackPointExtension>
            <ns3:atemp>12.0</ns3:atemp>
            <ns3:hr>142</ns3:hr>
          </ns3:TrackPointExtension>
        </extensions>
      </trkpt>
      <trkpt lat="59.98337200842797756195068359375" lon="30.33251325599849224090576171875">
        <ele>33</ele>
        <time>2026-04-06T16:40:56.000Z</time>
        <extensions>
          <ns3:TrackPointExtension>
            <ns3:atemp>12.0</ns3:atemp>
            <ns3:hr>142</ns3:hr>
          </ns3:TrackPointExtension>
        </extensions>
      </trkpt>
      <trkpt lat="59.9835117347538471221923828125" lon="30.332845933735370635986328125">
        <ele>33.200000762939453125</ele>
        <time>2026-04-06T16:41:00.000Z</time>
        <extensions>
          <ns3:TrackPointExtension>
            <ns3:atemp>12.0</ns3:atemp>
            <ns3:hr>138</ns3:hr>
          </ns3:TrackPointExtension>
        </extensions>
      </trkpt>
      <trkpt lat="59.98365799896419048309326171875" lon="30.3331672959029674530029296875">
        <ele>33.59999847412109375</ele>
        <time>2026-04-06T16:41:04.000Z</time>
        <extensions>
          <ns3:TrackPointExtension>
            <ns3:atemp>12.0</ns3:atemp>
            <ns3:hr>136</ns3:hr>
          </ns3:TrackPointExtension>
        </extensions>
      </trkpt>
      <trkpt lat="59.9837112240493297576904296875" lon="30.33323326148092746734619140625">
        <ele>33.59999847412109375</ele>
        <time>2026-04-06T16:41:05.000Z</time>
        <extensions>
          <ns3:TrackPointExtension>
            <ns3:atemp>12.0</ns3:atemp>
            <ns3:hr>136</ns3:hr>
          </ns3:TrackPointExtension>
        </extensions>
      </trkpt>
      <trkpt lat="59.98380216769874095916748046875" lon="30.33337868750095367431640625">
        <ele>33.799999237060546875</ele>
        <time>2026-04-06T16:41:07.000Z</time>
        <extensions>
          <ns3:TrackPointExtension>
            <ns3:atemp>12.0</ns3:atemp>
            <ns3:hr>138</ns3:hr>
          </ns3:TrackPointExtension>
        </extensions>
      </trkpt>
      <trkpt lat="59.9839127250015735626220703125" lon="30.33361765556037425994873046875">
        <ele>33.799999237060546875</ele>
        <time>2026-04-06T16:41:10.000Z</time>
        <extensions>
          <ns3:TrackPointExtension>
            <ns3:atemp>12.0</ns3:atemp>
            <ns3:hr>139</ns3:hr>
          </ns3:TrackPointExtension>
        </extensions>
      </trkpt>
      <trkpt lat="59.9841008149087429046630859375" lon="30.33434436656534671783447265625">
        <ele>33.40000152587890625</ele>
        <time>2026-04-06T16:41:18.000Z</time>
        <extensions>
          <ns3:TrackPointExtension>
            <ns3:atemp>12.0</ns3:atemp>
            <ns3:hr>141</ns3:hr>
          </ns3:TrackPointExtension>
        </extensions>
      </trkpt>
      <trkpt lat="59.98427893035113811492919921875" lon="30.3349422477185726165771484375">
        <ele>33.200000762939453125</ele>
        <time>2026-04-06T16:41:24.000Z</time>
        <extensions>
          <ns3:TrackPointExtension>
            <ns3:atemp>12.0</ns3:atemp>
            <ns3:hr>141</ns3:hr>
          </ns3:TrackPointExtension>
        </extensions>
      </trkpt>
      <trkpt lat="59.98435369692742824554443359375" lon="30.33552655018866062164306640625">
        <ele>33.40000152587890625</ele>
        <time>2026-04-06T16:41:29.000Z</time>
        <extensions>
          <ns3:TrackPointExtension>
            <ns3:atemp>12.0</ns3:atemp>
            <ns3:hr>143</ns3:hr>
          </ns3:TrackPointExtension>
        </extensions>
      </trkpt>
      <trkpt lat="59.9844927527010440826416015625" lon="30.3362722881138324737548828125">
        <ele>34</ele>
        <time>2026-04-06T16:41:36.000Z</time>
        <extensions>
          <ns3:TrackPointExtension>
            <ns3:atemp>12.0</ns3:atemp>
            <ns3:hr>144</ns3:hr>
          </ns3:TrackPointExtension>
        </extensions>
      </trkpt>
      <trkpt lat="59.9845551140606403350830078125" lon="30.3366920538246631622314453125">
        <ele>34.200000762939453125</ele>
        <time>2026-04-06T16:41:40.000Z</time>
        <extensions>
          <ns3:TrackPointExtension>
            <ns3:atemp>12.0</ns3:atemp>
            <ns3:hr>143</ns3:hr>
          </ns3:TrackPointExtension>
        </extensions>
      </trkpt>
      <trkpt lat="59.98454379849135875701904296875" lon="30.3369304351508617401123046875">
        <ele>34.40000152587890625</ele>
        <time>2026-04-06T16:41:42.000Z</time>
        <extensions>
          <ns3:TrackPointExtension>
            <ns3:atemp>12.0</ns3:atemp>
            <ns3:hr>144</ns3:hr>
          </ns3:TrackPointExtension>
        </extensions>
      </trkpt>
      <trkpt lat="59.98454061336815357208251953125" lon="30.3371637873351573944091796875">
        <ele>34.200000762939453125</ele>
        <time>2026-04-06T16:41:44.000Z</time>
        <extensions>
          <ns3:TrackPointExtension>
            <ns3:atemp>12.0</ns3:atemp>
            <ns3:hr>141</ns3:hr>
          </ns3:TrackPointExtension>
        </extensions>
      </trkpt>
      <trkpt lat="59.9845750629901885986328125" lon="30.33737844787538051605224609375">
        <ele>34.200000762939453125</ele>
        <time>2026-04-06T16:41:46.000Z</time>
        <extensions>
          <ns3:TrackPointExtension>
            <ns3:atemp>12.0</ns3:atemp>
            <ns3:hr>144</ns3:hr>
          </ns3:TrackPointExtension>
        </extensions>
      </trkpt>
      <trkpt lat="59.9846033938229084014892578125" lon="30.3376038372516632080078125">
        <ele>34</ele>
        <time>2026-04-06T16:41:48.000Z</time>
        <extensions>
          <ns3:TrackPointExtension>
            <ns3:atemp>12.0</ns3:atemp>
            <ns3:hr>151</ns3:hr>
          </ns3:TrackPointExtension>
        </extensions>
      </trkpt>
      <trkpt lat="59.9846198223531246185302734375" lon="30.33771187998354434967041015625">
        <ele>34</ele>
        <time>2026-04-06T16:41:49.000Z</time>
        <extensions>
          <ns3:TrackPointExtension>
            <ns3:atemp>12.0</ns3:atemp>
            <ns3:hr>153</ns3:hr>
          </ns3:TrackPointExtension>
        </extensions>
      </trkpt>
      <trkpt lat="59.9846892245113849639892578125" lon="30.33877286128699779510498046875">
        <ele>33.40000152587890625</ele>
        <time>2026-04-06T16:41:58.000Z</time>
        <extensions>
          <ns3:TrackPointExtension>
            <ns3:atemp>12.0</ns3:atemp>
            <ns3:hr>156</ns3:hr>
          </ns3:TrackPointExtension>
        </extensions>
      </trkpt>
      <trkpt lat="59.98470716178417205810546875" lon="30.33887830562889575958251953125">
        <ele>33.40000152587890625</ele>
        <time>2026-04-06T16:41:59.000Z</time>
        <extensions>
          <ns3:TrackPointExtension>
            <ns3:atemp>12.0</ns3:atemp>
            <ns3:hr>156</ns3:hr>
          </ns3:TrackPointExtension>
        </extensions>
      </trkpt>
      <trkpt lat="59.9847170524299144744873046875" lon="30.33898039720952510833740234375">
        <ele>33.40000152587890625</ele>
        <time>2026-04-06T16:42:00.000Z</time>
        <extensions>
          <ns3:TrackPointExtension>
            <ns3:atemp>12.0</ns3:atemp>
            <ns3:hr>156</ns3:hr>
          </ns3:TrackPointExtension>
        </extensions>
      </trkpt>
      <trkpt lat="59.9847643263638019561767578125" lon="30.3393276594579219818115234375">
        <ele>33</ele>
        <time>2026-04-06T16:42:03.000Z</time>
        <extensions>
          <ns3:TrackPointExtension>
            <ns3:atemp>12.0</ns3:atemp>
            <ns3:hr>156</ns3:hr>
          </ns3:TrackPointExtension>
        </extensions>
      </trkpt>
      <trkpt lat="59.9847727082669734954833984375" lon="30.33942547626793384552001953125">
        <ele>33</ele>
        <time>2026-04-06T16:42:04.000Z</time>
        <extensions>
          <ns3:TrackPointExtension>
            <ns3:atemp>12.0</ns3:atemp>
            <ns3:hr>156</ns3:hr>
          </ns3:TrackPointExtension>
        </extensions>
      </trkpt>
      <trkpt lat="59.98487438075244426727294921875" lon="30.34016727469861507415771484375">
        <ele>33.799999237060546875</ele>
        <time>2026-04-06T16:42:11.000Z</time>
        <extensions>
          <ns3:TrackPointExtension>
            <ns3:atemp>11.0</ns3:atemp>
            <ns3:hr>155</ns3:hr>
          </ns3:TrackPointExtension>
        </extensions>
      </trkpt>
      <trkpt lat="59.984956271946430206298828125" lon="30.34096037037670612335205078125">
        <ele>34.40000152587890625</ele>
        <time>2026-04-06T16:42:18.000Z</time>
        <extensions>
          <ns3:TrackPointExtension>
            <ns3:atemp>11.0</ns3:atemp>
            <ns3:hr>154</ns3:hr>
          </ns3:TrackPointExtension>
        </extensions>
      </trkpt>
      <trkpt lat="59.9850027076900005340576171875" lon="30.34129480831325054168701171875">
        <ele>34.59999847412109375</ele>
        <time>2026-04-06T16:42:22.000Z</time>
        <extensions>
          <ns3:TrackPointExtension>
            <ns3:atemp>11.0</ns3:atemp>
            <ns3:hr>154</ns3:hr>
          </ns3:TrackPointExtension>
        </extensions>
      </trkpt>
      <trkpt lat="59.98500891029834747314453125" lon="30.341357924044132232666015625">
        <ele>34.799999237060546875</ele>
        <time>2026-04-06T16:42:23.000Z</time>
        <extensions>
          <ns3:TrackPointExtension>
            <ns3:atemp>11.0</ns3:atemp>
            <ns3:hr>153</ns3:hr>
          </ns3:TrackPointExtension>
        </extensions>
      </trkpt>
      <trkpt lat="59.98500614427030086517333984375" lon="30.34152229316532611846923828125">
        <ele>34.799999237060546875</ele>
        <time>2026-04-06T16:42:27.000Z</time>
        <extensions>
          <ns3:TrackPointExtension>
            <ns3:atemp>11.0</ns3:atemp>
            <ns3:hr>154</ns3:hr>
          </ns3:TrackPointExtension>
        </extensions>
      </trkpt>
      <trkpt lat="59.9849943257868289947509765625" lon="30.341524891555309295654296875">
        <ele>34.799999237060546875</ele>
        <time>2026-04-06T16:42:32.000Z</time>
        <extensions>
          <ns3:TrackPointExtension>
            <ns3:atemp>11.0</ns3:atemp>
            <ns3:hr>152</ns3:hr>
          </ns3:TrackPointExtension>
        </extensions>
      </trkpt>
      <trkpt lat="59.98498451896011829376220703125" lon="30.3415636159479618072509765625">
        <ele>34.799999237060546875</ele>
        <time>2026-04-06T16:42:33.000Z</time>
        <extensions>
          <ns3:TrackPointExtension>
            <ns3:atemp>11.0</ns3:atemp>
            <ns3:hr>152</ns3:hr>
          </ns3:TrackPointExtension>
        </extensions>
      </trkpt>
      <trkpt lat="59.98495392501354217529296875" lon="30.3418700583279132843017578125">
        <ele>34.200000762939453125</ele>
        <time>2026-04-06T16:42:37.000Z</time>
        <extensions>
          <ns3:TrackPointExtension>
            <ns3:atemp>11.0</ns3:atemp>
            <ns3:hr>150</ns3:hr>
          </ns3:TrackPointExtension>
        </extensions>
      </trkpt>
      <trkpt lat="59.98496909625828266143798828125" lon="30.34217842854559421539306640625">
        <ele>34.200000762939453125</ele>
        <time>2026-04-06T16:42:40.000Z</time>
        <extensions>
          <ns3:TrackPointExtension>
            <ns3:atemp>11.0</ns3:atemp>
            <ns3:hr>146</ns3:hr>
          </ns3:TrackPointExtension>
        </extensions>
      </trkpt>
      <trkpt lat="59.985001198947429656982421875" lon="30.3425117768347263336181640625">
        <ele>34.200000762939453125</ele>
        <time>2026-04-06T16:42:43.000Z</time>
        <extensions>
          <ns3:TrackPointExtension>
            <ns3:atemp>11.0</ns3:atemp>
            <ns3:hr>147</ns3:hr>
          </ns3:TrackPointExtension>
        </extensions>
      </trkpt>
      <trkpt lat="59.98505442403256893157958984375" lon="30.34345767460763454437255859375">
        <ele>33.799999237060546875</ele>
        <time>2026-04-06T16:42:51.000Z</time>
        <extensions>
          <ns3:TrackPointExtension>
            <ns3:atemp>11.0</ns3:atemp>
            <ns3:hr>146</ns3:hr>
          </ns3:TrackPointExtension>
        </extensions>
      </trkpt>
      <trkpt lat="59.9850912205874919891357421875" lon="30.34390711225569248199462890625">
        <ele>33.40000152587890625</ele>
        <time>2026-04-06T16:42:55.000Z</time>
        <extensions>
          <ns3:TrackPointExtension>
            <ns3:atemp>11.0</ns3:atemp>
            <ns3:hr>145</ns3:hr>
          </ns3:TrackPointExtension>
        </extensions>
      </trkpt>
      <trkpt lat="59.98514997772872447967529296875" lon="30.34444288350641727447509765625">
        <ele>33.200000762939453125</ele>
        <time>2026-04-06T16:43:00.000Z</time>
        <extensions>
          <ns3:TrackPointExtension>
            <ns3:atemp>11.0</ns3:atemp>
            <ns3:hr>144</ns3:hr>
          </ns3:TrackPointExtension>
        </extensions>
      </trkpt>
      <trkpt lat="59.98524217866361141204833984375" lon="30.34516942687332630157470703125">
        <ele>33.799999237060546875</ele>
        <time>2026-04-06T16:43:07.000Z</time>
        <extensions>
          <ns3:TrackPointExtension>
            <ns3:atemp>11.0</ns3:atemp>
            <ns3:hr>145</ns3:hr>
          </ns3:TrackPointExtension>
        </extensions>
      </trkpt>
      <trkpt lat="59.98530085198581218719482421875" lon="30.345662534236907958984375">
        <ele>33.799999237060546875</ele>
        <time>2026-04-06T16:43:12.000Z</time>
        <extensions>
          <ns3:TrackPointExtension>
            <ns3:atemp>11.0</ns3:atemp>
            <ns3:hr>146</ns3:hr>
          </ns3:TrackPointExtension>
        </extensions>
      </trkpt>
      <trkpt lat="59.98532004654407501220703125" lon="30.34575515426695346832275390625">
        <ele>33.799999237060546875</ele>
        <time>2026-04-06T16:43:13.000Z</time>
        <extensions>
          <ns3:TrackPointExtension>
            <ns3:atemp>11.0</ns3:atemp>
            <ns3:hr>149</ns3:hr>
          </ns3:TrackPointExtension>
        </extensions>
      </trkpt>
      <trkpt lat="59.98534007929265499114990234375" lon="30.3459530510008335113525390625">
        <ele>33.799999237060546875</ele>
        <time>2026-04-06T16:43:15.000Z</time>
        <extensions>
          <ns3:TrackPointExtension>
            <ns3:atemp>11.0</ns3:atemp>
            <ns3:hr>152</ns3:hr>
          </ns3:TrackPointExtension>
        </extensions>
      </trkpt>
      <trkpt lat="59.985380731523036956787109375" lon="30.3466591425240039825439453125">
        <ele>33.40000152587890625</ele>
        <time>2026-04-06T16:43:22.000Z</time>
        <extensions>
          <ns3:TrackPointExtension>
            <ns3:atemp>11.0</ns3:atemp>
            <ns3:hr>153</ns3:hr>
          </ns3:TrackPointExtension>
        </extensions>
      </trkpt>
      <trkpt lat="59.9854543246328830718994140625" lon="30.34751367755234241485595703125">
        <ele>33.59999847412109375</ele>
        <time>2026-04-06T16:43:31.000Z</time>
        <extensions>
          <ns3:TrackPointExtension>
            <ns3:atemp>11.0</ns3:atemp>
            <ns3:hr>151</ns3:hr>
          </ns3:TrackPointExtension>
        </extensions>
      </trkpt>
      <trkpt lat="59.985547028481960296630859375" lon="30.34798809327185153961181640625">
        <ele>34.200000762939453125</ele>
        <time>2026-04-06T16:43:37.000Z</time>
        <extensions>
          <ns3:TrackPointExtension>
            <ns3:atemp>11.0</ns3:atemp>
            <ns3:hr>148</ns3:hr>
          </ns3:TrackPointExtension>
        </extensions>
      </trkpt>
      <trkpt lat="59.985555075109004974365234375" lon="30.34808029420673847198486328125">
        <ele>34.200000762939453125</ele>
        <time>2026-04-06T16:43:38.000Z</time>
        <extensions>
          <ns3:TrackPointExtension>
            <ns3:atemp>11.0</ns3:atemp>
            <ns3:hr>151</ns3:hr>
          </ns3:TrackPointExtension>
        </extensions>
      </trkpt>
      <trkpt lat="59.98556287027895450592041015625" lon="30.3481682203710079193115234375">
        <ele>34.59999847412109375</ele>
        <time>2026-04-06T16:43:39.000Z</time>
        <extensions>
          <ns3:TrackPointExtension>
            <ns3:atemp>11.0</ns3:atemp>
            <ns3:hr>150</ns3:hr>
          </ns3:TrackPointExtension>
        </extensions>
      </trkpt>
      <trkpt lat="59.98560578562319278717041015625" lon="30.348667614161968231201171875">
        <ele>34.200000762939453125</ele>
        <time>2026-04-06T16:43:44.000Z</time>
        <extensions>
          <ns3:TrackPointExtension>
            <ns3:atemp>11.0</ns3:atemp>
            <ns3:hr>152</ns3:hr>
          </ns3:TrackPointExtension>
        </extensions>
      </trkpt>
      <trkpt lat="59.98565440066158771514892578125" lon="30.34931763075292110443115234375">
        <ele>34.59999847412109375</ele>
        <time>2026-04-06T16:43:50.000Z</time>
        <extensions>
          <ns3:TrackPointExtension>
            <ns3:atemp>11.0</ns3:atemp>
            <ns3:hr>150</ns3:hr>
          </ns3:TrackPointExtension>
        </extensions>
      </trkpt>
      <trkpt lat="59.9856655485928058624267578125" lon="30.3494203090667724609375">
        <ele>34.799999237060546875</ele>
        <time>2026-04-06T16:43:51.000Z</time>
        <extensions>
          <ns3:TrackPointExtension>
            <ns3:atemp>11.0</ns3:atemp>
            <ns3:hr>153</ns3:hr>
          </ns3:TrackPointExtension>
        </extensions>
      </trkpt>
      <trkpt lat="59.98576051555573940277099609375" lon="30.35029261372983455657958984375">
        <ele>34.799999237060546875</ele>
        <time>2026-04-06T16:43:59.000Z</time>
        <extensions>
          <ns3:TrackPointExtension>
            <ns3:atemp>11.0</ns3:atemp>
            <ns3:hr>156</ns3:hr>
          </ns3:TrackPointExtension>
        </extensions>
      </trkpt>
      <trkpt lat="59.98583477921783924102783203125" lon="30.3509935922920703887939453125">
        <ele>34.799999237060546875</ele>
        <time>2026-04-06T16:44:06.000Z</time>
        <extensions>
          <ns3:TrackPointExtension>
            <ns3:atemp>11.0</ns3:atemp>
            <ns3:hr>155</ns3:hr>
          </ns3:TrackPointExtension>
        </extensions>
      </trkpt>
      <trkpt lat="59.98587920330464839935302734375" lon="30.35141428001224994659423828125">
        <ele>34.40000152587890625</ele>
        <time>2026-04-06T16:44:11.000Z</time>
        <extensions>
          <ns3:TrackPointExtension>
            <ns3:atemp>11.0</ns3:atemp>
            <ns3:hr>149</ns3:hr>
          </ns3:TrackPointExtension>
        </extensions>
      </trkpt>
      <trkpt lat="59.98589043505489826202392578125" lon="30.35147429443895816802978515625">
        <ele>34.40000152587890625</ele>
        <time>2026-04-06T16:44:12.000Z</time>
        <extensions>
          <ns3:TrackPointExtension>
            <ns3:atemp>11.0</ns3:atemp>
            <ns3:hr>148</ns3:hr>
          </ns3:TrackPointExtension>
        </extensions>
      </trkpt>
      <trkpt lat="59.98590686358511447906494140625" lon="30.35156129859387874603271484375">
        <ele>34.799999237060546875</ele>
        <time>2026-04-06T16:44:14.000Z</time>
        <extensions>
          <ns3:TrackPointExtension>
            <ns3:atemp>11.0</ns3:atemp>
            <ns3:hr>145</ns3:hr>
          </ns3:TrackPointExtension>
        </extensions>
      </trkpt>
      <trkpt lat="59.9859139882028102874755859375" lon="30.3515786491334438323974609375">
        <ele>35.200000762939453125</ele>
        <time>2026-04-06T16:44:16.000Z</time>
        <extensions>
          <ns3:TrackPointExtension>
            <ns3:atemp>11.0</ns3:atemp>
            <ns3:hr>143</ns3:hr>
          </ns3:TrackPointExtension>
        </extensions>
      </trkpt>
      <trkpt lat="59.98595983721315860748291015625" lon="30.35158057697117328643798828125">
        <ele>35</ele>
        <time>2026-04-06T16:44:25.000Z</time>
        <extensions>
          <ns3:TrackPointExtension>
            <ns3:atemp>11.0</ns3:atemp>
            <ns3:hr>143</ns3:hr>
          </ns3:TrackPointExtension>
        </extensions>
      </trkpt>
      <trkpt lat="59.9859631061553955078125" lon="30.35157839767634868621826171875">
        <ele>34.59999847412109375</ele>
        <time>2026-04-06T16:44:31.000Z</time>
        <extensions>
          <ns3:TrackPointExtension>
            <ns3:atemp>11.0</ns3:atemp>
            <ns3:hr>139</ns3:hr>
          </ns3:TrackPointExtension>
        </extensions>
      </trkpt>
      <trkpt lat="59.98595966957509517669677734375" lon="30.3515781462192535400390625">
        <ele>34.40000152587890625</ele>
        <time>2026-04-06T16:44:34.000Z</time>
        <extensions>
          <ns3:TrackPointExtension>
            <ns3:atemp>11.0</ns3:atemp>
            <ns3:hr>136</ns3:hr>
          </ns3:TrackPointExtension>
        </extensions>
      </trkpt>
      <trkpt lat="59.9859488569200038909912109375" lon="30.35157722420990467071533203125">
        <ele>34.40000152587890625</ele>
        <time>2026-04-06T16:44:37.000Z</time>
        <extensions>
          <ns3:TrackPointExtension>
            <ns3:atemp>11.0</ns3:atemp>
            <ns3:hr>135</ns3:hr>
          </ns3:TrackPointExtension>
        </extensions>
      </trkpt>
      <trkpt lat="59.98594692908227443695068359375" lon="30.35157487727701663970947265625">
        <ele>33.799999237060546875</ele>
        <time>2026-04-06T16:44:45.000Z</time>
        <extensions>
          <ns3:TrackPointExtension>
            <ns3:atemp>11.0</ns3:atemp>
            <ns3:hr>131</ns3:hr>
          </ns3:TrackPointExtension>
        </extensions>
      </trkpt>
      <trkpt lat="59.98594726435840129852294921875" lon="30.35157621838152408599853515625">
        <ele>33.59999847412109375</ele>
        <time>2026-04-06T16:44:48.000Z</time>
        <extensions>
          <ns3:TrackPointExtension>
            <ns3:atemp>11.0</ns3:atemp>
            <ns3:hr>132</ns3:hr>
          </ns3:TrackPointExtension>
        </extensions>
      </trkpt>
      <trkpt lat="59.98594709672033786773681640625" lon="30.3515746258199214935302734375">
        <ele>33.40000152587890625</ele>
        <time>2026-04-06T16:44:51.000Z</time>
        <extensions>
          <ns3:TrackPointExtension>
            <ns3:atemp>11.0</ns3:atemp>
            <ns3:hr>131</ns3:hr>
          </ns3:TrackPointExtension>
        </extensions>
      </trkpt>
      <trkpt lat="59.98594634234905242919921875" lon="30.35157605074346065521240234375">
        <ele>33.40000152587890625</ele>
        <time>2026-04-06T16:44:53.000Z</time>
        <extensions>
          <ns3:TrackPointExtension>
            <ns3:atemp>11.0</ns3:atemp>
            <ns3:hr>127</ns3:hr>
          </ns3:TrackPointExtension>
        </extensions>
      </trkpt>
      <trkpt lat="59.9859456717967987060546875" lon="30.3515749610960483551025390625">
        <ele>33.200000762939453125</ele>
        <time>2026-04-06T16:44:55.000Z</time>
        <extensions>
          <ns3:TrackPointExtension>
            <ns3:atemp>11.0</ns3:atemp>
            <ns3:hr>124</ns3:hr>
          </ns3:TrackPointExtension>
        </extensions>
      </trkpt>
      <trkpt lat="59.98594273813068866729736328125" lon="30.351583175361156463623046875">
        <ele>33.200000762939453125</ele>
        <time>2026-04-06T16:44:56.000Z</time>
        <extensions>
          <ns3:TrackPointExtension>
            <ns3:atemp>11.0</ns3:atemp>
            <ns3:hr>124</ns3:hr>
          </ns3:TrackPointExtension>
        </extensions>
      </trkpt>
      <trkpt lat="59.98594055883586406707763671875" lon="30.351615361869335174560546875">
        <ele>33</ele>
        <time>2026-04-06T16:44:57.000Z</time>
        <extensions>
          <ns3:TrackPointExtension>
            <ns3:atemp>11.0</ns3:atemp>
            <ns3:hr>125</ns3:hr>
          </ns3:TrackPointExtension>
        </extensions>
      </trkpt>
      <trkpt lat="59.98594961129128932952880859375" lon="30.3518019430339336395263671875">
        <ele>33</ele>
        <time>2026-04-06T16:45:00.000Z</time>
        <extensions>
          <ns3:TrackPointExtension>
            <ns3:atemp>11.0</ns3:atemp>
            <ns3:hr>124</ns3:hr>
          </ns3:TrackPointExtension>
        </extensions>
      </trkpt>
      <trkpt lat="59.985959418118000030517578125" lon="30.35201123915612697601318359375">
        <ele>33</ele>
        <time>2026-04-06T16:45:02.000Z</time>
        <extensions>
          <ns3:TrackPointExtension>
            <ns3:atemp>11.0</ns3:atemp>
            <ns3:hr>123</ns3:hr>
          </ns3:TrackPointExtension>
        </extensions>
      </trkpt>
      <trkpt lat="59.9859746731817722320556640625" lon="30.35225431434810161590576171875">
        <ele>32.59999847412109375</ele>
        <time>2026-04-06T16:45:04.000Z</time>
        <extensions>
          <ns3:TrackPointExtension>
            <ns3:atemp>11.0</ns3:atemp>
            <ns3:hr>122</ns3:hr>
          </ns3:TrackPointExtension>
        </extensions>
      </trkpt>
      <trkpt lat="59.9859951250255107879638671875" lon="30.3524966351687908172607421875">
        <ele>32.40000152587890625</ele>
        <time>2026-04-06T16:45:06.000Z</time>
        <extensions>
          <ns3:TrackPointExtension>
            <ns3:atemp>11.0</ns3:atemp>
            <ns3:hr>120</ns3:hr>
          </ns3:TrackPointExtension>
        </extensions>
      </trkpt>
      <trkpt lat="59.9860423989593982696533203125" lon="30.3531008027493953704833984375">
        <ele>32.40000152587890625</ele>
        <time>2026-04-06T16:45:11.000Z</time>
        <extensions>
          <ns3:TrackPointExtension>
            <ns3:atemp>11.0</ns3:atemp>
            <ns3:hr>119</ns3:hr>
          </ns3:TrackPointExtension>
        </extensions>
      </trkpt>
      <trkpt lat="59.9860776029527187347412109375" lon="30.3537666611373424530029296875">
        <ele>33</ele>
        <time>2026-04-06T16:45:17.000Z</time>
        <extensions>
          <ns3:TrackPointExtension>
            <ns3:atemp>11.0</ns3:atemp>
            <ns3:hr>120</ns3:hr>
          </ns3:TrackPointExtension>
        </extensions>
      </trkpt>
      <trkpt lat="59.98610668815672397613525390625" lon="30.35406363196671009063720703125">
        <ele>33.40000152587890625</ele>
        <time>2026-04-06T16:45:20.000Z</time>
        <extensions>
          <ns3:TrackPointExtension>
            <ns3:atemp>11.0</ns3:atemp>
            <ns3:hr>124</ns3:hr>
          </ns3:TrackPointExtension>
        </extensions>
      </trkpt>
      <trkpt lat="59.98611775226891040802001953125" lon="30.35415532998740673065185546875">
        <ele>33.59999847412109375</ele>
        <time>2026-04-06T16:45:21.000Z</time>
        <extensions>
          <ns3:TrackPointExtension>
            <ns3:atemp>11.0</ns3:atemp>
            <ns3:hr>123</ns3:hr>
          </ns3:TrackPointExtension>
        </extensions>
      </trkpt>
      <trkpt lat="59.98614155687391757965087890625" lon="30.35441701300442218780517578125">
        <ele>33.799999237060546875</ele>
        <time>2026-04-06T16:45:24.000Z</time>
        <extensions>
          <ns3:TrackPointExtension>
            <ns3:atemp>11.0</ns3:atemp>
            <ns3:hr>122</ns3:hr>
          </ns3:TrackPointExtension>
        </extensions>
      </trkpt>
      <trkpt lat="59.9861822091042995452880859375" lon="30.354836024343967437744140625">
        <ele>34.200000762939453125</ele>
        <time>2026-04-06T16:45:29.000Z</time>
        <extensions>
          <ns3:TrackPointExtension>
            <ns3:atemp>11.0</ns3:atemp>
            <ns3:hr>125</ns3:hr>
          </ns3:TrackPointExtension>
        </extensions>
      </trkpt>
      <trkpt lat="59.9861897528171539306640625" lon="30.35492193885147571563720703125">
        <ele>34.40000152587890625</ele>
        <time>2026-04-06T16:45:30.000Z</time>
        <extensions>
          <ns3:TrackPointExtension>
            <ns3:atemp>11.0</ns3:atemp>
            <ns3:hr>131</ns3:hr>
          </ns3:TrackPointExtension>
        </extensions>
      </trkpt>
      <trkpt lat="59.9862066842615604400634765625" lon="30.35509276203811168670654296875">
        <ele>34.40000152587890625</ele>
        <time>2026-04-06T16:45:32.000Z</time>
        <extensions>
          <ns3:TrackPointExtension>
            <ns3:atemp>11.0</ns3:atemp>
            <ns3:hr>137</ns3:hr>
          </ns3:TrackPointExtension>
        </extensions>
      </trkpt>
      <trkpt lat="59.98621431179344654083251953125" lon="30.35517574287950992584228515625">
        <ele>34.40000152587890625</ele>
        <time>2026-04-06T16:45:33.000Z</time>
        <extensions>
          <ns3:TrackPointExtension>
            <ns3:atemp>11.0</ns3:atemp>
            <ns3:hr>144</ns3:hr>
          </ns3:TrackPointExtension>
        </extensions>
      </trkpt>
      <trkpt lat="59.9862219393253326416015625" lon="30.3552532754838466644287109375">
        <ele>34.59999847412109375</ele>
        <time>2026-04-06T16:45:34.000Z</time>
        <extensions>
          <ns3:TrackPointExtension>
            <ns3:atemp>11.0</ns3:atemp>
            <ns3:hr>145</ns3:hr>
          </ns3:TrackPointExtension>
        </extensions>
      </trkpt>
      <trkpt lat="59.98628740198910236358642578125" lon="30.35571805201470851898193359375">
        <ele>35.200000762939453125</ele>
        <time>2026-04-06T16:45:40.000Z</time>
        <extensions>
          <ns3:TrackPointExtension>
            <ns3:atemp>11.0</ns3:atemp>
            <ns3:hr>148</ns3:hr>
          </ns3:TrackPointExtension>
        </extensions>
      </trkpt>
      <trkpt lat="59.98629896901547908782958984375" lon="30.3557920642197132110595703125">
        <ele>35.40000152587890625</ele>
        <time>2026-04-06T16:45:41.000Z</time>
        <extensions>
          <ns3:TrackPointExtension>
            <ns3:atemp>11.0</ns3:atemp>
            <ns3:hr>148</ns3:hr>
          </ns3:TrackPointExtension>
        </extensions>
      </trkpt>
      <trkpt lat="59.98631690628826618194580078125" lon="30.35595475696027278900146484375">
        <ele>35.59999847412109375</ele>
        <time>2026-04-06T16:45:43.000Z</time>
        <extensions>
          <ns3:TrackPointExtension>
            <ns3:atemp>11.0</ns3:atemp>
            <ns3:hr>148</ns3:hr>
          </ns3:TrackPointExtension>
        </extensions>
      </trkpt>
      <trkpt lat="59.986363761126995086669921875" lon="30.35628031007945537567138671875">
        <ele>36.40000152587890625</ele>
        <time>2026-04-06T16:45:48.000Z</time>
        <extensions>
          <ns3:TrackPointExtension>
            <ns3:atemp>11.0</ns3:atemp>
            <ns3:hr>147</ns3:hr>
          </ns3:TrackPointExtension>
        </extensions>
      </trkpt>
      <trkpt lat="59.986355043947696685791015625" lon="30.35635574720799922943115234375">
        <ele>36.799999237060546875</ele>
        <time>2026-04-06T16:45:51.000Z</time>
        <extensions>
          <ns3:TrackPointExtension>
            <ns3:atemp>11.0</ns3:atemp>
            <ns3:hr>147</ns3:hr>
          </ns3:TrackPointExtension>
        </extensions>
      </trkpt>
      <trkpt lat="59.98635244555771350860595703125" lon="30.3563697449862957000732421875">
        <ele>37</ele>
        <time>2026-04-06T16:45:52.000Z</time>
        <extensions>
          <ns3:TrackPointExtension>
            <ns3:atemp>11.0</ns3:atemp>
            <ns3:hr>147</ns3:hr>
          </ns3:TrackPointExtension>
        </extensions>
      </trkpt>
      <trkpt lat="59.986356385052204132080078125" lon="30.3563958965241909027099609375">
        <ele>37.200000762939453125</ele>
        <time>2026-04-06T16:45:53.000Z</time>
        <extensions>
          <ns3:TrackPointExtension>
            <ns3:atemp>11.0</ns3:atemp>
            <ns3:hr>147</ns3:hr>
          </ns3:TrackPointExtension>
        </extensions>
      </trkpt>
      <trkpt lat="59.98637541197240352630615234375" lon="30.35654199309647083282470703125">
        <ele>37.40000152587890625</ele>
        <time>2026-04-06T16:45:57.000Z</time>
        <extensions>
          <ns3:TrackPointExtension>
            <ns3:atemp>11.0</ns3:atemp>
            <ns3:hr>146</ns3:hr>
          </ns3:TrackPointExtension>
        </extensions>
      </trkpt>
      <trkpt lat="59.98637675307691097259521484375" lon="30.35664458759129047393798828125">
        <ele>37.59999847412109375</ele>
        <time>2026-04-06T16:46:03.000Z</time>
        <extensions>
          <ns3:TrackPointExtension>
            <ns3:atemp>11.0</ns3:atemp>
            <ns3:hr>145</ns3:hr>
          </ns3:TrackPointExtension>
        </extensions>
      </trkpt>
      <trkpt lat="59.98639351688325405120849609375" lon="30.356652550399303436279296875">
        <ele>37.200000762939453125</ele>
        <time>2026-04-06T16:46:08.000Z</time>
        <extensions>
          <ns3:TrackPointExtension>
            <ns3:atemp>11.0</ns3:atemp>
            <ns3:hr>142</ns3:hr>
          </ns3:TrackPointExtension>
        </extensions>
      </trkpt>
      <trkpt lat="59.98635806143283843994140625" lon="30.3566859103739261627197265625">
        <ele>37.200000762939453125</ele>
        <time>2026-04-06T16:46:10.000Z</time>
        <extensions>
          <ns3:TrackPointExtension>
            <ns3:atemp>11.0</ns3:atemp>
            <ns3:hr>143</ns3:hr>
          </ns3:TrackPointExtension>
        </extensions>
      </trkpt>
      <trkpt lat="59.98634456656873226165771484375" lon="30.35670024342834949493408203125">
        <ele>36.799999237060546875</ele>
        <time>2026-04-06T16:46:19.000Z</time>
        <extensions>
          <ns3:TrackPointExtension>
            <ns3:atemp>11.0</ns3:atemp>
            <ns3:hr>144</ns3:hr>
          </ns3:TrackPointExtension>
        </extensions>
      </trkpt>
      <trkpt lat="59.98633551411330699920654296875" lon="30.35669068805873394012451171875">
        <ele>36.200000762939453125</ele>
        <time>2026-04-06T16:46:27.000Z</time>
        <extensions>
          <ns3:TrackPointExtension>
            <ns3:atemp>11.0</ns3:atemp>
            <ns3:hr>141</ns3:hr>
          </ns3:TrackPointExtension>
        </extensions>
      </trkpt>
      <trkpt lat="59.986330233514308929443359375" lon="30.35669219680130481719970703125">
        <ele>36.200000762939453125</ele>
        <time>2026-04-06T16:46:29.000Z</time>
        <extensions>
          <ns3:TrackPointExtension>
            <ns3:atemp>11.0</ns3:atemp>
            <ns3:hr>140</ns3:hr>
          </ns3:TrackPointExtension>
        </extensions>
      </trkpt>
      <trkpt lat="59.986318163573741912841796875" lon="30.35668247379362583160400390625">
        <ele>35.799999237060546875</ele>
        <time>2026-04-06T16:46:35.000Z</time>
        <extensions>
          <ns3:TrackPointExtension>
            <ns3:atemp>11.0</ns3:atemp>
            <ns3:hr>140</ns3:hr>
          </ns3:TrackPointExtension>
        </extensions>
      </trkpt>
      <trkpt lat="59.98631782829761505126953125" lon="30.35667576827108860015869140625">
        <ele>35.59999847412109375</ele>
        <time>2026-04-06T16:46:39.000Z</time>
        <extensions>
          <ns3:TrackPointExtension>
            <ns3:atemp>12.0</ns3:atemp>
            <ns3:hr>138</ns3:hr>
          </ns3:TrackPointExtension>
        </extensions>
      </trkpt>
      <trkpt lat="59.9863548763096332550048828125" lon="30.3567318432033061981201171875">
        <ele>35</ele>
        <time>2026-04-06T16:46:47.000Z</time>
        <extensions>
          <ns3:TrackPointExtension>
            <ns3:atemp>12.0</ns3:atemp>
            <ns3:hr>140</ns3:hr>
          </ns3:TrackPointExtension>
        </extensions>
      </trkpt>
      <trkpt lat="59.98635797761380672454833984375" lon="30.35674014128744602203369140625">
        <ele>35</ele>
        <time>2026-04-06T16:46:52.000Z</time>
        <extensions>
          <ns3:TrackPointExtension>
            <ns3:atemp>12.0</ns3:atemp>
            <ns3:hr>137</ns3:hr>
          </ns3:TrackPointExtension>
        </extensions>
      </trkpt>
      <trkpt lat="59.98636384494602680206298828125" lon="30.35674315877258777618408203125">
        <ele>34.799999237060546875</ele>
        <time>2026-04-06T16:46:55.000Z</time>
        <extensions>
          <ns3:TrackPointExtension>
            <ns3:atemp>12.0</ns3:atemp>
            <ns3:hr>133</ns3:hr>
          </ns3:TrackPointExtension>
        </extensions>
      </trkpt>
      <trkpt lat="59.9863666109740734100341796875" lon="30.3567442484200000762939453125">
        <ele>34.799999237060546875</ele>
        <time>2026-04-06T16:46:56.000Z</time>
        <extensions>
          <ns3:TrackPointExtension>
            <ns3:atemp>12.0</ns3:atemp>
            <ns3:hr>135</ns3:hr>
          </ns3:TrackPointExtension>
        </extensions>
      </trkpt>
      <trkpt lat="59.98637239448726177215576171875" lon="30.35674818791449069976806640625">
        <ele>34.799999237060546875</ele>
        <time>2026-04-06T16:46:58.000Z</time>
        <extensions>
          <ns3:TrackPointExtension>
            <ns3:atemp>12.0</ns3:atemp>
            <ns3:hr>132</ns3:hr>
          </ns3:TrackPointExtension>
        </extensions>
      </trkpt>
      <trkpt lat="59.98637574724853038787841796875" lon="30.356747768819332122802734375">
        <ele>34.799999237060546875</ele>
        <time>2026-04-06T16:47:01.000Z</time>
        <extensions>
          <ns3:TrackPointExtension>
            <ns3:atemp>12.0</ns3:atemp>
            <ns3:hr>131</ns3:hr>
          </ns3:TrackPointExtension>
        </extensions>
      </trkpt>
      <trkpt lat="59.98637557961046695709228515625" lon="30.356738381087779998779296875">
        <ele>34.200000762939453125</ele>
        <time>2026-04-06T16:47:06.000Z</time>
        <extensions>
          <ns3:TrackPointExtension>
            <ns3:atemp>12.0</ns3:atemp>
            <ns3:hr>130</ns3:hr>
          </ns3:TrackPointExtension>
        </extensions>
      </trkpt>
      <trkpt lat="59.98636619187891483306884765625" lon="30.3567123971879482269287109375">
        <ele>33.799999237060546875</ele>
        <time>2026-04-06T16:47:16.000Z</time>
        <extensions>
          <ns3:TrackPointExtension>
            <ns3:atemp>12.0</ns3:atemp>
            <ns3:hr>127</ns3:hr>
          </ns3:TrackPointExtension>
        </extensions>
      </trkpt>
      <trkpt lat="59.98636283911764621734619140625" lon="30.35670451819896697998046875">
        <ele>33.59999847412109375</ele>
        <time>2026-04-06T16:47:17.000Z</time>
        <extensions>
          <ns3:TrackPointExtension>
            <ns3:atemp>12.0</ns3:atemp>
            <ns3:hr>128</ns3:hr>
          </ns3:TrackPointExtension>
        </extensions>
      </trkpt>
      <trkpt lat="59.98636015690863132476806640625" lon="30.35669739358127117156982421875">
        <ele>33.59999847412109375</ele>
        <time>2026-04-06T16:47:18.000Z</time>
        <extensions>
          <ns3:TrackPointExtension>
            <ns3:atemp>12.0</ns3:atemp>
            <ns3:hr>128</ns3:hr>
          </ns3:TrackPointExtension>
        </extensions>
      </trkpt>
      <trkpt lat="59.98637256212532520294189453125" lon="30.356681048870086669921875">
        <ele>33.59999847412109375</ele>
        <time>2026-04-06T16:47:27.000Z</time>
        <extensions>
          <ns3:TrackPointExtension>
            <ns3:atemp>12.0</ns3:atemp>
            <ns3:hr>126</ns3:hr>
          </ns3:TrackPointExtension>
        </extensions>
      </trkpt>
      <trkpt lat="59.98638161458075046539306640625" lon="30.3566879220306873321533203125">
        <ele>33.40000152587890625</ele>
        <time>2026-04-06T16:47:29.000Z</time>
        <extensions>
          <ns3:TrackPointExtension>
            <ns3:atemp>12.0</ns3:atemp>
            <ns3:hr>129</ns3:hr>
          </ns3:TrackPointExtension>
        </extensions>
      </trkpt>
      <trkpt lat="59.986389242112636566162109375" lon="30.356695465743541717529296875">
        <ele>33.40000152587890625</ele>
        <time>2026-04-06T16:47:30.000Z</time>
        <extensions>
          <ns3:TrackPointExtension>
            <ns3:atemp>12.0</ns3:atemp>
            <ns3:hr>131</ns3:hr>
          </ns3:TrackPointExtension>
        </extensions>
      </trkpt>
      <trkpt lat="59.986437857151031494140625" lon="30.35671633668243885040283203125">
        <ele>33.200000762939453125</ele>
        <time>2026-04-06T16:47:33.000Z</time>
        <extensions>
          <ns3:TrackPointExtension>
            <ns3:atemp>12.0</ns3:atemp>
            <ns3:hr>128</ns3:hr>
          </ns3:TrackPointExtension>
        </extensions>
      </trkpt>
      <trkpt lat="59.98653148300945758819580078125" lon="30.3566634468734264373779296875">
        <ele>32.59999847412109375</ele>
        <time>2026-04-06T16:47:36.000Z</time>
        <extensions>
          <ns3:TrackPointExtension>
            <ns3:atemp>12.0</ns3:atemp>
            <ns3:hr>122</ns3:hr>
          </ns3:TrackPointExtension>
        </extensions>
      </trkpt>
      <trkpt lat="59.9865952692925930023193359375" lon="30.35662681795656681060791015625">
        <ele>32.40000152587890625</ele>
        <time>2026-04-06T16:47:38.000Z</time>
        <extensions>
          <ns3:TrackPointExtension>
            <ns3:atemp>12.0</ns3:atemp>
            <ns3:hr>124</ns3:hr>
          </ns3:TrackPointExtension>
        </extensions>
      </trkpt>
      <trkpt lat="59.986764080822467803955078125" lon="30.356646515429019927978515625">
        <ele>33.59999847412109375</ele>
        <time>2026-04-06T16:47:42.000Z</time>
        <extensions>
          <ns3:TrackPointExtension>
            <ns3:atemp>12.0</ns3:atemp>
            <ns3:hr>123</ns3:hr>
          </ns3:TrackPointExtension>
        </extensions>
      </trkpt>
      <trkpt lat="59.9867964349687099456787109375" lon="30.35664819180965423583984375">
        <ele>33.799999237060546875</ele>
        <time>2026-04-06T16:47:43.000Z</time>
        <extensions>
          <ns3:TrackPointExtension>
            <ns3:atemp>12.0</ns3:atemp>
            <ns3:hr>122</ns3:hr>
          </ns3:TrackPointExtension>
        </extensions>
      </trkpt>
      <trkpt lat="59.98682300560176372528076171875" lon="30.3567187674343585968017578125">
        <ele>34.40000152587890625</ele>
        <time>2026-04-06T16:47:47.000Z</time>
        <extensions>
          <ns3:TrackPointExtension>
            <ns3:atemp>12.0</ns3:atemp>
            <ns3:hr>122</ns3:hr>
          </ns3:TrackPointExtension>
        </extensions>
      </trkpt>
      <trkpt lat="59.98688134364783763885498046875" lon="30.356758497655391693115234375">
        <ele>34.59999847412109375</ele>
        <time>2026-04-06T16:47:51.000Z</time>
        <extensions>
          <ns3:TrackPointExtension>
            <ns3:atemp>12.0</ns3:atemp>
            <ns3:hr>126</ns3:hr>
          </ns3:TrackPointExtension>
        </extensions>
      </trkpt>
      <trkpt lat="59.98687706887722015380859375" lon="30.35676277242600917816162109375">
        <ele>34.59999847412109375</ele>
        <time>2026-04-06T16:47:53.000Z</time>
        <extensions>
          <ns3:TrackPointExtension>
            <ns3:atemp>12.0</ns3:atemp>
            <ns3:hr>125</ns3:hr>
          </ns3:TrackPointExtension>
        </extensions>
      </trkpt>
      <trkpt lat="59.98686944134533405303955078125" lon="30.356752462685108184814453125">
        <ele>34.59999847412109375</ele>
        <time>2026-04-06T16:47:55.000Z</time>
        <extensions>
          <ns3:TrackPointExtension>
            <ns3:atemp>12.0</ns3:atemp>
            <ns3:hr>128</ns3:hr>
          </ns3:TrackPointExtension>
        </extensions>
      </trkpt>
      <trkpt lat="59.986852593719959259033203125" lon="30.356740392744541168212890625">
        <ele>34.40000152587890625</ele>
        <time>2026-04-06T16:48:00.000Z</time>
        <extensions>
          <ns3:TrackPointExtension>
            <ns3:atemp>12.0</ns3:atemp>
            <ns3:hr>131</ns3:hr>
          </ns3:TrackPointExtension>
        </extensions>
      </trkpt>
      <trkpt lat="59.98685183934867382049560546875" lon="30.3567445836961269378662109375">
        <ele>34.40000152587890625</ele>
        <time>2026-04-06T16:48:03.000Z</time>
        <extensions>
          <ns3:TrackPointExtension>
            <ns3:atemp>12.0</ns3:atemp>
            <ns3:hr>131</ns3:hr>
          </ns3:TrackPointExtension>
        </extensions>
      </trkpt>
      <trkpt lat="59.9868490733206272125244140625" lon="30.3567502833902835845947265625">
        <ele>34.200000762939453125</ele>
        <time>2026-04-06T16:48:06.000Z</time>
        <extensions>
          <ns3:TrackPointExtension>
            <ns3:atemp>12.0</ns3:atemp>
            <ns3:hr>128</ns3:hr>
          </ns3:TrackPointExtension>
        </extensions>
      </trkpt>
      <trkpt lat="59.986853934824466705322265625" lon="30.3567600063979625701904296875">
        <ele>34.200000762939453125</ele>
        <time>2026-04-06T16:48:11.000Z</time>
        <extensions>
          <ns3:TrackPointExtension>
            <ns3:atemp>12.0</ns3:atemp>
            <ns3:hr>129</ns3:hr>
          </ns3:TrackPointExtension>
        </extensions>
      </trkpt>
      <trkpt lat="59.98685318045318126678466796875" lon="30.3567569889128208160400390625">
        <ele>34</ele>
        <time>2026-04-06T16:48:16.000Z</time>
        <extensions>
          <ns3:TrackPointExtension>
            <ns3:atemp>12.0</ns3:atemp>
            <ns3:hr>125</ns3:hr>
          </ns3:TrackPointExtension>
        </extensions>
      </trkpt>
      <trkpt lat="59.98685292899608612060546875" lon="30.3567506186664104461669921875">
        <ele>33.40000152587890625</ele>
        <time>2026-04-06T16:48:22.000Z</time>
        <extensions>
          <ns3:TrackPointExtension>
            <ns3:atemp>12.0</ns3:atemp>
            <ns3:hr>122</ns3:hr>
          </ns3:TrackPointExtension>
        </extensions>
      </trkpt>
      <trkpt lat="59.98685292899608612060546875" lon="30.3567492775619029998779296875">
        <ele>33.40000152587890625</ele>
        <time>2026-04-06T16:48:23.000Z</time>
        <extensions>
          <ns3:TrackPointExtension>
            <ns3:atemp>12.0</ns3:atemp>
            <ns3:hr>121</ns3:hr>
          </ns3:TrackPointExtension>
        </extensions>
      </trkpt>
      <trkpt lat="59.98686499893665313720703125" lon="30.35676964558660984039306640625">
        <ele>33.40000152587890625</ele>
        <time>2026-04-06T16:48:29.000Z</time>
        <extensions>
          <ns3:TrackPointExtension>
            <ns3:atemp>12.0</ns3:atemp>
            <ns3:hr>120</ns3:hr>
          </ns3:TrackPointExtension>
        </extensions>
      </trkpt>
      <trkpt lat="59.98687379993498325347900390625" lon="30.35678775049746036529541015625">
        <ele>33.40000152587890625</ele>
        <time>2026-04-06T16:48:30.000Z</time>
        <extensions>
          <ns3:TrackPointExtension>
            <ns3:atemp>12.0</ns3:atemp>
            <ns3:hr>120</ns3:hr>
          </ns3:TrackPointExtension>
        </extensions>
      </trkpt>
      <trkpt lat="59.98692476190626621246337890625" lon="30.3568813763558864593505859375">
        <ele>33.200000762939453125</ele>
        <time>2026-04-06T16:48:34.000Z</time>
        <extensions>
          <ns3:TrackPointExtension>
            <ns3:atemp>12.0</ns3:atemp>
            <ns3:hr>119</ns3:hr>
          </ns3:TrackPointExtension>
        </extensions>
      </trkpt>
      <trkpt lat="59.98693062923848628997802734375" lon="30.35696578212082386016845703125">
        <ele>33.200000762939453125</ele>
        <time>2026-04-06T16:48:36.000Z</time>
        <extensions>
          <ns3:TrackPointExtension>
            <ns3:atemp>12.0</ns3:atemp>
            <ns3:hr>121</ns3:hr>
          </ns3:TrackPointExtension>
        </extensions>
      </trkpt>
      <trkpt lat="59.986916966736316680908203125" lon="30.3572719730436801910400390625">
        <ele>33.59999847412109375</ele>
        <time>2026-04-06T16:48:41.000Z</time>
        <extensions>
          <ns3:TrackPointExtension>
            <ns3:atemp>12.0</ns3:atemp>
            <ns3:hr>119</ns3:hr>
          </ns3:TrackPointExtension>
        </extensions>
      </trkpt>
      <trkpt lat="59.9869379214942455291748046875" lon="30.3575422056019306182861328125">
        <ele>33.799999237060546875</ele>
        <time>2026-04-06T16:48:45.000Z</time>
        <extensions>
          <ns3:TrackPointExtension>
            <ns3:atemp>12.0</ns3:atemp>
            <ns3:hr>116</ns3:hr>
          </ns3:TrackPointExtension>
        </extensions>
      </trkpt>
      <trkpt lat="59.98694521375000476837158203125" lon="30.35771009512245655059814453125">
        <ele>34</ele>
        <time>2026-04-06T16:48:47.000Z</time>
        <extensions>
          <ns3:TrackPointExtension>
            <ns3:atemp>12.0</ns3:atemp>
            <ns3:hr>120</ns3:hr>
          </ns3:TrackPointExtension>
        </extensions>
      </trkpt>
      <trkpt lat="59.9869461357593536376953125" lon="30.35778854973614215850830078125">
        <ele>34</ele>
        <time>2026-04-06T16:48:48.000Z</time>
        <extensions>
          <ns3:TrackPointExtension>
            <ns3:atemp>12.0</ns3:atemp>
            <ns3:hr>123</ns3:hr>
          </ns3:TrackPointExtension>
        </extensions>
      </trkpt>
      <trkpt lat="59.9869436211884021759033203125" lon="30.357863903045654296875">
        <ele>34</ele>
        <time>2026-04-06T16:48:49.000Z</time>
        <extensions>
          <ns3:TrackPointExtension>
            <ns3:atemp>12.0</ns3:atemp>
            <ns3:hr>124</ns3:hr>
          </ns3:TrackPointExtension>
        </extensions>
      </trkpt>
      <trkpt lat="59.98688821680843830108642578125" lon="30.35812608897686004638671875">
        <ele>34.200000762939453125</ele>
        <time>2026-04-06T16:48:53.000Z</time>
        <extensions>
          <ns3:TrackPointExtension>
            <ns3:atemp>12.0</ns3:atemp>
            <ns3:hr>128</ns3:hr>
          </ns3:TrackPointExtension>
        </extensions>
      </trkpt>
      <trkpt lat="59.98686097562313079833984375" lon="30.35817462019622325897216796875">
        <ele>34.200000762939453125</ele>
        <time>2026-04-06T16:48:54.000Z</time>
        <extensions>
          <ns3:TrackPointExtension>
            <ns3:atemp>12.0</ns3:atemp>
            <ns3:hr>127</ns3:hr>
          </ns3:TrackPointExtension>
        </extensions>
      </trkpt>
      <trkpt lat="59.98682535253465175628662109375" lon="30.35843345336616039276123046875">
        <ele>34</ele>
        <time>2026-04-06T16:48:58.000Z</time>
        <extensions>
          <ns3:TrackPointExtension>
            <ns3:atemp>12.0</ns3:atemp>
            <ns3:hr>129</ns3:hr>
          </ns3:TrackPointExtension>
        </extensions>
      </trkpt>
      <trkpt lat="59.98682116158306598663330078125" lon="30.3585778735578060150146484375">
        <ele>33.799999237060546875</ele>
        <time>2026-04-06T16:49:00.000Z</time>
        <extensions>
          <ns3:TrackPointExtension>
            <ns3:atemp>12.0</ns3:atemp>
            <ns3:hr>132</ns3:hr>
          </ns3:TrackPointExtension>
        </extensions>
      </trkpt>
      <trkpt lat="59.98681797645986080169677734375" lon="30.35864786244928836822509765625">
        <ele>33.799999237060546875</ele>
        <time>2026-04-06T16:49:01.000Z</time>
        <extensions>
          <ns3:TrackPointExtension>
            <ns3:atemp>12.0</ns3:atemp>
            <ns3:hr>128</ns3:hr>
          </ns3:TrackPointExtension>
        </extensions>
      </trkpt>
      <trkpt lat="59.98677724041044712066650390625" lon="30.35895598120987415313720703125">
        <ele>34.200000762939453125</ele>
        <time>2026-04-06T16:49:05.000Z</time>
        <extensions>
          <ns3:TrackPointExtension>
            <ns3:atemp>12.0</ns3:atemp>
            <ns3:hr>130</ns3:hr>
          </ns3:TrackPointExtension>
        </extensions>
      </trkpt>
      <trkpt lat="59.98670515604317188262939453125" lon="30.3593190014362335205078125">
        <ele>34.40000152587890625</ele>
        <time>2026-04-06T16:49:10.000Z</time>
        <extensions>
          <ns3:TrackPointExtension>
            <ns3:atemp>12.0</ns3:atemp>
            <ns3:hr>130</ns3:hr>
          </ns3:TrackPointExtension>
        </extensions>
      </trkpt>
      <trkpt lat="59.9866457283496856689453125" lon="30.35968244075775146484375">
        <ele>34.59999847412109375</ele>
        <time>2026-04-06T16:49:16.000Z</time>
        <extensions>
          <ns3:TrackPointExtension>
            <ns3:atemp>12.0</ns3:atemp>
            <ns3:hr>132</ns3:hr>
          </ns3:TrackPointExtension>
        </extensions>
      </trkpt>
      <trkpt lat="59.986621923744678497314453125" lon="30.35987648181617259979248046875">
        <ele>35</ele>
        <time>2026-04-06T16:49:20.000Z</time>
        <extensions>
          <ns3:TrackPointExtension>
            <ns3:atemp>12.0</ns3:atemp>
            <ns3:hr>130</ns3:hr>
          </ns3:TrackPointExtension>
        </extensions>
      </trkpt>
      <trkpt lat="59.98660021461546421051025390625" lon="30.3600356541574001312255859375">
        <ele>35.40000152587890625</ele>
        <time>2026-04-06T16:49:23.000Z</time>
        <extensions>
          <ns3:TrackPointExtension>
            <ns3:atemp>12.0</ns3:atemp>
            <ns3:hr>130</ns3:hr>
          </ns3:TrackPointExtension>
        </extensions>
      </trkpt>
      <trkpt lat="59.98658739030361175537109375" lon="30.3603568486869335174560546875">
        <ele>35.59999847412109375</ele>
        <time>2026-04-06T16:49:30.000Z</time>
        <extensions>
          <ns3:TrackPointExtension>
            <ns3:atemp>12.0</ns3:atemp>
            <ns3:hr>129</ns3:hr>
          </ns3:TrackPointExtension>
        </extensions>
      </trkpt>
      <trkpt lat="59.98657666146755218505859375" lon="30.3605891950428485870361328125">
        <ele>35.799999237060546875</ele>
        <time>2026-04-06T16:49:35.000Z</time>
        <extensions>
          <ns3:TrackPointExtension>
            <ns3:atemp>12.0</ns3:atemp>
            <ns3:hr>127</ns3:hr>
          </ns3:TrackPointExtension>
        </extensions>
      </trkpt>
      <trkpt lat="59.98652813024818897247314453125" lon="30.36094198934733867645263671875">
        <ele>36</ele>
        <time>2026-04-06T16:49:40.000Z</time>
        <extensions>
          <ns3:TrackPointExtension>
            <ns3:atemp>12.0</ns3:atemp>
            <ns3:hr>127</ns3:hr>
          </ns3:TrackPointExtension>
        </extensions>
      </trkpt>
      <trkpt lat="59.9864928424358367919921875" lon="30.3611380420625209808349609375">
        <ele>35.59999847412109375</ele>
        <time>2026-04-06T16:49:43.000Z</time>
        <extensions>
          <ns3:TrackPointExtension>
            <ns3:atemp>12.0</ns3:atemp>
            <ns3:hr>124</ns3:hr>
          </ns3:TrackPointExtension>
        </extensions>
      </trkpt>
      <trkpt lat="59.9864688701927661895751953125" lon="30.36131129600107669830322265625">
        <ele>35.59999847412109375</ele>
        <time>2026-04-06T16:49:45.000Z</time>
        <extensions>
          <ns3:TrackPointExtension>
            <ns3:atemp>12.0</ns3:atemp>
            <ns3:hr>127</ns3:hr>
          </ns3:TrackPointExtension>
        </extensions>
      </trkpt>
      <trkpt lat="59.98645755462348461151123046875" lon="30.36139930598437786102294921875">
        <ele>35.799999237060546875</ele>
        <time>2026-04-06T16:49:46.000Z</time>
        <extensions>
          <ns3:TrackPointExtension>
            <ns3:atemp>12.0</ns3:atemp>
            <ns3:hr>127</ns3:hr>
          </ns3:TrackPointExtension>
        </extensions>
      </trkpt>
      <trkpt lat="59.98638622462749481201171875" lon="30.36169753409922122955322265625">
        <ele>36</ele>
        <time>2026-04-06T16:49:50.000Z</time>
        <extensions>
          <ns3:TrackPointExtension>
            <ns3:atemp>12.0</ns3:atemp>
            <ns3:hr>127</ns3:hr>
          </ns3:TrackPointExtension>
        </extensions>
      </trkpt>
      <trkpt lat="59.98635445721447467803955078125" lon="30.361852012574672698974609375">
        <ele>36.200000762939453125</ele>
        <time>2026-04-06T16:49:52.000Z</time>
        <extensions>
          <ns3:TrackPointExtension>
            <ns3:atemp>12.0</ns3:atemp>
            <ns3:hr>125</ns3:hr>
          </ns3:TrackPointExtension>
        </extensions>
      </trkpt>
      <trkpt lat="59.98633928596973419189453125" lon="30.36193122155964374542236328125">
        <ele>36.200000762939453125</ele>
        <time>2026-04-06T16:49:53.000Z</time>
        <extensions>
          <ns3:TrackPointExtension>
            <ns3:atemp>12.0</ns3:atemp>
            <ns3:hr>129</ns3:hr>
          </ns3:TrackPointExtension>
        </extensions>
      </trkpt>
      <trkpt lat="59.98629511334002017974853515625" lon="30.36216625012457370758056640625">
        <ele>35.799999237060546875</ele>
        <time>2026-04-06T16:49:56.000Z</time>
        <extensions>
          <ns3:TrackPointExtension>
            <ns3:atemp>12.0</ns3:atemp>
            <ns3:hr>129</ns3:hr>
          </ns3:TrackPointExtension>
        </extensions>
      </trkpt>
      <trkpt lat="59.9862479232251644134521484375" lon="30.362302958965301513671875">
        <ele>35.799999237060546875</ele>
        <time>2026-04-06T16:49:58.000Z</time>
        <extensions>
          <ns3:TrackPointExtension>
            <ns3:atemp>12.0</ns3:atemp>
            <ns3:hr>128</ns3:hr>
          </ns3:TrackPointExtension>
        </extensions>
      </trkpt>
      <trkpt lat="59.986145161092281341552734375" lon="30.36263530142605304718017578125">
        <ele>35</ele>
        <time>2026-04-06T16:50:03.000Z</time>
        <extensions>
          <ns3:TrackPointExtension>
            <ns3:atemp>12.0</ns3:atemp>
            <ns3:hr>129</ns3:hr>
          </ns3:TrackPointExtension>
        </extensions>
      </trkpt>
      <trkpt lat="59.98612579889595508575439453125" lon="30.36271040327847003936767578125">
        <ele>35</ele>
        <time>2026-04-06T16:50:04.000Z</time>
        <extensions>
          <ns3:TrackPointExtension>
            <ns3:atemp>12.0</ns3:atemp>
            <ns3:hr>129</ns3:hr>
          </ns3:TrackPointExtension>
        </extensions>
      </trkpt>
      <trkpt lat="59.98605094850063323974609375" lon="30.36299220286309719085693359375">
        <ele>35.59999847412109375</ele>
        <time>2026-04-06T16:50:08.000Z</time>
        <extensions>
          <ns3:TrackPointExtension>
            <ns3:atemp>12.0</ns3:atemp>
            <ns3:hr>128</ns3:hr>
          </ns3:TrackPointExtension>
        </extensions>
      </trkpt>
      <trkpt lat="59.9859495274722576141357421875" lon="30.3633998148143291473388671875">
        <ele>35.59999847412109375</ele>
        <time>2026-04-06T16:50:13.000Z</time>
        <extensions>
          <ns3:TrackPointExtension>
            <ns3:atemp>12.0</ns3:atemp>
            <ns3:hr>125</ns3:hr>
          </ns3:TrackPointExtension>
        </extensions>
      </trkpt>
      <trkpt lat="59.9859297461807727813720703125" lon="30.3634752519428730010986328125">
        <ele>35.40000152587890625</ele>
        <time>2026-04-06T16:50:14.000Z</time>
        <extensions>
          <ns3:TrackPointExtension>
            <ns3:atemp>12.0</ns3:atemp>
            <ns3:hr>125</ns3:hr>
          </ns3:TrackPointExtension>
        </extensions>
      </trkpt>
      <trkpt lat="59.9858479388058185577392578125" lon="30.36395830102264881134033203125">
        <ele>35.59999847412109375</ele>
        <time>2026-04-06T16:50:20.000Z</time>
        <extensions>
          <ns3:TrackPointExtension>
            <ns3:atemp>12.0</ns3:atemp>
            <ns3:hr>126</ns3:hr>
          </ns3:TrackPointExtension>
        </extensions>
      </trkpt>
      <trkpt lat="59.98584819026291370391845703125" lon="30.36408654414117336273193359375">
        <ele>36.200000762939453125</ele>
        <time>2026-04-06T16:50:22.000Z</time>
        <extensions>
          <ns3:TrackPointExtension>
            <ns3:atemp>11.0</ns3:atemp>
            <ns3:hr>125</ns3:hr>
          </ns3:TrackPointExtension>
        </extensions>
      </trkpt>
      <trkpt lat="59.985863529145717620849609375" lon="30.364287793636322021484375">
        <ele>36.200000762939453125</ele>
        <time>2026-04-06T16:50:25.000Z</time>
        <extensions>
          <ns3:TrackPointExtension>
            <ns3:atemp>11.0</ns3:atemp>
            <ns3:hr>127</ns3:hr>
          </ns3:TrackPointExtension>
        </extensions>
      </trkpt>
      <trkpt lat="59.9859089590609073638916015625" lon="30.364480577409267425537109375">
        <ele>36.59999847412109375</ele>
        <time>2026-04-06T16:50:29.000Z</time>
        <extensions>
          <ns3:TrackPointExtension>
            <ns3:atemp>11.0</ns3:atemp>
            <ns3:hr>129</ns3:hr>
          </ns3:TrackPointExtension>
        </extensions>
      </trkpt>
      <trkpt lat="59.98599135316908359527587890625" lon="30.36454201675951480865478515625">
        <ele>36.799999237060546875</ele>
        <time>2026-04-06T16:50:32.000Z</time>
        <extensions>
          <ns3:TrackPointExtension>
            <ns3:atemp>11.0</ns3:atemp>
            <ns3:hr>132</ns3:hr>
          </ns3:TrackPointExtension>
        </extensions>
      </trkpt>
      <trkpt lat="59.98601800762116909027099609375" lon="30.36457504145801067352294921875">
        <ele>36.799999237060546875</ele>
        <time>2026-04-06T16:50:33.000Z</time>
        <extensions>
          <ns3:TrackPointExtension>
            <ns3:atemp>11.0</ns3:atemp>
            <ns3:hr>137</ns3:hr>
          </ns3:TrackPointExtension>
        </extensions>
      </trkpt>
      <trkpt lat="59.98604801483452320098876953125" lon="30.364599265158176422119140625">
        <ele>36.59999847412109375</ele>
        <time>2026-04-06T16:50:34.000Z</time>
        <extensions>
          <ns3:TrackPointExtension>
            <ns3:atemp>11.0</ns3:atemp>
            <ns3:hr>136</ns3:hr>
          </ns3:TrackPointExtension>
        </extensions>
      </trkpt>
      <trkpt lat="59.9863133020699024200439453125" lon="30.36477805115282535552978515625">
        <ele>37.200000762939453125</ele>
        <time>2026-04-06T16:50:41.000Z</time>
        <extensions>
          <ns3:TrackPointExtension>
            <ns3:atemp>11.0</ns3:atemp>
            <ns3:hr>137</ns3:hr>
          </ns3:TrackPointExtension>
        </extensions>
      </trkpt>
      <trkpt lat="59.9863910861313343048095703125" lon="30.36482398398220539093017578125">
        <ele>37.59999847412109375</ele>
        <time>2026-04-06T16:50:43.000Z</time>
        <extensions>
          <ns3:TrackPointExtension>
            <ns3:atemp>11.0</ns3:atemp>
            <ns3:hr>138</ns3:hr>
          </ns3:TrackPointExtension>
        </extensions>
      </trkpt>
      <trkpt lat="59.9864645116031169891357421875" lon="30.36487595178186893463134765625">
        <ele>37.799999237060546875</ele>
        <time>2026-04-06T16:50:45.000Z</time>
        <extensions>
          <ns3:TrackPointExtension>
            <ns3:atemp>11.0</ns3:atemp>
            <ns3:hr>141</ns3:hr>
          </ns3:TrackPointExtension>
        </extensions>
      </trkpt>
      <trkpt lat="59.9866556189954280853271484375" lon="30.36499120295047760009765625">
        <ele>37.59999847412109375</ele>
        <time>2026-04-06T16:50:50.000Z</time>
        <extensions>
          <ns3:TrackPointExtension>
            <ns3:atemp>11.0</ns3:atemp>
            <ns3:hr>142</ns3:hr>
          </ns3:TrackPointExtension>
        </extensions>
      </trkpt>
      <trkpt lat="59.98691403307020664215087890625" lon="30.365205444395542144775390625">
        <ele>37.799999237060546875</ele>
        <time>2026-04-06T16:50:57.000Z</time>
        <extensions>
          <ns3:TrackPointExtension>
            <ns3:atemp>11.0</ns3:atemp>
            <ns3:hr>142</ns3:hr>
          </ns3:TrackPointExtension>
        </extensions>
      </trkpt>
      <trkpt lat="59.98717688955366611480712890625" lon="30.36548045463860034942626953125">
        <ele>38</ele>
        <time>2026-04-06T16:51:04.000Z</time>
        <extensions>
          <ns3:TrackPointExtension>
            <ns3:atemp>11.0</ns3:atemp>
            <ns3:hr>140</ns3:hr>
          </ns3:TrackPointExtension>
        </extensions>
      </trkpt>
      <trkpt lat="59.98728183098137378692626953125" lon="30.36561154760420322418212890625">
        <ele>38.200000762939453125</ele>
        <time>2026-04-06T16:51:07.000Z</time>
        <extensions>
          <ns3:TrackPointExtension>
            <ns3:atemp>11.0</ns3:atemp>
            <ns3:hr>141</ns3:hr>
          </ns3:TrackPointExtension>
        </extensions>
      </trkpt>
      <trkpt lat="59.9873945675790309906005859375" lon="30.3658252023160457611083984375">
        <ele>38.40000152587890625</ele>
        <time>2026-04-06T16:51:11.000Z</time>
        <extensions>
          <ns3:TrackPointExtension>
            <ns3:atemp>11.0</ns3:atemp>
            <ns3:hr>140</ns3:hr>
          </ns3:TrackPointExtension>
        </extensions>
      </trkpt>
      <trkpt lat="59.98757310211658477783203125" lon="30.3661210834980010986328125">
        <ele>39.200000762939453125</ele>
        <time>2026-04-06T16:51:16.000Z</time>
        <extensions>
          <ns3:TrackPointExtension>
            <ns3:atemp>11.0</ns3:atemp>
            <ns3:hr>141</ns3:hr>
          </ns3:TrackPointExtension>
        </extensions>
      </trkpt>
      <trkpt lat="59.9876349605619907379150390625" lon="30.3662449680268764495849609375">
        <ele>39.200000762939453125</ele>
        <time>2026-04-06T16:51:18.000Z</time>
        <extensions>
          <ns3:TrackPointExtension>
            <ns3:atemp>11.0</ns3:atemp>
            <ns3:hr>136</ns3:hr>
          </ns3:TrackPointExtension>
        </extensions>
      </trkpt>
      <trkpt lat="59.98766555450856685638427734375" lon="30.3663100115954875946044921875">
        <ele>39.200000762939453125</ele>
        <time>2026-04-06T16:51:19.000Z</time>
        <extensions>
          <ns3:TrackPointExtension>
            <ns3:atemp>11.0</ns3:atemp>
            <ns3:hr>136</ns3:hr>
          </ns3:TrackPointExtension>
        </extensions>
      </trkpt>
      <trkpt lat="59.9878129921853542327880859375" lon="30.36673924885690212249755859375">
        <ele>39.59999847412109375</ele>
        <time>2026-04-06T16:51:25.000Z</time>
        <extensions>
          <ns3:TrackPointExtension>
            <ns3:atemp>11.0</ns3:atemp>
            <ns3:hr>134</ns3:hr>
          </ns3:TrackPointExtension>
        </extensions>
      </trkpt>
      <trkpt lat="59.98783595860004425048828125" lon="30.36680638790130615234375">
        <ele>39.799999237060546875</ele>
        <time>2026-04-06T16:51:26.000Z</time>
        <extensions>
          <ns3:TrackPointExtension>
            <ns3:atemp>11.0</ns3:atemp>
            <ns3:hr>133</ns3:hr>
          </ns3:TrackPointExtension>
        </extensions>
      </trkpt>
      <trkpt lat="59.987950287759304046630859375" lon="30.367069244384765625">
        <ele>40</ele>
        <time>2026-04-06T16:51:30.000Z</time>
        <extensions>
          <ns3:TrackPointExtension>
            <ns3:atemp>11.0</ns3:atemp>
            <ns3:hr>137</ns3:hr>
          </ns3:TrackPointExtension>
        </extensions>
      </trkpt>
      <trkpt lat="59.98797819949686527252197265625" lon="30.367141999304294586181640625">
        <ele>40</ele>
        <time>2026-04-06T16:51:31.000Z</time>
        <extensions>
          <ns3:TrackPointExtension>
            <ns3:atemp>11.0</ns3:atemp>
            <ns3:hr>140</ns3:hr>
          </ns3:TrackPointExtension>
        </extensions>
      </trkpt>
      <trkpt lat="59.98800435103476047515869140625" lon="30.3672112338244915008544921875">
        <ele>40</ele>
        <time>2026-04-06T16:51:32.000Z</time>
        <extensions>
          <ns3:TrackPointExtension>
            <ns3:atemp>11.0</ns3:atemp>
            <ns3:hr>141</ns3:hr>
          </ns3:TrackPointExtension>
        </extensions>
      </trkpt>
      <trkpt lat="59.9880480207502841949462890625" lon="30.3673483617603778839111328125">
        <ele>40.200000762939453125</ele>
        <time>2026-04-06T16:51:34.000Z</time>
        <extensions>
          <ns3:TrackPointExtension>
            <ns3:atemp>11.0</ns3:atemp>
            <ns3:hr>141</ns3:hr>
          </ns3:TrackPointExtension>
        </extensions>
      </trkpt>
      <trkpt lat="59.9881717376410961151123046875" lon="30.3676843084394931793212890625">
        <ele>40.40000152587890625</ele>
        <time>2026-04-06T16:51:39.000Z</time>
        <extensions>
          <ns3:TrackPointExtension>
            <ns3:atemp>11.0</ns3:atemp>
            <ns3:hr>140</ns3:hr>
          </ns3:TrackPointExtension>
        </extensions>
      </trkpt>
      <trkpt lat="59.98819612897932529449462890625" lon="30.36774725653231143951416015625">
        <ele>40.59999847412109375</ele>
        <time>2026-04-06T16:51:40.000Z</time>
        <extensions>
          <ns3:TrackPointExtension>
            <ns3:atemp>11.0</ns3:atemp>
            <ns3:hr>144</ns3:hr>
          </ns3:TrackPointExtension>
        </extensions>
      </trkpt>
      <trkpt lat="59.988219179213047027587890625" lon="30.36780945025384426116943359375">
        <ele>40.40000152587890625</ele>
        <time>2026-04-06T16:51:41.000Z</time>
        <extensions>
          <ns3:TrackPointExtension>
            <ns3:atemp>11.0</ns3:atemp>
            <ns3:hr>141</ns3:hr>
          </ns3:TrackPointExtension>
        </extensions>
      </trkpt>
      <trkpt lat="59.98835069127380847930908203125" lon="30.368169285356998443603515625">
        <ele>40.59999847412109375</ele>
        <time>2026-04-06T16:51:47.000Z</time>
        <extensions>
          <ns3:TrackPointExtension>
            <ns3:atemp>11.0</ns3:atemp>
            <ns3:hr>139</ns3:hr>
          </ns3:TrackPointExtension>
        </extensions>
      </trkpt>
      <trkpt lat="59.98850542120635509490966796875" lon="30.36859483458101749420166015625">
        <ele>41.200000762939453125</ele>
        <time>2026-04-06T16:51:54.000Z</time>
        <extensions>
          <ns3:TrackPointExtension>
            <ns3:atemp>11.0</ns3:atemp>
            <ns3:hr>142</ns3:hr>
          </ns3:TrackPointExtension>
        </extensions>
      </trkpt>
      <trkpt lat="59.98854598961770534515380859375" lon="30.3687079064548015594482421875">
        <ele>41.200000762939453125</ele>
        <time>2026-04-06T16:51:56.000Z</time>
        <extensions>
          <ns3:TrackPointExtension>
            <ns3:atemp>11.0</ns3:atemp>
            <ns3:hr>144</ns3:hr>
          </ns3:TrackPointExtension>
        </extensions>
      </trkpt>
      <trkpt lat="59.988658726215362548828125" lon="30.3691270016133785247802734375">
        <ele>41.59999847412109375</ele>
        <time>2026-04-06T16:52:02.000Z</time>
        <extensions>
          <ns3:TrackPointExtension>
            <ns3:atemp>11.0</ns3:atemp>
            <ns3:hr>146</ns3:hr>
          </ns3:TrackPointExtension>
        </extensions>
      </trkpt>
      <trkpt lat="59.98885846696794033050537109375" lon="30.369702838361263275146484375">
        <ele>41.59999847412109375</ele>
        <time>2026-04-06T16:52:11.000Z</time>
        <extensions>
          <ns3:TrackPointExtension>
            <ns3:atemp>11.0</ns3:atemp>
            <ns3:hr>141</ns3:hr>
          </ns3:TrackPointExtension>
        </extensions>
      </trkpt>
      <trkpt lat="59.98889685608446598052978515625" lon="30.36983334459364414215087890625">
        <ele>41.799999237060546875</ele>
        <time>2026-04-06T16:52:13.000Z</time>
        <extensions>
          <ns3:TrackPointExtension>
            <ns3:atemp>11.0</ns3:atemp>
            <ns3:hr>138</ns3:hr>
          </ns3:TrackPointExtension>
        </extensions>
      </trkpt>
      <trkpt lat="59.9889703653752803802490234375" lon="30.3700677864253520965576171875">
        <ele>42.200000762939453125</ele>
        <time>2026-04-06T16:52:17.000Z</time>
        <extensions>
          <ns3:TrackPointExtension>
            <ns3:atemp>11.0</ns3:atemp>
            <ns3:hr>138</ns3:hr>
          </ns3:TrackPointExtension>
        </extensions>
      </trkpt>
      <trkpt lat="59.989005066454410552978515625" lon="30.37018404342234134674072265625">
        <ele>42.40000152587890625</ele>
        <time>2026-04-06T16:52:19.000Z</time>
        <extensions>
          <ns3:TrackPointExtension>
            <ns3:atemp>11.0</ns3:atemp>
            <ns3:hr>138</ns3:hr>
          </ns3:TrackPointExtension>
        </extensions>
      </trkpt>
      <trkpt lat="59.98918737284839153289794921875" lon="30.37066231481730937957763671875">
        <ele>42.799999237060546875</ele>
        <time>2026-04-06T16:52:27.000Z</time>
        <extensions>
          <ns3:TrackPointExtension>
            <ns3:atemp>11.0</ns3:atemp>
            <ns3:hr>139</ns3:hr>
          </ns3:TrackPointExtension>
        </extensions>
      </trkpt>
      <trkpt lat="59.98935115523636341094970703125" lon="30.37113656289875507354736328125">
        <ele>43.200000762939453125</ele>
        <time>2026-04-06T16:52:35.000Z</time>
        <extensions>
          <ns3:TrackPointExtension>
            <ns3:atemp>11.0</ns3:atemp>
            <ns3:hr>136</ns3:hr>
          </ns3:TrackPointExtension>
        </extensions>
      </trkpt>
      <trkpt lat="59.9893988482654094696044921875" lon="30.37124938331544399261474609375">
        <ele>43.200000762939453125</ele>
        <time>2026-04-06T16:52:37.000Z</time>
        <extensions>
          <ns3:TrackPointExtension>
            <ns3:atemp>11.0</ns3:atemp>
            <ns3:hr>136</ns3:hr>
          </ns3:TrackPointExtension>
        </extensions>
      </trkpt>
      <trkpt lat="59.98941938392817974090576171875" lon="30.3713143430650234222412109375">
        <ele>43.40000152587890625</ele>
        <time>2026-04-06T16:52:38.000Z</time>
        <extensions>
          <ns3:TrackPointExtension>
            <ns3:atemp>11.0</ns3:atemp>
            <ns3:hr>136</ns3:hr>
          </ns3:TrackPointExtension>
        </extensions>
      </trkpt>
      <trkpt lat="59.9894816614687442779541015625" lon="30.37151140160858631134033203125">
        <ele>43.40000152587890625</ele>
        <time>2026-04-06T16:52:41.000Z</time>
        <extensions>
          <ns3:TrackPointExtension>
            <ns3:atemp>11.0</ns3:atemp>
            <ns3:hr>133</ns3:hr>
          </ns3:TrackPointExtension>
        </extensions>
      </trkpt>
      <trkpt lat="59.98956858180463314056396484375" lon="30.37177375517785549163818359375">
        <ele>43.799999237060546875</ele>
        <time>2026-04-06T16:52:45.000Z</time>
        <extensions>
          <ns3:TrackPointExtension>
            <ns3:atemp>11.0</ns3:atemp>
            <ns3:hr>134</ns3:hr>
          </ns3:TrackPointExtension>
        </extensions>
      </trkpt>
      <trkpt lat="59.9896110780537128448486328125" lon="30.37190484814345836639404296875">
        <ele>43.799999237060546875</ele>
        <time>2026-04-06T16:52:47.000Z</time>
        <extensions>
          <ns3:TrackPointExtension>
            <ns3:atemp>11.0</ns3:atemp>
            <ns3:hr>137</ns3:hr>
          </ns3:TrackPointExtension>
        </extensions>
      </trkpt>
      <trkpt lat="59.98968928121030330657958984375" lon="30.372162424027919769287109375">
        <ele>44.40000152587890625</ele>
        <time>2026-04-06T16:52:51.000Z</time>
        <extensions>
          <ns3:TrackPointExtension>
            <ns3:atemp>11.0</ns3:atemp>
            <ns3:hr>139</ns3:hr>
          </ns3:TrackPointExtension>
        </extensions>
      </trkpt>
      <trkpt lat="59.98973655514419078826904296875" lon="30.37227951921522617340087890625">
        <ele>44.59999847412109375</ele>
        <time>2026-04-06T16:52:53.000Z</time>
        <extensions>
          <ns3:TrackPointExtension>
            <ns3:atemp>11.0</ns3:atemp>
            <ns3:hr>136</ns3:hr>
          </ns3:TrackPointExtension>
        </extensions>
      </trkpt>
      <trkpt lat="59.989921711385250091552734375" lon="30.37270431406795978546142578125">
        <ele>44.200000762939453125</ele>
        <time>2026-04-06T16:53:01.000Z</time>
        <extensions>
          <ns3:TrackPointExtension>
            <ns3:atemp>11.0</ns3:atemp>
            <ns3:hr>139</ns3:hr>
          </ns3:TrackPointExtension>
        </extensions>
      </trkpt>
      <trkpt lat="59.98996336944401264190673828125" lon="30.372746475040912628173828125">
        <ele>44.40000152587890625</ele>
        <time>2026-04-06T16:53:03.000Z</time>
        <extensions>
          <ns3:TrackPointExtension>
            <ns3:atemp>11.0</ns3:atemp>
            <ns3:hr>135</ns3:hr>
          </ns3:TrackPointExtension>
        </extensions>
      </trkpt>
      <trkpt lat="59.98997560702264308929443359375" lon="30.37277036346495151519775390625">
        <ele>44.40000152587890625</ele>
        <time>2026-04-06T16:53:04.000Z</time>
        <extensions>
          <ns3:TrackPointExtension>
            <ns3:atemp>11.0</ns3:atemp>
            <ns3:hr>135</ns3:hr>
          </ns3:TrackPointExtension>
        </extensions>
      </trkpt>
      <trkpt lat="59.9899761937558650970458984375" lon="30.37279383279383182525634765625">
        <ele>44.40000152587890625</ele>
        <time>2026-04-06T16:53:05.000Z</time>
        <extensions>
          <ns3:TrackPointExtension>
            <ns3:atemp>11.0</ns3:atemp>
            <ns3:hr>134</ns3:hr>
          </ns3:TrackPointExtension>
        </extensions>
      </trkpt>
      <trkpt lat="59.989919029176235198974609375" lon="30.37290514446794986724853515625">
        <ele>44.59999847412109375</ele>
        <time>2026-04-06T16:53:10.000Z</time>
        <extensions>
          <ns3:TrackPointExtension>
            <ns3:atemp>11.0</ns3:atemp>
            <ns3:hr>136</ns3:hr>
          </ns3:TrackPointExtension>
        </extensions>
      </trkpt>
      <trkpt lat="59.98994828201830387115478515625" lon="30.3731037117540836334228515625">
        <ele>44.59999847412109375</ele>
        <time>2026-04-06T16:53:13.000Z</time>
        <extensions>
          <ns3:TrackPointExtension>
            <ns3:atemp>11.0</ns3:atemp>
            <ns3:hr>137</ns3:hr>
          </ns3:TrackPointExtension>
        </extensions>
      </trkpt>
      <trkpt lat="59.99002405442297458648681640625" lon="30.37340906448662281036376953125">
        <ele>44.799999237060546875</ele>
        <time>2026-04-06T16:53:17.000Z</time>
        <extensions>
          <ns3:TrackPointExtension>
            <ns3:atemp>11.0</ns3:atemp>
            <ns3:hr>134</ns3:hr>
          </ns3:TrackPointExtension>
        </extensions>
      </trkpt>
      <trkpt lat="59.99007702805101871490478515625" lon="30.3735829889774322509765625">
        <ele>45</ele>
        <time>2026-04-06T16:53:20.000Z</time>
        <extensions>
          <ns3:TrackPointExtension>
            <ns3:atemp>11.0</ns3:atemp>
            <ns3:hr>135</ns3:hr>
          </ns3:TrackPointExtension>
        </extensions>
      </trkpt>
      <trkpt lat="59.99024634249508380889892578125" lon="30.37398959510028362274169921875">
        <ele>45.40000152587890625</ele>
        <time>2026-04-06T16:53:27.000Z</time>
        <extensions>
          <ns3:TrackPointExtension>
            <ns3:atemp>11.0</ns3:atemp>
            <ns3:hr>133</ns3:hr>
          </ns3:TrackPointExtension>
        </extensions>
      </trkpt>
      <trkpt lat="59.99029294587671756744384765625" lon="30.37412144243717193603515625">
        <ele>45.59999847412109375</ele>
        <time>2026-04-06T16:53:29.000Z</time>
        <extensions>
          <ns3:TrackPointExtension>
            <ns3:atemp>11.0</ns3:atemp>
            <ns3:hr>134</ns3:hr>
          </ns3:TrackPointExtension>
        </extensions>
      </trkpt>
      <trkpt lat="59.99043929390609264373779296875" lon="30.37444154731929302215576171875">
        <ele>46.59999847412109375</ele>
        <time>2026-04-06T16:53:35.000Z</time>
        <extensions>
          <ns3:TrackPointExtension>
            <ns3:atemp>11.0</ns3:atemp>
            <ns3:hr>134</ns3:hr>
          </ns3:TrackPointExtension>
        </extensions>
      </trkpt>
      <trkpt lat="59.990464188158512115478515625" lon="30.37449032999575138092041015625">
        <ele>46.799999237060546875</ele>
        <time>2026-04-06T16:53:36.000Z</time>
        <extensions>
          <ns3:TrackPointExtension>
            <ns3:atemp>11.0</ns3:atemp>
            <ns3:hr>135</ns3:hr>
          </ns3:TrackPointExtension>
        </extensions>
      </trkpt>
      <trkpt lat="59.99065286479890346527099609375" lon="30.37479844875633716583251953125">
        <ele>47.799999237060546875</ele>
        <time>2026-04-06T16:53:43.000Z</time>
        <extensions>
          <ns3:TrackPointExtension>
            <ns3:atemp>11.0</ns3:atemp>
            <ns3:hr>133</ns3:hr>
          </ns3:TrackPointExtension>
        </extensions>
      </trkpt>
      <trkpt lat="59.9906782619655132293701171875" lon="30.3748397715389728546142578125">
        <ele>48</ele>
        <time>2026-04-06T16:53:44.000Z</time>
        <extensions>
          <ns3:TrackPointExtension>
            <ns3:atemp>11.0</ns3:atemp>
            <ns3:hr>133</ns3:hr>
          </ns3:TrackPointExtension>
        </extensions>
      </trkpt>
      <trkpt lat="59.9908971972763538360595703125" lon="30.37514378316700458526611328125">
        <ele>48.799999237060546875</ele>
        <time>2026-04-06T16:53:52.000Z</time>
        <extensions>
          <ns3:TrackPointExtension>
            <ns3:atemp>11.0</ns3:atemp>
            <ns3:hr>134</ns3:hr>
          </ns3:TrackPointExtension>
        </extensions>
      </trkpt>
      <trkpt lat="59.9909481592476367950439453125" lon="30.375215448439121246337890625">
        <ele>48.799999237060546875</ele>
        <time>2026-04-06T16:53:54.000Z</time>
        <extensions>
          <ns3:TrackPointExtension>
            <ns3:atemp>11.0</ns3:atemp>
            <ns3:hr>131</ns3:hr>
          </ns3:TrackPointExtension>
        </extensions>
      </trkpt>
      <trkpt lat="59.99097188003361225128173828125" lon="30.37524989806115627288818359375">
        <ele>49</ele>
        <time>2026-04-06T16:53:55.000Z</time>
        <extensions>
          <ns3:TrackPointExtension>
            <ns3:atemp>11.0</ns3:atemp>
            <ns3:hr>133</ns3:hr>
          </ns3:TrackPointExtension>
        </extensions>
      </trkpt>
      <trkpt lat="59.9911533482372760772705078125" lon="30.37541904486715793609619140625">
        <ele>49.799999237060546875</ele>
        <time>2026-04-06T16:54:01.000Z</time>
        <extensions>
          <ns3:TrackPointExtension>
            <ns3:atemp>11.0</ns3:atemp>
            <ns3:hr>133</ns3:hr>
          </ns3:TrackPointExtension>
        </extensions>
      </trkpt>
      <trkpt lat="59.9912378378212451934814453125" lon="30.3754975832998752593994140625">
        <ele>50</ele>
        <time>2026-04-06T16:54:04.000Z</time>
        <extensions>
          <ns3:TrackPointExtension>
            <ns3:atemp>11.0</ns3:atemp>
            <ns3:hr>136</ns3:hr>
          </ns3:TrackPointExtension>
        </extensions>
      </trkpt>
      <trkpt lat="59.991300366818904876708984375" lon="30.3755508922040462493896484375">
        <ele>50</ele>
        <time>2026-04-06T16:54:06.000Z</time>
        <extensions>
          <ns3:TrackPointExtension>
            <ns3:atemp>11.0</ns3:atemp>
            <ns3:hr>138</ns3:hr>
          </ns3:TrackPointExtension>
        </extensions>
      </trkpt>
      <trkpt lat="59.9913585372269153594970703125" lon="30.375608392059803009033203125">
        <ele>50.200000762939453125</ele>
        <time>2026-04-06T16:54:08.000Z</time>
        <extensions>
          <ns3:TrackPointExtension>
            <ns3:atemp>11.0</ns3:atemp>
            <ns3:hr>143</ns3:hr>
          </ns3:TrackPointExtension>
        </extensions>
      </trkpt>
      <trkpt lat="59.991389550268650054931640625" lon="30.37563580088317394256591796875">
        <ele>50</ele>
        <time>2026-04-06T16:54:09.000Z</time>
        <extensions>
          <ns3:TrackPointExtension>
            <ns3:atemp>11.0</ns3:atemp>
            <ns3:hr>143</ns3:hr>
          </ns3:TrackPointExtension>
        </extensions>
      </trkpt>
      <trkpt lat="59.99142165295779705047607421875" lon="30.3756625391542911529541015625">
        <ele>50</ele>
        <time>2026-04-06T16:54:10.000Z</time>
        <extensions>
          <ns3:TrackPointExtension>
            <ns3:atemp>11.0</ns3:atemp>
            <ns3:hr>144</ns3:hr>
          </ns3:TrackPointExtension>
        </extensions>
      </trkpt>
      <trkpt lat="59.99169607646763324737548828125" lon="30.375934280455112457275390625">
        <ele>50.40000152587890625</ele>
        <time>2026-04-06T16:54:19.000Z</time>
        <extensions>
          <ns3:TrackPointExtension>
            <ns3:atemp>11.0</ns3:atemp>
            <ns3:hr>144</ns3:hr>
          </ns3:TrackPointExtension>
        </extensions>
      </trkpt>
      <trkpt lat="59.9919445998966693878173828125" lon="30.3761932812631130218505859375">
        <ele>50.40000152587890625</ele>
        <time>2026-04-06T16:54:27.000Z</time>
        <extensions>
          <ns3:TrackPointExtension>
            <ns3:atemp>11.0</ns3:atemp>
            <ns3:hr>144</ns3:hr>
          </ns3:TrackPointExtension>
        </extensions>
      </trkpt>
      <trkpt lat="59.9921990744769573211669921875" lon="30.37649251520633697509765625">
        <ele>50.40000152587890625</ele>
        <time>2026-04-06T16:54:36.000Z</time>
        <extensions>
          <ns3:TrackPointExtension>
            <ns3:atemp>11.0</ns3:atemp>
            <ns3:hr>143</ns3:hr>
          </ns3:TrackPointExtension>
        </extensions>
      </trkpt>
      <trkpt lat="59.99229420907795429229736328125" lon="30.3765936009585857391357421875">
        <ele>50.40000152587890625</ele>
        <time>2026-04-06T16:54:39.000Z</time>
        <extensions>
          <ns3:TrackPointExtension>
            <ns3:atemp>11.0</ns3:atemp>
            <ns3:hr>146</ns3:hr>
          </ns3:TrackPointExtension>
        </extensions>
      </trkpt>
      <trkpt lat="59.99243502505123615264892578125" lon="30.37673634476959705352783203125">
        <ele>50</ele>
        <time>2026-04-06T16:54:43.000Z</time>
        <extensions>
          <ns3:TrackPointExtension>
            <ns3:atemp>11.0</ns3:atemp>
            <ns3:hr>142</ns3:hr>
          </ns3:TrackPointExtension>
        </extensions>
      </trkpt>
      <trkpt lat="59.99250710941851139068603515625" lon="30.37680742330849170684814453125">
        <ele>50</ele>
        <time>2026-04-06T16:54:45.000Z</time>
        <extensions>
          <ns3:TrackPointExtension>
            <ns3:atemp>11.0</ns3:atemp>
            <ns3:hr>140</ns3:hr>
          </ns3:TrackPointExtension>
        </extensions>
      </trkpt>
      <trkpt lat="59.99259025789797306060791015625" lon="30.376885123550891876220703125">
        <ele>50</ele>
        <time>2026-04-06T16:54:47.000Z</time>
        <extensions>
          <ns3:TrackPointExtension>
            <ns3:atemp>11.0</ns3:atemp>
            <ns3:hr>137</ns3:hr>
          </ns3:TrackPointExtension>
        </extensions>
      </trkpt>
      <trkpt lat="59.99281908385455608367919921875" lon="30.37711017765104770660400390625">
        <ele>49.40000152587890625</ele>
        <time>2026-04-06T16:54:53.000Z</time>
        <extensions>
          <ns3:TrackPointExtension>
            <ns3:atemp>11.0</ns3:atemp>
            <ns3:hr>135</ns3:hr>
          </ns3:TrackPointExtension>
        </extensions>
      </trkpt>
      <trkpt lat="59.99304589815437793731689453125" lon="30.37731285206973552703857421875">
        <ele>49</ele>
        <time>2026-04-06T16:54:58.000Z</time>
        <extensions>
          <ns3:TrackPointExtension>
            <ns3:atemp>11.0</ns3:atemp>
            <ns3:hr>136</ns3:hr>
          </ns3:TrackPointExtension>
        </extensions>
      </trkpt>
      <trkpt lat="59.99308680184185504913330078125" lon="30.37735694088041782379150390625">
        <ele>49</ele>
        <time>2026-04-06T16:54:59.000Z</time>
        <extensions>
          <ns3:TrackPointExtension>
            <ns3:atemp>11.0</ns3:atemp>
            <ns3:hr>137</ns3:hr>
          </ns3:TrackPointExtension>
        </extensions>
      </trkpt>
      <trkpt lat="59.99326013959944248199462890625" lon="30.37752927280962467193603515625">
        <ele>48.59999847412109375</ele>
        <time>2026-04-06T16:55:03.000Z</time>
        <extensions>
          <ns3:TrackPointExtension>
            <ns3:atemp>11.0</ns3:atemp>
            <ns3:hr>134</ns3:hr>
          </ns3:TrackPointExtension>
        </extensions>
      </trkpt>
      <trkpt lat="59.9934422783553600311279296875" lon="30.3777010180056095123291015625">
        <ele>48.200000762939453125</ele>
        <time>2026-04-06T16:55:07.000Z</time>
        <extensions>
          <ns3:TrackPointExtension>
            <ns3:atemp>11.0</ns3:atemp>
            <ns3:hr>134</ns3:hr>
          </ns3:TrackPointExtension>
        </extensions>
      </trkpt>
      <trkpt lat="59.99348737299442291259765625" lon="30.37774435244500637054443359375">
        <ele>48</ele>
        <time>2026-04-06T16:55:08.000Z</time>
        <extensions>
          <ns3:TrackPointExtension>
            <ns3:atemp>11.0</ns3:atemp>
            <ns3:hr>134</ns3:hr>
          </ns3:TrackPointExtension>
        </extensions>
      </trkpt>
      <trkpt lat="59.99377344734966754913330078125" lon="30.37803218699991703033447265625">
        <ele>47.200000762939453125</ele>
        <time>2026-04-06T16:55:15.000Z</time>
        <extensions>
          <ns3:TrackPointExtension>
            <ns3:atemp>11.0</ns3:atemp>
            <ns3:hr>137</ns3:hr>
          </ns3:TrackPointExtension>
        </extensions>
      </trkpt>
      <trkpt lat="59.99387436546385288238525390625" lon="30.3781167604029178619384765625">
        <ele>46.799999237060546875</ele>
        <time>2026-04-06T16:55:17.000Z</time>
        <extensions>
          <ns3:TrackPointExtension>
            <ns3:atemp>11.0</ns3:atemp>
            <ns3:hr>136</ns3:hr>
          </ns3:TrackPointExtension>
        </extensions>
      </trkpt>
      <trkpt lat="59.99392457306385040283203125" lon="30.37815816700458526611328125">
        <ele>46.799999237060546875</ele>
        <time>2026-04-06T16:55:18.000Z</time>
        <extensions>
          <ns3:TrackPointExtension>
            <ns3:atemp>11.0</ns3:atemp>
            <ns3:hr>136</ns3:hr>
          </ns3:TrackPointExtension>
        </extensions>
      </trkpt>
      <trkpt lat="59.994044937193393707275390625" lon="30.37826721556484699249267578125">
        <ele>46.40000152587890625</ele>
        <time>2026-04-06T16:55:21.000Z</time>
        <extensions>
          <ns3:TrackPointExtension>
            <ns3:atemp>11.0</ns3:atemp>
            <ns3:hr>133</ns3:hr>
          </ns3:TrackPointExtension>
        </extensions>
      </trkpt>
      <trkpt lat="59.99409548006951808929443359375" lon="30.37831549532711505889892578125">
        <ele>46.59999847412109375</ele>
        <time>2026-04-06T16:55:23.000Z</time>
        <extensions>
          <ns3:TrackPointExtension>
            <ns3:atemp>11.0</ns3:atemp>
            <ns3:hr>131</ns3:hr>
          </ns3:TrackPointExtension>
        </extensions>
      </trkpt>
      <trkpt lat="59.9941881000995635986328125" lon="30.37826654501259326934814453125">
        <ele>46.799999237060546875</ele>
        <time>2026-04-06T16:55:28.000Z</time>
        <extensions>
          <ns3:TrackPointExtension>
            <ns3:atemp>11.0</ns3:atemp>
            <ns3:hr>130</ns3:hr>
          </ns3:TrackPointExtension>
        </extensions>
      </trkpt>
      <trkpt lat="59.99425171874463558197021484375" lon="30.3782277368009090423583984375">
        <ele>47</ele>
        <time>2026-04-06T16:55:29.000Z</time>
        <extensions>
          <ns3:TrackPointExtension>
            <ns3:atemp>11.0</ns3:atemp>
            <ns3:hr>132</ns3:hr>
          </ns3:TrackPointExtension>
        </extensions>
      </trkpt>
      <trkpt lat="59.99434609897434711456298828125" lon="30.3782947920262813568115234375">
        <ele>47.200000762939453125</ele>
        <time>2026-04-06T16:55:32.000Z</time>
        <extensions>
          <ns3:TrackPointExtension>
            <ns3:atemp>11.0</ns3:atemp>
            <ns3:hr>131</ns3:hr>
          </ns3:TrackPointExtension>
        </extensions>
      </trkpt>
      <trkpt lat="59.99439303763210773468017578125" lon="30.37835690192878246307373046875">
        <ele>47.200000762939453125</ele>
        <time>2026-04-06T16:55:34.000Z</time>
        <extensions>
          <ns3:TrackPointExtension>
            <ns3:atemp>11.0</ns3:atemp>
            <ns3:hr>126</ns3:hr>
          </ns3:TrackPointExtension>
        </extensions>
      </trkpt>
      <trkpt lat="59.99445238150656223297119140625" lon="30.37843653000891208648681640625">
        <ele>47.200000762939453125</ele>
        <time>2026-04-06T16:55:36.000Z</time>
        <extensions>
          <ns3:TrackPointExtension>
            <ns3:atemp>11.0</ns3:atemp>
            <ns3:hr>119</ns3:hr>
          </ns3:TrackPointExtension>
        </extensions>
      </trkpt>
      <trkpt lat="59.9945510365068912506103515625" lon="30.37853996269404888153076171875">
        <ele>47</ele>
        <time>2026-04-06T16:55:38.000Z</time>
        <extensions>
          <ns3:TrackPointExtension>
            <ns3:atemp>11.0</ns3:atemp>
            <ns3:hr>118</ns3:hr>
          </ns3:TrackPointExtension>
        </extensions>
      </trkpt>
      <trkpt lat="59.99472831375896930694580078125" lon="30.3786954469978809356689453125">
        <ele>47</ele>
        <time>2026-04-06T16:55:43.000Z</time>
        <extensions>
          <ns3:TrackPointExtension>
            <ns3:atemp>11.0</ns3:atemp>
            <ns3:hr>121</ns3:hr>
          </ns3:TrackPointExtension>
        </extensions>
      </trkpt>
      <trkpt lat="59.99476804398000240325927734375" lon="30.37872553803026676177978515625">
        <ele>47</ele>
        <time>2026-04-06T16:55:44.000Z</time>
        <extensions>
          <ns3:TrackPointExtension>
            <ns3:atemp>11.0</ns3:atemp>
            <ns3:hr>120</ns3:hr>
          </ns3:TrackPointExtension>
        </extensions>
      </trkpt>
      <trkpt lat="59.994876421988010406494140625" lon="30.3788074292242527008056640625">
        <ele>46.799999237060546875</ele>
        <time>2026-04-06T16:55:47.000Z</time>
        <extensions>
          <ns3:TrackPointExtension>
            <ns3:atemp>11.0</ns3:atemp>
            <ns3:hr>117</ns3:hr>
          </ns3:TrackPointExtension>
        </extensions>
      </trkpt>
      <trkpt lat="59.9950371868908405303955078125" lon="30.37898789159953594207763671875">
        <ele>47.200000762939453125</ele>
        <time>2026-04-06T16:55:52.000Z</time>
        <extensions>
          <ns3:TrackPointExtension>
            <ns3:atemp>11.0</ns3:atemp>
            <ns3:hr>118</ns3:hr>
          </ns3:TrackPointExtension>
        </extensions>
      </trkpt>
      <trkpt lat="59.99527640640735626220703125" lon="30.37924739532172679901123046875">
        <ele>47.200000762939453125</ele>
        <time>2026-04-06T16:56:00.000Z</time>
        <extensions>
          <ns3:TrackPointExtension>
            <ns3:atemp>11.0</ns3:atemp>
            <ns3:hr>120</ns3:hr>
          </ns3:TrackPointExtension>
        </extensions>
      </trkpt>
      <trkpt lat="59.99548754654824733734130859375" lon="30.3794950805604457855224609375">
        <ele>47.40000152587890625</ele>
        <time>2026-04-06T16:56:06.000Z</time>
        <extensions>
          <ns3:TrackPointExtension>
            <ns3:atemp>11.0</ns3:atemp>
            <ns3:hr>123</ns3:hr>
          </ns3:TrackPointExtension>
        </extensions>
      </trkpt>
      <trkpt lat="59.995523504912853240966796875" lon="30.37949197925627231597900390625">
        <ele>47.40000152587890625</ele>
        <time>2026-04-06T16:56:07.000Z</time>
        <extensions>
          <ns3:TrackPointExtension>
            <ns3:atemp>11.0</ns3:atemp>
            <ns3:hr>122</ns3:hr>
          </ns3:TrackPointExtension>
        </extensions>
      </trkpt>
      <trkpt lat="59.9955652467906475067138671875" lon="30.379522405564785003662109375">
        <ele>47.40000152587890625</ele>
        <time>2026-04-06T16:56:08.000Z</time>
        <extensions>
          <ns3:TrackPointExtension>
            <ns3:atemp>11.0</ns3:atemp>
            <ns3:hr>125</ns3:hr>
          </ns3:TrackPointExtension>
        </extensions>
      </trkpt>
      <trkpt lat="59.9956232495605945587158203125" lon="30.37955769337713718414306640625">
        <ele>47.40000152587890625</ele>
        <time>2026-04-06T16:56:10.000Z</time>
        <extensions>
          <ns3:TrackPointExtension>
            <ns3:atemp>11.0</ns3:atemp>
            <ns3:hr>128</ns3:hr>
          </ns3:TrackPointExtension>
        </extensions>
      </trkpt>
      <trkpt lat="59.99570824205875396728515625" lon="30.37960597313940525054931640625">
        <ele>47.799999237060546875</ele>
        <time>2026-04-06T16:56:13.000Z</time>
        <extensions>
          <ns3:TrackPointExtension>
            <ns3:atemp>11.0</ns3:atemp>
            <ns3:hr>130</ns3:hr>
          </ns3:TrackPointExtension>
        </extensions>
      </trkpt>
      <trkpt lat="59.9957295320928096771240234375" lon="30.37961787544190883636474609375">
        <ele>48.200000762939453125</ele>
        <time>2026-04-06T16:56:14.000Z</time>
        <extensions>
          <ns3:TrackPointExtension>
            <ns3:atemp>11.0</ns3:atemp>
            <ns3:hr>130</ns3:hr>
          </ns3:TrackPointExtension>
        </extensions>
      </trkpt>
      <trkpt lat="59.99593882821500301361083984375" lon="30.37970739416778087615966796875">
        <ele>48.59999847412109375</ele>
        <time>2026-04-06T16:56:21.000Z</time>
        <extensions>
          <ns3:TrackPointExtension>
            <ns3:atemp>11.0</ns3:atemp>
            <ns3:hr>131</ns3:hr>
          </ns3:TrackPointExtension>
        </extensions>
      </trkpt>
      <trkpt lat="59.99597914516925811767578125" lon="30.37976682186126708984375">
        <ele>48.59999847412109375</ele>
        <time>2026-04-06T16:56:22.000Z</time>
        <extensions>
          <ns3:TrackPointExtension>
            <ns3:atemp>11.0</ns3:atemp>
            <ns3:hr>134</ns3:hr>
          </ns3:TrackPointExtension>
        </extensions>
      </trkpt>
      <trkpt lat="59.99604561366140842437744140625" lon="30.37994720041751861572265625">
        <ele>49</ele>
        <time>2026-04-06T16:56:26.000Z</time>
        <extensions>
          <ns3:TrackPointExtension>
            <ns3:atemp>11.0</ns3:atemp>
            <ns3:hr>134</ns3:hr>
          </ns3:TrackPointExtension>
        </extensions>
      </trkpt>
      <trkpt lat="59.99605215154588222503662109375" lon="30.37996455095708370208740234375">
        <ele>49.200000762939453125</ele>
        <time>2026-04-06T16:56:27.000Z</time>
        <extensions>
          <ns3:TrackPointExtension>
            <ns3:atemp>11.0</ns3:atemp>
            <ns3:hr>130</ns3:hr>
          </ns3:TrackPointExtension>
        </extensions>
      </trkpt>
      <trkpt lat="59.99606589786708354949951171875" lon="30.38000294007360935211181640625">
        <ele>49.40000152587890625</ele>
        <time>2026-04-06T16:56:31.000Z</time>
        <extensions>
          <ns3:TrackPointExtension>
            <ns3:atemp>11.0</ns3:atemp>
            <ns3:hr>130</ns3:hr>
          </ns3:TrackPointExtension>
        </extensions>
      </trkpt>
      <trkpt lat="59.9960892833769321441650390625" lon="30.38001551292836666107177734375">
        <ele>49.40000152587890625</ele>
        <time>2026-04-06T16:56:36.000Z</time>
        <extensions>
          <ns3:TrackPointExtension>
            <ns3:atemp>11.0</ns3:atemp>
            <ns3:hr>130</ns3:hr>
          </ns3:TrackPointExtension>
        </extensions>
      </trkpt>
      <trkpt lat="59.9961244873702526092529296875" lon="30.38003965280950069427490234375">
        <ele>49.200000762939453125</ele>
        <time>2026-04-06T16:56:38.000Z</time>
        <extensions>
          <ns3:TrackPointExtension>
            <ns3:atemp>11.0</ns3:atemp>
            <ns3:hr>133</ns3:hr>
          </ns3:TrackPointExtension>
        </extensions>
      </trkpt>
      <trkpt lat="59.996142424643039703369140625" lon="30.38005222566425800323486328125">
        <ele>49.200000762939453125</ele>
        <time>2026-04-06T16:56:39.000Z</time>
        <extensions>
          <ns3:TrackPointExtension>
            <ns3:atemp>11.0</ns3:atemp>
            <ns3:hr>136</ns3:hr>
          </ns3:TrackPointExtension>
        </extensions>
      </trkpt>
      <trkpt lat="59.9962807260453701019287109375" lon="30.3801636211574077606201171875">
        <ele>49.200000762939453125</ele>
        <time>2026-04-06T16:56:44.000Z</time>
        <extensions>
          <ns3:TrackPointExtension>
            <ns3:atemp>11.0</ns3:atemp>
            <ns3:hr>135</ns3:hr>
          </ns3:TrackPointExtension>
        </extensions>
      </trkpt>
      <trkpt lat="59.996442496776580810546875" lon="30.3803248889744281768798828125">
        <ele>48.799999237060546875</ele>
        <time>2026-04-06T16:56:50.000Z</time>
        <extensions>
          <ns3:TrackPointExtension>
            <ns3:atemp>11.0</ns3:atemp>
            <ns3:hr>132</ns3:hr>
          </ns3:TrackPointExtension>
        </extensions>
      </trkpt>
      <trkpt lat="59.9964728392660617828369140625" lon="30.3803466819226741790771484375">
        <ele>48.799999237060546875</ele>
        <time>2026-04-06T16:56:51.000Z</time>
        <extensions>
          <ns3:TrackPointExtension>
            <ns3:atemp>11.0</ns3:atemp>
            <ns3:hr>129</ns3:hr>
          </ns3:TrackPointExtension>
        </extensions>
      </trkpt>
      <trkpt lat="59.99660535715520381927490234375" lon="30.38045388646423816680908203125">
        <ele>49.200000762939453125</ele>
        <time>2026-04-06T16:56:55.000Z</time>
        <extensions>
          <ns3:TrackPointExtension>
            <ns3:atemp>11.0</ns3:atemp>
            <ns3:hr>127</ns3:hr>
          </ns3:TrackPointExtension>
        </extensions>
      </trkpt>
      <trkpt lat="59.996841140091419219970703125" lon="30.38066276349127292633056640625">
        <ele>49.59999847412109375</ele>
        <time>2026-04-06T16:57:03.000Z</time>
        <extensions>
          <ns3:TrackPointExtension>
            <ns3:atemp>11.0</ns3:atemp>
            <ns3:hr>129</ns3:hr>
          </ns3:TrackPointExtension>
        </extensions>
      </trkpt>
      <trkpt lat="59.996930323541164398193359375" lon="30.3807292319834232330322265625">
        <ele>50</ele>
        <time>2026-04-06T16:57:06.000Z</time>
        <extensions>
          <ns3:TrackPointExtension>
            <ns3:atemp>11.0</ns3:atemp>
            <ns3:hr>128</ns3:hr>
          </ns3:TrackPointExtension>
        </extensions>
      </trkpt>
      <trkpt lat="59.99706678092479705810546875" lon="30.3808278031647205352783203125">
        <ele>50</ele>
        <time>2026-04-06T16:57:10.000Z</time>
        <extensions>
          <ns3:TrackPointExtension>
            <ns3:atemp>11.0</ns3:atemp>
            <ns3:hr>129</ns3:hr>
          </ns3:TrackPointExtension>
        </extensions>
      </trkpt>
      <trkpt lat="59.9973123706877231597900390625" lon="30.38100223056972026824951171875">
        <ele>49.799999237060546875</ele>
        <time>2026-04-06T16:57:16.000Z</time>
        <extensions>
          <ns3:TrackPointExtension>
            <ns3:atemp>11.0</ns3:atemp>
            <ns3:hr>127</ns3:hr>
          </ns3:TrackPointExtension>
        </extensions>
      </trkpt>
      <trkpt lat="59.9975758977234363555908203125" lon="30.38113885559141635894775390625">
        <ele>49.799999237060546875</ele>
        <time>2026-04-06T16:57:23.000Z</time>
        <extensions>
          <ns3:TrackPointExtension>
            <ns3:atemp>11.0</ns3:atemp>
            <ns3:hr>128</ns3:hr>
          </ns3:TrackPointExtension>
        </extensions>
      </trkpt>
      <trkpt lat="59.99765628017485141754150390625" lon="30.38117892108857631683349609375">
        <ele>49.59999847412109375</ele>
        <time>2026-04-06T16:57:25.000Z</time>
        <extensions>
          <ns3:TrackPointExtension>
            <ns3:atemp>11.0</ns3:atemp>
            <ns3:hr>125</ns3:hr>
          </ns3:TrackPointExtension>
        </extensions>
      </trkpt>
      <trkpt lat="59.99782006256282329559326171875" lon="30.3812884725630283355712890625">
        <ele>49.59999847412109375</ele>
        <time>2026-04-06T16:57:30.000Z</time>
        <extensions>
          <ns3:TrackPointExtension>
            <ns3:atemp>11.0</ns3:atemp>
            <ns3:hr>126</ns3:hr>
          </ns3:TrackPointExtension>
        </extensions>
      </trkpt>
      <trkpt lat="59.9979255907237529754638671875" lon="30.38135963492095470428466796875">
        <ele>49.40000152587890625</ele>
        <time>2026-04-06T16:57:34.000Z</time>
        <extensions>
          <ns3:TrackPointExtension>
            <ns3:atemp>11.0</ns3:atemp>
            <ns3:hr>127</ns3:hr>
          </ns3:TrackPointExtension>
        </extensions>
      </trkpt>
      <trkpt lat="59.9980613775551319122314453125" lon="30.3814453817903995513916015625">
        <ele>50.200000762939453125</ele>
        <time>2026-04-06T16:57:39.000Z</time>
        <extensions>
          <ns3:TrackPointExtension>
            <ns3:atemp>11.0</ns3:atemp>
            <ns3:hr>127</ns3:hr>
          </ns3:TrackPointExtension>
        </extensions>
      </trkpt>
      <trkpt lat="59.998239912092685699462890625" lon="30.3818242438137531280517578125">
        <ele>50</ele>
        <time>2026-04-06T16:57:46.000Z</time>
        <extensions>
          <ns3:TrackPointExtension>
            <ns3:atemp>11.0</ns3:atemp>
            <ns3:hr>128</ns3:hr>
          </ns3:TrackPointExtension>
        </extensions>
      </trkpt>
      <trkpt lat="59.998280145227909088134765625" lon="30.38205885328352451324462890625">
        <ele>50</ele>
        <time>2026-04-06T16:57:48.000Z</time>
        <extensions>
          <ns3:TrackPointExtension>
            <ns3:atemp>11.0</ns3:atemp>
            <ns3:hr>124</ns3:hr>
          </ns3:TrackPointExtension>
        </extensions>
      </trkpt>
      <trkpt lat="59.9983359687030315399169921875" lon="30.3821762837469577789306640625">
        <ele>49.799999237060546875</ele>
        <time>2026-04-06T16:57:50.000Z</time>
        <extensions>
          <ns3:TrackPointExtension>
            <ns3:atemp>11.0</ns3:atemp>
            <ns3:hr>120</ns3:hr>
          </ns3:TrackPointExtension>
        </extensions>
      </trkpt>
      <trkpt lat="59.9984596855938434600830078125" lon="30.38236529566347599029541015625">
        <ele>49.799999237060546875</ele>
        <time>2026-04-06T16:57:54.000Z</time>
        <extensions>
          <ns3:TrackPointExtension>
            <ns3:atemp>11.0</ns3:atemp>
            <ns3:hr>121</ns3:hr>
          </ns3:TrackPointExtension>
        </extensions>
      </trkpt>
      <trkpt lat="59.99854275025427341461181640625" lon="30.382583476603031158447265625">
        <ele>49.799999237060546875</ele>
        <time>2026-04-06T16:57:59.000Z</time>
        <extensions>
          <ns3:TrackPointExtension>
            <ns3:atemp>11.0</ns3:atemp>
            <ns3:hr>121</ns3:hr>
          </ns3:TrackPointExtension>
        </extensions>
      </trkpt>
      <trkpt lat="59.9985495395958423614501953125" lon="30.38262848742306232452392578125">
        <ele>50</ele>
        <time>2026-04-06T16:58:01.000Z</time>
        <extensions>
          <ns3:TrackPointExtension>
            <ns3:atemp>11.0</ns3:atemp>
            <ns3:hr>120</ns3:hr>
          </ns3:TrackPointExtension>
        </extensions>
      </trkpt>
      <trkpt lat="59.99858298338949680328369140625" lon="30.38270928896963596343994140625">
        <ele>50.200000762939453125</ele>
        <time>2026-04-06T16:58:04.000Z</time>
        <extensions>
          <ns3:TrackPointExtension>
            <ns3:atemp>11.0</ns3:atemp>
            <ns3:hr>122</ns3:hr>
          </ns3:TrackPointExtension>
        </extensions>
      </trkpt>
      <trkpt lat="59.99869412742555141448974609375" lon="30.3829383663833141326904296875">
        <ele>49.799999237060546875</ele>
        <time>2026-04-06T16:58:09.000Z</time>
        <extensions>
          <ns3:TrackPointExtension>
            <ns3:atemp>11.0</ns3:atemp>
            <ns3:hr>122</ns3:hr>
          </ns3:TrackPointExtension>
        </extensions>
      </trkpt>
      <trkpt lat="59.998719356954097747802734375" lon="30.38298672996461391448974609375">
        <ele>49.799999237060546875</ele>
        <time>2026-04-06T16:58:10.000Z</time>
        <extensions>
          <ns3:TrackPointExtension>
            <ns3:atemp>11.0</ns3:atemp>
            <ns3:hr>125</ns3:hr>
          </ns3:TrackPointExtension>
        </extensions>
      </trkpt>
      <trkpt lat="59.99890233390033245086669921875" lon="30.38321237079799175262451171875">
        <ele>50</ele>
        <time>2026-04-06T16:58:16.000Z</time>
        <extensions>
          <ns3:TrackPointExtension>
            <ns3:atemp>11.0</ns3:atemp>
            <ns3:hr>124</ns3:hr>
          </ns3:TrackPointExtension>
        </extensions>
      </trkpt>
      <trkpt lat="59.998992942273616790771484375" lon="30.38326911628246307373046875">
        <ele>49.799999237060546875</ele>
        <time>2026-04-06T16:58:19.000Z</time>
        <extensions>
          <ns3:TrackPointExtension>
            <ns3:atemp>11.0</ns3:atemp>
            <ns3:hr>127</ns3:hr>
          </ns3:TrackPointExtension>
        </extensions>
      </trkpt>
      <trkpt lat="59.99901917763054370880126953125" lon="30.38328864611685276031494140625">
        <ele>49.799999237060546875</ele>
        <time>2026-04-06T16:58:20.000Z</time>
        <extensions>
          <ns3:TrackPointExtension>
            <ns3:atemp>11.0</ns3:atemp>
            <ns3:hr>124</ns3:hr>
          </ns3:TrackPointExtension>
        </extensions>
      </trkpt>
      <trkpt lat="59.99909863807260990142822265625" lon="30.38333776406943798065185546875">
        <ele>49.799999237060546875</ele>
        <time>2026-04-06T16:58:23.000Z</time>
        <extensions>
          <ns3:TrackPointExtension>
            <ns3:atemp>11.0</ns3:atemp>
            <ns3:hr>126</ns3:hr>
          </ns3:TrackPointExtension>
        </extensions>
      </trkpt>
      <trkpt lat="59.99939485453069210052490234375" lon="30.38350121118128299713134765625">
        <ele>49.59999847412109375</ele>
        <time>2026-04-06T16:58:31.000Z</time>
        <extensions>
          <ns3:TrackPointExtension>
            <ns3:atemp>11.0</ns3:atemp>
            <ns3:hr>124</ns3:hr>
          </ns3:TrackPointExtension>
        </extensions>
      </trkpt>
      <trkpt lat="59.99965217895805835723876953125" lon="30.38382693193852901458740234375">
        <ele>49.40000152587890625</ele>
        <time>2026-04-06T16:58:38.000Z</time>
        <extensions>
          <ns3:TrackPointExtension>
            <ns3:atemp>11.0</ns3:atemp>
            <ns3:hr>123</ns3:hr>
          </ns3:TrackPointExtension>
        </extensions>
      </trkpt>
      <trkpt lat="59.99993615783751010894775390625" lon="30.3842415846884250640869140625">
        <ele>50</ele>
        <time>2026-04-06T16:58:46.000Z</time>
        <extensions>
          <ns3:TrackPointExtension>
            <ns3:atemp>11.0</ns3:atemp>
            <ns3:hr>123</ns3:hr>
          </ns3:TrackPointExtension>
        </extensions>
      </trkpt>
      <trkpt lat="60.00028073787689208984375" lon="30.38459479808807373046875">
        <ele>49.59999847412109375</ele>
        <time>2026-04-06T16:58:54.000Z</time>
        <extensions>
          <ns3:TrackPointExtension>
            <ns3:atemp>11.0</ns3:atemp>
            <ns3:hr>123</ns3:hr>
          </ns3:TrackPointExtension>
        </extensions>
      </trkpt>
      <trkpt lat="60.0004767067730426788330078125" lon="30.3846784494817256927490234375">
        <ele>49.200000762939453125</ele>
        <time>2026-04-06T16:58:58.000Z</time>
        <extensions>
          <ns3:TrackPointExtension>
            <ns3:atemp>11.0</ns3:atemp>
            <ns3:hr>121</ns3:hr>
          </ns3:TrackPointExtension>
        </extensions>
      </trkpt>
      <trkpt lat="60.00072053633630275726318359375" lon="30.384851954877376556396484375">
        <ele>49.200000762939453125</ele>
        <time>2026-04-06T16:59:03.000Z</time>
        <extensions>
          <ns3:TrackPointExtension>
            <ns3:atemp>11.0</ns3:atemp>
            <ns3:hr>124</ns3:hr>
          </ns3:TrackPointExtension>
        </extensions>
      </trkpt>
      <trkpt lat="60.00076479278504848480224609375" lon="30.38490920327603816986083984375">
        <ele>49.200000762939453125</ele>
        <time>2026-04-06T16:59:04.000Z</time>
        <extensions>
          <ns3:TrackPointExtension>
            <ns3:atemp>11.0</ns3:atemp>
            <ns3:hr>124</ns3:hr>
          </ns3:TrackPointExtension>
        </extensions>
      </trkpt>
      <trkpt lat="60.0009579956531524658203125" lon="30.38514691404998302459716796875">
        <ele>49.200000762939453125</ele>
        <time>2026-04-06T16:59:09.000Z</time>
        <extensions>
          <ns3:TrackPointExtension>
            <ns3:atemp>11.0</ns3:atemp>
            <ns3:hr>122</ns3:hr>
          </ns3:TrackPointExtension>
        </extensions>
      </trkpt>
      <trkpt lat="60.00116997398436069488525390625" lon="30.38536987267434597015380859375">
        <ele>49.200000762939453125</ele>
        <time>2026-04-06T16:59:14.000Z</time>
        <extensions>
          <ns3:TrackPointExtension>
            <ns3:atemp>11.0</ns3:atemp>
            <ns3:hr>126</ns3:hr>
          </ns3:TrackPointExtension>
        </extensions>
      </trkpt>
      <trkpt lat="60.00129184685647487640380859375" lon="30.385563075542449951171875">
        <ele>49</ele>
        <time>2026-04-06T16:59:17.000Z</time>
        <extensions>
          <ns3:TrackPointExtension>
            <ns3:atemp>11.0</ns3:atemp>
            <ns3:hr>128</ns3:hr>
          </ns3:TrackPointExtension>
        </extensions>
      </trkpt>
      <trkpt lat="60.00132604502141475677490234375" lon="30.3856380097568035125732421875">
        <ele>49</ele>
        <time>2026-04-06T16:59:18.000Z</time>
        <extensions>
          <ns3:TrackPointExtension>
            <ns3:atemp>11.0</ns3:atemp>
            <ns3:hr>128</ns3:hr>
          </ns3:TrackPointExtension>
        </extensions>
      </trkpt>
      <trkpt lat="60.0014520250260829925537109375" lon="30.38586826063692569732666015625">
        <ele>49</ele>
        <time>2026-04-06T16:59:23.000Z</time>
        <extensions>
          <ns3:TrackPointExtension>
            <ns3:atemp>11.0</ns3:atemp>
            <ns3:hr>126</ns3:hr>
          </ns3:TrackPointExtension>
        </extensions>
      </trkpt>
      <trkpt lat="60.00150290317833423614501953125" lon="30.38603925146162509918212890625">
        <ele>49</ele>
        <time>2026-04-06T16:59:26.000Z</time>
        <extensions>
          <ns3:TrackPointExtension>
            <ns3:atemp>11.0</ns3:atemp>
            <ns3:hr>126</ns3:hr>
          </ns3:TrackPointExtension>
        </extensions>
      </trkpt>
      <trkpt lat="60.00146501697599887847900390625" lon="30.386048220098018646240234375">
        <ele>49.40000152587890625</ele>
        <time>2026-04-06T16:59:27.000Z</time>
        <extensions>
          <ns3:TrackPointExtension>
            <ns3:atemp>11.0</ns3:atemp>
            <ns3:hr>127</ns3:hr>
          </ns3:TrackPointExtension>
        </extensions>
      </trkpt>
      <trkpt lat="60.0014651007950305938720703125" lon="30.38609775714576244354248046875">
        <ele>49.40000152587890625</ele>
        <time>2026-04-06T16:59:28.000Z</time>
        <extensions>
          <ns3:TrackPointExtension>
            <ns3:atemp>11.0</ns3:atemp>
            <ns3:hr>125</ns3:hr>
          </ns3:TrackPointExtension>
        </extensions>
      </trkpt>
      <trkpt lat="60.0014339201152324676513671875" lon="30.386244021356105804443359375">
        <ele>49.200000762939453125</ele>
        <time>2026-04-06T16:59:31.000Z</time>
        <extensions>
          <ns3:TrackPointExtension>
            <ns3:atemp>11.0</ns3:atemp>
            <ns3:hr>127</ns3:hr>
          </ns3:TrackPointExtension>
        </extensions>
      </trkpt>
      <trkpt lat="60.00142243690788745880126953125" lon="30.38646387867629528045654296875">
        <ele>49.200000762939453125</ele>
        <time>2026-04-06T16:59:35.000Z</time>
        <extensions>
          <ns3:TrackPointExtension>
            <ns3:atemp>11.0</ns3:atemp>
            <ns3:hr>123</ns3:hr>
          </ns3:TrackPointExtension>
        </extensions>
      </trkpt>
      <trkpt lat="60.00147272832691669464111328125" lon="30.386543758213520050048828125">
        <ele>49</ele>
        <time>2026-04-06T16:59:39.000Z</time>
        <extensions>
          <ns3:TrackPointExtension>
            <ns3:atemp>11.0</ns3:atemp>
            <ns3:hr>126</ns3:hr>
          </ns3:TrackPointExtension>
        </extensions>
      </trkpt>
      <trkpt lat="60.001522600650787353515625" lon="30.3865794651210308074951171875">
        <ele>48.799999237060546875</ele>
        <time>2026-04-06T16:59:42.000Z</time>
        <extensions>
          <ns3:TrackPointExtension>
            <ns3:atemp>11.0</ns3:atemp>
            <ns3:hr>129</ns3:hr>
          </ns3:TrackPointExtension>
        </extensions>
      </trkpt>
      <trkpt lat="60.0016139633953571319580078125" lon="30.38677182979881763458251953125">
        <ele>49</ele>
        <time>2026-04-06T16:59:47.000Z</time>
        <extensions>
          <ns3:TrackPointExtension>
            <ns3:atemp>11.0</ns3:atemp>
            <ns3:hr>127</ns3:hr>
          </ns3:TrackPointExtension>
        </extensions>
      </trkpt>
      <trkpt lat="60.001758299767971038818359375" lon="30.38705429993569850921630859375">
        <ele>49.200000762939453125</ele>
        <time>2026-04-06T16:59:52.000Z</time>
        <extensions>
          <ns3:TrackPointExtension>
            <ns3:atemp>11.0</ns3:atemp>
            <ns3:hr>123</ns3:hr>
          </ns3:TrackPointExtension>
        </extensions>
      </trkpt>
      <trkpt lat="60.004018060863018035888671875" lon="30.38903326727449893951416015625">
        <ele>47.799999237060546875</ele>
        <time>2026-04-06T17:00:45.000Z</time>
        <extensions>
          <ns3:TrackPointExtension>
            <ns3:atemp>11.0</ns3:atemp>
            <ns3:hr>118</ns3:hr>
          </ns3:TrackPointExtension>
        </extensions>
      </trkpt>
      <trkpt lat="60.0040896423161029815673828125" lon="30.38914139382541179656982421875">
        <ele>47.799999237060546875</ele>
        <time>2026-04-06T17:00:47.000Z</time>
        <extensions>
          <ns3:TrackPointExtension>
            <ns3:atemp>11.0</ns3:atemp>
            <ns3:hr>116</ns3:hr>
          </ns3:TrackPointExtension>
        </extensions>
      </trkpt>
      <trkpt lat="60.004201121628284454345703125" lon="30.38928656838834285736083984375">
        <ele>48</ele>
        <time>2026-04-06T17:00:50.000Z</time>
        <extensions>
          <ns3:TrackPointExtension>
            <ns3:atemp>11.0</ns3:atemp>
            <ns3:hr>117</ns3:hr>
          </ns3:TrackPointExtension>
        </extensions>
      </trkpt>
      <trkpt lat="60.00430832616984844207763671875" lon="30.38935999386012554168701171875">
        <ele>48.40000152587890625</ele>
        <time>2026-04-06T17:00:52.000Z</time>
        <extensions>
          <ns3:TrackPointExtension>
            <ns3:atemp>11.0</ns3:atemp>
            <ns3:hr>118</ns3:hr>
          </ns3:TrackPointExtension>
        </extensions>
      </trkpt>
      <trkpt lat="60.0043451227247714996337890625" lon="30.38946778513491153717041015625">
        <ele>48.59999847412109375</ele>
        <time>2026-04-06T17:00:55.000Z</time>
        <extensions>
          <ns3:TrackPointExtension>
            <ns3:atemp>11.0</ns3:atemp>
            <ns3:hr>116</ns3:hr>
          </ns3:TrackPointExtension>
        </extensions>
      </trkpt>
      <trkpt lat="60.0044094957411289215087890625" lon="30.38956250064074993133544921875">
        <ele>48.59999847412109375</ele>
        <time>2026-04-06T17:00:57.000Z</time>
        <extensions>
          <ns3:TrackPointExtension>
            <ns3:atemp>11.0</ns3:atemp>
            <ns3:hr>118</ns3:hr>
          </ns3:TrackPointExtension>
        </extensions>
      </trkpt>
      <trkpt lat="60.0046264193952083587646484375" lon="30.38961765356361865997314453125">
        <ele>48.59999847412109375</ele>
        <time>2026-04-06T17:00:59.000Z</time>
        <extensions>
          <ns3:TrackPointExtension>
            <ns3:atemp>11.0</ns3:atemp>
            <ns3:hr>124</ns3:hr>
          </ns3:TrackPointExtension>
        </extensions>
      </trkpt>
      <trkpt lat="60.00465801917016506195068359375" lon="30.38968068547546863555908203125">
        <ele>48.59999847412109375</ele>
        <time>2026-04-06T17:01:00.000Z</time>
        <extensions>
          <ns3:TrackPointExtension>
            <ns3:atemp>11.0</ns3:atemp>
            <ns3:hr>129</ns3:hr>
          </ns3:TrackPointExtension>
        </extensions>
      </trkpt>
      <trkpt lat="60.00481442548334598541259765625" lon="30.38989794440567493438720703125">
        <ele>48.40000152587890625</ele>
        <time>2026-04-06T17:01:04.000Z</time>
        <extensions>
          <ns3:TrackPointExtension>
            <ns3:atemp>11.0</ns3:atemp>
            <ns3:hr>131</ns3:hr>
          </ns3:TrackPointExtension>
        </extensions>
      </trkpt>
      <trkpt lat="60.00506890006363391876220703125" lon="30.3901602141559123992919921875">
        <ele>48.40000152587890625</ele>
        <time>2026-04-06T17:01:10.000Z</time>
        <extensions>
          <ns3:TrackPointExtension>
            <ns3:atemp>11.0</ns3:atemp>
            <ns3:hr>131</ns3:hr>
          </ns3:TrackPointExtension>
        </extensions>
      </trkpt>
      <trkpt lat="60.0051073729991912841796875" lon="30.39020203985273838043212890625">
        <ele>48.40000152587890625</ele>
        <time>2026-04-06T17:01:11.000Z</time>
        <extensions>
          <ns3:TrackPointExtension>
            <ns3:atemp>11.0</ns3:atemp>
            <ns3:hr>129</ns3:hr>
          </ns3:TrackPointExtension>
        </extensions>
      </trkpt>
      <trkpt lat="60.00523486174643039703369140625" lon="30.39039968512952327728271484375">
        <ele>48.59999847412109375</ele>
        <time>2026-04-06T17:01:16.000Z</time>
        <extensions>
          <ns3:TrackPointExtension>
            <ns3:atemp>11.0</ns3:atemp>
            <ns3:hr>129</ns3:hr>
          </ns3:TrackPointExtension>
        </extensions>
      </trkpt>
      <trkpt lat="60.00523435883224010467529296875" lon="30.3904512338340282440185546875">
        <ele>48.799999237060546875</ele>
        <time>2026-04-06T17:01:18.000Z</time>
        <extensions>
          <ns3:TrackPointExtension>
            <ns3:atemp>11.0</ns3:atemp>
            <ns3:hr>132</ns3:hr>
          </ns3:TrackPointExtension>
        </extensions>
      </trkpt>
      <trkpt lat="60.00524877570569515228271484375" lon="30.39050839841365814208984375">
        <ele>49.200000762939453125</ele>
        <time>2026-04-06T17:01:21.000Z</time>
        <extensions>
          <ns3:TrackPointExtension>
            <ns3:atemp>11.0</ns3:atemp>
            <ns3:hr>129</ns3:hr>
          </ns3:TrackPointExtension>
        </extensions>
      </trkpt>
      <trkpt lat="60.00525933690369129180908203125" lon="30.39051082916557788848876953125">
        <ele>49</ele>
        <time>2026-04-06T17:01:23.000Z</time>
        <extensions>
          <ns3:TrackPointExtension>
            <ns3:atemp>11.0</ns3:atemp>
            <ns3:hr>130</ns3:hr>
          </ns3:TrackPointExtension>
        </extensions>
      </trkpt>
      <trkpt lat="60.0052097998559474945068359375" lon="30.3904757089912891387939453125">
        <ele>49</ele>
        <time>2026-04-06T17:01:27.000Z</time>
        <extensions>
          <ns3:TrackPointExtension>
            <ns3:atemp>11.0</ns3:atemp>
            <ns3:hr>133</ns3:hr>
          </ns3:TrackPointExtension>
        </extensions>
      </trkpt>
      <trkpt lat="60.005204267799854278564453125" lon="30.3904676623642444610595703125">
        <ele>49</ele>
        <time>2026-04-06T17:01:29.000Z</time>
        <extensions>
          <ns3:TrackPointExtension>
            <ns3:atemp>11.0</ns3:atemp>
            <ns3:hr>129</ns3:hr>
          </ns3:TrackPointExtension>
        </extensions>
      </trkpt>
      <trkpt lat="60.00527895055711269378662109375" lon="30.39049775339663028717041015625">
        <ele>49.40000152587890625</ele>
        <time>2026-04-06T17:01:36.000Z</time>
        <extensions>
          <ns3:TrackPointExtension>
            <ns3:atemp>11.0</ns3:atemp>
            <ns3:hr>132</ns3:hr>
          </ns3:TrackPointExtension>
        </extensions>
      </trkpt>
      <trkpt lat="60.00529034994542598724365234375" lon="30.39049758575856685638427734375">
        <ele>49.40000152587890625</ele>
        <time>2026-04-06T17:01:39.000Z</time>
        <extensions>
          <ns3:TrackPointExtension>
            <ns3:atemp>11.0</ns3:atemp>
            <ns3:hr>129</ns3:hr>
          </ns3:TrackPointExtension>
        </extensions>
      </trkpt>
      <trkpt lat="60.0052885897457599639892578125" lon="30.39041980169713497161865234375">
        <ele>48.799999237060546875</ele>
        <time>2026-04-06T17:01:43.000Z</time>
        <extensions>
          <ns3:TrackPointExtension>
            <ns3:atemp>11.0</ns3:atemp>
            <ns3:hr>129</ns3:hr>
          </ns3:TrackPointExtension>
        </extensions>
      </trkpt>
      <trkpt lat="60.00529043376445770263671875" lon="30.39036230184137821197509765625">
        <ele>48.799999237060546875</ele>
        <time>2026-04-06T17:01:47.000Z</time>
        <extensions>
          <ns3:TrackPointExtension>
            <ns3:atemp>11.0</ns3:atemp>
            <ns3:hr>130</ns3:hr>
          </ns3:TrackPointExtension>
        </extensions>
      </trkpt>
      <trkpt lat="60.005288422107696533203125" lon="30.39036364294588565826416015625">
        <ele>49</ele>
        <time>2026-04-06T17:01:48.000Z</time>
        <extensions>
          <ns3:TrackPointExtension>
            <ns3:atemp>11.0</ns3:atemp>
            <ns3:hr>128</ns3:hr>
          </ns3:TrackPointExtension>
        </extensions>
      </trkpt>
      <trkpt lat="60.00528129749000072479248046875" lon="30.3903503157198429107666015625">
        <ele>49.200000762939453125</ele>
        <time>2026-04-06T17:01:54.000Z</time>
        <extensions>
          <ns3:TrackPointExtension>
            <ns3:atemp>12.0</ns3:atemp>
            <ns3:hr>127</ns3:hr>
          </ns3:TrackPointExtension>
        </extensions>
      </trkpt>
      <trkpt lat="60.0052553974092006683349609375" lon="30.3903345577418804168701171875">
        <ele>49.59999847412109375</ele>
        <time>2026-04-06T17:01:58.000Z</time>
        <extensions>
          <ns3:TrackPointExtension>
            <ns3:atemp>12.0</ns3:atemp>
            <ns3:hr>124</ns3:hr>
          </ns3:TrackPointExtension>
        </extensions>
      </trkpt>
      <trkpt lat="60.0052450038492679595947265625" lon="30.39039708673954010009765625">
        <ele>49.40000152587890625</ele>
        <time>2026-04-06T17:02:03.000Z</time>
        <extensions>
          <ns3:TrackPointExtension>
            <ns3:atemp>12.0</ns3:atemp>
            <ns3:hr>122</ns3:hr>
          </ns3:TrackPointExtension>
        </extensions>
      </trkpt>
      <trkpt lat="60.00527568161487579345703125" lon="30.39050127379596233367919921875">
        <ele>49</ele>
        <time>2026-04-06T17:02:14.000Z</time>
        <extensions>
          <ns3:TrackPointExtension>
            <ns3:atemp>12.0</ns3:atemp>
            <ns3:hr>121</ns3:hr>
          </ns3:TrackPointExtension>
        </extensions>
      </trkpt>
      <trkpt lat="60.00525564886629581451416015625" lon="30.39046070538461208343505859375">
        <ele>49</ele>
        <time>2026-04-06T17:02:18.000Z</time>
        <extensions>
          <ns3:TrackPointExtension>
            <ns3:atemp>12.0</ns3:atemp>
            <ns3:hr>124</ns3:hr>
          </ns3:TrackPointExtension>
        </extensions>
      </trkpt>
      <trkpt lat="60.0052602589130401611328125" lon="30.3905115835368633270263671875">
        <ele>48.59999847412109375</ele>
        <time>2026-04-06T17:02:23.000Z</time>
        <extensions>
          <ns3:TrackPointExtension>
            <ns3:atemp>12.0</ns3:atemp>
            <ns3:hr>123</ns3:hr>
          </ns3:TrackPointExtension>
        </extensions>
      </trkpt>
      <trkpt lat="60.0052621029317378997802734375" lon="30.39044796489179134368896484375">
        <ele>48.40000152587890625</ele>
        <time>2026-04-06T17:02:28.000Z</time>
        <extensions>
          <ns3:TrackPointExtension>
            <ns3:atemp>12.0</ns3:atemp>
            <ns3:hr>121</ns3:hr>
          </ns3:TrackPointExtension>
        </extensions>
      </trkpt>
      <trkpt lat="60.00524441711604595184326171875" lon="30.39043757133185863494873046875">
        <ele>48.40000152587890625</ele>
        <time>2026-04-06T17:02:30.000Z</time>
        <extensions>
          <ns3:TrackPointExtension>
            <ns3:atemp>12.0</ns3:atemp>
            <ns3:hr>120</ns3:hr>
          </ns3:TrackPointExtension>
        </extensions>
      </trkpt>
      <trkpt lat="60.00523142516613006591796875" lon="30.39041158743202686309814453125">
        <ele>48.200000762939453125</ele>
        <time>2026-04-06T17:02:34.000Z</time>
        <extensions>
          <ns3:TrackPointExtension>
            <ns3:atemp>12.0</ns3:atemp>
            <ns3:hr>117</ns3:hr>
          </ns3:TrackPointExtension>
        </extensions>
      </trkpt>
      <trkpt lat="60.00523167662322521209716796875" lon="30.39040840230882167816162109375">
        <ele>48</ele>
        <time>2026-04-06T17:02:35.000Z</time>
        <extensions>
          <ns3:TrackPointExtension>
            <ns3:atemp>12.0</ns3:atemp>
            <ns3:hr>120</ns3:hr>
          </ns3:TrackPointExtension>
        </extensions>
      </trkpt>
      <trkpt lat="60.00523167662322521209716796875" lon="30.39040873758494853973388671875">
        <ele>48</ele>
        <time>2026-04-06T17:02:36.000Z</time>
        <extensions>
          <ns3:TrackPointExtension>
            <ns3:atemp>12.0</ns3:atemp>
            <ns3:hr>116</ns3:hr>
          </ns3:TrackPointExtension>
        </extensions>
      </trkpt>
      <trkpt lat="60.00523435883224010467529296875" lon="30.3904167003929615020751953125">
        <ele>48</ele>
        <time>2026-04-06T17:02:38.000Z</time>
        <extensions>
          <ns3:TrackPointExtension>
            <ns3:atemp>12.0</ns3:atemp>
            <ns3:hr>117</ns3:hr>
          </ns3:TrackPointExtension>
        </extensions>
      </trkpt>
      <trkpt lat="60.005240477621555328369140625" lon="30.39047277532517910003662109375">
        <ele>47.799999237060546875</ele>
        <time>2026-04-06T17:02:45.000Z</time>
        <extensions>
          <ns3:TrackPointExtension>
            <ns3:atemp>13.0</ns3:atemp>
            <ns3:hr>116</ns3:hr>
          </ns3:TrackPointExtension>
        </extensions>
      </trkpt>
      <trkpt lat="60.00525715760886669158935546875" lon="30.39048518054187297821044921875">
        <ele>47.799999237060546875</ele>
        <time>2026-04-06T17:02:48.000Z</time>
        <extensions>
          <ns3:TrackPointExtension>
            <ns3:atemp>13.0</ns3:atemp>
            <ns3:hr>115</ns3:hr>
          </ns3:TrackPointExtension>
        </extensions>
      </trkpt>
      <trkpt lat="60.00520938076078891754150390625" lon="30.390366576611995697021484375">
        <ele>47.59999847412109375</ele>
        <time>2026-04-06T17:02:54.000Z</time>
        <extensions>
          <ns3:TrackPointExtension>
            <ns3:atemp>13.0</ns3:atemp>
            <ns3:hr>113</ns3:hr>
          </ns3:TrackPointExtension>
        </extensions>
      </trkpt>
      <trkpt lat="60.00522212125360965728759765625" lon="30.3902758844196796417236328125">
        <ele>47.40000152587890625</ele>
        <time>2026-04-06T17:03:02.000Z</time>
        <extensions>
          <ns3:TrackPointExtension>
            <ns3:atemp>13.0</ns3:atemp>
            <ns3:hr>106</ns3:hr>
          </ns3:TrackPointExtension>
        </extensions>
      </trkpt>
      <trkpt lat="60.0052376277744770050048828125" lon="30.3902611322700977325439453125">
        <ele>47.200000762939453125</ele>
        <time>2026-04-06T17:03:03.000Z</time>
        <extensions>
          <ns3:TrackPointExtension>
            <ns3:atemp>13.0</ns3:atemp>
            <ns3:hr>106</ns3:hr>
          </ns3:TrackPointExtension>
        </extensions>
      </trkpt>
      <trkpt lat="60.00525715760886669158935546875" lon="30.39028183557093143463134765625">
        <ele>47</ele>
        <time>2026-04-06T17:03:06.000Z</time>
        <extensions>
          <ns3:TrackPointExtension>
            <ns3:atemp>13.0</ns3:atemp>
            <ns3:hr>103</ns3:hr>
          </ns3:TrackPointExtension>
        </extensions>
      </trkpt>
      <trkpt lat="60.0052664615213871002197265625" lon="30.390289127826690673828125">
        <ele>46.799999237060546875</ele>
        <time>2026-04-06T17:03:07.000Z</time>
        <extensions>
          <ns3:TrackPointExtension>
            <ns3:atemp>13.0</ns3:atemp>
            <ns3:hr>104</ns3:hr>
          </ns3:TrackPointExtension>
        </extensions>
      </trkpt>
      <trkpt lat="60.0052838958799839019775390625" lon="30.39029809646308422088623046875">
        <ele>46.799999237060546875</ele>
        <time>2026-04-06T17:03:10.000Z</time>
        <extensions>
          <ns3:TrackPointExtension>
            <ns3:atemp>13.0</ns3:atemp>
            <ns3:hr>107</ns3:hr>
          </ns3:TrackPointExtension>
        </extensions>
      </trkpt>
      <trkpt lat="60.00529655255377292633056640625" lon="30.39030664600431919097900390625">
        <ele>46.59999847412109375</ele>
        <time>2026-04-06T17:03:13.000Z</time>
        <extensions>
          <ns3:TrackPointExtension>
            <ns3:atemp>13.0</ns3:atemp>
            <ns3:hr>110</ns3:hr>
          </ns3:TrackPointExtension>
        </extensions>
      </trkpt>
      <trkpt lat="60.00528506934642791748046875" lon="30.39032575674355030059814453125">
        <ele>46.799999237060546875</ele>
        <time>2026-04-06T17:03:16.000Z</time>
        <extensions>
          <ns3:TrackPointExtension>
            <ns3:atemp>13.0</ns3:atemp>
            <ns3:hr>110</ns3:hr>
          </ns3:TrackPointExtension>
        </extensions>
      </trkpt>
      <trkpt lat="60.0052951276302337646484375" lon="30.39031133987009525299072265625">
        <ele>46.59999847412109375</ele>
        <time>2026-04-06T17:03:21.000Z</time>
        <extensions>
          <ns3:TrackPointExtension>
            <ns3:atemp>13.0</ns3:atemp>
            <ns3:hr>113</ns3:hr>
          </ns3:TrackPointExtension>
        </extensions>
      </trkpt>
      <trkpt lat="60.00529504381120204925537109375" lon="30.39031167514622211456298828125">
        <ele>46.40000152587890625</ele>
        <time>2026-04-06T17:03:22.000Z</time>
        <extensions>
          <ns3:TrackPointExtension>
            <ns3:atemp>13.0</ns3:atemp>
            <ns3:hr>116</ns3:hr>
          </ns3:TrackPointExtension>
        </extensions>
      </trkpt>
      <trkpt lat="60.00529571436345577239990234375" lon="30.39031117223203182220458984375">
        <ele>46.40000152587890625</ele>
        <time>2026-04-06T17:03:24.000Z</time>
        <extensions>
          <ns3:TrackPointExtension>
            <ns3:atemp>13.0</ns3:atemp>
            <ns3:hr>120</ns3:hr>
          </ns3:TrackPointExtension>
        </extensions>
      </trkpt>
      <trkpt lat="60.00530694611370563507080078125" lon="30.39030446670949459075927734375">
        <ele>46.40000152587890625</ele>
        <time>2026-04-06T17:03:29.000Z</time>
        <extensions>
          <ns3:TrackPointExtension>
            <ns3:atemp>13.0</ns3:atemp>
            <ns3:hr>117</ns3:hr>
          </ns3:TrackPointExtension>
        </extensions>
      </trkpt>
      <trkpt lat="60.00531398691236972808837890625" lon="30.3902973420917987823486328125">
        <ele>46.40000152587890625</ele>
        <time>2026-04-06T17:03:30.000Z</time>
        <extensions>
          <ns3:TrackPointExtension>
            <ns3:atemp>13.0</ns3:atemp>
            <ns3:hr>116</ns3:hr>
          </ns3:TrackPointExtension>
        </extensions>
      </trkpt>
      <trkpt lat="60.0053214468061923980712890625" lon="30.39029424078762531280517578125">
        <ele>46.200000762939453125</ele>
        <time>2026-04-06T17:03:32.000Z</time>
        <extensions>
          <ns3:TrackPointExtension>
            <ns3:atemp>14.0</ns3:atemp>
            <ns3:hr>113</ns3:hr>
          </ns3:TrackPointExtension>
        </extensions>
      </trkpt>
      <trkpt lat="60.00533963553607463836669921875" lon="30.3902886249125003814697265625">
        <ele>46.200000762939453125</ele>
        <time>2026-04-06T17:03:35.000Z</time>
        <extensions>
          <ns3:TrackPointExtension>
            <ns3:atemp>14.0</ns3:atemp>
            <ns3:hr>113</ns3:hr>
          </ns3:TrackPointExtension>
        </extensions>
      </trkpt>
      <trkpt lat="60.00537165440618991851806640625" lon="30.39035953581333160400390625">
        <ele>46</ele>
        <time>2026-04-06T17:03:40.000Z</time>
        <extensions>
          <ns3:TrackPointExtension>
            <ns3:atemp>14.0</ns3:atemp>
            <ns3:hr>111</ns3:hr>
          </ns3:TrackPointExtension>
        </extensions>
      </trkpt>
      <trkpt lat="60.005406104028224945068359375" lon="30.39049775339663028717041015625">
        <ele>45.799999237060546875</ele>
        <time>2026-04-06T17:03:47.000Z</time>
        <extensions>
          <ns3:TrackPointExtension>
            <ns3:atemp>14.0</ns3:atemp>
            <ns3:hr>114</ns3:hr>
          </ns3:TrackPointExtension>
        </extensions>
      </trkpt>
      <trkpt lat="60.005412809550762176513671875" lon="30.39052926935255527496337890625">
        <ele>45.59999847412109375</ele>
        <time>2026-04-06T17:03:49.000Z</time>
        <extensions>
          <ns3:TrackPointExtension>
            <ns3:atemp>14.0</ns3:atemp>
            <ns3:hr>117</ns3:hr>
          </ns3:TrackPointExtension>
        </extensions>
      </trkpt>
      <trkpt lat="60.00500720925629138946533203125" lon="30.39091031067073345184326171875">
        <ele>45.799999237060546875</ele>
        <time>2026-04-06T17:05:41.000Z</time>
        <extensions>
          <ns3:TrackPointExtension>
            <ns3:atemp>17.0</ns3:atemp>
            <ns3:hr>107</ns3:hr>
          </ns3:TrackPointExtension>
        </extensions>
      </trkpt>
      <trkpt lat="60.00504056923091411590576171875" lon="30.39087695069611072540283203125">
        <ele>45.799999237060546875</ele>
        <time>2026-04-06T17:05:43.000Z</time>
        <extensions>
          <ns3:TrackPointExtension>
            <ns3:atemp>17.0</ns3:atemp>
            <ns3:hr>107</ns3:hr>
          </ns3:TrackPointExtension>
        </extensions>
      </trkpt>
      <trkpt lat="60.005052052438259124755859375" lon="30.39074066095054149627685546875">
        <ele>45.799999237060546875</ele>
        <time>2026-04-06T17:05:49.000Z</time>
        <extensions>
          <ns3:TrackPointExtension>
            <ns3:atemp>17.0</ns3:atemp>
            <ns3:hr>108</ns3:hr>
          </ns3:TrackPointExtension>
        </extensions>
      </trkpt>
      <trkpt lat="60.00507242046296596527099609375" lon="30.39058710448443889617919921875">
        <ele>45.799999237060546875</ele>
        <time>2026-04-06T17:05:55.000Z</time>
        <extensions>
          <ns3:TrackPointExtension>
            <ns3:atemp>18.0</ns3:atemp>
            <ns3:hr>107</ns3:hr>
          </ns3:TrackPointExtension>
        </extensions>
      </trkpt>
      <trkpt lat="60.0050703249871730804443359375" lon="30.390562713146209716796875">
        <ele>45.799999237060546875</ele>
        <time>2026-04-06T17:05:57.000Z</time>
        <extensions>
          <ns3:TrackPointExtension>
            <ns3:atemp>18.0</ns3:atemp>
            <ns3:hr>106</ns3:hr>
          </ns3:TrackPointExtension>
        </extensions>
      </trkpt>
      <trkpt lat="60.0050666369497776031494140625" lon="30.390568077564239501953125">
        <ele>45.799999237060546875</ele>
        <time>2026-04-06T17:06:00.000Z</time>
        <extensions>
          <ns3:TrackPointExtension>
            <ns3:atemp>18.0</ns3:atemp>
            <ns3:hr>106</ns3:hr>
          </ns3:TrackPointExtension>
        </extensions>
      </trkpt>
      <trkpt lat="60.00508080236613750457763671875" lon="30.39052055217325687408447265625">
        <ele>45.799999237060546875</ele>
        <time>2026-04-06T17:06:03.000Z</time>
        <extensions>
          <ns3:TrackPointExtension>
            <ns3:atemp>18.0</ns3:atemp>
            <ns3:hr>104</ns3:hr>
          </ns3:TrackPointExtension>
        </extensions>
      </trkpt>
      <trkpt lat="60.005089938640594482421875" lon="30.3904753737151622772216796875">
        <ele>46.200000762939453125</ele>
        <time>2026-04-06T17:06:09.000Z</time>
        <extensions>
          <ns3:TrackPointExtension>
            <ns3:atemp>18.0</ns3:atemp>
            <ns3:hr>108</ns3:hr>
          </ns3:TrackPointExtension>
        </extensions>
      </trkpt>
      <trkpt lat="60.0050891004502773284912109375" lon="30.39047780446708202362060546875">
        <ele>46.200000762939453125</ele>
        <time>2026-04-06T17:06:11.000Z</time>
        <extensions>
          <ns3:TrackPointExtension>
            <ns3:atemp>18.0</ns3:atemp>
            <ns3:hr>108</ns3:hr>
          </ns3:TrackPointExtension>
        </extensions>
      </trkpt>
      <trkpt lat="60.00506001524627208709716796875" lon="30.39042315445840358734130859375">
        <ele>46.200000762939453125</ele>
        <time>2026-04-06T17:06:12.000Z</time>
        <extensions>
          <ns3:TrackPointExtension>
            <ns3:atemp>18.0</ns3:atemp>
            <ns3:hr>107</ns3:hr>
          </ns3:TrackPointExtension>
        </extensions>
      </trkpt>
      <trkpt lat="60.00498910434544086456298828125" lon="30.39024579338729381561279296875">
        <ele>46</ele>
        <time>2026-04-06T17:06:15.000Z</time>
        <extensions>
          <ns3:TrackPointExtension>
            <ns3:atemp>18.0</ns3:atemp>
            <ns3:hr>105</ns3:hr>
          </ns3:TrackPointExtension>
        </extensions>
      </trkpt>
      <trkpt lat="60.0055128894746303558349609375" lon="30.389802642166614532470703125">
        <ele>49.59999847412109375</ele>
        <time>2026-04-06T17:09:25.000Z</time>
        <extensions>
          <ns3:TrackPointExtension>
            <ns3:atemp>22.0</ns3:atemp>
            <ns3:hr>90</ns3:hr>
          </ns3:TrackPointExtension>
        </extensions>
      </trkpt>
      <trkpt lat="60.0054998137056827545166015625" lon="30.3898282907903194427490234375">
        <ele>49.59999847412109375</ele>
        <time>2026-04-06T17:09:26.000Z</time>
        <extensions>
          <ns3:TrackPointExtension>
            <ns3:atemp>22.0</ns3:atemp>
            <ns3:hr>90</ns3:hr>
          </ns3:TrackPointExtension>
        </extensions>
      </trkpt>
      <trkpt lat="60.0057794339954853057861328125" lon="30.3897183202207088470458984375">
        <ele>49.799999237060546875</ele>
        <time>2026-04-06T17:09:40.000Z</time>
        <extensions>
          <ns3:TrackPointExtension>
            <ns3:atemp>22.0</ns3:atemp>
            <ns3:hr>87</ns3:hr>
          </ns3:TrackPointExtension>
        </extensions>
      </trkpt>
      <trkpt lat="60.00600063242018222808837890625" lon="30.3895691223442554473876953125">
        <ele>49.799999237060546875</ele>
        <time>2026-04-06T17:09:43.000Z</time>
        <extensions>
          <ns3:TrackPointExtension>
            <ns3:atemp>22.0</ns3:atemp>
            <ns3:hr>88</ns3:hr>
          </ns3:TrackPointExtension>
        </extensions>
      </trkpt>
      <trkpt lat="60.0060516782104969024658203125" lon="30.38955545984208583831787109375">
        <ele>49.59999847412109375</ele>
        <time>2026-04-06T17:09:46.000Z</time>
        <extensions>
          <ns3:TrackPointExtension>
            <ns3:atemp>22.0</ns3:atemp>
            <ns3:hr>91</ns3:hr>
          </ns3:TrackPointExtension>
        </extensions>
      </trkpt>
      <trkpt lat="60.00606098212301731109619140625" lon="30.38955830968916416168212890625">
        <ele>49.59999847412109375</ele>
        <time>2026-04-06T17:09:49.000Z</time>
        <extensions>
          <ns3:TrackPointExtension>
            <ns3:atemp>22.0</ns3:atemp>
            <ns3:hr>94</ns3:hr>
          </ns3:TrackPointExtension>
        </extensions>
      </trkpt>
      <trkpt lat="60.0060795061290264129638671875" lon="30.3896291367709636688232421875">
        <ele>50</ele>
        <time>2026-04-06T17:09:53.000Z</time>
        <extensions>
          <ns3:TrackPointExtension>
            <ns3:atemp>22.0</ns3:atemp>
            <ns3:hr>95</ns3:hr>
          </ns3:TrackPointExtension>
        </extensions>
      </trkpt>
      <trkpt lat="60.0060852058231830596923828125" lon="30.3896640054881572723388671875">
        <ele>50.40000152587890625</ele>
        <time>2026-04-06T17:09:54.000Z</time>
        <extensions>
          <ns3:TrackPointExtension>
            <ns3:atemp>22.0</ns3:atemp>
            <ns3:hr>95</ns3:hr>
          </ns3:TrackPointExtension>
        </extensions>
      </trkpt>
      <trkpt lat="60.00601454637944698333740234375" lon="30.38964849896728992462158203125">
        <ele>50.200000762939453125</ele>
        <time>2026-04-06T17:10:01.000Z</time>
        <extensions>
          <ns3:TrackPointExtension>
            <ns3:atemp>22.0</ns3:atemp>
            <ns3:hr>98</ns3:hr>
          </ns3:TrackPointExtension>
        </extensions>
      </trkpt>
      <trkpt lat="60.005996190011501312255859375" lon="30.38961580954492092132568359375">
        <ele>50.200000762939453125</ele>
        <time>2026-04-06T17:10:02.000Z</time>
        <extensions>
          <ns3:TrackPointExtension>
            <ns3:atemp>22.0</ns3:atemp>
            <ns3:hr>93</ns3:hr>
          </ns3:TrackPointExtension>
        </extensions>
      </trkpt>
      <trkpt lat="60.0060017220675945281982421875" lon="30.38963022641837596893310546875">
        <ele>50.200000762939453125</ele>
        <time>2026-04-06T17:10:10.000Z</time>
        <extensions>
          <ns3:TrackPointExtension>
            <ns3:atemp>22.0</ns3:atemp>
            <ns3:hr>93</ns3:hr>
          </ns3:TrackPointExtension>
        </extensions>
      </trkpt>
      <trkpt lat="60.006053857505321502685546875" lon="30.390095673501491546630859375">
        <ele>51.200000762939453125</ele>
        <time>2026-04-06T17:10:36.000Z</time>
        <extensions>
          <ns3:TrackPointExtension>
            <ns3:atemp>23.0</ns3:atemp>
            <ns3:hr>98</ns3:hr>
          </ns3:TrackPointExtension>
        </extensions>
      </trkpt>
      <trkpt lat="60.006051175296306610107421875" lon="30.39027513004839420318603515625">
        <ele>51.59999847412109375</ele>
        <time>2026-04-06T17:10:40.000Z</time>
        <extensions>
          <ns3:TrackPointExtension>
            <ns3:atemp>23.0</ns3:atemp>
            <ns3:hr>101</ns3:hr>
          </ns3:TrackPointExtension>
        </extensions>
      </trkpt>
      <trkpt lat="60.00601194798946380615234375" lon="30.39035819470882415771484375">
        <ele>52</ele>
        <time>2026-04-06T17:10:44.000Z</time>
        <extensions>
          <ns3:TrackPointExtension>
            <ns3:atemp>23.0</ns3:atemp>
            <ns3:hr>100</ns3:hr>
          </ns3:TrackPointExtension>
        </extensions>
      </trkpt>
      <trkpt lat="60.0060032308101654052734375" lon="30.3903610445559024810791015625">
        <ele>52</ele>
        <time>2026-04-06T17:10:46.000Z</time>
        <extensions>
          <ns3:TrackPointExtension>
            <ns3:atemp>23.0</ns3:atemp>
            <ns3:hr>103</ns3:hr>
          </ns3:TrackPointExtension>
        </extensions>
      </trkpt>
      <trkpt lat="60.00599996186792850494384765625" lon="30.3903747908771038055419921875">
        <ele>52</ele>
        <time>2026-04-06T17:10:48.000Z</time>
        <extensions>
          <ns3:TrackPointExtension>
            <ns3:atemp>23.0</ns3:atemp>
            <ns3:hr>106</ns3:hr>
          </ns3:TrackPointExtension>
        </extensions>
      </trkpt>
      <trkpt lat="60.00597883947193622589111328125" lon="30.390363223850727081298828125">
        <ele>52</ele>
        <time>2026-04-06T17:10:52.000Z</time>
        <extensions>
          <ns3:TrackPointExtension>
            <ns3:atemp>23.0</ns3:atemp>
            <ns3:hr>107</ns3:hr>
          </ns3:TrackPointExtension>
        </extensions>
      </trkpt>
      <trkpt lat="60.005686394870281219482421875" lon="30.39031100459396839141845703125">
        <ele>55.200000762939453125</ele>
        <time>2026-04-06T17:13:19.000Z</time>
        <extensions>
          <ns3:TrackPointExtension>
            <ns3:atemp>25.0</ns3:atemp>
            <ns3:hr>105</ns3:hr>
          </ns3:TrackPointExtension>
        </extensions>
      </trkpt>
      <trkpt lat="60.00568580813705921173095703125" lon="30.39033598266541957855224609375">
        <ele>55.200000762939453125</ele>
        <time>2026-04-06T17:13:20.000Z</time>
        <extensions>
          <ns3:TrackPointExtension>
            <ns3:atemp>25.0</ns3:atemp>
            <ns3:hr>104</ns3:hr>
          </ns3:TrackPointExtension>
        </extensions>
      </trkpt>
      <trkpt lat="60.00566066242754459381103515625" lon="30.39049364626407623291015625">
        <ele>55</ele>
        <time>2026-04-06T17:13:30.000Z</time>
        <extensions>
          <ns3:TrackPointExtension>
            <ns3:atemp>25.0</ns3:atemp>
            <ns3:hr>105</ns3:hr>
          </ns3:TrackPointExtension>
        </extensions>
      </trkpt>
      <trkpt lat="60.00560115091502666473388671875" lon="30.3905157744884490966796875">
        <ele>55</ele>
        <time>2026-04-06T17:13:34.000Z</time>
        <extensions>
          <ns3:TrackPointExtension>
            <ns3:atemp>25.0</ns3:atemp>
            <ns3:hr>102</ns3:hr>
          </ns3:TrackPointExtension>
        </extensions>
      </trkpt>
      <trkpt lat="60.005603246390819549560546875" lon="30.3905330412089824676513671875">
        <ele>55</ele>
        <time>2026-04-06T17:13:35.000Z</time>
        <extensions>
          <ns3:TrackPointExtension>
            <ns3:atemp>25.0</ns3:atemp>
            <ns3:hr>99</ns3:hr>
          </ns3:TrackPointExtension>
        </extensions>
      </trkpt>
      <trkpt lat="60.00559695996344089508056640625" lon="30.39053597487509250640869140625">
        <ele>55</ele>
        <time>2026-04-06T17:13:36.000Z</time>
        <extensions>
          <ns3:TrackPointExtension>
            <ns3:atemp>25.0</ns3:atemp>
            <ns3:hr>96</ns3:hr>
          </ns3:TrackPointExtension>
        </extensions>
      </trkpt>
      <trkpt lat="60.0055725686252117156982421875" lon="30.39055240340530872344970703125">
        <ele>55</ele>
        <time>2026-04-06T17:13:40.000Z</time>
        <extensions>
          <ns3:TrackPointExtension>
            <ns3:atemp>25.0</ns3:atemp>
            <ns3:hr>93</ns3:hr>
          </ns3:TrackPointExtension>
        </extensions>
      </trkpt>
      <trkpt lat="60.00552604906260967254638671875" lon="30.3905223123729228973388671875">
        <ele>54.799999237060546875</ele>
        <time>2026-04-06T17:13:44.000Z</time>
        <extensions>
          <ns3:TrackPointExtension>
            <ns3:atemp>25.0</ns3:atemp>
            <ns3:hr>91</ns3:hr>
          </ns3:TrackPointExtension>
        </extensions>
      </trkpt>
      <trkpt lat="60.00547709874808788299560546875" lon="30.39045936428010463714599609375">
        <ele>54.799999237060546875</ele>
        <time>2026-04-06T17:13:47.000Z</time>
        <extensions>
          <ns3:TrackPointExtension>
            <ns3:atemp>25.0</ns3:atemp>
            <ns3:hr>93</ns3:hr>
          </ns3:TrackPointExtension>
        </extensions>
      </trkpt>
      <trkpt lat="60.00540719367563724517822265625" lon="30.3903972543776035308837890625">
        <ele>55</ele>
        <time>2026-04-06T17:13:52.000Z</time>
        <extensions>
          <ns3:TrackPointExtension>
            <ns3:atemp>25.0</ns3:atemp>
            <ns3:hr>90</ns3:hr>
          </ns3:TrackPointExtension>
        </extensions>
      </trkpt>
      <trkpt lat="60.00541088171303272247314453125" lon="30.390377976000308990478515625">
        <ele>55.40000152587890625</ele>
        <time>2026-04-06T17:13:54.000Z</time>
        <extensions>
          <ns3:TrackPointExtension>
            <ns3:atemp>25.0</ns3:atemp>
            <ns3:hr>89</ns3:hr>
          </ns3:TrackPointExtension>
        </extensions>
      </trkpt>
      <trkpt lat="60.0054438225924968719482421875" lon="30.39041477255523204803466796875">
        <ele>55.40000152587890625</ele>
        <time>2026-04-06T17:14:02.000Z</time>
        <extensions>
          <ns3:TrackPointExtension>
            <ns3:atemp>25.0</ns3:atemp>
            <ns3:hr>91</ns3:hr>
          </ns3:TrackPointExtension>
        </extensions>
      </trkpt>
      <trkpt lat="60.005442313849925994873046875" lon="30.39042013697326183319091796875">
        <ele>55.200000762939453125</ele>
        <time>2026-04-06T17:14:03.000Z</time>
        <extensions>
          <ns3:TrackPointExtension>
            <ns3:atemp>25.0</ns3:atemp>
            <ns3:hr>88</ns3:hr>
          </ns3:TrackPointExtension>
        </extensions>
      </trkpt>
      <trkpt lat="60.0054387934505939483642578125" lon="30.39047830738127231597900390625">
        <ele>55.40000152587890625</ele>
        <time>2026-04-06T17:14:10.000Z</time>
        <extensions>
          <ns3:TrackPointExtension>
            <ns3:atemp>25.0</ns3:atemp>
            <ns3:hr>86</ns3:hr>
          </ns3:TrackPointExtension>
        </extensions>
      </trkpt>
      <trkpt lat="60.00545614399015903472900390625" lon="30.39069489575922489166259765625">
        <ele>55.799999237060546875</ele>
        <time>2026-04-06T17:14:20.000Z</time>
        <extensions>
          <ns3:TrackPointExtension>
            <ns3:atemp>25.0</ns3:atemp>
            <ns3:hr>91</ns3:hr>
          </ns3:TrackPointExtension>
        </extensions>
      </trkpt>
      <trkpt lat="60.00545111484825611114501953125" lon="30.390701852738857269287109375">
        <ele>55.799999237060546875</ele>
        <time>2026-04-06T17:14:21.000Z</time>
        <extensions>
          <ns3:TrackPointExtension>
            <ns3:atemp>25.0</ns3:atemp>
            <ns3:hr>94</ns3:hr>
          </ns3:TrackPointExtension>
        </extensions>
      </trkpt>
      <trkpt lat="60.00564180314540863037109375" lon="30.39005200378596782684326171875">
        <ele>56.799999237060546875</ele>
        <time>2026-04-06T17:14:52.000Z</time>
        <extensions>
          <ns3:TrackPointExtension>
            <ns3:atemp>26.0</ns3:atemp>
            <ns3:hr>98</ns3:hr>
          </ns3:TrackPointExtension>
        </extensions>
      </trkpt>
      <trkpt lat="60.00565160997211933135986328125" lon="30.39010397158563137054443359375">
        <ele>56.799999237060546875</ele>
        <time>2026-04-06T17:14:55.000Z</time>
        <extensions>
          <ns3:TrackPointExtension>
            <ns3:atemp>26.0</ns3:atemp>
            <ns3:hr>96</ns3:hr>
          </ns3:TrackPointExtension>
        </extensions>
      </trkpt>
      <trkpt lat="60.00559930689632892608642578125" lon="30.390148647129535675048828125">
        <ele>56.799999237060546875</ele>
        <time>2026-04-06T17:14:57.000Z</time>
        <extensions>
          <ns3:TrackPointExtension>
            <ns3:atemp>26.0</ns3:atemp>
            <ns3:hr>94</ns3:hr>
          </ns3:TrackPointExtension>
        </extensions>
      </trkpt>
      <trkpt lat="60.005568377673625946044921875" lon="30.39018879644572734832763671875">
        <ele>57</ele>
        <time>2026-04-06T17:14:59.000Z</time>
        <extensions>
          <ns3:TrackPointExtension>
            <ns3:atemp>26.0</ns3:atemp>
            <ns3:hr>91</ns3:hr>
          </ns3:TrackPointExtension>
        </extensions>
      </trkpt>
      <trkpt lat="60.0055507756769657135009765625" lon="30.39021075703203678131103515625">
        <ele>57</ele>
        <time>2026-04-06T17:15:02.000Z</time>
        <extensions>
          <ns3:TrackPointExtension>
            <ns3:atemp>26.0</ns3:atemp>
            <ns3:hr>94</ns3:hr>
          </ns3:TrackPointExtension>
        </extensions>
      </trkpt>
      <trkpt lat="60.00553208403289318084716796875" lon="30.39025601930916309356689453125">
        <ele>57.200000762939453125</ele>
        <time>2026-04-06T17:15:06.000Z</time>
        <extensions>
          <ns3:TrackPointExtension>
            <ns3:atemp>26.0</ns3:atemp>
            <ns3:hr>97</ns3:hr>
          </ns3:TrackPointExtension>
        </extensions>
      </trkpt>
      <trkpt lat="60.0055149011313915252685546875" lon="30.39028166793286800384521484375">
        <ele>57</ele>
        <time>2026-04-06T17:15:10.000Z</time>
        <extensions>
          <ns3:TrackPointExtension>
            <ns3:atemp>26.0</ns3:atemp>
            <ns3:hr>98</ns3:hr>
          </ns3:TrackPointExtension>
        </extensions>
      </trkpt>
      <trkpt lat="60.00544541515409946441650390625" lon="30.3902591206133365631103515625">
        <ele>57</ele>
        <time>2026-04-06T17:15:19.000Z</time>
        <extensions>
          <ns3:TrackPointExtension>
            <ns3:atemp>26.0</ns3:atemp>
            <ns3:hr>95</ns3:hr>
          </ns3:TrackPointExtension>
        </extensions>
      </trkpt>
      <trkpt lat="60.005041658878326416015625" lon="30.39067209698259830474853515625">
        <ele>57.59999847412109375</ele>
        <time>2026-04-06T17:15:47.000Z</time>
        <extensions>
          <ns3:TrackPointExtension>
            <ns3:atemp>26.0</ns3:atemp>
            <ns3:hr>104</ns3:hr>
          </ns3:TrackPointExtension>
        </extensions>
      </trkpt>
      <trkpt lat="60.005054064095020294189453125" lon="30.39065969176590442657470703125">
        <ele>57.59999847412109375</ele>
        <time>2026-04-06T17:15:48.000Z</time>
        <extensions>
          <ns3:TrackPointExtension>
            <ns3:atemp>26.0</ns3:atemp>
            <ns3:hr>104</ns3:hr>
          </ns3:TrackPointExtension>
        </extensions>
      </trkpt>
      <trkpt lat="60.0050619430840015411376953125" lon="30.3906644694507122039794921875">
        <ele>57.59999847412109375</ele>
        <time>2026-04-06T17:15:50.000Z</time>
        <extensions>
          <ns3:TrackPointExtension>
            <ns3:atemp>26.0</ns3:atemp>
            <ns3:hr>105</ns3:hr>
          </ns3:TrackPointExtension>
        </extensions>
      </trkpt>
      <trkpt lat="60.0050388090312480926513671875" lon="30.3909162618219852447509765625">
        <ele>58.40000152587890625</ele>
        <time>2026-04-06T17:16:03.000Z</time>
        <extensions>
          <ns3:TrackPointExtension>
            <ns3:atemp>26.0</ns3:atemp>
            <ns3:hr>105</ns3:hr>
          </ns3:TrackPointExtension>
        </extensions>
      </trkpt>
      <trkpt lat="60.00497988425195217132568359375" lon="30.39068215526640415191650390625">
        <ele>58.40000152587890625</ele>
        <time>2026-04-06T17:16:12.000Z</time>
        <extensions>
          <ns3:TrackPointExtension>
            <ns3:atemp>26.0</ns3:atemp>
            <ns3:hr>100</ns3:hr>
          </ns3:TrackPointExtension>
        </extensions>
      </trkpt>
      <trkpt lat="60.0049570016562938690185546875" lon="30.39058140479028224945068359375">
        <ele>58.200000762939453125</ele>
        <time>2026-04-06T17:16:14.000Z</time>
        <extensions>
          <ns3:TrackPointExtension>
            <ns3:atemp>26.0</ns3:atemp>
            <ns3:hr>102</ns3:hr>
          </ns3:TrackPointExtension>
        </extensions>
      </trkpt>
      <trkpt lat="60.0049365498125553131103515625" lon="30.39045768789947032928466796875">
        <ele>58.200000762939453125</ele>
        <time>2026-04-06T17:16:19.000Z</time>
        <extensions>
          <ns3:TrackPointExtension>
            <ns3:atemp>26.0</ns3:atemp>
            <ns3:hr>102</ns3:hr>
          </ns3:TrackPointExtension>
        </extensions>
      </trkpt>
      <trkpt lat="60.00497938133776187896728515625" lon="30.39036330766975879669189453125">
        <ele>58</ele>
        <time>2026-04-06T17:16:25.000Z</time>
        <extensions>
          <ns3:TrackPointExtension>
            <ns3:atemp>26.0</ns3:atemp>
            <ns3:hr>99</ns3:hr>
          </ns3:TrackPointExtension>
        </extensions>
      </trkpt>
      <trkpt lat="60.03331574611365795135498046875" lon="30.493409670889377593994140625">
        <ele>57.200000762939453125</ele>
        <time>2026-04-06T17:19:56.000Z</time>
        <extensions>
          <ns3:TrackPointExtension>
            <ns3:atemp>27.0</ns3:atemp>
            <ns3:hr>94</ns3:hr>
          </ns3:TrackPointExtension>
        </extensions>
      </trkpt>
      <trkpt lat="60.03429559059441089630126953125" lon="30.52598535083234310150146484375">
        <ele>58.799999237060546875</ele>
        <time>2026-04-06T17:20:55.000Z</time>
        <extensions>
          <ns3:TrackPointExtension>
            <ns3:atemp>27.0</ns3:atemp>
            <ns3:hr>111</ns3:hr>
          </ns3:TrackPointExtension>
        </extensions>
      </trkpt>
      <trkpt lat="60.03471870906651020050048828125" lon="30.52670803852379322052001953125">
        <ele>58.799999237060546875</ele>
        <time>2026-04-06T17:20:58.000Z</time>
        <extensions>
          <ns3:TrackPointExtension>
            <ns3:atemp>27.0</ns3:atemp>
            <ns3:hr>110</ns3:hr>
          </ns3:TrackPointExtension>
        </extensions>
      </trkpt>
      <trkpt lat="60.03471828997135162353515625" lon="30.526459515094757080078125">
        <ele>59</ele>
        <time>2026-04-06T17:20:59.000Z</time>
        <extensions>
          <ns3:TrackPointExtension>
            <ns3:atemp>27.0</ns3:atemp>
            <ns3:hr>111</ns3:hr>
          </ns3:TrackPointExtension>
        </extensions>
      </trkpt>
      <trkpt lat="60.0347057171165943145751953125" lon="30.5257259309291839599609375">
        <ele>59.200000762939453125</ele>
        <time>2026-04-06T17:21:02.000Z</time>
        <extensions>
          <ns3:TrackPointExtension>
            <ns3:atemp>27.0</ns3:atemp>
            <ns3:hr>112</ns3:hr>
          </ns3:TrackPointExtension>
        </extensions>
      </trkpt>
      <trkpt lat="60.0348182022571563720703125" lon="30.52478707395493984222412109375">
        <ele>59.200000762939453125</ele>
        <time>2026-04-06T17:21:05.000Z</time>
        <extensions>
          <ns3:TrackPointExtension>
            <ns3:atemp>26.0</ns3:atemp>
            <ns3:hr>113</ns3:hr>
          </ns3:TrackPointExtension>
        </extensions>
      </trkpt>
      <trkpt lat="60.0415959767997264862060546875" lon="30.52992953918874263763427734375">
        <ele>59.799999237060546875</ele>
        <time>2026-04-06T17:21:20.000Z</time>
        <extensions>
          <ns3:TrackPointExtension>
            <ns3:atemp>26.0</ns3:atemp>
            <ns3:hr>106</ns3:hr>
          </ns3:TrackPointExtension>
        </extensions>
      </trkpt>
      <trkpt lat="60.04186780191957950592041015625" lon="30.529757626354694366455078125">
        <ele>59.799999237060546875</ele>
        <time>2026-04-06T17:21:21.000Z</time>
        <extensions>
          <ns3:TrackPointExtension>
            <ns3:atemp>26.0</ns3:atemp>
            <ns3:hr>106</ns3:hr>
          </ns3:TrackPointExtension>
        </extensions>
      </trkpt>
      <trkpt lat="60.00629668124020099639892578125" lon="30.39307200349867343902587890625">
        <ele>59.799999237060546875</ele>
        <time>2026-04-06T17:21:48.000Z</time>
        <extensions>
          <ns3:TrackPointExtension>
            <ns3:atemp>24.0</ns3:atemp>
            <ns3:hr>100</ns3:hr>
          </ns3:TrackPointExtension>
        </extensions>
      </trkpt>
      <trkpt lat="60.00610624440014362335205078125" lon="30.392989777028560638427734375">
        <ele>59.799999237060546875</ele>
        <time>2026-04-06T17:21:52.000Z</time>
        <extensions>
          <ns3:TrackPointExtension>
            <ns3:atemp>24.0</ns3:atemp>
            <ns3:hr>101</ns3:hr>
          </ns3:TrackPointExtension>
        </extensions>
      </trkpt>
      <trkpt lat="60.00602829270064830780029296875" lon="30.39313956163823604583740234375">
        <ele>59.799999237060546875</ele>
        <time>2026-04-06T17:21:55.000Z</time>
        <extensions>
          <ns3:TrackPointExtension>
            <ns3:atemp>24.0</ns3:atemp>
            <ns3:hr>98</ns3:hr>
          </ns3:TrackPointExtension>
        </extensions>
      </trkpt>
      <trkpt lat="60.006021670997142791748046875" lon="30.39324601180851459503173828125">
        <ele>59.799999237060546875</ele>
        <time>2026-04-06T17:21:57.000Z</time>
        <extensions>
          <ns3:TrackPointExtension>
            <ns3:atemp>24.0</ns3:atemp>
            <ns3:hr>99</ns3:hr>
          </ns3:TrackPointExtension>
        </extensions>
      </trkpt>
      <trkpt lat="60.00598168931901454925537109375" lon="30.39341364987194538116455078125">
        <ele>59.799999237060546875</ele>
        <time>2026-04-06T17:22:00.000Z</time>
        <extensions>
          <ns3:TrackPointExtension>
            <ns3:atemp>24.0</ns3:atemp>
            <ns3:hr>101</ns3:hr>
          </ns3:TrackPointExtension>
        </extensions>
      </trkpt>
      <trkpt lat="60.00597129575908184051513671875" lon="30.39345254190266132354736328125">
        <ele>59.799999237060546875</ele>
        <time>2026-04-06T17:22:01.000Z</time>
        <extensions>
          <ns3:TrackPointExtension>
            <ns3:atemp>24.0</ns3:atemp>
            <ns3:hr>101</ns3:hr>
          </ns3:TrackPointExtension>
        </extensions>
      </trkpt>
      <trkpt lat="60.0059537775814533233642578125" lon="30.39348162710666656494140625">
        <ele>59.59999847412109375</ele>
        <time>2026-04-06T17:22:02.000Z</time>
        <extensions>
          <ns3:TrackPointExtension>
            <ns3:atemp>24.0</ns3:atemp>
            <ns3:hr>102</ns3:hr>
          </ns3:TrackPointExtension>
        </extensions>
      </trkpt>
      <trkpt lat="60.00585763715207576751708984375" lon="30.393683798611164093017578125">
        <ele>59.59999847412109375</ele>
        <time>2026-04-06T17:22:06.000Z</time>
        <extensions>
          <ns3:TrackPointExtension>
            <ns3:atemp>23.0</ns3:atemp>
            <ns3:hr>102</ns3:hr>
          </ns3:TrackPointExtension>
        </extensions>
      </trkpt>
      <trkpt lat="60.00586534850299358367919921875" lon="30.39365789853036403656005859375">
        <ele>60</ele>
        <time>2026-04-06T17:22:10.000Z</time>
        <extensions>
          <ns3:TrackPointExtension>
            <ns3:atemp>23.0</ns3:atemp>
            <ns3:hr>101</ns3:hr>
          </ns3:TrackPointExtension>
        </extensions>
      </trkpt>
      <trkpt lat="60.00588865019381046295166015625" lon="30.3936437331140041351318359375">
        <ele>60</ele>
        <time>2026-04-06T17:22:15.000Z</time>
        <extensions>
          <ns3:TrackPointExtension>
            <ns3:atemp>23.0</ns3:atemp>
            <ns3:hr>101</ns3:hr>
          </ns3:TrackPointExtension>
        </extensions>
      </trkpt>
      <trkpt lat="60.00590331852436065673828125" lon="30.39361129514873027801513671875">
        <ele>60</ele>
        <time>2026-04-06T17:22:19.000Z</time>
        <extensions>
          <ns3:TrackPointExtension>
            <ns3:atemp>23.0</ns3:atemp>
            <ns3:hr>98</ns3:hr>
          </ns3:TrackPointExtension>
        </extensions>
      </trkpt>
      <trkpt lat="60.0059189088642597198486328125" lon="30.39358631707727909088134765625">
        <ele>60</ele>
        <time>2026-04-06T17:22:22.000Z</time>
        <extensions>
          <ns3:TrackPointExtension>
            <ns3:atemp>23.0</ns3:atemp>
            <ns3:hr>99</ns3:hr>
          </ns3:TrackPointExtension>
        </extensions>
      </trkpt>
      <trkpt lat="60.005921423435211181640625" lon="30.39355899207293987274169921875">
        <ele>59.59999847412109375</ele>
        <time>2026-04-06T17:22:24.000Z</time>
        <extensions>
          <ns3:TrackPointExtension>
            <ns3:atemp>23.0</ns3:atemp>
            <ns3:hr>102</ns3:hr>
          </ns3:TrackPointExtension>
        </extensions>
      </trkpt>
      <trkpt lat="60.00601437874138355255126953125" lon="30.3935511969029903411865234375">
        <ele>59.200000762939453125</ele>
        <time>2026-04-06T17:22:28.000Z</time>
        <extensions>
          <ns3:TrackPointExtension>
            <ns3:atemp>23.0</ns3:atemp>
            <ns3:hr>105</ns3:hr>
          </ns3:TrackPointExtension>
        </extensions>
      </trkpt>
      <trkpt lat="60.00600767321884632110595703125" lon="30.3935729898512363433837890625">
        <ele>59.200000762939453125</ele>
        <time>2026-04-06T17:22:30.000Z</time>
        <extensions>
          <ns3:TrackPointExtension>
            <ns3:atemp>23.0</ns3:atemp>
            <ns3:hr>108</ns3:hr>
          </ns3:TrackPointExtension>
        </extensions>
      </trkpt>
      <trkpt lat="60.0060104392468929290771484375" lon="30.39358782581984996795654296875">
        <ele>59.200000762939453125</ele>
        <time>2026-04-06T17:22:34.000Z</time>
        <extensions>
          <ns3:TrackPointExtension>
            <ns3:atemp>23.0</ns3:atemp>
            <ns3:hr>107</ns3:hr>
          </ns3:TrackPointExtension>
        </extensions>
      </trkpt>
      <trkpt lat="60.00601639039814472198486328125" lon="30.3935404680669307708740234375">
        <ele>59</ele>
        <time>2026-04-06T17:22:39.000Z</time>
        <extensions>
          <ns3:TrackPointExtension>
            <ns3:atemp>23.0</ns3:atemp>
            <ns3:hr>107</ns3:hr>
          </ns3:TrackPointExtension>
        </extensions>
      </trkpt>
      <trkpt lat="60.0470034778118133544921875" lon="30.526609718799591064453125">
        <ele>74.8000030517578125</ele>
        <time>2026-04-06T17:25:15.000Z</time>
        <extensions>
          <ns3:TrackPointExtension>
            <ns3:atemp>24.0</ns3:atemp>
            <ns3:hr>100</ns3:hr>
          </ns3:TrackPointExtension>
        </extensions>
      </trkpt>
      <trkpt lat="60.04734923131763935089111328125" lon="30.5254169739782810211181640625">
        <ele>74.8000030517578125</ele>
        <time>2026-04-06T17:25:16.000Z</time>
        <extensions>
          <ns3:TrackPointExtension>
            <ns3:atemp>24.0</ns3:atemp>
            <ns3:hr>102</ns3:hr>
          </ns3:TrackPointExtension>
        </extensions>
      </trkpt>
      <trkpt lat="60.04763840697705745697021484375" lon="30.524463951587677001953125">
        <ele>74.8000030517578125</ele>
        <time>2026-04-06T17:25:17.000Z</time>
        <extensions>
          <ns3:TrackPointExtension>
            <ns3:atemp>24.0</ns3:atemp>
            <ns3:hr>101</ns3:hr>
          </ns3:TrackPointExtension>
        </extensions>
      </trkpt>
      <trkpt lat="60.0478877685964107513427734375" lon="30.5239729396998882293701171875">
        <ele>74.8000030517578125</ele>
        <time>2026-04-06T17:25:18.000Z</time>
        <extensions>
          <ns3:TrackPointExtension>
            <ns3:atemp>24.0</ns3:atemp>
            <ns3:hr>102</ns3:hr>
          </ns3:TrackPointExtension>
        </extensions>
      </trkpt>
      <trkpt lat="60.04838305525481700897216796875" lon="30.522815398871898651123046875">
        <ele>74.8000030517578125</ele>
        <time>2026-04-06T17:25:20.000Z</time>
        <extensions>
          <ns3:TrackPointExtension>
            <ns3:atemp>24.0</ns3:atemp>
            <ns3:hr>103</ns3:hr>
          </ns3:TrackPointExtension>
        </extensions>
      </trkpt>
      <trkpt lat="60.04862017929553985595703125" lon="30.522300414741039276123046875">
        <ele>74.59999847412109375</ele>
        <time>2026-04-06T17:25:21.000Z</time>
        <extensions>
          <ns3:TrackPointExtension>
            <ns3:atemp>24.0</ns3:atemp>
            <ns3:hr>104</ns3:hr>
          </ns3:TrackPointExtension>
        </extensions>
      </trkpt>
      <trkpt lat="60.0490800105035305023193359375" lon="30.52125812508165836334228515625">
        <ele>74.59999847412109375</ele>
        <time>2026-04-06T17:25:23.000Z</time>
        <extensions>
          <ns3:TrackPointExtension>
            <ns3:atemp>24.0</ns3:atemp>
            <ns3:hr>101</ns3:hr>
          </ns3:TrackPointExtension>
        </extensions>
      </trkpt>
      <trkpt lat="60.04130101762712001800537109375" lon="30.55834016762673854827880859375">
        <ele>74.59999847412109375</ele>
        <time>2026-04-06T17:25:29.000Z</time>
        <extensions>
          <ns3:TrackPointExtension>
            <ns3:atemp>24.0</ns3:atemp>
            <ns3:hr>101</ns3:hr>
          </ns3:TrackPointExtension>
        </extensions>
      </trkpt>
      <trkpt lat="60.04164115525782108306884765625" lon="30.55733920074999332427978515625">
        <ele>74.59999847412109375</ele>
        <time>2026-04-06T17:25:32.000Z</time>
        <extensions>
          <ns3:TrackPointExtension>
            <ns3:atemp>24.0</ns3:atemp>
            <ns3:hr>102</ns3:hr>
          </ns3:TrackPointExtension>
        </extensions>
      </trkpt>
      <trkpt lat="60.04180460236966609954833984375" lon="30.5568142421543598175048828125">
        <ele>74.59999847412109375</ele>
        <time>2026-04-06T17:25:33.000Z</time>
        <extensions>
          <ns3:TrackPointExtension>
            <ns3:atemp>24.0</ns3:atemp>
            <ns3:hr>101</ns3:hr>
          </ns3:TrackPointExtension>
        </extensions>
      </trkpt>
      <trkpt lat="60.04211154766380786895751953125" lon="30.55572484619915485382080078125">
        <ele>74.59999847412109375</ele>
        <time>2026-04-06T17:25:35.000Z</time>
        <extensions>
          <ns3:TrackPointExtension>
            <ns3:atemp>24.0</ns3:atemp>
            <ns3:hr>102</ns3:hr>
          </ns3:TrackPointExtension>
        </extensions>
      </trkpt>
      <trkpt lat="60.0423855520784854888916015625" lon="30.55459965951740741729736328125">
        <ele>74.40000152587890625</ele>
        <time>2026-04-06T17:25:37.000Z</time>
        <extensions>
          <ns3:TrackPointExtension>
            <ns3:atemp>24.0</ns3:atemp>
            <ns3:hr>104</ns3:hr>
          </ns3:TrackPointExtension>
        </extensions>
      </trkpt>
      <trkpt lat="60.04262485541403293609619140625" lon="30.5534091778099536895751953125">
        <ele>74.40000152587890625</ele>
        <time>2026-04-06T17:25:39.000Z</time>
        <extensions>
          <ns3:TrackPointExtension>
            <ns3:atemp>24.0</ns3:atemp>
            <ns3:hr>104</ns3:hr>
          </ns3:TrackPointExtension>
        </extensions>
      </trkpt>
      <trkpt lat="60.042715966701507568359375" lon="30.5527974665164947509765625">
        <ele>74.40000152587890625</ele>
        <time>2026-04-06T17:25:40.000Z</time>
        <extensions>
          <ns3:TrackPointExtension>
            <ns3:atemp>24.0</ns3:atemp>
            <ns3:hr>105</ns3:hr>
          </ns3:TrackPointExtension>
        </extensions>
      </trkpt>
      <trkpt lat="60.04297806881368160247802734375" lon="30.5503110587596893310546875">
        <ele>74.59999847412109375</ele>
        <time>2026-04-06T17:25:44.000Z</time>
        <extensions>
          <ns3:TrackPointExtension>
            <ns3:atemp>24.0</ns3:atemp>
            <ns3:hr>107</ns3:hr>
          </ns3:TrackPointExtension>
        </extensions>
      </trkpt>
      <trkpt lat="60.0430820882320404052734375" lon="30.54908336140215396881103515625">
        <ele>74</ele>
        <time>2026-04-06T17:25:46.000Z</time>
        <extensions>
          <ns3:TrackPointExtension>
            <ns3:atemp>24.0</ns3:atemp>
            <ns3:hr>107</ns3:hr>
          </ns3:TrackPointExtension>
        </extensions>
      </trkpt>
    </trkseg>
  </trk>
</gpx>
