<?xml version="1.0" encoding="UTF-8"?>
<gpx creator="Garmin Connect" version="1.1"
  xsi:schemaLocation="http://www.topografix.com/GPX/1/1 http://www.topografix.com/GPX/11.xsd"
  xmlns:ns3="http://www.garmin.com/xmlschemas/TrackPointExtension/v1"
  xmlns="http://www.topografix.com/GPX/1/1"
  xmlns:xsi="http://www.w3.org/2001/XMLSchema-instance" xmlns:ns2="http://www.garmin.com/xmlschemas/GpxExtensions/v3">
  <metadata>
    <link href="connect.garmin.com">
      <text>Garmin Connect</text>
    </link>
    <time>2026-04-22T07:13:17.000Z</time>
  </metadata>
  <trk>
    <name>Петербург Велосипед</name>
    <type>cycling</type>
    <trkseg>
      <trkpt lat="60.0056614167988300323486328125" lon="30.38949376903474330902099609375">
        <ele>33.59999847412109375</ele>
        <time>2026-04-22T07:13:42.000Z</time>
        <extensions>
          <ns3:TrackPointExtension>
            <ns3:atemp>24.0</ns3:atemp>
            <ns3:hr>94</ns3:hr>
          </ns3:TrackPointExtension>
        </extensions>
      </trkpt>
      <trkpt lat="60.00561690889298915863037109375" lon="30.38943073712289333343505859375">
        <ele>33.59999847412109375</ele>
        <time>2026-04-22T07:13:43.000Z</time>
        <extensions>
          <ns3:TrackPointExtension>
            <ns3:atemp>24.0</ns3:atemp>
            <ns3:hr>97</ns3:hr>
          </ns3:TrackPointExtension>
        </extensions>
      </trkpt>
      <trkpt lat="60.00551615841686725616455078125" lon="30.38943794555962085723876953125">
        <ele>33.59999847412109375</ele>
        <time>2026-04-22T07:13:45.000Z</time>
        <extensions>
          <ns3:TrackPointExtension>
            <ns3:atemp>24.0</ns3:atemp>
            <ns3:hr>101</ns3:hr>
          </ns3:TrackPointExtension>
        </extensions>
      </trkpt>
      <trkpt lat="60.0054733268916606903076171875" lon="30.38940693251788616180419921875">
        <ele>34</ele>
        <time>2026-04-22T07:13:46.000Z</time>
        <extensions>
          <ns3:TrackPointExtension>
            <ns3:atemp>24.0</ns3:atemp>
            <ns3:hr>103</ns3:hr>
          </ns3:TrackPointExtension>
        </extensions>
      </trkpt>
      <trkpt lat="60.00534466467797756195068359375" lon="30.38929830305278301239013671875">
        <ele>34.40000152587890625</ele>
        <time>2026-04-22T07:13:49.000Z</time>
        <extensions>
          <ns3:TrackPointExtension>
            <ns3:atemp>24.0</ns3:atemp>
            <ns3:hr>105</ns3:hr>
          </ns3:TrackPointExtension>
        </extensions>
      </trkpt>
      <trkpt lat="60.00524944625794887542724609375" lon="30.3892348520457744598388671875">
        <ele>34.799999237060546875</ele>
        <time>2026-04-22T07:13:51.000Z</time>
        <extensions>
          <ns3:TrackPointExtension>
            <ns3:atemp>24.0</ns3:atemp>
            <ns3:hr>107</ns3:hr>
          </ns3:TrackPointExtension>
        </extensions>
      </trkpt>
      <trkpt lat="60.00520535744726657867431640625" lon="30.38919906131923198699951171875">
        <ele>34.799999237060546875</ele>
        <time>2026-04-22T07:13:52.000Z</time>
        <extensions>
          <ns3:TrackPointExtension>
            <ns3:atemp>24.0</ns3:atemp>
            <ns3:hr>107</ns3:hr>
          </ns3:TrackPointExtension>
        </extensions>
      </trkpt>
      <trkpt lat="60.00512405298650264739990234375" lon="30.3891265578567981719970703125">
        <ele>35</ele>
        <time>2026-04-22T07:13:54.000Z</time>
        <extensions>
          <ns3:TrackPointExtension>
            <ns3:atemp>24.0</ns3:atemp>
            <ns3:hr>110</ns3:hr>
          </ns3:TrackPointExtension>
        </extensions>
      </trkpt>
      <trkpt lat="60.0049087218940258026123046875" lon="30.38885992951691150665283203125">
        <ele>35.200000762939453125</ele>
        <time>2026-04-22T07:14:00.000Z</time>
        <extensions>
          <ns3:TrackPointExtension>
            <ns3:atemp>24.0</ns3:atemp>
            <ns3:hr>113</ns3:hr>
          </ns3:TrackPointExtension>
        </extensions>
      </trkpt>
      <trkpt lat="60.0048728473484516143798828125" lon="30.38881684653460979461669921875">
        <ele>35.200000762939453125</ele>
        <time>2026-04-22T07:14:01.000Z</time>
        <extensions>
          <ns3:TrackPointExtension>
            <ns3:atemp>24.0</ns3:atemp>
            <ns3:hr>113</ns3:hr>
          </ns3:TrackPointExtension>
        </extensions>
      </trkpt>
      <trkpt lat="60.00464058481156826019287109375" lon="30.38848475553095340728759765625">
        <ele>35.40000152587890625</ele>
        <time>2026-04-22T07:14:09.000Z</time>
        <extensions>
          <ns3:TrackPointExtension>
            <ns3:atemp>23.0</ns3:atemp>
            <ns3:hr>113</ns3:hr>
          </ns3:TrackPointExtension>
        </extensions>
      </trkpt>
      <trkpt lat="60.0046433508396148681640625" lon="30.3884566761553287506103515625">
        <ele>36.200000762939453125</ele>
        <time>2026-04-22T07:14:11.000Z</time>
        <extensions>
          <ns3:TrackPointExtension>
            <ns3:atemp>23.0</ns3:atemp>
            <ns3:hr>112</ns3:hr>
          </ns3:TrackPointExtension>
        </extensions>
      </trkpt>
      <trkpt lat="60.0046448595821857452392578125" lon="30.38846195675432682037353515625">
        <ele>37.200000762939453125</ele>
        <time>2026-04-22T07:14:13.000Z</time>
        <extensions>
          <ns3:TrackPointExtension>
            <ns3:atemp>23.0</ns3:atemp>
            <ns3:hr>112</ns3:hr>
          </ns3:TrackPointExtension>
        </extensions>
      </trkpt>
      <trkpt lat="60.00464611686766147613525390625" lon="30.38846078328788280487060546875">
        <ele>37.59999847412109375</ele>
        <time>2026-04-22T07:14:14.000Z</time>
        <extensions>
          <ns3:TrackPointExtension>
            <ns3:atemp>23.0</ns3:atemp>
            <ns3:hr>112</ns3:hr>
          </ns3:TrackPointExtension>
        </extensions>
      </trkpt>
      <trkpt lat="60.0046274252235889434814453125" lon="30.3884928859770298004150390625">
        <ele>38.40000152587890625</ele>
        <time>2026-04-22T07:14:19.000Z</time>
        <extensions>
          <ns3:TrackPointExtension>
            <ns3:atemp>23.0</ns3:atemp>
            <ns3:hr>112</ns3:hr>
          </ns3:TrackPointExtension>
        </extensions>
      </trkpt>
      <trkpt lat="60.00462130643427371978759765625" lon="30.38849766366183757781982421875">
        <ele>38.200000762939453125</ele>
        <time>2026-04-22T07:14:22.000Z</time>
        <extensions>
          <ns3:TrackPointExtension>
            <ns3:atemp>23.0</ns3:atemp>
            <ns3:hr>108</ns3:hr>
          </ns3:TrackPointExtension>
        </extensions>
      </trkpt>
      <trkpt lat="60.004573278129100799560546875" lon="30.3884305246174335479736328125">
        <ele>37.59999847412109375</ele>
        <time>2026-04-22T07:14:27.000Z</time>
        <extensions>
          <ns3:TrackPointExtension>
            <ns3:atemp>23.0</ns3:atemp>
            <ns3:hr>108</ns3:hr>
          </ns3:TrackPointExtension>
        </extensions>
      </trkpt>
      <trkpt lat="60.00454343855381011962890625" lon="30.38840244524180889129638671875">
        <ele>37.200000762939453125</ele>
        <time>2026-04-22T07:14:28.000Z</time>
        <extensions>
          <ns3:TrackPointExtension>
            <ns3:atemp>23.0</ns3:atemp>
            <ns3:hr>108</ns3:hr>
          </ns3:TrackPointExtension>
        </extensions>
      </trkpt>
      <trkpt lat="60.0044081546366214752197265625" lon="30.3883470408618450164794921875">
        <ele>36.799999237060546875</ele>
        <time>2026-04-22T07:14:31.000Z</time>
        <extensions>
          <ns3:TrackPointExtension>
            <ns3:atemp>23.0</ns3:atemp>
            <ns3:hr>105</ns3:hr>
          </ns3:TrackPointExtension>
        </extensions>
      </trkpt>
      <trkpt lat="60.00424261204898357391357421875" lon="30.3883212246000766754150390625">
        <ele>36.200000762939453125</ele>
        <time>2026-04-22T07:14:34.000Z</time>
        <extensions>
          <ns3:TrackPointExtension>
            <ns3:atemp>23.0</ns3:atemp>
            <ns3:hr>104</ns3:hr>
          </ns3:TrackPointExtension>
        </extensions>
      </trkpt>
      <trkpt lat="60.0040688551962375640869140625" lon="30.388159118592739105224609375">
        <ele>36.59999847412109375</ele>
        <time>2026-04-22T07:14:38.000Z</time>
        <extensions>
          <ns3:TrackPointExtension>
            <ns3:atemp>23.0</ns3:atemp>
            <ns3:hr>103</ns3:hr>
          </ns3:TrackPointExtension>
        </extensions>
      </trkpt>
      <trkpt lat="60.00388093292713165283203125" lon="30.3878991119563579559326171875">
        <ele>37.200000762939453125</ele>
        <time>2026-04-22T07:14:43.000Z</time>
        <extensions>
          <ns3:TrackPointExtension>
            <ns3:atemp>23.0</ns3:atemp>
            <ns3:hr>105</ns3:hr>
          </ns3:TrackPointExtension>
        </extensions>
      </trkpt>
      <trkpt lat="60.00380725599825382232666015625" lon="30.3878121078014373779296875">
        <ele>37.40000152587890625</ele>
        <time>2026-04-22T07:14:45.000Z</time>
        <extensions>
          <ns3:TrackPointExtension>
            <ns3:atemp>23.0</ns3:atemp>
            <ns3:hr>105</ns3:hr>
          </ns3:TrackPointExtension>
        </extensions>
      </trkpt>
      <trkpt lat="60.00360508449375629425048828125" lon="30.38751505315303802490234375">
        <ele>37.59999847412109375</ele>
        <time>2026-04-22T07:14:51.000Z</time>
        <extensions>
          <ns3:TrackPointExtension>
            <ns3:atemp>23.0</ns3:atemp>
            <ns3:hr>108</ns3:hr>
          </ns3:TrackPointExtension>
        </extensions>
      </trkpt>
      <trkpt lat="60.00356988050043582916259765625" lon="30.3874687850475311279296875">
        <ele>37.40000152587890625</ele>
        <time>2026-04-22T07:14:52.000Z</time>
        <extensions>
          <ns3:TrackPointExtension>
            <ns3:atemp>23.0</ns3:atemp>
            <ns3:hr>108</ns3:hr>
          </ns3:TrackPointExtension>
        </extensions>
      </trkpt>
      <trkpt lat="60.0034660287201404571533203125" lon="30.3873301483690738677978515625">
        <ele>37</ele>
        <time>2026-04-22T07:14:55.000Z</time>
        <extensions>
          <ns3:TrackPointExtension>
            <ns3:atemp>23.0</ns3:atemp>
            <ns3:hr>112</ns3:hr>
          </ns3:TrackPointExtension>
        </extensions>
      </trkpt>
      <trkpt lat="60.0034261308610439300537109375" lon="30.3872915916144847869873046875">
        <ele>37</ele>
        <time>2026-04-22T07:14:56.000Z</time>
        <extensions>
          <ns3:TrackPointExtension>
            <ns3:atemp>22.0</ns3:atemp>
            <ns3:hr>116</ns3:hr>
          </ns3:TrackPointExtension>
        </extensions>
      </trkpt>
      <trkpt lat="60.00338296405971050262451171875" lon="30.3872583992779254913330078125">
        <ele>36.799999237060546875</ele>
        <time>2026-04-22T07:14:57.000Z</time>
        <extensions>
          <ns3:TrackPointExtension>
            <ns3:atemp>22.0</ns3:atemp>
            <ns3:hr>119</ns3:hr>
          </ns3:TrackPointExtension>
        </extensions>
      </trkpt>
      <trkpt lat="60.0033424794673919677734375" lon="30.38722294382750988006591796875">
        <ele>37</ele>
        <time>2026-04-22T07:14:58.000Z</time>
        <extensions>
          <ns3:TrackPointExtension>
            <ns3:atemp>22.0</ns3:atemp>
            <ns3:hr>123</ns3:hr>
          </ns3:TrackPointExtension>
        </extensions>
      </trkpt>
      <trkpt lat="60.00330249778926372528076171875" lon="30.3871822915971279144287109375">
        <ele>37</ele>
        <time>2026-04-22T07:14:59.000Z</time>
        <extensions>
          <ns3:TrackPointExtension>
            <ns3:atemp>22.0</ns3:atemp>
            <ns3:hr>126</ns3:hr>
          </ns3:TrackPointExtension>
        </extensions>
      </trkpt>
      <trkpt lat="60.0032655335962772369384765625" lon="30.38713644258677959442138671875">
        <ele>37</ele>
        <time>2026-04-22T07:15:00.000Z</time>
        <extensions>
          <ns3:TrackPointExtension>
            <ns3:atemp>22.0</ns3:atemp>
            <ns3:hr>129</ns3:hr>
          </ns3:TrackPointExtension>
        </extensions>
      </trkpt>
      <trkpt lat="60.00322890467941761016845703125" lon="30.38709386251866817474365234375">
        <ele>37</ele>
        <time>2026-04-22T07:15:01.000Z</time>
        <extensions>
          <ns3:TrackPointExtension>
            <ns3:atemp>22.0</ns3:atemp>
            <ns3:hr>129</ns3:hr>
          </ns3:TrackPointExtension>
        </extensions>
      </trkpt>
      <trkpt lat="60.0030439160764217376708984375" lon="30.386882722377777099609375">
        <ele>37.40000152587890625</ele>
        <time>2026-04-22T07:15:06.000Z</time>
        <extensions>
          <ns3:TrackPointExtension>
            <ns3:atemp>22.0</ns3:atemp>
            <ns3:hr>129</ns3:hr>
          </ns3:TrackPointExtension>
        </extensions>
      </trkpt>
      <trkpt lat="60.00288625247776508331298828125" lon="30.38673209957778453826904296875">
        <ele>37.799999237060546875</ele>
        <time>2026-04-22T07:15:10.000Z</time>
        <extensions>
          <ns3:TrackPointExtension>
            <ns3:atemp>22.0</ns3:atemp>
            <ns3:hr>126</ns3:hr>
          </ns3:TrackPointExtension>
        </extensions>
      </trkpt>
      <trkpt lat="60.00274677760899066925048828125" lon="30.386577956378459930419921875">
        <ele>37.799999237060546875</ele>
        <time>2026-04-22T07:15:14.000Z</time>
        <extensions>
          <ns3:TrackPointExtension>
            <ns3:atemp>22.0</ns3:atemp>
            <ns3:hr>130</ns3:hr>
          </ns3:TrackPointExtension>
        </extensions>
      </trkpt>
      <trkpt lat="60.002412758767604827880859375" lon="30.38627327419817447662353515625">
        <ele>37.799999237060546875</ele>
        <time>2026-04-22T07:15:22.000Z</time>
        <extensions>
          <ns3:TrackPointExtension>
            <ns3:atemp>22.0</ns3:atemp>
            <ns3:hr>129</ns3:hr>
          </ns3:TrackPointExtension>
        </extensions>
      </trkpt>
      <trkpt lat="60.00237462110817432403564453125" lon="30.3862368129193782806396484375">
        <ele>37.799999237060546875</ele>
        <time>2026-04-22T07:15:23.000Z</time>
        <extensions>
          <ns3:TrackPointExtension>
            <ns3:atemp>22.0</ns3:atemp>
            <ns3:hr>129</ns3:hr>
          </ns3:TrackPointExtension>
        </extensions>
      </trkpt>
      <trkpt lat="60.00224587507545948028564453125" lon="30.38608007133007049560546875">
        <ele>38.200000762939453125</ele>
        <time>2026-04-22T07:15:27.000Z</time>
        <extensions>
          <ns3:TrackPointExtension>
            <ns3:atemp>22.0</ns3:atemp>
            <ns3:hr>129</ns3:hr>
          </ns3:TrackPointExtension>
        </extensions>
      </trkpt>
      <trkpt lat="60.0022131018340587615966796875" lon="30.3860430233180522918701171875">
        <ele>38.200000762939453125</ele>
        <time>2026-04-22T07:15:28.000Z</time>
        <extensions>
          <ns3:TrackPointExtension>
            <ns3:atemp>22.0</ns3:atemp>
            <ns3:hr>129</ns3:hr>
          </ns3:TrackPointExtension>
        </extensions>
      </trkpt>
      <trkpt lat="60.001962147653102874755859375" lon="30.385824926197528839111328125">
        <ele>39.200000762939453125</ele>
        <time>2026-04-22T07:15:35.000Z</time>
        <extensions>
          <ns3:TrackPointExtension>
            <ns3:atemp>22.0</ns3:atemp>
            <ns3:hr>129</ns3:hr>
          </ns3:TrackPointExtension>
        </extensions>
      </trkpt>
      <trkpt lat="60.001884363591670989990234375" lon="30.3857865370810031890869140625">
        <ele>39.40000152587890625</ele>
        <time>2026-04-22T07:15:37.000Z</time>
        <extensions>
          <ns3:TrackPointExtension>
            <ns3:atemp>22.0</ns3:atemp>
            <ns3:hr>128</ns3:hr>
          </ns3:TrackPointExtension>
        </extensions>
      </trkpt>
      <trkpt lat="60.0018271990120410919189453125" lon="30.38578008301556110382080078125">
        <ele>39.40000152587890625</ele>
        <time>2026-04-22T07:15:39.000Z</time>
        <extensions>
          <ns3:TrackPointExtension>
            <ns3:atemp>22.0</ns3:atemp>
            <ns3:hr>128</ns3:hr>
          </ns3:TrackPointExtension>
        </extensions>
      </trkpt>
      <trkpt lat="60.00180163420736789703369140625" lon="30.3858170472085475921630859375">
        <ele>39.59999847412109375</ele>
        <time>2026-04-22T07:15:40.000Z</time>
        <extensions>
          <ns3:TrackPointExtension>
            <ns3:atemp>22.0</ns3:atemp>
            <ns3:hr>127</ns3:hr>
          </ns3:TrackPointExtension>
        </extensions>
      </trkpt>
      <trkpt lat="60.00177003443241119384765625" lon="30.38589625619351863861083984375">
        <ele>40.40000152587890625</ele>
        <time>2026-04-22T07:15:42.000Z</time>
        <extensions>
          <ns3:TrackPointExtension>
            <ns3:atemp>22.0</ns3:atemp>
            <ns3:hr>126</ns3:hr>
          </ns3:TrackPointExtension>
        </extensions>
      </trkpt>
      <trkpt lat="60.001760311424732208251953125" lon="30.385914109647274017333984375">
        <ele>39.200000762939453125</ele>
        <time>2026-04-22T07:15:43.000Z</time>
        <extensions>
          <ns3:TrackPointExtension>
            <ns3:atemp>22.0</ns3:atemp>
            <ns3:hr>127</ns3:hr>
          </ns3:TrackPointExtension>
        </extensions>
      </trkpt>
      <trkpt lat="60.00175670720636844635009765625" lon="30.38593799807131290435791015625">
        <ele>39.200000762939453125</ele>
        <time>2026-04-22T07:15:45.000Z</time>
        <extensions>
          <ns3:TrackPointExtension>
            <ns3:atemp>22.0</ns3:atemp>
            <ns3:hr>126</ns3:hr>
          </ns3:TrackPointExtension>
        </extensions>
      </trkpt>
      <trkpt lat="60.001755617558956146240234375" lon="30.38595526479184627532958984375">
        <ele>39.40000152587890625</ele>
        <time>2026-04-22T07:15:50.000Z</time>
        <extensions>
          <ns3:TrackPointExtension>
            <ns3:atemp>22.0</ns3:atemp>
            <ns3:hr>125</ns3:hr>
          </ns3:TrackPointExtension>
        </extensions>
      </trkpt>
      <trkpt lat="60.00175318680703639984130859375" lon="30.38593732751905918121337890625">
        <ele>39.40000152587890625</ele>
        <time>2026-04-22T07:15:51.000Z</time>
        <extensions>
          <ns3:TrackPointExtension>
            <ns3:atemp>22.0</ns3:atemp>
            <ns3:hr>127</ns3:hr>
          </ns3:TrackPointExtension>
        </extensions>
      </trkpt>
      <trkpt lat="60.001610107719898223876953125" lon="30.3858287818729877471923828125">
        <ele>39</ele>
        <time>2026-04-22T07:15:55.000Z</time>
        <extensions>
          <ns3:TrackPointExtension>
            <ns3:atemp>21.0</ns3:atemp>
            <ns3:hr>126</ns3:hr>
          </ns3:TrackPointExtension>
        </extensions>
      </trkpt>
      <trkpt lat="60.00143484212458133697509765625" lon="30.38566701114177703857421875">
        <ele>38.799999237060546875</ele>
        <time>2026-04-22T07:16:00.000Z</time>
        <extensions>
          <ns3:TrackPointExtension>
            <ns3:atemp>21.0</ns3:atemp>
            <ns3:hr>123</ns3:hr>
          </ns3:TrackPointExtension>
        </extensions>
      </trkpt>
      <trkpt lat="60.0013630092144012451171875" lon="30.38559970445930957794189453125">
        <ele>38.59999847412109375</ele>
        <time>2026-04-22T07:16:02.000Z</time>
        <extensions>
          <ns3:TrackPointExtension>
            <ns3:atemp>21.0</ns3:atemp>
            <ns3:hr>121</ns3:hr>
          </ns3:TrackPointExtension>
        </extensions>
      </trkpt>
      <trkpt lat="60.001089088618755340576171875" lon="30.38535528816282749176025390625">
        <ele>38.799999237060546875</ele>
        <time>2026-04-22T07:16:09.000Z</time>
        <extensions>
          <ns3:TrackPointExtension>
            <ns3:atemp>21.0</ns3:atemp>
            <ns3:hr>122</ns3:hr>
          </ns3:TrackPointExtension>
        </extensions>
      </trkpt>
      <trkpt lat="60.00081961043179035186767578125" lon="30.38507801480591297149658203125">
        <ele>38.799999237060546875</ele>
        <time>2026-04-22T07:16:16.000Z</time>
        <extensions>
          <ns3:TrackPointExtension>
            <ns3:atemp>21.0</ns3:atemp>
            <ns3:hr>123</ns3:hr>
          </ns3:TrackPointExtension>
        </extensions>
      </trkpt>
      <trkpt lat="60.0006334483623504638671875" lon="30.38487165234982967376708984375">
        <ele>39.200000762939453125</ele>
        <time>2026-04-22T07:16:20.000Z</time>
        <extensions>
          <ns3:TrackPointExtension>
            <ns3:atemp>21.0</ns3:atemp>
            <ns3:hr>124</ns3:hr>
          </ns3:TrackPointExtension>
        </extensions>
      </trkpt>
      <trkpt lat="60.00052557326853275299072265625" lon="30.3847679682075977325439453125">
        <ele>38.59999847412109375</ele>
        <time>2026-04-22T07:16:22.000Z</time>
        <extensions>
          <ns3:TrackPointExtension>
            <ns3:atemp>21.0</ns3:atemp>
            <ns3:hr>123</ns3:hr>
          </ns3:TrackPointExtension>
        </extensions>
      </trkpt>
      <trkpt lat="60.00026104040443897247314453125" lon="30.38453252054750919342041015625">
        <ele>38.200000762939453125</ele>
        <time>2026-04-22T07:16:27.000Z</time>
        <extensions>
          <ns3:TrackPointExtension>
            <ns3:atemp>21.0</ns3:atemp>
            <ns3:hr>129</ns3:hr>
          </ns3:TrackPointExtension>
        </extensions>
      </trkpt>
      <trkpt lat="60.0002078153192996978759765625" lon="30.3844836540520191192626953125">
        <ele>38.200000762939453125</ele>
        <time>2026-04-22T07:16:28.000Z</time>
        <extensions>
          <ns3:TrackPointExtension>
            <ns3:atemp>21.0</ns3:atemp>
            <ns3:hr>132</ns3:hr>
          </ns3:TrackPointExtension>
        </extensions>
      </trkpt>
      <trkpt lat="60.00007496215403079986572265625" lon="30.3843414969742298126220703125">
        <ele>38.40000152587890625</ele>
        <time>2026-04-22T07:16:31.000Z</time>
        <extensions>
          <ns3:TrackPointExtension>
            <ns3:atemp>21.0</ns3:atemp>
            <ns3:hr>135</ns3:hr>
          </ns3:TrackPointExtension>
        </extensions>
      </trkpt>
      <trkpt lat="59.99998594634234905242919921875" lon="30.384269915521144866943359375">
        <ele>38.59999847412109375</ele>
        <time>2026-04-22T07:16:33.000Z</time>
        <extensions>
          <ns3:TrackPointExtension>
            <ns3:atemp>21.0</ns3:atemp>
            <ns3:hr>134</ns3:hr>
          </ns3:TrackPointExtension>
        </extensions>
      </trkpt>
      <trkpt lat="59.9998976849019527435302734375" lon="30.3841882757842540740966796875">
        <ele>39</ele>
        <time>2026-04-22T07:16:35.000Z</time>
        <extensions>
          <ns3:TrackPointExtension>
            <ns3:atemp>21.0</ns3:atemp>
            <ns3:hr>133</ns3:hr>
          </ns3:TrackPointExtension>
        </extensions>
      </trkpt>
      <trkpt lat="59.99957866966724395751953125" lon="30.3838768042623996734619140625">
        <ele>39</ele>
        <time>2026-04-22T07:16:43.000Z</time>
        <extensions>
          <ns3:TrackPointExtension>
            <ns3:atemp>21.0</ns3:atemp>
            <ns3:hr>136</ns3:hr>
          </ns3:TrackPointExtension>
        </extensions>
      </trkpt>
      <trkpt lat="59.99935277737677097320556640625" lon="30.3836736269295215606689453125">
        <ele>38.799999237060546875</ele>
        <time>2026-04-22T07:16:48.000Z</time>
        <extensions>
          <ns3:TrackPointExtension>
            <ns3:atemp>21.0</ns3:atemp>
            <ns3:hr>133</ns3:hr>
          </ns3:TrackPointExtension>
        </extensions>
      </trkpt>
      <trkpt lat="59.9992660246789455413818359375" lon="30.38357555866241455078125">
        <ele>38.59999847412109375</ele>
        <time>2026-04-22T07:16:50.000Z</time>
        <extensions>
          <ns3:TrackPointExtension>
            <ns3:atemp>21.0</ns3:atemp>
            <ns3:hr>133</ns3:hr>
          </ns3:TrackPointExtension>
        </extensions>
      </trkpt>
      <trkpt lat="59.99895949847996234893798828125" lon="30.38326886482536792755126953125">
        <ele>38.200000762939453125</ele>
        <time>2026-04-22T07:16:57.000Z</time>
        <extensions>
          <ns3:TrackPointExtension>
            <ns3:atemp>21.0</ns3:atemp>
            <ns3:hr>131</ns3:hr>
          </ns3:TrackPointExtension>
        </extensions>
      </trkpt>
      <trkpt lat="59.99891893006861209869384765625" lon="30.38321907632052898406982421875">
        <ele>38.200000762939453125</ele>
        <time>2026-04-22T07:16:58.000Z</time>
        <extensions>
          <ns3:TrackPointExtension>
            <ns3:atemp>21.0</ns3:atemp>
            <ns3:hr>131</ns3:hr>
          </ns3:TrackPointExtension>
        </extensions>
      </trkpt>
      <trkpt lat="59.99874508939683437347412109375" lon="30.3829658590257167816162109375">
        <ele>38</ele>
        <time>2026-04-22T07:17:02.000Z</time>
        <extensions>
          <ns3:TrackPointExtension>
            <ns3:atemp>21.0</ns3:atemp>
            <ns3:hr>129</ns3:hr>
          </ns3:TrackPointExtension>
        </extensions>
      </trkpt>
      <trkpt lat="59.99858382157981395721435546875" lon="30.3827529586851596832275390625">
        <ele>38.200000762939453125</ele>
        <time>2026-04-22T07:17:06.000Z</time>
        <extensions>
          <ns3:TrackPointExtension>
            <ns3:atemp>21.0</ns3:atemp>
            <ns3:hr>128</ns3:hr>
          </ns3:TrackPointExtension>
        </extensions>
      </trkpt>
      <trkpt lat="59.9985279142856597900390625" lon="30.3826704807579517364501953125">
        <ele>38.200000762939453125</ele>
        <time>2026-04-22T07:17:08.000Z</time>
        <extensions>
          <ns3:TrackPointExtension>
            <ns3:atemp>20.0</ns3:atemp>
            <ns3:hr>128</ns3:hr>
          </ns3:TrackPointExtension>
        </extensions>
      </trkpt>
      <trkpt lat="59.9983547441661357879638671875" lon="30.38239044137299060821533203125">
        <ele>38.59999847412109375</ele>
        <time>2026-04-22T07:17:14.000Z</time>
        <extensions>
          <ns3:TrackPointExtension>
            <ns3:atemp>20.0</ns3:atemp>
            <ns3:hr>128</ns3:hr>
          </ns3:TrackPointExtension>
        </extensions>
      </trkpt>
      <trkpt lat="59.99817662872374057769775390625" lon="30.3821722604334354400634765625">
        <ele>38.40000152587890625</ele>
        <time>2026-04-22T07:17:19.000Z</time>
        <extensions>
          <ns3:TrackPointExtension>
            <ns3:atemp>20.0</ns3:atemp>
            <ns3:hr>125</ns3:hr>
          </ns3:TrackPointExtension>
        </extensions>
      </trkpt>
      <trkpt lat="59.99804168008267879486083984375" lon="30.3819811530411243438720703125">
        <ele>38.40000152587890625</ele>
        <time>2026-04-22T07:17:23.000Z</time>
        <extensions>
          <ns3:TrackPointExtension>
            <ns3:atemp>20.0</ns3:atemp>
            <ns3:hr>125</ns3:hr>
          </ns3:TrackPointExtension>
        </extensions>
      </trkpt>
      <trkpt lat="59.99788359738886356353759765625" lon="30.38174587301909923553466796875">
        <ele>38.59999847412109375</ele>
        <time>2026-04-22T07:17:28.000Z</time>
        <extensions>
          <ns3:TrackPointExtension>
            <ns3:atemp>20.0</ns3:atemp>
            <ns3:hr>128</ns3:hr>
          </ns3:TrackPointExtension>
        </extensions>
      </trkpt>
      <trkpt lat="59.99787856824696063995361328125" lon="30.3816435299813747406005859375">
        <ele>38.799999237060546875</ele>
        <time>2026-04-22T07:17:30.000Z</time>
        <extensions>
          <ns3:TrackPointExtension>
            <ns3:atemp>20.0</ns3:atemp>
            <ns3:hr>127</ns3:hr>
          </ns3:TrackPointExtension>
        </extensions>
      </trkpt>
      <trkpt lat="59.99788912944495677947998046875" lon="30.381556861102581024169921875">
        <ele>39.200000762939453125</ele>
        <time>2026-04-22T07:17:32.000Z</time>
        <extensions>
          <ns3:TrackPointExtension>
            <ns3:atemp>20.0</ns3:atemp>
            <ns3:hr>126</ns3:hr>
          </ns3:TrackPointExtension>
        </extensions>
      </trkpt>
      <trkpt lat="59.997858367860317230224609375" lon="30.38149139843881130218505859375">
        <ele>39.40000152587890625</ele>
        <time>2026-04-22T07:17:34.000Z</time>
        <extensions>
          <ns3:TrackPointExtension>
            <ns3:atemp>20.0</ns3:atemp>
            <ns3:hr>125</ns3:hr>
          </ns3:TrackPointExtension>
        </extensions>
      </trkpt>
      <trkpt lat="59.99774764291942119598388671875" lon="30.381388552486896514892578125">
        <ele>38.799999237060546875</ele>
        <time>2026-04-22T07:17:37.000Z</time>
        <extensions>
          <ns3:TrackPointExtension>
            <ns3:atemp>20.0</ns3:atemp>
            <ns3:hr>121</ns3:hr>
          </ns3:TrackPointExtension>
        </extensions>
      </trkpt>
      <trkpt lat="59.99766818247735500335693359375" lon="30.3813126124441623687744140625">
        <ele>38.59999847412109375</ele>
        <time>2026-04-22T07:17:39.000Z</time>
        <extensions>
          <ns3:TrackPointExtension>
            <ns3:atemp>20.0</ns3:atemp>
            <ns3:hr>122</ns3:hr>
          </ns3:TrackPointExtension>
        </extensions>
      </trkpt>
      <trkpt lat="59.9976218305528163909912109375" lon="30.38128386251628398895263671875">
        <ele>38.40000152587890625</ele>
        <time>2026-04-22T07:17:40.000Z</time>
        <extensions>
          <ns3:TrackPointExtension>
            <ns3:atemp>20.0</ns3:atemp>
            <ns3:hr>122</ns3:hr>
          </ns3:TrackPointExtension>
        </extensions>
      </trkpt>
      <trkpt lat="59.99747305177152156829833984375" lon="30.381136424839496612548828125">
        <ele>38.200000762939453125</ele>
        <time>2026-04-22T07:17:44.000Z</time>
        <extensions>
          <ns3:TrackPointExtension>
            <ns3:atemp>20.0</ns3:atemp>
            <ns3:hr>120</ns3:hr>
          </ns3:TrackPointExtension>
        </extensions>
      </trkpt>
      <trkpt lat="59.99743290245532989501953125" lon="30.3811030648648738861083984375">
        <ele>38.200000762939453125</ele>
        <time>2026-04-22T07:17:45.000Z</time>
        <extensions>
          <ns3:TrackPointExtension>
            <ns3:atemp>20.0</ns3:atemp>
            <ns3:hr>120</ns3:hr>
          </ns3:TrackPointExtension>
        </extensions>
      </trkpt>
      <trkpt lat="59.997387640178203582763671875" lon="30.38108169101178646087646484375">
        <ele>38</ele>
        <time>2026-04-22T07:17:46.000Z</time>
        <extensions>
          <ns3:TrackPointExtension>
            <ns3:atemp>20.0</ns3:atemp>
            <ns3:hr>121</ns3:hr>
          </ns3:TrackPointExtension>
        </extensions>
      </trkpt>
      <trkpt lat="59.99727473594248294830322265625" lon="30.380987226963043212890625">
        <ele>38</ele>
        <time>2026-04-22T07:17:49.000Z</time>
        <extensions>
          <ns3:TrackPointExtension>
            <ns3:atemp>20.0</ns3:atemp>
            <ns3:hr>122</ns3:hr>
          </ns3:TrackPointExtension>
        </extensions>
      </trkpt>
      <trkpt lat="59.997242130339145660400390625" lon="30.38094808347523212432861328125">
        <ele>38.200000762939453125</ele>
        <time>2026-04-22T07:17:50.000Z</time>
        <extensions>
          <ns3:TrackPointExtension>
            <ns3:atemp>20.0</ns3:atemp>
            <ns3:hr>122</ns3:hr>
          </ns3:TrackPointExtension>
        </extensions>
      </trkpt>
      <trkpt lat="59.99701917171478271484375" lon="30.38077206350862979888916015625">
        <ele>38.59999847412109375</ele>
        <time>2026-04-22T07:17:56.000Z</time>
        <extensions>
          <ns3:TrackPointExtension>
            <ns3:atemp>20.0</ns3:atemp>
            <ns3:hr>125</ns3:hr>
          </ns3:TrackPointExtension>
        </extensions>
      </trkpt>
      <trkpt lat="59.9969086982309818267822265625" lon="30.38065102882683277130126953125">
        <ele>38.59999847412109375</ele>
        <time>2026-04-22T07:17:59.000Z</time>
        <extensions>
          <ns3:TrackPointExtension>
            <ns3:atemp>20.0</ns3:atemp>
            <ns3:hr>128</ns3:hr>
          </ns3:TrackPointExtension>
        </extensions>
      </trkpt>
      <trkpt lat="59.99679856002330780029296875" lon="30.38056335411965847015380859375">
        <ele>38.40000152587890625</ele>
        <time>2026-04-22T07:18:02.000Z</time>
        <extensions>
          <ns3:TrackPointExtension>
            <ns3:atemp>20.0</ns3:atemp>
            <ns3:hr>128</ns3:hr>
          </ns3:TrackPointExtension>
        </extensions>
      </trkpt>
      <trkpt lat="59.99658130109310150146484375" lon="30.38034156896173954010009765625">
        <ele>38</ele>
        <time>2026-04-22T07:18:08.000Z</time>
        <extensions>
          <ns3:TrackPointExtension>
            <ns3:atemp>20.0</ns3:atemp>
            <ns3:hr>125</ns3:hr>
          </ns3:TrackPointExtension>
        </extensions>
      </trkpt>
      <trkpt lat="59.99654701910912990570068359375" lon="30.3803124837577342987060546875">
        <ele>38</ele>
        <time>2026-04-22T07:18:09.000Z</time>
        <extensions>
          <ns3:TrackPointExtension>
            <ns3:atemp>20.0</ns3:atemp>
            <ns3:hr>125</ns3:hr>
          </ns3:TrackPointExtension>
        </extensions>
      </trkpt>
      <trkpt lat="59.99637820757925510406494140625" lon="30.380239896476268768310546875">
        <ele>38.799999237060546875</ele>
        <time>2026-04-22T07:18:15.000Z</time>
        <extensions>
          <ns3:TrackPointExtension>
            <ns3:atemp>20.0</ns3:atemp>
            <ns3:hr>124</ns3:hr>
          </ns3:TrackPointExtension>
        </extensions>
      </trkpt>
      <trkpt lat="59.9962793849408626556396484375" lon="30.3801565803587436676025390625">
        <ele>38.59999847412109375</ele>
        <time>2026-04-22T07:18:21.000Z</time>
        <extensions>
          <ns3:TrackPointExtension>
            <ns3:atemp>20.0</ns3:atemp>
            <ns3:hr>123</ns3:hr>
          </ns3:TrackPointExtension>
        </extensions>
      </trkpt>
      <trkpt lat="59.99624979682266712188720703125" lon="30.38012665696442127227783203125">
        <ele>38.40000152587890625</ele>
        <time>2026-04-22T07:18:23.000Z</time>
        <extensions>
          <ns3:TrackPointExtension>
            <ns3:atemp>20.0</ns3:atemp>
            <ns3:hr>120</ns3:hr>
          </ns3:TrackPointExtension>
        </extensions>
      </trkpt>
      <trkpt lat="59.9961875192821025848388671875" lon="30.38009095005691051483154296875">
        <ele>38.40000152587890625</ele>
        <time>2026-04-22T07:18:28.000Z</time>
        <extensions>
          <ns3:TrackPointExtension>
            <ns3:atemp>20.0</ns3:atemp>
            <ns3:hr>119</ns3:hr>
          </ns3:TrackPointExtension>
        </extensions>
      </trkpt>
      <trkpt lat="59.99608718790113925933837890625" lon="30.38000478409230709075927734375">
        <ele>38</ele>
        <time>2026-04-22T07:18:34.000Z</time>
        <extensions>
          <ns3:TrackPointExtension>
            <ns3:atemp>20.0</ns3:atemp>
            <ns3:hr>118</ns3:hr>
          </ns3:TrackPointExtension>
        </extensions>
      </trkpt>
      <trkpt lat="59.9959447793662548065185546875" lon="30.37980428896844387054443359375">
        <ele>37</ele>
        <time>2026-04-22T07:18:38.000Z</time>
        <extensions>
          <ns3:TrackPointExtension>
            <ns3:atemp>20.0</ns3:atemp>
            <ns3:hr>116</ns3:hr>
          </ns3:TrackPointExtension>
        </extensions>
      </trkpt>
      <trkpt lat="59.99589507468044757843017578125" lon="30.37976657040417194366455078125">
        <ele>36.799999237060546875</ele>
        <time>2026-04-22T07:18:39.000Z</time>
        <extensions>
          <ns3:TrackPointExtension>
            <ns3:atemp>20.0</ns3:atemp>
            <ns3:hr>113</ns3:hr>
          </ns3:TrackPointExtension>
        </extensions>
      </trkpt>
      <trkpt lat="59.995844364166259765625" lon="30.3797327913343906402587890625">
        <ele>36.799999237060546875</ele>
        <time>2026-04-22T07:18:40.000Z</time>
        <extensions>
          <ns3:TrackPointExtension>
            <ns3:atemp>20.0</ns3:atemp>
            <ns3:hr>110</ns3:hr>
          </ns3:TrackPointExtension>
        </extensions>
      </trkpt>
      <trkpt lat="59.99574403278529644012451171875" lon="30.37968375720083713531494140625">
        <ele>36.59999847412109375</ele>
        <time>2026-04-22T07:18:42.000Z</time>
        <extensions>
          <ns3:TrackPointExtension>
            <ns3:atemp>20.0</ns3:atemp>
            <ns3:hr>105</ns3:hr>
          </ns3:TrackPointExtension>
        </extensions>
      </trkpt>
      <trkpt lat="59.99564797617495059967041015625" lon="30.37964922375977039337158203125">
        <ele>36.40000152587890625</ele>
        <time>2026-04-22T07:18:44.000Z</time>
        <extensions>
          <ns3:TrackPointExtension>
            <ns3:atemp>20.0</ns3:atemp>
            <ns3:hr>104</ns3:hr>
          </ns3:TrackPointExtension>
        </extensions>
      </trkpt>
      <trkpt lat="59.99550280161201953887939453125" lon="30.37955987267196178436279296875">
        <ele>36</ele>
        <time>2026-04-22T07:18:47.000Z</time>
        <extensions>
          <ns3:TrackPointExtension>
            <ns3:atemp>20.0</ns3:atemp>
            <ns3:hr>107</ns3:hr>
          </ns3:TrackPointExtension>
        </extensions>
      </trkpt>
      <trkpt lat="59.995451085269451141357421875" lon="30.379517711699008941650390625">
        <ele>35.59999847412109375</ele>
        <time>2026-04-22T07:18:48.000Z</time>
        <extensions>
          <ns3:TrackPointExtension>
            <ns3:atemp>20.0</ns3:atemp>
            <ns3:hr>106</ns3:hr>
          </ns3:TrackPointExtension>
        </extensions>
      </trkpt>
      <trkpt lat="59.99530398286879062652587890625" lon="30.37938661873340606689453125">
        <ele>35.200000762939453125</ele>
        <time>2026-04-22T07:18:51.000Z</time>
        <extensions>
          <ns3:TrackPointExtension>
            <ns3:atemp>20.0</ns3:atemp>
            <ns3:hr>105</ns3:hr>
          </ns3:TrackPointExtension>
        </extensions>
      </trkpt>
      <trkpt lat="59.99512544833123683929443359375" lon="30.37919643335044384002685546875">
        <ele>35.200000762939453125</ele>
        <time>2026-04-22T07:18:55.000Z</time>
        <extensions>
          <ns3:TrackPointExtension>
            <ns3:atemp>20.0</ns3:atemp>
            <ns3:hr>109</ns3:hr>
          </ns3:TrackPointExtension>
        </extensions>
      </trkpt>
      <trkpt lat="59.99507783912122249603271484375" lon="30.3791457228362560272216796875">
        <ele>35.200000762939453125</ele>
        <time>2026-04-22T07:18:56.000Z</time>
        <extensions>
          <ns3:TrackPointExtension>
            <ns3:atemp>20.0</ns3:atemp>
            <ns3:hr>109</ns3:hr>
          </ns3:TrackPointExtension>
        </extensions>
      </trkpt>
      <trkpt lat="59.9950334988534450531005859375" lon="30.37908478640019893646240234375">
        <ele>35.200000762939453125</ele>
        <time>2026-04-22T07:18:57.000Z</time>
        <extensions>
          <ns3:TrackPointExtension>
            <ns3:atemp>20.0</ns3:atemp>
            <ns3:hr>109</ns3:hr>
          </ns3:TrackPointExtension>
        </extensions>
      </trkpt>
      <trkpt lat="59.99485940672457218170166015625" lon="30.3788959421217441558837890625">
        <ele>35.200000762939453125</ele>
        <time>2026-04-22T07:19:01.000Z</time>
        <extensions>
          <ns3:TrackPointExtension>
            <ns3:atemp>20.0</ns3:atemp>
            <ns3:hr>115</ns3:hr>
          </ns3:TrackPointExtension>
        </extensions>
      </trkpt>
      <trkpt lat="59.99482101760804653167724609375" lon="30.37884841673076152801513671875">
        <ele>35.200000762939453125</ele>
        <time>2026-04-22T07:19:02.000Z</time>
        <extensions>
          <ns3:TrackPointExtension>
            <ns3:atemp>20.0</ns3:atemp>
            <ns3:hr>118</ns3:hr>
          </ns3:TrackPointExtension>
        </extensions>
      </trkpt>
      <trkpt lat="59.9947428144514560699462890625" lon="30.3787537850439548492431640625">
        <ele>35.200000762939453125</ele>
        <time>2026-04-22T07:19:04.000Z</time>
        <extensions>
          <ns3:TrackPointExtension>
            <ns3:atemp>20.0</ns3:atemp>
            <ns3:hr>119</ns3:hr>
          </ns3:TrackPointExtension>
        </extensions>
      </trkpt>
      <trkpt lat="59.994554556906223297119140625" lon="30.37849520333111286163330078125">
        <ele>35.40000152587890625</ele>
        <time>2026-04-22T07:19:10.000Z</time>
        <extensions>
          <ns3:TrackPointExtension>
            <ns3:atemp>20.0</ns3:atemp>
            <ns3:hr>119</ns3:hr>
          </ns3:TrackPointExtension>
        </extensions>
      </trkpt>
      <trkpt lat="59.994410388171672821044921875" lon="30.378362350165843963623046875">
        <ele>34.799999237060546875</ele>
        <time>2026-04-22T07:19:15.000Z</time>
        <extensions>
          <ns3:TrackPointExtension>
            <ns3:atemp>19.0</ns3:atemp>
            <ns3:hr>120</ns3:hr>
          </ns3:TrackPointExtension>
        </extensions>
      </trkpt>
      <trkpt lat="59.9942891858518123626708984375" lon="30.37823670543730258941650390625">
        <ele>35.200000762939453125</ele>
        <time>2026-04-22T07:19:20.000Z</time>
        <extensions>
          <ns3:TrackPointExtension>
            <ns3:atemp>19.0</ns3:atemp>
            <ns3:hr>117</ns3:hr>
          </ns3:TrackPointExtension>
        </extensions>
      </trkpt>
      <trkpt lat="59.99427854083478450775146484375" lon="30.37822312675416469573974609375">
        <ele>35.40000152587890625</ele>
        <time>2026-04-22T07:19:21.000Z</time>
        <extensions>
          <ns3:TrackPointExtension>
            <ns3:atemp>19.0</ns3:atemp>
            <ns3:hr>118</ns3:hr>
          </ns3:TrackPointExtension>
        </extensions>
      </trkpt>
      <trkpt lat="59.99423596076667308807373046875" lon="30.378261096775531768798828125">
        <ele>35.799999237060546875</ele>
        <time>2026-04-22T07:19:24.000Z</time>
        <extensions>
          <ns3:TrackPointExtension>
            <ns3:atemp>19.0</ns3:atemp>
            <ns3:hr>116</ns3:hr>
          </ns3:TrackPointExtension>
        </extensions>
      </trkpt>
      <trkpt lat="59.9942103959619998931884765625" lon="30.378265790641307830810546875">
        <ele>36</ele>
        <time>2026-04-22T07:19:25.000Z</time>
        <extensions>
          <ns3:TrackPointExtension>
            <ns3:atemp>19.0</ns3:atemp>
            <ns3:hr>116</ns3:hr>
          </ns3:TrackPointExtension>
        </extensions>
      </trkpt>
      <trkpt lat="59.99411224387586116790771484375" lon="30.37825749255716800689697265625">
        <ele>35.200000762939453125</ele>
        <time>2026-04-22T07:19:27.000Z</time>
        <extensions>
          <ns3:TrackPointExtension>
            <ns3:atemp>19.0</ns3:atemp>
            <ns3:hr>115</ns3:hr>
          </ns3:TrackPointExtension>
        </extensions>
      </trkpt>
      <trkpt lat="59.99400797300040721893310546875" lon="30.37820032797753810882568359375">
        <ele>34.40000152587890625</ele>
        <time>2026-04-22T07:19:29.000Z</time>
        <extensions>
          <ns3:TrackPointExtension>
            <ns3:atemp>19.0</ns3:atemp>
            <ns3:hr>114</ns3:hr>
          </ns3:TrackPointExtension>
        </extensions>
      </trkpt>
      <trkpt lat="59.9937822483479976654052734375" lon="30.37798927165567874908447265625">
        <ele>34.40000152587890625</ele>
        <time>2026-04-22T07:19:34.000Z</time>
        <extensions>
          <ns3:TrackPointExtension>
            <ns3:atemp>19.0</ns3:atemp>
            <ns3:hr>110</ns3:hr>
          </ns3:TrackPointExtension>
        </extensions>
      </trkpt>
      <trkpt lat="59.9936999380588531494140625" lon="30.37791517563164234161376953125">
        <ele>35</ele>
        <time>2026-04-22T07:19:36.000Z</time>
        <extensions>
          <ns3:TrackPointExtension>
            <ns3:atemp>19.0</ns3:atemp>
            <ns3:hr>110</ns3:hr>
          </ns3:TrackPointExtension>
        </extensions>
      </trkpt>
      <trkpt lat="59.99358594417572021484375" lon="30.3778069652616977691650390625">
        <ele>35.200000762939453125</ele>
        <time>2026-04-22T07:19:39.000Z</time>
        <extensions>
          <ns3:TrackPointExtension>
            <ns3:atemp>19.0</ns3:atemp>
            <ns3:hr>113</ns3:hr>
          </ns3:TrackPointExtension>
        </extensions>
      </trkpt>
      <trkpt lat="59.9934070743620395660400390625" lon="30.37763739936053752899169921875">
        <ele>34.59999847412109375</ele>
        <time>2026-04-22T07:19:43.000Z</time>
        <extensions>
          <ns3:TrackPointExtension>
            <ns3:atemp>19.0</ns3:atemp>
            <ns3:hr>115</ns3:hr>
          </ns3:TrackPointExtension>
        </extensions>
      </trkpt>
      <trkpt lat="59.9932015500962734222412109375" lon="30.37742097862064838409423828125">
        <ele>35.200000762939453125</ele>
        <time>2026-04-22T07:19:48.000Z</time>
        <extensions>
          <ns3:TrackPointExtension>
            <ns3:atemp>19.0</ns3:atemp>
            <ns3:hr>111</ns3:hr>
          </ns3:TrackPointExtension>
        </extensions>
      </trkpt>
      <trkpt lat="59.9931220896542072296142578125" lon="30.37732626311480998992919921875">
        <ele>35.59999847412109375</ele>
        <time>2026-04-22T07:19:50.000Z</time>
        <extensions>
          <ns3:TrackPointExtension>
            <ns3:atemp>19.0</ns3:atemp>
            <ns3:hr>110</ns3:hr>
          </ns3:TrackPointExtension>
        </extensions>
      </trkpt>
      <trkpt lat="59.99288161285221576690673828125" lon="30.3770874626934528350830078125">
        <ele>36.799999237060546875</ele>
        <time>2026-04-22T07:19:56.000Z</time>
        <extensions>
          <ns3:TrackPointExtension>
            <ns3:atemp>19.0</ns3:atemp>
            <ns3:hr>109</ns3:hr>
          </ns3:TrackPointExtension>
        </extensions>
      </trkpt>
      <trkpt lat="59.99275387264788150787353515625" lon="30.3769707866013050079345703125">
        <ele>37.40000152587890625</ele>
        <time>2026-04-22T07:19:59.000Z</time>
        <extensions>
          <ns3:TrackPointExtension>
            <ns3:atemp>19.0</ns3:atemp>
            <ns3:hr>109</ns3:hr>
          </ns3:TrackPointExtension>
        </extensions>
      </trkpt>
      <trkpt lat="59.99271355569362640380859375" lon="30.37693114019930362701416015625">
        <ele>38</ele>
        <time>2026-04-22T07:20:00.000Z</time>
        <extensions>
          <ns3:TrackPointExtension>
            <ns3:atemp>19.0</ns3:atemp>
            <ns3:hr>110</ns3:hr>
          </ns3:TrackPointExtension>
        </extensions>
      </trkpt>
      <trkpt lat="59.99263451434671878814697265625" lon="30.3768524341285228729248046875">
        <ele>38.40000152587890625</ele>
        <time>2026-04-22T07:20:02.000Z</time>
        <extensions>
          <ns3:TrackPointExtension>
            <ns3:atemp>19.0</ns3:atemp>
            <ns3:hr>111</ns3:hr>
          </ns3:TrackPointExtension>
        </extensions>
      </trkpt>
      <trkpt lat="59.9924703128635883331298828125" lon="30.37668873555958271026611328125">
        <ele>38.59999847412109375</ele>
        <time>2026-04-22T07:20:06.000Z</time>
        <extensions>
          <ns3:TrackPointExtension>
            <ns3:atemp>19.0</ns3:atemp>
            <ns3:hr>112</ns3:hr>
          </ns3:TrackPointExtension>
        </extensions>
      </trkpt>
      <trkpt lat="59.99216294847428798675537109375" lon="30.376373492181301116943359375">
        <ele>38.40000152587890625</ele>
        <time>2026-04-22T07:20:13.000Z</time>
        <extensions>
          <ns3:TrackPointExtension>
            <ns3:atemp>19.0</ns3:atemp>
            <ns3:hr>114</ns3:hr>
          </ns3:TrackPointExtension>
        </extensions>
      </trkpt>
      <trkpt lat="59.99186840839684009552001953125" lon="30.376065708696842193603515625">
        <ele>38.40000152587890625</ele>
        <time>2026-04-22T07:20:20.000Z</time>
        <extensions>
          <ns3:TrackPointExtension>
            <ns3:atemp>19.0</ns3:atemp>
            <ns3:hr>115</ns3:hr>
          </ns3:TrackPointExtension>
        </extensions>
      </trkpt>
      <trkpt lat="59.99163933098316192626953125" lon="30.37581701762974262237548828125">
        <ele>38.40000152587890625</ele>
        <time>2026-04-22T07:20:26.000Z</time>
        <extensions>
          <ns3:TrackPointExtension>
            <ns3:atemp>19.0</ns3:atemp>
            <ns3:hr>118</ns3:hr>
          </ns3:TrackPointExtension>
        </extensions>
      </trkpt>
      <trkpt lat="59.99160178005695343017578125" lon="30.37577795796096324920654296875">
        <ele>38.200000762939453125</ele>
        <time>2026-04-22T07:20:27.000Z</time>
        <extensions>
          <ns3:TrackPointExtension>
            <ns3:atemp>19.0</ns3:atemp>
            <ns3:hr>117</ns3:hr>
          </ns3:TrackPointExtension>
        </extensions>
      </trkpt>
      <trkpt lat="59.99129776842892169952392578125" lon="30.375491715967655181884765625">
        <ele>37.200000762939453125</ele>
        <time>2026-04-22T07:20:34.000Z</time>
        <extensions>
          <ns3:TrackPointExtension>
            <ns3:atemp>19.0</ns3:atemp>
            <ns3:hr>114</ns3:hr>
          </ns3:TrackPointExtension>
        </extensions>
      </trkpt>
      <trkpt lat="59.99121227301657199859619140625" lon="30.37541233934462070465087890625">
        <ele>37</ele>
        <time>2026-04-22T07:20:36.000Z</time>
        <extensions>
          <ns3:TrackPointExtension>
            <ns3:atemp>18.0</ns3:atemp>
            <ns3:hr>115</ns3:hr>
          </ns3:TrackPointExtension>
        </extensions>
      </trkpt>
      <trkpt lat="59.99113775789737701416015625" lon="30.375342853367328643798828125">
        <ele>37</ele>
        <time>2026-04-22T07:20:38.000Z</time>
        <extensions>
          <ns3:TrackPointExtension>
            <ns3:atemp>18.0</ns3:atemp>
            <ns3:hr>117</ns3:hr>
          </ns3:TrackPointExtension>
        </extensions>
      </trkpt>
      <trkpt lat="59.991105236113071441650390625" lon="30.3753047995269298553466796875">
        <ele>37</ele>
        <time>2026-04-22T07:20:39.000Z</time>
        <extensions>
          <ns3:TrackPointExtension>
            <ns3:atemp>18.0</ns3:atemp>
            <ns3:hr>120</ns3:hr>
          </ns3:TrackPointExtension>
        </extensions>
      </trkpt>
      <trkpt lat="59.9909909069538116455078125" lon="30.375183932483196258544921875">
        <ele>36.59999847412109375</ele>
        <time>2026-04-22T07:20:42.000Z</time>
        <extensions>
          <ns3:TrackPointExtension>
            <ns3:atemp>18.0</ns3:atemp>
            <ns3:hr>117</ns3:hr>
          </ns3:TrackPointExtension>
        </extensions>
      </trkpt>
      <trkpt lat="59.99090599827468395233154296875" lon="30.37507069297134876251220703125">
        <ele>35.40000152587890625</ele>
        <time>2026-04-22T07:20:44.000Z</time>
        <extensions>
          <ns3:TrackPointExtension>
            <ns3:atemp>18.0</ns3:atemp>
            <ns3:hr>118</ns3:hr>
          </ns3:TrackPointExtension>
        </extensions>
      </trkpt>
      <trkpt lat="59.99071665108203887939453125" lon="30.374849326908588409423828125">
        <ele>33.799999237060546875</ele>
        <time>2026-04-22T07:20:48.000Z</time>
        <extensions>
          <ns3:TrackPointExtension>
            <ns3:atemp>18.0</ns3:atemp>
            <ns3:hr>118</ns3:hr>
          </ns3:TrackPointExtension>
        </extensions>
      </trkpt>
      <trkpt lat="59.99043828807771205902099609375" lon="30.3743874840438365936279296875">
        <ele>33.200000762939453125</ele>
        <time>2026-04-22T07:20:54.000Z</time>
        <extensions>
          <ns3:TrackPointExtension>
            <ns3:atemp>18.0</ns3:atemp>
            <ns3:hr>112</ns3:hr>
          </ns3:TrackPointExtension>
        </extensions>
      </trkpt>
      <trkpt lat="59.9903520382940769195556640625" lon="30.3742201812565326690673828125">
        <ele>32.59999847412109375</ele>
        <time>2026-04-22T07:20:56.000Z</time>
        <extensions>
          <ns3:TrackPointExtension>
            <ns3:atemp>18.0</ns3:atemp>
            <ns3:hr>111</ns3:hr>
          </ns3:TrackPointExtension>
        </extensions>
      </trkpt>
      <trkpt lat="59.99016922898590564727783203125" lon="30.37387224845588207244873046875">
        <ele>31.3999996185302734375</ele>
        <time>2026-04-22T07:21:00.000Z</time>
        <extensions>
          <ns3:TrackPointExtension>
            <ns3:atemp>18.0</ns3:atemp>
            <ns3:hr>112</ns3:hr>
          </ns3:TrackPointExtension>
        </extensions>
      </trkpt>
      <trkpt lat="59.99002933502197265625" lon="30.37349221296608448028564453125">
        <ele>30.200000762939453125</ele>
        <time>2026-04-22T07:21:04.000Z</time>
        <extensions>
          <ns3:TrackPointExtension>
            <ns3:atemp>18.0</ns3:atemp>
            <ns3:hr>113</ns3:hr>
          </ns3:TrackPointExtension>
        </extensions>
      </trkpt>
      <trkpt lat="59.98992799781262874603271484375" lon="30.3732369840145111083984375">
        <ele>30.200000762939453125</ele>
        <time>2026-04-22T07:21:07.000Z</time>
        <extensions>
          <ns3:TrackPointExtension>
            <ns3:atemp>18.0</ns3:atemp>
            <ns3:hr>113</ns3:hr>
          </ns3:TrackPointExtension>
        </extensions>
      </trkpt>
      <trkpt lat="59.98990419320762157440185546875" lon="30.3731516562402248382568359375">
        <ele>30</ele>
        <time>2026-04-22T07:21:08.000Z</time>
        <extensions>
          <ns3:TrackPointExtension>
            <ns3:atemp>18.0</ns3:atemp>
            <ns3:hr>112</ns3:hr>
          </ns3:TrackPointExtension>
        </extensions>
      </trkpt>
      <trkpt lat="59.9898873455822467803955078125" lon="30.372979156672954559326171875">
        <ele>30.3999996185302734375</ele>
        <time>2026-04-22T07:21:10.000Z</time>
        <extensions>
          <ns3:TrackPointExtension>
            <ns3:atemp>18.0</ns3:atemp>
            <ns3:hr>112</ns3:hr>
          </ns3:TrackPointExtension>
        </extensions>
      </trkpt>
      <trkpt lat="59.989907629787921905517578125" lon="30.37290648557245731353759765625">
        <ele>30.6000003814697265625</ele>
        <time>2026-04-22T07:21:11.000Z</time>
        <extensions>
          <ns3:TrackPointExtension>
            <ns3:atemp>18.0</ns3:atemp>
            <ns3:hr>113</ns3:hr>
          </ns3:TrackPointExtension>
        </extensions>
      </trkpt>
      <trkpt lat="59.98996219597756862640380859375" lon="30.37277891300618648529052734375">
        <ele>31.3999996185302734375</ele>
        <time>2026-04-22T07:21:14.000Z</time>
        <extensions>
          <ns3:TrackPointExtension>
            <ns3:atemp>18.0</ns3:atemp>
            <ns3:hr>110</ns3:hr>
          </ns3:TrackPointExtension>
        </extensions>
      </trkpt>
      <trkpt lat="59.98994811438024044036865234375" lon="30.372732393443584442138671875">
        <ele>31.200000762939453125</ele>
        <time>2026-04-22T07:21:16.000Z</time>
        <extensions>
          <ns3:TrackPointExtension>
            <ns3:atemp>18.0</ns3:atemp>
            <ns3:hr>113</ns3:hr>
          </ns3:TrackPointExtension>
        </extensions>
      </trkpt>
      <trkpt lat="59.98992414213716983795166015625" lon="30.37267732433974742889404296875">
        <ele>31.3999996185302734375</ele>
        <time>2026-04-22T07:21:18.000Z</time>
        <extensions>
          <ns3:TrackPointExtension>
            <ns3:atemp>18.0</ns3:atemp>
            <ns3:hr>113</ns3:hr>
          </ns3:TrackPointExtension>
        </extensions>
      </trkpt>
      <trkpt lat="59.98986680991947650909423828125" lon="30.3725847043097019195556640625">
        <ele>30.799999237060546875</ele>
        <time>2026-04-22T07:21:21.000Z</time>
        <extensions>
          <ns3:TrackPointExtension>
            <ns3:atemp>18.0</ns3:atemp>
            <ns3:hr>110</ns3:hr>
          </ns3:TrackPointExtension>
        </extensions>
      </trkpt>
      <trkpt lat="59.9898524768650531768798828125" lon="30.3725313954055309295654296875">
        <ele>30.6000003814697265625</ele>
        <time>2026-04-22T07:21:22.000Z</time>
        <extensions>
          <ns3:TrackPointExtension>
            <ns3:atemp>18.0</ns3:atemp>
            <ns3:hr>109</ns3:hr>
          </ns3:TrackPointExtension>
        </extensions>
      </trkpt>
      <trkpt lat="59.98983629979193210601806640625" lon="30.3724727220833301544189453125">
        <ele>30.200000762939453125</ele>
        <time>2026-04-22T07:21:23.000Z</time>
        <extensions>
          <ns3:TrackPointExtension>
            <ns3:atemp>18.0</ns3:atemp>
            <ns3:hr>109</ns3:hr>
          </ns3:TrackPointExtension>
        </extensions>
      </trkpt>
      <trkpt lat="59.98973420821130275726318359375" lon="30.3721089474856853485107421875">
        <ele>29.799999237060546875</ele>
        <time>2026-04-22T07:21:28.000Z</time>
        <extensions>
          <ns3:TrackPointExtension>
            <ns3:atemp>18.0</ns3:atemp>
            <ns3:hr>109</ns3:hr>
          </ns3:TrackPointExtension>
        </extensions>
      </trkpt>
      <trkpt lat="59.9896788038313388824462890625" lon="30.37194692529737949371337890625">
        <ele>29.799999237060546875</ele>
        <time>2026-04-22T07:21:30.000Z</time>
        <extensions>
          <ns3:TrackPointExtension>
            <ns3:atemp>18.0</ns3:atemp>
            <ns3:hr>115</ns3:hr>
          </ns3:TrackPointExtension>
        </extensions>
      </trkpt>
      <trkpt lat="59.98965273611247539520263671875" lon="30.37186763249337673187255859375">
        <ele>30</ele>
        <time>2026-04-22T07:21:31.000Z</time>
        <extensions>
          <ns3:TrackPointExtension>
            <ns3:atemp>18.0</ns3:atemp>
            <ns3:hr>115</ns3:hr>
          </ns3:TrackPointExtension>
        </extensions>
      </trkpt>
      <trkpt lat="59.98962557874619960784912109375" lon="30.37178456783294677734375">
        <ele>30</ele>
        <time>2026-04-22T07:21:32.000Z</time>
        <extensions>
          <ns3:TrackPointExtension>
            <ns3:atemp>18.0</ns3:atemp>
            <ns3:hr>112</ns3:hr>
          </ns3:TrackPointExtension>
        </extensions>
      </trkpt>
      <trkpt lat="59.9896107427775859832763671875" lon="30.371703766286373138427734375">
        <ele>30</ele>
        <time>2026-04-22T07:21:33.000Z</time>
        <extensions>
          <ns3:TrackPointExtension>
            <ns3:atemp>18.0</ns3:atemp>
            <ns3:hr>115</ns3:hr>
          </ns3:TrackPointExtension>
        </extensions>
      </trkpt>
      <trkpt lat="59.98955550603568553924560546875" lon="30.371530763804912567138671875">
        <ele>30.200000762939453125</ele>
        <time>2026-04-22T07:21:35.000Z</time>
        <extensions>
          <ns3:TrackPointExtension>
            <ns3:atemp>18.0</ns3:atemp>
            <ns3:hr>112</ns3:hr>
          </ns3:TrackPointExtension>
        </extensions>
      </trkpt>
      <trkpt lat="59.98934268951416015625" lon="30.37099063396453857421875">
        <ele>29</ele>
        <time>2026-04-22T07:21:42.000Z</time>
        <extensions>
          <ns3:TrackPointExtension>
            <ns3:atemp>18.0</ns3:atemp>
            <ns3:hr>113</ns3:hr>
          </ns3:TrackPointExtension>
        </extensions>
      </trkpt>
      <trkpt lat="59.98924504034221172332763671875" lon="30.37064806558191776275634765625">
        <ele>29.6000003814697265625</ele>
        <time>2026-04-22T07:21:47.000Z</time>
        <extensions>
          <ns3:TrackPointExtension>
            <ns3:atemp>17.0</ns3:atemp>
            <ns3:hr>112</ns3:hr>
          </ns3:TrackPointExtension>
        </extensions>
      </trkpt>
      <trkpt lat="59.9891963414847850799560546875" lon="30.3704939223825931549072265625">
        <ele>30</ele>
        <time>2026-04-22T07:21:49.000Z</time>
        <extensions>
          <ns3:TrackPointExtension>
            <ns3:atemp>17.0</ns3:atemp>
            <ns3:hr>111</ns3:hr>
          </ns3:TrackPointExtension>
        </extensions>
      </trkpt>
      <trkpt lat="59.98909668065607547760009765625" lon="30.37019259296357631683349609375">
        <ele>29</ele>
        <time>2026-04-22T07:21:53.000Z</time>
        <extensions>
          <ns3:TrackPointExtension>
            <ns3:atemp>17.0</ns3:atemp>
            <ns3:hr>110</ns3:hr>
          </ns3:TrackPointExtension>
        </extensions>
      </trkpt>
      <trkpt lat="59.9890706129372119903564453125" lon="30.37011967040598392486572265625">
        <ele>28.799999237060546875</ele>
        <time>2026-04-22T07:21:54.000Z</time>
        <extensions>
          <ns3:TrackPointExtension>
            <ns3:atemp>17.0</ns3:atemp>
            <ns3:hr>110</ns3:hr>
          </ns3:TrackPointExtension>
        </extensions>
      </trkpt>
      <trkpt lat="59.9889738857746124267578125" lon="30.369806773960590362548828125">
        <ele>28.3999996185302734375</ele>
        <time>2026-04-22T07:21:58.000Z</time>
        <extensions>
          <ns3:TrackPointExtension>
            <ns3:atemp>17.0</ns3:atemp>
            <ns3:hr>113</ns3:hr>
          </ns3:TrackPointExtension>
        </extensions>
      </trkpt>
      <trkpt lat="59.98890037648379802703857421875" lon="30.36955523304641246795654296875">
        <ele>28.3999996185302734375</ele>
        <time>2026-04-22T07:22:01.000Z</time>
        <extensions>
          <ns3:TrackPointExtension>
            <ns3:atemp>17.0</ns3:atemp>
            <ns3:hr>115</ns3:hr>
          </ns3:TrackPointExtension>
        </extensions>
      </trkpt>
      <trkpt lat="59.98876173980534076690673828125" lon="30.36917335353791713714599609375">
        <ele>28.200000762939453125</ele>
        <time>2026-04-22T07:22:06.000Z</time>
        <extensions>
          <ns3:TrackPointExtension>
            <ns3:atemp>17.0</ns3:atemp>
            <ns3:hr>118</ns3:hr>
          </ns3:TrackPointExtension>
        </extensions>
      </trkpt>
      <trkpt lat="59.98866903595626354217529296875" lon="30.36895282566547393798828125">
        <ele>28.3999996185302734375</ele>
        <time>2026-04-22T07:22:09.000Z</time>
        <extensions>
          <ns3:TrackPointExtension>
            <ns3:atemp>17.0</ns3:atemp>
            <ns3:hr>117</ns3:hr>
          </ns3:TrackPointExtension>
        </extensions>
      </trkpt>
      <trkpt lat="59.9885796010494232177734375" lon="30.36873229779303073883056640625">
        <ele>28</ele>
        <time>2026-04-22T07:22:12.000Z</time>
        <extensions>
          <ns3:TrackPointExtension>
            <ns3:atemp>17.0</ns3:atemp>
            <ns3:hr>114</ns3:hr>
          </ns3:TrackPointExtension>
        </extensions>
      </trkpt>
      <trkpt lat="59.98855504207313060760498046875" lon="30.3686395101249217987060546875">
        <ele>28</ele>
        <time>2026-04-22T07:22:13.000Z</time>
        <extensions>
          <ns3:TrackPointExtension>
            <ns3:atemp>17.0</ns3:atemp>
            <ns3:hr>115</ns3:hr>
          </ns3:TrackPointExtension>
        </extensions>
      </trkpt>
      <trkpt lat="59.98850525356829166412353515625" lon="30.3684024699032306671142578125">
        <ele>28</ele>
        <time>2026-04-22T07:22:16.000Z</time>
        <extensions>
          <ns3:TrackPointExtension>
            <ns3:atemp>17.0</ns3:atemp>
            <ns3:hr>115</ns3:hr>
          </ns3:TrackPointExtension>
        </extensions>
      </trkpt>
      <trkpt lat="59.98835907317698001861572265625" lon="30.3678673692047595977783203125">
        <ele>27.200000762939453125</ele>
        <time>2026-04-22T07:22:23.000Z</time>
        <extensions>
          <ns3:TrackPointExtension>
            <ns3:atemp>17.0</ns3:atemp>
            <ns3:hr>117</ns3:hr>
          </ns3:TrackPointExtension>
        </extensions>
      </trkpt>
      <trkpt lat="59.988337866961956024169921875" lon="30.3677989728748798370361328125">
        <ele>26.6000003814697265625</ele>
        <time>2026-04-22T07:22:24.000Z</time>
        <extensions>
          <ns3:TrackPointExtension>
            <ns3:atemp>17.0</ns3:atemp>
            <ns3:hr>116</ns3:hr>
          </ns3:TrackPointExtension>
        </extensions>
      </trkpt>
      <trkpt lat="59.98831498436629772186279296875" lon="30.36773099564015865325927734375">
        <ele>26.3999996185302734375</ele>
        <time>2026-04-22T07:22:25.000Z</time>
        <extensions>
          <ns3:TrackPointExtension>
            <ns3:atemp>17.0</ns3:atemp>
            <ns3:hr>117</ns3:hr>
          </ns3:TrackPointExtension>
        </extensions>
      </trkpt>
      <trkpt lat="59.9882471747696399688720703125" lon="30.36753837950527667999267578125">
        <ele>25.799999237060546875</ele>
        <time>2026-04-22T07:22:28.000Z</time>
        <extensions>
          <ns3:TrackPointExtension>
            <ns3:atemp>17.0</ns3:atemp>
            <ns3:hr>114</ns3:hr>
          </ns3:TrackPointExtension>
        </extensions>
      </trkpt>
      <trkpt lat="59.98819478787481784820556640625" lon="30.3673852421343326568603515625">
        <ele>26.3999996185302734375</ele>
        <time>2026-04-22T07:22:30.000Z</time>
        <extensions>
          <ns3:TrackPointExtension>
            <ns3:atemp>17.0</ns3:atemp>
            <ns3:hr>112</ns3:hr>
          </ns3:TrackPointExtension>
        </extensions>
      </trkpt>
      <trkpt lat="59.988082386553287506103515625" lon="30.3670777939260005950927734375">
        <ele>26.799999237060546875</ele>
        <time>2026-04-22T07:22:34.000Z</time>
        <extensions>
          <ns3:TrackPointExtension>
            <ns3:atemp>17.0</ns3:atemp>
            <ns3:hr>115</ns3:hr>
          </ns3:TrackPointExtension>
        </extensions>
      </trkpt>
      <trkpt lat="59.98800359666347503662109375" lon="30.36686598323285579681396484375">
        <ele>26</ele>
        <time>2026-04-22T07:22:37.000Z</time>
        <extensions>
          <ns3:TrackPointExtension>
            <ns3:atemp>17.0</ns3:atemp>
            <ns3:hr>116</ns3:hr>
          </ns3:TrackPointExtension>
        </extensions>
      </trkpt>
      <trkpt lat="59.98780268244445323944091796875" lon="30.3664699383080005645751953125">
        <ele>26.799999237060546875</ele>
        <time>2026-04-22T07:22:43.000Z</time>
        <extensions>
          <ns3:TrackPointExtension>
            <ns3:atemp>17.0</ns3:atemp>
            <ns3:hr>113</ns3:hr>
          </ns3:TrackPointExtension>
        </extensions>
      </trkpt>
      <trkpt lat="59.98764174990355968475341796875" lon="30.36613239906728267669677734375">
        <ele>26.799999237060546875</ele>
        <time>2026-04-22T07:22:48.000Z</time>
        <extensions>
          <ns3:TrackPointExtension>
            <ns3:atemp>17.0</ns3:atemp>
            <ns3:hr>116</ns3:hr>
          </ns3:TrackPointExtension>
        </extensions>
      </trkpt>
      <trkpt lat="59.987560026347637176513671875" lon="30.3660015575587749481201171875">
        <ele>26.6000003814697265625</ele>
        <time>2026-04-22T07:22:50.000Z</time>
        <extensions>
          <ns3:TrackPointExtension>
            <ns3:atemp>17.0</ns3:atemp>
            <ns3:hr>114</ns3:hr>
          </ns3:TrackPointExtension>
        </extensions>
      </trkpt>
      <trkpt lat="59.98737998306751251220703125" lon="30.36565932445228099822998046875">
        <ele>26.6000003814697265625</ele>
        <time>2026-04-22T07:22:54.000Z</time>
        <extensions>
          <ns3:TrackPointExtension>
            <ns3:atemp>17.0</ns3:atemp>
            <ns3:hr>117</ns3:hr>
          </ns3:TrackPointExtension>
        </extensions>
      </trkpt>
      <trkpt lat="59.987332038581371307373046875" lon="30.36557131446897983551025390625">
        <ele>26</ele>
        <time>2026-04-22T07:22:55.000Z</time>
        <extensions>
          <ns3:TrackPointExtension>
            <ns3:atemp>17.0</ns3:atemp>
            <ns3:hr>117</ns3:hr>
          </ns3:TrackPointExtension>
        </extensions>
      </trkpt>
      <trkpt lat="59.98722977936267852783203125" lon="30.36542228423058986663818359375">
        <ele>25.3999996185302734375</ele>
        <time>2026-04-22T07:22:57.000Z</time>
        <extensions>
          <ns3:TrackPointExtension>
            <ns3:atemp>17.0</ns3:atemp>
            <ns3:hr>115</ns3:hr>
          </ns3:TrackPointExtension>
        </extensions>
      </trkpt>
      <trkpt lat="59.98712777160108089447021484375" lon="30.3652890957891941070556640625">
        <ele>25</ele>
        <time>2026-04-22T07:22:59.000Z</time>
        <extensions>
          <ns3:TrackPointExtension>
            <ns3:atemp>17.0</ns3:atemp>
            <ns3:hr>112</ns3:hr>
          </ns3:TrackPointExtension>
        </extensions>
      </trkpt>
      <trkpt lat="59.987076222896575927734375" lon="30.3652324341237545013427734375">
        <ele>25</ele>
        <time>2026-04-22T07:23:00.000Z</time>
        <extensions>
          <ns3:TrackPointExtension>
            <ns3:atemp>17.0</ns3:atemp>
            <ns3:hr>115</ns3:hr>
          </ns3:TrackPointExtension>
        </extensions>
      </trkpt>
      <trkpt lat="59.987021572887897491455078125" lon="30.36519236862659454345703125">
        <ele>24.799999237060546875</ele>
        <time>2026-04-22T07:23:01.000Z</time>
        <extensions>
          <ns3:TrackPointExtension>
            <ns3:atemp>17.0</ns3:atemp>
            <ns3:hr>113</ns3:hr>
          </ns3:TrackPointExtension>
        </extensions>
      </trkpt>
      <trkpt lat="59.98668906278908252716064453125" lon="30.3650302626192569732666015625">
        <ele>25</ele>
        <time>2026-04-22T07:23:07.000Z</time>
        <extensions>
          <ns3:TrackPointExtension>
            <ns3:atemp>17.0</ns3:atemp>
            <ns3:hr>111</ns3:hr>
          </ns3:TrackPointExtension>
        </extensions>
      </trkpt>
      <trkpt lat="59.98648538254201412200927734375" lon="30.3648612834513187408447265625">
        <ele>24.3999996185302734375</ele>
        <time>2026-04-22T07:23:11.000Z</time>
        <extensions>
          <ns3:TrackPointExtension>
            <ns3:atemp>17.0</ns3:atemp>
            <ns3:hr>108</ns3:hr>
          </ns3:TrackPointExtension>
        </extensions>
      </trkpt>
      <trkpt lat="59.98643140308558940887451171875" lon="30.3648257441818714141845703125">
        <ele>24.3999996185302734375</ele>
        <time>2026-04-22T07:23:12.000Z</time>
        <extensions>
          <ns3:TrackPointExtension>
            <ns3:atemp>17.0</ns3:atemp>
            <ns3:hr>110</ns3:hr>
          </ns3:TrackPointExtension>
        </extensions>
      </trkpt>
      <trkpt lat="59.986376501619815826416015625" lon="30.364789701998233795166015625">
        <ele>24.3999996185302734375</ele>
        <time>2026-04-22T07:23:13.000Z</time>
        <extensions>
          <ns3:TrackPointExtension>
            <ns3:atemp>16.0</ns3:atemp>
            <ns3:hr>109</ns3:hr>
          </ns3:TrackPointExtension>
        </extensions>
      </trkpt>
      <trkpt lat="59.98595170676708221435546875" lon="30.364493988454341888427734375">
        <ele>23.6000003814697265625</ele>
        <time>2026-04-22T07:23:21.000Z</time>
        <extensions>
          <ns3:TrackPointExtension>
            <ns3:atemp>16.0</ns3:atemp>
            <ns3:hr>110</ns3:hr>
          </ns3:TrackPointExtension>
        </extensions>
      </trkpt>
      <trkpt lat="59.98589797876775264739990234375" lon="30.36444939672946929931640625">
        <ele>23.3999996185302734375</ele>
        <time>2026-04-22T07:23:22.000Z</time>
        <extensions>
          <ns3:TrackPointExtension>
            <ns3:atemp>16.0</ns3:atemp>
            <ns3:hr>112</ns3:hr>
          </ns3:TrackPointExtension>
        </extensions>
      </trkpt>
      <trkpt lat="59.9858573265373706817626953125" lon="30.36437739618122577667236328125">
        <ele>23.200000762939453125</ele>
        <time>2026-04-22T07:23:23.000Z</time>
        <extensions>
          <ns3:TrackPointExtension>
            <ns3:atemp>16.0</ns3:atemp>
            <ns3:hr>113</ns3:hr>
          </ns3:TrackPointExtension>
        </extensions>
      </trkpt>
      <trkpt lat="59.98582539148628711700439453125" lon="30.36429139785468578338623046875">
        <ele>23</ele>
        <time>2026-04-22T07:23:24.000Z</time>
        <extensions>
          <ns3:TrackPointExtension>
            <ns3:atemp>16.0</ns3:atemp>
            <ns3:hr>114</ns3:hr>
          </ns3:TrackPointExtension>
        </extensions>
      </trkpt>
      <trkpt lat="59.9858147464692592620849609375" lon="30.364079587161540985107421875">
        <ele>23</ele>
        <time>2026-04-22T07:23:26.000Z</time>
        <extensions>
          <ns3:TrackPointExtension>
            <ns3:atemp>16.0</ns3:atemp>
            <ns3:hr>114</ns3:hr>
          </ns3:TrackPointExtension>
        </extensions>
      </trkpt>
      <trkpt lat="59.98582296073436737060546875" lon="30.36397674120962619781494140625">
        <ele>23</ele>
        <time>2026-04-22T07:23:27.000Z</time>
        <extensions>
          <ns3:TrackPointExtension>
            <ns3:atemp>16.0</ns3:atemp>
            <ns3:hr>115</ns3:hr>
          </ns3:TrackPointExtension>
        </extensions>
      </trkpt>
      <trkpt lat="59.98584114946424961090087890625" lon="30.3638795949518680572509765625">
        <ele>23</ele>
        <time>2026-04-22T07:23:28.000Z</time>
        <extensions>
          <ns3:TrackPointExtension>
            <ns3:atemp>16.0</ns3:atemp>
            <ns3:hr>117</ns3:hr>
          </ns3:TrackPointExtension>
        </extensions>
      </trkpt>
      <trkpt lat="59.98593024909496307373046875" lon="30.36351691000163555145263671875">
        <ele>23.200000762939453125</ele>
        <time>2026-04-22T07:23:32.000Z</time>
        <extensions>
          <ns3:TrackPointExtension>
            <ns3:atemp>16.0</ns3:atemp>
            <ns3:hr>117</ns3:hr>
          </ns3:TrackPointExtension>
        </extensions>
      </trkpt>
      <trkpt lat="59.98598431237041950225830078125" lon="30.3633129782974720001220703125">
        <ele>23.200000762939453125</ele>
        <time>2026-04-22T07:23:35.000Z</time>
        <extensions>
          <ns3:TrackPointExtension>
            <ns3:atemp>16.0</ns3:atemp>
            <ns3:hr>113</ns3:hr>
          </ns3:TrackPointExtension>
        </extensions>
      </trkpt>
      <trkpt lat="59.9860115535557270050048828125" lon="30.3632097132503986358642578125">
        <ele>23.200000762939453125</ele>
        <time>2026-04-22T07:23:37.000Z</time>
        <extensions>
          <ns3:TrackPointExtension>
            <ns3:atemp>16.0</ns3:atemp>
            <ns3:hr>112</ns3:hr>
          </ns3:TrackPointExtension>
        </extensions>
      </trkpt>
      <trkpt lat="59.98604357242584228515625" lon="30.36299203522503376007080078125">
        <ele>23.3999996185302734375</ele>
        <time>2026-04-22T07:23:42.000Z</time>
        <extensions>
          <ns3:TrackPointExtension>
            <ns3:atemp>16.0</ns3:atemp>
            <ns3:hr>112</ns3:hr>
          </ns3:TrackPointExtension>
        </extensions>
      </trkpt>
      <trkpt lat="59.986039213836193084716796875" lon="30.36295683123171329498291015625">
        <ele>23.799999237060546875</ele>
        <time>2026-04-22T07:23:49.000Z</time>
        <extensions>
          <ns3:TrackPointExtension>
            <ns3:atemp>16.0</ns3:atemp>
            <ns3:hr>114</ns3:hr>
          </ns3:TrackPointExtension>
        </extensions>
      </trkpt>
      <trkpt lat="59.98603577725589275360107421875" lon="30.36294476129114627838134765625">
        <ele>23.3999996185302734375</ele>
        <time>2026-04-22T07:23:54.000Z</time>
        <extensions>
          <ns3:TrackPointExtension>
            <ns3:atemp>16.0</ns3:atemp>
            <ns3:hr>111</ns3:hr>
          </ns3:TrackPointExtension>
        </extensions>
      </trkpt>
      <trkpt lat="59.98603493906557559967041015625" lon="30.362949371337890625">
        <ele>23</ele>
        <time>2026-04-22T07:23:57.000Z</time>
        <extensions>
          <ns3:TrackPointExtension>
            <ns3:atemp>16.0</ns3:atemp>
            <ns3:hr>110</ns3:hr>
          </ns3:TrackPointExtension>
        </extensions>
      </trkpt>
      <trkpt lat="59.9860517866909503936767578125" lon="30.36298080347478389739990234375">
        <ele>22.3999996185302734375</ele>
        <time>2026-04-22T07:24:04.000Z</time>
        <extensions>
          <ns3:TrackPointExtension>
            <ns3:atemp>16.0</ns3:atemp>
            <ns3:hr>106</ns3:hr>
          </ns3:TrackPointExtension>
        </extensions>
      </trkpt>
      <trkpt lat="59.9860517866909503936767578125" lon="30.36298063583672046661376953125">
        <ele>22.3999996185302734375</ele>
        <time>2026-04-22T07:24:05.000Z</time>
        <extensions>
          <ns3:TrackPointExtension>
            <ns3:atemp>16.0</ns3:atemp>
            <ns3:hr>109</ns3:hr>
          </ns3:TrackPointExtension>
        </extensions>
      </trkpt>
      <trkpt lat="59.9860537983477115631103515625" lon="30.36298600025475025177001953125">
        <ele>22.3999996185302734375</ele>
        <time>2026-04-22T07:24:07.000Z</time>
        <extensions>
          <ns3:TrackPointExtension>
            <ns3:atemp>16.0</ns3:atemp>
            <ns3:hr>105</ns3:hr>
          </ns3:TrackPointExtension>
        </extensions>
      </trkpt>
      <trkpt lat="59.9860564805567264556884765625" lon="30.36302916705608367919921875">
        <ele>22.3999996185302734375</ele>
        <time>2026-04-22T07:24:13.000Z</time>
        <extensions>
          <ns3:TrackPointExtension>
            <ns3:atemp>17.0</ns3:atemp>
            <ns3:hr>104</ns3:hr>
          </ns3:TrackPointExtension>
        </extensions>
      </trkpt>
      <trkpt lat="59.98606033623218536376953125" lon="30.36300561390817165374755859375">
        <ele>22.3999996185302734375</ele>
        <time>2026-04-22T07:24:15.000Z</time>
        <extensions>
          <ns3:TrackPointExtension>
            <ns3:atemp>17.0</ns3:atemp>
            <ns3:hr>102</ns3:hr>
          </ns3:TrackPointExtension>
        </extensions>
      </trkpt>
      <trkpt lat="59.9860690534114837646484375" lon="30.3629854135215282440185546875">
        <ele>22</ele>
        <time>2026-04-22T07:24:16.000Z</time>
        <extensions>
          <ns3:TrackPointExtension>
            <ns3:atemp>17.0</ns3:atemp>
            <ns3:hr>102</ns3:hr>
          </ns3:TrackPointExtension>
        </extensions>
      </trkpt>
      <trkpt lat="59.98607835732400417327880859375" lon="30.36295029334723949432373046875">
        <ele>21.799999237060546875</ele>
        <time>2026-04-22T07:24:18.000Z</time>
        <extensions>
          <ns3:TrackPointExtension>
            <ns3:atemp>17.0</ns3:atemp>
            <ns3:hr>102</ns3:hr>
          </ns3:TrackPointExtension>
        </extensions>
      </trkpt>
      <trkpt lat="59.9860769324004650115966796875" lon="30.362876951694488525390625">
        <ele>21.799999237060546875</ele>
        <time>2026-04-22T07:24:22.000Z</time>
        <extensions>
          <ns3:TrackPointExtension>
            <ns3:atemp>17.0</ns3:atemp>
            <ns3:hr>101</ns3:hr>
          </ns3:TrackPointExtension>
        </extensions>
      </trkpt>
      <trkpt lat="59.98608439229428768157958984375" lon="30.3628365509212017059326171875">
        <ele>21.6000003814697265625</ele>
        <time>2026-04-22T07:24:23.000Z</time>
        <extensions>
          <ns3:TrackPointExtension>
            <ns3:atemp>17.0</ns3:atemp>
            <ns3:hr>101</ns3:hr>
          </ns3:TrackPointExtension>
        </extensions>
      </trkpt>
      <trkpt lat="59.9861339293420314788818359375" lon="30.36251686513423919677734375">
        <ele>21.200000762939453125</ele>
        <time>2026-04-22T07:24:27.000Z</time>
        <extensions>
          <ns3:TrackPointExtension>
            <ns3:atemp>17.0</ns3:atemp>
            <ns3:hr>104</ns3:hr>
          </ns3:TrackPointExtension>
        </extensions>
      </trkpt>
      <trkpt lat="59.9861728213727474212646484375" lon="30.36231829784810543060302734375">
        <ele>21</ele>
        <time>2026-04-22T07:24:29.000Z</time>
        <extensions>
          <ns3:TrackPointExtension>
            <ns3:atemp>17.0</ns3:atemp>
            <ns3:hr>107</ns3:hr>
          </ns3:TrackPointExtension>
        </extensions>
      </trkpt>
      <trkpt lat="59.9862549640238285064697265625" lon="30.36189769394695758819580078125">
        <ele>21</ele>
        <time>2026-04-22T07:24:33.000Z</time>
        <extensions>
          <ns3:TrackPointExtension>
            <ns3:atemp>17.0</ns3:atemp>
            <ns3:hr>108</ns3:hr>
          </ns3:TrackPointExtension>
        </extensions>
      </trkpt>
      <trkpt lat="59.98632076196372509002685546875" lon="30.3614726476371288299560546875">
        <ele>21</ele>
        <time>2026-04-22T07:24:37.000Z</time>
        <extensions>
          <ns3:TrackPointExtension>
            <ns3:atemp>17.0</ns3:atemp>
            <ns3:hr>111</ns3:hr>
          </ns3:TrackPointExtension>
        </extensions>
      </trkpt>
      <trkpt lat="59.9863582290709018707275390625" lon="30.361251868307590484619140625">
        <ele>21.3999996185302734375</ele>
        <time>2026-04-22T07:24:39.000Z</time>
        <extensions>
          <ns3:TrackPointExtension>
            <ns3:atemp>17.0</ns3:atemp>
            <ns3:hr>114</ns3:hr>
          </ns3:TrackPointExtension>
        </extensions>
      </trkpt>
      <trkpt lat="59.9864177405834197998046875" lon="30.360915921628475189208984375">
        <ele>21.200000762939453125</ele>
        <time>2026-04-22T07:24:42.000Z</time>
        <extensions>
          <ns3:TrackPointExtension>
            <ns3:atemp>17.0</ns3:atemp>
            <ns3:hr>114</ns3:hr>
          </ns3:TrackPointExtension>
        </extensions>
      </trkpt>
      <trkpt lat="59.9865426309406757354736328125" lon="30.36016263999044895172119140625">
        <ele>20.799999237060546875</ele>
        <time>2026-04-22T07:24:49.000Z</time>
        <extensions>
          <ns3:TrackPointExtension>
            <ns3:atemp>17.0</ns3:atemp>
            <ns3:hr>113</ns3:hr>
          </ns3:TrackPointExtension>
        </extensions>
      </trkpt>
      <trkpt lat="59.98655612580478191375732421875" lon="30.360056944191455841064453125">
        <ele>21</ele>
        <time>2026-04-22T07:24:50.000Z</time>
        <extensions>
          <ns3:TrackPointExtension>
            <ns3:atemp>17.0</ns3:atemp>
            <ns3:hr>116</ns3:hr>
          </ns3:TrackPointExtension>
        </extensions>
      </trkpt>
      <trkpt lat="59.98661546967923641204833984375" lon="30.35964497365057468414306640625">
        <ele>21.200000762939453125</ele>
        <time>2026-04-22T07:24:54.000Z</time>
        <extensions>
          <ns3:TrackPointExtension>
            <ns3:atemp>17.0</ns3:atemp>
            <ns3:hr>123</ns3:hr>
          </ns3:TrackPointExtension>
        </extensions>
      </trkpt>
      <trkpt lat="59.98662603087723255157470703125" lon="30.35954522900283336639404296875">
        <ele>21.3999996185302734375</ele>
        <time>2026-04-22T07:24:55.000Z</time>
        <extensions>
          <ns3:TrackPointExtension>
            <ns3:atemp>17.0</ns3:atemp>
            <ns3:hr>128</ns3:hr>
          </ns3:TrackPointExtension>
        </extensions>
      </trkpt>
      <trkpt lat="59.98663558624684810638427734375" lon="30.35943844355642795562744140625">
        <ele>21.3999996185302734375</ele>
        <time>2026-04-22T07:24:56.000Z</time>
        <extensions>
          <ns3:TrackPointExtension>
            <ns3:atemp>17.0</ns3:atemp>
            <ns3:hr>133</ns3:hr>
          </ns3:TrackPointExtension>
        </extensions>
      </trkpt>
      <trkpt lat="59.98665553517639636993408203125" lon="30.359331406652927398681640625">
        <ele>21.6000003814697265625</ele>
        <time>2026-04-22T07:24:57.000Z</time>
        <extensions>
          <ns3:TrackPointExtension>
            <ns3:atemp>17.0</ns3:atemp>
            <ns3:hr>135</ns3:hr>
          </ns3:TrackPointExtension>
        </extensions>
      </trkpt>
      <trkpt lat="59.98668151907622814178466796875" lon="30.3592273034155368804931640625">
        <ele>21.6000003814697265625</ele>
        <time>2026-04-22T07:24:58.000Z</time>
        <extensions>
          <ns3:TrackPointExtension>
            <ns3:atemp>17.0</ns3:atemp>
            <ns3:hr>140</ns3:hr>
          </ns3:TrackPointExtension>
        </extensions>
      </trkpt>
      <trkpt lat="59.98670666478574275970458984375" lon="30.3591334261000156402587890625">
        <ele>21.6000003814697265625</ele>
        <time>2026-04-22T07:24:59.000Z</time>
        <extensions>
          <ns3:TrackPointExtension>
            <ns3:atemp>17.0</ns3:atemp>
            <ns3:hr>145</ns3:hr>
          </ns3:TrackPointExtension>
        </extensions>
      </trkpt>
      <trkpt lat="59.98673415742814540863037109375" lon="30.35904482938349246978759765625">
        <ele>21.6000003814697265625</ele>
        <time>2026-04-22T07:25:00.000Z</time>
        <extensions>
          <ns3:TrackPointExtension>
            <ns3:atemp>17.0</ns3:atemp>
            <ns3:hr>146</ns3:hr>
          </ns3:TrackPointExtension>
        </extensions>
      </trkpt>
      <trkpt lat="59.98676165007054805755615234375" lon="30.35895832814276218414306640625">
        <ele>21.6000003814697265625</ele>
        <time>2026-04-22T07:25:01.000Z</time>
        <extensions>
          <ns3:TrackPointExtension>
            <ns3:atemp>17.0</ns3:atemp>
            <ns3:hr>147</ns3:hr>
          </ns3:TrackPointExtension>
        </extensions>
      </trkpt>
      <trkpt lat="59.98678998090326786041259765625" lon="30.3587850742042064666748046875">
        <ele>21.6000003814697265625</ele>
        <time>2026-04-22T07:25:03.000Z</time>
        <extensions>
          <ns3:TrackPointExtension>
            <ns3:atemp>17.0</ns3:atemp>
            <ns3:hr>147</ns3:hr>
          </ns3:TrackPointExtension>
        </extensions>
      </trkpt>
      <trkpt lat="59.98679601587355136871337890625" lon="30.35870033316314220428466796875">
        <ele>21.3999996185302734375</ele>
        <time>2026-04-22T07:25:04.000Z</time>
        <extensions>
          <ns3:TrackPointExtension>
            <ns3:atemp>17.0</ns3:atemp>
            <ns3:hr>147</ns3:hr>
          </ns3:TrackPointExtension>
        </extensions>
      </trkpt>
      <trkpt lat="59.98679517768323421478271484375" lon="30.35861869342625141143798828125">
        <ele>21.200000762939453125</ele>
        <time>2026-04-22T07:25:05.000Z</time>
        <extensions>
          <ns3:TrackPointExtension>
            <ns3:atemp>17.0</ns3:atemp>
            <ns3:hr>147</ns3:hr>
          </ns3:TrackPointExtension>
        </extensions>
      </trkpt>
      <trkpt lat="59.9867645837366580963134765625" lon="30.3584338724613189697265625">
        <ele>21</ele>
        <time>2026-04-22T07:25:08.000Z</time>
        <extensions>
          <ns3:TrackPointExtension>
            <ns3:atemp>17.0</ns3:atemp>
            <ns3:hr>146</ns3:hr>
          </ns3:TrackPointExtension>
        </extensions>
      </trkpt>
      <trkpt lat="59.9867288768291473388671875" lon="30.3582962416112422943115234375">
        <ele>21.6000003814697265625</ele>
        <time>2026-04-22T07:25:11.000Z</time>
        <extensions>
          <ns3:TrackPointExtension>
            <ns3:atemp>17.0</ns3:atemp>
            <ns3:hr>143</ns3:hr>
          </ns3:TrackPointExtension>
        </extensions>
      </trkpt>
      <trkpt lat="59.9867270328104496002197265625" lon="30.35821259021759033203125">
        <ele>21.6000003814697265625</ele>
        <time>2026-04-22T07:25:13.000Z</time>
        <extensions>
          <ns3:TrackPointExtension>
            <ns3:atemp>17.0</ns3:atemp>
            <ns3:hr>139</ns3:hr>
          </ns3:TrackPointExtension>
        </extensions>
      </trkpt>
      <trkpt lat="59.9867334030568599700927734375" lon="30.35804470069706439971923828125">
        <ele>21.3999996185302734375</ele>
        <time>2026-04-22T07:25:17.000Z</time>
        <extensions>
          <ns3:TrackPointExtension>
            <ns3:atemp>17.0</ns3:atemp>
            <ns3:hr>135</ns3:hr>
          </ns3:TrackPointExtension>
        </extensions>
      </trkpt>
      <trkpt lat="59.9867367558181285858154296875" lon="30.3579840995371341705322265625">
        <ele>21.6000003814697265625</ele>
        <time>2026-04-22T07:25:20.000Z</time>
        <extensions>
          <ns3:TrackPointExtension>
            <ns3:atemp>17.0</ns3:atemp>
            <ns3:hr>132</ns3:hr>
          </ns3:TrackPointExtension>
        </extensions>
      </trkpt>
      <trkpt lat="59.98674538917839527130126953125" lon="30.357980914413928985595703125">
        <ele>22.200000762939453125</ele>
        <time>2026-04-22T07:25:22.000Z</time>
        <extensions>
          <ns3:TrackPointExtension>
            <ns3:atemp>17.0</ns3:atemp>
            <ns3:hr>132</ns3:hr>
          </ns3:TrackPointExtension>
        </extensions>
      </trkpt>
      <trkpt lat="59.98675980605185031890869140625" lon="30.35797932185232639312744140625">
        <ele>22</ele>
        <time>2026-04-22T07:25:30.000Z</time>
        <extensions>
          <ns3:TrackPointExtension>
            <ns3:atemp>17.0</ns3:atemp>
            <ns3:hr>135</ns3:hr>
          </ns3:TrackPointExtension>
        </extensions>
      </trkpt>
      <trkpt lat="59.9867585487663745880126953125" lon="30.3579797409474849700927734375">
        <ele>22</ele>
        <time>2026-04-22T07:25:31.000Z</time>
        <extensions>
          <ns3:TrackPointExtension>
            <ns3:atemp>17.0</ns3:atemp>
            <ns3:hr>135</ns3:hr>
          </ns3:TrackPointExtension>
        </extensions>
      </trkpt>
      <trkpt lat="59.98675477690994739532470703125" lon="30.3579778969287872314453125">
        <ele>22</ele>
        <time>2026-04-22T07:25:33.000Z</time>
        <extensions>
          <ns3:TrackPointExtension>
            <ns3:atemp>17.0</ns3:atemp>
            <ns3:hr>138</ns3:hr>
          </ns3:TrackPointExtension>
        </extensions>
      </trkpt>
      <trkpt lat="59.98675041832029819488525390625" lon="30.3579706884920597076416015625">
        <ele>22.200000762939453125</ele>
        <time>2026-04-22T07:25:39.000Z</time>
        <extensions>
          <ns3:TrackPointExtension>
            <ns3:atemp>17.0</ns3:atemp>
            <ns3:hr>134</ns3:hr>
          </ns3:TrackPointExtension>
        </extensions>
      </trkpt>
      <trkpt lat="59.98675192706286907196044921875" lon="30.35797311924397945404052734375">
        <ele>22.6000003814697265625</ele>
        <time>2026-04-22T07:25:43.000Z</time>
        <extensions>
          <ns3:TrackPointExtension>
            <ns3:atemp>17.0</ns3:atemp>
            <ns3:hr>131</ns3:hr>
          </ns3:TrackPointExtension>
        </extensions>
      </trkpt>
      <trkpt lat="59.98674706555902957916259765625" lon="30.357972197234630584716796875">
        <ele>22.6000003814697265625</ele>
        <time>2026-04-22T07:25:49.000Z</time>
        <extensions>
          <ns3:TrackPointExtension>
            <ns3:atemp>17.0</ns3:atemp>
            <ns3:hr>128</ns3:hr>
          </ns3:TrackPointExtension>
        </extensions>
      </trkpt>
      <trkpt lat="59.9867565371096134185791015625" lon="30.3579733707010746002197265625">
        <ele>22.799999237060546875</ele>
        <time>2026-04-22T07:25:52.000Z</time>
        <extensions>
          <ns3:TrackPointExtension>
            <ns3:atemp>17.0</ns3:atemp>
            <ns3:hr>127</ns3:hr>
          </ns3:TrackPointExtension>
        </extensions>
      </trkpt>
      <trkpt lat="59.9867548607289791107177734375" lon="30.35796691663563251495361328125">
        <ele>22</ele>
        <time>2026-04-22T07:26:00.000Z</time>
        <extensions>
          <ns3:TrackPointExtension>
            <ns3:atemp>17.0</ns3:atemp>
            <ns3:hr>125</ns3:hr>
          </ns3:TrackPointExtension>
        </extensions>
      </trkpt>
      <trkpt lat="59.986743293702602386474609375" lon="30.35789919085800647735595703125">
        <ele>21.799999237060546875</ele>
        <time>2026-04-22T07:26:02.000Z</time>
        <extensions>
          <ns3:TrackPointExtension>
            <ns3:atemp>17.0</ns3:atemp>
            <ns3:hr>120</ns3:hr>
          </ns3:TrackPointExtension>
        </extensions>
      </trkpt>
      <trkpt lat="59.98674103058874607086181640625" lon="30.35783716477453708648681640625">
        <ele>21.799999237060546875</ele>
        <time>2026-04-22T07:26:03.000Z</time>
        <extensions>
          <ns3:TrackPointExtension>
            <ns3:atemp>17.0</ns3:atemp>
            <ns3:hr>120</ns3:hr>
          </ns3:TrackPointExtension>
        </extensions>
      </trkpt>
      <trkpt lat="59.98673985712230205535888671875" lon="30.35776533186435699462890625">
        <ele>22</ele>
        <time>2026-04-22T07:26:04.000Z</time>
        <extensions>
          <ns3:TrackPointExtension>
            <ns3:atemp>17.0</ns3:atemp>
            <ns3:hr>119</ns3:hr>
          </ns3:TrackPointExtension>
        </extensions>
      </trkpt>
      <trkpt lat="59.9867330677807331085205078125" lon="30.3576672635972499847412109375">
        <ele>21.799999237060546875</ele>
        <time>2026-04-22T07:26:05.000Z</time>
        <extensions>
          <ns3:TrackPointExtension>
            <ns3:atemp>17.0</ns3:atemp>
            <ns3:hr>118</ns3:hr>
          </ns3:TrackPointExtension>
        </extensions>
      </trkpt>
      <trkpt lat="59.986707754433155059814453125" lon="30.3574355877935886383056640625">
        <ele>21.200000762939453125</ele>
        <time>2026-04-22T07:26:07.000Z</time>
        <extensions>
          <ns3:TrackPointExtension>
            <ns3:atemp>17.0</ns3:atemp>
            <ns3:hr>115</ns3:hr>
          </ns3:TrackPointExtension>
        </extensions>
      </trkpt>
      <trkpt lat="59.98668822459876537322998046875" lon="30.35730533301830291748046875">
        <ele>21.200000762939453125</ele>
        <time>2026-04-22T07:26:08.000Z</time>
        <extensions>
          <ns3:TrackPointExtension>
            <ns3:atemp>17.0</ns3:atemp>
            <ns3:hr>119</ns3:hr>
          </ns3:TrackPointExtension>
        </extensions>
      </trkpt>
      <trkpt lat="59.98667246662080287933349609375" lon="30.3571705520153045654296875">
        <ele>20.3999996185302734375</ele>
        <time>2026-04-22T07:26:09.000Z</time>
        <extensions>
          <ns3:TrackPointExtension>
            <ns3:atemp>17.0</ns3:atemp>
            <ns3:hr>115</ns3:hr>
          </ns3:TrackPointExtension>
        </extensions>
      </trkpt>
      <trkpt lat="59.98665654100477695465087890625" lon="30.3570299036800861358642578125">
        <ele>19.6000003814697265625</ele>
        <time>2026-04-22T07:26:10.000Z</time>
        <extensions>
          <ns3:TrackPointExtension>
            <ns3:atemp>17.0</ns3:atemp>
            <ns3:hr>116</ns3:hr>
          </ns3:TrackPointExtension>
        </extensions>
      </trkpt>
      <trkpt lat="59.98662133701145648956298828125" lon="30.35672823898494243621826171875">
        <ele>18.6000003814697265625</ele>
        <time>2026-04-22T07:26:12.000Z</time>
        <extensions>
          <ns3:TrackPointExtension>
            <ns3:atemp>17.0</ns3:atemp>
            <ns3:hr>119</ns3:hr>
          </ns3:TrackPointExtension>
        </extensions>
      </trkpt>
      <trkpt lat="59.98660608194768428802490234375" lon="30.35656982101500034332275390625">
        <ele>17.6000003814697265625</ele>
        <time>2026-04-22T07:26:13.000Z</time>
        <extensions>
          <ns3:TrackPointExtension>
            <ns3:atemp>17.0</ns3:atemp>
            <ns3:hr>120</ns3:hr>
          </ns3:TrackPointExtension>
        </extensions>
      </trkpt>
      <trkpt lat="59.9865902401506900787353515625" lon="30.3564086370170116424560546875">
        <ele>17</ele>
        <time>2026-04-22T07:26:14.000Z</time>
        <extensions>
          <ns3:TrackPointExtension>
            <ns3:atemp>17.0</ns3:atemp>
            <ns3:hr>121</ns3:hr>
          </ns3:TrackPointExtension>
        </extensions>
      </trkpt>
      <trkpt lat="59.986567609012126922607421875" lon="30.3560850955545902252197265625">
        <ele>15.80000019073486328125</ele>
        <time>2026-04-22T07:26:16.000Z</time>
        <extensions>
          <ns3:TrackPointExtension>
            <ns3:atemp>17.0</ns3:atemp>
            <ns3:hr>122</ns3:hr>
          </ns3:TrackPointExtension>
        </extensions>
      </trkpt>
      <trkpt lat="59.98654045164585113525390625" lon="30.35561713390052318572998046875">
        <ele>15</ele>
        <time>2026-04-22T07:26:19.000Z</time>
        <extensions>
          <ns3:TrackPointExtension>
            <ns3:atemp>17.0</ns3:atemp>
            <ns3:hr>120</ns3:hr>
          </ns3:TrackPointExtension>
        </extensions>
      </trkpt>
      <trkpt lat="59.98652259819209575653076171875" lon="30.35530800931155681610107421875">
        <ele>14.80000019073486328125</ele>
        <time>2026-04-22T07:26:21.000Z</time>
        <extensions>
          <ns3:TrackPointExtension>
            <ns3:atemp>17.0</ns3:atemp>
            <ns3:hr>120</ns3:hr>
          </ns3:TrackPointExtension>
        </extensions>
      </trkpt>
      <trkpt lat="59.98647280968725681304931640625" lon="30.35471498966217041015625">
        <ele>15.19999980926513671875</ele>
        <time>2026-04-22T07:26:25.000Z</time>
        <extensions>
          <ns3:TrackPointExtension>
            <ns3:atemp>17.0</ns3:atemp>
            <ns3:hr>120</ns3:hr>
          </ns3:TrackPointExtension>
        </extensions>
      </trkpt>
      <trkpt lat="59.98644783161580562591552734375" lon="30.35442036576569080352783203125">
        <ele>15.3999996185302734375</ele>
        <time>2026-04-22T07:26:27.000Z</time>
        <extensions>
          <ns3:TrackPointExtension>
            <ns3:atemp>17.0</ns3:atemp>
            <ns3:hr>117</ns3:hr>
          </ns3:TrackPointExtension>
        </extensions>
      </trkpt>
      <trkpt lat="59.98637608252465724945068359375" lon="30.35386397503316402435302734375">
        <ele>14.3999996185302734375</ele>
        <time>2026-04-22T07:26:31.000Z</time>
        <extensions>
          <ns3:TrackPointExtension>
            <ns3:atemp>17.0</ns3:atemp>
            <ns3:hr>114</ns3:hr>
          </ns3:TrackPointExtension>
        </extensions>
      </trkpt>
      <trkpt lat="59.98635940253734588623046875" lon="30.35372902639210224151611328125">
        <ele>14.3999996185302734375</ele>
        <time>2026-04-22T07:26:32.000Z</time>
        <extensions>
          <ns3:TrackPointExtension>
            <ns3:atemp>16.0</ns3:atemp>
            <ns3:hr>115</ns3:hr>
          </ns3:TrackPointExtension>
        </extensions>
      </trkpt>
      <trkpt lat="59.9862780980765819549560546875" lon="30.35307942889630794525146484375">
        <ele>14.80000019073486328125</ele>
        <time>2026-04-22T07:26:37.000Z</time>
        <extensions>
          <ns3:TrackPointExtension>
            <ns3:atemp>16.0</ns3:atemp>
            <ns3:hr>110</ns3:hr>
          </ns3:TrackPointExtension>
        </extensions>
      </trkpt>
      <trkpt lat="59.9862660281360149383544921875" lon="30.35295520909130573272705078125">
        <ele>14.6000003814697265625</ele>
        <time>2026-04-22T07:26:38.000Z</time>
        <extensions>
          <ns3:TrackPointExtension>
            <ns3:atemp>16.0</ns3:atemp>
            <ns3:hr>105</ns3:hr>
          </ns3:TrackPointExtension>
        </extensions>
      </trkpt>
      <trkpt lat="59.98625119216740131378173828125" lon="30.3528278879821300506591796875">
        <ele>14.3999996185302734375</ele>
        <time>2026-04-22T07:26:39.000Z</time>
        <extensions>
          <ns3:TrackPointExtension>
            <ns3:atemp>16.0</ns3:atemp>
            <ns3:hr>100</ns3:hr>
          </ns3:TrackPointExtension>
        </extensions>
      </trkpt>
      <trkpt lat="59.986231327056884765625" lon="30.3527085296809673309326171875">
        <ele>14.3999996185302734375</ele>
        <time>2026-04-22T07:26:40.000Z</time>
        <extensions>
          <ns3:TrackPointExtension>
            <ns3:atemp>16.0</ns3:atemp>
            <ns3:hr>95</ns3:hr>
          </ns3:TrackPointExtension>
        </extensions>
      </trkpt>
      <trkpt lat="59.9862113781273365020751953125" lon="30.3525888361036777496337890625">
        <ele>14.19999980926513671875</ele>
        <time>2026-04-22T07:26:41.000Z</time>
        <extensions>
          <ns3:TrackPointExtension>
            <ns3:atemp>16.0</ns3:atemp>
            <ns3:hr>91</ns3:hr>
          </ns3:TrackPointExtension>
        </extensions>
      </trkpt>
      <trkpt lat="59.9861657805740833282470703125" lon="30.35223654471337795257568359375">
        <ele>14.19999980926513671875</ele>
        <time>2026-04-22T07:26:44.000Z</time>
        <extensions>
          <ns3:TrackPointExtension>
            <ns3:atemp>16.0</ns3:atemp>
            <ns3:hr>96</ns3:hr>
          </ns3:TrackPointExtension>
        </extensions>
      </trkpt>
      <trkpt lat="59.98614541254937648773193359375" lon="30.35200403071939945220947265625">
        <ele>14</ele>
        <time>2026-04-22T07:26:46.000Z</time>
        <extensions>
          <ns3:TrackPointExtension>
            <ns3:atemp>16.0</ns3:atemp>
            <ns3:hr>98</ns3:hr>
          </ns3:TrackPointExtension>
        </extensions>
      </trkpt>
      <trkpt lat="59.98609193600714206695556640625" lon="30.3515763022005558013916015625">
        <ele>14.19999980926513671875</ele>
        <time>2026-04-22T07:26:50.000Z</time>
        <extensions>
          <ns3:TrackPointExtension>
            <ns3:atemp>16.0</ns3:atemp>
            <ns3:hr>102</ns3:hr>
          </ns3:TrackPointExtension>
        </extensions>
      </trkpt>
      <trkpt lat="59.9860771000385284423828125" lon="30.35136683844029903411865234375">
        <ele>14.19999980926513671875</ele>
        <time>2026-04-22T07:26:52.000Z</time>
        <extensions>
          <ns3:TrackPointExtension>
            <ns3:atemp>16.0</ns3:atemp>
            <ns3:hr>105</ns3:hr>
          </ns3:TrackPointExtension>
        </extensions>
      </trkpt>
      <trkpt lat="59.98606997542083263397216796875" lon="30.35125804133713245391845703125">
        <ele>14.19999980926513671875</ele>
        <time>2026-04-22T07:26:53.000Z</time>
        <extensions>
          <ns3:TrackPointExtension>
            <ns3:atemp>16.0</ns3:atemp>
            <ns3:hr>106</ns3:hr>
          </ns3:TrackPointExtension>
        </extensions>
      </trkpt>
      <trkpt lat="59.98599487356841564178466796875" lon="30.3505040891468524932861328125">
        <ele>14.80000019073486328125</ele>
        <time>2026-04-22T07:27:00.000Z</time>
        <extensions>
          <ns3:TrackPointExtension>
            <ns3:atemp>16.0</ns3:atemp>
            <ns3:hr>108</ns3:hr>
          </ns3:TrackPointExtension>
        </extensions>
      </trkpt>
      <trkpt lat="59.98595547862350940704345703125" lon="30.35016789101064205169677734375">
        <ele>14.80000019073486328125</ele>
        <time>2026-04-22T07:27:03.000Z</time>
        <extensions>
          <ns3:TrackPointExtension>
            <ns3:atemp>16.0</ns3:atemp>
            <ns3:hr>114</ns3:hr>
          </ns3:TrackPointExtension>
        </extensions>
      </trkpt>
      <trkpt lat="59.98594894073903560638427734375" lon="30.3500600159168243408203125">
        <ele>14.6000003814697265625</ele>
        <time>2026-04-22T07:27:04.000Z</time>
        <extensions>
          <ns3:TrackPointExtension>
            <ns3:atemp>16.0</ns3:atemp>
            <ns3:hr>114</ns3:hr>
          </ns3:TrackPointExtension>
        </extensions>
      </trkpt>
      <trkpt lat="59.985928237438201904296875" lon="30.34962759353220462799072265625">
        <ele>14.6000003814697265625</ele>
        <time>2026-04-22T07:27:08.000Z</time>
        <extensions>
          <ns3:TrackPointExtension>
            <ns3:atemp>16.0</ns3:atemp>
            <ns3:hr>116</ns3:hr>
          </ns3:TrackPointExtension>
        </extensions>
      </trkpt>
      <trkpt lat="59.9858583323657512664794921875" lon="30.34894497133791446685791015625">
        <ele>14.19999980926513671875</ele>
        <time>2026-04-22T07:27:14.000Z</time>
        <extensions>
          <ns3:TrackPointExtension>
            <ns3:atemp>16.0</ns3:atemp>
            <ns3:hr>119</ns3:hr>
          </ns3:TrackPointExtension>
        </extensions>
      </trkpt>
      <trkpt lat="59.9858439154922962188720703125" lon="30.3487160615622997283935546875">
        <ele>13.80000019073486328125</ele>
        <time>2026-04-22T07:27:16.000Z</time>
        <extensions>
          <ns3:TrackPointExtension>
            <ns3:atemp>16.0</ns3:atemp>
            <ns3:hr>118</ns3:hr>
          </ns3:TrackPointExtension>
        </extensions>
      </trkpt>
      <trkpt lat="59.9858035147190093994140625" lon="30.34829520620405673980712890625">
        <ele>14</ele>
        <time>2026-04-22T07:27:20.000Z</time>
        <extensions>
          <ns3:TrackPointExtension>
            <ns3:atemp>16.0</ns3:atemp>
            <ns3:hr>116</ns3:hr>
          </ns3:TrackPointExtension>
        </extensions>
      </trkpt>
      <trkpt lat="59.985795132815837860107421875" lon="30.3478406555950641632080078125">
        <ele>14.3999996185302734375</ele>
        <time>2026-04-22T07:27:24.000Z</time>
        <extensions>
          <ns3:TrackPointExtension>
            <ns3:atemp>16.0</ns3:atemp>
            <ns3:hr>117</ns3:hr>
          </ns3:TrackPointExtension>
        </extensions>
      </trkpt>
      <trkpt lat="59.98578063212335109710693359375" lon="30.34759716130793094635009765625">
        <ele>14.6000003814697265625</ele>
        <time>2026-04-22T07:27:26.000Z</time>
        <extensions>
          <ns3:TrackPointExtension>
            <ns3:atemp>16.0</ns3:atemp>
            <ns3:hr>119</ns3:hr>
          </ns3:TrackPointExtension>
        </extensions>
      </trkpt>
      <trkpt lat="59.9857527203857898712158203125" lon="30.3472441993653774261474609375">
        <ele>14.19999980926513671875</ele>
        <time>2026-04-22T07:27:29.000Z</time>
        <extensions>
          <ns3:TrackPointExtension>
            <ns3:atemp>16.0</ns3:atemp>
            <ns3:hr>118</ns3:hr>
          </ns3:TrackPointExtension>
        </extensions>
      </trkpt>
      <trkpt lat="59.9856440909206867218017578125" lon="30.346322692930698394775390625">
        <ele>14.19999980926513671875</ele>
        <time>2026-04-22T07:27:37.000Z</time>
        <extensions>
          <ns3:TrackPointExtension>
            <ns3:atemp>16.0</ns3:atemp>
            <ns3:hr>121</ns3:hr>
          </ns3:TrackPointExtension>
        </extensions>
      </trkpt>
      <trkpt lat="59.98563596047461032867431640625" lon="30.3462085314095020294189453125">
        <ele>13.80000019073486328125</ele>
        <time>2026-04-22T07:27:38.000Z</time>
        <extensions>
          <ns3:TrackPointExtension>
            <ns3:atemp>16.0</ns3:atemp>
            <ns3:hr>121</ns3:hr>
          </ns3:TrackPointExtension>
        </extensions>
      </trkpt>
      <trkpt lat="59.98559338040649890899658203125" lon="30.34576839767396450042724609375">
        <ele>12.80000019073486328125</ele>
        <time>2026-04-22T07:27:42.000Z</time>
        <extensions>
          <ns3:TrackPointExtension>
            <ns3:atemp>16.0</ns3:atemp>
            <ns3:hr>121</ns3:hr>
          </ns3:TrackPointExtension>
        </extensions>
      </trkpt>
      <trkpt lat="59.98554929159581661224365234375" lon="30.345338322222232818603515625">
        <ele>12.6000003814697265625</ele>
        <time>2026-04-22T07:27:46.000Z</time>
        <extensions>
          <ns3:TrackPointExtension>
            <ns3:atemp>16.0</ns3:atemp>
            <ns3:hr>121</ns3:hr>
          </ns3:TrackPointExtension>
        </extensions>
      </trkpt>
      <trkpt lat="59.985483326017856597900390625" lon="30.34467539750039577484130859375">
        <ele>13.19999980926513671875</ele>
        <time>2026-04-22T07:27:52.000Z</time>
        <extensions>
          <ns3:TrackPointExtension>
            <ns3:atemp>16.0</ns3:atemp>
            <ns3:hr>121</ns3:hr>
          </ns3:TrackPointExtension>
        </extensions>
      </trkpt>
      <trkpt lat="59.9854301847517490386962890625" lon="30.34421078860759735107421875">
        <ele>13.3999996185302734375</ele>
        <time>2026-04-22T07:27:56.000Z</time>
        <extensions>
          <ns3:TrackPointExtension>
            <ns3:atemp>16.0</ns3:atemp>
            <ns3:hr>115</ns3:hr>
          </ns3:TrackPointExtension>
        </extensions>
      </trkpt>
      <trkpt lat="59.9854124151170253753662109375" lon="30.34409855492413043975830078125">
        <ele>13.3999996185302734375</ele>
        <time>2026-04-22T07:27:57.000Z</time>
        <extensions>
          <ns3:TrackPointExtension>
            <ns3:atemp>16.0</ns3:atemp>
            <ns3:hr>112</ns3:hr>
          </ns3:TrackPointExtension>
        </extensions>
      </trkpt>
      <trkpt lat="59.98539791442453861236572265625" lon="30.3439866565167903900146484375">
        <ele>13.3999996185302734375</ele>
        <time>2026-04-22T07:27:58.000Z</time>
        <extensions>
          <ns3:TrackPointExtension>
            <ns3:atemp>16.0</ns3:atemp>
            <ns3:hr>106</ns3:hr>
          </ns3:TrackPointExtension>
        </extensions>
      </trkpt>
      <trkpt lat="59.9853872694075107574462890625" lon="30.34387358464300632476806640625">
        <ele>13.3999996185302734375</ele>
        <time>2026-04-22T07:27:59.000Z</time>
        <extensions>
          <ns3:TrackPointExtension>
            <ns3:atemp>16.0</ns3:atemp>
            <ns3:hr>102</ns3:hr>
          </ns3:TrackPointExtension>
        </extensions>
      </trkpt>
      <trkpt lat="59.98537511564791202545166015625" lon="30.34376009367406368255615234375">
        <ele>13.3999996185302734375</ele>
        <time>2026-04-22T07:28:00.000Z</time>
        <extensions>
          <ns3:TrackPointExtension>
            <ns3:atemp>16.0</ns3:atemp>
            <ns3:hr>97</ns3:hr>
          </ns3:TrackPointExtension>
        </extensions>
      </trkpt>
      <trkpt lat="59.9853622913360595703125" lon="30.3436490334570407867431640625">
        <ele>13.3999996185302734375</ele>
        <time>2026-04-22T07:28:01.000Z</time>
        <extensions>
          <ns3:TrackPointExtension>
            <ns3:atemp>16.0</ns3:atemp>
            <ns3:hr>93</ns3:hr>
          </ns3:TrackPointExtension>
        </extensions>
      </trkpt>
      <trkpt lat="59.9853513948619365692138671875" lon="30.34353696741163730621337890625">
        <ele>13.19999980926513671875</ele>
        <time>2026-04-22T07:28:02.000Z</time>
        <extensions>
          <ns3:TrackPointExtension>
            <ns3:atemp>16.0</ns3:atemp>
            <ns3:hr>94</ns3:hr>
          </ns3:TrackPointExtension>
        </extensions>
      </trkpt>
      <trkpt lat="59.9852957390248775482177734375" lon="30.34286993555724620819091796875">
        <ele>13.6000003814697265625</ele>
        <time>2026-04-22T07:28:09.000Z</time>
        <extensions>
          <ns3:TrackPointExtension>
            <ns3:atemp>16.0</ns3:atemp>
            <ns3:hr>94</ns3:hr>
          </ns3:TrackPointExtension>
        </extensions>
      </trkpt>
      <trkpt lat="59.98529531992971897125244140625" lon="30.34273548983037471771240234375">
        <ele>14</ele>
        <time>2026-04-22T07:28:11.000Z</time>
        <extensions>
          <ns3:TrackPointExtension>
            <ns3:atemp>16.0</ns3:atemp>
            <ns3:hr>96</ns3:hr>
          </ns3:TrackPointExtension>
        </extensions>
      </trkpt>
      <trkpt lat="59.9852833338081836700439453125" lon="30.34268184565007686614990234375">
        <ele>14.3999996185302734375</ele>
        <time>2026-04-22T07:28:13.000Z</time>
        <extensions>
          <ns3:TrackPointExtension>
            <ns3:atemp>16.0</ns3:atemp>
            <ns3:hr>91</ns3:hr>
          </ns3:TrackPointExtension>
        </extensions>
      </trkpt>
      <trkpt lat="59.98527537100017070770263671875" lon="30.34267790615558624267578125">
        <ele>14.6000003814697265625</ele>
        <time>2026-04-22T07:28:14.000Z</time>
        <extensions>
          <ns3:TrackPointExtension>
            <ns3:atemp>16.0</ns3:atemp>
            <ns3:hr>91</ns3:hr>
          </ns3:TrackPointExtension>
        </extensions>
      </trkpt>
      <trkpt lat="59.98525978066027164459228515625" lon="30.34268637187778949737548828125">
        <ele>15.19999980926513671875</ele>
        <time>2026-04-22T07:28:16.000Z</time>
        <extensions>
          <ns3:TrackPointExtension>
            <ns3:atemp>16.0</ns3:atemp>
            <ns3:hr>91</ns3:hr>
          </ns3:TrackPointExtension>
        </extensions>
      </trkpt>
      <trkpt lat="59.98524821363389492034912109375" lon="30.3426934964954853057861328125">
        <ele>15.3999996185302734375</ele>
        <time>2026-04-22T07:28:19.000Z</time>
        <extensions>
          <ns3:TrackPointExtension>
            <ns3:atemp>16.0</ns3:atemp>
            <ns3:hr>93</ns3:hr>
          </ns3:TrackPointExtension>
        </extensions>
      </trkpt>
      <trkpt lat="59.98524335213005542755126953125" lon="30.34269810654222965240478515625">
        <ele>15.6000003814697265625</ele>
        <time>2026-04-22T07:28:24.000Z</time>
        <extensions>
          <ns3:TrackPointExtension>
            <ns3:atemp>16.0</ns3:atemp>
            <ns3:hr>96</ns3:hr>
          </ns3:TrackPointExtension>
        </extensions>
      </trkpt>
      <trkpt lat="59.9852414242923259735107421875" lon="30.3426975198090076446533203125">
        <ele>15.80000019073486328125</ele>
        <time>2026-04-22T07:28:26.000Z</time>
        <extensions>
          <ns3:TrackPointExtension>
            <ns3:atemp>16.0</ns3:atemp>
            <ns3:hr>99</ns3:hr>
          </ns3:TrackPointExtension>
        </extensions>
      </trkpt>
      <trkpt lat="59.98523798771202564239501953125" lon="30.34269710071384906768798828125">
        <ele>15.80000019073486328125</ele>
        <time>2026-04-22T07:28:29.000Z</time>
        <extensions>
          <ns3:TrackPointExtension>
            <ns3:atemp>16.0</ns3:atemp>
            <ns3:hr>97</ns3:hr>
          </ns3:TrackPointExtension>
        </extensions>
      </trkpt>
      <trkpt lat="59.98523698188364505767822265625" lon="30.34269860945641994476318359375">
        <ele>15.80000019073486328125</ele>
        <time>2026-04-22T07:28:32.000Z</time>
        <extensions>
          <ns3:TrackPointExtension>
            <ns3:atemp>16.0</ns3:atemp>
            <ns3:hr>101</ns3:hr>
          </ns3:TrackPointExtension>
        </extensions>
      </trkpt>
      <trkpt lat="59.9852363951504230499267578125" lon="30.34269877709448337554931640625">
        <ele>15.80000019073486328125</ele>
        <time>2026-04-22T07:28:33.000Z</time>
        <extensions>
          <ns3:TrackPointExtension>
            <ns3:atemp>16.0</ns3:atemp>
            <ns3:hr>98</ns3:hr>
          </ns3:TrackPointExtension>
        </extensions>
      </trkpt>
      <trkpt lat="59.985234551131725311279296875" lon="30.3426973521709442138671875">
        <ele>16.200000762939453125</ele>
        <time>2026-04-22T07:28:39.000Z</time>
        <extensions>
          <ns3:TrackPointExtension>
            <ns3:atemp>16.0</ns3:atemp>
            <ns3:hr>95</ns3:hr>
          </ns3:TrackPointExtension>
        </extensions>
      </trkpt>
      <trkpt lat="59.9852322041988372802734375" lon="30.34269643016159534454345703125">
        <ele>16.200000762939453125</ele>
        <time>2026-04-22T07:28:45.000Z</time>
        <extensions>
          <ns3:TrackPointExtension>
            <ns3:atemp>16.0</ns3:atemp>
            <ns3:hr>93</ns3:hr>
          </ns3:TrackPointExtension>
        </extensions>
      </trkpt>
      <trkpt lat="59.98523111455142498016357421875" lon="30.342693664133548736572265625">
        <ele>16.3999996185302734375</ele>
        <time>2026-04-22T07:28:47.000Z</time>
        <extensions>
          <ns3:TrackPointExtension>
            <ns3:atemp>16.0</ns3:atemp>
            <ns3:hr>94</ns3:hr>
          </ns3:TrackPointExtension>
        </extensions>
      </trkpt>
      <trkpt lat="59.985231198370456695556640625" lon="30.3426784090697765350341796875">
        <ele>16.3999996185302734375</ele>
        <time>2026-04-22T07:28:48.000Z</time>
        <extensions>
          <ns3:TrackPointExtension>
            <ns3:atemp>16.0</ns3:atemp>
            <ns3:hr>93</ns3:hr>
          </ns3:TrackPointExtension>
        </extensions>
      </trkpt>
      <trkpt lat="59.98522591777145862579345703125" lon="30.342528708279132843017578125">
        <ele>15.6000003814697265625</ele>
        <time>2026-04-22T07:28:51.000Z</time>
        <extensions>
          <ns3:TrackPointExtension>
            <ns3:atemp>16.0</ns3:atemp>
            <ns3:hr>91</ns3:hr>
          </ns3:TrackPointExtension>
        </extensions>
      </trkpt>
      <trkpt lat="59.98522139154374599456787109375" lon="30.342446230351924896240234375">
        <ele>15</ele>
        <time>2026-04-22T07:28:52.000Z</time>
        <extensions>
          <ns3:TrackPointExtension>
            <ns3:atemp>16.0</ns3:atemp>
            <ns3:hr>93</ns3:hr>
          </ns3:TrackPointExtension>
        </extensions>
      </trkpt>
      <trkpt lat="59.98520831577479839324951171875" lon="30.342120341956615447998046875">
        <ele>14.3999996185302734375</ele>
        <time>2026-04-22T07:28:55.000Z</time>
        <extensions>
          <ns3:TrackPointExtension>
            <ns3:atemp>16.0</ns3:atemp>
            <ns3:hr>90</ns3:hr>
          </ns3:TrackPointExtension>
        </extensions>
      </trkpt>
      <trkpt lat="59.98520337045192718505859375" lon="30.34190408885478973388671875">
        <ele>14</ele>
        <time>2026-04-22T07:28:57.000Z</time>
        <extensions>
          <ns3:TrackPointExtension>
            <ns3:atemp>16.0</ns3:atemp>
            <ns3:hr>91</ns3:hr>
          </ns3:TrackPointExtension>
        </extensions>
      </trkpt>
      <trkpt lat="59.985191635787487030029296875" lon="30.3417889215052127838134765625">
        <ele>13.6000003814697265625</ele>
        <time>2026-04-22T07:28:58.000Z</time>
        <extensions>
          <ns3:TrackPointExtension>
            <ns3:atemp>16.0</ns3:atemp>
            <ns3:hr>92</ns3:hr>
          </ns3:TrackPointExtension>
        </extensions>
      </trkpt>
      <trkpt lat="59.9851539172232151031494140625" lon="30.341424308717250823974609375">
        <ele>13</ele>
        <time>2026-04-22T07:29:01.000Z</time>
        <extensions>
          <ns3:TrackPointExtension>
            <ns3:atemp>16.0</ns3:atemp>
            <ns3:hr>91</ns3:hr>
          </ns3:TrackPointExtension>
        </extensions>
      </trkpt>
      <trkpt lat="59.9851106666028499603271484375" lon="30.340925753116607666015625">
        <ele>13.19999980926513671875</ele>
        <time>2026-04-22T07:29:05.000Z</time>
        <extensions>
          <ns3:TrackPointExtension>
            <ns3:atemp>16.0</ns3:atemp>
            <ns3:hr>88</ns3:hr>
          </ns3:TrackPointExtension>
        </extensions>
      </trkpt>
      <trkpt lat="59.98510857112705707550048828125" lon="30.34079826436936855316162109375">
        <ele>13.3999996185302734375</ele>
        <time>2026-04-22T07:29:06.000Z</time>
        <extensions>
          <ns3:TrackPointExtension>
            <ns3:atemp>16.0</ns3:atemp>
            <ns3:hr>92</ns3:hr>
          </ns3:TrackPointExtension>
        </extensions>
      </trkpt>
      <trkpt lat="59.98509767465293407440185546875" lon="30.34054479561746120452880859375">
        <ele>13.6000003814697265625</ele>
        <time>2026-04-22T07:29:08.000Z</time>
        <extensions>
          <ns3:TrackPointExtension>
            <ns3:atemp>16.0</ns3:atemp>
            <ns3:hr>95</ns3:hr>
          </ns3:TrackPointExtension>
        </extensions>
      </trkpt>
      <trkpt lat="59.98505895026028156280517578125" lon="30.34018001519143581390380859375">
        <ele>13.80000019073486328125</ele>
        <time>2026-04-22T07:29:11.000Z</time>
        <extensions>
          <ns3:TrackPointExtension>
            <ns3:atemp>16.0</ns3:atemp>
            <ns3:hr>99</ns3:hr>
          </ns3:TrackPointExtension>
        </extensions>
      </trkpt>
      <trkpt lat="59.9850174598395824432373046875" lon="30.33970895223319530487060546875">
        <ele>13.19999980926513671875</ele>
        <time>2026-04-22T07:29:15.000Z</time>
        <extensions>
          <ns3:TrackPointExtension>
            <ns3:atemp>16.0</ns3:atemp>
            <ns3:hr>103</ns3:hr>
          </ns3:TrackPointExtension>
        </extensions>
      </trkpt>
      <trkpt lat="59.985002540051937103271484375" lon="30.33960551954805850982666015625">
        <ele>13</ele>
        <time>2026-04-22T07:29:16.000Z</time>
        <extensions>
          <ns3:TrackPointExtension>
            <ns3:atemp>16.0</ns3:atemp>
            <ns3:hr>101</ns3:hr>
          </ns3:TrackPointExtension>
        </extensions>
      </trkpt>
      <trkpt lat="59.98499206267297267913818359375" lon="30.33949923701584339141845703125">
        <ele>12.80000019073486328125</ele>
        <time>2026-04-22T07:29:17.000Z</time>
        <extensions>
          <ns3:TrackPointExtension>
            <ns3:atemp>16.0</ns3:atemp>
            <ns3:hr>104</ns3:hr>
          </ns3:TrackPointExtension>
        </extensions>
      </trkpt>
      <trkpt lat="59.98489315621554851531982421875" lon="30.33900470472872257232666015625">
        <ele>13.6000003814697265625</ele>
        <time>2026-04-22T07:29:22.000Z</time>
        <extensions>
          <ns3:TrackPointExtension>
            <ns3:atemp>16.0</ns3:atemp>
            <ns3:hr>105</ns3:hr>
          </ns3:TrackPointExtension>
        </extensions>
      </trkpt>
      <trkpt lat="59.98487102799117565155029296875" lon="30.3389035351574420928955078125">
        <ele>13.80000019073486328125</ele>
        <time>2026-04-22T07:29:23.000Z</time>
        <extensions>
          <ns3:TrackPointExtension>
            <ns3:atemp>16.0</ns3:atemp>
            <ns3:hr>105</ns3:hr>
          </ns3:TrackPointExtension>
        </extensions>
      </trkpt>
      <trkpt lat="59.98482517898082733154296875" lon="30.3385863639414310455322265625">
        <ele>14.6000003814697265625</ele>
        <time>2026-04-22T07:29:26.000Z</time>
        <extensions>
          <ns3:TrackPointExtension>
            <ns3:atemp>16.0</ns3:atemp>
            <ns3:hr>108</ns3:hr>
          </ns3:TrackPointExtension>
        </extensions>
      </trkpt>
      <trkpt lat="59.98476441018283367156982421875" lon="30.33837296068668365478515625">
        <ele>14.80000019073486328125</ele>
        <time>2026-04-22T07:29:28.000Z</time>
        <extensions>
          <ns3:TrackPointExtension>
            <ns3:atemp>16.0</ns3:atemp>
            <ns3:hr>107</ns3:hr>
          </ns3:TrackPointExtension>
        </extensions>
      </trkpt>
      <trkpt lat="59.98472535051405429840087890625" lon="30.337732918560504913330078125">
        <ele>13.80000019073486328125</ele>
        <time>2026-04-22T07:29:33.000Z</time>
        <extensions>
          <ns3:TrackPointExtension>
            <ns3:atemp>16.0</ns3:atemp>
            <ns3:hr>110</ns3:hr>
          </ns3:TrackPointExtension>
        </extensions>
      </trkpt>
      <trkpt lat="59.98471126891672611236572265625" lon="30.33761280588805675506591796875">
        <ele>13.6000003814697265625</ele>
        <time>2026-04-22T07:29:34.000Z</time>
        <extensions>
          <ns3:TrackPointExtension>
            <ns3:atemp>16.0</ns3:atemp>
            <ns3:hr>110</ns3:hr>
          </ns3:TrackPointExtension>
        </extensions>
      </trkpt>
      <trkpt lat="59.9846701137721538543701171875" lon="30.336672775447368621826171875">
        <ele>13.3999996185302734375</ele>
        <time>2026-04-22T07:29:42.000Z</time>
        <extensions>
          <ns3:TrackPointExtension>
            <ns3:atemp>16.0</ns3:atemp>
            <ns3:hr>108</ns3:hr>
          </ns3:TrackPointExtension>
        </extensions>
      </trkpt>
      <trkpt lat="59.984636418521404266357421875" lon="30.33633607439696788787841796875">
        <ele>12.6000003814697265625</ele>
        <time>2026-04-22T07:29:45.000Z</time>
        <extensions>
          <ns3:TrackPointExtension>
            <ns3:atemp>16.0</ns3:atemp>
            <ns3:hr>111</ns3:hr>
          </ns3:TrackPointExtension>
        </extensions>
      </trkpt>
      <trkpt lat="59.98460230417549610137939453125" lon="30.33591262064874172210693359375">
        <ele>12.6000003814697265625</ele>
        <time>2026-04-22T07:29:49.000Z</time>
        <extensions>
          <ns3:TrackPointExtension>
            <ns3:atemp>16.0</ns3:atemp>
            <ns3:hr>109</ns3:hr>
          </ns3:TrackPointExtension>
        </extensions>
      </trkpt>
      <trkpt lat="59.984468780457973480224609375" lon="30.33511784859001636505126953125">
        <ele>13.3999996185302734375</ele>
        <time>2026-04-22T07:29:56.000Z</time>
        <extensions>
          <ns3:TrackPointExtension>
            <ns3:atemp>16.0</ns3:atemp>
            <ns3:hr>108</ns3:hr>
          </ns3:TrackPointExtension>
        </extensions>
      </trkpt>
      <trkpt lat="59.98441086150705814361572265625" lon="30.33478508703410625457763671875">
        <ele>13.3999996185302734375</ele>
        <time>2026-04-22T07:29:59.000Z</time>
        <extensions>
          <ns3:TrackPointExtension>
            <ns3:atemp>16.0</ns3:atemp>
            <ns3:hr>112</ns3:hr>
          </ns3:TrackPointExtension>
        </extensions>
      </trkpt>
      <trkpt lat="59.984348081052303314208984375" lon="30.33458760939538478851318359375">
        <ele>13.3999996185302734375</ele>
        <time>2026-04-22T07:30:01.000Z</time>
        <extensions>
          <ns3:TrackPointExtension>
            <ns3:atemp>16.0</ns3:atemp>
            <ns3:hr>114</ns3:hr>
          </ns3:TrackPointExtension>
        </extensions>
      </trkpt>
      <trkpt lat="59.98419041745364665985107421875" lon="30.334104560315608978271484375">
        <ele>13</ele>
        <time>2026-04-22T07:30:06.000Z</time>
        <extensions>
          <ns3:TrackPointExtension>
            <ns3:atemp>16.0</ns3:atemp>
            <ns3:hr>111</ns3:hr>
          </ns3:TrackPointExtension>
        </extensions>
      </trkpt>
      <trkpt lat="59.9840917624533176422119140625" lon="30.3338482417166233062744140625">
        <ele>13</ele>
        <time>2026-04-22T07:30:09.000Z</time>
        <extensions>
          <ns3:TrackPointExtension>
            <ns3:atemp>16.0</ns3:atemp>
            <ns3:hr>112</ns3:hr>
          </ns3:TrackPointExtension>
        </extensions>
      </trkpt>
      <trkpt lat="59.983806610107421875" lon="30.3331646136939525604248046875">
        <ele>13.3999996185302734375</ele>
        <time>2026-04-22T07:30:17.000Z</time>
        <extensions>
          <ns3:TrackPointExtension>
            <ns3:atemp>16.0</ns3:atemp>
            <ns3:hr>111</ns3:hr>
          </ns3:TrackPointExtension>
        </extensions>
      </trkpt>
      <trkpt lat="59.98376528732478618621826171875" lon="30.3330771066248416900634765625">
        <ele>13.6000003814697265625</ele>
        <time>2026-04-22T07:30:18.000Z</time>
        <extensions>
          <ns3:TrackPointExtension>
            <ns3:atemp>16.0</ns3:atemp>
            <ns3:hr>112</ns3:hr>
          </ns3:TrackPointExtension>
        </extensions>
      </trkpt>
      <trkpt lat="59.98349388130009174346923828125" lon="30.33245089463889598846435546875">
        <ele>12.3999996185302734375</ele>
        <time>2026-04-22T07:30:25.000Z</time>
        <extensions>
          <ns3:TrackPointExtension>
            <ns3:atemp>15.0</ns3:atemp>
            <ns3:hr>110</ns3:hr>
          </ns3:TrackPointExtension>
        </extensions>
      </trkpt>
      <trkpt lat="59.983383826911449432373046875" lon="30.3321856074035167694091796875">
        <ele>12.3999996185302734375</ele>
        <time>2026-04-22T07:30:28.000Z</time>
        <extensions>
          <ns3:TrackPointExtension>
            <ns3:atemp>15.0</ns3:atemp>
            <ns3:hr>107</ns3:hr>
          </ns3:TrackPointExtension>
        </extensions>
      </trkpt>
      <trkpt lat="59.9832203797996044158935546875" lon="30.3318464756011962890625">
        <ele>12.3999996185302734375</ele>
        <time>2026-04-22T07:30:32.000Z</time>
        <extensions>
          <ns3:TrackPointExtension>
            <ns3:atemp>15.0</ns3:atemp>
            <ns3:hr>107</ns3:hr>
          </ns3:TrackPointExtension>
        </extensions>
      </trkpt>
      <trkpt lat="59.98295861296355724334716796875" lon="30.3312671184539794921875">
        <ele>11.3999996185302734375</ele>
        <time>2026-04-22T07:30:39.000Z</time>
        <extensions>
          <ns3:TrackPointExtension>
            <ns3:atemp>15.0</ns3:atemp>
            <ns3:hr>109</ns3:hr>
          </ns3:TrackPointExtension>
        </extensions>
      </trkpt>
      <trkpt lat="59.98292542062699794769287109375" lon="30.3311874903738498687744140625">
        <ele>11.3999996185302734375</ele>
        <time>2026-04-22T07:30:40.000Z</time>
        <extensions>
          <ns3:TrackPointExtension>
            <ns3:atemp>15.0</ns3:atemp>
            <ns3:hr>110</ns3:hr>
          </ns3:TrackPointExtension>
        </extensions>
      </trkpt>
      <trkpt lat="59.9828435294330120086669921875" lon="30.33097299747169017791748046875">
        <ele>11.80000019073486328125</ele>
        <time>2026-04-22T07:30:44.000Z</time>
        <extensions>
          <ns3:TrackPointExtension>
            <ns3:atemp>15.0</ns3:atemp>
            <ns3:hr>111</ns3:hr>
          </ns3:TrackPointExtension>
        </extensions>
      </trkpt>
      <trkpt lat="59.98281109146773815155029296875" lon="30.33087811432778835296630859375">
        <ele>12.3999996185302734375</ele>
        <time>2026-04-22T07:30:46.000Z</time>
        <extensions>
          <ns3:TrackPointExtension>
            <ns3:atemp>15.0</ns3:atemp>
            <ns3:hr>112</ns3:hr>
          </ns3:TrackPointExtension>
        </extensions>
      </trkpt>
      <trkpt lat="59.98273632489144802093505859375" lon="30.33070293255150318145751953125">
        <ele>12.6000003814697265625</ele>
        <time>2026-04-22T07:30:49.000Z</time>
        <extensions>
          <ns3:TrackPointExtension>
            <ns3:atemp>15.0</ns3:atemp>
            <ns3:hr>111</ns3:hr>
          </ns3:TrackPointExtension>
        </extensions>
      </trkpt>
      <trkpt lat="59.9826574511826038360595703125" lon="30.330486595630645751953125">
        <ele>12.19999980926513671875</ele>
        <time>2026-04-22T07:30:52.000Z</time>
        <extensions>
          <ns3:TrackPointExtension>
            <ns3:atemp>15.0</ns3:atemp>
            <ns3:hr>115</ns3:hr>
          </ns3:TrackPointExtension>
        </extensions>
      </trkpt>
      <trkpt lat="59.9825927428901195526123046875" lon="30.33033295534551143646240234375">
        <ele>12.19999980926513671875</ele>
        <time>2026-04-22T07:30:54.000Z</time>
        <extensions>
          <ns3:TrackPointExtension>
            <ns3:atemp>15.0</ns3:atemp>
            <ns3:hr>119</ns3:hr>
          </ns3:TrackPointExtension>
        </extensions>
      </trkpt>
      <trkpt lat="59.98256131075322628021240234375" lon="30.33025450073182582855224609375">
        <ele>12.6000003814697265625</ele>
        <time>2026-04-22T07:30:55.000Z</time>
        <extensions>
          <ns3:TrackPointExtension>
            <ns3:atemp>15.0</ns3:atemp>
            <ns3:hr>120</ns3:hr>
          </ns3:TrackPointExtension>
        </extensions>
      </trkpt>
      <trkpt lat="59.98227615840733051300048828125" lon="30.3295610658824443817138671875">
        <ele>12.19999980926513671875</ele>
        <time>2026-04-22T07:31:04.000Z</time>
        <extensions>
          <ns3:TrackPointExtension>
            <ns3:atemp>15.0</ns3:atemp>
            <ns3:hr>120</ns3:hr>
          </ns3:TrackPointExtension>
        </extensions>
      </trkpt>
      <trkpt lat="59.98198111541569232940673828125" lon="30.32893502153456211090087890625">
        <ele>12</ele>
        <time>2026-04-22T07:31:12.000Z</time>
        <extensions>
          <ns3:TrackPointExtension>
            <ns3:atemp>15.0</ns3:atemp>
            <ns3:hr>120</ns3:hr>
          </ns3:TrackPointExtension>
        </extensions>
      </trkpt>
      <trkpt lat="59.98190316371619701385498046875" lon="30.3287874162197113037109375">
        <ele>12</ele>
        <time>2026-04-22T07:31:14.000Z</time>
        <extensions>
          <ns3:TrackPointExtension>
            <ns3:atemp>15.0</ns3:atemp>
            <ns3:hr>123</ns3:hr>
          </ns3:TrackPointExtension>
        </extensions>
      </trkpt>
      <trkpt lat="59.98170576989650726318359375" lon="30.32842255197465419769287109375">
        <ele>11.3999996185302734375</ele>
        <time>2026-04-22T07:31:19.000Z</time>
        <extensions>
          <ns3:TrackPointExtension>
            <ns3:atemp>15.0</ns3:atemp>
            <ns3:hr>122</ns3:hr>
          </ns3:TrackPointExtension>
        </extensions>
      </trkpt>
      <trkpt lat="59.98166687786579132080078125" lon="30.3283394873142242431640625">
        <ele>11.3999996185302734375</ele>
        <time>2026-04-22T07:31:20.000Z</time>
        <extensions>
          <ns3:TrackPointExtension>
            <ns3:atemp>15.0</ns3:atemp>
            <ns3:hr>123</ns3:hr>
          </ns3:TrackPointExtension>
        </extensions>
      </trkpt>
      <trkpt lat="59.98143780045211315155029296875" lon="30.32785509712994098663330078125">
        <ele>11.19999980926513671875</ele>
        <time>2026-04-22T07:31:26.000Z</time>
        <extensions>
          <ns3:TrackPointExtension>
            <ns3:atemp>15.0</ns3:atemp>
            <ns3:hr>124</ns3:hr>
          </ns3:TrackPointExtension>
        </extensions>
      </trkpt>
      <trkpt lat="59.981200508773326873779296875" lon="30.32729233615100383758544921875">
        <ele>10.6000003814697265625</ele>
        <time>2026-04-22T07:31:33.000Z</time>
        <extensions>
          <ns3:TrackPointExtension>
            <ns3:atemp>15.0</ns3:atemp>
            <ns3:hr>121</ns3:hr>
          </ns3:TrackPointExtension>
        </extensions>
      </trkpt>
      <trkpt lat="59.98116622678935527801513671875" lon="30.32721840776503086090087890625">
        <ele>10.6000003814697265625</ele>
        <time>2026-04-22T07:31:34.000Z</time>
        <extensions>
          <ns3:TrackPointExtension>
            <ns3:atemp>15.0</ns3:atemp>
            <ns3:hr>122</ns3:hr>
          </ns3:TrackPointExtension>
        </extensions>
      </trkpt>
      <trkpt lat="59.98113336972892284393310546875" lon="30.3271313197910785675048828125">
        <ele>10.3999996185302734375</ele>
        <time>2026-04-22T07:31:35.000Z</time>
        <extensions>
          <ns3:TrackPointExtension>
            <ns3:atemp>15.0</ns3:atemp>
            <ns3:hr>122</ns3:hr>
          </ns3:TrackPointExtension>
        </extensions>
      </trkpt>
      <trkpt lat="59.9809780530631542205810546875" lon="30.326733179390430450439453125">
        <ele>11.19999980926513671875</ele>
        <time>2026-04-22T07:31:40.000Z</time>
        <extensions>
          <ns3:TrackPointExtension>
            <ns3:atemp>15.0</ns3:atemp>
            <ns3:hr>116</ns3:hr>
          </ns3:TrackPointExtension>
        </extensions>
      </trkpt>
      <trkpt lat="59.98094729147851467132568359375" lon="30.32665698789060115814208984375">
        <ele>11.6000003814697265625</ele>
        <time>2026-04-22T07:31:41.000Z</time>
        <extensions>
          <ns3:TrackPointExtension>
            <ns3:atemp>15.0</ns3:atemp>
            <ns3:hr>110</ns3:hr>
          </ns3:TrackPointExtension>
        </extensions>
      </trkpt>
      <trkpt lat="59.98090655542910099029541015625" lon="30.326593033969402313232421875">
        <ele>11.80000019073486328125</ele>
        <time>2026-04-22T07:31:42.000Z</time>
        <extensions>
          <ns3:TrackPointExtension>
            <ns3:atemp>15.0</ns3:atemp>
            <ns3:hr>105</ns3:hr>
          </ns3:TrackPointExtension>
        </extensions>
      </trkpt>
      <trkpt lat="59.98086179606616497039794921875" lon="30.32653109170496463775634765625">
        <ele>12.19999980926513671875</ele>
        <time>2026-04-22T07:31:43.000Z</time>
        <extensions>
          <ns3:TrackPointExtension>
            <ns3:atemp>15.0</ns3:atemp>
            <ns3:hr>108</ns3:hr>
          </ns3:TrackPointExtension>
        </extensions>
      </trkpt>
      <trkpt lat="59.98082441277801990509033203125" lon="30.32646261155605316162109375">
        <ele>12.3999996185302734375</ele>
        <time>2026-04-22T07:31:44.000Z</time>
        <extensions>
          <ns3:TrackPointExtension>
            <ns3:atemp>15.0</ns3:atemp>
            <ns3:hr>108</ns3:hr>
          </ns3:TrackPointExtension>
        </extensions>
      </trkpt>
      <trkpt lat="59.98078443109989166259765625" lon="30.3263895213603973388671875">
        <ele>13.80000019073486328125</ele>
        <time>2026-04-22T07:31:45.000Z</time>
        <extensions>
          <ns3:TrackPointExtension>
            <ns3:atemp>15.0</ns3:atemp>
            <ns3:hr>108</ns3:hr>
          </ns3:TrackPointExtension>
        </extensions>
      </trkpt>
      <trkpt lat="59.98073992319405078887939453125" lon="30.32630796544253826141357421875">
        <ele>14.3999996185302734375</ele>
        <time>2026-04-22T07:31:46.000Z</time>
        <extensions>
          <ns3:TrackPointExtension>
            <ns3:atemp>15.0</ns3:atemp>
            <ns3:hr>108</ns3:hr>
          </ns3:TrackPointExtension>
        </extensions>
      </trkpt>
      <trkpt lat="59.980670772492885589599609375" lon="30.32612121663987636566162109375">
        <ele>14.80000019073486328125</ele>
        <time>2026-04-22T07:31:48.000Z</time>
        <extensions>
          <ns3:TrackPointExtension>
            <ns3:atemp>15.0</ns3:atemp>
            <ns3:hr>106</ns3:hr>
          </ns3:TrackPointExtension>
        </extensions>
      </trkpt>
      <trkpt lat="59.980629198253154754638671875" lon="30.326026417315006256103515625">
        <ele>15</ele>
        <time>2026-04-22T07:31:49.000Z</time>
        <extensions>
          <ns3:TrackPointExtension>
            <ns3:atemp>15.0</ns3:atemp>
            <ns3:hr>108</ns3:hr>
          </ns3:TrackPointExtension>
        </extensions>
      </trkpt>
      <trkpt lat="59.980554096400737762451171875" lon="30.32583522610366344451904296875">
        <ele>13.6000003814697265625</ele>
        <time>2026-04-22T07:31:51.000Z</time>
        <extensions>
          <ns3:TrackPointExtension>
            <ns3:atemp>15.0</ns3:atemp>
            <ns3:hr>107</ns3:hr>
          </ns3:TrackPointExtension>
        </extensions>
      </trkpt>
      <trkpt lat="59.98051847331225872039794921875" lon="30.32574369572103023529052734375">
        <ele>13.3999996185302734375</ele>
        <time>2026-04-22T07:31:52.000Z</time>
        <extensions>
          <ns3:TrackPointExtension>
            <ns3:atemp>15.0</ns3:atemp>
            <ns3:hr>107</ns3:hr>
          </ns3:TrackPointExtension>
        </extensions>
      </trkpt>
      <trkpt lat="59.980485700070858001708984375" lon="30.32565618865191936492919921875">
        <ele>13.3999996185302734375</ele>
        <time>2026-04-22T07:31:53.000Z</time>
        <extensions>
          <ns3:TrackPointExtension>
            <ns3:atemp>15.0</ns3:atemp>
            <ns3:hr>112</ns3:hr>
          </ns3:TrackPointExtension>
        </extensions>
      </trkpt>
      <trkpt lat="59.9804513342678546905517578125" lon="30.3255776502192020416259765625">
        <ele>13.19999980926513671875</ele>
        <time>2026-04-22T07:31:54.000Z</time>
        <extensions>
          <ns3:TrackPointExtension>
            <ns3:atemp>15.0</ns3:atemp>
            <ns3:hr>112</ns3:hr>
          </ns3:TrackPointExtension>
        </extensions>
      </trkpt>
      <trkpt lat="59.98028864152729511260986328125" lon="30.32520599663257598876953125">
        <ele>14.6000003814697265625</ele>
        <time>2026-04-22T07:31:59.000Z</time>
        <extensions>
          <ns3:TrackPointExtension>
            <ns3:atemp>15.0</ns3:atemp>
            <ns3:hr>112</ns3:hr>
          </ns3:TrackPointExtension>
        </extensions>
      </trkpt>
      <trkpt lat="59.98025896959006786346435546875" lon="30.32513768412172794342041015625">
        <ele>14.80000019073486328125</ele>
        <time>2026-04-22T07:32:00.000Z</time>
        <extensions>
          <ns3:TrackPointExtension>
            <ns3:atemp>15.0</ns3:atemp>
            <ns3:hr>112</ns3:hr>
          </ns3:TrackPointExtension>
        </extensions>
      </trkpt>
      <trkpt lat="59.98008848167955875396728515625" lon="30.32477105967700481414794921875">
        <ele>15.19999980926513671875</ele>
        <time>2026-04-22T07:32:06.000Z</time>
        <extensions>
          <ns3:TrackPointExtension>
            <ns3:atemp>15.0</ns3:atemp>
            <ns3:hr>109</ns3:hr>
          </ns3:TrackPointExtension>
        </extensions>
      </trkpt>
      <trkpt lat="59.98006165958940982818603515625" lon="30.32471540383994579315185546875">
        <ele>15.3999996185302734375</ele>
        <time>2026-04-22T07:32:07.000Z</time>
        <extensions>
          <ns3:TrackPointExtension>
            <ns3:atemp>15.0</ns3:atemp>
            <ns3:hr>111</ns3:hr>
          </ns3:TrackPointExtension>
        </extensions>
      </trkpt>
      <trkpt lat="59.9799581430852413177490234375" lon="30.3244849853217601776123046875">
        <ele>16</ele>
        <time>2026-04-22T07:32:11.000Z</time>
        <extensions>
          <ns3:TrackPointExtension>
            <ns3:atemp>15.0</ns3:atemp>
            <ns3:hr>109</ns3:hr>
          </ns3:TrackPointExtension>
        </extensions>
      </trkpt>
      <trkpt lat="59.97984959743916988372802734375" lon="30.32424149103462696075439453125">
        <ele>17</ele>
        <time>2026-04-22T07:32:15.000Z</time>
        <extensions>
          <ns3:TrackPointExtension>
            <ns3:atemp>15.0</ns3:atemp>
            <ns3:hr>112</ns3:hr>
          </ns3:TrackPointExtension>
        </extensions>
      </trkpt>
      <trkpt lat="59.9798267148435115814208984375" lon="30.32418969087302684783935546875">
        <ele>17</ele>
        <time>2026-04-22T07:32:16.000Z</time>
        <extensions>
          <ns3:TrackPointExtension>
            <ns3:atemp>15.0</ns3:atemp>
            <ns3:hr>113</ns3:hr>
          </ns3:TrackPointExtension>
        </extensions>
      </trkpt>
      <trkpt lat="59.97977516613900661468505859375" lon="30.3240772895514965057373046875">
        <ele>17.3999996185302734375</ele>
        <time>2026-04-22T07:32:18.000Z</time>
        <extensions>
          <ns3:TrackPointExtension>
            <ns3:atemp>15.0</ns3:atemp>
            <ns3:hr>110</ns3:hr>
          </ns3:TrackPointExtension>
        </extensions>
      </trkpt>
      <trkpt lat="59.97969017364084720611572265625" lon="30.32388023100793361663818359375">
        <ele>18.200000762939453125</ele>
        <time>2026-04-22T07:32:21.000Z</time>
        <extensions>
          <ns3:TrackPointExtension>
            <ns3:atemp>15.0</ns3:atemp>
            <ns3:hr>110</ns3:hr>
          </ns3:TrackPointExtension>
        </extensions>
      </trkpt>
      <trkpt lat="59.97963435016572475433349609375" lon="30.3237524069845676422119140625">
        <ele>18.799999237060546875</ele>
        <time>2026-04-22T07:32:23.000Z</time>
        <extensions>
          <ns3:TrackPointExtension>
            <ns3:atemp>15.0</ns3:atemp>
            <ns3:hr>113</ns3:hr>
          </ns3:TrackPointExtension>
        </extensions>
      </trkpt>
      <trkpt lat="59.9796081148087978363037109375" lon="30.323699600994586944580078125">
        <ele>19</ele>
        <time>2026-04-22T07:32:24.000Z</time>
        <extensions>
          <ns3:TrackPointExtension>
            <ns3:atemp>15.0</ns3:atemp>
            <ns3:hr>114</ns3:hr>
          </ns3:TrackPointExtension>
        </extensions>
      </trkpt>
      <trkpt lat="59.97950828634202480316162109375" lon="30.32348209060728549957275390625">
        <ele>19.3999996185302734375</ele>
        <time>2026-04-22T07:32:28.000Z</time>
        <extensions>
          <ns3:TrackPointExtension>
            <ns3:atemp>15.0</ns3:atemp>
            <ns3:hr>114</ns3:hr>
          </ns3:TrackPointExtension>
        </extensions>
      </trkpt>
      <trkpt lat="59.9794287420809268951416015625" lon="30.32334429211914539337158203125">
        <ele>20</ele>
        <time>2026-04-22T07:32:31.000Z</time>
        <extensions>
          <ns3:TrackPointExtension>
            <ns3:atemp>15.0</ns3:atemp>
            <ns3:hr>111</ns3:hr>
          </ns3:TrackPointExtension>
        </extensions>
      </trkpt>
      <trkpt lat="59.97936286032199859619140625" lon="30.32325527630746364593505859375">
        <ele>20.3999996185302734375</ele>
        <time>2026-04-22T07:32:33.000Z</time>
        <extensions>
          <ns3:TrackPointExtension>
            <ns3:atemp>15.0</ns3:atemp>
            <ns3:hr>114</ns3:hr>
          </ns3:TrackPointExtension>
        </extensions>
      </trkpt>
      <trkpt lat="59.979122467339038848876953125" lon="30.322781614959239959716796875">
        <ele>21</ele>
        <time>2026-04-22T07:32:41.000Z</time>
        <extensions>
          <ns3:TrackPointExtension>
            <ns3:atemp>15.0</ns3:atemp>
            <ns3:hr>115</ns3:hr>
          </ns3:TrackPointExtension>
        </extensions>
      </trkpt>
      <trkpt lat="59.97895005159080028533935546875" lon="30.32249671407043933868408203125">
        <ele>20.6000003814697265625</ele>
        <time>2026-04-22T07:32:46.000Z</time>
        <extensions>
          <ns3:TrackPointExtension>
            <ns3:atemp>15.0</ns3:atemp>
            <ns3:hr>112</ns3:hr>
          </ns3:TrackPointExtension>
        </extensions>
      </trkpt>
      <trkpt lat="59.97883086092770099639892578125" lon="30.32227459363639354705810546875">
        <ele>21.3999996185302734375</ele>
        <time>2026-04-22T07:32:50.000Z</time>
        <extensions>
          <ns3:TrackPointExtension>
            <ns3:atemp>15.0</ns3:atemp>
            <ns3:hr>113</ns3:hr>
          </ns3:TrackPointExtension>
        </extensions>
      </trkpt>
      <trkpt lat="59.9786264263093471527099609375" lon="30.3218698315322399139404296875">
        <ele>20.3999996185302734375</ele>
        <time>2026-04-22T07:32:57.000Z</time>
        <extensions>
          <ns3:TrackPointExtension>
            <ns3:atemp>15.0</ns3:atemp>
            <ns3:hr>113</ns3:hr>
          </ns3:TrackPointExtension>
        </extensions>
      </trkpt>
      <trkpt lat="59.97856666333973407745361328125" lon="30.3217358887195587158203125">
        <ele>20.3999996185302734375</ele>
        <time>2026-04-22T07:32:59.000Z</time>
        <extensions>
          <ns3:TrackPointExtension>
            <ns3:atemp>15.0</ns3:atemp>
            <ns3:hr>116</ns3:hr>
          </ns3:TrackPointExtension>
        </extensions>
      </trkpt>
      <trkpt lat="59.9784175492823123931884765625" lon="30.3214443661272525787353515625">
        <ele>20.799999237060546875</ele>
        <time>2026-04-22T07:33:04.000Z</time>
        <extensions>
          <ns3:TrackPointExtension>
            <ns3:atemp>15.0</ns3:atemp>
            <ns3:hr>113</ns3:hr>
          </ns3:TrackPointExtension>
        </extensions>
      </trkpt>
      <trkpt lat="59.9783404357731342315673828125" lon="30.32131955958902835845947265625">
        <ele>20.3999996185302734375</ele>
        <time>2026-04-22T07:33:06.000Z</time>
        <extensions>
          <ns3:TrackPointExtension>
            <ns3:atemp>15.0</ns3:atemp>
            <ns3:hr>116</ns3:hr>
          </ns3:TrackPointExtension>
        </extensions>
      </trkpt>
      <trkpt lat="59.9783042259514331817626953125" lon="30.3212562762200832366943359375">
        <ele>20.200000762939453125</ele>
        <time>2026-04-22T07:33:07.000Z</time>
        <extensions>
          <ns3:TrackPointExtension>
            <ns3:atemp>15.0</ns3:atemp>
            <ns3:hr>113</ns3:hr>
          </ns3:TrackPointExtension>
        </extensions>
      </trkpt>
      <trkpt lat="59.9782287888228893280029296875" lon="30.32111956737935543060302734375">
        <ele>20.3999996185302734375</ele>
        <time>2026-04-22T07:33:09.000Z</time>
        <extensions>
          <ns3:TrackPointExtension>
            <ns3:atemp>15.0</ns3:atemp>
            <ns3:hr>117</ns3:hr>
          </ns3:TrackPointExtension>
        </extensions>
      </trkpt>
      <trkpt lat="59.97803575359284877777099609375" lon="30.32071321271359920501708984375">
        <ele>21.3999996185302734375</ele>
        <time>2026-04-22T07:33:14.000Z</time>
        <extensions>
          <ns3:TrackPointExtension>
            <ns3:atemp>15.0</ns3:atemp>
            <ns3:hr>118</ns3:hr>
          </ns3:TrackPointExtension>
        </extensions>
      </trkpt>
      <trkpt lat="59.97787289321422576904296875" lon="30.3203785233199596405029296875">
        <ele>21.3999996185302734375</ele>
        <time>2026-04-22T07:33:18.000Z</time>
        <extensions>
          <ns3:TrackPointExtension>
            <ns3:atemp>15.0</ns3:atemp>
            <ns3:hr>115</ns3:hr>
          </ns3:TrackPointExtension>
        </extensions>
      </trkpt>
      <trkpt lat="59.97763962484896183013916015625" lon="30.319967307150363922119140625">
        <ele>20</ele>
        <time>2026-04-22T07:33:23.000Z</time>
        <extensions>
          <ns3:TrackPointExtension>
            <ns3:atemp>15.0</ns3:atemp>
            <ns3:hr>115</ns3:hr>
          </ns3:TrackPointExtension>
        </extensions>
      </trkpt>
      <trkpt lat="59.97751942835748195648193359375" lon="30.31978902406990528106689453125">
        <ele>19.200000762939453125</ele>
        <time>2026-04-22T07:33:25.000Z</time>
        <extensions>
          <ns3:TrackPointExtension>
            <ns3:atemp>15.0</ns3:atemp>
            <ns3:hr>114</ns3:hr>
          </ns3:TrackPointExtension>
        </extensions>
      </trkpt>
      <trkpt lat="59.9774055182933807373046875" lon="30.3195659816265106201171875">
        <ele>18</ele>
        <time>2026-04-22T07:33:27.000Z</time>
        <extensions>
          <ns3:TrackPointExtension>
            <ns3:atemp>15.0</ns3:atemp>
            <ns3:hr>113</ns3:hr>
          </ns3:TrackPointExtension>
        </extensions>
      </trkpt>
      <trkpt lat="59.977272413671016693115234375" lon="30.31924738548696041107177734375">
        <ele>17.3999996185302734375</ele>
        <time>2026-04-22T07:33:30.000Z</time>
        <extensions>
          <ns3:TrackPointExtension>
            <ns3:atemp>15.0</ns3:atemp>
            <ns3:hr>110</ns3:hr>
          </ns3:TrackPointExtension>
        </extensions>
      </trkpt>
      <trkpt lat="59.9772169254720211029052734375" lon="30.3191475570201873779296875">
        <ele>17.200000762939453125</ele>
        <time>2026-04-22T07:33:31.000Z</time>
        <extensions>
          <ns3:TrackPointExtension>
            <ns3:atemp>15.0</ns3:atemp>
            <ns3:hr>111</ns3:hr>
          </ns3:TrackPointExtension>
        </extensions>
      </trkpt>
      <trkpt lat="59.97703394852578639984130859375" lon="30.31884890981018543243408203125">
        <ele>16.6000003814697265625</ele>
        <time>2026-04-22T07:33:34.000Z</time>
        <extensions>
          <ns3:TrackPointExtension>
            <ns3:atemp>15.0</ns3:atemp>
            <ns3:hr>110</ns3:hr>
          </ns3:TrackPointExtension>
        </extensions>
      </trkpt>
      <trkpt lat="59.97685977257788181304931640625" lon="30.3185790963470935821533203125">
        <ele>15.3999996185302734375</ele>
        <time>2026-04-22T07:33:37.000Z</time>
        <extensions>
          <ns3:TrackPointExtension>
            <ns3:atemp>15.0</ns3:atemp>
            <ns3:hr>108</ns3:hr>
          </ns3:TrackPointExtension>
        </extensions>
      </trkpt>
      <trkpt lat="59.9767314456403255462646484375" lon="30.31840064562857151031494140625">
        <ele>14.6000003814697265625</ele>
        <time>2026-04-22T07:33:39.000Z</time>
        <extensions>
          <ns3:TrackPointExtension>
            <ns3:atemp>15.0</ns3:atemp>
            <ns3:hr>106</ns3:hr>
          </ns3:TrackPointExtension>
        </extensions>
      </trkpt>
      <trkpt lat="59.9765949882566928863525390625" lon="30.3182485140860080718994140625">
        <ele>14.3999996185302734375</ele>
        <time>2026-04-22T07:33:41.000Z</time>
        <extensions>
          <ns3:TrackPointExtension>
            <ns3:atemp>15.0</ns3:atemp>
            <ns3:hr>107</ns3:hr>
          </ns3:TrackPointExtension>
        </extensions>
      </trkpt>
      <trkpt lat="59.976386614143848419189453125" lon="30.3180491924285888671875">
        <ele>13.3999996185302734375</ele>
        <time>2026-04-22T07:33:44.000Z</time>
        <extensions>
          <ns3:TrackPointExtension>
            <ns3:atemp>15.0</ns3:atemp>
            <ns3:hr>107</ns3:hr>
          </ns3:TrackPointExtension>
        </extensions>
      </trkpt>
      <trkpt lat="59.9762600474059581756591796875" lon="30.31792002730071544647216796875">
        <ele>13</ele>
        <time>2026-04-22T07:33:46.000Z</time>
        <extensions>
          <ns3:TrackPointExtension>
            <ns3:atemp>15.0</ns3:atemp>
            <ns3:hr>106</ns3:hr>
          </ns3:TrackPointExtension>
        </extensions>
      </trkpt>
      <trkpt lat="59.97601839713752269744873046875" lon="30.3177191130816936492919921875">
        <ele>11.80000019073486328125</ele>
        <time>2026-04-22T07:33:50.000Z</time>
        <extensions>
          <ns3:TrackPointExtension>
            <ns3:atemp>15.0</ns3:atemp>
            <ns3:hr>104</ns3:hr>
          </ns3:TrackPointExtension>
        </extensions>
      </trkpt>
      <trkpt lat="59.9759539403021335601806640625" lon="30.31767426989972591400146484375">
        <ele>11.6000003814697265625</ele>
        <time>2026-04-22T07:33:51.000Z</time>
        <extensions>
          <ns3:TrackPointExtension>
            <ns3:atemp>15.0</ns3:atemp>
            <ns3:hr>103</ns3:hr>
          </ns3:TrackPointExtension>
        </extensions>
      </trkpt>
      <trkpt lat="59.9757715500891208648681640625" lon="30.31749338842928409576416015625">
        <ele>11.19999980926513671875</ele>
        <time>2026-04-22T07:33:55.000Z</time>
        <extensions>
          <ns3:TrackPointExtension>
            <ns3:atemp>15.0</ns3:atemp>
            <ns3:hr>105</ns3:hr>
          </ns3:TrackPointExtension>
        </extensions>
      </trkpt>
      <trkpt lat="59.9757318198680877685546875" lon="30.3174150176346302032470703125">
        <ele>11.19999980926513671875</ele>
        <time>2026-04-22T07:33:56.000Z</time>
        <extensions>
          <ns3:TrackPointExtension>
            <ns3:atemp>15.0</ns3:atemp>
            <ns3:hr>109</ns3:hr>
          </ns3:TrackPointExtension>
        </extensions>
      </trkpt>
      <trkpt lat="59.9756840430200099945068359375" lon="30.31735357828438282012939453125">
        <ele>11.3999996185302734375</ele>
        <time>2026-04-22T07:33:57.000Z</time>
        <extensions>
          <ns3:TrackPointExtension>
            <ns3:atemp>15.0</ns3:atemp>
            <ns3:hr>113</ns3:hr>
          </ns3:TrackPointExtension>
        </extensions>
      </trkpt>
      <trkpt lat="59.97563400305807590484619140625" lon="30.3173060528934001922607421875">
        <ele>11.6000003814697265625</ele>
        <time>2026-04-22T07:33:58.000Z</time>
        <extensions>
          <ns3:TrackPointExtension>
            <ns3:atemp>15.0</ns3:atemp>
            <ns3:hr>113</ns3:hr>
          </ns3:TrackPointExtension>
        </extensions>
      </trkpt>
      <trkpt lat="59.97550056315958499908447265625" lon="30.3171833418309688568115234375">
        <ele>11.3999996185302734375</ele>
        <time>2026-04-22T07:34:01.000Z</time>
        <extensions>
          <ns3:TrackPointExtension>
            <ns3:atemp>15.0</ns3:atemp>
            <ns3:hr>112</ns3:hr>
          </ns3:TrackPointExtension>
        </extensions>
      </trkpt>
      <trkpt lat="59.9753321707248687744140625" lon="30.31715190969407558441162109375">
        <ele>10.80000019073486328125</ele>
        <time>2026-04-22T07:34:04.000Z</time>
        <extensions>
          <ns3:TrackPointExtension>
            <ns3:atemp>15.0</ns3:atemp>
            <ns3:hr>110</ns3:hr>
          </ns3:TrackPointExtension>
        </extensions>
      </trkpt>
      <trkpt lat="59.97524189762771129608154296875" lon="30.3171095810830593109130859375">
        <ele>10.80000019073486328125</ele>
        <time>2026-04-22T07:34:06.000Z</time>
        <extensions>
          <ns3:TrackPointExtension>
            <ns3:atemp>15.0</ns3:atemp>
            <ns3:hr>109</ns3:hr>
          </ns3:TrackPointExtension>
        </extensions>
      </trkpt>
      <trkpt lat="59.97517056763172149658203125" lon="30.3170545957982540130615234375">
        <ele>11.3999996185302734375</ele>
        <time>2026-04-22T07:34:08.000Z</time>
        <extensions>
          <ns3:TrackPointExtension>
            <ns3:atemp>15.0</ns3:atemp>
            <ns3:hr>111</ns3:hr>
          </ns3:TrackPointExtension>
        </extensions>
      </trkpt>
      <trkpt lat="59.97510217130184173583984375" lon="30.31703707762062549591064453125">
        <ele>11.80000019073486328125</ele>
        <time>2026-04-22T07:34:11.000Z</time>
        <extensions>
          <ns3:TrackPointExtension>
            <ns3:atemp>15.0</ns3:atemp>
            <ns3:hr>112</ns3:hr>
          </ns3:TrackPointExtension>
        </extensions>
      </trkpt>
      <trkpt lat="59.975025393068790435791015625" lon="30.31706012785434722900390625">
        <ele>11.3999996185302734375</ele>
        <time>2026-04-22T07:34:16.000Z</time>
        <extensions>
          <ns3:TrackPointExtension>
            <ns3:atemp>15.0</ns3:atemp>
            <ns3:hr>109</ns3:hr>
          </ns3:TrackPointExtension>
        </extensions>
      </trkpt>
      <trkpt lat="59.97502011246979236602783203125" lon="30.31706004403531551361083984375">
        <ele>12</ele>
        <time>2026-04-22T07:34:17.000Z</time>
        <extensions>
          <ns3:TrackPointExtension>
            <ns3:atemp>15.0</ns3:atemp>
            <ns3:hr>108</ns3:hr>
          </ns3:TrackPointExtension>
        </extensions>
      </trkpt>
      <trkpt lat="59.975026734173297882080078125" lon="30.31703322194516658782958984375">
        <ele>12.3999996185302734375</ele>
        <time>2026-04-22T07:34:25.000Z</time>
        <extensions>
          <ns3:TrackPointExtension>
            <ns3:atemp>15.0</ns3:atemp>
            <ns3:hr>109</ns3:hr>
          </ns3:TrackPointExtension>
        </extensions>
      </trkpt>
      <trkpt lat="59.97501910664141178131103515625" lon="30.31701662577688694000244140625">
        <ele>12.3999996185302734375</ele>
        <time>2026-04-22T07:34:26.000Z</time>
        <extensions>
          <ns3:TrackPointExtension>
            <ns3:atemp>15.0</ns3:atemp>
            <ns3:hr>109</ns3:hr>
          </ns3:TrackPointExtension>
        </extensions>
      </trkpt>
      <trkpt lat="59.97497987933456897735595703125" lon="30.3169731236994266510009765625">
        <ele>12.3999996185302734375</ele>
        <time>2026-04-22T07:34:28.000Z</time>
        <extensions>
          <ns3:TrackPointExtension>
            <ns3:atemp>15.0</ns3:atemp>
            <ns3:hr>110</ns3:hr>
          </ns3:TrackPointExtension>
        </extensions>
      </trkpt>
      <trkpt lat="59.97491416521370410919189453125" lon="30.316907577216625213623046875">
        <ele>12.3999996185302734375</ele>
        <time>2026-04-22T07:34:30.000Z</time>
        <extensions>
          <ns3:TrackPointExtension>
            <ns3:atemp>15.0</ns3:atemp>
            <ns3:hr>111</ns3:hr>
          </ns3:TrackPointExtension>
        </extensions>
      </trkpt>
      <trkpt lat="59.974780641496181488037109375" lon="30.31679031439125537872314453125">
        <ele>12.19999980926513671875</ele>
        <time>2026-04-22T07:34:33.000Z</time>
        <extensions>
          <ns3:TrackPointExtension>
            <ns3:atemp>15.0</ns3:atemp>
            <ns3:hr>111</ns3:hr>
          </ns3:TrackPointExtension>
        </extensions>
      </trkpt>
      <trkpt lat="59.97468634508550167083740234375" lon="30.3166810981929302215576171875">
        <ele>12.19999980926513671875</ele>
        <time>2026-04-22T07:34:35.000Z</time>
        <extensions>
          <ns3:TrackPointExtension>
            <ns3:atemp>15.0</ns3:atemp>
            <ns3:hr>108</ns3:hr>
          </ns3:TrackPointExtension>
        </extensions>
      </trkpt>
      <trkpt lat="59.9744897894561290740966796875" lon="30.316515974700450897216796875">
        <ele>11.19999980926513671875</ele>
        <time>2026-04-22T07:34:39.000Z</time>
        <extensions>
          <ns3:TrackPointExtension>
            <ns3:atemp>15.0</ns3:atemp>
            <ns3:hr>105</ns3:hr>
          </ns3:TrackPointExtension>
        </extensions>
      </trkpt>
      <trkpt lat="59.97408737428486347198486328125" lon="30.31625336967408657073974609375">
        <ele>11.6000003814697265625</ele>
        <time>2026-04-22T07:34:47.000Z</time>
        <extensions>
          <ns3:TrackPointExtension>
            <ns3:atemp>15.0</ns3:atemp>
            <ns3:hr>105</ns3:hr>
          </ns3:TrackPointExtension>
        </extensions>
      </trkpt>
      <trkpt lat="59.97390816919505596160888671875" lon="30.31612143851816654205322265625">
        <ele>11.80000019073486328125</ele>
        <time>2026-04-22T07:34:51.000Z</time>
        <extensions>
          <ns3:TrackPointExtension>
            <ns3:atemp>15.0</ns3:atemp>
            <ns3:hr>102</ns3:hr>
          </ns3:TrackPointExtension>
        </extensions>
      </trkpt>
      <trkpt lat="59.97377724386751651763916015625" lon="30.316023789346218109130859375">
        <ele>11.80000019073486328125</ele>
        <time>2026-04-22T07:34:54.000Z</time>
        <extensions>
          <ns3:TrackPointExtension>
            <ns3:atemp>15.0</ns3:atemp>
            <ns3:hr>103</ns3:hr>
          </ns3:TrackPointExtension>
        </extensions>
      </trkpt>
      <trkpt lat="59.973558224737644195556640625" lon="30.31584441661834716796875">
        <ele>11.19999980926513671875</ele>
        <time>2026-04-22T07:35:00.000Z</time>
        <extensions>
          <ns3:TrackPointExtension>
            <ns3:atemp>15.0</ns3:atemp>
            <ns3:hr>106</ns3:hr>
          </ns3:TrackPointExtension>
        </extensions>
      </trkpt>
      <trkpt lat="59.973418414592742919921875" lon="30.3157493658363819122314453125">
        <ele>10.6000003814697265625</ele>
        <time>2026-04-22T07:35:03.000Z</time>
        <extensions>
          <ns3:TrackPointExtension>
            <ns3:atemp>15.0</ns3:atemp>
            <ns3:hr>109</ns3:hr>
          </ns3:TrackPointExtension>
        </extensions>
      </trkpt>
      <trkpt lat="59.9732455797493457794189453125" lon="30.3156390599906444549560546875">
        <ele>10.80000019073486328125</ele>
        <time>2026-04-22T07:35:07.000Z</time>
        <extensions>
          <ns3:TrackPointExtension>
            <ns3:atemp>15.0</ns3:atemp>
            <ns3:hr>110</ns3:hr>
          </ns3:TrackPointExtension>
        </extensions>
      </trkpt>
      <trkpt lat="59.97314558364450931549072265625" lon="30.3155944682657718658447265625">
        <ele>11.19999980926513671875</ele>
        <time>2026-04-22T07:35:09.000Z</time>
        <extensions>
          <ns3:TrackPointExtension>
            <ns3:atemp>15.0</ns3:atemp>
            <ns3:hr>116</ns3:hr>
          </ns3:TrackPointExtension>
        </extensions>
      </trkpt>
      <trkpt lat="59.97304567135870456695556640625" lon="30.3155388124287128448486328125">
        <ele>11.3999996185302734375</ele>
        <time>2026-04-22T07:35:11.000Z</time>
        <extensions>
          <ns3:TrackPointExtension>
            <ns3:atemp>15.0</ns3:atemp>
            <ns3:hr>121</ns3:hr>
          </ns3:TrackPointExtension>
        </extensions>
      </trkpt>
      <trkpt lat="59.97299789451062679290771484375" lon="30.31551249325275421142578125">
        <ele>11.3999996185302734375</ele>
        <time>2026-04-22T07:35:12.000Z</time>
        <extensions>
          <ns3:TrackPointExtension>
            <ns3:atemp>15.0</ns3:atemp>
            <ns3:hr>121</ns3:hr>
          </ns3:TrackPointExtension>
        </extensions>
      </trkpt>
      <trkpt lat="59.97290217317640781402587890625" lon="30.3154528141021728515625">
        <ele>11.6000003814697265625</ele>
        <time>2026-04-22T07:35:14.000Z</time>
        <extensions>
          <ns3:TrackPointExtension>
            <ns3:atemp>15.0</ns3:atemp>
            <ns3:hr>124</ns3:hr>
          </ns3:TrackPointExtension>
        </extensions>
      </trkpt>
      <trkpt lat="59.97281298972666263580322265625" lon="30.31537234783172607421875">
        <ele>11.6000003814697265625</ele>
        <time>2026-04-22T07:35:16.000Z</time>
        <extensions>
          <ns3:TrackPointExtension>
            <ns3:atemp>15.0</ns3:atemp>
            <ns3:hr>124</ns3:hr>
          </ns3:TrackPointExtension>
        </extensions>
      </trkpt>
      <trkpt lat="59.97250319458544254302978515625" lon="30.31512013636529445648193359375">
        <ele>12.3999996185302734375</ele>
        <time>2026-04-22T07:35:22.000Z</time>
        <extensions>
          <ns3:TrackPointExtension>
            <ns3:atemp>15.0</ns3:atemp>
            <ns3:hr>122</ns3:hr>
          </ns3:TrackPointExtension>
        </extensions>
      </trkpt>
      <trkpt lat="59.97235634364187717437744140625" lon="30.31500496901571750640869140625">
        <ele>12.6000003814697265625</ele>
        <time>2026-04-22T07:35:25.000Z</time>
        <extensions>
          <ns3:TrackPointExtension>
            <ns3:atemp>15.0</ns3:atemp>
            <ns3:hr>119</ns3:hr>
          </ns3:TrackPointExtension>
        </extensions>
      </trkpt>
      <trkpt lat="59.97212751768529415130615234375" lon="30.31480363570153713226318359375">
        <ele>12.19999980926513671875</ele>
        <time>2026-04-22T07:35:30.000Z</time>
        <extensions>
          <ns3:TrackPointExtension>
            <ns3:atemp>15.0</ns3:atemp>
            <ns3:hr>117</ns3:hr>
          </ns3:TrackPointExtension>
        </extensions>
      </trkpt>
      <trkpt lat="59.972030706703662872314453125" lon="30.31473507173359394073486328125">
        <ele>11.80000019073486328125</ele>
        <time>2026-04-22T07:35:32.000Z</time>
        <extensions>
          <ns3:TrackPointExtension>
            <ns3:atemp>15.0</ns3:atemp>
            <ns3:hr>120</ns3:hr>
          </ns3:TrackPointExtension>
        </extensions>
      </trkpt>
      <trkpt lat="59.97175150550901889801025390625" lon="30.31449400819838047027587890625">
        <ele>12.19999980926513671875</ele>
        <time>2026-04-22T07:35:38.000Z</time>
        <extensions>
          <ns3:TrackPointExtension>
            <ns3:atemp>15.0</ns3:atemp>
            <ns3:hr>119</ns3:hr>
          </ns3:TrackPointExtension>
        </extensions>
      </trkpt>
      <trkpt lat="59.97139208950102329254150390625" lon="30.31425076536834239959716796875">
        <ele>12.3999996185302734375</ele>
        <time>2026-04-22T07:35:45.000Z</time>
        <extensions>
          <ns3:TrackPointExtension>
            <ns3:atemp>15.0</ns3:atemp>
            <ns3:hr>121</ns3:hr>
          </ns3:TrackPointExtension>
        </extensions>
      </trkpt>
      <trkpt lat="59.971110038459300994873046875" lon="30.3141779266297817230224609375">
        <ele>11.6000003814697265625</ele>
        <time>2026-04-22T07:35:49.000Z</time>
        <extensions>
          <ns3:TrackPointExtension>
            <ns3:atemp>15.0</ns3:atemp>
            <ns3:hr>122</ns3:hr>
          </ns3:TrackPointExtension>
        </extensions>
      </trkpt>
      <trkpt lat="59.9708654545247554779052734375" lon="30.31410642899572849273681640625">
        <ele>11.6000003814697265625</ele>
        <time>2026-04-22T07:35:53.000Z</time>
        <extensions>
          <ns3:TrackPointExtension>
            <ns3:atemp>15.0</ns3:atemp>
            <ns3:hr>123</ns3:hr>
          </ns3:TrackPointExtension>
        </extensions>
      </trkpt>
      <trkpt lat="59.970703013241291046142578125" lon="30.31406133435666561126708984375">
        <ele>11.6000003814697265625</ele>
        <time>2026-04-22T07:35:56.000Z</time>
        <extensions>
          <ns3:TrackPointExtension>
            <ns3:atemp>15.0</ns3:atemp>
            <ns3:hr>120</ns3:hr>
          </ns3:TrackPointExtension>
        </extensions>
      </trkpt>
      <trkpt lat="59.9705187790095806121826171875" lon="30.3140406310558319091796875">
        <ele>11.6000003814697265625</ele>
        <time>2026-04-22T07:35:59.000Z</time>
        <extensions>
          <ns3:TrackPointExtension>
            <ns3:atemp>15.0</ns3:atemp>
            <ns3:hr>120</ns3:hr>
          </ns3:TrackPointExtension>
        </extensions>
      </trkpt>
      <trkpt lat="59.970458261668682098388671875" lon="30.314022190868854522705078125">
        <ele>11.6000003814697265625</ele>
        <time>2026-04-22T07:36:00.000Z</time>
        <extensions>
          <ns3:TrackPointExtension>
            <ns3:atemp>15.0</ns3:atemp>
            <ns3:hr>120</ns3:hr>
          </ns3:TrackPointExtension>
        </extensions>
      </trkpt>
      <trkpt lat="59.9702037870883941650390625" lon="30.31394449062645435333251953125">
        <ele>12</ele>
        <time>2026-04-22T07:36:04.000Z</time>
        <extensions>
          <ns3:TrackPointExtension>
            <ns3:atemp>15.0</ns3:atemp>
            <ns3:hr>121</ns3:hr>
          </ns3:TrackPointExtension>
        </extensions>
      </trkpt>
      <trkpt lat="59.9701335467398166656494140625" lon="30.3139251284301280975341796875">
        <ele>12</ele>
        <time>2026-04-22T07:36:05.000Z</time>
        <extensions>
          <ns3:TrackPointExtension>
            <ns3:atemp>15.0</ns3:atemp>
            <ns3:hr>124</ns3:hr>
          </ns3:TrackPointExtension>
        </extensions>
      </trkpt>
      <trkpt lat="59.9699531681835651397705078125" lon="30.31390425749123096466064453125">
        <ele>12.3999996185302734375</ele>
        <time>2026-04-22T07:36:08.000Z</time>
        <extensions>
          <ns3:TrackPointExtension>
            <ns3:atemp>15.0</ns3:atemp>
            <ns3:hr>121</ns3:hr>
          </ns3:TrackPointExtension>
        </extensions>
      </trkpt>
      <trkpt lat="59.969895668327808380126953125" lon="30.3139026649296283721923828125">
        <ele>12.3999996185302734375</ele>
        <time>2026-04-22T07:36:09.000Z</time>
        <extensions>
          <ns3:TrackPointExtension>
            <ns3:atemp>15.0</ns3:atemp>
            <ns3:hr>121</ns3:hr>
          </ns3:TrackPointExtension>
        </extensions>
      </trkpt>
      <trkpt lat="59.96936668641865253448486328125" lon="30.31389939598739147186279296875">
        <ele>12.3999996185302734375</ele>
        <time>2026-04-22T07:36:17.000Z</time>
        <extensions>
          <ns3:TrackPointExtension>
            <ns3:atemp>15.0</ns3:atemp>
            <ns3:hr>122</ns3:hr>
          </ns3:TrackPointExtension>
        </extensions>
      </trkpt>
      <trkpt lat="59.969142973423004150390625" lon="30.31393401324748992919921875">
        <ele>12.19999980926513671875</ele>
        <time>2026-04-22T07:36:21.000Z</time>
        <extensions>
          <ns3:TrackPointExtension>
            <ns3:atemp>15.0</ns3:atemp>
            <ns3:hr>125</ns3:hr>
          </ns3:TrackPointExtension>
        </extensions>
      </trkpt>
      <trkpt lat="59.96900659985840320587158203125" lon="30.31396091915667057037353515625">
        <ele>12</ele>
        <time>2026-04-22T07:36:24.000Z</time>
        <extensions>
          <ns3:TrackPointExtension>
            <ns3:atemp>15.0</ns3:atemp>
            <ns3:hr>124</ns3:hr>
          </ns3:TrackPointExtension>
        </extensions>
      </trkpt>
      <trkpt lat="59.9688434042036533355712890625" lon="30.3139489330351352691650390625">
        <ele>11.80000019073486328125</ele>
        <time>2026-04-22T07:36:27.000Z</time>
        <extensions>
          <ns3:TrackPointExtension>
            <ns3:atemp>15.0</ns3:atemp>
            <ns3:hr>121</ns3:hr>
          </ns3:TrackPointExtension>
        </extensions>
      </trkpt>
      <trkpt lat="59.96873737312853336334228515625" lon="30.31394365243613719940185546875">
        <ele>12.6000003814697265625</ele>
        <time>2026-04-22T07:36:29.000Z</time>
        <extensions>
          <ns3:TrackPointExtension>
            <ns3:atemp>15.0</ns3:atemp>
            <ns3:hr>122</ns3:hr>
          </ns3:TrackPointExtension>
        </extensions>
      </trkpt>
      <trkpt lat="59.9686838127672672271728515625" lon="30.31393476761877536773681640625">
        <ele>12.6000003814697265625</ele>
        <time>2026-04-22T07:36:30.000Z</time>
        <extensions>
          <ns3:TrackPointExtension>
            <ns3:atemp>15.0</ns3:atemp>
            <ns3:hr>121</ns3:hr>
          </ns3:TrackPointExtension>
        </extensions>
      </trkpt>
      <trkpt lat="59.96837778948247432708740234375" lon="30.31393937766551971435546875">
        <ele>12.19999980926513671875</ele>
        <time>2026-04-22T07:36:36.000Z</time>
        <extensions>
          <ns3:TrackPointExtension>
            <ns3:atemp>16.0</ns3:atemp>
            <ns3:hr>121</ns3:hr>
          </ns3:TrackPointExtension>
        </extensions>
      </trkpt>
      <trkpt lat="59.96834409423172473907470703125" lon="30.3139703907072544097900390625">
        <ele>12.80000019073486328125</ele>
        <time>2026-04-22T07:36:40.000Z</time>
        <extensions>
          <ns3:TrackPointExtension>
            <ns3:atemp>16.0</ns3:atemp>
            <ns3:hr>120</ns3:hr>
          </ns3:TrackPointExtension>
        </extensions>
      </trkpt>
      <trkpt lat="59.9683364666998386383056640625" lon="30.31401003710925579071044921875">
        <ele>12</ele>
        <time>2026-04-22T07:36:49.000Z</time>
        <extensions>
          <ns3:TrackPointExtension>
            <ns3:atemp>16.0</ns3:atemp>
            <ns3:hr>122</ns3:hr>
          </ns3:TrackPointExtension>
        </extensions>
      </trkpt>
      <trkpt lat="59.96833671815693378448486328125" lon="30.314012467861175537109375">
        <ele>11.80000019073486328125</ele>
        <time>2026-04-22T07:36:51.000Z</time>
        <extensions>
          <ns3:TrackPointExtension>
            <ns3:atemp>16.0</ns3:atemp>
            <ns3:hr>119</ns3:hr>
          </ns3:TrackPointExtension>
        </extensions>
      </trkpt>
      <trkpt lat="59.9683369696140289306640625" lon="30.3140136413276195526123046875">
        <ele>11.80000019073486328125</ele>
        <time>2026-04-22T07:36:52.000Z</time>
        <extensions>
          <ns3:TrackPointExtension>
            <ns3:atemp>16.0</ns3:atemp>
            <ns3:hr>116</ns3:hr>
          </ns3:TrackPointExtension>
        </extensions>
      </trkpt>
      <trkpt lat="59.968338310718536376953125" lon="30.314018167555332183837890625">
        <ele>11.6000003814697265625</ele>
        <time>2026-04-22T07:36:54.000Z</time>
        <extensions>
          <ns3:TrackPointExtension>
            <ns3:atemp>16.0</ns3:atemp>
            <ns3:hr>118</ns3:hr>
          </ns3:TrackPointExtension>
        </extensions>
      </trkpt>
      <trkpt lat="59.96834090910851955413818359375" lon="30.3140226937830448150634765625">
        <ele>11.19999980926513671875</ele>
        <time>2026-04-22T07:36:56.000Z</time>
        <extensions>
          <ns3:TrackPointExtension>
            <ns3:atemp>16.0</ns3:atemp>
            <ns3:hr>121</ns3:hr>
          </ns3:TrackPointExtension>
        </extensions>
      </trkpt>
      <trkpt lat="59.96834208257496356964111328125" lon="30.314023196697235107421875">
        <ele>11</ele>
        <time>2026-04-22T07:36:57.000Z</time>
        <extensions>
          <ns3:TrackPointExtension>
            <ns3:atemp>16.0</ns3:atemp>
            <ns3:hr>125</ns3:hr>
          </ns3:TrackPointExtension>
        </extensions>
      </trkpt>
      <trkpt lat="59.96833085082471370697021484375" lon="30.31402763910591602325439453125">
        <ele>11</ele>
        <time>2026-04-22T07:36:59.000Z</time>
        <extensions>
          <ns3:TrackPointExtension>
            <ns3:atemp>16.0</ns3:atemp>
            <ns3:hr>127</ns3:hr>
          </ns3:TrackPointExtension>
        </extensions>
      </trkpt>
      <trkpt lat="59.96831291355192661285400390625" lon="30.3140293993055820465087890625">
        <ele>11</ele>
        <time>2026-04-22T07:37:00.000Z</time>
        <extensions>
          <ns3:TrackPointExtension>
            <ns3:atemp>16.0</ns3:atemp>
            <ns3:hr>129</ns3:hr>
          </ns3:TrackPointExtension>
        </extensions>
      </trkpt>
      <trkpt lat="59.9681443534791469573974609375" lon="30.31402696855366230010986328125">
        <ele>11.19999980926513671875</ele>
        <time>2026-04-22T07:37:05.000Z</time>
        <extensions>
          <ns3:TrackPointExtension>
            <ns3:atemp>16.0</ns3:atemp>
            <ns3:hr>130</ns3:hr>
          </ns3:TrackPointExtension>
        </extensions>
      </trkpt>
      <trkpt lat="59.96803664602339267730712890625" lon="30.3139918483793735504150390625">
        <ele>11.80000019073486328125</ele>
        <time>2026-04-22T07:37:09.000Z</time>
        <extensions>
          <ns3:TrackPointExtension>
            <ns3:atemp>16.0</ns3:atemp>
            <ns3:hr>130</ns3:hr>
          </ns3:TrackPointExtension>
        </extensions>
      </trkpt>
      <trkpt lat="59.96802784502506256103515625" lon="30.31398975290358066558837890625">
        <ele>11.80000019073486328125</ele>
        <time>2026-04-22T07:37:10.000Z</time>
        <extensions>
          <ns3:TrackPointExtension>
            <ns3:atemp>16.0</ns3:atemp>
            <ns3:hr>135</ns3:hr>
          </ns3:TrackPointExtension>
        </extensions>
      </trkpt>
      <trkpt lat="59.96800127439200878143310546875" lon="30.31398338265717029571533203125">
        <ele>11.3999996185302734375</ele>
        <time>2026-04-22T07:37:13.000Z</time>
        <extensions>
          <ns3:TrackPointExtension>
            <ns3:atemp>16.0</ns3:atemp>
            <ns3:hr>135</ns3:hr>
          </ns3:TrackPointExtension>
        </extensions>
      </trkpt>
      <trkpt lat="59.9679928086698055267333984375" lon="30.3139791078865528106689453125">
        <ele>11.19999980926513671875</ele>
        <time>2026-04-22T07:37:14.000Z</time>
        <extensions>
          <ns3:TrackPointExtension>
            <ns3:atemp>16.0</ns3:atemp>
            <ns3:hr>135</ns3:hr>
          </ns3:TrackPointExtension>
        </extensions>
      </trkpt>
      <trkpt lat="59.96798350475728511810302734375" lon="30.3139888308942317962646484375">
        <ele>10.80000019073486328125</ele>
        <time>2026-04-22T07:37:17.000Z</time>
        <extensions>
          <ns3:TrackPointExtension>
            <ns3:atemp>16.0</ns3:atemp>
            <ns3:hr>134</ns3:hr>
          </ns3:TrackPointExtension>
        </extensions>
      </trkpt>
      <trkpt lat="59.96792919002473354339599609375" lon="30.31397785060107707977294921875">
        <ele>10.6000003814697265625</ele>
        <time>2026-04-22T07:37:20.000Z</time>
        <extensions>
          <ns3:TrackPointExtension>
            <ns3:atemp>16.0</ns3:atemp>
            <ns3:hr>131</ns3:hr>
          </ns3:TrackPointExtension>
        </extensions>
      </trkpt>
      <trkpt lat="59.96790203265845775604248046875" lon="30.31397433020174503326416015625">
        <ele>10.3999996185302734375</ele>
        <time>2026-04-22T07:37:21.000Z</time>
        <extensions>
          <ns3:TrackPointExtension>
            <ns3:atemp>16.0</ns3:atemp>
            <ns3:hr>131</ns3:hr>
          </ns3:TrackPointExtension>
        </extensions>
      </trkpt>
      <trkpt lat="59.96777714230120182037353515625" lon="30.31393359415233135223388671875">
        <ele>9.80000019073486328125</ele>
        <time>2026-04-22T07:37:24.000Z</time>
        <extensions>
          <ns3:TrackPointExtension>
            <ns3:atemp>16.0</ns3:atemp>
            <ns3:hr>130</ns3:hr>
          </ns3:TrackPointExtension>
        </extensions>
      </trkpt>
      <trkpt lat="59.96768309734761714935302734375" lon="30.3138899244368076324462890625">
        <ele>9.3999996185302734375</ele>
        <time>2026-04-22T07:37:26.000Z</time>
        <extensions>
          <ns3:TrackPointExtension>
            <ns3:atemp>16.0</ns3:atemp>
            <ns3:hr>128</ns3:hr>
          </ns3:TrackPointExtension>
        </extensions>
      </trkpt>
      <trkpt lat="59.96760481037199497222900390625" lon="30.31386368907988071441650390625">
        <ele>8.80000019073486328125</ele>
        <time>2026-04-22T07:37:28.000Z</time>
        <extensions>
          <ns3:TrackPointExtension>
            <ns3:atemp>16.0</ns3:atemp>
            <ns3:hr>128</ns3:hr>
          </ns3:TrackPointExtension>
        </extensions>
      </trkpt>
      <trkpt lat="59.96752987615764141082763671875" lon="30.31384441070258617401123046875">
        <ele>8.6000003814697265625</ele>
        <time>2026-04-22T07:37:30.000Z</time>
        <extensions>
          <ns3:TrackPointExtension>
            <ns3:atemp>16.0</ns3:atemp>
            <ns3:hr>128</ns3:hr>
          </ns3:TrackPointExtension>
        </extensions>
      </trkpt>
      <trkpt lat="59.96743977069854736328125" lon="30.31379596330225467681884765625">
        <ele>8.80000019073486328125</ele>
        <time>2026-04-22T07:37:32.000Z</time>
        <extensions>
          <ns3:TrackPointExtension>
            <ns3:atemp>16.0</ns3:atemp>
            <ns3:hr>128</ns3:hr>
          </ns3:TrackPointExtension>
        </extensions>
      </trkpt>
      <trkpt lat="59.967300631105899810791015625" lon="30.31373360194265842437744140625">
        <ele>9</ele>
        <time>2026-04-22T07:37:35.000Z</time>
        <extensions>
          <ns3:TrackPointExtension>
            <ns3:atemp>16.0</ns3:atemp>
            <ns3:hr>130</ns3:hr>
          </ns3:TrackPointExtension>
        </extensions>
      </trkpt>
      <trkpt lat="59.96714942157268524169921875" lon="30.31366445124149322509765625">
        <ele>9.19999980926513671875</ele>
        <time>2026-04-22T07:37:38.000Z</time>
        <extensions>
          <ns3:TrackPointExtension>
            <ns3:atemp>16.0</ns3:atemp>
            <ns3:hr>133</ns3:hr>
          </ns3:TrackPointExtension>
        </extensions>
      </trkpt>
      <trkpt lat="59.96708697639405727386474609375" lon="30.313641317188739776611328125">
        <ele>9.3999996185302734375</ele>
        <time>2026-04-22T07:37:39.000Z</time>
        <extensions>
          <ns3:TrackPointExtension>
            <ns3:atemp>16.0</ns3:atemp>
            <ns3:hr>137</ns3:hr>
          </ns3:TrackPointExtension>
        </extensions>
      </trkpt>
      <trkpt lat="59.9669702164828777313232421875" lon="30.3135864995419979095458984375">
        <ele>9.6000003814697265625</ele>
        <time>2026-04-22T07:37:41.000Z</time>
        <extensions>
          <ns3:TrackPointExtension>
            <ns3:atemp>16.0</ns3:atemp>
            <ns3:hr>138</ns3:hr>
          </ns3:TrackPointExtension>
        </extensions>
      </trkpt>
      <trkpt lat="59.9666346050798892974853515625" lon="30.3133179433643817901611328125">
        <ele>9.19999980926513671875</ele>
        <time>2026-04-22T07:37:47.000Z</time>
        <extensions>
          <ns3:TrackPointExtension>
            <ns3:atemp>16.0</ns3:atemp>
            <ns3:hr>138</ns3:hr>
          </ns3:TrackPointExtension>
        </extensions>
      </trkpt>
      <trkpt lat="59.96641717851161956787109375" lon="30.3131492994725704193115234375">
        <ele>8.19999980926513671875</ele>
        <time>2026-04-22T07:37:52.000Z</time>
        <extensions>
          <ns3:TrackPointExtension>
            <ns3:atemp>16.0</ns3:atemp>
            <ns3:hr>140</ns3:hr>
          </ns3:TrackPointExtension>
        </extensions>
      </trkpt>
      <trkpt lat="59.966367222368717193603515625" lon="30.31313873827457427978515625">
        <ele>8</ele>
        <time>2026-04-22T07:37:53.000Z</time>
        <extensions>
          <ns3:TrackPointExtension>
            <ns3:atemp>16.0</ns3:atemp>
            <ns3:hr>141</ns3:hr>
          </ns3:TrackPointExtension>
        </extensions>
      </trkpt>
      <trkpt lat="59.96631248854100704193115234375" lon="30.313152484595775604248046875">
        <ele>9.19999980926513671875</ele>
        <time>2026-04-22T07:37:57.000Z</time>
        <extensions>
          <ns3:TrackPointExtension>
            <ns3:atemp>16.0</ns3:atemp>
            <ns3:hr>140</ns3:hr>
          </ns3:TrackPointExtension>
        </extensions>
      </trkpt>
      <trkpt lat="59.96627594344317913055419921875" lon="30.31320202164351940155029296875">
        <ele>10.19999980926513671875</ele>
        <time>2026-04-22T07:38:02.000Z</time>
        <extensions>
          <ns3:TrackPointExtension>
            <ns3:atemp>16.0</ns3:atemp>
            <ns3:hr>141</ns3:hr>
          </ns3:TrackPointExtension>
        </extensions>
      </trkpt>
      <trkpt lat="59.96626001782715320587158203125" lon="30.3131663985550403594970703125">
        <ele>10.3999996185302734375</ele>
        <time>2026-04-22T07:38:04.000Z</time>
        <extensions>
          <ns3:TrackPointExtension>
            <ns3:atemp>16.0</ns3:atemp>
            <ns3:hr>138</ns3:hr>
          </ns3:TrackPointExtension>
        </extensions>
      </trkpt>
      <trkpt lat="59.96623881161212921142578125" lon="30.31317687593400478363037109375">
        <ele>10.80000019073486328125</ele>
        <time>2026-04-22T07:38:09.000Z</time>
        <extensions>
          <ns3:TrackPointExtension>
            <ns3:atemp>16.0</ns3:atemp>
            <ns3:hr>135</ns3:hr>
          </ns3:TrackPointExtension>
        </extensions>
      </trkpt>
      <trkpt lat="59.96623068116605281829833984375" lon="30.31319506466388702392578125">
        <ele>10.80000019073486328125</ele>
        <time>2026-04-22T07:38:10.000Z</time>
        <extensions>
          <ns3:TrackPointExtension>
            <ns3:atemp>16.0</ns3:atemp>
            <ns3:hr>134</ns3:hr>
          </ns3:TrackPointExtension>
        </extensions>
      </trkpt>
      <trkpt lat="59.96621777303516864776611328125" lon="30.31321920454502105712890625">
        <ele>10.6000003814697265625</ele>
        <time>2026-04-22T07:38:17.000Z</time>
        <extensions>
          <ns3:TrackPointExtension>
            <ns3:atemp>16.0</ns3:atemp>
            <ns3:hr>131</ns3:hr>
          </ns3:TrackPointExtension>
        </extensions>
      </trkpt>
      <trkpt lat="59.96621467173099517822265625" lon="30.3132198750972747802734375">
        <ele>10.6000003814697265625</ele>
        <time>2026-04-22T07:38:19.000Z</time>
        <extensions>
          <ns3:TrackPointExtension>
            <ns3:atemp>16.0</ns3:atemp>
            <ns3:hr>129</ns3:hr>
          </ns3:TrackPointExtension>
        </extensions>
      </trkpt>
      <trkpt lat="59.9661997519433498382568359375" lon="30.31321828253567218780517578125">
        <ele>10.80000019073486328125</ele>
        <time>2026-04-22T07:38:25.000Z</time>
        <extensions>
          <ns3:TrackPointExtension>
            <ns3:atemp>16.0</ns3:atemp>
            <ns3:hr>126</ns3:hr>
          </ns3:TrackPointExtension>
        </extensions>
      </trkpt>
      <trkpt lat="59.96619128622114658355712890625" lon="30.31321258284151554107666015625">
        <ele>10.6000003814697265625</ele>
        <time>2026-04-22T07:38:28.000Z</time>
        <extensions>
          <ns3:TrackPointExtension>
            <ns3:atemp>16.0</ns3:atemp>
            <ns3:hr>126</ns3:hr>
          </ns3:TrackPointExtension>
        </extensions>
      </trkpt>
      <trkpt lat="59.96617888100445270538330078125" lon="30.31322180293500423431396484375">
        <ele>10.3999996185302734375</ele>
        <time>2026-04-22T07:38:32.000Z</time>
        <extensions>
          <ns3:TrackPointExtension>
            <ns3:atemp>16.0</ns3:atemp>
            <ns3:hr>123</ns3:hr>
          </ns3:TrackPointExtension>
        </extensions>
      </trkpt>
      <trkpt lat="59.96621928177773952484130859375" lon="30.3131519816815853118896484375">
        <ele>10.80000019073486328125</ele>
        <time>2026-04-22T07:38:36.000Z</time>
        <extensions>
          <ns3:TrackPointExtension>
            <ns3:atemp>16.0</ns3:atemp>
            <ns3:hr>121</ns3:hr>
          </ns3:TrackPointExtension>
        </extensions>
      </trkpt>
      <trkpt lat="59.96610947884619235992431640625" lon="30.3129645623266696929931640625">
        <ele>10.3999996185302734375</ele>
        <time>2026-04-22T07:38:41.000Z</time>
        <extensions>
          <ns3:TrackPointExtension>
            <ns3:atemp>16.0</ns3:atemp>
            <ns3:hr>121</ns3:hr>
          </ns3:TrackPointExtension>
        </extensions>
      </trkpt>
      <trkpt lat="59.96603605337440967559814453125" lon="30.31286641024053096771240234375">
        <ele>10</ele>
        <time>2026-04-22T07:38:43.000Z</time>
        <extensions>
          <ns3:TrackPointExtension>
            <ns3:atemp>16.0</ns3:atemp>
            <ns3:hr>118</ns3:hr>
          </ns3:TrackPointExtension>
        </extensions>
      </trkpt>
      <trkpt lat="59.96589054353535175323486328125" lon="30.31254722736775875091552734375">
        <ele>10.19999980926513671875</ele>
        <time>2026-04-22T07:38:47.000Z</time>
        <extensions>
          <ns3:TrackPointExtension>
            <ns3:atemp>16.0</ns3:atemp>
            <ns3:hr>118</ns3:hr>
          </ns3:TrackPointExtension>
        </extensions>
      </trkpt>
      <trkpt lat="59.96580152772367000579833984375" lon="30.31223357655107975006103515625">
        <ele>10.3999996185302734375</ele>
        <time>2026-04-22T07:38:50.000Z</time>
        <extensions>
          <ns3:TrackPointExtension>
            <ns3:atemp>16.0</ns3:atemp>
            <ns3:hr>121</ns3:hr>
          </ns3:TrackPointExtension>
        </extensions>
      </trkpt>
      <trkpt lat="59.96577344834804534912109375" lon="30.31214791350066661834716796875">
        <ele>10.3999996185302734375</ele>
        <time>2026-04-22T07:38:51.000Z</time>
        <extensions>
          <ns3:TrackPointExtension>
            <ns3:atemp>16.0</ns3:atemp>
            <ns3:hr>124</ns3:hr>
          </ns3:TrackPointExtension>
        </extensions>
      </trkpt>
      <trkpt lat="59.96568501926958560943603515625" lon="30.31191204674541950225830078125">
        <ele>11</ele>
        <time>2026-04-22T07:38:54.000Z</time>
        <extensions>
          <ns3:TrackPointExtension>
            <ns3:atemp>16.0</ns3:atemp>
            <ns3:hr>127</ns3:hr>
          </ns3:TrackPointExtension>
        </extensions>
      </trkpt>
      <trkpt lat="59.96561058796942234039306640625" lon="30.31176402233541011810302734375">
        <ele>11.3999996185302734375</ele>
        <time>2026-04-22T07:38:56.000Z</time>
        <extensions>
          <ns3:TrackPointExtension>
            <ns3:atemp>16.0</ns3:atemp>
            <ns3:hr>125</ns3:hr>
          </ns3:TrackPointExtension>
        </extensions>
      </trkpt>
      <trkpt lat="59.965516291558742523193359375" lon="30.31155531294643878936767578125">
        <ele>11.3999996185302734375</ele>
        <time>2026-04-22T07:38:59.000Z</time>
        <extensions>
          <ns3:TrackPointExtension>
            <ns3:atemp>16.0</ns3:atemp>
            <ns3:hr>124</ns3:hr>
          </ns3:TrackPointExtension>
        </extensions>
      </trkpt>
      <trkpt lat="59.9654296226799488067626953125" lon="30.31132011674344539642333984375">
        <ele>11.3999996185302734375</ele>
        <time>2026-04-22T07:39:04.000Z</time>
        <extensions>
          <ns3:TrackPointExtension>
            <ns3:atemp>16.0</ns3:atemp>
            <ns3:hr>123</ns3:hr>
          </ns3:TrackPointExtension>
        </extensions>
      </trkpt>
      <trkpt lat="59.96538662351667881011962890625" lon="30.3111520595848560333251953125">
        <ele>11.19999980926513671875</ele>
        <time>2026-04-22T07:39:08.000Z</time>
        <extensions>
          <ns3:TrackPointExtension>
            <ns3:atemp>16.0</ns3:atemp>
            <ns3:hr>119</ns3:hr>
          </ns3:TrackPointExtension>
        </extensions>
      </trkpt>
      <trkpt lat="59.965359382331371307373046875" lon="30.31110621057450771331787109375">
        <ele>11.19999980926513671875</ele>
        <time>2026-04-22T07:39:09.000Z</time>
        <extensions>
          <ns3:TrackPointExtension>
            <ns3:atemp>16.0</ns3:atemp>
            <ns3:hr>119</ns3:hr>
          </ns3:TrackPointExtension>
        </extensions>
      </trkpt>
      <trkpt lat="59.96530900709331035614013671875" lon="30.3110018558800220489501953125">
        <ele>11</ele>
        <time>2026-04-22T07:39:11.000Z</time>
        <extensions>
          <ns3:TrackPointExtension>
            <ns3:atemp>16.0</ns3:atemp>
            <ns3:hr>124</ns3:hr>
          </ns3:TrackPointExtension>
        </extensions>
      </trkpt>
      <trkpt lat="59.96528260409832000732421875" lon="30.31094494275748729705810546875">
        <ele>11</ele>
        <time>2026-04-22T07:39:12.000Z</time>
        <extensions>
          <ns3:TrackPointExtension>
            <ns3:atemp>16.0</ns3:atemp>
            <ns3:hr>128</ns3:hr>
          </ns3:TrackPointExtension>
        </extensions>
      </trkpt>
      <trkpt lat="59.96521982364356517791748046875" lon="30.31083648093044757843017578125">
        <ele>11</ele>
        <time>2026-04-22T07:39:14.000Z</time>
        <extensions>
          <ns3:TrackPointExtension>
            <ns3:atemp>16.0</ns3:atemp>
            <ns3:hr>131</ns3:hr>
          </ns3:TrackPointExtension>
        </extensions>
      </trkpt>
      <trkpt lat="59.96517397463321685791015625" lon="30.31079473905265331268310546875">
        <ele>11</ele>
        <time>2026-04-22T07:39:15.000Z</time>
        <extensions>
          <ns3:TrackPointExtension>
            <ns3:atemp>16.0</ns3:atemp>
            <ns3:hr>135</ns3:hr>
          </ns3:TrackPointExtension>
        </extensions>
      </trkpt>
      <trkpt lat="59.96509015560150146484375" lon="30.31067403964698314666748046875">
        <ele>10.80000019073486328125</ele>
        <time>2026-04-22T07:39:17.000Z</time>
        <extensions>
          <ns3:TrackPointExtension>
            <ns3:atemp>16.0</ns3:atemp>
            <ns3:hr>138</ns3:hr>
          </ns3:TrackPointExtension>
        </extensions>
      </trkpt>
      <trkpt lat="59.96497289277613162994384765625" lon="30.3104746341705322265625">
        <ele>10.19999980926513671875</ele>
        <time>2026-04-22T07:39:20.000Z</time>
        <extensions>
          <ns3:TrackPointExtension>
            <ns3:atemp>16.0</ns3:atemp>
            <ns3:hr>141</ns3:hr>
          </ns3:TrackPointExtension>
        </extensions>
      </trkpt>
      <trkpt lat="59.96488488279283046722412109375" lon="30.3103928267955780029296875">
        <ele>10.19999980926513671875</ele>
        <time>2026-04-22T07:39:22.000Z</time>
        <extensions>
          <ns3:TrackPointExtension>
            <ns3:atemp>16.0</ns3:atemp>
            <ns3:hr>144</ns3:hr>
          </ns3:TrackPointExtension>
        </extensions>
      </trkpt>
      <trkpt lat="59.96457374654710292816162109375" lon="30.3101254440844058990478515625">
        <ele>10.19999980926513671875</ele>
        <time>2026-04-22T07:39:29.000Z</time>
        <extensions>
          <ns3:TrackPointExtension>
            <ns3:atemp>16.0</ns3:atemp>
            <ns3:hr>146</ns3:hr>
          </ns3:TrackPointExtension>
        </extensions>
      </trkpt>
      <trkpt lat="59.96453887782990932464599609375" lon="30.31008294783532619476318359375">
        <ele>10.19999980926513671875</ele>
        <time>2026-04-22T07:39:30.000Z</time>
        <extensions>
          <ns3:TrackPointExtension>
            <ns3:atemp>16.0</ns3:atemp>
            <ns3:hr>151</ns3:hr>
          </ns3:TrackPointExtension>
        </extensions>
      </trkpt>
      <trkpt lat="59.9645156599581241607666015625" lon="30.3100590594112873077392578125">
        <ele>10.3999996185302734375</ele>
        <time>2026-04-22T07:39:31.000Z</time>
        <extensions>
          <ns3:TrackPointExtension>
            <ns3:atemp>16.0</ns3:atemp>
            <ns3:hr>151</ns3:hr>
          </ns3:TrackPointExtension>
        </extensions>
      </trkpt>
      <trkpt lat="59.96450082398951053619384765625" lon="30.31004841439425945281982421875">
        <ele>10.3999996185302734375</ele>
        <time>2026-04-22T07:39:32.000Z</time>
        <extensions>
          <ns3:TrackPointExtension>
            <ns3:atemp>16.0</ns3:atemp>
            <ns3:hr>154</ns3:hr>
          </ns3:TrackPointExtension>
        </extensions>
      </trkpt>
      <trkpt lat="59.9644968844950199127197265625" lon="30.3100563772022724151611328125">
        <ele>10.6000003814697265625</ele>
        <time>2026-04-22T07:39:33.000Z</time>
        <extensions>
          <ns3:TrackPointExtension>
            <ns3:atemp>16.0</ns3:atemp>
            <ns3:hr>155</ns3:hr>
          </ns3:TrackPointExtension>
        </extensions>
      </trkpt>
      <trkpt lat="59.96446050703525543212890625" lon="30.31007372774183750152587890625">
        <ele>11</ele>
        <time>2026-04-22T07:39:36.000Z</time>
        <extensions>
          <ns3:TrackPointExtension>
            <ns3:atemp>16.0</ns3:atemp>
            <ns3:hr>155</ns3:hr>
          </ns3:TrackPointExtension>
        </extensions>
      </trkpt>
      <trkpt lat="59.9644258059561252593994140625" lon="30.310005582869052886962890625">
        <ele>11.19999980926513671875</ele>
        <time>2026-04-22T07:39:39.000Z</time>
        <extensions>
          <ns3:TrackPointExtension>
            <ns3:atemp>16.0</ns3:atemp>
            <ns3:hr>152</ns3:hr>
          </ns3:TrackPointExtension>
        </extensions>
      </trkpt>
      <trkpt lat="59.96441884897649288177490234375" lon="30.309972725808620452880859375">
        <ele>11</ele>
        <time>2026-04-22T07:39:42.000Z</time>
        <extensions>
          <ns3:TrackPointExtension>
            <ns3:atemp>16.0</ns3:atemp>
            <ns3:hr>149</ns3:hr>
          </ns3:TrackPointExtension>
        </extensions>
      </trkpt>
      <trkpt lat="59.96439420618116855621337890625" lon="30.30994699336588382720947265625">
        <ele>10.80000019073486328125</ele>
        <time>2026-04-22T07:39:43.000Z</time>
        <extensions>
          <ns3:TrackPointExtension>
            <ns3:atemp>16.0</ns3:atemp>
            <ns3:hr>149</ns3:hr>
          </ns3:TrackPointExtension>
        </extensions>
      </trkpt>
      <trkpt lat="59.96420703828334808349609375" lon="30.30967575497925281524658203125">
        <ele>10.19999980926513671875</ele>
        <time>2026-04-22T07:39:48.000Z</time>
        <extensions>
          <ns3:TrackPointExtension>
            <ns3:atemp>16.0</ns3:atemp>
            <ns3:hr>149</ns3:hr>
          </ns3:TrackPointExtension>
        </extensions>
      </trkpt>
      <trkpt lat="59.96395616792142391204833984375" lon="30.30924324877560138702392578125">
        <ele>9.3999996185302734375</ele>
        <time>2026-04-22T07:39:53.000Z</time>
        <extensions>
          <ns3:TrackPointExtension>
            <ns3:atemp>16.0</ns3:atemp>
            <ns3:hr>149</ns3:hr>
          </ns3:TrackPointExtension>
        </extensions>
      </trkpt>
      <trkpt lat="59.963788278400897979736328125" lon="30.30900285579264163970947265625">
        <ele>9.6000003814697265625</ele>
        <time>2026-04-22T07:39:56.000Z</time>
        <extensions>
          <ns3:TrackPointExtension>
            <ns3:atemp>16.0</ns3:atemp>
            <ns3:hr>146</ns3:hr>
          </ns3:TrackPointExtension>
        </extensions>
      </trkpt>
      <trkpt lat="59.963576383888721466064453125" lon="30.3087149374186992645263671875">
        <ele>10</ele>
        <time>2026-04-22T07:40:00.000Z</time>
        <extensions>
          <ns3:TrackPointExtension>
            <ns3:atemp>16.0</ns3:atemp>
            <ns3:hr>148</ns3:hr>
          </ns3:TrackPointExtension>
        </extensions>
      </trkpt>
      <trkpt lat="59.963440261781215667724609375" lon="30.30844579450786113739013671875">
        <ele>10.6000003814697265625</ele>
        <time>2026-04-22T07:40:04.000Z</time>
        <extensions>
          <ns3:TrackPointExtension>
            <ns3:atemp>16.0</ns3:atemp>
            <ns3:hr>145</ns3:hr>
          </ns3:TrackPointExtension>
        </extensions>
      </trkpt>
      <trkpt lat="59.963464401662349700927734375" lon="30.30824680812656879425048828125">
        <ele>11.6000003814697265625</ele>
        <time>2026-04-22T07:40:07.000Z</time>
        <extensions>
          <ns3:TrackPointExtension>
            <ns3:atemp>16.0</ns3:atemp>
            <ns3:hr>148</ns3:hr>
          </ns3:TrackPointExtension>
        </extensions>
      </trkpt>
      <trkpt lat="59.96349030174314975738525390625" lon="30.308244042098522186279296875">
        <ele>12</ele>
        <time>2026-04-22T07:40:10.000Z</time>
        <extensions>
          <ns3:TrackPointExtension>
            <ns3:atemp>16.0</ns3:atemp>
            <ns3:hr>151</ns3:hr>
          </ns3:TrackPointExtension>
        </extensions>
      </trkpt>
      <trkpt lat="59.9634920619428157806396484375" lon="30.308262147009372711181640625">
        <ele>12</ele>
        <time>2026-04-22T07:40:13.000Z</time>
        <extensions>
          <ns3:TrackPointExtension>
            <ns3:atemp>16.0</ns3:atemp>
            <ns3:hr>148</ns3:hr>
          </ns3:TrackPointExtension>
        </extensions>
      </trkpt>
      <trkpt lat="59.96349264867603778839111328125" lon="30.3082649968564510345458984375">
        <ele>12</ele>
        <time>2026-04-22T07:40:16.000Z</time>
        <extensions>
          <ns3:TrackPointExtension>
            <ns3:atemp>16.0</ns3:atemp>
            <ns3:hr>146</ns3:hr>
          </ns3:TrackPointExtension>
        </extensions>
      </trkpt>
      <trkpt lat="59.96348284184932708740234375" lon="30.30826055444777011871337890625">
        <ele>11.3999996185302734375</ele>
        <time>2026-04-22T07:40:21.000Z</time>
        <extensions>
          <ns3:TrackPointExtension>
            <ns3:atemp>16.0</ns3:atemp>
            <ns3:hr>146</ns3:hr>
          </ns3:TrackPointExtension>
        </extensions>
      </trkpt>
      <trkpt lat="59.9634575285017490386962890625" lon="30.308197103440761566162109375">
        <ele>11.3999996185302734375</ele>
        <time>2026-04-22T07:40:23.000Z</time>
        <extensions>
          <ns3:TrackPointExtension>
            <ns3:atemp>16.0</ns3:atemp>
            <ns3:hr>144</ns3:hr>
          </ns3:TrackPointExtension>
        </extensions>
      </trkpt>
      <trkpt lat="59.96334864757955074310302734375" lon="30.3079386055469512939453125">
        <ele>11</ele>
        <time>2026-04-22T07:40:27.000Z</time>
        <extensions>
          <ns3:TrackPointExtension>
            <ns3:atemp>16.0</ns3:atemp>
            <ns3:hr>144</ns3:hr>
          </ns3:TrackPointExtension>
        </extensions>
      </trkpt>
      <trkpt lat="59.9632768146693706512451171875" lon="30.307822264730930328369140625">
        <ele>10.6000003814697265625</ele>
        <time>2026-04-22T07:40:29.000Z</time>
        <extensions>
          <ns3:TrackPointExtension>
            <ns3:atemp>16.0</ns3:atemp>
            <ns3:hr>143</ns3:hr>
          </ns3:TrackPointExtension>
        </extensions>
      </trkpt>
      <trkpt lat="59.9630608968436717987060546875" lon="30.307523198425769805908203125">
        <ele>10.19999980926513671875</ele>
        <time>2026-04-22T07:40:34.000Z</time>
        <extensions>
          <ns3:TrackPointExtension>
            <ns3:atemp>16.0</ns3:atemp>
            <ns3:hr>142</ns3:hr>
          </ns3:TrackPointExtension>
        </extensions>
      </trkpt>
      <trkpt lat="59.96302041225135326385498046875" lon="30.30745304189622402191162109375">
        <ele>10</ele>
        <time>2026-04-22T07:40:35.000Z</time>
        <extensions>
          <ns3:TrackPointExtension>
            <ns3:atemp>16.0</ns3:atemp>
            <ns3:hr>145</ns3:hr>
          </ns3:TrackPointExtension>
        </extensions>
      </trkpt>
      <trkpt lat="59.96292619965970516204833984375" lon="30.30734726227819919586181640625">
        <ele>9.80000019073486328125</ele>
        <time>2026-04-22T07:40:37.000Z</time>
        <extensions>
          <ns3:TrackPointExtension>
            <ns3:atemp>16.0</ns3:atemp>
            <ns3:hr>149</ns3:hr>
          </ns3:TrackPointExtension>
        </extensions>
      </trkpt>
      <trkpt lat="59.96277264319360256195068359375" lon="30.30720091424882411956787109375">
        <ele>9.80000019073486328125</ele>
        <time>2026-04-22T07:40:40.000Z</time>
        <extensions>
          <ns3:TrackPointExtension>
            <ns3:atemp>16.0</ns3:atemp>
            <ns3:hr>152</ns3:hr>
          </ns3:TrackPointExtension>
        </extensions>
      </trkpt>
      <trkpt lat="59.96272117830812931060791015625" lon="30.3071723319590091705322265625">
        <ele>9.80000019073486328125</ele>
        <time>2026-04-22T07:40:41.000Z</time>
        <extensions>
          <ns3:TrackPointExtension>
            <ns3:atemp>16.0</ns3:atemp>
            <ns3:hr>153</ns3:hr>
          </ns3:TrackPointExtension>
        </extensions>
      </trkpt>
      <trkpt lat="59.9625951983034610748291015625" lon="30.30688541941344738006591796875">
        <ele>9.80000019073486328125</ele>
        <time>2026-04-22T07:40:44.000Z</time>
        <extensions>
          <ns3:TrackPointExtension>
            <ns3:atemp>16.0</ns3:atemp>
            <ns3:hr>156</ns3:hr>
          </ns3:TrackPointExtension>
        </extensions>
      </trkpt>
      <trkpt lat="59.96237969957292079925537109375" lon="30.3064518235623836517333984375">
        <ele>10.6000003814697265625</ele>
        <time>2026-04-22T07:40:49.000Z</time>
        <extensions>
          <ns3:TrackPointExtension>
            <ns3:atemp>16.0</ns3:atemp>
            <ns3:hr>155</ns3:hr>
          </ns3:TrackPointExtension>
        </extensions>
      </trkpt>
      <trkpt lat="59.962169565260410308837890625" lon="30.3060836903750896453857421875">
        <ele>11.6000003814697265625</ele>
        <time>2026-04-22T07:40:54.000Z</time>
        <extensions>
          <ns3:TrackPointExtension>
            <ns3:atemp>16.0</ns3:atemp>
            <ns3:hr>155</ns3:hr>
          </ns3:TrackPointExtension>
        </extensions>
      </trkpt>
      <trkpt lat="59.9620661325752735137939453125" lon="30.3058895654976367950439453125">
        <ele>11.80000019073486328125</ele>
        <time>2026-04-22T07:40:57.000Z</time>
        <extensions>
          <ns3:TrackPointExtension>
            <ns3:atemp>16.0</ns3:atemp>
            <ns3:hr>154</ns3:hr>
          </ns3:TrackPointExtension>
        </extensions>
      </trkpt>
      <trkpt lat="59.96198155917227268218994140625" lon="30.3057031519711017608642578125">
        <ele>12.3999996185302734375</ele>
        <time>2026-04-22T07:41:01.000Z</time>
        <extensions>
          <ns3:TrackPointExtension>
            <ns3:atemp>16.0</ns3:atemp>
            <ns3:hr>155</ns3:hr>
          </ns3:TrackPointExtension>
        </extensions>
      </trkpt>
      <trkpt lat="59.96195624582469463348388671875" lon="30.30573139898478984832763671875">
        <ele>12.6000003814697265625</ele>
        <time>2026-04-22T07:41:03.000Z</time>
        <extensions>
          <ns3:TrackPointExtension>
            <ns3:atemp>16.0</ns3:atemp>
            <ns3:hr>156</ns3:hr>
          </ns3:TrackPointExtension>
        </extensions>
      </trkpt>
      <trkpt lat="59.9619613587856292724609375" lon="30.3057189099490642547607421875">
        <ele>12.80000019073486328125</ele>
        <time>2026-04-22T07:41:05.000Z</time>
        <extensions>
          <ns3:TrackPointExtension>
            <ns3:atemp>16.0</ns3:atemp>
            <ns3:hr>155</ns3:hr>
          </ns3:TrackPointExtension>
        </extensions>
      </trkpt>
      <trkpt lat="59.9618646316230297088623046875" lon="30.305564515292644500732421875">
        <ele>12.6000003814697265625</ele>
        <time>2026-04-22T07:41:09.000Z</time>
        <extensions>
          <ns3:TrackPointExtension>
            <ns3:atemp>16.0</ns3:atemp>
            <ns3:hr>153</ns3:hr>
          </ns3:TrackPointExtension>
        </extensions>
      </trkpt>
      <trkpt lat="59.961619712412357330322265625" lon="30.30517266131937503814697265625">
        <ele>13</ele>
        <time>2026-04-22T07:41:15.000Z</time>
        <extensions>
          <ns3:TrackPointExtension>
            <ns3:atemp>16.0</ns3:atemp>
            <ns3:hr>151</ns3:hr>
          </ns3:TrackPointExtension>
        </extensions>
      </trkpt>
      <trkpt lat="59.96130757033824920654296875" lon="30.3046983294188976287841796875">
        <ele>11.80000019073486328125</ele>
        <time>2026-04-22T07:41:22.000Z</time>
        <extensions>
          <ns3:TrackPointExtension>
            <ns3:atemp>16.0</ns3:atemp>
            <ns3:hr>150</ns3:hr>
          </ns3:TrackPointExtension>
        </extensions>
      </trkpt>
      <trkpt lat="59.96126406826078891754150390625" lon="30.304635129868984222412109375">
        <ele>11.6000003814697265625</ele>
        <time>2026-04-22T07:41:23.000Z</time>
        <extensions>
          <ns3:TrackPointExtension>
            <ns3:atemp>16.0</ns3:atemp>
            <ns3:hr>150</ns3:hr>
          </ns3:TrackPointExtension>
        </extensions>
      </trkpt>
      <trkpt lat="59.960977993905544281005859375" lon="30.30419918708503246307373046875">
        <ele>12</ele>
        <time>2026-04-22T07:41:29.000Z</time>
        <extensions>
          <ns3:TrackPointExtension>
            <ns3:atemp>16.0</ns3:atemp>
            <ns3:hr>149</ns3:hr>
          </ns3:TrackPointExtension>
        </extensions>
      </trkpt>
      <trkpt lat="59.960695691406726837158203125" lon="30.3038075007498264312744140625">
        <ele>12.3999996185302734375</ele>
        <time>2026-04-22T07:41:36.000Z</time>
        <extensions>
          <ns3:TrackPointExtension>
            <ns3:atemp>16.0</ns3:atemp>
            <ns3:hr>149</ns3:hr>
          </ns3:TrackPointExtension>
        </extensions>
      </trkpt>
      <trkpt lat="59.96060617268085479736328125" lon="30.3036857955157756805419921875">
        <ele>12.6000003814697265625</ele>
        <time>2026-04-22T07:41:38.000Z</time>
        <extensions>
          <ns3:TrackPointExtension>
            <ns3:atemp>16.0</ns3:atemp>
            <ns3:hr>150</ns3:hr>
          </ns3:TrackPointExtension>
        </extensions>
      </trkpt>
      <trkpt lat="59.96056233532726764678955078125" lon="30.30356031842529773712158203125">
        <ele>12.80000019073486328125</ele>
        <time>2026-04-22T07:41:40.000Z</time>
        <extensions>
          <ns3:TrackPointExtension>
            <ns3:atemp>16.0</ns3:atemp>
            <ns3:hr>148</ns3:hr>
          </ns3:TrackPointExtension>
        </extensions>
      </trkpt>
      <trkpt lat="59.96046560816466808319091796875" lon="30.30340139754116535186767578125">
        <ele>13.19999980926513671875</ele>
        <time>2026-04-22T07:41:45.000Z</time>
        <extensions>
          <ns3:TrackPointExtension>
            <ns3:atemp>16.0</ns3:atemp>
            <ns3:hr>149</ns3:hr>
          </ns3:TrackPointExtension>
        </extensions>
      </trkpt>
      <trkpt lat="59.960304759442806243896484375" lon="30.3030987270176410675048828125">
        <ele>11.6000003814697265625</ele>
        <time>2026-04-22T07:41:50.000Z</time>
        <extensions>
          <ns3:TrackPointExtension>
            <ns3:atemp>16.0</ns3:atemp>
            <ns3:hr>147</ns3:hr>
          </ns3:TrackPointExtension>
        </extensions>
      </trkpt>
      <trkpt lat="59.9602420628070831298828125" lon="30.303004346787929534912109375">
        <ele>11.3999996185302734375</ele>
        <time>2026-04-22T07:41:52.000Z</time>
        <extensions>
          <ns3:TrackPointExtension>
            <ns3:atemp>16.0</ns3:atemp>
            <ns3:hr>146</ns3:hr>
          </ns3:TrackPointExtension>
        </extensions>
      </trkpt>
      <trkpt lat="59.960144497454166412353515625" lon="30.3028476051986217498779296875">
        <ele>12.19999980926513671875</ele>
        <time>2026-04-22T07:41:55.000Z</time>
        <extensions>
          <ns3:TrackPointExtension>
            <ns3:atemp>16.0</ns3:atemp>
            <ns3:hr>149</ns3:hr>
          </ns3:TrackPointExtension>
        </extensions>
      </trkpt>
      <trkpt lat="59.96008657850325107574462890625" lon="30.302770994603633880615234375">
        <ele>12.80000019073486328125</ele>
        <time>2026-04-22T07:41:57.000Z</time>
        <extensions>
          <ns3:TrackPointExtension>
            <ns3:atemp>16.0</ns3:atemp>
            <ns3:hr>147</ns3:hr>
          </ns3:TrackPointExtension>
        </extensions>
      </trkpt>
      <trkpt lat="59.96004031039774417877197265625" lon="30.30273637734353542327880859375">
        <ele>12.80000019073486328125</ele>
        <time>2026-04-22T07:41:58.000Z</time>
        <extensions>
          <ns3:TrackPointExtension>
            <ns3:atemp>16.0</ns3:atemp>
            <ns3:hr>147</ns3:hr>
          </ns3:TrackPointExtension>
        </extensions>
      </trkpt>
      <trkpt lat="59.95984568260610103607177734375" lon="30.30250914394855499267578125">
        <ele>13</ele>
        <time>2026-04-22T07:42:03.000Z</time>
        <extensions>
          <ns3:TrackPointExtension>
            <ns3:atemp>16.0</ns3:atemp>
            <ns3:hr>147</ns3:hr>
          </ns3:TrackPointExtension>
        </extensions>
      </trkpt>
      <trkpt lat="59.9596109054982662200927734375" lon="30.30202408321201801300048828125">
        <ele>13</ele>
        <time>2026-04-22T07:42:09.000Z</time>
        <extensions>
          <ns3:TrackPointExtension>
            <ns3:atemp>16.0</ns3:atemp>
            <ns3:hr>144</ns3:hr>
          </ns3:TrackPointExtension>
        </extensions>
      </trkpt>
      <trkpt lat="59.9595488794147968292236328125" lon="30.3018803335726261138916015625">
        <ele>13</ele>
        <time>2026-04-22T07:42:11.000Z</time>
        <extensions>
          <ns3:TrackPointExtension>
            <ns3:atemp>16.0</ns3:atemp>
            <ns3:hr>144</ns3:hr>
          </ns3:TrackPointExtension>
        </extensions>
      </trkpt>
      <trkpt lat="59.9592357315123081207275390625" lon="30.30151295475661754608154296875">
        <ele>12.6000003814697265625</ele>
        <time>2026-04-22T07:42:17.000Z</time>
        <extensions>
          <ns3:TrackPointExtension>
            <ns3:atemp>16.0</ns3:atemp>
            <ns3:hr>143</ns3:hr>
          </ns3:TrackPointExtension>
        </extensions>
      </trkpt>
      <trkpt lat="59.959190301597118377685546875" lon="30.30145914293825626373291015625">
        <ele>12.6000003814697265625</ele>
        <time>2026-04-22T07:42:18.000Z</time>
        <extensions>
          <ns3:TrackPointExtension>
            <ns3:atemp>16.0</ns3:atemp>
            <ns3:hr>142</ns3:hr>
          </ns3:TrackPointExtension>
        </extensions>
      </trkpt>
      <trkpt lat="59.9590020440518856048583984375" lon="30.30122227035462856292724609375">
        <ele>12.19999980926513671875</ele>
        <time>2026-04-22T07:42:22.000Z</time>
        <extensions>
          <ns3:TrackPointExtension>
            <ns3:atemp>16.0</ns3:atemp>
            <ns3:hr>141</ns3:hr>
          </ns3:TrackPointExtension>
        </extensions>
      </trkpt>
      <trkpt lat="59.9588930793106555938720703125" lon="30.301016159355640411376953125">
        <ele>12.19999980926513671875</ele>
        <time>2026-04-22T07:42:24.000Z</time>
        <extensions>
          <ns3:TrackPointExtension>
            <ns3:atemp>16.0</ns3:atemp>
            <ns3:hr>141</ns3:hr>
          </ns3:TrackPointExtension>
        </extensions>
      </trkpt>
      <trkpt lat="59.958728291094303131103515625" lon="30.30067476443946361541748046875">
        <ele>12.3999996185302734375</ele>
        <time>2026-04-22T07:42:28.000Z</time>
        <extensions>
          <ns3:TrackPointExtension>
            <ns3:atemp>16.0</ns3:atemp>
            <ns3:hr>138</ns3:hr>
          </ns3:TrackPointExtension>
        </extensions>
      </trkpt>
      <trkpt lat="59.9586875550448894500732421875" lon="30.300601422786712646484375">
        <ele>12.3999996185302734375</ele>
        <time>2026-04-22T07:42:29.000Z</time>
        <extensions>
          <ns3:TrackPointExtension>
            <ns3:atemp>16.0</ns3:atemp>
            <ns3:hr>138</ns3:hr>
          </ns3:TrackPointExtension>
        </extensions>
      </trkpt>
      <trkpt lat="59.958557970821857452392578125" lon="30.3003672324120998382568359375">
        <ele>12.3999996185302734375</ele>
        <time>2026-04-22T07:42:32.000Z</time>
        <extensions>
          <ns3:TrackPointExtension>
            <ns3:atemp>16.0</ns3:atemp>
            <ns3:hr>137</ns3:hr>
          </ns3:TrackPointExtension>
        </extensions>
      </trkpt>
      <trkpt lat="59.9584360979497432708740234375" lon="30.30021795071661472320556640625">
        <ele>12.3999996185302734375</ele>
        <time>2026-04-22T07:42:35.000Z</time>
        <extensions>
          <ns3:TrackPointExtension>
            <ns3:atemp>16.0</ns3:atemp>
            <ns3:hr>137</ns3:hr>
          </ns3:TrackPointExtension>
        </extensions>
      </trkpt>
      <trkpt lat="59.958194531500339508056640625" lon="30.2998556010425090789794921875">
        <ele>11.80000019073486328125</ele>
        <time>2026-04-22T07:42:41.000Z</time>
        <extensions>
          <ns3:TrackPointExtension>
            <ns3:atemp>16.0</ns3:atemp>
            <ns3:hr>137</ns3:hr>
          </ns3:TrackPointExtension>
        </extensions>
      </trkpt>
      <trkpt lat="59.9580626003444194793701171875" lon="30.2994901500642299652099609375">
        <ele>12.80000019073486328125</ele>
        <time>2026-04-22T07:42:46.000Z</time>
        <extensions>
          <ns3:TrackPointExtension>
            <ns3:atemp>16.0</ns3:atemp>
            <ns3:hr>138</ns3:hr>
          </ns3:TrackPointExtension>
        </extensions>
      </trkpt>
      <trkpt lat="59.95792438276112079620361328125" lon="30.29915294609963893890380859375">
        <ele>13</ele>
        <time>2026-04-22T07:42:52.000Z</time>
        <extensions>
          <ns3:TrackPointExtension>
            <ns3:atemp>16.0</ns3:atemp>
            <ns3:hr>140</ns3:hr>
          </ns3:TrackPointExtension>
        </extensions>
      </trkpt>
      <trkpt lat="59.95768382214009761810302734375" lon="30.29875530861318111419677734375">
        <ele>13.19999980926513671875</ele>
        <time>2026-04-22T07:42:58.000Z</time>
        <extensions>
          <ns3:TrackPointExtension>
            <ns3:atemp>16.0</ns3:atemp>
            <ns3:hr>141</ns3:hr>
          </ns3:TrackPointExtension>
        </extensions>
      </trkpt>
      <trkpt lat="59.95738215744495391845703125" lon="30.298418439924716949462890625">
        <ele>12.80000019073486328125</ele>
        <time>2026-04-22T07:43:04.000Z</time>
        <extensions>
          <ns3:TrackPointExtension>
            <ns3:atemp>16.0</ns3:atemp>
            <ns3:hr>138</ns3:hr>
          </ns3:TrackPointExtension>
        </extensions>
      </trkpt>
      <trkpt lat="59.9573318660259246826171875" lon="30.29835314489901065826416015625">
        <ele>12.80000019073486328125</ele>
        <time>2026-04-22T07:43:05.000Z</time>
        <extensions>
          <ns3:TrackPointExtension>
            <ns3:atemp>16.0</ns3:atemp>
            <ns3:hr>138</ns3:hr>
          </ns3:TrackPointExtension>
        </extensions>
      </trkpt>
      <trkpt lat="59.95709289796650409698486328125" lon="30.2979331277310848236083984375">
        <ele>13.19999980926513671875</ele>
        <time>2026-04-22T07:43:11.000Z</time>
        <extensions>
          <ns3:TrackPointExtension>
            <ns3:atemp>16.0</ns3:atemp>
            <ns3:hr>134</ns3:hr>
          </ns3:TrackPointExtension>
        </extensions>
      </trkpt>
      <trkpt lat="59.9570547603070735931396484375" lon="30.29786682687699794769287109375">
        <ele>13.19999980926513671875</ele>
        <time>2026-04-22T07:43:12.000Z</time>
        <extensions>
          <ns3:TrackPointExtension>
            <ns3:atemp>16.0</ns3:atemp>
            <ns3:hr>138</ns3:hr>
          </ns3:TrackPointExtension>
        </extensions>
      </trkpt>
      <trkpt lat="59.95699935592710971832275390625" lon="30.29782055877149105072021484375">
        <ele>13</ele>
        <time>2026-04-22T07:43:13.000Z</time>
        <extensions>
          <ns3:TrackPointExtension>
            <ns3:atemp>16.0</ns3:atemp>
            <ns3:hr>138</ns3:hr>
          </ns3:TrackPointExtension>
        </extensions>
      </trkpt>
      <trkpt lat="59.95695912279188632965087890625" lon="30.2977567724883556365966796875">
        <ele>13</ele>
        <time>2026-04-22T07:43:14.000Z</time>
        <extensions>
          <ns3:TrackPointExtension>
            <ns3:atemp>16.0</ns3:atemp>
            <ns3:hr>138</ns3:hr>
          </ns3:TrackPointExtension>
        </extensions>
      </trkpt>
      <trkpt lat="59.9568747170269489288330078125" lon="30.29761402867734432220458984375">
        <ele>13</ele>
        <time>2026-04-22T07:43:16.000Z</time>
        <extensions>
          <ns3:TrackPointExtension>
            <ns3:atemp>16.0</ns3:atemp>
            <ns3:hr>137</ns3:hr>
          </ns3:TrackPointExtension>
        </extensions>
      </trkpt>
      <trkpt lat="59.956801794469356536865234375" lon="30.29749131761491298675537109375">
        <ele>13.19999980926513671875</ele>
        <time>2026-04-22T07:43:18.000Z</time>
        <extensions>
          <ns3:TrackPointExtension>
            <ns3:atemp>16.0</ns3:atemp>
            <ns3:hr>136</ns3:hr>
          </ns3:TrackPointExtension>
        </extensions>
      </trkpt>
      <trkpt lat="59.95648495852947235107421875" lon="30.2970421314239501953125">
        <ele>13</ele>
        <time>2026-04-22T07:43:25.000Z</time>
        <extensions>
          <ns3:TrackPointExtension>
            <ns3:atemp>16.0</ns3:atemp>
            <ns3:hr>137</ns3:hr>
          </ns3:TrackPointExtension>
        </extensions>
      </trkpt>
      <trkpt lat="59.9564029835164546966552734375" lon="30.29692855663597583770751953125">
        <ele>13</ele>
        <time>2026-04-22T07:43:27.000Z</time>
        <extensions>
          <ns3:TrackPointExtension>
            <ns3:atemp>16.0</ns3:atemp>
            <ns3:hr>140</ns3:hr>
          </ns3:TrackPointExtension>
        </extensions>
      </trkpt>
      <trkpt lat="59.95631841011345386505126953125" lon="30.2968401275575160980224609375">
        <ele>13</ele>
        <time>2026-04-22T07:43:29.000Z</time>
        <extensions>
          <ns3:TrackPointExtension>
            <ns3:atemp>16.0</ns3:atemp>
            <ns3:hr>137</ns3:hr>
          </ns3:TrackPointExtension>
        </extensions>
      </trkpt>
      <trkpt lat="59.956200309097766876220703125" lon="30.29675354249775409698486328125">
        <ele>12.80000019073486328125</ele>
        <time>2026-04-22T07:43:32.000Z</time>
        <extensions>
          <ns3:TrackPointExtension>
            <ns3:atemp>16.0</ns3:atemp>
            <ns3:hr>140</ns3:hr>
          </ns3:TrackPointExtension>
        </extensions>
      </trkpt>
      <trkpt lat="59.956154711544513702392578125" lon="30.29676443897187709808349609375">
        <ele>12.80000019073486328125</ele>
        <time>2026-04-22T07:43:33.000Z</time>
        <extensions>
          <ns3:TrackPointExtension>
            <ns3:atemp>16.0</ns3:atemp>
            <ns3:hr>145</ns3:hr>
          </ns3:TrackPointExtension>
        </extensions>
      </trkpt>
      <trkpt lat="59.95611079037189483642578125" lon="30.29675303958356380462646484375">
        <ele>12.80000019073486328125</ele>
        <time>2026-04-22T07:43:34.000Z</time>
        <extensions>
          <ns3:TrackPointExtension>
            <ns3:atemp>16.0</ns3:atemp>
            <ns3:hr>152</ns3:hr>
          </ns3:TrackPointExtension>
        </extensions>
      </trkpt>
      <trkpt lat="59.9560670368373394012451171875" lon="30.29668606817722320556640625">
        <ele>12.80000019073486328125</ele>
        <time>2026-04-22T07:43:35.000Z</time>
        <extensions>
          <ns3:TrackPointExtension>
            <ns3:atemp>16.0</ns3:atemp>
            <ns3:hr>152</ns3:hr>
          </ns3:TrackPointExtension>
        </extensions>
      </trkpt>
      <trkpt lat="59.9560268037021160125732421875" lon="30.29661607928574085235595703125">
        <ele>12.80000019073486328125</ele>
        <time>2026-04-22T07:43:36.000Z</time>
        <extensions>
          <ns3:TrackPointExtension>
            <ns3:atemp>16.0</ns3:atemp>
            <ns3:hr>155</ns3:hr>
          </ns3:TrackPointExtension>
        </extensions>
      </trkpt>
      <trkpt lat="59.95582656003534793853759765625" lon="30.29619128443300724029541015625">
        <ele>12.6000003814697265625</ele>
        <time>2026-04-22T07:43:41.000Z</time>
        <extensions>
          <ns3:TrackPointExtension>
            <ns3:atemp>16.0</ns3:atemp>
            <ns3:hr>155</ns3:hr>
          </ns3:TrackPointExtension>
        </extensions>
      </trkpt>
      <trkpt lat="59.95552740991115570068359375" lon="30.2955416031181812286376953125">
        <ele>12.80000019073486328125</ele>
        <time>2026-04-22T07:43:48.000Z</time>
        <extensions>
          <ns3:TrackPointExtension>
            <ns3:atemp>16.0</ns3:atemp>
            <ns3:hr>156</ns3:hr>
          </ns3:TrackPointExtension>
        </extensions>
      </trkpt>
      <trkpt lat="59.95536974631249904632568359375" lon="30.295258462429046630859375">
        <ele>13</ele>
        <time>2026-04-22T07:43:51.000Z</time>
        <extensions>
          <ns3:TrackPointExtension>
            <ns3:atemp>16.0</ns3:atemp>
            <ns3:hr>157</ns3:hr>
          </ns3:TrackPointExtension>
        </extensions>
      </trkpt>
      <trkpt lat="59.9552489630877971649169921875" lon="30.29503407888114452362060546875">
        <ele>13.3999996185302734375</ele>
        <time>2026-04-22T07:43:54.000Z</time>
        <extensions>
          <ns3:TrackPointExtension>
            <ns3:atemp>16.0</ns3:atemp>
            <ns3:hr>156</ns3:hr>
          </ns3:TrackPointExtension>
        </extensions>
      </trkpt>
      <trkpt lat="59.95514527894556522369384765625" lon="30.29477943666279315948486328125">
        <ele>13.6000003814697265625</ele>
        <time>2026-04-22T07:43:57.000Z</time>
        <extensions>
          <ns3:TrackPointExtension>
            <ns3:atemp>16.0</ns3:atemp>
            <ns3:hr>154</ns3:hr>
          </ns3:TrackPointExtension>
        </extensions>
      </trkpt>
      <trkpt lat="59.95509984903037548065185546875" lon="30.29467432759702205657958984375">
        <ele>13.6000003814697265625</ele>
        <time>2026-04-22T07:43:59.000Z</time>
        <extensions>
          <ns3:TrackPointExtension>
            <ns3:atemp>16.0</ns3:atemp>
            <ns3:hr>153</ns3:hr>
          </ns3:TrackPointExtension>
        </extensions>
      </trkpt>
      <trkpt lat="59.9550716020166873931884765625" lon="30.2946008183062076568603515625">
        <ele>13.6000003814697265625</ele>
        <time>2026-04-22T07:44:00.000Z</time>
        <extensions>
          <ns3:TrackPointExtension>
            <ns3:atemp>16.0</ns3:atemp>
            <ns3:hr>155</ns3:hr>
          </ns3:TrackPointExtension>
        </extensions>
      </trkpt>
      <trkpt lat="59.95505106635391712188720703125" lon="30.29452563263475894927978515625">
        <ele>13.6000003814697265625</ele>
        <time>2026-04-22T07:44:01.000Z</time>
        <extensions>
          <ns3:TrackPointExtension>
            <ns3:atemp>16.0</ns3:atemp>
            <ns3:hr>158</ns3:hr>
          </ns3:TrackPointExtension>
        </extensions>
      </trkpt>
      <trkpt lat="59.95502726174890995025634765625" lon="30.29445505701005458831787109375">
        <ele>13.6000003814697265625</ele>
        <time>2026-04-22T07:44:02.000Z</time>
        <extensions>
          <ns3:TrackPointExtension>
            <ns3:atemp>16.0</ns3:atemp>
            <ns3:hr>158</ns3:hr>
          </ns3:TrackPointExtension>
        </extensions>
      </trkpt>
      <trkpt lat="59.95499591343104839324951171875" lon="30.294342152774333953857421875">
        <ele>13.80000019073486328125</ele>
        <time>2026-04-22T07:44:04.000Z</time>
        <extensions>
          <ns3:TrackPointExtension>
            <ns3:atemp>16.0</ns3:atemp>
            <ns3:hr>162</ns3:hr>
          </ns3:TrackPointExtension>
        </extensions>
      </trkpt>
      <trkpt lat="59.9549827538430690765380859375" lon="30.2942209504544734954833984375">
        <ele>14.19999980926513671875</ele>
        <time>2026-04-22T07:44:07.000Z</time>
        <extensions>
          <ns3:TrackPointExtension>
            <ns3:atemp>16.0</ns3:atemp>
            <ns3:hr>159</ns3:hr>
          </ns3:TrackPointExtension>
        </extensions>
      </trkpt>
      <trkpt lat="59.95497395284473896026611328125" lon="30.29415045864880084991455078125">
        <ele>14.3999996185302734375</ele>
        <time>2026-04-22T07:44:09.000Z</time>
        <extensions>
          <ns3:TrackPointExtension>
            <ns3:atemp>16.0</ns3:atemp>
            <ns3:hr>158</ns3:hr>
          </ns3:TrackPointExtension>
        </extensions>
      </trkpt>
      <trkpt lat="59.95480857789516448974609375" lon="30.29393621720373630523681640625">
        <ele>14.19999980926513671875</ele>
        <time>2026-04-22T07:44:14.000Z</time>
        <extensions>
          <ns3:TrackPointExtension>
            <ns3:atemp>16.0</ns3:atemp>
            <ns3:hr>159</ns3:hr>
          </ns3:TrackPointExtension>
        </extensions>
      </trkpt>
      <trkpt lat="59.95450909249484539031982421875" lon="30.29354126192629337310791015625">
        <ele>13.3999996185302734375</ele>
        <time>2026-04-22T07:44:20.000Z</time>
        <extensions>
          <ns3:TrackPointExtension>
            <ns3:atemp>16.0</ns3:atemp>
            <ns3:hr>157</ns3:hr>
          </ns3:TrackPointExtension>
        </extensions>
      </trkpt>
      <trkpt lat="59.9543685279786586761474609375" lon="30.2933730371296405792236328125">
        <ele>13.3999996185302734375</ele>
        <time>2026-04-22T07:44:23.000Z</time>
        <extensions>
          <ns3:TrackPointExtension>
            <ns3:atemp>16.0</ns3:atemp>
            <ns3:hr>156</ns3:hr>
          </ns3:TrackPointExtension>
        </extensions>
      </trkpt>
      <trkpt lat="59.954288899898529052734375" lon="30.2933039702475070953369140625">
        <ele>13.19999980926513671875</ele>
        <time>2026-04-22T07:44:25.000Z</time>
        <extensions>
          <ns3:TrackPointExtension>
            <ns3:atemp>16.0</ns3:atemp>
            <ns3:hr>156</ns3:hr>
          </ns3:TrackPointExtension>
        </extensions>
      </trkpt>
      <trkpt lat="59.954118914902210235595703125" lon="30.29308076016604900360107421875">
        <ele>13.19999980926513671875</ele>
        <time>2026-04-22T07:44:29.000Z</time>
        <extensions>
          <ns3:TrackPointExtension>
            <ns3:atemp>16.0</ns3:atemp>
            <ns3:hr>159</ns3:hr>
          </ns3:TrackPointExtension>
        </extensions>
      </trkpt>
      <trkpt lat="59.95408245362341403961181640625" lon="30.29302057810127735137939453125">
        <ele>13.19999980926513671875</ele>
        <time>2026-04-22T07:44:30.000Z</time>
        <extensions>
          <ns3:TrackPointExtension>
            <ns3:atemp>16.0</ns3:atemp>
            <ns3:hr>158</ns3:hr>
          </ns3:TrackPointExtension>
        </extensions>
      </trkpt>
      <trkpt lat="59.9538066051900386810302734375" lon="30.292612798511981964111328125">
        <ele>13</ele>
        <time>2026-04-22T07:44:36.000Z</time>
        <extensions>
          <ns3:TrackPointExtension>
            <ns3:atemp>16.0</ns3:atemp>
            <ns3:hr>154</ns3:hr>
          </ns3:TrackPointExtension>
        </extensions>
      </trkpt>
      <trkpt lat="59.953527487814426422119140625" lon="30.29205833561718463897705078125">
        <ele>13.80000019073486328125</ele>
        <time>2026-04-22T07:44:43.000Z</time>
        <extensions>
          <ns3:TrackPointExtension>
            <ns3:atemp>16.0</ns3:atemp>
            <ns3:hr>152</ns3:hr>
          </ns3:TrackPointExtension>
        </extensions>
      </trkpt>
      <trkpt lat="59.95342832989990711212158203125" lon="30.2919226326048374176025390625">
        <ele>13.80000019073486328125</ele>
        <time>2026-04-22T07:44:45.000Z</time>
        <extensions>
          <ns3:TrackPointExtension>
            <ns3:atemp>16.0</ns3:atemp>
            <ns3:hr>156</ns3:hr>
          </ns3:TrackPointExtension>
        </extensions>
      </trkpt>
      <trkpt lat="59.95331592857837677001953125" lon="30.291755162179470062255859375">
        <ele>13.6000003814697265625</ele>
        <time>2026-04-22T07:44:48.000Z</time>
        <extensions>
          <ns3:TrackPointExtension>
            <ns3:atemp>16.0</ns3:atemp>
            <ns3:hr>165</ns3:hr>
          </ns3:TrackPointExtension>
        </extensions>
      </trkpt>
      <trkpt lat="59.953283406794071197509765625" lon="30.2917281724512577056884765625">
        <ele>13.6000003814697265625</ele>
        <time>2026-04-22T07:44:49.000Z</time>
        <extensions>
          <ns3:TrackPointExtension>
            <ns3:atemp>16.0</ns3:atemp>
            <ns3:hr>165</ns3:hr>
          </ns3:TrackPointExtension>
        </extensions>
      </trkpt>
      <trkpt lat="59.953097663819789886474609375" lon="30.29151200316846370697021484375">
        <ele>14</ele>
        <time>2026-04-22T07:44:55.000Z</time>
        <extensions>
          <ns3:TrackPointExtension>
            <ns3:atemp>16.0</ns3:atemp>
            <ns3:hr>167</ns3:hr>
          </ns3:TrackPointExtension>
        </extensions>
      </trkpt>
      <trkpt lat="59.95302231051027774810791015625" lon="30.2914537489414215087890625">
        <ele>14.19999980926513671875</ele>
        <time>2026-04-22T07:44:59.000Z</time>
        <extensions>
          <ns3:TrackPointExtension>
            <ns3:atemp>16.0</ns3:atemp>
            <ns3:hr>167</ns3:hr>
          </ns3:TrackPointExtension>
        </extensions>
      </trkpt>
      <trkpt lat="59.95293279178440570831298828125" lon="30.29125057160854339599609375">
        <ele>13.80000019073486328125</ele>
        <time>2026-04-22T07:45:03.000Z</time>
        <extensions>
          <ns3:TrackPointExtension>
            <ns3:atemp>16.0</ns3:atemp>
            <ns3:hr>166</ns3:hr>
          </ns3:TrackPointExtension>
        </extensions>
      </trkpt>
      <trkpt lat="59.9528284370899200439453125" lon="30.291057117283344268798828125">
        <ele>13.6000003814697265625</ele>
        <time>2026-04-22T07:45:08.000Z</time>
        <extensions>
          <ns3:TrackPointExtension>
            <ns3:atemp>16.0</ns3:atemp>
            <ns3:hr>166</ns3:hr>
          </ns3:TrackPointExtension>
        </extensions>
      </trkpt>
      <trkpt lat="59.95278753340244293212890625" lon="30.29109927825629711151123046875">
        <ele>13.80000019073486328125</ele>
        <time>2026-04-22T07:45:10.000Z</time>
        <extensions>
          <ns3:TrackPointExtension>
            <ns3:atemp>16.0</ns3:atemp>
            <ns3:hr>169</ns3:hr>
          </ns3:TrackPointExtension>
        </extensions>
      </trkpt>
      <trkpt lat="59.9527182988822460174560546875" lon="30.2910889685153961181640625">
        <ele>13.80000019073486328125</ele>
        <time>2026-04-22T07:45:13.000Z</time>
        <extensions>
          <ns3:TrackPointExtension>
            <ns3:atemp>16.0</ns3:atemp>
            <ns3:hr>171</ns3:hr>
          </ns3:TrackPointExtension>
        </extensions>
      </trkpt>
      <trkpt lat="59.952641688287258148193359375" lon="30.2910004556179046630859375">
        <ele>14</ele>
        <time>2026-04-22T07:45:19.000Z</time>
        <extensions>
          <ns3:TrackPointExtension>
            <ns3:atemp>16.0</ns3:atemp>
            <ns3:hr>171</ns3:hr>
          </ns3:TrackPointExtension>
        </extensions>
      </trkpt>
      <trkpt lat="59.95256868191063404083251953125" lon="30.29093666933476924896240234375">
        <ele>14.19999980926513671875</ele>
        <time>2026-04-22T07:45:26.000Z</time>
        <extensions>
          <ns3:TrackPointExtension>
            <ns3:atemp>16.0</ns3:atemp>
            <ns3:hr>172</ns3:hr>
          </ns3:TrackPointExtension>
        </extensions>
      </trkpt>
      <trkpt lat="59.95253448374569416046142578125" lon="30.290965922176837921142578125">
        <ele>14</ele>
        <time>2026-04-22T07:45:30.000Z</time>
        <extensions>
          <ns3:TrackPointExtension>
            <ns3:atemp>16.0</ns3:atemp>
            <ns3:hr>172</ns3:hr>
          </ns3:TrackPointExtension>
        </extensions>
      </trkpt>
      <trkpt lat="59.9525298736989498138427734375" lon="30.290976651012897491455078125">
        <ele>14</ele>
        <time>2026-04-22T07:45:31.000Z</time>
        <extensions>
          <ns3:TrackPointExtension>
            <ns3:atemp>16.0</ns3:atemp>
            <ns3:hr>172</ns3:hr>
          </ns3:TrackPointExtension>
        </extensions>
      </trkpt>
      <trkpt lat="59.95251554064452648162841796875" lon="30.29098394326865673065185546875">
        <ele>13.80000019073486328125</ele>
        <time>2026-04-22T07:45:32.000Z</time>
        <extensions>
          <ns3:TrackPointExtension>
            <ns3:atemp>16.0</ns3:atemp>
            <ns3:hr>172</ns3:hr>
          </ns3:TrackPointExtension>
        </extensions>
      </trkpt>
      <trkpt lat="59.95245351456105709075927734375" lon="30.2910478971898555755615234375">
        <ele>13.3999996185302734375</ele>
        <time>2026-04-22T07:45:35.000Z</time>
        <extensions>
          <ns3:TrackPointExtension>
            <ns3:atemp>16.0</ns3:atemp>
            <ns3:hr>170</ns3:hr>
          </ns3:TrackPointExtension>
        </extensions>
      </trkpt>
      <trkpt lat="59.95231278240680694580078125" lon="30.2910807542502880096435546875">
        <ele>13.3999996185302734375</ele>
        <time>2026-04-22T07:45:41.000Z</time>
        <extensions>
          <ns3:TrackPointExtension>
            <ns3:atemp>16.0</ns3:atemp>
            <ns3:hr>169</ns3:hr>
          </ns3:TrackPointExtension>
        </extensions>
      </trkpt>
      <trkpt lat="59.95229928754270076751708984375" lon="30.2911801636219024658203125">
        <ele>14.19999980926513671875</ele>
        <time>2026-04-22T07:45:48.000Z</time>
        <extensions>
          <ns3:TrackPointExtension>
            <ns3:atemp>16.0</ns3:atemp>
            <ns3:hr>167</ns3:hr>
          </ns3:TrackPointExtension>
        </extensions>
      </trkpt>
      <trkpt lat="59.9522371776401996612548828125" lon="30.291189216077327728271484375">
        <ele>13.3999996185302734375</ele>
        <time>2026-04-22T07:45:54.000Z</time>
        <extensions>
          <ns3:TrackPointExtension>
            <ns3:atemp>16.0</ns3:atemp>
            <ns3:hr>165</ns3:hr>
          </ns3:TrackPointExtension>
        </extensions>
      </trkpt>
      <trkpt lat="59.95221312157809734344482421875" lon="30.29122467152774333953857421875">
        <ele>13.3999996185302734375</ele>
        <time>2026-04-22T07:46:00.000Z</time>
        <extensions>
          <ns3:TrackPointExtension>
            <ns3:atemp>16.0</ns3:atemp>
            <ns3:hr>162</ns3:hr>
          </ns3:TrackPointExtension>
        </extensions>
      </trkpt>
      <trkpt lat="59.95220423676073551177978515625" lon="30.29123154468834400177001953125">
        <ele>13.3999996185302734375</ele>
        <time>2026-04-22T07:46:01.000Z</time>
        <extensions>
          <ns3:TrackPointExtension>
            <ns3:atemp>16.0</ns3:atemp>
            <ns3:hr>164</ns3:hr>
          </ns3:TrackPointExtension>
        </extensions>
      </trkpt>
      <trkpt lat="59.95183191262185573577880859375" lon="30.29047675430774688720703125">
        <ele>14</ele>
        <time>2026-04-22T07:46:31.000Z</time>
        <extensions>
          <ns3:TrackPointExtension>
            <ns3:atemp>17.0</ns3:atemp>
            <ns3:hr>159</ns3:hr>
          </ns3:TrackPointExtension>
        </extensions>
      </trkpt>
      <trkpt lat="59.95176267810165882110595703125" lon="30.290509946644306182861328125">
        <ele>14.80000019073486328125</ele>
        <time>2026-04-22T07:46:35.000Z</time>
        <extensions>
          <ns3:TrackPointExtension>
            <ns3:atemp>17.0</ns3:atemp>
            <ns3:hr>158</ns3:hr>
          </ns3:TrackPointExtension>
        </extensions>
      </trkpt>
      <trkpt lat="59.95176494121551513671875" lon="30.29048522002995014190673828125">
        <ele>15.19999980926513671875</ele>
        <time>2026-04-22T07:46:37.000Z</time>
        <extensions>
          <ns3:TrackPointExtension>
            <ns3:atemp>17.0</ns3:atemp>
            <ns3:hr>158</ns3:hr>
          </ns3:TrackPointExtension>
        </extensions>
      </trkpt>
      <trkpt lat="59.951786734163761138916015625" lon="30.2905590645968914031982421875">
        <ele>15.6000003814697265625</ele>
        <time>2026-04-22T07:46:41.000Z</time>
        <extensions>
          <ns3:TrackPointExtension>
            <ns3:atemp>17.0</ns3:atemp>
            <ns3:hr>155</ns3:hr>
          </ns3:TrackPointExtension>
        </extensions>
      </trkpt>
      <trkpt lat="59.9517724849283695220947265625" lon="30.29059938155114650726318359375">
        <ele>16</ele>
        <time>2026-04-22T07:46:43.000Z</time>
        <extensions>
          <ns3:TrackPointExtension>
            <ns3:atemp>17.0</ns3:atemp>
            <ns3:hr>156</ns3:hr>
          </ns3:TrackPointExtension>
        </extensions>
      </trkpt>
      <trkpt lat="59.9517689645290374755859375" lon="30.29059770517051219940185546875">
        <ele>16.3999996185302734375</ele>
        <time>2026-04-22T07:46:45.000Z</time>
        <extensions>
          <ns3:TrackPointExtension>
            <ns3:atemp>17.0</ns3:atemp>
            <ns3:hr>164</ns3:hr>
          </ns3:TrackPointExtension>
        </extensions>
      </trkpt>
      <trkpt lat="59.95175831951200962066650390625" lon="30.29059569351375102996826171875">
        <ele>16.799999237060546875</ele>
        <time>2026-04-22T07:46:48.000Z</time>
        <extensions>
          <ns3:TrackPointExtension>
            <ns3:atemp>17.0</ns3:atemp>
            <ns3:hr>166</ns3:hr>
          </ns3:TrackPointExtension>
        </extensions>
      </trkpt>
      <trkpt lat="59.9517630971968173980712890625" lon="30.29059284366667270660400390625">
        <ele>16.799999237060546875</ele>
        <time>2026-04-22T07:46:49.000Z</time>
        <extensions>
          <ns3:TrackPointExtension>
            <ns3:atemp>17.0</ns3:atemp>
            <ns3:hr>165</ns3:hr>
          </ns3:TrackPointExtension>
        </extensions>
      </trkpt>
      <trkpt lat="59.951782040297985076904296875" lon="30.2905892394483089447021484375">
        <ele>16.6000003814697265625</ele>
        <time>2026-04-22T07:46:51.000Z</time>
        <extensions>
          <ns3:TrackPointExtension>
            <ns3:atemp>17.0</ns3:atemp>
            <ns3:hr>164</ns3:hr>
          </ns3:TrackPointExtension>
        </extensions>
      </trkpt>
      <trkpt lat="59.951820932328701019287109375" lon="30.29058546759188175201416015625">
        <ele>16.6000003814697265625</ele>
        <time>2026-04-22T07:46:56.000Z</time>
        <extensions>
          <ns3:TrackPointExtension>
            <ns3:atemp>17.0</ns3:atemp>
            <ns3:hr>163</ns3:hr>
          </ns3:TrackPointExtension>
        </extensions>
      </trkpt>
      <trkpt lat="59.951831996440887451171875" lon="30.2905597351491451263427734375">
        <ele>16.6000003814697265625</ele>
        <time>2026-04-22T07:46:58.000Z</time>
        <extensions>
          <ns3:TrackPointExtension>
            <ns3:atemp>17.0</ns3:atemp>
            <ns3:hr>162</ns3:hr>
          </ns3:TrackPointExtension>
        </extensions>
      </trkpt>
      <trkpt lat="59.95181799866259098052978515625" lon="30.29042202048003673553466796875">
        <ele>16.3999996185302734375</ele>
        <time>2026-04-22T07:47:01.000Z</time>
        <extensions>
          <ns3:TrackPointExtension>
            <ns3:atemp>17.0</ns3:atemp>
            <ns3:hr>162</ns3:hr>
          </ns3:TrackPointExtension>
        </extensions>
      </trkpt>
      <trkpt lat="59.95189511217176914215087890625" lon="30.2901694737374782562255859375">
        <ele>15.80000019073486328125</ele>
        <time>2026-04-22T07:47:07.000Z</time>
        <extensions>
          <ns3:TrackPointExtension>
            <ns3:atemp>17.0</ns3:atemp>
            <ns3:hr>162</ns3:hr>
          </ns3:TrackPointExtension>
        </extensions>
      </trkpt>
      <trkpt lat="59.9518841318786144256591796875" lon="30.2901114709675312042236328125">
        <ele>15.80000019073486328125</ele>
        <time>2026-04-22T07:47:09.000Z</time>
        <extensions>
          <ns3:TrackPointExtension>
            <ns3:atemp>17.0</ns3:atemp>
            <ns3:hr>164</ns3:hr>
          </ns3:TrackPointExtension>
        </extensions>
      </trkpt>
      <trkpt lat="59.95185152627527713775634765625" lon="30.28994433581829071044921875">
        <ele>15.80000019073486328125</ele>
        <time>2026-04-22T07:47:11.000Z</time>
        <extensions>
          <ns3:TrackPointExtension>
            <ns3:atemp>17.0</ns3:atemp>
            <ns3:hr>164</ns3:hr>
          </ns3:TrackPointExtension>
        </extensions>
      </trkpt>
      <trkpt lat="59.95163292624056339263916015625" lon="30.28965063393115997314453125">
        <ele>16.3999996185302734375</ele>
        <time>2026-04-22T07:47:16.000Z</time>
        <extensions>
          <ns3:TrackPointExtension>
            <ns3:atemp>17.0</ns3:atemp>
            <ns3:hr>164</ns3:hr>
          </ns3:TrackPointExtension>
        </extensions>
      </trkpt>
      <trkpt lat="59.9513460136950016021728515625" lon="30.28920697979629039764404296875">
        <ele>16.799999237060546875</ele>
        <time>2026-04-22T07:47:24.000Z</time>
        <extensions>
          <ns3:TrackPointExtension>
            <ns3:atemp>17.0</ns3:atemp>
            <ns3:hr>163</ns3:hr>
          </ns3:TrackPointExtension>
        </extensions>
      </trkpt>
      <trkpt lat="59.95120477862656116485595703125" lon="30.289008580148220062255859375">
        <ele>16.6000003814697265625</ele>
        <time>2026-04-22T07:47:28.000Z</time>
        <extensions>
          <ns3:TrackPointExtension>
            <ns3:atemp>17.0</ns3:atemp>
            <ns3:hr>160</ns3:hr>
          </ns3:TrackPointExtension>
        </extensions>
      </trkpt>
      <trkpt lat="59.9510932154953479766845703125" lon="30.28884471394121646881103515625">
        <ele>16.6000003814697265625</ele>
        <time>2026-04-22T07:47:31.000Z</time>
        <extensions>
          <ns3:TrackPointExtension>
            <ns3:atemp>17.0</ns3:atemp>
            <ns3:hr>158</ns3:hr>
          </ns3:TrackPointExtension>
        </extensions>
      </trkpt>
      <trkpt lat="59.9508089013397693634033203125" lon="30.288469456136226654052734375">
        <ele>16.799999237060546875</ele>
        <time>2026-04-22T07:47:39.000Z</time>
        <extensions>
          <ns3:TrackPointExtension>
            <ns3:atemp>17.0</ns3:atemp>
            <ns3:hr>158</ns3:hr>
          </ns3:TrackPointExtension>
        </extensions>
      </trkpt>
      <trkpt lat="59.95072868652641773223876953125" lon="30.288367532193660736083984375">
        <ele>17</ele>
        <time>2026-04-22T07:47:41.000Z</time>
        <extensions>
          <ns3:TrackPointExtension>
            <ns3:atemp>17.0</ns3:atemp>
            <ns3:hr>157</ns3:hr>
          </ns3:TrackPointExtension>
        </extensions>
      </trkpt>
      <trkpt lat="59.95047789998352527618408203125" lon="30.2880173362791538238525390625">
        <ele>17.200000762939453125</ele>
        <time>2026-04-22T07:47:48.000Z</time>
        <extensions>
          <ns3:TrackPointExtension>
            <ns3:atemp>17.0</ns3:atemp>
            <ns3:hr>155</ns3:hr>
          </ns3:TrackPointExtension>
        </extensions>
      </trkpt>
      <trkpt lat="59.9503985233604907989501953125" lon="30.28792387805879116058349609375">
        <ele>17.3999996185302734375</ele>
        <time>2026-04-22T07:47:50.000Z</time>
        <extensions>
          <ns3:TrackPointExtension>
            <ns3:atemp>17.0</ns3:atemp>
            <ns3:hr>155</ns3:hr>
          </ns3:TrackPointExtension>
        </extensions>
      </trkpt>
      <trkpt lat="59.95022870600223541259765625" lon="30.28776462189853191375732421875">
        <ele>17.799999237060546875</ele>
        <time>2026-04-22T07:47:54.000Z</time>
        <extensions>
          <ns3:TrackPointExtension>
            <ns3:atemp>17.0</ns3:atemp>
            <ns3:hr>156</ns3:hr>
          </ns3:TrackPointExtension>
        </extensions>
      </trkpt>
      <trkpt lat="59.950037263333797454833984375" lon="30.28750143013894557952880859375">
        <ele>17.799999237060546875</ele>
        <time>2026-04-22T07:48:00.000Z</time>
        <extensions>
          <ns3:TrackPointExtension>
            <ns3:atemp>17.0</ns3:atemp>
            <ns3:hr>159</ns3:hr>
          </ns3:TrackPointExtension>
        </extensions>
      </trkpt>
      <trkpt lat="59.950014464557170867919921875" lon="30.2874513901770114898681640625">
        <ele>18.200000762939453125</ele>
        <time>2026-04-22T07:48:01.000Z</time>
        <extensions>
          <ns3:TrackPointExtension>
            <ns3:atemp>17.0</ns3:atemp>
            <ns3:hr>157</ns3:hr>
          </ns3:TrackPointExtension>
        </extensions>
      </trkpt>
      <trkpt lat="59.94993106462061405181884765625" lon="30.28731334023177623748779296875">
        <ele>19.200000762939453125</ele>
        <time>2026-04-22T07:48:04.000Z</time>
        <extensions>
          <ns3:TrackPointExtension>
            <ns3:atemp>17.0</ns3:atemp>
            <ns3:hr>160</ns3:hr>
          </ns3:TrackPointExtension>
        </extensions>
      </trkpt>
      <trkpt lat="59.94987976737320423126220703125" lon="30.28722968883812427520751953125">
        <ele>19.200000762939453125</ele>
        <time>2026-04-22T07:48:06.000Z</time>
        <extensions>
          <ns3:TrackPointExtension>
            <ns3:atemp>17.0</ns3:atemp>
            <ns3:hr>161</ns3:hr>
          </ns3:TrackPointExtension>
        </extensions>
      </trkpt>
      <trkpt lat="59.9498295597732067108154296875" lon="30.28716288506984710693359375">
        <ele>19.3999996185302734375</ele>
        <time>2026-04-22T07:48:08.000Z</time>
        <extensions>
          <ns3:TrackPointExtension>
            <ns3:atemp>17.0</ns3:atemp>
            <ns3:hr>160</ns3:hr>
          </ns3:TrackPointExtension>
        </extensions>
      </trkpt>
      <trkpt lat="59.9497313238680362701416015625" lon="30.2870815806090831756591796875">
        <ele>20.799999237060546875</ele>
        <time>2026-04-22T07:48:12.000Z</time>
        <extensions>
          <ns3:TrackPointExtension>
            <ns3:atemp>17.0</ns3:atemp>
            <ns3:hr>159</ns3:hr>
          </ns3:TrackPointExtension>
        </extensions>
      </trkpt>
      <trkpt lat="59.9497011490166187286376953125" lon="30.28704646043479442596435546875">
        <ele>21</ele>
        <time>2026-04-22T07:48:13.000Z</time>
        <extensions>
          <ns3:TrackPointExtension>
            <ns3:atemp>17.0</ns3:atemp>
            <ns3:hr>159</ns3:hr>
          </ns3:TrackPointExtension>
        </extensions>
      </trkpt>
      <trkpt lat="59.94967659004032611846923828125" lon="30.2869015373289585113525390625">
        <ele>20.799999237060546875</ele>
        <time>2026-04-22T07:48:16.000Z</time>
        <extensions>
          <ns3:TrackPointExtension>
            <ns3:atemp>17.0</ns3:atemp>
            <ns3:hr>160</ns3:hr>
          </ns3:TrackPointExtension>
        </extensions>
      </trkpt>
      <trkpt lat="59.9496250413358211517333984375" lon="30.2867509983479976654052734375">
        <ele>21.6000003814697265625</ele>
        <time>2026-04-22T07:48:22.000Z</time>
        <extensions>
          <ns3:TrackPointExtension>
            <ns3:atemp>17.0</ns3:atemp>
            <ns3:hr>157</ns3:hr>
          </ns3:TrackPointExtension>
        </extensions>
      </trkpt>
      <trkpt lat="59.94963166303932666778564453125" lon="30.286738090217113494873046875">
        <ele>21.799999237060546875</ele>
        <time>2026-04-22T07:48:25.000Z</time>
        <extensions>
          <ns3:TrackPointExtension>
            <ns3:atemp>17.0</ns3:atemp>
            <ns3:hr>158</ns3:hr>
          </ns3:TrackPointExtension>
        </extensions>
      </trkpt>
      <trkpt lat="59.949644319713115692138671875" lon="30.2866933308541774749755859375">
        <ele>21.799999237060546875</ele>
        <time>2026-04-22T07:48:27.000Z</time>
        <extensions>
          <ns3:TrackPointExtension>
            <ns3:atemp>17.0</ns3:atemp>
            <ns3:hr>157</ns3:hr>
          </ns3:TrackPointExtension>
        </extensions>
      </trkpt>
      <trkpt lat="59.94964088313281536102294921875" lon="30.28667028062045574188232421875">
        <ele>22</ele>
        <time>2026-04-22T07:48:28.000Z</time>
        <extensions>
          <ns3:TrackPointExtension>
            <ns3:atemp>17.0</ns3:atemp>
            <ns3:hr>159</ns3:hr>
          </ns3:TrackPointExtension>
        </extensions>
      </trkpt>
      <trkpt lat="59.949607439339160919189453125" lon="30.28659920208156108856201171875">
        <ele>22.3999996185302734375</ele>
        <time>2026-04-22T07:48:31.000Z</time>
        <extensions>
          <ns3:TrackPointExtension>
            <ns3:atemp>17.0</ns3:atemp>
            <ns3:hr>156</ns3:hr>
          </ns3:TrackPointExtension>
        </extensions>
      </trkpt>
      <trkpt lat="59.949527643620967864990234375" lon="30.28645905666053295135498046875">
        <ele>22.3999996185302734375</ele>
        <time>2026-04-22T07:48:35.000Z</time>
        <extensions>
          <ns3:TrackPointExtension>
            <ns3:atemp>17.0</ns3:atemp>
            <ns3:hr>156</ns3:hr>
          </ns3:TrackPointExtension>
        </extensions>
      </trkpt>
      <trkpt lat="59.94928984902799129486083984375" lon="30.28611908666789531707763671875">
        <ele>21.799999237060546875</ele>
        <time>2026-04-22T07:48:43.000Z</time>
        <extensions>
          <ns3:TrackPointExtension>
            <ns3:atemp>17.0</ns3:atemp>
            <ns3:hr>159</ns3:hr>
          </ns3:TrackPointExtension>
        </extensions>
      </trkpt>
      <trkpt lat="59.949254728853702545166015625" lon="30.2860791049897670745849609375">
        <ele>21.799999237060546875</ele>
        <time>2026-04-22T07:48:44.000Z</time>
        <extensions>
          <ns3:TrackPointExtension>
            <ns3:atemp>17.0</ns3:atemp>
            <ns3:hr>158</ns3:hr>
          </ns3:TrackPointExtension>
        </extensions>
      </trkpt>
      <trkpt lat="59.94912019930779933929443359375" lon="30.28600090183317661285400390625">
        <ele>22.3999996185302734375</ele>
        <time>2026-04-22T07:48:48.000Z</time>
        <extensions>
          <ns3:TrackPointExtension>
            <ns3:atemp>17.0</ns3:atemp>
            <ns3:hr>161</ns3:hr>
          </ns3:TrackPointExtension>
        </extensions>
      </trkpt>
      <trkpt lat="59.9490587599575519561767578125" lon="30.28592479415237903594970703125">
        <ele>22.799999237060546875</ele>
        <time>2026-04-22T07:48:50.000Z</time>
        <extensions>
          <ns3:TrackPointExtension>
            <ns3:atemp>17.0</ns3:atemp>
            <ns3:hr>163</ns3:hr>
          </ns3:TrackPointExtension>
        </extensions>
      </trkpt>
      <trkpt lat="59.9488103203475475311279296875" lon="30.28559052385389804840087890625">
        <ele>23.799999237060546875</ele>
        <time>2026-04-22T07:48:58.000Z</time>
        <extensions>
          <ns3:TrackPointExtension>
            <ns3:atemp>17.0</ns3:atemp>
            <ns3:hr>162</ns3:hr>
          </ns3:TrackPointExtension>
        </extensions>
      </trkpt>
      <trkpt lat="59.94856707751750946044921875" lon="30.285280644893646240234375">
        <ele>23.6000003814697265625</ele>
        <time>2026-04-22T07:49:05.000Z</time>
        <extensions>
          <ns3:TrackPointExtension>
            <ns3:atemp>16.0</ns3:atemp>
            <ns3:hr>164</ns3:hr>
          </ns3:TrackPointExtension>
        </extensions>
      </trkpt>
      <trkpt lat="59.94848527014255523681640625" lon="30.2851963229477405548095703125">
        <ele>22.6000003814697265625</ele>
        <time>2026-04-22T07:49:07.000Z</time>
        <extensions>
          <ns3:TrackPointExtension>
            <ns3:atemp>16.0</ns3:atemp>
            <ns3:hr>166</ns3:hr>
          </ns3:TrackPointExtension>
        </extensions>
      </trkpt>
      <trkpt lat="59.94820070452988147735595703125" lon="30.2847671695053577423095703125">
        <ele>23</ele>
        <time>2026-04-22T07:49:14.000Z</time>
        <extensions>
          <ns3:TrackPointExtension>
            <ns3:atemp>16.0</ns3:atemp>
            <ns3:hr>167</ns3:hr>
          </ns3:TrackPointExtension>
        </extensions>
      </trkpt>
      <trkpt lat="59.94805477559566497802734375" lon="30.28458268381655216217041015625">
        <ele>22.3999996185302734375</ele>
        <time>2026-04-22T07:49:17.000Z</time>
        <extensions>
          <ns3:TrackPointExtension>
            <ns3:atemp>16.0</ns3:atemp>
            <ns3:hr>167</ns3:hr>
          </ns3:TrackPointExtension>
        </extensions>
      </trkpt>
      <trkpt lat="59.94798076339066028594970703125" lon="30.28457296080887317657470703125">
        <ele>21.799999237060546875</ele>
        <time>2026-04-22T07:49:19.000Z</time>
        <extensions>
          <ns3:TrackPointExtension>
            <ns3:atemp>16.0</ns3:atemp>
            <ns3:hr>166</ns3:hr>
          </ns3:TrackPointExtension>
        </extensions>
      </trkpt>
      <trkpt lat="59.94795980863273143768310546875" lon="30.28462090529501438140869140625">
        <ele>21.6000003814697265625</ele>
        <time>2026-04-22T07:49:20.000Z</time>
        <extensions>
          <ns3:TrackPointExtension>
            <ns3:atemp>16.0</ns3:atemp>
            <ns3:hr>165</ns3:hr>
          </ns3:TrackPointExtension>
        </extensions>
      </trkpt>
      <trkpt lat="59.947938434779644012451171875" lon="30.28469131328165531158447265625">
        <ele>21.3999996185302734375</ele>
        <time>2026-04-22T07:49:21.000Z</time>
        <extensions>
          <ns3:TrackPointExtension>
            <ns3:atemp>16.0</ns3:atemp>
            <ns3:hr>164</ns3:hr>
          </ns3:TrackPointExtension>
        </extensions>
      </trkpt>
      <trkpt lat="59.94791069068014621734619140625" lon="30.2847755514085292816162109375">
        <ele>21.3999996185302734375</ele>
        <time>2026-04-22T07:49:22.000Z</time>
        <extensions>
          <ns3:TrackPointExtension>
            <ns3:atemp>16.0</ns3:atemp>
            <ns3:hr>164</ns3:hr>
          </ns3:TrackPointExtension>
        </extensions>
      </trkpt>
      <trkpt lat="59.94770340621471405029296875" lon="30.28537829406559467315673828125">
        <ele>20.3999996185302734375</ele>
        <time>2026-04-22T07:49:28.000Z</time>
        <extensions>
          <ns3:TrackPointExtension>
            <ns3:atemp>16.0</ns3:atemp>
            <ns3:hr>165</ns3:hr>
          </ns3:TrackPointExtension>
        </extensions>
      </trkpt>
      <trkpt lat="59.9474675394594669342041015625" lon="30.2860750816762447357177734375">
        <ele>19.3999996185302734375</ele>
        <time>2026-04-22T07:49:34.000Z</time>
        <extensions>
          <ns3:TrackPointExtension>
            <ns3:atemp>16.0</ns3:atemp>
            <ns3:hr>161</ns3:hr>
          </ns3:TrackPointExtension>
        </extensions>
      </trkpt>
      <trkpt lat="59.94742403738200664520263671875" lon="30.2861703000962734222412109375">
        <ele>19.200000762939453125</ele>
        <time>2026-04-22T07:49:35.000Z</time>
        <extensions>
          <ns3:TrackPointExtension>
            <ns3:atemp>16.0</ns3:atemp>
            <ns3:hr>159</ns3:hr>
          </ns3:TrackPointExtension>
        </extensions>
      </trkpt>
      <trkpt lat="59.9473123066127300262451171875" lon="30.28634942136704921722412109375">
        <ele>18.799999237060546875</ele>
        <time>2026-04-22T07:49:38.000Z</time>
        <extensions>
          <ns3:TrackPointExtension>
            <ns3:atemp>16.0</ns3:atemp>
            <ns3:hr>156</ns3:hr>
          </ns3:TrackPointExtension>
        </extensions>
      </trkpt>
      <trkpt lat="59.9472123943269252777099609375" lon="30.28656399808824062347412109375">
        <ele>18.6000003814697265625</ele>
        <time>2026-04-22T07:49:40.000Z</time>
        <extensions>
          <ns3:TrackPointExtension>
            <ns3:atemp>16.0</ns3:atemp>
            <ns3:hr>155</ns3:hr>
          </ns3:TrackPointExtension>
        </extensions>
      </trkpt>
      <trkpt lat="59.94696487672626972198486328125" lon="30.28751081787049770355224609375">
        <ele>18.799999237060546875</ele>
        <time>2026-04-22T07:49:47.000Z</time>
        <extensions>
          <ns3:TrackPointExtension>
            <ns3:atemp>16.0</ns3:atemp>
            <ns3:hr>156</ns3:hr>
          </ns3:TrackPointExtension>
        </extensions>
      </trkpt>
      <trkpt lat="59.946941323578357696533203125" lon="30.28763419948518276214599609375">
        <ele>18.799999237060546875</ele>
        <time>2026-04-22T07:49:48.000Z</time>
        <extensions>
          <ns3:TrackPointExtension>
            <ns3:atemp>16.0</ns3:atemp>
            <ns3:hr>153</ns3:hr>
          </ns3:TrackPointExtension>
        </extensions>
      </trkpt>
      <trkpt lat="59.94684350676834583282470703125" lon="30.288228727877140045166015625">
        <ele>19</ele>
        <time>2026-04-22T07:49:53.000Z</time>
        <extensions>
          <ns3:TrackPointExtension>
            <ns3:atemp>16.0</ns3:atemp>
            <ns3:hr>150</ns3:hr>
          </ns3:TrackPointExtension>
        </extensions>
      </trkpt>
      <trkpt lat="59.9466615356504917144775390625" lon="30.28901084326207637786865234375">
        <ele>19</ele>
        <time>2026-04-22T07:50:00.000Z</time>
        <extensions>
          <ns3:TrackPointExtension>
            <ns3:atemp>16.0</ns3:atemp>
            <ns3:hr>148</ns3:hr>
          </ns3:TrackPointExtension>
        </extensions>
      </trkpt>
      <trkpt lat="59.94644402526319026947021484375" lon="30.28999471105635166168212890625">
        <ele>19</ele>
        <time>2026-04-22T07:50:09.000Z</time>
        <extensions>
          <ns3:TrackPointExtension>
            <ns3:atemp>16.0</ns3:atemp>
            <ns3:hr>147</ns3:hr>
          </ns3:TrackPointExtension>
        </extensions>
      </trkpt>
      <trkpt lat="59.9464338831603527069091796875" lon="30.2901185117661952972412109375">
        <ele>19</ele>
        <time>2026-04-22T07:50:10.000Z</time>
        <extensions>
          <ns3:TrackPointExtension>
            <ns3:atemp>16.0</ns3:atemp>
            <ns3:hr>147</ns3:hr>
          </ns3:TrackPointExtension>
        </extensions>
      </trkpt>
      <trkpt lat="59.94622106663882732391357421875" lon="30.2910567820072174072265625">
        <ele>18.6000003814697265625</ele>
        <time>2026-04-22T07:50:17.000Z</time>
        <extensions>
          <ns3:TrackPointExtension>
            <ns3:atemp>17.0</ns3:atemp>
            <ns3:hr>147</ns3:hr>
          </ns3:TrackPointExtension>
        </extensions>
      </trkpt>
      <trkpt lat="59.9460838548839092254638671875" lon="30.29176781885325908660888671875">
        <ele>19</ele>
        <time>2026-04-22T07:50:23.000Z</time>
        <extensions>
          <ns3:TrackPointExtension>
            <ns3:atemp>17.0</ns3:atemp>
            <ns3:hr>148</ns3:hr>
          </ns3:TrackPointExtension>
        </extensions>
      </trkpt>
      <trkpt lat="59.9460359103977680206298828125" lon="30.29219445772469043731689453125">
        <ele>18.3999996185302734375</ele>
        <time>2026-04-22T07:50:29.000Z</time>
        <extensions>
          <ns3:TrackPointExtension>
            <ns3:atemp>17.0</ns3:atemp>
            <ns3:hr>146</ns3:hr>
          </ns3:TrackPointExtension>
        </extensions>
      </trkpt>
      <trkpt lat="59.94600933976471424102783203125" lon="30.2923940308392047882080078125">
        <ele>18.200000762939453125</ele>
        <time>2026-04-22T07:50:32.000Z</time>
        <extensions>
          <ns3:TrackPointExtension>
            <ns3:atemp>17.0</ns3:atemp>
            <ns3:hr>146</ns3:hr>
          </ns3:TrackPointExtension>
        </extensions>
      </trkpt>
      <trkpt lat="59.94605141691863536834716796875" lon="30.2925677038729190826416015625">
        <ele>17.799999237060546875</ele>
        <time>2026-04-22T07:50:36.000Z</time>
        <extensions>
          <ns3:TrackPointExtension>
            <ns3:atemp>17.0</ns3:atemp>
            <ns3:hr>147</ns3:hr>
          </ns3:TrackPointExtension>
        </extensions>
      </trkpt>
      <trkpt lat="59.9460303783416748046875" lon="30.2927621640264987945556640625">
        <ele>18</ele>
        <time>2026-04-22T07:50:42.000Z</time>
        <extensions>
          <ns3:TrackPointExtension>
            <ns3:atemp>17.0</ns3:atemp>
            <ns3:hr>147</ns3:hr>
          </ns3:TrackPointExtension>
        </extensions>
      </trkpt>
      <trkpt lat="59.9460154585540294647216796875" lon="30.2923135645687580108642578125">
        <ele>17.799999237060546875</ele>
        <time>2026-04-22T07:50:46.000Z</time>
        <extensions>
          <ns3:TrackPointExtension>
            <ns3:atemp>17.0</ns3:atemp>
            <ns3:hr>147</ns3:hr>
          </ns3:TrackPointExtension>
        </extensions>
      </trkpt>
      <trkpt lat="59.94597329758107662200927734375" lon="30.2923169173300266265869140625">
        <ele>17.6000003814697265625</ele>
        <time>2026-04-22T07:50:48.000Z</time>
        <extensions>
          <ns3:TrackPointExtension>
            <ns3:atemp>17.0</ns3:atemp>
            <ns3:hr>144</ns3:hr>
          </ns3:TrackPointExtension>
        </extensions>
      </trkpt>
      <trkpt lat="59.9459646642208099365234375" lon="30.29232890345156192779541015625">
        <ele>17.3999996185302734375</ele>
        <time>2026-04-22T07:50:49.000Z</time>
        <extensions>
          <ns3:TrackPointExtension>
            <ns3:atemp>17.0</ns3:atemp>
            <ns3:hr>147</ns3:hr>
          </ns3:TrackPointExtension>
        </extensions>
      </trkpt>
      <trkpt lat="59.9459524266421794891357421875" lon="30.29234013520181179046630859375">
        <ele>17.3999996185302734375</ele>
        <time>2026-04-22T07:50:52.000Z</time>
        <extensions>
          <ns3:TrackPointExtension>
            <ns3:atemp>17.0</ns3:atemp>
            <ns3:hr>147</ns3:hr>
          </ns3:TrackPointExtension>
        </extensions>
      </trkpt>
      <trkpt lat="59.94594278745353221893310546875" lon="30.29235505498945713043212890625">
        <ele>17.200000762939453125</ele>
        <time>2026-04-22T07:50:55.000Z</time>
        <extensions>
          <ns3:TrackPointExtension>
            <ns3:atemp>17.0</ns3:atemp>
            <ns3:hr>149</ns3:hr>
          </ns3:TrackPointExtension>
        </extensions>
      </trkpt>
      <trkpt lat="59.9459163844585418701171875" lon="30.292378105223178863525390625">
        <ele>17.200000762939453125</ele>
        <time>2026-04-22T07:50:59.000Z</time>
        <extensions>
          <ns3:TrackPointExtension>
            <ns3:atemp>17.0</ns3:atemp>
            <ns3:hr>149</ns3:hr>
          </ns3:TrackPointExtension>
        </extensions>
      </trkpt>
      <trkpt lat="59.94591697119176387786865234375" lon="30.29240568168461322784423828125">
        <ele>17</ele>
        <time>2026-04-22T07:51:03.000Z</time>
        <extensions>
          <ns3:TrackPointExtension>
            <ns3:atemp>17.0</ns3:atemp>
            <ns3:hr>146</ns3:hr>
          </ns3:TrackPointExtension>
        </extensions>
      </trkpt>
      <trkpt lat="59.94592065922915935516357421875" lon="30.2923997305333614349365234375">
        <ele>16.6000003814697265625</ele>
        <time>2026-04-22T07:51:04.000Z</time>
        <extensions>
          <ns3:TrackPointExtension>
            <ns3:atemp>17.0</ns3:atemp>
            <ns3:hr>146</ns3:hr>
          </ns3:TrackPointExtension>
        </extensions>
      </trkpt>
      <trkpt lat="59.94593138806521892547607421875" lon="30.29239327646791934967041015625">
        <ele>16.200000762939453125</ele>
        <time>2026-04-22T07:51:07.000Z</time>
        <extensions>
          <ns3:TrackPointExtension>
            <ns3:atemp>17.0</ns3:atemp>
            <ns3:hr>145</ns3:hr>
          </ns3:TrackPointExtension>
        </extensions>
      </trkpt>
      <trkpt lat="59.94602560065686702728271484375" lon="30.2923350222408771514892578125">
        <ele>15.80000019073486328125</ele>
        <time>2026-04-22T07:51:13.000Z</time>
        <extensions>
          <ns3:TrackPointExtension>
            <ns3:atemp>17.0</ns3:atemp>
            <ns3:hr>144</ns3:hr>
          </ns3:TrackPointExtension>
        </extensions>
      </trkpt>
      <trkpt lat="59.94602526538074016571044921875" lon="30.2923360280692577362060546875">
        <ele>15.3999996185302734375</ele>
        <time>2026-04-22T07:51:20.000Z</time>
        <extensions>
          <ns3:TrackPointExtension>
            <ns3:atemp>18.0</ns3:atemp>
            <ns3:hr>141</ns3:hr>
          </ns3:TrackPointExtension>
        </extensions>
      </trkpt>
      <trkpt lat="59.9460255168378353118896484375" lon="30.292336530983448028564453125">
        <ele>15.19999980926513671875</ele>
        <time>2026-04-22T07:51:22.000Z</time>
        <extensions>
          <ns3:TrackPointExtension>
            <ns3:atemp>18.0</ns3:atemp>
            <ns3:hr>141</ns3:hr>
          </ns3:TrackPointExtension>
        </extensions>
      </trkpt>
      <trkpt lat="59.94596810080111026763916015625" lon="30.29240836389362812042236328125">
        <ele>14.3999996185302734375</ele>
        <time>2026-04-22T07:51:34.000Z</time>
        <extensions>
          <ns3:TrackPointExtension>
            <ns3:atemp>18.0</ns3:atemp>
            <ns3:hr>138</ns3:hr>
          </ns3:TrackPointExtension>
        </extensions>
      </trkpt>
      <trkpt lat="59.945967681705951690673828125" lon="30.2924087829887866973876953125">
        <ele>14.3999996185302734375</ele>
        <time>2026-04-22T07:51:39.000Z</time>
        <extensions>
          <ns3:TrackPointExtension>
            <ns3:atemp>18.0</ns3:atemp>
            <ns3:hr>129</ns3:hr>
          </ns3:TrackPointExtension>
        </extensions>
      </trkpt>
      <trkpt lat="59.94596525095403194427490234375" lon="30.29241590760648250579833984375">
        <ele>14.19999980926513671875</ele>
        <time>2026-04-22T07:51:41.000Z</time>
        <extensions>
          <ns3:TrackPointExtension>
            <ns3:atemp>18.0</ns3:atemp>
            <ns3:hr>128</ns3:hr>
          </ns3:TrackPointExtension>
        </extensions>
      </trkpt>
      <trkpt lat="59.94596038945019245147705078125" lon="30.29239713214337825775146484375">
        <ele>14</ele>
        <time>2026-04-22T07:51:43.000Z</time>
        <extensions>
          <ns3:TrackPointExtension>
            <ns3:atemp>18.0</ns3:atemp>
            <ns3:hr>128</ns3:hr>
          </ns3:TrackPointExtension>
        </extensions>
      </trkpt>
      <trkpt lat="59.94595334865152835845947265625" lon="30.29239185154438018798828125">
        <ele>13.80000019073486328125</ele>
        <time>2026-04-22T07:51:45.000Z</time>
        <extensions>
          <ns3:TrackPointExtension>
            <ns3:atemp>18.0</ns3:atemp>
            <ns3:hr>128</ns3:hr>
          </ns3:TrackPointExtension>
        </extensions>
      </trkpt>
      <trkpt lat="59.94595133699476718902587890625" lon="30.292340219020843505859375">
        <ele>13.3999996185302734375</ele>
        <time>2026-04-22T07:51:50.000Z</time>
        <extensions>
          <ns3:TrackPointExtension>
            <ns3:atemp>18.0</ns3:atemp>
            <ns3:hr>127</ns3:hr>
          </ns3:TrackPointExtension>
        </extensions>
      </trkpt>
      <trkpt lat="59.94596994481980800628662109375" lon="30.29229135252535343170166015625">
        <ele>13.3999996185302734375</ele>
        <time>2026-04-22T07:51:53.000Z</time>
        <extensions>
          <ns3:TrackPointExtension>
            <ns3:atemp>18.0</ns3:atemp>
            <ns3:hr>126</ns3:hr>
          </ns3:TrackPointExtension>
        </extensions>
      </trkpt>
      <trkpt lat="59.94597882963716983795166015625" lon="30.292266122996807098388671875">
        <ele>13.19999980926513671875</ele>
        <time>2026-04-22T07:51:55.000Z</time>
        <extensions>
          <ns3:TrackPointExtension>
            <ns3:atemp>18.0</ns3:atemp>
            <ns3:hr>125</ns3:hr>
          </ns3:TrackPointExtension>
        </extensions>
      </trkpt>
      <trkpt lat="59.94598302058875560760498046875" lon="30.292252711951732635498046875">
        <ele>13</ele>
        <time>2026-04-22T07:51:56.000Z</time>
        <extensions>
          <ns3:TrackPointExtension>
            <ns3:atemp>18.0</ns3:atemp>
            <ns3:hr>125</ns3:hr>
          </ns3:TrackPointExtension>
        </extensions>
      </trkpt>
      <trkpt lat="59.94587506167590618133544921875" lon="30.292460583150386810302734375">
        <ele>13</ele>
        <time>2026-04-22T07:52:01.000Z</time>
        <extensions>
          <ns3:TrackPointExtension>
            <ns3:atemp>18.0</ns3:atemp>
            <ns3:hr>124</ns3:hr>
          </ns3:TrackPointExtension>
        </extensions>
      </trkpt>
      <trkpt lat="59.94586743414402008056640625" lon="30.292339883744716644287109375">
        <ele>12.3999996185302734375</ele>
        <time>2026-04-22T07:52:06.000Z</time>
        <extensions>
          <ns3:TrackPointExtension>
            <ns3:atemp>18.0</ns3:atemp>
            <ns3:hr>127</ns3:hr>
          </ns3:TrackPointExtension>
        </extensions>
      </trkpt>
      <trkpt lat="59.94587774388492107391357421875" lon="30.292311720550060272216796875">
        <ele>12.3999996185302734375</ele>
        <time>2026-04-22T07:52:07.000Z</time>
        <extensions>
          <ns3:TrackPointExtension>
            <ns3:atemp>18.0</ns3:atemp>
            <ns3:hr>128</ns3:hr>
          </ns3:TrackPointExtension>
        </extensions>
      </trkpt>
      <trkpt lat="59.94588486850261688232421875" lon="30.29229504056274890899658203125">
        <ele>12.19999980926513671875</ele>
        <time>2026-04-22T07:52:10.000Z</time>
        <extensions>
          <ns3:TrackPointExtension>
            <ns3:atemp>18.0</ns3:atemp>
            <ns3:hr>131</ns3:hr>
          </ns3:TrackPointExtension>
        </extensions>
      </trkpt>
      <trkpt lat="59.945881851017475128173828125" lon="30.2922785282135009765625">
        <ele>12.19999980926513671875</ele>
        <time>2026-04-22T07:52:12.000Z</time>
        <extensions>
          <ns3:TrackPointExtension>
            <ns3:atemp>18.0</ns3:atemp>
            <ns3:hr>134</ns3:hr>
          </ns3:TrackPointExtension>
        </extensions>
      </trkpt>
      <trkpt lat="59.94587070308625698089599609375" lon="30.2922825515270233154296875">
        <ele>12</ele>
        <time>2026-04-22T07:52:13.000Z</time>
        <extensions>
          <ns3:TrackPointExtension>
            <ns3:atemp>18.0</ns3:atemp>
            <ns3:hr>134</ns3:hr>
          </ns3:TrackPointExtension>
        </extensions>
      </trkpt>
      <trkpt lat="59.9458600580692291259765625" lon="30.29227316379547119140625">
        <ele>12</ele>
        <time>2026-04-22T07:52:14.000Z</time>
        <extensions>
          <ns3:TrackPointExtension>
            <ns3:atemp>18.0</ns3:atemp>
            <ns3:hr>134</ns3:hr>
          </ns3:TrackPointExtension>
        </extensions>
      </trkpt>
      <trkpt lat="59.94571127928793430328369140625" lon="30.2921730838716030120849609375">
        <ele>11.3999996185302734375</ele>
        <time>2026-04-22T07:52:20.000Z</time>
        <extensions>
          <ns3:TrackPointExtension>
            <ns3:atemp>19.0</ns3:atemp>
            <ns3:hr>134</ns3:hr>
          </ns3:TrackPointExtension>
        </extensions>
      </trkpt>
      <trkpt lat="59.94558488018810749053955078125" lon="30.292054899036884307861328125">
        <ele>12.19999980926513671875</ele>
        <time>2026-04-22T07:52:26.000Z</time>
        <extensions>
          <ns3:TrackPointExtension>
            <ns3:atemp>19.0</ns3:atemp>
            <ns3:hr>133</ns3:hr>
          </ns3:TrackPointExtension>
        </extensions>
      </trkpt>
      <trkpt lat="59.9455655179917812347412109375" lon="30.29206722043454647064208984375">
        <ele>12.6000003814697265625</ele>
        <time>2026-04-22T07:52:28.000Z</time>
        <extensions>
          <ns3:TrackPointExtension>
            <ns3:atemp>19.0</ns3:atemp>
            <ns3:hr>133</ns3:hr>
          </ns3:TrackPointExtension>
        </extensions>
      </trkpt>
      <trkpt lat="59.945521764457225799560546875" lon="30.292197056114673614501953125">
        <ele>12.80000019073486328125</ele>
        <time>2026-04-22T07:52:31.000Z</time>
        <extensions>
          <ns3:TrackPointExtension>
            <ns3:atemp>19.0</ns3:atemp>
            <ns3:hr>132</ns3:hr>
          </ns3:TrackPointExtension>
        </extensions>
      </trkpt>
      <trkpt lat="59.9454934336245059967041015625" lon="30.2923517860472202301025390625">
        <ele>13.19999980926513671875</ele>
        <time>2026-04-22T07:52:33.000Z</time>
        <extensions>
          <ns3:TrackPointExtension>
            <ns3:atemp>19.0</ns3:atemp>
            <ns3:hr>132</ns3:hr>
          </ns3:TrackPointExtension>
        </extensions>
      </trkpt>
      <trkpt lat="59.945493601262569427490234375" lon="30.2926434762775897979736328125">
        <ele>13.6000003814697265625</ele>
        <time>2026-04-22T07:52:36.000Z</time>
        <extensions>
          <ns3:TrackPointExtension>
            <ns3:atemp>19.0</ns3:atemp>
            <ns3:hr>134</ns3:hr>
          </ns3:TrackPointExtension>
        </extensions>
      </trkpt>
      <trkpt lat="59.9454998038709163665771484375" lon="30.293031893670558929443359375">
        <ele>14</ele>
        <time>2026-04-22T07:52:41.000Z</time>
        <extensions>
          <ns3:TrackPointExtension>
            <ns3:atemp>19.0</ns3:atemp>
            <ns3:hr>137</ns3:hr>
          </ns3:TrackPointExtension>
        </extensions>
      </trkpt>
      <trkpt lat="59.94548798538744449615478515625" lon="30.29311579652130603790283203125">
        <ele>14</ele>
        <time>2026-04-22T07:52:42.000Z</time>
        <extensions>
          <ns3:TrackPointExtension>
            <ns3:atemp>19.0</ns3:atemp>
            <ns3:hr>138</ns3:hr>
          </ns3:TrackPointExtension>
        </extensions>
      </trkpt>
      <trkpt lat="59.94547943584620952606201171875" lon="30.2931998670101165771484375">
        <ele>14.19999980926513671875</ele>
        <time>2026-04-22T07:52:43.000Z</time>
        <extensions>
          <ns3:TrackPointExtension>
            <ns3:atemp>19.0</ns3:atemp>
            <ns3:hr>138</ns3:hr>
          </ns3:TrackPointExtension>
        </extensions>
      </trkpt>
      <trkpt lat="59.9454310722649097442626953125" lon="30.2936184592545032501220703125">
        <ele>14.3999996185302734375</ele>
        <time>2026-04-22T07:52:48.000Z</time>
        <extensions>
          <ns3:TrackPointExtension>
            <ns3:atemp>19.0</ns3:atemp>
            <ns3:hr>136</ns3:hr>
          </ns3:TrackPointExtension>
        </extensions>
      </trkpt>
      <trkpt lat="59.94541573338210582733154296875" lon="30.2937173657119274139404296875">
        <ele>14.3999996185302734375</ele>
        <time>2026-04-22T07:52:49.000Z</time>
        <extensions>
          <ns3:TrackPointExtension>
            <ns3:atemp>19.0</ns3:atemp>
            <ns3:hr>135</ns3:hr>
          </ns3:TrackPointExtension>
        </extensions>
      </trkpt>
    </trkseg>
  </trk>
</gpx>
