<?xml version="1.0" encoding="UTF-8"?>
<gpx creator="Garmin Connect" version="1.1"
  xsi:schemaLocation="http://www.topografix.com/GPX/1/1 http://www.topografix.com/GPX/11.xsd"
  xmlns:ns3="http://www.garmin.com/xmlschemas/TrackPointExtension/v1"
  xmlns="http://www.topografix.com/GPX/1/1"
  xmlns:xsi="http://www.w3.org/2001/XMLSchema-instance" xmlns:ns2="http://www.garmin.com/xmlschemas/GpxExtensions/v3">
  <metadata>
    <link href="connect.garmin.com">
      <text>Garmin Connect</text>
    </link>
    <time>2025-06-04T07:02:51.000Z</time>
  </metadata>
  <trk>
    <name>Петербург Велосипед</name>
    <type>cycling</type>
    <trkseg>
      <trkpt lat="60.00593206845223903656005859375" lon="30.38998763076961040496826171875">
        <ele>33.59999847412109375</ele>
        <time>2025-06-04T07:02:51.000Z</time>
        <extensions>
          <ns3:TrackPointExtension>
            <ns3:atemp>26.0</ns3:atemp>
            <ns3:hr>119</ns3:hr>
          </ns3:TrackPointExtension>
        </extensions>
      </trkpt>
      <trkpt lat="60.00589619390666484832763671875" lon="30.3899587132036685943603515625">
        <ele>33.59999847412109375</ele>
        <time>2025-06-04T07:02:55.000Z</time>
        <extensions>
          <ns3:TrackPointExtension>
            <ns3:atemp>26.0</ns3:atemp>
            <ns3:hr>120</ns3:hr>
          </ns3:TrackPointExtension>
        </extensions>
      </trkpt>
      <trkpt lat="60.00586576759815216064453125" lon="30.38992443121969699859619140625">
        <ele>33.40000152587890625</ele>
        <time>2025-06-04T07:02:57.000Z</time>
        <extensions>
          <ns3:TrackPointExtension>
            <ns3:atemp>26.0</ns3:atemp>
            <ns3:hr>121</ns3:hr>
          </ns3:TrackPointExtension>
        </extensions>
      </trkpt>
      <trkpt lat="60.00584565103054046630859375" lon="30.3900445438921451568603515625">
        <ele>33.40000152587890625</ele>
        <time>2025-06-04T07:03:03.000Z</time>
        <extensions>
          <ns3:TrackPointExtension>
            <ns3:atemp>26.0</ns3:atemp>
            <ns3:hr>121</ns3:hr>
          </ns3:TrackPointExtension>
        </extensions>
      </trkpt>
      <trkpt lat="60.00579711981117725372314453125" lon="30.39005988277494907379150390625">
        <ele>33</ele>
        <time>2025-06-04T07:03:08.000Z</time>
        <extensions>
          <ns3:TrackPointExtension>
            <ns3:atemp>26.0</ns3:atemp>
            <ns3:hr>118</ns3:hr>
          </ns3:TrackPointExtension>
        </extensions>
      </trkpt>
      <trkpt lat="60.00579544343054294586181640625" lon="30.390015877783298492431640625">
        <ele>32.799999237060546875</ele>
        <time>2025-06-04T07:03:11.000Z</time>
        <extensions>
          <ns3:TrackPointExtension>
            <ns3:atemp>26.0</ns3:atemp>
            <ns3:hr>119</ns3:hr>
          </ns3:TrackPointExtension>
        </extensions>
      </trkpt>
      <trkpt lat="60.0057512708008289337158203125" lon="30.3899134509265422821044921875">
        <ele>33</ele>
        <time>2025-06-04T07:03:15.000Z</time>
        <extensions>
          <ns3:TrackPointExtension>
            <ns3:atemp>26.0</ns3:atemp>
            <ns3:hr>119</ns3:hr>
          </ns3:TrackPointExtension>
        </extensions>
      </trkpt>
      <trkpt lat="60.00572151504456996917724609375" lon="30.389912612736225128173828125">
        <ele>33</ele>
        <time>2025-06-04T07:03:16.000Z</time>
        <extensions>
          <ns3:TrackPointExtension>
            <ns3:atemp>26.0</ns3:atemp>
            <ns3:hr>120</ns3:hr>
          </ns3:TrackPointExtension>
        </extensions>
      </trkpt>
      <trkpt lat="60.005583465099334716796875" lon="30.38975528441369533538818359375">
        <ele>33</ele>
        <time>2025-06-04T07:03:20.000Z</time>
        <extensions>
          <ns3:TrackPointExtension>
            <ns3:atemp>26.0</ns3:atemp>
            <ns3:hr>116</ns3:hr>
          </ns3:TrackPointExtension>
        </extensions>
      </trkpt>
      <trkpt lat="60.00552739016711711883544921875" lon="30.38974019698798656463623046875">
        <ele>33</ele>
        <time>2025-06-04T07:03:21.000Z</time>
        <extensions>
          <ns3:TrackPointExtension>
            <ns3:atemp>26.0</ns3:atemp>
            <ns3:hr>120</ns3:hr>
          </ns3:TrackPointExtension>
        </extensions>
      </trkpt>
      <trkpt lat="60.00543527305126190185546875" lon="30.389646403491497039794921875">
        <ele>32.59999847412109375</ele>
        <time>2025-06-04T07:03:23.000Z</time>
        <extensions>
          <ns3:TrackPointExtension>
            <ns3:atemp>26.0</ns3:atemp>
            <ns3:hr>118</ns3:hr>
          </ns3:TrackPointExtension>
        </extensions>
      </trkpt>
      <trkpt lat="60.0052584148943424224853515625" lon="30.3894628398120403289794921875">
        <ele>32.799999237060546875</ele>
        <time>2025-06-04T07:03:27.000Z</time>
        <extensions>
          <ns3:TrackPointExtension>
            <ns3:atemp>26.0</ns3:atemp>
            <ns3:hr>117</ns3:hr>
          </ns3:TrackPointExtension>
        </extensions>
      </trkpt>
      <trkpt lat="60.0052148289978504180908203125" lon="30.38941917009651660919189453125">
        <ele>32.799999237060546875</ele>
        <time>2025-06-04T07:03:28.000Z</time>
        <extensions>
          <ns3:TrackPointExtension>
            <ns3:atemp>26.0</ns3:atemp>
            <ns3:hr>116</ns3:hr>
          </ns3:TrackPointExtension>
        </extensions>
      </trkpt>
      <trkpt lat="60.00513260252773761749267578125" lon="30.38935446180403232574462890625">
        <ele>33</ele>
        <time>2025-06-04T07:03:30.000Z</time>
        <extensions>
          <ns3:TrackPointExtension>
            <ns3:atemp>26.0</ns3:atemp>
            <ns3:hr>113</ns3:hr>
          </ns3:TrackPointExtension>
        </extensions>
      </trkpt>
      <trkpt lat="60.00502623617649078369140625" lon="30.38924046792089939117431640625">
        <ele>33</ele>
        <time>2025-06-04T07:03:33.000Z</time>
        <extensions>
          <ns3:TrackPointExtension>
            <ns3:atemp>26.0</ns3:atemp>
            <ns3:hr>115</ns3:hr>
          </ns3:TrackPointExtension>
        </extensions>
      </trkpt>
      <trkpt lat="60.00492489896714687347412109375" lon="30.3891570679843425750732421875">
        <ele>33.40000152587890625</ele>
        <time>2025-06-04T07:03:36.000Z</time>
        <extensions>
          <ns3:TrackPointExtension>
            <ns3:atemp>26.0</ns3:atemp>
            <ns3:hr>118</ns3:hr>
          </ns3:TrackPointExtension>
        </extensions>
      </trkpt>
      <trkpt lat="60.004835464060306549072265625" lon="30.3890486061573028564453125">
        <ele>33.40000152587890625</ele>
        <time>2025-06-04T07:03:39.000Z</time>
        <extensions>
          <ns3:TrackPointExtension>
            <ns3:atemp>26.0</ns3:atemp>
            <ns3:hr>116</ns3:hr>
          </ns3:TrackPointExtension>
        </extensions>
      </trkpt>
      <trkpt lat="60.004763044416904449462890625" lon="30.3889547288417816162109375">
        <ele>33.59999847412109375</ele>
        <time>2025-06-04T07:03:41.000Z</time>
        <extensions>
          <ns3:TrackPointExtension>
            <ns3:atemp>26.0</ns3:atemp>
            <ns3:hr>116</ns3:hr>
          </ns3:TrackPointExtension>
        </extensions>
      </trkpt>
      <trkpt lat="60.004668496549129486083984375" lon="30.3888358734548091888427734375">
        <ele>33.59999847412109375</ele>
        <time>2025-06-04T07:03:44.000Z</time>
        <extensions>
          <ns3:TrackPointExtension>
            <ns3:atemp>26.0</ns3:atemp>
            <ns3:hr>116</ns3:hr>
          </ns3:TrackPointExtension>
        </extensions>
      </trkpt>
      <trkpt lat="60.00435610301792621612548828125" lon="30.3887128271162509918212890625">
        <ele>32.799999237060546875</ele>
        <time>2025-06-04T07:03:50.000Z</time>
        <extensions>
          <ns3:TrackPointExtension>
            <ns3:atemp>26.0</ns3:atemp>
            <ns3:hr>119</ns3:hr>
          </ns3:TrackPointExtension>
        </extensions>
      </trkpt>
      <trkpt lat="60.00415879301726818084716796875" lon="30.388267748057842254638671875">
        <ele>34</ele>
        <time>2025-06-04T07:03:57.000Z</time>
        <extensions>
          <ns3:TrackPointExtension>
            <ns3:atemp>26.0</ns3:atemp>
            <ns3:hr>121</ns3:hr>
          </ns3:TrackPointExtension>
        </extensions>
      </trkpt>
      <trkpt lat="60.0039969384670257568359375" lon="30.38805258460342884063720703125">
        <ele>34.200000762939453125</ele>
        <time>2025-06-04T07:04:02.000Z</time>
        <extensions>
          <ns3:TrackPointExtension>
            <ns3:atemp>26.0</ns3:atemp>
            <ns3:hr>118</ns3:hr>
          </ns3:TrackPointExtension>
        </extensions>
      </trkpt>
      <trkpt lat="60.0039588846266269683837890625" lon="30.38801771588623523712158203125">
        <ele>34.200000762939453125</ele>
        <time>2025-06-04T07:04:03.000Z</time>
        <extensions>
          <ns3:TrackPointExtension>
            <ns3:atemp>26.0</ns3:atemp>
            <ns3:hr>119</ns3:hr>
          </ns3:TrackPointExtension>
        </extensions>
      </trkpt>
      <trkpt lat="60.00383458100259304046630859375" lon="30.387904979288578033447265625">
        <ele>34.59999847412109375</ele>
        <time>2025-06-04T07:04:06.000Z</time>
        <extensions>
          <ns3:TrackPointExtension>
            <ns3:atemp>26.0</ns3:atemp>
            <ns3:hr>120</ns3:hr>
          </ns3:TrackPointExtension>
        </extensions>
      </trkpt>
      <trkpt lat="60.0037493370473384857177734375" lon="30.3878308832645416259765625">
        <ele>35</ele>
        <time>2025-06-04T07:04:08.000Z</time>
        <extensions>
          <ns3:TrackPointExtension>
            <ns3:atemp>26.0</ns3:atemp>
            <ns3:hr>123</ns3:hr>
          </ns3:TrackPointExtension>
        </extensions>
      </trkpt>
      <trkpt lat="60.00371254049241542816162109375" lon="30.3877888061106204986572265625">
        <ele>35</ele>
        <time>2025-06-04T07:04:09.000Z</time>
        <extensions>
          <ns3:TrackPointExtension>
            <ns3:atemp>26.0</ns3:atemp>
            <ns3:hr>123</ns3:hr>
          </ns3:TrackPointExtension>
        </extensions>
      </trkpt>
      <trkpt lat="60.0036500953137874603271484375" lon="30.38771043531596660614013671875">
        <ele>34.799999237060546875</ele>
        <time>2025-06-04T07:04:11.000Z</time>
        <extensions>
          <ns3:TrackPointExtension>
            <ns3:atemp>26.0</ns3:atemp>
            <ns3:hr>127</ns3:hr>
          </ns3:TrackPointExtension>
        </extensions>
      </trkpt>
      <trkpt lat="60.00350517220795154571533203125" lon="30.38753944449126720428466796875">
        <ele>34.40000152587890625</ele>
        <time>2025-06-04T07:04:15.000Z</time>
        <extensions>
          <ns3:TrackPointExtension>
            <ns3:atemp>26.0</ns3:atemp>
            <ns3:hr>125</ns3:hr>
          </ns3:TrackPointExtension>
        </extensions>
      </trkpt>
      <trkpt lat="60.00332973897457122802734375" lon="30.387320928275585174560546875">
        <ele>35</ele>
        <time>2025-06-04T07:04:21.000Z</time>
        <extensions>
          <ns3:TrackPointExtension>
            <ns3:atemp>26.0</ns3:atemp>
            <ns3:hr>121</ns3:hr>
          </ns3:TrackPointExtension>
        </extensions>
      </trkpt>
      <trkpt lat="60.00310602597892284393310546875" lon="30.387162677943706512451171875">
        <ele>35.200000762939453125</ele>
        <time>2025-06-04T07:04:27.000Z</time>
        <extensions>
          <ns3:TrackPointExtension>
            <ns3:atemp>25.0</ns3:atemp>
            <ns3:hr>122</ns3:hr>
          </ns3:TrackPointExtension>
        </extensions>
      </trkpt>
      <trkpt lat="60.0029805488884449005126953125" lon="30.38709235377609729766845703125">
        <ele>35.200000762939453125</ele>
        <time>2025-06-04T07:04:30.000Z</time>
        <extensions>
          <ns3:TrackPointExtension>
            <ns3:atemp>25.0</ns3:atemp>
            <ns3:hr>119</ns3:hr>
          </ns3:TrackPointExtension>
        </extensions>
      </trkpt>
      <trkpt lat="60.0029362924396991729736328125" lon="30.3870803676545619964599609375">
        <ele>35.40000152587890625</ele>
        <time>2025-06-04T07:04:31.000Z</time>
        <extensions>
          <ns3:TrackPointExtension>
            <ns3:atemp>25.0</ns3:atemp>
            <ns3:hr>122</ns3:hr>
          </ns3:TrackPointExtension>
        </extensions>
      </trkpt>
      <trkpt lat="60.00289010815322399139404296875" lon="30.38706234656274318695068359375">
        <ele>35.40000152587890625</ele>
        <time>2025-06-04T07:04:32.000Z</time>
        <extensions>
          <ns3:TrackPointExtension>
            <ns3:atemp>25.0</ns3:atemp>
            <ns3:hr>121</ns3:hr>
          </ns3:TrackPointExtension>
        </extensions>
      </trkpt>
      <trkpt lat="60.0026362203061580657958984375" lon="30.3869703970849514007568359375">
        <ele>35.40000152587890625</ele>
        <time>2025-06-04T07:04:38.000Z</time>
        <extensions>
          <ns3:TrackPointExtension>
            <ns3:atemp>25.0</ns3:atemp>
            <ns3:hr>122</ns3:hr>
          </ns3:TrackPointExtension>
        </extensions>
      </trkpt>
      <trkpt lat="60.0024461187422275543212890625" lon="30.38664258085191249847412109375">
        <ele>35.40000152587890625</ele>
        <time>2025-06-04T07:04:46.000Z</time>
        <extensions>
          <ns3:TrackPointExtension>
            <ns3:atemp>25.0</ns3:atemp>
            <ns3:hr>120</ns3:hr>
          </ns3:TrackPointExtension>
        </extensions>
      </trkpt>
      <trkpt lat="60.00221637077629566192626953125" lon="30.3861637227237224578857421875">
        <ele>35.200000762939453125</ele>
        <time>2025-06-04T07:04:52.000Z</time>
        <extensions>
          <ns3:TrackPointExtension>
            <ns3:atemp>25.0</ns3:atemp>
            <ns3:hr>116</ns3:hr>
          </ns3:TrackPointExtension>
        </extensions>
      </trkpt>
      <trkpt lat="60.00200799666345119476318359375" lon="30.3859776444733142852783203125">
        <ele>35.799999237060546875</ele>
        <time>2025-06-04T07:04:59.000Z</time>
        <extensions>
          <ns3:TrackPointExtension>
            <ns3:atemp>25.0</ns3:atemp>
            <ns3:hr>118</ns3:hr>
          </ns3:TrackPointExtension>
        </extensions>
      </trkpt>
      <trkpt lat="60.00190573744475841522216796875" lon="30.38582400418817996978759765625">
        <ele>36.799999237060546875</ele>
        <time>2025-06-04T07:05:03.000Z</time>
        <extensions>
          <ns3:TrackPointExtension>
            <ns3:atemp>25.0</ns3:atemp>
            <ns3:hr>119</ns3:hr>
          </ns3:TrackPointExtension>
        </extensions>
      </trkpt>
      <trkpt lat="60.0018902309238910675048828125" lon="30.38569986820220947265625">
        <ele>36.59999847412109375</ele>
        <time>2025-06-04T07:05:05.000Z</time>
        <extensions>
          <ns3:TrackPointExtension>
            <ns3:atemp>25.0</ns3:atemp>
            <ns3:hr>117</ns3:hr>
          </ns3:TrackPointExtension>
        </extensions>
      </trkpt>
      <trkpt lat="60.00194328837096691131591796875" lon="30.38539552129805088043212890625">
        <ele>36.200000762939453125</ele>
        <time>2025-06-04T07:05:10.000Z</time>
        <extensions>
          <ns3:TrackPointExtension>
            <ns3:atemp>25.0</ns3:atemp>
            <ns3:hr>117</ns3:hr>
          </ns3:TrackPointExtension>
        </extensions>
      </trkpt>
      <trkpt lat="60.00202643685042858123779296875" lon="30.3850817866623401641845703125">
        <ele>37.200000762939453125</ele>
        <time>2025-06-04T07:05:16.000Z</time>
        <extensions>
          <ns3:TrackPointExtension>
            <ns3:atemp>25.0</ns3:atemp>
            <ns3:hr>116</ns3:hr>
          </ns3:TrackPointExtension>
        </extensions>
      </trkpt>
      <trkpt lat="60.00206398777663707733154296875" lon="30.38487634621560573577880859375">
        <ele>37.200000762939453125</ele>
        <time>2025-06-04T07:05:22.000Z</time>
        <extensions>
          <ns3:TrackPointExtension>
            <ns3:atemp>25.0</ns3:atemp>
            <ns3:hr>114</ns3:hr>
          </ns3:TrackPointExtension>
        </extensions>
      </trkpt>
      <trkpt lat="60.002127774059772491455078125" lon="30.384624302387237548828125">
        <ele>36.59999847412109375</ele>
        <time>2025-06-04T07:05:27.000Z</time>
        <extensions>
          <ns3:TrackPointExtension>
            <ns3:atemp>25.0</ns3:atemp>
            <ns3:hr>112</ns3:hr>
          </ns3:TrackPointExtension>
        </extensions>
      </trkpt>
      <trkpt lat="60.0021550990641117095947265625" lon="30.3845238871872425079345703125">
        <ele>35.59999847412109375</ele>
        <time>2025-06-04T07:05:29.000Z</time>
        <extensions>
          <ns3:TrackPointExtension>
            <ns3:atemp>25.0</ns3:atemp>
            <ns3:hr>112</ns3:hr>
          </ns3:TrackPointExtension>
        </extensions>
      </trkpt>
      <trkpt lat="60.00219491310417652130126953125" lon="30.38439019583165645599365234375">
        <ele>35.200000762939453125</ele>
        <time>2025-06-04T07:05:32.000Z</time>
        <extensions>
          <ns3:TrackPointExtension>
            <ns3:atemp>25.0</ns3:atemp>
            <ns3:hr>112</ns3:hr>
          </ns3:TrackPointExtension>
        </extensions>
      </trkpt>
      <trkpt lat="60.0022218190133571624755859375" lon="30.3842528164386749267578125">
        <ele>35.200000762939453125</ele>
        <time>2025-06-04T07:05:35.000Z</time>
        <extensions>
          <ns3:TrackPointExtension>
            <ns3:atemp>25.0</ns3:atemp>
            <ns3:hr>110</ns3:hr>
          </ns3:TrackPointExtension>
        </extensions>
      </trkpt>
      <trkpt lat="60.00224738381803035736083984375" lon="30.38410973735153675079345703125">
        <ele>36.200000762939453125</ele>
        <time>2025-06-04T07:05:37.000Z</time>
        <extensions>
          <ns3:TrackPointExtension>
            <ns3:atemp>25.0</ns3:atemp>
            <ns3:hr>109</ns3:hr>
          </ns3:TrackPointExtension>
        </extensions>
      </trkpt>
      <trkpt lat="60.00222978182137012481689453125" lon="30.383862890303134918212890625">
        <ele>36.59999847412109375</ele>
        <time>2025-06-04T07:05:40.000Z</time>
        <extensions>
          <ns3:TrackPointExtension>
            <ns3:atemp>25.0</ns3:atemp>
            <ns3:hr>112</ns3:hr>
          </ns3:TrackPointExtension>
        </extensions>
      </trkpt>
      <trkpt lat="60.0022224895656108856201171875" lon="30.38381251506507396697998046875">
        <ele>36.59999847412109375</ele>
        <time>2025-06-04T07:05:41.000Z</time>
        <extensions>
          <ns3:TrackPointExtension>
            <ns3:atemp>25.0</ns3:atemp>
            <ns3:hr>112</ns3:hr>
          </ns3:TrackPointExtension>
        </extensions>
      </trkpt>
      <trkpt lat="60.00220631249248981475830078125" lon="30.38377446122467517852783203125">
        <ele>36.799999237060546875</ele>
        <time>2025-06-04T07:05:42.000Z</time>
        <extensions>
          <ns3:TrackPointExtension>
            <ns3:atemp>25.0</ns3:atemp>
            <ns3:hr>117</ns3:hr>
          </ns3:TrackPointExtension>
        </extensions>
      </trkpt>
      <trkpt lat="60.00220631249248981475830078125" lon="30.383707322180271148681640625">
        <ele>36.799999237060546875</ele>
        <time>2025-06-04T07:05:43.000Z</time>
        <extensions>
          <ns3:TrackPointExtension>
            <ns3:atemp>25.0</ns3:atemp>
            <ns3:hr>118</ns3:hr>
          </ns3:TrackPointExtension>
        </extensions>
      </trkpt>
      <trkpt lat="60.00222659669816493988037109375" lon="30.3836069069802761077880859375">
        <ele>36.59999847412109375</ele>
        <time>2025-06-04T07:05:45.000Z</time>
        <extensions>
          <ns3:TrackPointExtension>
            <ns3:atemp>25.0</ns3:atemp>
            <ns3:hr>119</ns3:hr>
          </ns3:TrackPointExtension>
        </extensions>
      </trkpt>
      <trkpt lat="60.00228677876293659210205078125" lon="30.3833611495792865753173828125">
        <ele>35.59999847412109375</ele>
        <time>2025-06-04T07:05:49.000Z</time>
        <extensions>
          <ns3:TrackPointExtension>
            <ns3:atemp>24.0</ns3:atemp>
            <ns3:hr>117</ns3:hr>
          </ns3:TrackPointExtension>
        </extensions>
      </trkpt>
      <trkpt lat="60.0023126788437366485595703125" lon="30.38321220315992832183837890625">
        <ele>35.59999847412109375</ele>
        <time>2025-06-04T07:05:51.000Z</time>
        <extensions>
          <ns3:TrackPointExtension>
            <ns3:atemp>24.0</ns3:atemp>
            <ns3:hr>117</ns3:hr>
          </ns3:TrackPointExtension>
        </extensions>
      </trkpt>
      <trkpt lat="60.0023247487843036651611328125" lon="30.38307993672788143157958984375">
        <ele>36.40000152587890625</ele>
        <time>2025-06-04T07:05:55.000Z</time>
        <extensions>
          <ns3:TrackPointExtension>
            <ns3:atemp>24.0</ns3:atemp>
            <ns3:hr>117</ns3:hr>
          </ns3:TrackPointExtension>
        </extensions>
      </trkpt>
      <trkpt lat="60.0023207254707813262939453125" lon="30.38307557813823223114013671875">
        <ele>36.59999847412109375</ele>
        <time>2025-06-04T07:05:56.000Z</time>
        <extensions>
          <ns3:TrackPointExtension>
            <ns3:atemp>24.0</ns3:atemp>
            <ns3:hr>115</ns3:hr>
          </ns3:TrackPointExtension>
        </extensions>
      </trkpt>
      <trkpt lat="60.00230018980801105499267578125" lon="30.3830082714557647705078125">
        <ele>37</ele>
        <time>2025-06-04T07:06:00.000Z</time>
        <extensions>
          <ns3:TrackPointExtension>
            <ns3:atemp>24.0</ns3:atemp>
            <ns3:hr>114</ns3:hr>
          </ns3:TrackPointExtension>
        </extensions>
      </trkpt>
      <trkpt lat="60.002310834825038909912109375" lon="30.38297667168080806732177734375">
        <ele>36.799999237060546875</ele>
        <time>2025-06-04T07:06:08.000Z</time>
        <extensions>
          <ns3:TrackPointExtension>
            <ns3:atemp>24.0</ns3:atemp>
            <ns3:hr>113</ns3:hr>
          </ns3:TrackPointExtension>
        </extensions>
      </trkpt>
      <trkpt lat="60.002318210899829864501953125" lon="30.3829581476747989654541015625">
        <ele>36.200000762939453125</ele>
        <time>2025-06-04T07:06:17.000Z</time>
        <extensions>
          <ns3:TrackPointExtension>
            <ns3:atemp>24.0</ns3:atemp>
            <ns3:hr>111</ns3:hr>
          </ns3:TrackPointExtension>
        </extensions>
      </trkpt>
      <trkpt lat="60.00232818536460399627685546875" lon="30.38294130004942417144775390625">
        <ele>36.200000762939453125</ele>
        <time>2025-06-04T07:06:18.000Z</time>
        <extensions>
          <ns3:TrackPointExtension>
            <ns3:atemp>24.0</ns3:atemp>
            <ns3:hr>111</ns3:hr>
          </ns3:TrackPointExtension>
        </extensions>
      </trkpt>
      <trkpt lat="60.0023445300757884979248046875" lon="30.3828552179038524627685546875">
        <ele>36.200000762939453125</ele>
        <time>2025-06-04T07:06:21.000Z</time>
        <extensions>
          <ns3:TrackPointExtension>
            <ns3:atemp>24.0</ns3:atemp>
            <ns3:hr>110</ns3:hr>
          </ns3:TrackPointExtension>
        </extensions>
      </trkpt>
      <trkpt lat="60.002349056303501129150390625" lon="30.38283057510852813720703125">
        <ele>36.200000762939453125</ele>
        <time>2025-06-04T07:06:22.000Z</time>
        <extensions>
          <ns3:TrackPointExtension>
            <ns3:atemp>24.0</ns3:atemp>
            <ns3:hr>111</ns3:hr>
          </ns3:TrackPointExtension>
        </extensions>
      </trkpt>
      <trkpt lat="60.002348385751247406005859375" lon="30.3827713988721370697021484375">
        <ele>36.200000762939453125</ele>
        <time>2025-06-04T07:06:25.000Z</time>
        <extensions>
          <ns3:TrackPointExtension>
            <ns3:atemp>24.0</ns3:atemp>
            <ns3:hr>114</ns3:hr>
          </ns3:TrackPointExtension>
        </extensions>
      </trkpt>
      <trkpt lat="60.00235366635024547576904296875" lon="30.38275572471320629119873046875">
        <ele>36.200000762939453125</ele>
        <time>2025-06-04T07:06:26.000Z</time>
        <extensions>
          <ns3:TrackPointExtension>
            <ns3:atemp>24.0</ns3:atemp>
            <ns3:hr>115</ns3:hr>
          </ns3:TrackPointExtension>
        </extensions>
      </trkpt>
      <trkpt lat="60.002369172871112823486328125" lon="30.382743738591670989990234375">
        <ele>36</ele>
        <time>2025-06-04T07:06:28.000Z</time>
        <extensions>
          <ns3:TrackPointExtension>
            <ns3:atemp>24.0</ns3:atemp>
            <ns3:hr>118</ns3:hr>
          </ns3:TrackPointExtension>
        </extensions>
      </trkpt>
      <trkpt lat="60.00239205546677112579345703125" lon="30.382693447172641754150390625">
        <ele>35.59999847412109375</ele>
        <time>2025-06-04T07:06:31.000Z</time>
        <extensions>
          <ns3:TrackPointExtension>
            <ns3:atemp>24.0</ns3:atemp>
            <ns3:hr>119</ns3:hr>
          </ns3:TrackPointExtension>
        </extensions>
      </trkpt>
      <trkpt lat="60.00239306129515171051025390625" lon="30.3826996497809886932373046875">
        <ele>35.59999847412109375</ele>
        <time>2025-06-04T07:06:32.000Z</time>
        <extensions>
          <ns3:TrackPointExtension>
            <ns3:atemp>24.0</ns3:atemp>
            <ns3:hr>119</ns3:hr>
          </ns3:TrackPointExtension>
        </extensions>
      </trkpt>
      <trkpt lat="60.00239775516092777252197265625" lon="30.38272194564342498779296875">
        <ele>35.59999847412109375</ele>
        <time>2025-06-04T07:06:35.000Z</time>
        <extensions>
          <ns3:TrackPointExtension>
            <ns3:atemp>24.0</ns3:atemp>
            <ns3:hr>124</ns3:hr>
          </ns3:TrackPointExtension>
        </extensions>
      </trkpt>
      <trkpt lat="60.0024595297873020172119140625" lon="30.38274331949651241302490234375">
        <ele>35.40000152587890625</ele>
        <time>2025-06-04T07:06:40.000Z</time>
        <extensions>
          <ns3:TrackPointExtension>
            <ns3:atemp>24.0</ns3:atemp>
            <ns3:hr>126</ns3:hr>
          </ns3:TrackPointExtension>
        </extensions>
      </trkpt>
      <trkpt lat="60.00254745595157146453857421875" lon="30.3828005678951740264892578125">
        <ele>34.40000152587890625</ele>
        <time>2025-06-04T07:06:48.000Z</time>
        <extensions>
          <ns3:TrackPointExtension>
            <ns3:atemp>24.0</ns3:atemp>
            <ns3:hr>126</ns3:hr>
          </ns3:TrackPointExtension>
        </extensions>
      </trkpt>
      <trkpt lat="60.00102035701274871826171875" lon="30.385466516017913818359375">
        <ele>37.799999237060546875</ele>
        <time>2025-06-04T07:11:56.000Z</time>
        <extensions>
          <ns3:TrackPointExtension>
            <ns3:atemp>25.0</ns3:atemp>
            <ns3:hr>103</ns3:hr>
          </ns3:TrackPointExtension>
        </extensions>
      </trkpt>
      <trkpt lat="60.00083419494330883026123046875" lon="30.38525654934346675872802734375">
        <ele>37.59999847412109375</ele>
        <time>2025-06-04T07:12:03.000Z</time>
        <extensions>
          <ns3:TrackPointExtension>
            <ns3:atemp>25.0</ns3:atemp>
            <ns3:hr>103</ns3:hr>
          </ns3:TrackPointExtension>
        </extensions>
      </trkpt>
      <trkpt lat="60.000650882720947265625" lon="30.38501397706568241119384765625">
        <ele>37.200000762939453125</ele>
        <time>2025-06-04T07:12:09.000Z</time>
        <extensions>
          <ns3:TrackPointExtension>
            <ns3:atemp>25.0</ns3:atemp>
            <ns3:hr>102</ns3:hr>
          </ns3:TrackPointExtension>
        </extensions>
      </trkpt>
      <trkpt lat="60.0004468671977519989013671875" lon="30.384798981249332427978515625">
        <ele>37.200000762939453125</ele>
        <time>2025-06-04T07:12:15.000Z</time>
        <extensions>
          <ns3:TrackPointExtension>
            <ns3:atemp>25.0</ns3:atemp>
            <ns3:hr>106</ns3:hr>
          </ns3:TrackPointExtension>
        </extensions>
      </trkpt>
      <trkpt lat="60.000415183603763580322265625" lon="30.38477174006402492523193359375">
        <ele>37.200000762939453125</ele>
        <time>2025-06-04T07:12:16.000Z</time>
        <extensions>
          <ns3:TrackPointExtension>
            <ns3:atemp>25.0</ns3:atemp>
            <ns3:hr>107</ns3:hr>
          </ns3:TrackPointExtension>
        </extensions>
      </trkpt>
      <trkpt lat="60.0003533251583576202392578125" lon="30.3847034275531768798828125">
        <ele>37.40000152587890625</ele>
        <time>2025-06-04T07:12:18.000Z</time>
        <extensions>
          <ns3:TrackPointExtension>
            <ns3:atemp>25.0</ns3:atemp>
            <ns3:hr>110</ns3:hr>
          </ns3:TrackPointExtension>
        </extensions>
      </trkpt>
      <trkpt lat="60.00018526799976825714111328125" lon="30.3845250606536865234375">
        <ele>37.799999237060546875</ele>
        <time>2025-06-04T07:12:23.000Z</time>
        <extensions>
          <ns3:TrackPointExtension>
            <ns3:atemp>25.0</ns3:atemp>
            <ns3:hr>109</ns3:hr>
          </ns3:TrackPointExtension>
        </extensions>
      </trkpt>
      <trkpt lat="60.00003891997039318084716796875" lon="30.3843842446804046630859375">
        <ele>37.799999237060546875</ele>
        <time>2025-06-04T07:12:27.000Z</time>
        <extensions>
          <ns3:TrackPointExtension>
            <ns3:atemp>25.0</ns3:atemp>
            <ns3:hr>106</ns3:hr>
          </ns3:TrackPointExtension>
        </extensions>
      </trkpt>
      <trkpt lat="59.99997404403984546661376953125" lon="30.3843324445188045501708984375">
        <ele>37.799999237060546875</ele>
        <time>2025-06-04T07:12:29.000Z</time>
        <extensions>
          <ns3:TrackPointExtension>
            <ns3:atemp>25.0</ns3:atemp>
            <ns3:hr>109</ns3:hr>
          </ns3:TrackPointExtension>
        </extensions>
      </trkpt>
      <trkpt lat="59.9999483115971088409423828125" lon="30.384305454790592193603515625">
        <ele>38</ele>
        <time>2025-06-04T07:12:30.000Z</time>
        <extensions>
          <ns3:TrackPointExtension>
            <ns3:atemp>25.0</ns3:atemp>
            <ns3:hr>107</ns3:hr>
          </ns3:TrackPointExtension>
        </extensions>
      </trkpt>
      <trkpt lat="59.99977019615471363067626953125" lon="30.38413354195654392242431640625">
        <ele>38.59999847412109375</ele>
        <time>2025-06-04T07:12:37.000Z</time>
        <extensions>
          <ns3:TrackPointExtension>
            <ns3:atemp>25.0</ns3:atemp>
            <ns3:hr>108</ns3:hr>
          </ns3:TrackPointExtension>
        </extensions>
      </trkpt>
      <trkpt lat="59.99972308985888957977294921875" lon="30.3840689174830913543701171875">
        <ele>38.59999847412109375</ele>
        <time>2025-06-04T07:12:39.000Z</time>
        <extensions>
          <ns3:TrackPointExtension>
            <ns3:atemp>25.0</ns3:atemp>
            <ns3:hr>105</ns3:hr>
          </ns3:TrackPointExtension>
        </extensions>
      </trkpt>
      <trkpt lat="59.99966391362249851226806640625" lon="30.3839730285108089447021484375">
        <ele>38.799999237060546875</ele>
        <time>2025-06-04T07:12:42.000Z</time>
        <extensions>
          <ns3:TrackPointExtension>
            <ns3:atemp>25.0</ns3:atemp>
            <ns3:hr>102</ns3:hr>
          </ns3:TrackPointExtension>
        </extensions>
      </trkpt>
      <trkpt lat="59.99961311928927898406982421875" lon="30.38393606431782245635986328125">
        <ele>39</ele>
        <time>2025-06-04T07:12:44.000Z</time>
        <extensions>
          <ns3:TrackPointExtension>
            <ns3:atemp>25.0</ns3:atemp>
            <ns3:hr>104</ns3:hr>
          </ns3:TrackPointExtension>
        </extensions>
      </trkpt>
      <trkpt lat="59.99955318868160247802734375" lon="30.383885018527507781982421875">
        <ele>38.799999237060546875</ele>
        <time>2025-06-04T07:12:46.000Z</time>
        <extensions>
          <ns3:TrackPointExtension>
            <ns3:atemp>25.0</ns3:atemp>
            <ns3:hr>107</ns3:hr>
          </ns3:TrackPointExtension>
        </extensions>
      </trkpt>
      <trkpt lat="59.999520666897296905517578125" lon="30.3838424384593963623046875">
        <ele>38.799999237060546875</ele>
        <time>2025-06-04T07:12:47.000Z</time>
        <extensions>
          <ns3:TrackPointExtension>
            <ns3:atemp>25.0</ns3:atemp>
            <ns3:hr>104</ns3:hr>
          </ns3:TrackPointExtension>
        </extensions>
      </trkpt>
      <trkpt lat="59.99936032108962535858154296875" lon="30.38366717286407947540283203125">
        <ele>38.59999847412109375</ele>
        <time>2025-06-04T07:12:51.000Z</time>
        <extensions>
          <ns3:TrackPointExtension>
            <ns3:atemp>25.0</ns3:atemp>
            <ns3:hr>108</ns3:hr>
          </ns3:TrackPointExtension>
        </extensions>
      </trkpt>
      <trkpt lat="59.9993250332772731781005859375" lon="30.38362476043403148651123046875">
        <ele>38.59999847412109375</ele>
        <time>2025-06-04T07:12:52.000Z</time>
        <extensions>
          <ns3:TrackPointExtension>
            <ns3:atemp>25.0</ns3:atemp>
            <ns3:hr>111</ns3:hr>
          </ns3:TrackPointExtension>
        </extensions>
      </trkpt>
      <trkpt lat="59.9992787651717662811279296875" lon="30.3835817612707614898681640625">
        <ele>38.59999847412109375</ele>
        <time>2025-06-04T07:12:53.000Z</time>
        <extensions>
          <ns3:TrackPointExtension>
            <ns3:atemp>25.0</ns3:atemp>
            <ns3:hr>113</ns3:hr>
          </ns3:TrackPointExtension>
        </extensions>
      </trkpt>
      <trkpt lat="59.99919167719781398773193359375" lon="30.38349400274455547332763671875">
        <ele>38.59999847412109375</ele>
        <time>2025-06-04T07:12:55.000Z</time>
        <extensions>
          <ns3:TrackPointExtension>
            <ns3:atemp>25.0</ns3:atemp>
            <ns3:hr>116</ns3:hr>
          </ns3:TrackPointExtension>
        </extensions>
      </trkpt>
      <trkpt lat="59.99914792366325855255126953125" lon="30.38344706408679485321044921875">
        <ele>38.40000152587890625</ele>
        <time>2025-06-04T07:12:56.000Z</time>
        <extensions>
          <ns3:TrackPointExtension>
            <ns3:atemp>25.0</ns3:atemp>
            <ns3:hr>120</ns3:hr>
          </ns3:TrackPointExtension>
        </extensions>
      </trkpt>
      <trkpt lat="59.99909947626292705535888671875" lon="30.38340029306709766387939453125">
        <ele>38.200000762939453125</ele>
        <time>2025-06-04T07:12:57.000Z</time>
        <extensions>
          <ns3:TrackPointExtension>
            <ns3:atemp>25.0</ns3:atemp>
            <ns3:hr>120</ns3:hr>
          </ns3:TrackPointExtension>
        </extensions>
      </trkpt>
      <trkpt lat="59.99905035831034183502197265625" lon="30.38334866054356098175048828125">
        <ele>38.40000152587890625</ele>
        <time>2025-06-04T07:12:58.000Z</time>
        <extensions>
          <ns3:TrackPointExtension>
            <ns3:atemp>25.0</ns3:atemp>
            <ns3:hr>124</ns3:hr>
          </ns3:TrackPointExtension>
        </extensions>
      </trkpt>
      <trkpt lat="59.99899755232036113739013671875" lon="30.383315384387969970703125">
        <ele>38.200000762939453125</ele>
        <time>2025-06-04T07:12:59.000Z</time>
        <extensions>
          <ns3:TrackPointExtension>
            <ns3:atemp>25.0</ns3:atemp>
            <ns3:hr>127</ns3:hr>
          </ns3:TrackPointExtension>
        </extensions>
      </trkpt>
      <trkpt lat="59.9988643638789653778076171875" lon="30.38320147432386875152587890625">
        <ele>38.200000762939453125</ele>
        <time>2025-06-04T07:13:02.000Z</time>
        <extensions>
          <ns3:TrackPointExtension>
            <ns3:atemp>25.0</ns3:atemp>
            <ns3:hr>129</ns3:hr>
          </ns3:TrackPointExtension>
        </extensions>
      </trkpt>
      <trkpt lat="59.99882496893405914306640625" lon="30.38314682431519031524658203125">
        <ele>38.200000762939453125</ele>
        <time>2025-06-04T07:13:03.000Z</time>
        <extensions>
          <ns3:TrackPointExtension>
            <ns3:atemp>25.0</ns3:atemp>
            <ns3:hr>129</ns3:hr>
          </ns3:TrackPointExtension>
        </extensions>
      </trkpt>
      <trkpt lat="59.9987657926976680755615234375" lon="30.3830060921609401702880859375">
        <ele>38</ele>
        <time>2025-06-04T07:13:05.000Z</time>
        <extensions>
          <ns3:TrackPointExtension>
            <ns3:atemp>25.0</ns3:atemp>
            <ns3:hr>128</ns3:hr>
          </ns3:TrackPointExtension>
        </extensions>
      </trkpt>
      <trkpt lat="59.99867149628698825836181640625" lon="30.38290693424642086029052734375">
        <ele>38.40000152587890625</ele>
        <time>2025-06-04T07:13:07.000Z</time>
        <extensions>
          <ns3:TrackPointExtension>
            <ns3:atemp>25.0</ns3:atemp>
            <ns3:hr>125</ns3:hr>
          </ns3:TrackPointExtension>
        </extensions>
      </trkpt>
      <trkpt lat="59.9986290000379085540771484375" lon="30.38287223316729068756103515625">
        <ele>38.40000152587890625</ele>
        <time>2025-06-04T07:13:08.000Z</time>
        <extensions>
          <ns3:TrackPointExtension>
            <ns3:atemp>25.0</ns3:atemp>
            <ns3:hr>125</ns3:hr>
          </ns3:TrackPointExtension>
        </extensions>
      </trkpt>
      <trkpt lat="59.998437054455280303955078125" lon="30.382625050842761993408203125">
        <ele>38</ele>
        <time>2025-06-04T07:13:13.000Z</time>
        <extensions>
          <ns3:TrackPointExtension>
            <ns3:atemp>25.0</ns3:atemp>
            <ns3:hr>124</ns3:hr>
          </ns3:TrackPointExtension>
        </extensions>
      </trkpt>
      <trkpt lat="59.99839304946362972259521484375" lon="30.38257752545177936553955078125">
        <ele>37.799999237060546875</ele>
        <time>2025-06-04T07:13:14.000Z</time>
        <extensions>
          <ns3:TrackPointExtension>
            <ns3:atemp>25.0</ns3:atemp>
            <ns3:hr>123</ns3:hr>
          </ns3:TrackPointExtension>
        </extensions>
      </trkpt>
      <trkpt lat="59.9981116689741611480712890625" lon="30.38222414441406726837158203125">
        <ele>37.799999237060546875</ele>
        <time>2025-06-04T07:13:21.000Z</time>
        <extensions>
          <ns3:TrackPointExtension>
            <ns3:atemp>25.0</ns3:atemp>
            <ns3:hr>124</ns3:hr>
          </ns3:TrackPointExtension>
        </extensions>
      </trkpt>
      <trkpt lat="59.99796959571540355682373046875" lon="30.38203085772693157196044921875">
        <ele>38.200000762939453125</ele>
        <time>2025-06-04T07:13:25.000Z</time>
        <extensions>
          <ns3:TrackPointExtension>
            <ns3:atemp>25.0</ns3:atemp>
            <ns3:hr>121</ns3:hr>
          </ns3:TrackPointExtension>
        </extensions>
      </trkpt>
      <trkpt lat="59.99789600260555744171142578125" lon="30.38193882443010807037353515625">
        <ele>38.40000152587890625</ele>
        <time>2025-06-04T07:13:27.000Z</time>
        <extensions>
          <ns3:TrackPointExtension>
            <ns3:atemp>25.0</ns3:atemp>
            <ns3:hr>122</ns3:hr>
          </ns3:TrackPointExtension>
        </extensions>
      </trkpt>
      <trkpt lat="59.997863732278347015380859375" lon="30.3818969987332820892333984375">
        <ele>38.40000152587890625</ele>
        <time>2025-06-04T07:13:28.000Z</time>
        <extensions>
          <ns3:TrackPointExtension>
            <ns3:atemp>25.0</ns3:atemp>
            <ns3:hr>120</ns3:hr>
          </ns3:TrackPointExtension>
        </extensions>
      </trkpt>
      <trkpt lat="59.9977824278175830841064453125" lon="30.38177873007953166961669921875">
        <ele>38.200000762939453125</ele>
        <time>2025-06-04T07:13:31.000Z</time>
        <extensions>
          <ns3:TrackPointExtension>
            <ns3:atemp>25.0</ns3:atemp>
            <ns3:hr>121</ns3:hr>
          </ns3:TrackPointExtension>
        </extensions>
      </trkpt>
      <trkpt lat="59.9976749718189239501953125" lon="30.381635986268520355224609375">
        <ele>38.200000762939453125</ele>
        <time>2025-06-04T07:13:34.000Z</time>
        <extensions>
          <ns3:TrackPointExtension>
            <ns3:atemp>25.0</ns3:atemp>
            <ns3:hr>118</ns3:hr>
          </ns3:TrackPointExtension>
        </extensions>
      </trkpt>
      <trkpt lat="59.99758712947368621826171875" lon="30.38155694492161273956298828125">
        <ele>38</ele>
        <time>2025-06-04T07:13:36.000Z</time>
        <extensions>
          <ns3:TrackPointExtension>
            <ns3:atemp>25.0</ns3:atemp>
            <ns3:hr>119</ns3:hr>
          </ns3:TrackPointExtension>
        </extensions>
      </trkpt>
      <trkpt lat="59.99753457494080066680908203125" lon="30.38144596852362155914306640625">
        <ele>37.799999237060546875</ele>
        <time>2025-06-04T07:13:38.000Z</time>
        <extensions>
          <ns3:TrackPointExtension>
            <ns3:atemp>25.0</ns3:atemp>
            <ns3:hr>116</ns3:hr>
          </ns3:TrackPointExtension>
        </extensions>
      </trkpt>
      <trkpt lat="59.9974873848259449005126953125" lon="30.38141277618706226348876953125">
        <ele>37.799999237060546875</ele>
        <time>2025-06-04T07:13:39.000Z</time>
        <extensions>
          <ns3:TrackPointExtension>
            <ns3:atemp>24.0</ns3:atemp>
            <ns3:hr>115</ns3:hr>
          </ns3:TrackPointExtension>
        </extensions>
      </trkpt>
      <trkpt lat="59.997405745089054107666015625" lon="30.38132661022245883941650390625">
        <ele>37.59999847412109375</ele>
        <time>2025-06-04T07:13:41.000Z</time>
        <extensions>
          <ns3:TrackPointExtension>
            <ns3:atemp>24.0</ns3:atemp>
            <ns3:hr>117</ns3:hr>
          </ns3:TrackPointExtension>
        </extensions>
      </trkpt>
      <trkpt lat="59.997086562216281890869140625" lon="30.381019413471221923828125">
        <ele>38</ele>
        <time>2025-06-04T07:13:49.000Z</time>
        <extensions>
          <ns3:TrackPointExtension>
            <ns3:atemp>24.0</ns3:atemp>
            <ns3:hr>114</ns3:hr>
          </ns3:TrackPointExtension>
        </extensions>
      </trkpt>
      <trkpt lat="59.99690718948841094970703125" lon="30.38074943237006664276123046875">
        <ele>38.200000762939453125</ele>
        <time>2025-06-04T07:13:55.000Z</time>
        <extensions>
          <ns3:TrackPointExtension>
            <ns3:atemp>24.0</ns3:atemp>
            <ns3:hr>115</ns3:hr>
          </ns3:TrackPointExtension>
        </extensions>
      </trkpt>
      <trkpt lat="59.99664810486137866973876953125" lon="30.38047425448894500732421875">
        <ele>37</ele>
        <time>2025-06-04T07:14:02.000Z</time>
        <extensions>
          <ns3:TrackPointExtension>
            <ns3:atemp>24.0</ns3:atemp>
            <ns3:hr>113</ns3:hr>
          </ns3:TrackPointExtension>
        </extensions>
      </trkpt>
      <trkpt lat="59.99650075100362300872802734375" lon="30.38039990700781345367431640625">
        <ele>38.799999237060546875</ele>
        <time>2025-06-04T07:14:06.000Z</time>
        <extensions>
          <ns3:TrackPointExtension>
            <ns3:atemp>24.0</ns3:atemp>
            <ns3:hr>108</ns3:hr>
          </ns3:TrackPointExtension>
        </extensions>
      </trkpt>
      <trkpt lat="59.9964706599712371826171875" lon="30.380390100181102752685546875">
        <ele>40.200000762939453125</ele>
        <time>2025-06-04T07:14:07.000Z</time>
        <extensions>
          <ns3:TrackPointExtension>
            <ns3:atemp>24.0</ns3:atemp>
            <ns3:hr>111</ns3:hr>
          </ns3:TrackPointExtension>
        </extensions>
      </trkpt>
      <trkpt lat="59.99644316732883453369140625" lon="30.3803835622966289520263671875">
        <ele>40.799999237060546875</ele>
        <time>2025-06-04T07:14:08.000Z</time>
        <extensions>
          <ns3:TrackPointExtension>
            <ns3:atemp>24.0</ns3:atemp>
            <ns3:hr>110</ns3:hr>
          </ns3:TrackPointExtension>
        </extensions>
      </trkpt>
      <trkpt lat="59.99639731831848621368408203125" lon="30.38037392310798168182373046875">
        <ele>41.40000152587890625</ele>
        <time>2025-06-04T07:14:10.000Z</time>
        <extensions>
          <ns3:TrackPointExtension>
            <ns3:atemp>24.0</ns3:atemp>
            <ns3:hr>111</ns3:hr>
          </ns3:TrackPointExtension>
        </extensions>
      </trkpt>
      <trkpt lat="59.99637971632182598114013671875" lon="30.38035866804420948028564453125">
        <ele>40.40000152587890625</ele>
        <time>2025-06-04T07:14:11.000Z</time>
        <extensions>
          <ns3:TrackPointExtension>
            <ns3:atemp>24.0</ns3:atemp>
            <ns3:hr>110</ns3:hr>
          </ns3:TrackPointExtension>
        </extensions>
      </trkpt>
      <trkpt lat="59.99635322950780391693115234375" lon="30.380334444344043731689453125">
        <ele>39</ele>
        <time>2025-06-04T07:14:13.000Z</time>
        <extensions>
          <ns3:TrackPointExtension>
            <ns3:atemp>24.0</ns3:atemp>
            <ns3:hr>111</ns3:hr>
          </ns3:TrackPointExtension>
        </extensions>
      </trkpt>
      <trkpt lat="59.99634065665304660797119140625" lon="30.38032564334571361541748046875">
        <ele>38</ele>
        <time>2025-06-04T07:14:16.000Z</time>
        <extensions>
          <ns3:TrackPointExtension>
            <ns3:atemp>24.0</ns3:atemp>
            <ns3:hr>109</ns3:hr>
          </ns3:TrackPointExtension>
        </extensions>
      </trkpt>
      <trkpt lat="59.99633696861565113067626953125" lon="30.380321703851222991943359375">
        <ele>38</ele>
        <time>2025-06-04T07:14:18.000Z</time>
        <extensions>
          <ns3:TrackPointExtension>
            <ns3:atemp>24.0</ns3:atemp>
            <ns3:hr>112</ns3:hr>
          </ns3:TrackPointExtension>
        </extensions>
      </trkpt>
      <trkpt lat="59.9963365495204925537109375" lon="30.38032128475606441497802734375">
        <ele>37.799999237060546875</ele>
        <time>2025-06-04T07:14:19.000Z</time>
        <extensions>
          <ns3:TrackPointExtension>
            <ns3:atemp>24.0</ns3:atemp>
            <ns3:hr>114</ns3:hr>
          </ns3:TrackPointExtension>
        </extensions>
      </trkpt>
      <trkpt lat="59.99633613042533397674560546875" lon="30.380321033298969268798828125">
        <ele>37.59999847412109375</ele>
        <time>2025-06-04T07:14:20.000Z</time>
        <extensions>
          <ns3:TrackPointExtension>
            <ns3:atemp>24.0</ns3:atemp>
            <ns3:hr>117</ns3:hr>
          </ns3:TrackPointExtension>
        </extensions>
      </trkpt>
      <trkpt lat="59.99633579514920711517333984375" lon="30.38032027892768383026123046875">
        <ele>37.40000152587890625</ele>
        <time>2025-06-04T07:14:22.000Z</time>
        <extensions>
          <ns3:TrackPointExtension>
            <ns3:atemp>24.0</ns3:atemp>
            <ns3:hr>120</ns3:hr>
          </ns3:TrackPointExtension>
        </extensions>
      </trkpt>
      <trkpt lat="59.99633512459695339202880859375" lon="30.3803193569183349609375">
        <ele>37.40000152587890625</ele>
        <time>2025-06-04T07:14:24.000Z</time>
        <extensions>
          <ns3:TrackPointExtension>
            <ns3:atemp>24.0</ns3:atemp>
            <ns3:hr>123</ns3:hr>
          </ns3:TrackPointExtension>
        </extensions>
      </trkpt>
      <trkpt lat="59.99633043073117733001708984375" lon="30.38031675852835178375244140625">
        <ele>37</ele>
        <time>2025-06-04T07:14:26.000Z</time>
        <extensions>
          <ns3:TrackPointExtension>
            <ns3:atemp>24.0</ns3:atemp>
            <ns3:hr>122</ns3:hr>
          </ns3:TrackPointExtension>
        </extensions>
      </trkpt>
      <trkpt lat="59.99631844460964202880859375" lon="30.38030385039746761322021484375">
        <ele>36.799999237060546875</ele>
        <time>2025-06-04T07:14:27.000Z</time>
        <extensions>
          <ns3:TrackPointExtension>
            <ns3:atemp>24.0</ns3:atemp>
            <ns3:hr>123</ns3:hr>
          </ns3:TrackPointExtension>
        </extensions>
      </trkpt>
      <trkpt lat="59.99629757367074489593505859375" lon="30.38028247654438018798828125">
        <ele>36.799999237060546875</ele>
        <time>2025-06-04T07:14:28.000Z</time>
        <extensions>
          <ns3:TrackPointExtension>
            <ns3:atemp>24.0</ns3:atemp>
            <ns3:hr>121</ns3:hr>
          </ns3:TrackPointExtension>
        </extensions>
      </trkpt>
      <trkpt lat="59.9961546622216701507568359375" lon="30.3801766969263553619384765625">
        <ele>36.40000152587890625</ele>
        <time>2025-06-04T07:14:32.000Z</time>
        <extensions>
          <ns3:TrackPointExtension>
            <ns3:atemp>24.0</ns3:atemp>
            <ns3:hr>119</ns3:hr>
          </ns3:TrackPointExtension>
        </extensions>
      </trkpt>
      <trkpt lat="59.996113590896129608154296875" lon="30.38012824952602386474609375">
        <ele>36.200000762939453125</ele>
        <time>2025-06-04T07:14:33.000Z</time>
        <extensions>
          <ns3:TrackPointExtension>
            <ns3:atemp>24.0</ns3:atemp>
            <ns3:hr>116</ns3:hr>
          </ns3:TrackPointExtension>
        </extensions>
      </trkpt>
      <trkpt lat="59.996072687208652496337890625" lon="30.38006848655641078948974609375">
        <ele>36.200000762939453125</ele>
        <time>2025-06-04T07:14:34.000Z</time>
        <extensions>
          <ns3:TrackPointExtension>
            <ns3:atemp>24.0</ns3:atemp>
            <ns3:hr>114</ns3:hr>
          </ns3:TrackPointExtension>
        </extensions>
      </trkpt>
      <trkpt lat="59.9959746189415454864501953125" lon="30.379953570663928985595703125">
        <ele>36.40000152587890625</ele>
        <time>2025-06-04T07:14:36.000Z</time>
        <extensions>
          <ns3:TrackPointExtension>
            <ns3:atemp>24.0</ns3:atemp>
            <ns3:hr>112</ns3:hr>
          </ns3:TrackPointExtension>
        </extensions>
      </trkpt>
      <trkpt lat="59.9958083219826221466064453125" lon="30.37979221902787685394287109375">
        <ele>35.799999237060546875</ele>
        <time>2025-06-04T07:14:39.000Z</time>
        <extensions>
          <ns3:TrackPointExtension>
            <ns3:atemp>24.0</ns3:atemp>
            <ns3:hr>112</ns3:hr>
          </ns3:TrackPointExtension>
        </extensions>
      </trkpt>
      <trkpt lat="59.9957684241235256195068359375" lon="30.37988827563822269439697265625">
        <ele>35.200000762939453125</ele>
        <time>2025-06-04T07:14:41.000Z</time>
        <extensions>
          <ns3:TrackPointExtension>
            <ns3:atemp>24.0</ns3:atemp>
            <ns3:hr>111</ns3:hr>
          </ns3:TrackPointExtension>
        </extensions>
      </trkpt>
      <trkpt lat="59.99571419321000576019287109375" lon="30.379982404410839080810546875">
        <ele>35.40000152587890625</ele>
        <time>2025-06-04T07:14:44.000Z</time>
        <extensions>
          <ns3:TrackPointExtension>
            <ns3:atemp>24.0</ns3:atemp>
            <ns3:hr>111</ns3:hr>
          </ns3:TrackPointExtension>
        </extensions>
      </trkpt>
      <trkpt lat="59.995626769959926605224609375" lon="30.37972331978380680084228515625">
        <ele>35.799999237060546875</ele>
        <time>2025-06-04T07:14:48.000Z</time>
        <extensions>
          <ns3:TrackPointExtension>
            <ns3:atemp>24.0</ns3:atemp>
            <ns3:hr>108</ns3:hr>
          </ns3:TrackPointExtension>
        </extensions>
      </trkpt>
      <trkpt lat="59.99559449963271617889404296875" lon="30.3796742856502532958984375">
        <ele>35.799999237060546875</ele>
        <time>2025-06-04T07:14:49.000Z</time>
        <extensions>
          <ns3:TrackPointExtension>
            <ns3:atemp>24.0</ns3:atemp>
            <ns3:hr>108</ns3:hr>
          </ns3:TrackPointExtension>
        </extensions>
      </trkpt>
      <trkpt lat="59.995467849075794219970703125" lon="30.37955333478748798370361328125">
        <ele>35.59999847412109375</ele>
        <time>2025-06-04T07:14:53.000Z</time>
        <extensions>
          <ns3:TrackPointExtension>
            <ns3:atemp>24.0</ns3:atemp>
            <ns3:hr>106</ns3:hr>
          </ns3:TrackPointExtension>
        </extensions>
      </trkpt>
      <trkpt lat="59.99542283825576305389404296875" lon="30.37952148355543613433837890625">
        <ele>35.40000152587890625</ele>
        <time>2025-06-04T07:14:54.000Z</time>
        <extensions>
          <ns3:TrackPointExtension>
            <ns3:atemp>24.0</ns3:atemp>
            <ns3:hr>106</ns3:hr>
          </ns3:TrackPointExtension>
        </extensions>
      </trkpt>
      <trkpt lat="59.9952400289475917816162109375" lon="30.37919844500720500946044921875">
        <ele>34.799999237060546875</ele>
        <time>2025-06-04T07:14:58.000Z</time>
        <extensions>
          <ns3:TrackPointExtension>
            <ns3:atemp>24.0</ns3:atemp>
            <ns3:hr>104</ns3:hr>
          </ns3:TrackPointExtension>
        </extensions>
      </trkpt>
      <trkpt lat="59.9952048249542713165283203125" lon="30.37917145527899265289306640625">
        <ele>34.59999847412109375</ele>
        <time>2025-06-04T07:14:59.000Z</time>
        <extensions>
          <ns3:TrackPointExtension>
            <ns3:atemp>24.0</ns3:atemp>
            <ns3:hr>104</ns3:hr>
          </ns3:TrackPointExtension>
        </extensions>
      </trkpt>
      <trkpt lat="59.99517020769417285919189453125" lon="30.3792050667107105255126953125">
        <ele>34.59999847412109375</ele>
        <time>2025-06-04T07:15:00.000Z</time>
        <extensions>
          <ns3:TrackPointExtension>
            <ns3:atemp>24.0</ns3:atemp>
            <ns3:hr>104</ns3:hr>
          </ns3:TrackPointExtension>
        </extensions>
      </trkpt>
      <trkpt lat="59.99505512416362762451171875" lon="30.3791732154786586761474609375">
        <ele>34.799999237060546875</ele>
        <time>2025-06-04T07:15:02.000Z</time>
        <extensions>
          <ns3:TrackPointExtension>
            <ns3:atemp>24.0</ns3:atemp>
            <ns3:hr>105</ns3:hr>
          </ns3:TrackPointExtension>
        </extensions>
      </trkpt>
      <trkpt lat="59.9949471652507781982421875" lon="30.37903181277215480804443359375">
        <ele>34.799999237060546875</ele>
        <time>2025-06-04T07:15:05.000Z</time>
        <extensions>
          <ns3:TrackPointExtension>
            <ns3:atemp>24.0</ns3:atemp>
            <ns3:hr>102</ns3:hr>
          </ns3:TrackPointExtension>
        </extensions>
      </trkpt>
      <trkpt lat="59.99486091546714305877685546875" lon="30.37894480861723423004150390625">
        <ele>34.59999847412109375</ele>
        <time>2025-06-04T07:15:07.000Z</time>
        <extensions>
          <ns3:TrackPointExtension>
            <ns3:atemp>24.0</ns3:atemp>
            <ns3:hr>103</ns3:hr>
          </ns3:TrackPointExtension>
        </extensions>
      </trkpt>
      <trkpt lat="59.994771815836429595947265625" lon="30.37885327823460102081298828125">
        <ele>34.40000152587890625</ele>
        <time>2025-06-04T07:15:09.000Z</time>
        <extensions>
          <ns3:TrackPointExtension>
            <ns3:atemp>24.0</ns3:atemp>
            <ns3:hr>100</ns3:hr>
          </ns3:TrackPointExtension>
        </extensions>
      </trkpt>
      <trkpt lat="59.994619600474834442138671875" lon="30.37868413142859935760498046875">
        <ele>34.200000762939453125</ele>
        <time>2025-06-04T07:15:13.000Z</time>
        <extensions>
          <ns3:TrackPointExtension>
            <ns3:atemp>24.0</ns3:atemp>
            <ns3:hr>96</ns3:hr>
          </ns3:TrackPointExtension>
        </extensions>
      </trkpt>
      <trkpt lat="59.994560591876506805419921875" lon="30.37865060381591320037841796875">
        <ele>34</ele>
        <time>2025-06-04T07:15:15.000Z</time>
        <extensions>
          <ns3:TrackPointExtension>
            <ns3:atemp>24.0</ns3:atemp>
            <ns3:hr>90</ns3:hr>
          </ns3:TrackPointExtension>
        </extensions>
      </trkpt>
      <trkpt lat="59.994470737874507904052734375" lon="30.37861883640289306640625">
        <ele>34</ele>
        <time>2025-06-04T07:15:18.000Z</time>
        <extensions>
          <ns3:TrackPointExtension>
            <ns3:atemp>24.0</ns3:atemp>
            <ns3:hr>87</ns3:hr>
          </ns3:TrackPointExtension>
        </extensions>
      </trkpt>
      <trkpt lat="59.99443025328218936920166015625" lon="30.3785995580255985260009765625">
        <ele>34</ele>
        <time>2025-06-04T07:15:20.000Z</time>
        <extensions>
          <ns3:TrackPointExtension>
            <ns3:atemp>24.0</ns3:atemp>
            <ns3:hr>90</ns3:hr>
          </ns3:TrackPointExtension>
        </extensions>
      </trkpt>
      <trkpt lat="59.994377195835113525390625" lon="30.37860685028135776519775390625">
        <ele>34.40000152587890625</ele>
        <time>2025-06-04T07:15:22.000Z</time>
        <extensions>
          <ns3:TrackPointExtension>
            <ns3:atemp>24.0</ns3:atemp>
            <ns3:hr>95</ns3:hr>
          </ns3:TrackPointExtension>
        </extensions>
      </trkpt>
      <trkpt lat="59.99426429159939289093017578125" lon="30.37839009426534175872802734375">
        <ele>34.59999847412109375</ele>
        <time>2025-06-04T07:15:24.000Z</time>
        <extensions>
          <ns3:TrackPointExtension>
            <ns3:atemp>24.0</ns3:atemp>
            <ns3:hr>98</ns3:hr>
          </ns3:TrackPointExtension>
        </extensions>
      </trkpt>
      <trkpt lat="59.99416907317936420440673828125" lon="30.3783202730119228363037109375">
        <ele>34.40000152587890625</ele>
        <time>2025-06-04T07:15:26.000Z</time>
        <extensions>
          <ns3:TrackPointExtension>
            <ns3:atemp>24.0</ns3:atemp>
            <ns3:hr>102</ns3:hr>
          </ns3:TrackPointExtension>
        </extensions>
      </trkpt>
      <trkpt lat="59.99408206902444362640380859375" lon="30.37820166908204555511474609375">
        <ele>34.40000152587890625</ele>
        <time>2025-06-04T07:15:28.000Z</time>
        <extensions>
          <ns3:TrackPointExtension>
            <ns3:atemp>24.0</ns3:atemp>
            <ns3:hr>105</ns3:hr>
          </ns3:TrackPointExtension>
        </extensions>
      </trkpt>
      <trkpt lat="59.99403915368020534515380859375" lon="30.3781398944556713104248046875">
        <ele>34.40000152587890625</ele>
        <time>2025-06-04T07:15:29.000Z</time>
        <extensions>
          <ns3:TrackPointExtension>
            <ns3:atemp>24.0</ns3:atemp>
            <ns3:hr>104</ns3:hr>
          </ns3:TrackPointExtension>
        </extensions>
      </trkpt>
      <trkpt lat="59.99390152283012866973876953125" lon="30.37796236574649810791015625">
        <ele>34.59999847412109375</ele>
        <time>2025-06-04T07:15:32.000Z</time>
        <extensions>
          <ns3:TrackPointExtension>
            <ns3:atemp>24.0</ns3:atemp>
            <ns3:hr>107</ns3:hr>
          </ns3:TrackPointExtension>
        </extensions>
      </trkpt>
      <trkpt lat="59.993746541440486907958984375" lon="30.377738736569881439208984375">
        <ele>34.59999847412109375</ele>
        <time>2025-06-04T07:15:35.000Z</time>
        <extensions>
          <ns3:TrackPointExtension>
            <ns3:atemp>24.0</ns3:atemp>
            <ns3:hr>106</ns3:hr>
          </ns3:TrackPointExtension>
        </extensions>
      </trkpt>
      <trkpt lat="59.993390142917633056640625" lon="30.377265997231006622314453125">
        <ele>33.59999847412109375</ele>
        <time>2025-06-04T07:15:41.000Z</time>
        <extensions>
          <ns3:TrackPointExtension>
            <ns3:atemp>24.0</ns3:atemp>
            <ns3:hr>104</ns3:hr>
          </ns3:TrackPointExtension>
        </extensions>
      </trkpt>
      <trkpt lat="59.99326466582715511322021484375" lon="30.37710716016590595245361328125">
        <ele>32.799999237060546875</ele>
        <time>2025-06-04T07:15:43.000Z</time>
        <extensions>
          <ns3:TrackPointExtension>
            <ns3:atemp>24.0</ns3:atemp>
            <ns3:hr>104</ns3:hr>
          </ns3:TrackPointExtension>
        </extensions>
      </trkpt>
      <trkpt lat="59.993201382458209991455078125" lon="30.37702183239161968231201171875">
        <ele>32.40000152587890625</ele>
        <time>2025-06-04T07:15:44.000Z</time>
        <extensions>
          <ns3:TrackPointExtension>
            <ns3:atemp>24.0</ns3:atemp>
            <ns3:hr>104</ns3:hr>
          </ns3:TrackPointExtension>
        </extensions>
      </trkpt>
      <trkpt lat="59.99307540245354175567626953125" lon="30.37685335613787174224853515625">
        <ele>31.3999996185302734375</ele>
        <time>2025-06-04T07:15:46.000Z</time>
        <extensions>
          <ns3:TrackPointExtension>
            <ns3:atemp>24.0</ns3:atemp>
            <ns3:hr>102</ns3:hr>
          </ns3:TrackPointExtension>
        </extensions>
      </trkpt>
      <trkpt lat="59.99294766224920749664306640625" lon="30.376690663397312164306640625">
        <ele>30.3999996185302734375</ele>
        <time>2025-06-04T07:15:48.000Z</time>
        <extensions>
          <ns3:TrackPointExtension>
            <ns3:atemp>24.0</ns3:atemp>
            <ns3:hr>103</ns3:hr>
          </ns3:TrackPointExtension>
        </extensions>
      </trkpt>
      <trkpt lat="59.99275336973369121551513671875" lon="30.3764417208731174468994140625">
        <ele>29.200000762939453125</ele>
        <time>2025-06-04T07:15:51.000Z</time>
        <extensions>
          <ns3:TrackPointExtension>
            <ns3:atemp>24.0</ns3:atemp>
            <ns3:hr>103</ns3:hr>
          </ns3:TrackPointExtension>
        </extensions>
      </trkpt>
      <trkpt lat="59.99251163564622402191162109375" lon="30.37613846361637115478515625">
        <ele>29.200000762939453125</ele>
        <time>2025-06-04T07:15:55.000Z</time>
        <extensions>
          <ns3:TrackPointExtension>
            <ns3:atemp>24.0</ns3:atemp>
            <ns3:hr>100</ns3:hr>
          </ns3:TrackPointExtension>
        </extensions>
      </trkpt>
      <trkpt lat="59.992398731410503387451171875" lon="30.37597560323774814605712890625">
        <ele>29.200000762939453125</ele>
        <time>2025-06-04T07:15:57.000Z</time>
        <extensions>
          <ns3:TrackPointExtension>
            <ns3:atemp>24.0</ns3:atemp>
            <ns3:hr>102</ns3:hr>
          </ns3:TrackPointExtension>
        </extensions>
      </trkpt>
      <trkpt lat="59.9922966398298740386962890625" lon="30.37579891271889209747314453125">
        <ele>29</ele>
        <time>2025-06-04T07:15:59.000Z</time>
        <extensions>
          <ns3:TrackPointExtension>
            <ns3:atemp>24.0</ns3:atemp>
            <ns3:hr>100</ns3:hr>
          </ns3:TrackPointExtension>
        </extensions>
      </trkpt>
      <trkpt lat="59.992184154689311981201171875" lon="30.3755140118300914764404296875">
        <ele>29</ele>
        <time>2025-06-04T07:16:02.000Z</time>
        <extensions>
          <ns3:TrackPointExtension>
            <ns3:atemp>24.0</ns3:atemp>
            <ns3:hr>100</ns3:hr>
          </ns3:TrackPointExtension>
        </extensions>
      </trkpt>
      <trkpt lat="59.9921548180282115936279296875" lon="30.37540756165981292724609375">
        <ele>29.6000003814697265625</ele>
        <time>2025-06-04T07:16:05.000Z</time>
        <extensions>
          <ns3:TrackPointExtension>
            <ns3:atemp>24.0</ns3:atemp>
            <ns3:hr>101</ns3:hr>
          </ns3:TrackPointExtension>
        </extensions>
      </trkpt>
      <trkpt lat="59.99215641058981418609619140625" lon="30.37541166879236698150634765625">
        <ele>30.200000762939453125</ele>
        <time>2025-06-04T07:16:08.000Z</time>
        <extensions>
          <ns3:TrackPointExtension>
            <ns3:atemp>24.0</ns3:atemp>
            <ns3:hr>98</ns3:hr>
          </ns3:TrackPointExtension>
        </extensions>
      </trkpt>
      <trkpt lat="59.99215406365692615509033203125" lon="30.37541535682976245880126953125">
        <ele>30.3999996185302734375</ele>
        <time>2025-06-04T07:16:09.000Z</time>
        <extensions>
          <ns3:TrackPointExtension>
            <ns3:atemp>24.0</ns3:atemp>
            <ns3:hr>100</ns3:hr>
          </ns3:TrackPointExtension>
        </extensions>
      </trkpt>
      <trkpt lat="59.992147274315357208251953125" lon="30.37541426718235015869140625">
        <ele>30.799999237060546875</ele>
        <time>2025-06-04T07:16:12.000Z</time>
        <extensions>
          <ns3:TrackPointExtension>
            <ns3:atemp>24.0</ns3:atemp>
            <ns3:hr>97</ns3:hr>
          </ns3:TrackPointExtension>
        </extensions>
      </trkpt>
      <trkpt lat="59.99214584939181804656982421875" lon="30.3754154406487941741943359375">
        <ele>30.799999237060546875</ele>
        <time>2025-06-04T07:16:13.000Z</time>
        <extensions>
          <ns3:TrackPointExtension>
            <ns3:atemp>24.0</ns3:atemp>
            <ns3:hr>99</ns3:hr>
          </ns3:TrackPointExtension>
        </extensions>
      </trkpt>
      <trkpt lat="59.9921437539160251617431640625" lon="30.375414602458477020263671875">
        <ele>31</ele>
        <time>2025-06-04T07:16:15.000Z</time>
        <extensions>
          <ns3:TrackPointExtension>
            <ns3:atemp>24.0</ns3:atemp>
            <ns3:hr>103</ns3:hr>
          </ns3:TrackPointExtension>
        </extensions>
      </trkpt>
      <trkpt lat="59.992141909897327423095703125" lon="30.3754161112010478973388671875">
        <ele>30.799999237060546875</ele>
        <time>2025-06-04T07:16:16.000Z</time>
        <extensions>
          <ns3:TrackPointExtension>
            <ns3:atemp>24.0</ns3:atemp>
            <ns3:hr>103</ns3:hr>
          </ns3:TrackPointExtension>
        </extensions>
      </trkpt>
      <trkpt lat="59.99213956296443939208984375" lon="30.37542189471423625946044921875">
        <ele>30.6000003814697265625</ele>
        <time>2025-06-04T07:16:20.000Z</time>
        <extensions>
          <ns3:TrackPointExtension>
            <ns3:atemp>24.0</ns3:atemp>
            <ns3:hr>106</ns3:hr>
          </ns3:TrackPointExtension>
        </extensions>
      </trkpt>
      <trkpt lat="59.99213964678347110748291015625" lon="30.375423990190029144287109375">
        <ele>30.3999996185302734375</ele>
        <time>2025-06-04T07:16:21.000Z</time>
        <extensions>
          <ns3:TrackPointExtension>
            <ns3:atemp>24.0</ns3:atemp>
            <ns3:hr>109</ns3:hr>
          </ns3:TrackPointExtension>
        </extensions>
      </trkpt>
      <trkpt lat="59.9921362102031707763671875" lon="30.37541686557233333587646484375">
        <ele>29.799999237060546875</ele>
        <time>2025-06-04T07:16:24.000Z</time>
        <extensions>
          <ns3:TrackPointExtension>
            <ns3:atemp>24.0</ns3:atemp>
            <ns3:hr>111</ns3:hr>
          </ns3:TrackPointExtension>
        </extensions>
      </trkpt>
      <trkpt lat="59.9921326898038387298583984375" lon="30.37539406679570674896240234375">
        <ele>29.799999237060546875</ele>
        <time>2025-06-04T07:16:25.000Z</time>
        <extensions>
          <ns3:TrackPointExtension>
            <ns3:atemp>24.0</ns3:atemp>
            <ns3:hr>109</ns3:hr>
          </ns3:TrackPointExtension>
        </extensions>
      </trkpt>
      <trkpt lat="59.99209639616310596466064453125" lon="30.3752471320331096649169921875">
        <ele>29.3999996185302734375</ele>
        <time>2025-06-04T07:16:28.000Z</time>
        <extensions>
          <ns3:TrackPointExtension>
            <ns3:atemp>24.0</ns3:atemp>
            <ns3:hr>107</ns3:hr>
          </ns3:TrackPointExtension>
        </extensions>
      </trkpt>
      <trkpt lat="59.99207653105258941650390625" lon="30.37512299604713916778564453125">
        <ele>29.799999237060546875</ele>
        <time>2025-06-04T07:16:31.000Z</time>
        <extensions>
          <ns3:TrackPointExtension>
            <ns3:atemp>24.0</ns3:atemp>
            <ns3:hr>106</ns3:hr>
          </ns3:TrackPointExtension>
        </extensions>
      </trkpt>
      <trkpt lat="59.99207627959549427032470703125" lon="30.37511712871491909027099609375">
        <ele>29.799999237060546875</ele>
        <time>2025-06-04T07:16:34.000Z</time>
        <extensions>
          <ns3:TrackPointExtension>
            <ns3:atemp>24.0</ns3:atemp>
            <ns3:hr>114</ns3:hr>
          </ns3:TrackPointExtension>
        </extensions>
      </trkpt>
      <trkpt lat="59.9920716695487499237060546875" lon="30.37509986199438571929931640625">
        <ele>29.799999237060546875</ele>
        <time>2025-06-04T07:16:36.000Z</time>
        <extensions>
          <ns3:TrackPointExtension>
            <ns3:atemp>24.0</ns3:atemp>
            <ns3:hr>118</ns3:hr>
          </ns3:TrackPointExtension>
        </extensions>
      </trkpt>
      <trkpt lat="59.99203923158347606658935546875" lon="30.37493976764380931854248046875">
        <ele>29.799999237060546875</ele>
        <time>2025-06-04T07:16:40.000Z</time>
        <extensions>
          <ns3:TrackPointExtension>
            <ns3:atemp>24.0</ns3:atemp>
            <ns3:hr>119</ns3:hr>
          </ns3:TrackPointExtension>
        </extensions>
      </trkpt>
      <trkpt lat="59.9919915385544300079345703125" lon="30.37462712265551090240478515625">
        <ele>30.3999996185302734375</ele>
        <time>2025-06-04T07:16:44.000Z</time>
        <extensions>
          <ns3:TrackPointExtension>
            <ns3:atemp>24.0</ns3:atemp>
            <ns3:hr>117</ns3:hr>
          </ns3:TrackPointExtension>
        </extensions>
      </trkpt>
      <trkpt lat="59.9919888563454151153564453125" lon="30.3745229355990886688232421875">
        <ele>30</ele>
        <time>2025-06-04T07:16:45.000Z</time>
        <extensions>
          <ns3:TrackPointExtension>
            <ns3:atemp>24.0</ns3:atemp>
            <ns3:hr>117</ns3:hr>
          </ns3:TrackPointExtension>
        </extensions>
      </trkpt>
      <trkpt lat="59.99199531041085720062255859375" lon="30.374115742743015289306640625">
        <ele>29.799999237060546875</ele>
        <time>2025-06-04T07:16:49.000Z</time>
        <extensions>
          <ns3:TrackPointExtension>
            <ns3:atemp>24.0</ns3:atemp>
            <ns3:hr>115</ns3:hr>
          </ns3:TrackPointExtension>
        </extensions>
      </trkpt>
      <trkpt lat="59.9920019321143627166748046875" lon="30.374010466039180755615234375">
        <ele>29.799999237060546875</ele>
        <time>2025-06-04T07:16:50.000Z</time>
        <extensions>
          <ns3:TrackPointExtension>
            <ns3:atemp>24.0</ns3:atemp>
            <ns3:hr>116</ns3:hr>
          </ns3:TrackPointExtension>
        </extensions>
      </trkpt>
      <trkpt lat="59.99201777391135692596435546875" lon="30.3738037683069705963134765625">
        <ele>29.799999237060546875</ele>
        <time>2025-06-04T07:16:52.000Z</time>
        <extensions>
          <ns3:TrackPointExtension>
            <ns3:atemp>24.0</ns3:atemp>
            <ns3:hr>113</ns3:hr>
          </ns3:TrackPointExtension>
        </extensions>
      </trkpt>
      <trkpt lat="59.992064125835895538330078125" lon="30.37328593432903289794921875">
        <ele>29.6000003814697265625</ele>
        <time>2025-06-04T07:16:57.000Z</time>
        <extensions>
          <ns3:TrackPointExtension>
            <ns3:atemp>24.0</ns3:atemp>
            <ns3:hr>116</ns3:hr>
          </ns3:TrackPointExtension>
        </extensions>
      </trkpt>
      <trkpt lat="59.99208717606961727142333984375" lon="30.37307680584490299224853515625">
        <ele>30</ele>
        <time>2025-06-04T07:16:59.000Z</time>
        <extensions>
          <ns3:TrackPointExtension>
            <ns3:atemp>24.0</ns3:atemp>
            <ns3:hr>119</ns3:hr>
          </ns3:TrackPointExtension>
        </extensions>
      </trkpt>
      <trkpt lat="59.992157332599163055419921875" lon="30.372582189738750457763671875">
        <ele>29.799999237060546875</ele>
        <time>2025-06-04T07:17:04.000Z</time>
        <extensions>
          <ns3:TrackPointExtension>
            <ns3:atemp>24.0</ns3:atemp>
            <ns3:hr>122</ns3:hr>
          </ns3:TrackPointExtension>
        </extensions>
      </trkpt>
      <trkpt lat="59.9921856634318828582763671875" lon="30.37238513119518756866455078125">
        <ele>29.799999237060546875</ele>
        <time>2025-06-04T07:17:06.000Z</time>
        <extensions>
          <ns3:TrackPointExtension>
            <ns3:atemp>24.0</ns3:atemp>
            <ns3:hr>123</ns3:hr>
          </ns3:TrackPointExtension>
        </extensions>
      </trkpt>
      <trkpt lat="59.99228968285024166107177734375" lon="30.37162858061492443084716796875">
        <ele>31.3999996185302734375</ele>
        <time>2025-06-04T07:17:13.000Z</time>
        <extensions>
          <ns3:TrackPointExtension>
            <ns3:atemp>24.0</ns3:atemp>
            <ns3:hr>127</ns3:hr>
          </ns3:TrackPointExtension>
        </extensions>
      </trkpt>
      <trkpt lat="59.99231751076877117156982421875" lon="30.3714238107204437255859375">
        <ele>31.3999996185302734375</ele>
        <time>2025-06-04T07:17:15.000Z</time>
        <extensions>
          <ns3:TrackPointExtension>
            <ns3:atemp>24.0</ns3:atemp>
            <ns3:hr>128</ns3:hr>
          </ns3:TrackPointExtension>
        </extensions>
      </trkpt>
      <trkpt lat="59.99242764897644519805908203125" lon="30.3707527555525302886962890625">
        <ele>30.6000003814697265625</ele>
        <time>2025-06-04T07:17:22.000Z</time>
        <extensions>
          <ns3:TrackPointExtension>
            <ns3:atemp>24.0</ns3:atemp>
            <ns3:hr>125</ns3:hr>
          </ns3:TrackPointExtension>
        </extensions>
      </trkpt>
      <trkpt lat="59.9924696423113346099853515625" lon="30.37046425044536590576171875">
        <ele>30.200000762939453125</ele>
        <time>2025-06-04T07:17:25.000Z</time>
        <extensions>
          <ns3:TrackPointExtension>
            <ns3:atemp>24.0</ns3:atemp>
            <ns3:hr>127</ns3:hr>
          </ns3:TrackPointExtension>
        </extensions>
      </trkpt>
      <trkpt lat="59.9926163256168365478515625" lon="30.36939681507647037506103515625">
        <ele>30.799999237060546875</ele>
        <time>2025-06-04T07:17:36.000Z</time>
        <extensions>
          <ns3:TrackPointExtension>
            <ns3:atemp>23.0</ns3:atemp>
            <ns3:hr>130</ns3:hr>
          </ns3:TrackPointExtension>
        </extensions>
      </trkpt>
      <trkpt lat="59.99270416796207427978515625" lon="30.36874621175229549407958984375">
        <ele>31</ele>
        <time>2025-06-04T07:17:43.000Z</time>
        <extensions>
          <ns3:TrackPointExtension>
            <ns3:atemp>23.0</ns3:atemp>
            <ns3:hr>127</ns3:hr>
          </ns3:TrackPointExtension>
        </extensions>
      </trkpt>
      <trkpt lat="59.99271498061716556549072265625" lon="30.36865350790321826934814453125">
        <ele>31</ele>
        <time>2025-06-04T07:17:44.000Z</time>
        <extensions>
          <ns3:TrackPointExtension>
            <ns3:atemp>23.0</ns3:atemp>
            <ns3:hr>128</ns3:hr>
          </ns3:TrackPointExtension>
        </extensions>
      </trkpt>
      <trkpt lat="59.9927462451159954071044921875" lon="30.3683702833950519561767578125">
        <ele>30.799999237060546875</ele>
        <time>2025-06-04T07:17:47.000Z</time>
        <extensions>
          <ns3:TrackPointExtension>
            <ns3:atemp>23.0</ns3:atemp>
            <ns3:hr>124</ns3:hr>
          </ns3:TrackPointExtension>
        </extensions>
      </trkpt>
      <trkpt lat="59.99281346797943115234375" lon="30.3679357655346393585205078125">
        <ele>31.200000762939453125</ele>
        <time>2025-06-04T07:17:52.000Z</time>
        <extensions>
          <ns3:TrackPointExtension>
            <ns3:atemp>23.0</ns3:atemp>
            <ns3:hr>124</ns3:hr>
          </ns3:TrackPointExtension>
        </extensions>
      </trkpt>
      <trkpt lat="59.9928404577076435089111328125" lon="30.36776058375835418701171875">
        <ele>31.3999996185302734375</ele>
        <time>2025-06-04T07:17:54.000Z</time>
        <extensions>
          <ns3:TrackPointExtension>
            <ns3:atemp>23.0</ns3:atemp>
            <ns3:hr>125</ns3:hr>
          </ns3:TrackPointExtension>
        </extensions>
      </trkpt>
      <trkpt lat="59.99292721040546894073486328125" lon="30.36716253496706485748291015625">
        <ele>30.799999237060546875</ele>
        <time>2025-06-04T07:18:01.000Z</time>
        <extensions>
          <ns3:TrackPointExtension>
            <ns3:atemp>23.0</ns3:atemp>
            <ns3:hr>123</ns3:hr>
          </ns3:TrackPointExtension>
        </extensions>
      </trkpt>
      <trkpt lat="59.992955289781093597412109375" lon="30.36700864322483539581298828125">
        <ele>30.799999237060546875</ele>
        <time>2025-06-04T07:18:03.000Z</time>
        <extensions>
          <ns3:TrackPointExtension>
            <ns3:atemp>23.0</ns3:atemp>
            <ns3:hr>125</ns3:hr>
          </ns3:TrackPointExtension>
        </extensions>
      </trkpt>
      <trkpt lat="59.99297465197741985321044921875" lon="30.36694779060781002044677734375">
        <ele>31</ele>
        <time>2025-06-04T07:18:04.000Z</time>
        <extensions>
          <ns3:TrackPointExtension>
            <ns3:atemp>23.0</ns3:atemp>
            <ns3:hr>129</ns3:hr>
          </ns3:TrackPointExtension>
        </extensions>
      </trkpt>
      <trkpt lat="59.99299786984920501708984375" lon="30.3668900392949581146240234375">
        <ele>31.200000762939453125</ele>
        <time>2025-06-04T07:18:05.000Z</time>
        <extensions>
          <ns3:TrackPointExtension>
            <ns3:atemp>23.0</ns3:atemp>
            <ns3:hr>129</ns3:hr>
          </ns3:TrackPointExtension>
        </extensions>
      </trkpt>
      <trkpt lat="59.993010945618152618408203125" lon="30.36683061160147190093994140625">
        <ele>31.3999996185302734375</ele>
        <time>2025-06-04T07:18:06.000Z</time>
        <extensions>
          <ns3:TrackPointExtension>
            <ns3:atemp>23.0</ns3:atemp>
            <ns3:hr>128</ns3:hr>
          </ns3:TrackPointExtension>
        </extensions>
      </trkpt>
      <trkpt lat="59.9930624105036258697509765625" lon="30.36642174236476421356201171875">
        <ele>30.6000003814697265625</ele>
        <time>2025-06-04T07:18:11.000Z</time>
        <extensions>
          <ns3:TrackPointExtension>
            <ns3:atemp>23.0</ns3:atemp>
            <ns3:hr>124</ns3:hr>
          </ns3:TrackPointExtension>
        </extensions>
      </trkpt>
      <trkpt lat="59.993101470172405242919921875" lon="30.3659427165985107421875">
        <ele>32</ele>
        <time>2025-06-04T07:18:16.000Z</time>
        <extensions>
          <ns3:TrackPointExtension>
            <ns3:atemp>23.0</ns3:atemp>
            <ns3:hr>122</ns3:hr>
          </ns3:TrackPointExtension>
        </extensions>
      </trkpt>
      <trkpt lat="59.9930976144969463348388671875" lon="30.36584950983524322509765625">
        <ele>32.40000152587890625</ele>
        <time>2025-06-04T07:18:17.000Z</time>
        <extensions>
          <ns3:TrackPointExtension>
            <ns3:atemp>23.0</ns3:atemp>
            <ns3:hr>122</ns3:hr>
          </ns3:TrackPointExtension>
        </extensions>
      </trkpt>
      <trkpt lat="59.99310540966689586639404296875" lon="30.36575789563357830047607421875">
        <ele>32.40000152587890625</ele>
        <time>2025-06-04T07:18:18.000Z</time>
        <extensions>
          <ns3:TrackPointExtension>
            <ns3:atemp>23.0</ns3:atemp>
            <ns3:hr>122</ns3:hr>
          </ns3:TrackPointExtension>
        </extensions>
      </trkpt>
      <trkpt lat="59.99312032945454120635986328125" lon="30.365665443241596221923828125">
        <ele>32.799999237060546875</ele>
        <time>2025-06-04T07:18:19.000Z</time>
        <extensions>
          <ns3:TrackPointExtension>
            <ns3:atemp>23.0</ns3:atemp>
            <ns3:hr>120</ns3:hr>
          </ns3:TrackPointExtension>
        </extensions>
      </trkpt>
      <trkpt lat="59.99315343797206878662109375" lon="30.36547257564961910247802734375">
        <ele>33</ele>
        <time>2025-06-04T07:18:21.000Z</time>
        <extensions>
          <ns3:TrackPointExtension>
            <ns3:atemp>23.0</ns3:atemp>
            <ns3:hr>124</ns3:hr>
          </ns3:TrackPointExtension>
        </extensions>
      </trkpt>
      <trkpt lat="59.99327824451029300689697265625" lon="30.36473999731242656707763671875">
        <ele>31.3999996185302734375</ele>
        <time>2025-06-04T07:18:28.000Z</time>
        <extensions>
          <ns3:TrackPointExtension>
            <ns3:atemp>23.0</ns3:atemp>
            <ns3:hr>124</ns3:hr>
          </ns3:TrackPointExtension>
        </extensions>
      </trkpt>
      <trkpt lat="59.993371032178401947021484375" lon="30.3640921600162982940673828125">
        <ele>30.799999237060546875</ele>
        <time>2025-06-04T07:18:34.000Z</time>
        <extensions>
          <ns3:TrackPointExtension>
            <ns3:atemp>23.0</ns3:atemp>
            <ns3:hr>127</ns3:hr>
          </ns3:TrackPointExtension>
        </extensions>
      </trkpt>
      <trkpt lat="59.9934295378625392913818359375" lon="30.363669879734516143798828125">
        <ele>30.799999237060546875</ele>
        <time>2025-06-04T07:18:38.000Z</time>
        <extensions>
          <ns3:TrackPointExtension>
            <ns3:atemp>22.0</ns3:atemp>
            <ns3:hr>123</ns3:hr>
          </ns3:TrackPointExtension>
        </extensions>
      </trkpt>
      <trkpt lat="59.99354680068790912628173828125" lon="30.3628707490861415863037109375">
        <ele>30.799999237060546875</ele>
        <time>2025-06-04T07:18:46.000Z</time>
        <extensions>
          <ns3:TrackPointExtension>
            <ns3:atemp>22.0</ns3:atemp>
            <ns3:hr>119</ns3:hr>
          </ns3:TrackPointExtension>
        </extensions>
      </trkpt>
      <trkpt lat="59.99357982538640499114990234375" lon="30.362680815160274505615234375">
        <ele>30.799999237060546875</ele>
        <time>2025-06-04T07:18:48.000Z</time>
        <extensions>
          <ns3:TrackPointExtension>
            <ns3:atemp>22.0</ns3:atemp>
            <ns3:hr>121</ns3:hr>
          </ns3:TrackPointExtension>
        </extensions>
      </trkpt>
      <trkpt lat="59.99362274073064327239990234375" lon="30.3623909689486026763916015625">
        <ele>30.3999996185302734375</ele>
        <time>2025-06-04T07:18:51.000Z</time>
        <extensions>
          <ns3:TrackPointExtension>
            <ns3:atemp>22.0</ns3:atemp>
            <ns3:hr>118</ns3:hr>
          </ns3:TrackPointExtension>
        </extensions>
      </trkpt>
      <trkpt lat="59.99363623559474945068359375" lon="30.36229717545211315155029296875">
        <ele>30.200000762939453125</ele>
        <time>2025-06-04T07:18:52.000Z</time>
        <extensions>
          <ns3:TrackPointExtension>
            <ns3:atemp>22.0</ns3:atemp>
            <ns3:hr>121</ns3:hr>
          </ns3:TrackPointExtension>
        </extensions>
      </trkpt>
      <trkpt lat="59.99370236881077289581298828125" lon="30.3618444688618183135986328125">
        <ele>30</ele>
        <time>2025-06-04T07:18:57.000Z</time>
        <extensions>
          <ns3:TrackPointExtension>
            <ns3:atemp>22.0</ns3:atemp>
            <ns3:hr>128</ns3:hr>
          </ns3:TrackPointExtension>
        </extensions>
      </trkpt>
      <trkpt lat="59.99371410347521305084228515625" lon="30.3617499209940433502197265625">
        <ele>30</ele>
        <time>2025-06-04T07:18:58.000Z</time>
        <extensions>
          <ns3:TrackPointExtension>
            <ns3:atemp>22.0</ns3:atemp>
            <ns3:hr>134</ns3:hr>
          </ns3:TrackPointExtension>
        </extensions>
      </trkpt>
      <trkpt lat="59.9937267601490020751953125" lon="30.3616536967456340789794921875">
        <ele>30.200000762939453125</ele>
        <time>2025-06-04T07:18:59.000Z</time>
        <extensions>
          <ns3:TrackPointExtension>
            <ns3:atemp>22.0</ns3:atemp>
            <ns3:hr>143</ns3:hr>
          </ns3:TrackPointExtension>
        </extensions>
      </trkpt>
      <trkpt lat="59.9937849305570125579833984375" lon="30.361256562173366546630859375">
        <ele>29.799999237060546875</ele>
        <time>2025-06-04T07:19:03.000Z</time>
        <extensions>
          <ns3:TrackPointExtension>
            <ns3:atemp>22.0</ns3:atemp>
            <ns3:hr>146</ns3:hr>
          </ns3:TrackPointExtension>
        </extensions>
      </trkpt>
      <trkpt lat="59.993803203105926513671875" lon="30.36115162074565887451171875">
        <ele>29.6000003814697265625</ele>
        <time>2025-06-04T07:19:04.000Z</time>
        <extensions>
          <ns3:TrackPointExtension>
            <ns3:atemp>22.0</ns3:atemp>
            <ns3:hr>145</ns3:hr>
          </ns3:TrackPointExtension>
        </extensions>
      </trkpt>
      <trkpt lat="59.993888027966022491455078125" lon="30.36052532494068145751953125">
        <ele>29</ele>
        <time>2025-06-04T07:19:10.000Z</time>
        <extensions>
          <ns3:TrackPointExtension>
            <ns3:atemp>22.0</ns3:atemp>
            <ns3:hr>143</ns3:hr>
          </ns3:TrackPointExtension>
        </extensions>
      </trkpt>
      <trkpt lat="59.993903450667858123779296875" lon="30.36042264662683010101318359375">
        <ele>29</ele>
        <time>2025-06-04T07:19:11.000Z</time>
        <extensions>
          <ns3:TrackPointExtension>
            <ns3:atemp>22.0</ns3:atemp>
            <ns3:hr>144</ns3:hr>
          </ns3:TrackPointExtension>
        </extensions>
      </trkpt>
      <trkpt lat="59.99392650090157985687255859375" lon="30.3602572716772556304931640625">
        <ele>29</ele>
        <time>2025-06-04T07:19:13.000Z</time>
        <extensions>
          <ns3:TrackPointExtension>
            <ns3:atemp>22.0</ns3:atemp>
            <ns3:hr>141</ns3:hr>
          </ns3:TrackPointExtension>
        </extensions>
      </trkpt>
      <trkpt lat="59.99394158832728862762451171875" lon="30.360156856477260589599609375">
        <ele>29.200000762939453125</ele>
        <time>2025-06-04T07:19:15.000Z</time>
        <extensions>
          <ns3:TrackPointExtension>
            <ns3:atemp>22.0</ns3:atemp>
            <ns3:hr>142</ns3:hr>
          </ns3:TrackPointExtension>
        </extensions>
      </trkpt>
      <trkpt lat="59.9939461983740329742431640625" lon="30.360082425177097320556640625">
        <ele>29.6000003814697265625</ele>
        <time>2025-06-04T07:19:19.000Z</time>
        <extensions>
          <ns3:TrackPointExtension>
            <ns3:atemp>22.0</ns3:atemp>
            <ns3:hr>140</ns3:hr>
          </ns3:TrackPointExtension>
        </extensions>
      </trkpt>
      <trkpt lat="59.99394997023046016693115234375" lon="30.360072366893291473388671875">
        <ele>29.3999996185302734375</ele>
        <time>2025-06-04T07:19:27.000Z</time>
        <extensions>
          <ns3:TrackPointExtension>
            <ns3:atemp>22.0</ns3:atemp>
            <ns3:hr>138</ns3:hr>
          </ns3:TrackPointExtension>
        </extensions>
      </trkpt>
      <trkpt lat="59.9939493834972381591796875" lon="30.3600728698074817657470703125">
        <ele>29.3999996185302734375</ele>
        <time>2025-06-04T07:19:29.000Z</time>
        <extensions>
          <ns3:TrackPointExtension>
            <ns3:atemp>22.0</ns3:atemp>
            <ns3:hr>135</ns3:hr>
          </ns3:TrackPointExtension>
        </extensions>
      </trkpt>
      <trkpt lat="59.99394544400274753570556640625" lon="30.360062308609485626220703125">
        <ele>29.3999996185302734375</ele>
        <time>2025-06-04T07:19:31.000Z</time>
        <extensions>
          <ns3:TrackPointExtension>
            <ns3:atemp>22.0</ns3:atemp>
            <ns3:hr>135</ns3:hr>
          </ns3:TrackPointExtension>
        </extensions>
      </trkpt>
      <trkpt lat="59.993921220302581787109375" lon="30.35999919287860393524169921875">
        <ele>29.3999996185302734375</ele>
        <time>2025-06-04T07:19:33.000Z</time>
        <extensions>
          <ns3:TrackPointExtension>
            <ns3:atemp>22.0</ns3:atemp>
            <ns3:hr>134</ns3:hr>
          </ns3:TrackPointExtension>
        </extensions>
      </trkpt>
      <trkpt lat="59.99384276568889617919921875" lon="30.359801463782787322998046875">
        <ele>29.200000762939453125</ele>
        <time>2025-06-04T07:19:37.000Z</time>
        <extensions>
          <ns3:TrackPointExtension>
            <ns3:atemp>22.0</ns3:atemp>
            <ns3:hr>133</ns3:hr>
          </ns3:TrackPointExtension>
        </extensions>
      </trkpt>
      <trkpt lat="59.99381854198873043060302734375" lon="30.35957355983555316925048828125">
        <ele>29</ele>
        <time>2025-06-04T07:19:40.000Z</time>
        <extensions>
          <ns3:TrackPointExtension>
            <ns3:atemp>22.0</ns3:atemp>
            <ns3:hr>133</ns3:hr>
          </ns3:TrackPointExtension>
        </extensions>
      </trkpt>
      <trkpt lat="59.993794821202754974365234375" lon="30.35949309356510639190673828125">
        <ele>28.799999237060546875</ele>
        <time>2025-06-04T07:19:41.000Z</time>
        <extensions>
          <ns3:TrackPointExtension>
            <ns3:atemp>22.0</ns3:atemp>
            <ns3:hr>136</ns3:hr>
          </ns3:TrackPointExtension>
        </extensions>
      </trkpt>
      <trkpt lat="59.99376607127487659454345703125" lon="30.3594180755317211151123046875">
        <ele>28.799999237060546875</ele>
        <time>2025-06-04T07:19:42.000Z</time>
        <extensions>
          <ns3:TrackPointExtension>
            <ns3:atemp>22.0</ns3:atemp>
            <ns3:hr>136</ns3:hr>
          </ns3:TrackPointExtension>
        </extensions>
      </trkpt>
      <trkpt lat="59.99370119534432888031005859375" lon="30.35928186960518360137939453125">
        <ele>28.799999237060546875</ele>
        <time>2025-06-04T07:19:44.000Z</time>
        <extensions>
          <ns3:TrackPointExtension>
            <ns3:atemp>22.0</ns3:atemp>
            <ns3:hr>139</ns3:hr>
          </ns3:TrackPointExtension>
        </extensions>
      </trkpt>
      <trkpt lat="59.993606396019458770751953125" lon="30.35908523015677928924560546875">
        <ele>29</ele>
        <time>2025-06-04T07:19:47.000Z</time>
        <extensions>
          <ns3:TrackPointExtension>
            <ns3:atemp>22.0</ns3:atemp>
            <ns3:hr>139</ns3:hr>
          </ns3:TrackPointExtension>
        </extensions>
      </trkpt>
      <trkpt lat="59.9933909811079502105712890625" lon="30.35842289216816425323486328125">
        <ele>29.200000762939453125</ele>
        <time>2025-06-04T07:19:55.000Z</time>
        <extensions>
          <ns3:TrackPointExtension>
            <ns3:atemp>22.0</ns3:atemp>
            <ns3:hr>141</ns3:hr>
          </ns3:TrackPointExtension>
        </extensions>
      </trkpt>
      <trkpt lat="59.9933608062565326690673828125" lon="30.3583394922316074371337890625">
        <ele>29</ele>
        <time>2025-06-04T07:19:56.000Z</time>
        <extensions>
          <ns3:TrackPointExtension>
            <ns3:atemp>22.0</ns3:atemp>
            <ns3:hr>141</ns3:hr>
          </ns3:TrackPointExtension>
        </extensions>
      </trkpt>
      <trkpt lat="59.993223845958709716796875" lon="30.3580182977020740509033203125">
        <ele>28.6000003814697265625</ele>
        <time>2025-06-04T07:20:00.000Z</time>
        <extensions>
          <ns3:TrackPointExtension>
            <ns3:atemp>22.0</ns3:atemp>
            <ns3:hr>141</ns3:hr>
          </ns3:TrackPointExtension>
        </extensions>
      </trkpt>
      <trkpt lat="59.992903657257556915283203125" lon="30.3572076000273227691650390625">
        <ele>28.799999237060546875</ele>
        <time>2025-06-04T07:20:10.000Z</time>
        <extensions>
          <ns3:TrackPointExtension>
            <ns3:atemp>22.0</ns3:atemp>
            <ns3:hr>140</ns3:hr>
          </ns3:TrackPointExtension>
        </extensions>
      </trkpt>
      <trkpt lat="59.99271045438945293426513671875" lon="30.35675070248544216156005859375">
        <ele>29.6000003814697265625</ele>
        <time>2025-06-04T07:20:17.000Z</time>
        <extensions>
          <ns3:TrackPointExtension>
            <ns3:atemp>22.0</ns3:atemp>
            <ns3:hr>141</ns3:hr>
          </ns3:TrackPointExtension>
        </extensions>
      </trkpt>
      <trkpt lat="59.9925678782165050506591796875" lon="30.35642959177494049072265625">
        <ele>29.6000003814697265625</ele>
        <time>2025-06-04T07:20:23.000Z</time>
        <extensions>
          <ns3:TrackPointExtension>
            <ns3:atemp>22.0</ns3:atemp>
            <ns3:hr>138</ns3:hr>
          </ns3:TrackPointExtension>
        </extensions>
      </trkpt>
      <trkpt lat="59.99251213856041431427001953125" lon="30.3563120774924755096435546875">
        <ele>29.200000762939453125</ele>
        <time>2025-06-04T07:20:25.000Z</time>
        <extensions>
          <ns3:TrackPointExtension>
            <ns3:atemp>22.0</ns3:atemp>
            <ns3:hr>135</ns3:hr>
          </ns3:TrackPointExtension>
        </extensions>
      </trkpt>
      <trkpt lat="59.9924579076468944549560546875" lon="30.356185846030712127685546875">
        <ele>28.6000003814697265625</ele>
        <time>2025-06-04T07:20:27.000Z</time>
        <extensions>
          <ns3:TrackPointExtension>
            <ns3:atemp>22.0</ns3:atemp>
            <ns3:hr>134</ns3:hr>
          </ns3:TrackPointExtension>
        </extensions>
      </trkpt>
      <trkpt lat="59.99236746691167354583740234375" lon="30.35599918104708194732666015625">
        <ele>28</ele>
        <time>2025-06-04T07:20:30.000Z</time>
        <extensions>
          <ns3:TrackPointExtension>
            <ns3:atemp>22.0</ns3:atemp>
            <ns3:hr>134</ns3:hr>
          </ns3:TrackPointExtension>
        </extensions>
      </trkpt>
      <trkpt lat="59.9923070333898067474365234375" lon="30.35586389712989330291748046875">
        <ele>27.799999237060546875</ele>
        <time>2025-06-04T07:20:32.000Z</time>
        <extensions>
          <ns3:TrackPointExtension>
            <ns3:atemp>22.0</ns3:atemp>
            <ns3:hr>135</ns3:hr>
          </ns3:TrackPointExtension>
        </extensions>
      </trkpt>
      <trkpt lat="59.992190189659595489501953125" lon="30.3555892221629619598388671875">
        <ele>27.6000003814697265625</ele>
        <time>2025-06-04T07:20:36.000Z</time>
        <extensions>
          <ns3:TrackPointExtension>
            <ns3:atemp>22.0</ns3:atemp>
            <ns3:hr>140</ns3:hr>
          </ns3:TrackPointExtension>
        </extensions>
      </trkpt>
      <trkpt lat="59.9921098910272121429443359375" lon="30.35536768846213817596435546875">
        <ele>27.200000762939453125</ele>
        <time>2025-06-04T07:20:39.000Z</time>
        <extensions>
          <ns3:TrackPointExtension>
            <ns3:atemp>22.0</ns3:atemp>
            <ns3:hr>142</ns3:hr>
          </ns3:TrackPointExtension>
        </extensions>
      </trkpt>
      <trkpt lat="59.991995729506015777587890625" lon="30.355098545551300048828125">
        <ele>27</ele>
        <time>2025-06-04T07:20:43.000Z</time>
        <extensions>
          <ns3:TrackPointExtension>
            <ns3:atemp>22.0</ns3:atemp>
            <ns3:hr>145</ns3:hr>
          </ns3:TrackPointExtension>
        </extensions>
      </trkpt>
      <trkpt lat="59.99191023409366607666015625" lon="30.35489813424646854400634765625">
        <ele>28</ele>
        <time>2025-06-04T07:20:46.000Z</time>
        <extensions>
          <ns3:TrackPointExtension>
            <ns3:atemp>22.0</ns3:atemp>
            <ns3:hr>142</ns3:hr>
          </ns3:TrackPointExtension>
        </extensions>
      </trkpt>
      <trkpt lat="59.9918839149177074432373046875" lon="30.35483158193528652191162109375">
        <ele>28</ele>
        <time>2025-06-04T07:20:47.000Z</time>
        <extensions>
          <ns3:TrackPointExtension>
            <ns3:atemp>22.0</ns3:atemp>
            <ns3:hr>142</ns3:hr>
          </ns3:TrackPointExtension>
        </extensions>
      </trkpt>
      <trkpt lat="59.99178660102188587188720703125" lon="30.35454827360808849334716796875">
        <ele>27.6000003814697265625</ele>
        <time>2025-06-04T07:20:51.000Z</time>
        <extensions>
          <ns3:TrackPointExtension>
            <ns3:atemp>22.0</ns3:atemp>
            <ns3:hr>139</ns3:hr>
          </ns3:TrackPointExtension>
        </extensions>
      </trkpt>
      <trkpt lat="59.99173228628933429718017578125" lon="30.35441332496702671051025390625">
        <ele>27.200000762939453125</ele>
        <time>2025-06-04T07:20:53.000Z</time>
        <extensions>
          <ns3:TrackPointExtension>
            <ns3:atemp>22.0</ns3:atemp>
            <ns3:hr>139</ns3:hr>
          </ns3:TrackPointExtension>
        </extensions>
      </trkpt>
      <trkpt lat="59.99170345254242420196533203125" lon="30.35434895195066928863525390625">
        <ele>26.799999237060546875</ele>
        <time>2025-06-04T07:20:54.000Z</time>
        <extensions>
          <ns3:TrackPointExtension>
            <ns3:atemp>22.0</ns3:atemp>
            <ns3:hr>138</ns3:hr>
          </ns3:TrackPointExtension>
        </extensions>
      </trkpt>
      <trkpt lat="59.9914946593344211578369140625" lon="30.35389096476137638092041015625">
        <ele>26.799999237060546875</ele>
        <time>2025-06-04T07:21:01.000Z</time>
        <extensions>
          <ns3:TrackPointExtension>
            <ns3:atemp>22.0</ns3:atemp>
            <ns3:hr>139</ns3:hr>
          </ns3:TrackPointExtension>
        </extensions>
      </trkpt>
      <trkpt lat="59.99131000600755214691162109375" lon="30.353399701416492462158203125">
        <ele>27.3999996185302734375</ele>
        <time>2025-06-04T07:21:08.000Z</time>
        <extensions>
          <ns3:TrackPointExtension>
            <ns3:atemp>22.0</ns3:atemp>
            <ns3:hr>140</ns3:hr>
          </ns3:TrackPointExtension>
        </extensions>
      </trkpt>
      <trkpt lat="59.9912321381270885467529296875" lon="30.3532496653497219085693359375">
        <ele>28</ele>
        <time>2025-06-04T07:21:11.000Z</time>
        <extensions>
          <ns3:TrackPointExtension>
            <ns3:atemp>22.0</ns3:atemp>
            <ns3:hr>139</ns3:hr>
          </ns3:TrackPointExtension>
        </extensions>
      </trkpt>
      <trkpt lat="59.99116726219654083251953125" lon="30.3531457297503948211669921875">
        <ele>28.200000762939453125</ele>
        <time>2025-06-04T07:21:14.000Z</time>
        <extensions>
          <ns3:TrackPointExtension>
            <ns3:atemp>22.0</ns3:atemp>
            <ns3:hr>137</ns3:hr>
          </ns3:TrackPointExtension>
        </extensions>
      </trkpt>
      <trkpt lat="59.991087801754474639892578125" lon="30.35289402119815349578857421875">
        <ele>28.3999996185302734375</ele>
        <time>2025-06-04T07:21:19.000Z</time>
        <extensions>
          <ns3:TrackPointExtension>
            <ns3:atemp>22.0</ns3:atemp>
            <ns3:hr>135</ns3:hr>
          </ns3:TrackPointExtension>
        </extensions>
      </trkpt>
      <trkpt lat="59.9910685233771800994873046875" lon="30.35282864235341548919677734375">
        <ele>28.3999996185302734375</ele>
        <time>2025-06-04T07:21:20.000Z</time>
        <extensions>
          <ns3:TrackPointExtension>
            <ns3:atemp>22.0</ns3:atemp>
            <ns3:hr>135</ns3:hr>
          </ns3:TrackPointExtension>
        </extensions>
      </trkpt>
      <trkpt lat="59.99104010872542858123779296875" lon="30.352663435041904449462890625">
        <ele>27.799999237060546875</ele>
        <time>2025-06-04T07:21:22.000Z</time>
        <extensions>
          <ns3:TrackPointExtension>
            <ns3:atemp>22.0</ns3:atemp>
            <ns3:hr>134</ns3:hr>
          </ns3:TrackPointExtension>
        </extensions>
      </trkpt>
      <trkpt lat="59.9910323135554790496826171875" lon="30.35256226547062397003173828125">
        <ele>27.799999237060546875</ele>
        <time>2025-06-04T07:21:23.000Z</time>
        <extensions>
          <ns3:TrackPointExtension>
            <ns3:atemp>22.0</ns3:atemp>
            <ns3:hr>133</ns3:hr>
          </ns3:TrackPointExtension>
        </extensions>
      </trkpt>
      <trkpt lat="59.99103658832609653472900390625" lon="30.35245967097580432891845703125">
        <ele>27.6000003814697265625</ele>
        <time>2025-06-04T07:21:24.000Z</time>
        <extensions>
          <ns3:TrackPointExtension>
            <ns3:atemp>22.0</ns3:atemp>
            <ns3:hr>133</ns3:hr>
          </ns3:TrackPointExtension>
        </extensions>
      </trkpt>
      <trkpt lat="59.9910732172429561614990234375" lon="30.35227593965828418731689453125">
        <ele>27.3999996185302734375</ele>
        <time>2025-06-04T07:21:26.000Z</time>
        <extensions>
          <ns3:TrackPointExtension>
            <ns3:atemp>22.0</ns3:atemp>
            <ns3:hr>132</ns3:hr>
          </ns3:TrackPointExtension>
        </extensions>
      </trkpt>
      <trkpt lat="59.99109224416315555572509765625" lon="30.3521985746920108795166015625">
        <ele>26.6000003814697265625</ele>
        <time>2025-06-04T07:21:27.000Z</time>
        <extensions>
          <ns3:TrackPointExtension>
            <ns3:atemp>22.0</ns3:atemp>
            <ns3:hr>132</ns3:hr>
          </ns3:TrackPointExtension>
        </extensions>
      </trkpt>
      <trkpt lat="59.9911540187895298004150390625" lon="30.35206337459385395050048828125">
        <ele>26.200000762939453125</ele>
        <time>2025-06-04T07:21:30.000Z</time>
        <extensions>
          <ns3:TrackPointExtension>
            <ns3:atemp>22.0</ns3:atemp>
            <ns3:hr>131</ns3:hr>
          </ns3:TrackPointExtension>
        </extensions>
      </trkpt>
      <trkpt lat="59.9911841936409473419189453125" lon="30.3520158492028713226318359375">
        <ele>26.6000003814697265625</ele>
        <time>2025-06-04T07:21:34.000Z</time>
        <extensions>
          <ns3:TrackPointExtension>
            <ns3:atemp>22.0</ns3:atemp>
            <ns3:hr>128</ns3:hr>
          </ns3:TrackPointExtension>
        </extensions>
      </trkpt>
      <trkpt lat="59.99118712730705738067626953125" lon="30.35201190970838069915771484375">
        <ele>26.6000003814697265625</ele>
        <time>2025-06-04T07:21:35.000Z</time>
        <extensions>
          <ns3:TrackPointExtension>
            <ns3:atemp>22.0</ns3:atemp>
            <ns3:hr>130</ns3:hr>
          </ns3:TrackPointExtension>
        </extensions>
      </trkpt>
      <trkpt lat="59.99121210537850856781005859375" lon="30.35199514590203762054443359375">
        <ele>25.799999237060546875</ele>
        <time>2025-06-04T07:21:39.000Z</time>
        <extensions>
          <ns3:TrackPointExtension>
            <ns3:atemp>22.0</ns3:atemp>
            <ns3:hr>129</ns3:hr>
          </ns3:TrackPointExtension>
        </extensions>
      </trkpt>
      <trkpt lat="59.99122300185263156890869140625" lon="30.3519910387694835662841796875">
        <ele>25.200000762939453125</ele>
        <time>2025-06-04T07:21:40.000Z</time>
        <extensions>
          <ns3:TrackPointExtension>
            <ns3:atemp>22.0</ns3:atemp>
            <ns3:hr>130</ns3:hr>
          </ns3:TrackPointExtension>
        </extensions>
      </trkpt>
      <trkpt lat="59.99123322777450084686279296875" lon="30.35198056139051914215087890625">
        <ele>24.799999237060546875</ele>
        <time>2025-06-04T07:21:41.000Z</time>
        <extensions>
          <ns3:TrackPointExtension>
            <ns3:atemp>22.0</ns3:atemp>
            <ns3:hr>129</ns3:hr>
          </ns3:TrackPointExtension>
        </extensions>
      </trkpt>
      <trkpt lat="59.99127329327166080474853515625" lon="30.35181594081223011016845703125">
        <ele>24.3999996185302734375</ele>
        <time>2025-06-04T07:21:45.000Z</time>
        <extensions>
          <ns3:TrackPointExtension>
            <ns3:atemp>22.0</ns3:atemp>
            <ns3:hr>129</ns3:hr>
          </ns3:TrackPointExtension>
        </extensions>
      </trkpt>
      <trkpt lat="59.9913008697330951690673828125" lon="30.3517157770693302154541015625">
        <ele>24.200000762939453125</ele>
        <time>2025-06-04T07:21:47.000Z</time>
        <extensions>
          <ns3:TrackPointExtension>
            <ns3:atemp>22.0</ns3:atemp>
            <ns3:hr>132</ns3:hr>
          </ns3:TrackPointExtension>
        </extensions>
      </trkpt>
      <trkpt lat="59.9913592077791690826416015625" lon="30.351537577807903289794921875">
        <ele>24</ele>
        <time>2025-06-04T07:21:50.000Z</time>
        <extensions>
          <ns3:TrackPointExtension>
            <ns3:atemp>22.0</ns3:atemp>
            <ns3:hr>132</ns3:hr>
          </ns3:TrackPointExtension>
        </extensions>
      </trkpt>
      <trkpt lat="59.99144746921956539154052734375" lon="30.3512923233211040496826171875">
        <ele>23.200000762939453125</ele>
        <time>2025-06-04T07:21:54.000Z</time>
        <extensions>
          <ns3:TrackPointExtension>
            <ns3:atemp>22.0</ns3:atemp>
            <ns3:hr>129</ns3:hr>
          </ns3:TrackPointExtension>
        </extensions>
      </trkpt>
      <trkpt lat="59.99146657995879650115966796875" lon="30.3512390144169330596923828125">
        <ele>23</ele>
        <time>2025-06-04T07:21:55.000Z</time>
        <extensions>
          <ns3:TrackPointExtension>
            <ns3:atemp>22.0</ns3:atemp>
            <ns3:hr>129</ns3:hr>
          </ns3:TrackPointExtension>
        </extensions>
      </trkpt>
      <trkpt lat="59.99158292077481746673583984375" lon="30.3509402833878993988037109375">
        <ele>22</ele>
        <time>2025-06-04T07:22:01.000Z</time>
        <extensions>
          <ns3:TrackPointExtension>
            <ns3:atemp>22.0</ns3:atemp>
            <ns3:hr>132</ns3:hr>
          </ns3:TrackPointExtension>
        </extensions>
      </trkpt>
      <trkpt lat="59.99159130267798900604248046875" lon="30.3508541174232959747314453125">
        <ele>21.799999237060546875</ele>
        <time>2025-06-04T07:22:02.000Z</time>
        <extensions>
          <ns3:TrackPointExtension>
            <ns3:atemp>22.0</ns3:atemp>
            <ns3:hr>131</ns3:hr>
          </ns3:TrackPointExtension>
        </extensions>
      </trkpt>
      <trkpt lat="59.99173731543123722076416015625" lon="30.350480116903781890869140625">
        <ele>22.3999996185302734375</ele>
        <time>2025-06-04T07:22:08.000Z</time>
        <extensions>
          <ns3:TrackPointExtension>
            <ns3:atemp>22.0</ns3:atemp>
            <ns3:hr>132</ns3:hr>
          </ns3:TrackPointExtension>
        </extensions>
      </trkpt>
      <trkpt lat="59.99181090854108333587646484375" lon="30.3502918593585491180419921875">
        <ele>22.799999237060546875</ele>
        <time>2025-06-04T07:22:11.000Z</time>
        <extensions>
          <ns3:TrackPointExtension>
            <ns3:atemp>22.0</ns3:atemp>
            <ns3:hr>137</ns3:hr>
          </ns3:TrackPointExtension>
        </extensions>
      </trkpt>
      <trkpt lat="59.99185868538916110992431640625" lon="30.3501520492136478424072265625">
        <ele>23</ele>
        <time>2025-06-04T07:22:13.000Z</time>
        <extensions>
          <ns3:TrackPointExtension>
            <ns3:atemp>22.0</ns3:atemp>
            <ns3:hr>141</ns3:hr>
          </ns3:TrackPointExtension>
        </extensions>
      </trkpt>
      <trkpt lat="59.9919140897691249847412109375" lon="30.34993303008377552032470703125">
        <ele>23.799999237060546875</ele>
        <time>2025-06-04T07:22:17.000Z</time>
        <extensions>
          <ns3:TrackPointExtension>
            <ns3:atemp>22.0</ns3:atemp>
            <ns3:hr>141</ns3:hr>
          </ns3:TrackPointExtension>
        </extensions>
      </trkpt>
      <trkpt lat="59.9919177778065204620361328125" lon="30.3498534858226776123046875">
        <ele>24.200000762939453125</ele>
        <time>2025-06-04T07:22:18.000Z</time>
        <extensions>
          <ns3:TrackPointExtension>
            <ns3:atemp>22.0</ns3:atemp>
            <ns3:hr>141</ns3:hr>
          </ns3:TrackPointExtension>
        </extensions>
      </trkpt>
      <trkpt lat="59.991924650967121124267578125" lon="30.34973052330315113067626953125">
        <ele>24.6000003814697265625</ele>
        <time>2025-06-04T07:22:22.000Z</time>
        <extensions>
          <ns3:TrackPointExtension>
            <ns3:atemp>22.0</ns3:atemp>
            <ns3:hr>140</ns3:hr>
          </ns3:TrackPointExtension>
        </extensions>
      </trkpt>
      <trkpt lat="59.99197904951870441436767578125" lon="30.34951485693454742431640625">
        <ele>24.3999996185302734375</ele>
        <time>2025-06-04T07:22:27.000Z</time>
        <extensions>
          <ns3:TrackPointExtension>
            <ns3:atemp>22.0</ns3:atemp>
            <ns3:hr>138</ns3:hr>
          </ns3:TrackPointExtension>
        </extensions>
      </trkpt>
      <trkpt lat="59.9919090606272220611572265625" lon="30.34932031296193599700927734375">
        <ele>24</ele>
        <time>2025-06-04T07:22:31.000Z</time>
        <extensions>
          <ns3:TrackPointExtension>
            <ns3:atemp>22.0</ns3:atemp>
            <ns3:hr>138</ns3:hr>
          </ns3:TrackPointExtension>
        </extensions>
      </trkpt>
      <trkpt lat="59.991811998188495635986328125" lon="30.3491690196096897125244140625">
        <ele>23.799999237060546875</ele>
        <time>2025-06-04T07:22:34.000Z</time>
        <extensions>
          <ns3:TrackPointExtension>
            <ns3:atemp>22.0</ns3:atemp>
            <ns3:hr>135</ns3:hr>
          </ns3:TrackPointExtension>
        </extensions>
      </trkpt>
      <trkpt lat="59.99169297516345977783203125" lon="30.349006243050098419189453125">
        <ele>23.3999996185302734375</ele>
        <time>2025-06-04T07:22:37.000Z</time>
        <extensions>
          <ns3:TrackPointExtension>
            <ns3:atemp>22.0</ns3:atemp>
            <ns3:hr>134</ns3:hr>
          </ns3:TrackPointExtension>
        </extensions>
      </trkpt>
      <trkpt lat="59.99164612032473087310791015625" lon="30.34894497133791446685791015625">
        <ele>23.200000762939453125</ele>
        <time>2025-06-04T07:22:38.000Z</time>
        <extensions>
          <ns3:TrackPointExtension>
            <ns3:atemp>22.0</ns3:atemp>
            <ns3:hr>132</ns3:hr>
          </ns3:TrackPointExtension>
        </extensions>
      </trkpt>
      <trkpt lat="59.99156431294977664947509765625" lon="30.3488409519195556640625">
        <ele>23</ele>
        <time>2025-06-04T07:22:40.000Z</time>
        <extensions>
          <ns3:TrackPointExtension>
            <ns3:atemp>22.0</ns3:atemp>
            <ns3:hr>136</ns3:hr>
          </ns3:TrackPointExtension>
        </extensions>
      </trkpt>
      <trkpt lat="59.99138494022190570831298828125" lon="30.34861070103943347930908203125">
        <ele>22</ele>
        <time>2025-06-04T07:22:44.000Z</time>
        <extensions>
          <ns3:TrackPointExtension>
            <ns3:atemp>22.0</ns3:atemp>
            <ns3:hr>135</ns3:hr>
          </ns3:TrackPointExtension>
        </extensions>
      </trkpt>
      <trkpt lat="59.9912918172776699066162109375" lon="30.34849561750888824462890625">
        <ele>21.6000003814697265625</ele>
        <time>2025-06-04T07:22:46.000Z</time>
        <extensions>
          <ns3:TrackPointExtension>
            <ns3:atemp>22.0</ns3:atemp>
            <ns3:hr>139</ns3:hr>
          </ns3:TrackPointExtension>
        </extensions>
      </trkpt>
      <trkpt lat="59.991104900836944580078125" lon="30.34824508242309093475341796875">
        <ele>21</ele>
        <time>2025-06-04T07:22:50.000Z</time>
        <extensions>
          <ns3:TrackPointExtension>
            <ns3:atemp>22.0</ns3:atemp>
            <ns3:hr>139</ns3:hr>
          </ns3:TrackPointExtension>
        </extensions>
      </trkpt>
      <trkpt lat="59.991003982722759246826171875" lon="30.348119437694549560546875">
        <ele>21</ele>
        <time>2025-06-04T07:22:52.000Z</time>
        <extensions>
          <ns3:TrackPointExtension>
            <ns3:atemp>22.0</ns3:atemp>
            <ns3:hr>139</ns3:hr>
          </ns3:TrackPointExtension>
        </extensions>
      </trkpt>
      <trkpt lat="59.9908039905130863189697265625" lon="30.34783738665282726287841796875">
        <ele>20.3999996185302734375</ele>
        <time>2025-06-04T07:22:56.000Z</time>
        <extensions>
          <ns3:TrackPointExtension>
            <ns3:atemp>22.0</ns3:atemp>
            <ns3:hr>138</ns3:hr>
          </ns3:TrackPointExtension>
        </extensions>
      </trkpt>
      <trkpt lat="59.99055865220725536346435546875" lon="30.34748601727187633514404296875">
        <ele>19.6000003814697265625</ele>
        <time>2025-06-04T07:23:01.000Z</time>
        <extensions>
          <ns3:TrackPointExtension>
            <ns3:atemp>22.0</ns3:atemp>
            <ns3:hr>136</ns3:hr>
          </ns3:TrackPointExtension>
        </extensions>
      </trkpt>
      <trkpt lat="59.99040308408439159393310546875" lon="30.347296334803104400634765625">
        <ele>18.6000003814697265625</ele>
        <time>2025-06-04T07:23:04.000Z</time>
        <extensions>
          <ns3:TrackPointExtension>
            <ns3:atemp>22.0</ns3:atemp>
            <ns3:hr>136</ns3:hr>
          </ns3:TrackPointExtension>
        </extensions>
      </trkpt>
      <trkpt lat="59.990167133510112762451171875" lon="30.34692359156906604766845703125">
        <ele>17.6000003814697265625</ele>
        <time>2025-06-04T07:23:10.000Z</time>
        <extensions>
          <ns3:TrackPointExtension>
            <ns3:atemp>22.0</ns3:atemp>
            <ns3:hr>133</ns3:hr>
          </ns3:TrackPointExtension>
        </extensions>
      </trkpt>
      <trkpt lat="59.9900704063475131988525390625" lon="30.34687019884586334228515625">
        <ele>17.799999237060546875</ele>
        <time>2025-06-04T07:23:14.000Z</time>
        <extensions>
          <ns3:TrackPointExtension>
            <ns3:atemp>22.0</ns3:atemp>
            <ns3:hr>133</ns3:hr>
          </ns3:TrackPointExtension>
        </extensions>
      </trkpt>
      <trkpt lat="59.99004651792347431182861328125" lon="30.3468854539096355438232421875">
        <ele>17.799999237060546875</ele>
        <time>2025-06-04T07:23:16.000Z</time>
        <extensions>
          <ns3:TrackPointExtension>
            <ns3:atemp>22.0</ns3:atemp>
            <ns3:hr>133</ns3:hr>
          </ns3:TrackPointExtension>
        </extensions>
      </trkpt>
      <trkpt lat="59.98999672941863536834716796875" lon="30.34681797958910465240478515625">
        <ele>17.799999237060546875</ele>
        <time>2025-06-04T07:23:19.000Z</time>
        <extensions>
          <ns3:TrackPointExtension>
            <ns3:atemp>22.0</ns3:atemp>
            <ns3:hr>132</ns3:hr>
          </ns3:TrackPointExtension>
        </extensions>
      </trkpt>
      <trkpt lat="59.98991274274885654449462890625" lon="30.346696190536022186279296875">
        <ele>17.6000003814697265625</ele>
        <time>2025-06-04T07:23:23.000Z</time>
        <extensions>
          <ns3:TrackPointExtension>
            <ns3:atemp>22.0</ns3:atemp>
            <ns3:hr>131</ns3:hr>
          </ns3:TrackPointExtension>
        </extensions>
      </trkpt>
      <trkpt lat="59.98990972526371479034423828125" lon="30.34665101207792758941650390625">
        <ele>17.6000003814697265625</ele>
        <time>2025-06-04T07:23:24.000Z</time>
        <extensions>
          <ns3:TrackPointExtension>
            <ns3:atemp>22.0</ns3:atemp>
            <ns3:hr>131</ns3:hr>
          </ns3:TrackPointExtension>
        </extensions>
      </trkpt>
      <trkpt lat="59.98988659121096134185791015625" lon="30.34637457691133022308349609375">
        <ele>17.6000003814697265625</ele>
        <time>2025-06-04T07:23:28.000Z</time>
        <extensions>
          <ns3:TrackPointExtension>
            <ns3:atemp>22.0</ns3:atemp>
            <ns3:hr>134</ns3:hr>
          </ns3:TrackPointExtension>
        </extensions>
      </trkpt>
      <trkpt lat="59.98988189734518527984619140625" lon="30.3462859801948070526123046875">
        <ele>17.6000003814697265625</ele>
        <time>2025-06-04T07:23:29.000Z</time>
        <extensions>
          <ns3:TrackPointExtension>
            <ns3:atemp>22.0</ns3:atemp>
            <ns3:hr>135</ns3:hr>
          </ns3:TrackPointExtension>
        </extensions>
      </trkpt>
      <trkpt lat="59.98983579687774181365966796875" lon="30.34581282176077365875244140625">
        <ele>16.799999237060546875</ele>
        <time>2025-06-04T07:23:34.000Z</time>
        <extensions>
          <ns3:TrackPointExtension>
            <ns3:atemp>22.0</ns3:atemp>
            <ns3:hr>134</ns3:hr>
          </ns3:TrackPointExtension>
        </extensions>
      </trkpt>
      <trkpt lat="59.989731609821319580078125" lon="30.34512198530137538909912109375">
        <ele>17</ele>
        <time>2025-06-04T07:23:42.000Z</time>
        <extensions>
          <ns3:TrackPointExtension>
            <ns3:atemp>22.0</ns3:atemp>
            <ns3:hr>135</ns3:hr>
          </ns3:TrackPointExtension>
        </extensions>
      </trkpt>
      <trkpt lat="59.98971962369978427886962890625" lon="30.34504503943026065826416015625">
        <ele>17</ele>
        <time>2025-06-04T07:23:43.000Z</time>
        <extensions>
          <ns3:TrackPointExtension>
            <ns3:atemp>22.0</ns3:atemp>
            <ns3:hr>132</ns3:hr>
          </ns3:TrackPointExtension>
        </extensions>
      </trkpt>
      <trkpt lat="59.98965256847441196441650390625" lon="30.34463382326066493988037109375">
        <ele>16.799999237060546875</ele>
        <time>2025-06-04T07:23:48.000Z</time>
        <extensions>
          <ns3:TrackPointExtension>
            <ns3:atemp>21.0</ns3:atemp>
            <ns3:hr>130</ns3:hr>
          </ns3:TrackPointExtension>
        </extensions>
      </trkpt>
      <trkpt lat="59.9895802326500415802001953125" lon="30.34412353299558162689208984375">
        <ele>16.3999996185302734375</ele>
        <time>2025-06-04T07:23:53.000Z</time>
        <extensions>
          <ns3:TrackPointExtension>
            <ns3:atemp>21.0</ns3:atemp>
            <ns3:hr>128</ns3:hr>
          </ns3:TrackPointExtension>
        </extensions>
      </trkpt>
      <trkpt lat="59.98952767811715602874755859375" lon="30.3437003307044506072998046875">
        <ele>16</ele>
        <time>2025-06-04T07:23:57.000Z</time>
        <extensions>
          <ns3:TrackPointExtension>
            <ns3:atemp>21.0</ns3:atemp>
            <ns3:hr>128</ns3:hr>
          </ns3:TrackPointExtension>
        </extensions>
      </trkpt>
      <trkpt lat="59.98945064842700958251953125" lon="30.3429400920867919921875">
        <ele>15.6000003814697265625</ele>
        <time>2025-06-04T07:24:04.000Z</time>
        <extensions>
          <ns3:TrackPointExtension>
            <ns3:atemp>21.0</ns3:atemp>
            <ns3:hr>125</ns3:hr>
          </ns3:TrackPointExtension>
        </extensions>
      </trkpt>
      <trkpt lat="59.98940882273018360137939453125" lon="30.34260121174156665802001953125">
        <ele>15.19999980926513671875</ele>
        <time>2025-06-04T07:24:07.000Z</time>
        <extensions>
          <ns3:TrackPointExtension>
            <ns3:atemp>21.0</ns3:atemp>
            <ns3:hr>125</ns3:hr>
          </ns3:TrackPointExtension>
        </extensions>
      </trkpt>
      <trkpt lat="59.9892794899642467498779296875" lon="30.34148692153394222259521484375">
        <ele>15.19999980926513671875</ele>
        <time>2025-06-04T07:24:17.000Z</time>
        <extensions>
          <ns3:TrackPointExtension>
            <ns3:atemp>21.0</ns3:atemp>
            <ns3:hr>121</ns3:hr>
          </ns3:TrackPointExtension>
        </extensions>
      </trkpt>
      <trkpt lat="59.9892654083669185638427734375" lon="30.34137628041207790374755859375">
        <ele>15.3999996185302734375</ele>
        <time>2025-06-04T07:24:18.000Z</time>
        <extensions>
          <ns3:TrackPointExtension>
            <ns3:atemp>21.0</ns3:atemp>
            <ns3:hr>124</ns3:hr>
          </ns3:TrackPointExtension>
        </extensions>
      </trkpt>
      <trkpt lat="59.98925208114087581634521484375" lon="30.341270752251148223876953125">
        <ele>15.3999996185302734375</ele>
        <time>2025-06-04T07:24:19.000Z</time>
        <extensions>
          <ns3:TrackPointExtension>
            <ns3:atemp>21.0</ns3:atemp>
            <ns3:hr>128</ns3:hr>
          </ns3:TrackPointExtension>
        </extensions>
      </trkpt>
      <trkpt lat="59.9892312102019786834716796875" lon="30.34108978696167469024658203125">
        <ele>15.6000003814697265625</ele>
        <time>2025-06-04T07:24:21.000Z</time>
        <extensions>
          <ns3:TrackPointExtension>
            <ns3:atemp>21.0</ns3:atemp>
            <ns3:hr>134</ns3:hr>
          </ns3:TrackPointExtension>
        </extensions>
      </trkpt>
      <trkpt lat="59.989216625690460205078125" lon="30.34096355549991130828857421875">
        <ele>15.80000019073486328125</ele>
        <time>2025-06-04T07:24:23.000Z</time>
        <extensions>
          <ns3:TrackPointExtension>
            <ns3:atemp>21.0</ns3:atemp>
            <ns3:hr>137</ns3:hr>
          </ns3:TrackPointExtension>
        </extensions>
      </trkpt>
      <trkpt lat="59.98920950107276439666748046875" lon="30.340930782258510589599609375">
        <ele>15.80000019073486328125</ele>
        <time>2025-06-04T07:24:26.000Z</time>
        <extensions>
          <ns3:TrackPointExtension>
            <ns3:atemp>21.0</ns3:atemp>
            <ns3:hr>136</ns3:hr>
          </ns3:TrackPointExtension>
        </extensions>
      </trkpt>
      <trkpt lat="59.9891991913318634033203125" lon="30.3409269265830516815185546875">
        <ele>15.6000003814697265625</ele>
        <time>2025-06-04T07:24:28.000Z</time>
        <extensions>
          <ns3:TrackPointExtension>
            <ns3:atemp>21.0</ns3:atemp>
            <ns3:hr>136</ns3:hr>
          </ns3:TrackPointExtension>
        </extensions>
      </trkpt>
      <trkpt lat="59.98914211057126522064208984375" lon="30.34091745503246784210205078125">
        <ele>15</ele>
        <time>2025-06-04T07:24:31.000Z</time>
        <extensions>
          <ns3:TrackPointExtension>
            <ns3:atemp>21.0</ns3:atemp>
            <ns3:hr>138</ns3:hr>
          </ns3:TrackPointExtension>
        </extensions>
      </trkpt>
      <trkpt lat="59.98906709253787994384765625" lon="30.340947210788726806640625">
        <ele>14.80000019073486328125</ele>
        <time>2025-06-04T07:24:34.000Z</time>
        <extensions>
          <ns3:TrackPointExtension>
            <ns3:atemp>21.0</ns3:atemp>
            <ns3:hr>138</ns3:hr>
          </ns3:TrackPointExtension>
        </extensions>
      </trkpt>
      <trkpt lat="59.98904001899063587188720703125" lon="30.340905301272869110107421875">
        <ele>14.6000003814697265625</ele>
        <time>2025-06-04T07:24:35.000Z</time>
        <extensions>
          <ns3:TrackPointExtension>
            <ns3:atemp>21.0</ns3:atemp>
            <ns3:hr>138</ns3:hr>
          </ns3:TrackPointExtension>
        </extensions>
      </trkpt>
      <trkpt lat="59.9889980256557464599609375" lon="30.340787954628467559814453125">
        <ele>14.3999996185302734375</ele>
        <time>2025-06-04T07:24:38.000Z</time>
        <extensions>
          <ns3:TrackPointExtension>
            <ns3:atemp>21.0</ns3:atemp>
            <ns3:hr>133</ns3:hr>
          </ns3:TrackPointExtension>
        </extensions>
      </trkpt>
      <trkpt lat="59.988982938230037689208984375" lon="30.34078401513397693634033203125">
        <ele>14.3999996185302734375</ele>
        <time>2025-06-04T07:24:39.000Z</time>
        <extensions>
          <ns3:TrackPointExtension>
            <ns3:atemp>21.0</ns3:atemp>
            <ns3:hr>128</ns3:hr>
          </ns3:TrackPointExtension>
        </extensions>
      </trkpt>
      <trkpt lat="59.9889663420617580413818359375" lon="30.34078560769557952880859375">
        <ele>14.3999996185302734375</ele>
        <time>2025-06-04T07:24:40.000Z</time>
        <extensions>
          <ns3:TrackPointExtension>
            <ns3:atemp>21.0</ns3:atemp>
            <ns3:hr>129</ns3:hr>
          </ns3:TrackPointExtension>
        </extensions>
      </trkpt>
      <trkpt lat="59.988931305706501007080078125" lon="30.34081242978572845458984375">
        <ele>15.19999980926513671875</ele>
        <time>2025-06-04T07:24:45.000Z</time>
        <extensions>
          <ns3:TrackPointExtension>
            <ns3:atemp>21.0</ns3:atemp>
            <ns3:hr>127</ns3:hr>
          </ns3:TrackPointExtension>
        </extensions>
      </trkpt>
      <trkpt lat="59.98892853967845439910888671875" lon="30.3408193029463291168212890625">
        <ele>14.6000003814697265625</ele>
        <time>2025-06-04T07:24:50.000Z</time>
        <extensions>
          <ns3:TrackPointExtension>
            <ns3:atemp>21.0</ns3:atemp>
            <ns3:hr>121</ns3:hr>
          </ns3:TrackPointExtension>
        </extensions>
      </trkpt>
      <trkpt lat="59.9889277853071689605712890625" lon="30.340821482241153717041015625">
        <ele>14.19999980926513671875</ele>
        <time>2025-06-04T07:24:52.000Z</time>
        <extensions>
          <ns3:TrackPointExtension>
            <ns3:atemp>21.0</ns3:atemp>
            <ns3:hr>120</ns3:hr>
          </ns3:TrackPointExtension>
        </extensions>
      </trkpt>
      <trkpt lat="59.9889284558594226837158203125" lon="30.34082072786986827850341796875">
        <ele>14</ele>
        <time>2025-06-04T07:24:57.000Z</time>
        <extensions>
          <ns3:TrackPointExtension>
            <ns3:atemp>21.0</ns3:atemp>
            <ns3:hr>121</ns3:hr>
          </ns3:TrackPointExtension>
        </extensions>
      </trkpt>
      <trkpt lat="59.988927282392978668212890625" lon="30.340820811688899993896484375">
        <ele>13.80000019073486328125</ele>
        <time>2025-06-04T07:25:00.000Z</time>
        <extensions>
          <ns3:TrackPointExtension>
            <ns3:atemp>21.0</ns3:atemp>
            <ns3:hr>124</ns3:hr>
          </ns3:TrackPointExtension>
        </extensions>
      </trkpt>
      <trkpt lat="59.98892652802169322967529296875" lon="30.3408209793269634246826171875">
        <ele>13.19999980926513671875</ele>
        <time>2025-06-04T07:25:03.000Z</time>
        <extensions>
          <ns3:TrackPointExtension>
            <ns3:atemp>21.0</ns3:atemp>
            <ns3:hr>122</ns3:hr>
          </ns3:TrackPointExtension>
        </extensions>
      </trkpt>
      <trkpt lat="59.9889267794787883758544921875" lon="30.34082123078405857086181640625">
        <ele>12.80000019073486328125</ele>
        <time>2025-06-04T07:25:07.000Z</time>
        <extensions>
          <ns3:TrackPointExtension>
            <ns3:atemp>21.0</ns3:atemp>
            <ns3:hr>125</ns3:hr>
          </ns3:TrackPointExtension>
        </extensions>
      </trkpt>
      <trkpt lat="59.98892686329782009124755859375" lon="30.34082123078405857086181640625">
        <ele>12.6000003814697265625</ele>
        <time>2025-06-04T07:25:08.000Z</time>
        <extensions>
          <ns3:TrackPointExtension>
            <ns3:atemp>21.0</ns3:atemp>
            <ns3:hr>128</ns3:hr>
          </ns3:TrackPointExtension>
        </extensions>
      </trkpt>
      <trkpt lat="59.98892703093588352203369140625" lon="30.3408213146030902862548828125">
        <ele>12.3999996185302734375</ele>
        <time>2025-06-04T07:25:10.000Z</time>
        <extensions>
          <ns3:TrackPointExtension>
            <ns3:atemp>21.0</ns3:atemp>
            <ns3:hr>133</ns3:hr>
          </ns3:TrackPointExtension>
        </extensions>
      </trkpt>
      <trkpt lat="59.9889271147549152374267578125" lon="30.34082240425050258636474609375">
        <ele>12.19999980926513671875</ele>
        <time>2025-06-04T07:25:13.000Z</time>
        <extensions>
          <ns3:TrackPointExtension>
            <ns3:atemp>21.0</ns3:atemp>
            <ns3:hr>136</ns3:hr>
          </ns3:TrackPointExtension>
        </extensions>
      </trkpt>
      <trkpt lat="59.988926611840724945068359375" lon="30.3408196382224559783935546875">
        <ele>12.19999980926513671875</ele>
        <time>2025-06-04T07:25:16.000Z</time>
        <extensions>
          <ns3:TrackPointExtension>
            <ns3:atemp>21.0</ns3:atemp>
            <ns3:hr>135</ns3:hr>
          </ns3:TrackPointExtension>
        </extensions>
      </trkpt>
      <trkpt lat="59.98891596682369709014892578125" lon="30.3408095799386501312255859375">
        <ele>12.3999996185302734375</ele>
        <time>2025-06-04T07:25:17.000Z</time>
        <extensions>
          <ns3:TrackPointExtension>
            <ns3:atemp>21.0</ns3:atemp>
            <ns3:hr>134</ns3:hr>
          </ns3:TrackPointExtension>
        </extensions>
      </trkpt>
      <trkpt lat="59.98884555883705615997314453125" lon="30.34062140621244907379150390625">
        <ele>12.19999980926513671875</ele>
        <time>2025-06-04T07:25:22.000Z</time>
        <extensions>
          <ns3:TrackPointExtension>
            <ns3:atemp>22.0</ns3:atemp>
            <ns3:hr>133</ns3:hr>
          </ns3:TrackPointExtension>
        </extensions>
      </trkpt>
      <trkpt lat="59.9888117797672748565673828125" lon="30.34040272235870361328125">
        <ele>11.80000019073486328125</ele>
        <time>2025-06-04T07:25:27.000Z</time>
        <extensions>
          <ns3:TrackPointExtension>
            <ns3:atemp>22.0</ns3:atemp>
            <ns3:hr>131</ns3:hr>
          </ns3:TrackPointExtension>
        </extensions>
      </trkpt>
      <trkpt lat="59.98880180530250072479248046875" lon="30.34033424220979213714599609375">
        <ele>12.19999980926513671875</ele>
        <time>2025-06-04T07:25:29.000Z</time>
        <extensions>
          <ns3:TrackPointExtension>
            <ns3:atemp>22.0</ns3:atemp>
            <ns3:hr>131</ns3:hr>
          </ns3:TrackPointExtension>
        </extensions>
      </trkpt>
      <trkpt lat="59.9887593090534210205078125" lon="30.34029333852231502532958984375">
        <ele>12.19999980926513671875</ele>
        <time>2025-06-04T07:25:31.000Z</time>
        <extensions>
          <ns3:TrackPointExtension>
            <ns3:atemp>22.0</ns3:atemp>
            <ns3:hr>132</ns3:hr>
          </ns3:TrackPointExtension>
        </extensions>
      </trkpt>
      <trkpt lat="59.98860985971987247467041015625" lon="30.34035511314868927001953125">
        <ele>13</ele>
        <time>2025-06-04T07:25:36.000Z</time>
        <extensions>
          <ns3:TrackPointExtension>
            <ns3:atemp>22.0</ns3:atemp>
            <ns3:hr>131</ns3:hr>
          </ns3:TrackPointExtension>
        </extensions>
      </trkpt>
      <trkpt lat="59.98843870125710964202880859375" lon="30.3404052369296550750732421875">
        <ele>13.19999980926513671875</ele>
        <time>2025-06-04T07:25:41.000Z</time>
        <extensions>
          <ns3:TrackPointExtension>
            <ns3:atemp>22.0</ns3:atemp>
            <ns3:hr>130</ns3:hr>
          </ns3:TrackPointExtension>
        </extensions>
      </trkpt>
      <trkpt lat="59.988424368202686309814453125" lon="30.34041102044284343719482421875">
        <ele>13.19999980926513671875</ele>
        <time>2025-06-04T07:25:42.000Z</time>
        <extensions>
          <ns3:TrackPointExtension>
            <ns3:atemp>22.0</ns3:atemp>
            <ns3:hr>132</ns3:hr>
          </ns3:TrackPointExtension>
        </extensions>
      </trkpt>
      <trkpt lat="59.988398887217044830322265625" lon="30.340423844754695892333984375">
        <ele>13.6000003814697265625</ele>
        <time>2025-06-04T07:25:45.000Z</time>
        <extensions>
          <ns3:TrackPointExtension>
            <ns3:atemp>22.0</ns3:atemp>
            <ns3:hr>130</ns3:hr>
          </ns3:TrackPointExtension>
        </extensions>
      </trkpt>
      <trkpt lat="59.98838857747614383697509765625" lon="30.340423844754695892333984375">
        <ele>13</ele>
        <time>2025-06-04T07:25:59.000Z</time>
        <extensions>
          <ns3:TrackPointExtension>
            <ns3:atemp>22.0</ns3:atemp>
            <ns3:hr>127</ns3:hr>
          </ns3:TrackPointExtension>
        </extensions>
      </trkpt>
      <trkpt lat="59.98838807456195354461669921875" lon="30.3404223360121250152587890625">
        <ele>13</ele>
        <time>2025-06-04T07:26:02.000Z</time>
        <extensions>
          <ns3:TrackPointExtension>
            <ns3:atemp>22.0</ns3:atemp>
            <ns3:hr>130</ns3:hr>
          </ns3:TrackPointExtension>
        </extensions>
      </trkpt>
      <trkpt lat="59.98838790692389011383056640625" lon="30.34042107872664928436279296875">
        <ele>13</ele>
        <time>2025-06-04T07:26:03.000Z</time>
        <extensions>
          <ns3:TrackPointExtension>
            <ns3:atemp>22.0</ns3:atemp>
            <ns3:hr>130</ns3:hr>
          </ns3:TrackPointExtension>
        </extensions>
      </trkpt>
      <trkpt lat="59.988378770649433135986328125" lon="30.34042158164083957672119140625">
        <ele>13.6000003814697265625</ele>
        <time>2025-06-04T07:26:17.000Z</time>
        <extensions>
          <ns3:TrackPointExtension>
            <ns3:atemp>22.0</ns3:atemp>
            <ns3:hr>129</ns3:hr>
          </ns3:TrackPointExtension>
        </extensions>
      </trkpt>
      <trkpt lat="59.98835756443440914154052734375" lon="30.34043717198073863983154296875">
        <ele>13.3999996185302734375</ele>
        <time>2025-06-04T07:26:19.000Z</time>
        <extensions>
          <ns3:TrackPointExtension>
            <ns3:atemp>22.0</ns3:atemp>
            <ns3:hr>127</ns3:hr>
          </ns3:TrackPointExtension>
        </extensions>
      </trkpt>
      <trkpt lat="59.98826385475695133209228515625" lon="30.34046432934701442718505859375">
        <ele>13</ele>
        <time>2025-06-04T07:26:23.000Z</time>
        <extensions>
          <ns3:TrackPointExtension>
            <ns3:atemp>22.0</ns3:atemp>
            <ns3:hr>125</ns3:hr>
          </ns3:TrackPointExtension>
        </extensions>
      </trkpt>
      <trkpt lat="59.98805531300604343414306640625" lon="30.34056424163281917572021484375">
        <ele>14</ele>
        <time>2025-06-04T07:26:29.000Z</time>
        <extensions>
          <ns3:TrackPointExtension>
            <ns3:atemp>22.0</ns3:atemp>
            <ns3:hr>124</ns3:hr>
          </ns3:TrackPointExtension>
        </extensions>
      </trkpt>
      <trkpt lat="59.98801541514694690704345703125" lon="30.3405864536762237548828125">
        <ele>14.19999980926513671875</ele>
        <time>2025-06-04T07:26:30.000Z</time>
        <extensions>
          <ns3:TrackPointExtension>
            <ns3:atemp>22.0</ns3:atemp>
            <ns3:hr>126</ns3:hr>
          </ns3:TrackPointExtension>
        </extensions>
      </trkpt>
      <trkpt lat="59.98789119534194469451904296875" lon="30.34062157385051250457763671875">
        <ele>14.6000003814697265625</ele>
        <time>2025-06-04T07:26:33.000Z</time>
        <extensions>
          <ns3:TrackPointExtension>
            <ns3:atemp>22.0</ns3:atemp>
            <ns3:hr>129</ns3:hr>
          </ns3:TrackPointExtension>
        </extensions>
      </trkpt>
      <trkpt lat="59.987801425158977508544921875" lon="30.34065828658640384674072265625">
        <ele>14.3999996185302734375</ele>
        <time>2025-06-04T07:26:35.000Z</time>
        <extensions>
          <ns3:TrackPointExtension>
            <ns3:atemp>22.0</ns3:atemp>
            <ns3:hr>131</ns3:hr>
          </ns3:TrackPointExtension>
        </extensions>
      </trkpt>
      <trkpt lat="59.9876131676137447357177734375" lon="30.34072902984917163848876953125">
        <ele>15.3999996185302734375</ele>
        <time>2025-06-04T07:26:39.000Z</time>
        <extensions>
          <ns3:TrackPointExtension>
            <ns3:atemp>22.0</ns3:atemp>
            <ns3:hr>132</ns3:hr>
          </ns3:TrackPointExtension>
        </extensions>
      </trkpt>
      <trkpt lat="59.98752457089722156524658203125" lon="30.34075333736836910247802734375">
        <ele>16</ele>
        <time>2025-06-04T07:26:41.000Z</time>
        <extensions>
          <ns3:TrackPointExtension>
            <ns3:atemp>22.0</ns3:atemp>
            <ns3:hr>135</ns3:hr>
          </ns3:TrackPointExtension>
        </extensions>
      </trkpt>
      <trkpt lat="59.9874324537813663482666015625" lon="30.34078502096235752105712890625">
        <ele>16.200000762939453125</ele>
        <time>2025-06-04T07:26:43.000Z</time>
        <extensions>
          <ns3:TrackPointExtension>
            <ns3:atemp>22.0</ns3:atemp>
            <ns3:hr>137</ns3:hr>
          </ns3:TrackPointExtension>
        </extensions>
      </trkpt>
      <trkpt lat="59.9873352237045764923095703125" lon="30.3408320434391498565673828125">
        <ele>16</ele>
        <time>2025-06-04T07:26:45.000Z</time>
        <extensions>
          <ns3:TrackPointExtension>
            <ns3:atemp>22.0</ns3:atemp>
            <ns3:hr>140</ns3:hr>
          </ns3:TrackPointExtension>
        </extensions>
      </trkpt>
      <trkpt lat="59.98719918541610240936279296875" lon="30.340869091451168060302734375">
        <ele>15.80000019073486328125</ele>
        <time>2025-06-04T07:26:48.000Z</time>
        <extensions>
          <ns3:TrackPointExtension>
            <ns3:atemp>22.0</ns3:atemp>
            <ns3:hr>134</ns3:hr>
          </ns3:TrackPointExtension>
        </extensions>
      </trkpt>
      <trkpt lat="59.98715559951961040496826171875" lon="30.3408783115446567535400390625">
        <ele>15.80000019073486328125</ele>
        <time>2025-06-04T07:26:49.000Z</time>
        <extensions>
          <ns3:TrackPointExtension>
            <ns3:atemp>22.0</ns3:atemp>
            <ns3:hr>133</ns3:hr>
          </ns3:TrackPointExtension>
        </extensions>
      </trkpt>
      <trkpt lat="59.9870301224291324615478515625" lon="30.34090152941644191741943359375">
        <ele>15.3999996185302734375</ele>
        <time>2025-06-04T07:26:53.000Z</time>
        <extensions>
          <ns3:TrackPointExtension>
            <ns3:atemp>22.0</ns3:atemp>
            <ns3:hr>133</ns3:hr>
          </ns3:TrackPointExtension>
        </extensions>
      </trkpt>
      <trkpt lat="59.9870051443576812744140625" lon="30.34087521024048328399658203125">
        <ele>15.3999996185302734375</ele>
        <time>2025-06-04T07:26:55.000Z</time>
        <extensions>
          <ns3:TrackPointExtension>
            <ns3:atemp>22.0</ns3:atemp>
            <ns3:hr>133</ns3:hr>
          </ns3:TrackPointExtension>
        </extensions>
      </trkpt>
      <trkpt lat="59.98696013353765010833740234375" lon="30.34087839536368846893310546875">
        <ele>15.3999996185302734375</ele>
        <time>2025-06-04T07:26:57.000Z</time>
        <extensions>
          <ns3:TrackPointExtension>
            <ns3:atemp>22.0</ns3:atemp>
            <ns3:hr>133</ns3:hr>
          </ns3:TrackPointExtension>
        </extensions>
      </trkpt>
      <trkpt lat="59.98693339526653289794921875" lon="30.34089582972228527069091796875">
        <ele>15.3999996185302734375</ele>
        <time>2025-06-04T07:26:58.000Z</time>
        <extensions>
          <ns3:TrackPointExtension>
            <ns3:atemp>22.0</ns3:atemp>
            <ns3:hr>133</ns3:hr>
          </ns3:TrackPointExtension>
        </extensions>
      </trkpt>
      <trkpt lat="59.9868383444845676422119140625" lon="30.34103865735232830047607421875">
        <ele>15.3999996185302734375</ele>
        <time>2025-06-04T07:27:01.000Z</time>
        <extensions>
          <ns3:TrackPointExtension>
            <ns3:atemp>22.0</ns3:atemp>
            <ns3:hr>132</ns3:hr>
          </ns3:TrackPointExtension>
        </extensions>
      </trkpt>
      <trkpt lat="59.9867930822074413299560546875" lon="30.3410898707807064056396484375">
        <ele>15.3999996185302734375</ele>
        <time>2025-06-04T07:27:02.000Z</time>
        <extensions>
          <ns3:TrackPointExtension>
            <ns3:atemp>22.0</ns3:atemp>
            <ns3:hr>132</ns3:hr>
          </ns3:TrackPointExtension>
        </extensions>
      </trkpt>
      <trkpt lat="59.98667900450527667999267578125" lon="30.34114812500774860382080078125">
        <ele>15</ele>
        <time>2025-06-04T07:27:05.000Z</time>
        <extensions>
          <ns3:TrackPointExtension>
            <ns3:atemp>22.0</ns3:atemp>
            <ns3:hr>132</ns3:hr>
          </ns3:TrackPointExtension>
        </extensions>
      </trkpt>
      <trkpt lat="59.98641681857407093048095703125" lon="30.34125499427318572998046875">
        <ele>15</ele>
        <time>2025-06-04T07:27:11.000Z</time>
        <extensions>
          <ns3:TrackPointExtension>
            <ns3:atemp>22.0</ns3:atemp>
            <ns3:hr>134</ns3:hr>
          </ns3:TrackPointExtension>
        </extensions>
      </trkpt>
      <trkpt lat="59.98637356795370578765869140625" lon="30.3412725962698459625244140625">
        <ele>15</ele>
        <time>2025-06-04T07:27:12.000Z</time>
        <extensions>
          <ns3:TrackPointExtension>
            <ns3:atemp>22.0</ns3:atemp>
            <ns3:hr>135</ns3:hr>
          </ns3:TrackPointExtension>
        </extensions>
      </trkpt>
      <trkpt lat="59.98626745305955410003662109375" lon="30.341294221580028533935546875">
        <ele>14.80000019073486328125</ele>
        <time>2025-06-04T07:27:14.000Z</time>
        <extensions>
          <ns3:TrackPointExtension>
            <ns3:atemp>22.0</ns3:atemp>
            <ns3:hr>139</ns3:hr>
          </ns3:TrackPointExtension>
        </extensions>
      </trkpt>
      <trkpt lat="59.98620794154703617095947265625" lon="30.34130469895899295806884765625">
        <ele>14.80000019073486328125</ele>
        <time>2025-06-04T07:27:15.000Z</time>
        <extensions>
          <ns3:TrackPointExtension>
            <ns3:atemp>22.0</ns3:atemp>
            <ns3:hr>140</ns3:hr>
          </ns3:TrackPointExtension>
        </extensions>
      </trkpt>
      <trkpt lat="59.9857714958488941192626953125" lon="30.34143067896366119384765625">
        <ele>14.6000003814697265625</ele>
        <time>2025-06-04T07:27:22.000Z</time>
        <extensions>
          <ns3:TrackPointExtension>
            <ns3:atemp>22.0</ns3:atemp>
            <ns3:hr>140</ns3:hr>
          </ns3:TrackPointExtension>
        </extensions>
      </trkpt>
      <trkpt lat="59.98564266599714756011962890625" lon="30.34149161539971828460693359375">
        <ele>14.6000003814697265625</ele>
        <time>2025-06-04T07:27:24.000Z</time>
        <extensions>
          <ns3:TrackPointExtension>
            <ns3:atemp>22.0</ns3:atemp>
            <ns3:hr>139</ns3:hr>
          </ns3:TrackPointExtension>
        </extensions>
      </trkpt>
      <trkpt lat="59.98555205762386322021484375" lon="30.3414851613342761993408203125">
        <ele>14.6000003814697265625</ele>
        <time>2025-06-04T07:27:26.000Z</time>
        <extensions>
          <ns3:TrackPointExtension>
            <ns3:atemp>22.0</ns3:atemp>
            <ns3:hr>138</ns3:hr>
          </ns3:TrackPointExtension>
        </extensions>
      </trkpt>
      <trkpt lat="59.985493384301662445068359375" lon="30.341499410569667816162109375">
        <ele>14.3999996185302734375</ele>
        <time>2025-06-04T07:27:27.000Z</time>
        <extensions>
          <ns3:TrackPointExtension>
            <ns3:atemp>22.0</ns3:atemp>
            <ns3:hr>139</ns3:hr>
          </ns3:TrackPointExtension>
        </extensions>
      </trkpt>
      <trkpt lat="59.9853825755417346954345703125" lon="30.3415689803659915924072265625">
        <ele>14.19999980926513671875</ele>
        <time>2025-06-04T07:27:29.000Z</time>
        <extensions>
          <ns3:TrackPointExtension>
            <ns3:atemp>22.0</ns3:atemp>
            <ns3:hr>139</ns3:hr>
          </ns3:TrackPointExtension>
        </extensions>
      </trkpt>
      <trkpt lat="59.98527386225759983062744140625" lon="30.34152933396399021148681640625">
        <ele>14.3999996185302734375</ele>
        <time>2025-06-04T07:27:32.000Z</time>
        <extensions>
          <ns3:TrackPointExtension>
            <ns3:atemp>22.0</ns3:atemp>
            <ns3:hr>140</ns3:hr>
          </ns3:TrackPointExtension>
        </extensions>
      </trkpt>
      <trkpt lat="59.98524670489132404327392578125" lon="30.34137225709855556488037109375">
        <ele>14.6000003814697265625</ele>
        <time>2025-06-04T07:27:34.000Z</time>
        <extensions>
          <ns3:TrackPointExtension>
            <ns3:atemp>22.0</ns3:atemp>
            <ns3:hr>142</ns3:hr>
          </ns3:TrackPointExtension>
        </extensions>
      </trkpt>
      <trkpt lat="59.98523865826427936553955078125" lon="30.341288186609745025634765625">
        <ele>14.6000003814697265625</ele>
        <time>2025-06-04T07:27:35.000Z</time>
        <extensions>
          <ns3:TrackPointExtension>
            <ns3:atemp>22.0</ns3:atemp>
            <ns3:hr>142</ns3:hr>
          </ns3:TrackPointExtension>
        </extensions>
      </trkpt>
      <trkpt lat="59.98522642068564891815185546875" lon="30.34120998345315456390380859375">
        <ele>14.6000003814697265625</ele>
        <time>2025-06-04T07:27:36.000Z</time>
        <extensions>
          <ns3:TrackPointExtension>
            <ns3:atemp>22.0</ns3:atemp>
            <ns3:hr>142</ns3:hr>
          </ns3:TrackPointExtension>
        </extensions>
      </trkpt>
      <trkpt lat="59.98518300242722034454345703125" lon="30.34105458296835422515869140625">
        <ele>14.3999996185302734375</ele>
        <time>2025-06-04T07:27:38.000Z</time>
        <extensions>
          <ns3:TrackPointExtension>
            <ns3:atemp>22.0</ns3:atemp>
            <ns3:hr>143</ns3:hr>
          </ns3:TrackPointExtension>
        </extensions>
      </trkpt>
      <trkpt lat="59.9851651489734649658203125" lon="30.34096389077603816986083984375">
        <ele>14.3999996185302734375</ele>
        <time>2025-06-04T07:27:39.000Z</time>
        <extensions>
          <ns3:TrackPointExtension>
            <ns3:atemp>22.0</ns3:atemp>
            <ns3:hr>143</ns3:hr>
          </ns3:TrackPointExtension>
        </extensions>
      </trkpt>
      <trkpt lat="59.98515374958515167236328125" lon="30.340869426727294921875">
        <ele>13.6000003814697265625</ele>
        <time>2025-06-04T07:27:40.000Z</time>
        <extensions>
          <ns3:TrackPointExtension>
            <ns3:atemp>22.0</ns3:atemp>
            <ns3:hr>144</ns3:hr>
          </ns3:TrackPointExtension>
        </extensions>
      </trkpt>
      <trkpt lat="59.98514729551970958709716796875" lon="30.34077328629791736602783203125">
        <ele>13</ele>
        <time>2025-06-04T07:27:41.000Z</time>
        <extensions>
          <ns3:TrackPointExtension>
            <ns3:atemp>22.0</ns3:atemp>
            <ns3:hr>142</ns3:hr>
          </ns3:TrackPointExtension>
        </extensions>
      </trkpt>
      <trkpt lat="59.98511192388832569122314453125" lon="30.3404971025884151458740234375">
        <ele>12.6000003814697265625</ele>
        <time>2025-06-04T07:27:44.000Z</time>
        <extensions>
          <ns3:TrackPointExtension>
            <ns3:atemp>22.0</ns3:atemp>
            <ns3:hr>143</ns3:hr>
          </ns3:TrackPointExtension>
        </extensions>
      </trkpt>
      <trkpt lat="59.98503833077847957611083984375" lon="30.33982730470597743988037109375">
        <ele>13.6000003814697265625</ele>
        <time>2025-06-04T07:27:51.000Z</time>
        <extensions>
          <ns3:TrackPointExtension>
            <ns3:atemp>22.0</ns3:atemp>
            <ns3:hr>140</ns3:hr>
          </ns3:TrackPointExtension>
        </extensions>
      </trkpt>
      <trkpt lat="59.985028691589832305908203125" lon="30.33973124809563159942626953125">
        <ele>13.80000019073486328125</ele>
        <time>2025-06-04T07:27:52.000Z</time>
        <extensions>
          <ns3:TrackPointExtension>
            <ns3:atemp>22.0</ns3:atemp>
            <ns3:hr>140</ns3:hr>
          </ns3:TrackPointExtension>
        </extensions>
      </trkpt>
      <trkpt lat="59.9850167892873287200927734375" lon="30.3396374545991420745849609375">
        <ele>14</ele>
        <time>2025-06-04T07:27:53.000Z</time>
        <extensions>
          <ns3:TrackPointExtension>
            <ns3:atemp>22.0</ns3:atemp>
            <ns3:hr>140</ns3:hr>
          </ns3:TrackPointExtension>
        </extensions>
      </trkpt>
      <trkpt lat="59.984952919185161590576171875" lon="30.3391885198652744293212890625">
        <ele>15</ele>
        <time>2025-06-04T07:27:58.000Z</time>
        <extensions>
          <ns3:TrackPointExtension>
            <ns3:atemp>22.0</ns3:atemp>
            <ns3:hr>139</ns3:hr>
          </ns3:TrackPointExtension>
        </extensions>
      </trkpt>
      <trkpt lat="59.98495300300419330596923828125" lon="30.33892013132572174072265625">
        <ele>15.3999996185302734375</ele>
        <time>2025-06-04T07:28:01.000Z</time>
        <extensions>
          <ns3:TrackPointExtension>
            <ns3:atemp>22.0</ns3:atemp>
            <ns3:hr>142</ns3:hr>
          </ns3:TrackPointExtension>
        </extensions>
      </trkpt>
      <trkpt lat="59.984924085438251495361328125" lon="30.33879733644425868988037109375">
        <ele>15.3999996185302734375</ele>
        <time>2025-06-04T07:28:03.000Z</time>
        <extensions>
          <ns3:TrackPointExtension>
            <ns3:atemp>22.0</ns3:atemp>
            <ns3:hr>142</ns3:hr>
          </ns3:TrackPointExtension>
        </extensions>
      </trkpt>
      <trkpt lat="59.98484839685261249542236328125" lon="30.33839517273008823394775390625">
        <ele>15</ele>
        <time>2025-06-04T07:28:08.000Z</time>
        <extensions>
          <ns3:TrackPointExtension>
            <ns3:atemp>22.0</ns3:atemp>
            <ns3:hr>142</ns3:hr>
          </ns3:TrackPointExtension>
        </extensions>
      </trkpt>
      <trkpt lat="59.9848374165594577789306640625" lon="30.3382846154272556304931640625">
        <ele>14.80000019073486328125</ele>
        <time>2025-06-04T07:28:09.000Z</time>
        <extensions>
          <ns3:TrackPointExtension>
            <ns3:atemp>22.0</ns3:atemp>
            <ns3:hr>142</ns3:hr>
          </ns3:TrackPointExtension>
        </extensions>
      </trkpt>
      <trkpt lat="59.984788633882999420166015625" lon="30.33756435848772525787353515625">
        <ele>14.19999980926513671875</ele>
        <time>2025-06-04T07:28:16.000Z</time>
        <extensions>
          <ns3:TrackPointExtension>
            <ns3:atemp>22.0</ns3:atemp>
            <ns3:hr>141</ns3:hr>
          </ns3:TrackPointExtension>
        </extensions>
      </trkpt>
      <trkpt lat="59.98466558754444122314453125" lon="30.3371081314980983734130859375">
        <ele>14.6000003814697265625</ele>
        <time>2025-06-04T07:28:22.000Z</time>
        <extensions>
          <ns3:TrackPointExtension>
            <ns3:atemp>22.0</ns3:atemp>
            <ns3:hr>141</ns3:hr>
          </ns3:TrackPointExtension>
        </extensions>
      </trkpt>
      <trkpt lat="59.98466290533542633056640625" lon="30.33694812096655368804931640625">
        <ele>15</ele>
        <time>2025-06-04T07:28:27.000Z</time>
        <extensions>
          <ns3:TrackPointExtension>
            <ns3:atemp>22.0</ns3:atemp>
            <ns3:hr>141</ns3:hr>
          </ns3:TrackPointExtension>
        </extensions>
      </trkpt>
      <trkpt lat="59.98466382734477519989013671875" lon="30.3369123302400112152099609375">
        <ele>14.80000019073486328125</ele>
        <time>2025-06-04T07:28:29.000Z</time>
        <extensions>
          <ns3:TrackPointExtension>
            <ns3:atemp>22.0</ns3:atemp>
            <ns3:hr>141</ns3:hr>
          </ns3:TrackPointExtension>
        </extensions>
      </trkpt>
      <trkpt lat="59.98466969467699527740478515625" lon="30.33681216649711132049560546875">
        <ele>14.6000003814697265625</ele>
        <time>2025-06-04T07:28:32.000Z</time>
        <extensions>
          <ns3:TrackPointExtension>
            <ns3:atemp>22.0</ns3:atemp>
            <ns3:hr>139</ns3:hr>
          </ns3:TrackPointExtension>
        </extensions>
      </trkpt>
      <trkpt lat="59.98462803661823272705078125" lon="30.3365029580891132354736328125">
        <ele>14.19999980926513671875</ele>
        <time>2025-06-04T07:28:37.000Z</time>
        <extensions>
          <ns3:TrackPointExtension>
            <ns3:atemp>22.0</ns3:atemp>
            <ns3:hr>139</ns3:hr>
          </ns3:TrackPointExtension>
        </extensions>
      </trkpt>
      <trkpt lat="59.984611608088016510009765625" lon="30.3363701887428760528564453125">
        <ele>14</ele>
        <time>2025-06-04T07:28:39.000Z</time>
        <extensions>
          <ns3:TrackPointExtension>
            <ns3:atemp>22.0</ns3:atemp>
            <ns3:hr>140</ns3:hr>
          </ns3:TrackPointExtension>
        </extensions>
      </trkpt>
      <trkpt lat="59.984590150415897369384765625" lon="30.33612602390348911285400390625">
        <ele>14</ele>
        <time>2025-06-04T07:28:42.000Z</time>
        <extensions>
          <ns3:TrackPointExtension>
            <ns3:atemp>22.0</ns3:atemp>
            <ns3:hr>139</ns3:hr>
          </ns3:TrackPointExtension>
        </extensions>
      </trkpt>
      <trkpt lat="59.9845965206623077392578125" lon="30.3356557153165340423583984375">
        <ele>13.80000019073486328125</ele>
        <time>2025-06-04T07:28:48.000Z</time>
        <extensions>
          <ns3:TrackPointExtension>
            <ns3:atemp>22.0</ns3:atemp>
            <ns3:hr>138</ns3:hr>
          </ns3:TrackPointExtension>
        </extensions>
      </trkpt>
      <trkpt lat="59.98458470217883586883544921875" lon="30.335628725588321685791015625">
        <ele>13.80000019073486328125</ele>
        <time>2025-06-04T07:28:49.000Z</time>
        <extensions>
          <ns3:TrackPointExtension>
            <ns3:atemp>22.0</ns3:atemp>
            <ns3:hr>137</ns3:hr>
          </ns3:TrackPointExtension>
        </extensions>
      </trkpt>
      <trkpt lat="59.9845162220299243927001953125" lon="30.33561623655259609222412109375">
        <ele>14.19999980926513671875</ele>
        <time>2025-06-04T07:28:51.000Z</time>
        <extensions>
          <ns3:TrackPointExtension>
            <ns3:atemp>22.0</ns3:atemp>
            <ns3:hr>138</ns3:hr>
          </ns3:TrackPointExtension>
        </extensions>
      </trkpt>
      <trkpt lat="59.9843073450028896331787109375" lon="30.33565144054591655731201171875">
        <ele>14.80000019073486328125</ele>
        <time>2025-06-04T07:28:57.000Z</time>
        <extensions>
          <ns3:TrackPointExtension>
            <ns3:atemp>22.0</ns3:atemp>
            <ns3:hr>139</ns3:hr>
          </ns3:TrackPointExtension>
        </extensions>
      </trkpt>
      <trkpt lat="59.9842225201427936553955078125" lon="30.33565144054591655731201171875">
        <ele>14.80000019073486328125</ele>
        <time>2025-06-04T07:29:01.000Z</time>
        <extensions>
          <ns3:TrackPointExtension>
            <ns3:atemp>22.0</ns3:atemp>
            <ns3:hr>136</ns3:hr>
          </ns3:TrackPointExtension>
        </extensions>
      </trkpt>
      <trkpt lat="59.9842084385454654693603515625" lon="30.335650183260440826416015625">
        <ele>14.3999996185302734375</ele>
        <time>2025-06-04T07:29:06.000Z</time>
        <extensions>
          <ns3:TrackPointExtension>
            <ns3:atemp>22.0</ns3:atemp>
            <ns3:hr>135</ns3:hr>
          </ns3:TrackPointExtension>
        </extensions>
      </trkpt>
      <trkpt lat="59.98419997282326221466064453125" lon="30.3356563858687877655029296875">
        <ele>14.6000003814697265625</ele>
        <time>2025-06-04T07:29:10.000Z</time>
        <extensions>
          <ns3:TrackPointExtension>
            <ns3:atemp>22.0</ns3:atemp>
            <ns3:hr>139</ns3:hr>
          </ns3:TrackPointExtension>
        </extensions>
      </trkpt>
      <trkpt lat="59.98418689705431461334228515625" lon="30.33568128012120723724365234375">
        <ele>14.6000003814697265625</ele>
        <time>2025-06-04T07:29:15.000Z</time>
        <extensions>
          <ns3:TrackPointExtension>
            <ns3:atemp>22.0</ns3:atemp>
            <ns3:hr>138</ns3:hr>
          </ns3:TrackPointExtension>
        </extensions>
      </trkpt>
      <trkpt lat="59.98417750932276248931884765625" lon="30.33567105419933795928955078125">
        <ele>14.6000003814697265625</ele>
        <time>2025-06-04T07:29:16.000Z</time>
        <extensions>
          <ns3:TrackPointExtension>
            <ns3:atemp>22.0</ns3:atemp>
            <ns3:hr>139</ns3:hr>
          </ns3:TrackPointExtension>
        </extensions>
      </trkpt>
      <trkpt lat="59.98416292481124401092529296875" lon="30.33556628040969371795654296875">
        <ele>14.6000003814697265625</ele>
        <time>2025-06-04T07:29:19.000Z</time>
        <extensions>
          <ns3:TrackPointExtension>
            <ns3:atemp>22.0</ns3:atemp>
            <ns3:hr>140</ns3:hr>
          </ns3:TrackPointExtension>
        </extensions>
      </trkpt>
      <trkpt lat="59.98414867557585239410400390625" lon="30.3353318385779857635498046875">
        <ele>14.6000003814697265625</ele>
        <time>2025-06-04T07:29:25.000Z</time>
        <extensions>
          <ns3:TrackPointExtension>
            <ns3:atemp>22.0</ns3:atemp>
            <ns3:hr>140</ns3:hr>
          </ns3:TrackPointExtension>
        </extensions>
      </trkpt>
      <trkpt lat="59.98414683155715465545654296875" lon="30.33524441532790660858154296875">
        <ele>14.6000003814697265625</ele>
        <time>2025-06-04T07:29:27.000Z</time>
        <extensions>
          <ns3:TrackPointExtension>
            <ns3:atemp>22.0</ns3:atemp>
            <ns3:hr>137</ns3:hr>
          </ns3:TrackPointExtension>
        </extensions>
      </trkpt>
      <trkpt lat="59.98411665670573711395263671875" lon="30.33507141284644603729248046875">
        <ele>14.6000003814697265625</ele>
        <time>2025-06-04T07:29:30.000Z</time>
        <extensions>
          <ns3:TrackPointExtension>
            <ns3:atemp>22.0</ns3:atemp>
            <ns3:hr>138</ns3:hr>
          </ns3:TrackPointExtension>
        </extensions>
      </trkpt>
      <trkpt lat="59.9840186722576618194580078125" lon="30.33465667627751827239990234375">
        <ele>14.80000019073486328125</ele>
        <time>2025-06-04T07:29:36.000Z</time>
        <extensions>
          <ns3:TrackPointExtension>
            <ns3:atemp>22.0</ns3:atemp>
            <ns3:hr>139</ns3:hr>
          </ns3:TrackPointExtension>
        </extensions>
      </trkpt>
      <trkpt lat="59.9838916026055812835693359375" lon="30.33427747897803783416748046875">
        <ele>14.3999996185302734375</ele>
        <time>2025-06-04T07:29:42.000Z</time>
        <extensions>
          <ns3:TrackPointExtension>
            <ns3:atemp>22.0</ns3:atemp>
            <ns3:hr>138</ns3:hr>
          </ns3:TrackPointExtension>
        </extensions>
      </trkpt>
      <trkpt lat="59.983804933726787567138671875" lon="30.3340510837733745574951171875">
        <ele>13.19999980926513671875</ele>
        <time>2025-06-04T07:29:46.000Z</time>
        <extensions>
          <ns3:TrackPointExtension>
            <ns3:atemp>22.0</ns3:atemp>
            <ns3:hr>138</ns3:hr>
          </ns3:TrackPointExtension>
        </extensions>
      </trkpt>
      <trkpt lat="59.98369705863296985626220703125" lon="30.33372561447322368621826171875">
        <ele>14</ele>
        <time>2025-06-04T07:29:51.000Z</time>
        <extensions>
          <ns3:TrackPointExtension>
            <ns3:atemp>22.0</ns3:atemp>
            <ns3:hr>138</ns3:hr>
          </ns3:TrackPointExtension>
        </extensions>
      </trkpt>
      <trkpt lat="59.9836548976600170135498046875" lon="30.33362603746354579925537109375">
        <ele>14.19999980926513671875</ele>
        <time>2025-06-04T07:29:53.000Z</time>
        <extensions>
          <ns3:TrackPointExtension>
            <ns3:atemp>22.0</ns3:atemp>
            <ns3:hr>141</ns3:hr>
          </ns3:TrackPointExtension>
        </extensions>
      </trkpt>
      <trkpt lat="59.98362866230309009552001953125" lon="30.33355680294334888458251953125">
        <ele>14.3999996185302734375</ele>
        <time>2025-06-04T07:29:55.000Z</time>
        <extensions>
          <ns3:TrackPointExtension>
            <ns3:atemp>22.0</ns3:atemp>
            <ns3:hr>144</ns3:hr>
          </ns3:TrackPointExtension>
        </extensions>
      </trkpt>
      <trkpt lat="59.9836153350770473480224609375" lon="30.33352545462548732757568359375">
        <ele>14.3999996185302734375</ele>
        <time>2025-06-04T07:29:56.000Z</time>
        <extensions>
          <ns3:TrackPointExtension>
            <ns3:atemp>22.0</ns3:atemp>
            <ns3:hr>145</ns3:hr>
          </ns3:TrackPointExtension>
        </extensions>
      </trkpt>
      <trkpt lat="59.983498491346836090087890625" lon="30.33335027284920215606689453125">
        <ele>14</ele>
        <time>2025-06-04T07:30:00.000Z</time>
        <extensions>
          <ns3:TrackPointExtension>
            <ns3:atemp>22.0</ns3:atemp>
            <ns3:hr>146</ns3:hr>
          </ns3:TrackPointExtension>
        </extensions>
      </trkpt>
      <trkpt lat="59.9834681488573551177978515625" lon="30.33329981379210948944091796875">
        <ele>13.80000019073486328125</ele>
        <time>2025-06-04T07:30:01.000Z</time>
        <extensions>
          <ns3:TrackPointExtension>
            <ns3:atemp>22.0</ns3:atemp>
            <ns3:hr>143</ns3:hr>
          </ns3:TrackPointExtension>
        </extensions>
      </trkpt>
      <trkpt lat="59.98331333510577678680419921875" lon="30.332909636199474334716796875">
        <ele>13</ele>
        <time>2025-06-04T07:30:06.000Z</time>
        <extensions>
          <ns3:TrackPointExtension>
            <ns3:atemp>22.0</ns3:atemp>
            <ns3:hr>144</ns3:hr>
          </ns3:TrackPointExtension>
        </extensions>
      </trkpt>
      <trkpt lat="59.98327611945569515228271484375" lon="30.3328380547463893890380859375">
        <ele>12.80000019073486328125</ele>
        <time>2025-06-04T07:30:07.000Z</time>
        <extensions>
          <ns3:TrackPointExtension>
            <ns3:atemp>22.0</ns3:atemp>
            <ns3:hr>144</ns3:hr>
          </ns3:TrackPointExtension>
        </extensions>
      </trkpt>
      <trkpt lat="59.98302097432315349578857421875" lon="30.33224101178348064422607421875">
        <ele>12.6000003814697265625</ele>
        <time>2025-06-04T07:30:14.000Z</time>
        <extensions>
          <ns3:TrackPointExtension>
            <ns3:atemp>22.0</ns3:atemp>
            <ns3:hr>147</ns3:hr>
          </ns3:TrackPointExtension>
        </extensions>
      </trkpt>
      <trkpt lat="59.9829571880400180816650390625" lon="30.33208142034709453582763671875">
        <ele>12.6000003814697265625</ele>
        <time>2025-06-04T07:30:16.000Z</time>
        <extensions>
          <ns3:TrackPointExtension>
            <ns3:atemp>22.0</ns3:atemp>
            <ns3:hr>150</ns3:hr>
          </ns3:TrackPointExtension>
        </extensions>
      </trkpt>
      <trkpt lat="59.98288971371948719024658203125" lon="30.3318191505968570709228515625">
        <ele>12.80000019073486328125</ele>
        <time>2025-06-04T07:30:19.000Z</time>
        <extensions>
          <ns3:TrackPointExtension>
            <ns3:atemp>22.0</ns3:atemp>
            <ns3:hr>149</ns3:hr>
          </ns3:TrackPointExtension>
        </extensions>
      </trkpt>
      <trkpt lat="59.98286406509578227996826171875" lon="30.331741869449615478515625">
        <ele>12.80000019073486328125</ele>
        <time>2025-06-04T07:30:20.000Z</time>
        <extensions>
          <ns3:TrackPointExtension>
            <ns3:atemp>22.0</ns3:atemp>
            <ns3:hr>148</ns3:hr>
          </ns3:TrackPointExtension>
        </extensions>
      </trkpt>
      <trkpt lat="59.98280287720263004302978515625" lon="30.33160951919853687286376953125">
        <ele>12.6000003814697265625</ele>
        <time>2025-06-04T07:30:22.000Z</time>
        <extensions>
          <ns3:TrackPointExtension>
            <ns3:atemp>22.0</ns3:atemp>
            <ns3:hr>144</ns3:hr>
          </ns3:TrackPointExtension>
        </extensions>
      </trkpt>
      <trkpt lat="59.98277203179895877838134765625" lon="30.33154665492475032806396484375">
        <ele>12.6000003814697265625</ele>
        <time>2025-06-04T07:30:23.000Z</time>
        <extensions>
          <ns3:TrackPointExtension>
            <ns3:atemp>22.0</ns3:atemp>
            <ns3:hr>141</ns3:hr>
          </ns3:TrackPointExtension>
        </extensions>
      </trkpt>
      <trkpt lat="59.98270665295422077178955078125" lon="30.331427715718746185302734375">
        <ele>12.19999980926513671875</ele>
        <time>2025-06-04T07:30:25.000Z</time>
        <extensions>
          <ns3:TrackPointExtension>
            <ns3:atemp>22.0</ns3:atemp>
            <ns3:hr>138</ns3:hr>
          </ns3:TrackPointExtension>
        </extensions>
      </trkpt>
      <trkpt lat="59.982640855014324188232421875" lon="30.3312894143164157867431640625">
        <ele>11.80000019073486328125</ele>
        <time>2025-06-04T07:30:27.000Z</time>
        <extensions>
          <ns3:TrackPointExtension>
            <ns3:atemp>22.0</ns3:atemp>
            <ns3:hr>136</ns3:hr>
          </ns3:TrackPointExtension>
        </extensions>
      </trkpt>
      <trkpt lat="59.98254639096558094024658203125" lon="30.33110006712377071380615234375">
        <ele>11.3999996185302734375</ele>
        <time>2025-06-04T07:30:30.000Z</time>
        <extensions>
          <ns3:TrackPointExtension>
            <ns3:atemp>22.0</ns3:atemp>
            <ns3:hr>134</ns3:hr>
          </ns3:TrackPointExtension>
        </extensions>
      </trkpt>
      <trkpt lat="59.98246642760932445526123046875" lon="30.3308924473822116851806640625">
        <ele>11.19999980926513671875</ele>
        <time>2025-06-04T07:30:33.000Z</time>
        <extensions>
          <ns3:TrackPointExtension>
            <ns3:atemp>22.0</ns3:atemp>
            <ns3:hr>132</ns3:hr>
          </ns3:TrackPointExtension>
        </extensions>
      </trkpt>
      <trkpt lat="59.98240582644939422607421875" lon="30.33075188286602497100830078125">
        <ele>11</ele>
        <time>2025-06-04T07:30:35.000Z</time>
        <extensions>
          <ns3:TrackPointExtension>
            <ns3:atemp>22.0</ns3:atemp>
            <ns3:hr>131</ns3:hr>
          </ns3:TrackPointExtension>
        </extensions>
      </trkpt>
      <trkpt lat="59.98237607069313526153564453125" lon="30.33068650402128696441650390625">
        <ele>10.80000019073486328125</ele>
        <time>2025-06-04T07:30:36.000Z</time>
        <extensions>
          <ns3:TrackPointExtension>
            <ns3:atemp>22.0</ns3:atemp>
            <ns3:hr>131</ns3:hr>
          </ns3:TrackPointExtension>
        </extensions>
      </trkpt>
      <trkpt lat="59.98218680731952190399169921875" lon="30.3302406705915927886962890625">
        <ele>12</ele>
        <time>2025-06-04T07:30:43.000Z</time>
        <extensions>
          <ns3:TrackPointExtension>
            <ns3:atemp>22.0</ns3:atemp>
            <ns3:hr>132</ns3:hr>
          </ns3:TrackPointExtension>
        </extensions>
      </trkpt>
      <trkpt lat="59.98215780593454837799072265625" lon="30.33017721958458423614501953125">
        <ele>12.19999980926513671875</ele>
        <time>2025-06-04T07:30:44.000Z</time>
        <extensions>
          <ns3:TrackPointExtension>
            <ns3:atemp>22.0</ns3:atemp>
            <ns3:hr>133</ns3:hr>
          </ns3:TrackPointExtension>
        </extensions>
      </trkpt>
      <trkpt lat="59.9820734001696109771728515625" lon="30.32998644746840000152587890625">
        <ele>12.3999996185302734375</ele>
        <time>2025-06-04T07:30:47.000Z</time>
        <extensions>
          <ns3:TrackPointExtension>
            <ns3:atemp>22.0</ns3:atemp>
            <ns3:hr>130</ns3:hr>
          </ns3:TrackPointExtension>
        </extensions>
      </trkpt>
      <trkpt lat="59.98190584592521190643310546875" lon="30.3296314738690853118896484375">
        <ele>12.19999980926513671875</ele>
        <time>2025-06-04T07:30:53.000Z</time>
        <extensions>
          <ns3:TrackPointExtension>
            <ns3:atemp>22.0</ns3:atemp>
            <ns3:hr>131</ns3:hr>
          </ns3:TrackPointExtension>
        </extensions>
      </trkpt>
      <trkpt lat="59.9817314185202121734619140625" lon="30.32922637648880481719970703125">
        <ele>12.3999996185302734375</ele>
        <time>2025-06-04T07:31:00.000Z</time>
        <extensions>
          <ns3:TrackPointExtension>
            <ns3:atemp>21.0</ns3:atemp>
            <ns3:hr>134</ns3:hr>
          </ns3:TrackPointExtension>
        </extensions>
      </trkpt>
      <trkpt lat="59.98168473131954669952392578125" lon="30.329107604920864105224609375">
        <ele>12.3999996185302734375</ele>
        <time>2025-06-04T07:31:02.000Z</time>
        <extensions>
          <ns3:TrackPointExtension>
            <ns3:atemp>21.0</ns3:atemp>
            <ns3:hr>136</ns3:hr>
          </ns3:TrackPointExtension>
        </extensions>
      </trkpt>
      <trkpt lat="59.98152413405478000640869140625" lon="30.3287671320140361785888671875">
        <ele>12</ele>
        <time>2025-06-04T07:31:09.000Z</time>
        <extensions>
          <ns3:TrackPointExtension>
            <ns3:atemp>21.0</ns3:atemp>
            <ns3:hr>136</ns3:hr>
          </ns3:TrackPointExtension>
        </extensions>
      </trkpt>
      <trkpt lat="59.9813790433108806610107421875" lon="30.328501760959625244140625">
        <ele>12.19999980926513671875</ele>
        <time>2025-06-04T07:31:15.000Z</time>
        <extensions>
          <ns3:TrackPointExtension>
            <ns3:atemp>21.0</ns3:atemp>
            <ns3:hr>134</ns3:hr>
          </ns3:TrackPointExtension>
        </extensions>
      </trkpt>
      <trkpt lat="59.9812491238117218017578125" lon="30.32823261804878711700439453125">
        <ele>12.19999980926513671875</ele>
        <time>2025-06-04T07:31:19.000Z</time>
        <extensions>
          <ns3:TrackPointExtension>
            <ns3:atemp>21.0</ns3:atemp>
            <ns3:hr>134</ns3:hr>
          </ns3:TrackPointExtension>
        </extensions>
      </trkpt>
      <trkpt lat="59.9812181107699871063232421875" lon="30.32816438935697078704833984375">
        <ele>12.19999980926513671875</ele>
        <time>2025-06-04T07:31:20.000Z</time>
        <extensions>
          <ns3:TrackPointExtension>
            <ns3:atemp>21.0</ns3:atemp>
            <ns3:hr>133</ns3:hr>
          </ns3:TrackPointExtension>
        </extensions>
      </trkpt>
      <trkpt lat="59.9811859242618083953857421875" lon="30.3280962444841861724853515625">
        <ele>12</ele>
        <time>2025-06-04T07:31:21.000Z</time>
        <extensions>
          <ns3:TrackPointExtension>
            <ns3:atemp>21.0</ns3:atemp>
            <ns3:hr>137</ns3:hr>
          </ns3:TrackPointExtension>
        </extensions>
      </trkpt>
      <trkpt lat="59.98111828230321407318115234375" lon="30.327943861484527587890625">
        <ele>11.6000003814697265625</ele>
        <time>2025-06-04T07:31:23.000Z</time>
        <extensions>
          <ns3:TrackPointExtension>
            <ns3:atemp>21.0</ns3:atemp>
            <ns3:hr>143</ns3:hr>
          </ns3:TrackPointExtension>
        </extensions>
      </trkpt>
      <trkpt lat="59.98105407692492008209228515625" lon="30.327810086309909820556640625">
        <ele>11.19999980926513671875</ele>
        <time>2025-06-04T07:31:25.000Z</time>
        <extensions>
          <ns3:TrackPointExtension>
            <ns3:atemp>21.0</ns3:atemp>
            <ns3:hr>146</ns3:hr>
          </ns3:TrackPointExtension>
        </extensions>
      </trkpt>
      <trkpt lat="59.98099423013627529144287109375" lon="30.32768192701041698455810546875">
        <ele>11.6000003814697265625</ele>
        <time>2025-06-04T07:31:27.000Z</time>
        <extensions>
          <ns3:TrackPointExtension>
            <ns3:atemp>21.0</ns3:atemp>
            <ns3:hr>148</ns3:hr>
          </ns3:TrackPointExtension>
        </extensions>
      </trkpt>
      <trkpt lat="59.98082743026316165924072265625" lon="30.3272972814738750457763671875">
        <ele>12</ele>
        <time>2025-06-04T07:31:33.000Z</time>
        <extensions>
          <ns3:TrackPointExtension>
            <ns3:atemp>21.0</ns3:atemp>
            <ns3:hr>147</ns3:hr>
          </ns3:TrackPointExtension>
        </extensions>
      </trkpt>
      <trkpt lat="59.98078619129955768585205078125" lon="30.3271511010825634002685546875">
        <ele>12</ele>
        <time>2025-06-04T07:31:35.000Z</time>
        <extensions>
          <ns3:TrackPointExtension>
            <ns3:atemp>21.0</ns3:atemp>
            <ns3:hr>148</ns3:hr>
          </ns3:TrackPointExtension>
        </extensions>
      </trkpt>
      <trkpt lat="59.9807165376842021942138671875" lon="30.32710491679608821868896484375">
        <ele>12</ele>
        <time>2025-06-04T07:31:37.000Z</time>
        <extensions>
          <ns3:TrackPointExtension>
            <ns3:atemp>21.0</ns3:atemp>
            <ns3:hr>147</ns3:hr>
          </ns3:TrackPointExtension>
        </extensions>
      </trkpt>
      <trkpt lat="59.9805874563753604888916015625" lon="30.32714925706386566162109375">
        <ele>12</ele>
        <time>2025-06-04T07:31:41.000Z</time>
        <extensions>
          <ns3:TrackPointExtension>
            <ns3:atemp>21.0</ns3:atemp>
            <ns3:hr>146</ns3:hr>
          </ns3:TrackPointExtension>
        </extensions>
      </trkpt>
      <trkpt lat="59.98051746748387813568115234375" lon="30.327167697250843048095703125">
        <ele>12</ele>
        <time>2025-06-04T07:31:44.000Z</time>
        <extensions>
          <ns3:TrackPointExtension>
            <ns3:atemp>21.0</ns3:atemp>
            <ns3:hr>146</ns3:hr>
          </ns3:TrackPointExtension>
        </extensions>
      </trkpt>
      <trkpt lat="59.98042291961610317230224609375" lon="30.3269881568849086761474609375">
        <ele>11.80000019073486328125</ele>
        <time>2025-06-04T07:31:48.000Z</time>
        <extensions>
          <ns3:TrackPointExtension>
            <ns3:atemp>21.0</ns3:atemp>
            <ns3:hr>147</ns3:hr>
          </ns3:TrackPointExtension>
        </extensions>
      </trkpt>
      <trkpt lat="59.98034714721143245697021484375" lon="30.32688237726688385009765625">
        <ele>12.19999980926513671875</ele>
        <time>2025-06-04T07:31:53.000Z</time>
        <extensions>
          <ns3:TrackPointExtension>
            <ns3:atemp>21.0</ns3:atemp>
            <ns3:hr>146</ns3:hr>
          </ns3:TrackPointExtension>
        </extensions>
      </trkpt>
      <trkpt lat="59.98031864874064922332763671875" lon="30.32685287296772003173828125">
        <ele>12.19999980926513671875</ele>
        <time>2025-06-04T07:31:56.000Z</time>
        <extensions>
          <ns3:TrackPointExtension>
            <ns3:atemp>21.0</ns3:atemp>
            <ns3:hr>149</ns3:hr>
          </ns3:TrackPointExtension>
        </extensions>
      </trkpt>
      <trkpt lat="59.9803396873176097869873046875" lon="30.32687709666788578033447265625">
        <ele>12</ele>
        <time>2025-06-04T07:31:58.000Z</time>
        <extensions>
          <ns3:TrackPointExtension>
            <ns3:atemp>21.0</ns3:atemp>
            <ns3:hr>147</ns3:hr>
          </ns3:TrackPointExtension>
        </extensions>
      </trkpt>
      <trkpt lat="59.98034723103046417236328125" lon="30.32687257044017314910888671875">
        <ele>12</ele>
        <time>2025-06-04T07:31:59.000Z</time>
        <extensions>
          <ns3:TrackPointExtension>
            <ns3:atemp>21.0</ns3:atemp>
            <ns3:hr>147</ns3:hr>
          </ns3:TrackPointExtension>
        </extensions>
      </trkpt>
      <trkpt lat="59.980418980121612548828125" lon="30.32664910890161991119384765625">
        <ele>10.80000019073486328125</ele>
        <time>2025-06-04T07:32:03.000Z</time>
        <extensions>
          <ns3:TrackPointExtension>
            <ns3:atemp>21.0</ns3:atemp>
            <ns3:hr>148</ns3:hr>
          </ns3:TrackPointExtension>
        </extensions>
      </trkpt>
      <trkpt lat="59.9804835207760334014892578125" lon="30.32649504952132701873779296875">
        <ele>10.6000003814697265625</ele>
        <time>2025-06-04T07:32:06.000Z</time>
        <extensions>
          <ns3:TrackPointExtension>
            <ns3:atemp>21.0</ns3:atemp>
            <ns3:hr>145</ns3:hr>
          </ns3:TrackPointExtension>
        </extensions>
      </trkpt>
      <trkpt lat="59.980489723384380340576171875" lon="30.326354317367076873779296875">
        <ele>10.6000003814697265625</ele>
        <time>2025-06-04T07:32:08.000Z</time>
        <extensions>
          <ns3:TrackPointExtension>
            <ns3:atemp>21.0</ns3:atemp>
            <ns3:hr>146</ns3:hr>
          </ns3:TrackPointExtension>
        </extensions>
      </trkpt>
      <trkpt lat="59.98039140366017818450927734375" lon="30.32603882253170013427734375">
        <ele>11.19999980926513671875</ele>
        <time>2025-06-04T07:32:13.000Z</time>
        <extensions>
          <ns3:TrackPointExtension>
            <ns3:atemp>21.0</ns3:atemp>
            <ns3:hr>145</ns3:hr>
          </ns3:TrackPointExtension>
        </extensions>
      </trkpt>
      <trkpt lat="59.98033323325216770172119140625" lon="30.32591787166893482208251953125">
        <ele>11.3999996185302734375</ele>
        <time>2025-06-04T07:32:15.000Z</time>
        <extensions>
          <ns3:TrackPointExtension>
            <ns3:atemp>21.0</ns3:atemp>
            <ns3:hr>148</ns3:hr>
          </ns3:TrackPointExtension>
        </extensions>
      </trkpt>
      <trkpt lat="59.9802754819393157958984375" lon="30.32579868100583553314208984375">
        <ele>11.3999996185302734375</ele>
        <time>2025-06-04T07:32:17.000Z</time>
        <extensions>
          <ns3:TrackPointExtension>
            <ns3:atemp>21.0</ns3:atemp>
            <ns3:hr>145</ns3:hr>
          </ns3:TrackPointExtension>
        </extensions>
      </trkpt>
      <trkpt lat="59.980154447257518768310546875" lon="30.32555736601352691650390625">
        <ele>12</ele>
        <time>2025-06-04T07:32:21.000Z</time>
        <extensions>
          <ns3:TrackPointExtension>
            <ns3:atemp>21.0</ns3:atemp>
            <ns3:hr>146</ns3:hr>
          </ns3:TrackPointExtension>
        </extensions>
      </trkpt>
      <trkpt lat="59.97995026409626007080078125" lon="30.3251384384930133819580078125">
        <ele>13.19999980926513671875</ele>
        <time>2025-06-04T07:32:28.000Z</time>
        <extensions>
          <ns3:TrackPointExtension>
            <ns3:atemp>21.0</ns3:atemp>
            <ns3:hr>148</ns3:hr>
          </ns3:TrackPointExtension>
        </extensions>
      </trkpt>
      <trkpt lat="59.97989083640277385711669921875" lon="30.325018577277660369873046875">
        <ele>13.80000019073486328125</ele>
        <time>2025-06-04T07:32:30.000Z</time>
        <extensions>
          <ns3:TrackPointExtension>
            <ns3:atemp>21.0</ns3:atemp>
            <ns3:hr>147</ns3:hr>
          </ns3:TrackPointExtension>
        </extensions>
      </trkpt>
      <trkpt lat="59.97986334376037120819091796875" lon="30.32496049068868160247802734375">
        <ele>14.3999996185302734375</ele>
        <time>2025-06-04T07:32:31.000Z</time>
        <extensions>
          <ns3:TrackPointExtension>
            <ns3:atemp>21.0</ns3:atemp>
            <ns3:hr>147</ns3:hr>
          </ns3:TrackPointExtension>
        </extensions>
      </trkpt>
      <trkpt lat="59.97969553805887699127197265625" lon="30.3245966322720050811767578125">
        <ele>14.80000019073486328125</ele>
        <time>2025-06-04T07:32:37.000Z</time>
        <extensions>
          <ns3:TrackPointExtension>
            <ns3:atemp>21.0</ns3:atemp>
            <ns3:hr>147</ns3:hr>
          </ns3:TrackPointExtension>
        </extensions>
      </trkpt>
      <trkpt lat="59.97966737486422061920166015625" lon="30.324536450207233428955078125">
        <ele>14.80000019073486328125</ele>
        <time>2025-06-04T07:32:38.000Z</time>
        <extensions>
          <ns3:TrackPointExtension>
            <ns3:atemp>21.0</ns3:atemp>
            <ns3:hr>144</ns3:hr>
          </ns3:TrackPointExtension>
        </extensions>
      </trkpt>
      <trkpt lat="59.9795833043754100799560546875" lon="30.324347354471683502197265625">
        <ele>15.3999996185302734375</ele>
        <time>2025-06-04T07:32:41.000Z</time>
        <extensions>
          <ns3:TrackPointExtension>
            <ns3:atemp>21.0</ns3:atemp>
            <ns3:hr>143</ns3:hr>
          </ns3:TrackPointExtension>
        </extensions>
      </trkpt>
      <trkpt lat="59.97948464937508106231689453125" lon="30.32411299645900726318359375">
        <ele>16.3999996185302734375</ele>
        <time>2025-06-04T07:32:45.000Z</time>
        <extensions>
          <ns3:TrackPointExtension>
            <ns3:atemp>21.0</ns3:atemp>
            <ns3:hr>142</ns3:hr>
          </ns3:TrackPointExtension>
        </extensions>
      </trkpt>
      <trkpt lat="59.97942865826189517974853515625" lon="30.3239969909191131591796875">
        <ele>16.6000003814697265625</ele>
        <time>2025-06-04T07:32:47.000Z</time>
        <extensions>
          <ns3:TrackPointExtension>
            <ns3:atemp>21.0</ns3:atemp>
            <ns3:hr>147</ns3:hr>
          </ns3:TrackPointExtension>
        </extensions>
      </trkpt>
      <trkpt lat="59.9794052727520465850830078125" lon="30.32394410111010074615478515625">
        <ele>16.799999237060546875</ele>
        <time>2025-06-04T07:32:48.000Z</time>
        <extensions>
          <ns3:TrackPointExtension>
            <ns3:atemp>21.0</ns3:atemp>
            <ns3:hr>147</ns3:hr>
          </ns3:TrackPointExtension>
        </extensions>
      </trkpt>
      <trkpt lat="59.9793348647654056549072265625" lon="30.3237899579107761383056640625">
        <ele>17.6000003814697265625</ele>
        <time>2025-06-04T07:32:51.000Z</time>
        <extensions>
          <ns3:TrackPointExtension>
            <ns3:atemp>21.0</ns3:atemp>
            <ns3:hr>148</ns3:hr>
          </ns3:TrackPointExtension>
        </extensions>
      </trkpt>
      <trkpt lat="59.9792839027941226959228515625" lon="30.32368719577789306640625">
        <ele>18.200000762939453125</ele>
        <time>2025-06-04T07:32:53.000Z</time>
        <extensions>
          <ns3:TrackPointExtension>
            <ns3:atemp>21.0</ns3:atemp>
            <ns3:hr>147</ns3:hr>
          </ns3:TrackPointExtension>
        </extensions>
      </trkpt>
      <trkpt lat="59.979179464280605316162109375" lon="30.32349206507205963134765625">
        <ele>18.799999237060546875</ele>
        <time>2025-06-04T07:32:57.000Z</time>
        <extensions>
          <ns3:TrackPointExtension>
            <ns3:atemp>21.0</ns3:atemp>
            <ns3:hr>144</ns3:hr>
          </ns3:TrackPointExtension>
        </extensions>
      </trkpt>
      <trkpt lat="59.9790763668715953826904296875" lon="30.3233130276203155517578125">
        <ele>19.200000762939453125</ele>
        <time>2025-06-04T07:33:01.000Z</time>
        <extensions>
          <ns3:TrackPointExtension>
            <ns3:atemp>21.0</ns3:atemp>
            <ns3:hr>143</ns3:hr>
          </ns3:TrackPointExtension>
        </extensions>
      </trkpt>
      <trkpt lat="59.97900822199881076812744140625" lon="30.3232089243829250335693359375">
        <ele>19.799999237060546875</ele>
        <time>2025-06-04T07:33:04.000Z</time>
        <extensions>
          <ns3:TrackPointExtension>
            <ns3:atemp>21.0</ns3:atemp>
            <ns3:hr>143</ns3:hr>
          </ns3:TrackPointExtension>
        </extensions>
      </trkpt>
      <trkpt lat="59.97891870327293872833251953125" lon="30.323035418987274169921875">
        <ele>20.3999996185302734375</ele>
        <time>2025-06-04T07:33:09.000Z</time>
        <extensions>
          <ns3:TrackPointExtension>
            <ns3:atemp>21.0</ns3:atemp>
            <ns3:hr>141</ns3:hr>
          </ns3:TrackPointExtension>
        </extensions>
      </trkpt>
      <trkpt lat="59.97873061336576938629150390625" lon="30.3226506896317005157470703125">
        <ele>19.3999996185302734375</ele>
        <time>2025-06-04T07:33:16.000Z</time>
        <extensions>
          <ns3:TrackPointExtension>
            <ns3:atemp>21.0</ns3:atemp>
            <ns3:hr>142</ns3:hr>
          </ns3:TrackPointExtension>
        </extensions>
      </trkpt>
      <trkpt lat="59.97853380627930164337158203125" lon="30.3223026730120182037353515625">
        <ele>20.200000762939453125</ele>
        <time>2025-06-04T07:33:23.000Z</time>
        <extensions>
          <ns3:TrackPointExtension>
            <ns3:atemp>21.0</ns3:atemp>
            <ns3:hr>145</ns3:hr>
          </ns3:TrackPointExtension>
        </extensions>
      </trkpt>
      <trkpt lat="59.978474713861942291259765625" lon="30.322187840938568115234375">
        <ele>21</ele>
        <time>2025-06-04T07:33:25.000Z</time>
        <extensions>
          <ns3:TrackPointExtension>
            <ns3:atemp>21.0</ns3:atemp>
            <ns3:hr>146</ns3:hr>
          </ns3:TrackPointExtension>
        </extensions>
      </trkpt>
      <trkpt lat="59.9783253483474254608154296875" lon="30.3218661434948444366455078125">
        <ele>21.3999996185302734375</ele>
        <time>2025-06-04T07:33:30.000Z</time>
        <extensions>
          <ns3:TrackPointExtension>
            <ns3:atemp>21.0</ns3:atemp>
            <ns3:hr>144</ns3:hr>
          </ns3:TrackPointExtension>
        </extensions>
      </trkpt>
      <trkpt lat="59.97804027982056140899658203125" lon="30.321289636194705963134765625">
        <ele>20</ele>
        <time>2025-06-04T07:33:38.000Z</time>
        <extensions>
          <ns3:TrackPointExtension>
            <ns3:atemp>21.0</ns3:atemp>
            <ns3:hr>144</ns3:hr>
          </ns3:TrackPointExtension>
        </extensions>
      </trkpt>
      <trkpt lat="59.97774607501924037933349609375" lon="30.320733748376369476318359375">
        <ele>18.799999237060546875</ele>
        <time>2025-06-04T07:33:46.000Z</time>
        <extensions>
          <ns3:TrackPointExtension>
            <ns3:atemp>21.0</ns3:atemp>
            <ns3:hr>143</ns3:hr>
          </ns3:TrackPointExtension>
        </extensions>
      </trkpt>
      <trkpt lat="59.97744147665798664093017578125" lon="30.3201377950608730316162109375">
        <ele>17.200000762939453125</ele>
        <time>2025-06-04T07:33:53.000Z</time>
        <extensions>
          <ns3:TrackPointExtension>
            <ns3:atemp>21.0</ns3:atemp>
            <ns3:hr>142</ns3:hr>
          </ns3:TrackPointExtension>
        </extensions>
      </trkpt>
      <trkpt lat="59.9773533828556537628173828125" lon="30.31996940262615680694580078125">
        <ele>16.200000762939453125</ele>
        <time>2025-06-04T07:33:55.000Z</time>
        <extensions>
          <ns3:TrackPointExtension>
            <ns3:atemp>21.0</ns3:atemp>
            <ns3:hr>140</ns3:hr>
          </ns3:TrackPointExtension>
        </extensions>
      </trkpt>
      <trkpt lat="59.9771317653357982635498046875" lon="30.31957863830029964447021484375">
        <ele>15.6000003814697265625</ele>
        <time>2025-06-04T07:34:00.000Z</time>
        <extensions>
          <ns3:TrackPointExtension>
            <ns3:atemp>21.0</ns3:atemp>
            <ns3:hr>142</ns3:hr>
          </ns3:TrackPointExtension>
        </extensions>
      </trkpt>
      <trkpt lat="59.97693487443029880523681640625" lon="30.31926917843520641326904296875">
        <ele>15.19999980926513671875</ele>
        <time>2025-06-04T07:34:05.000Z</time>
        <extensions>
          <ns3:TrackPointExtension>
            <ns3:atemp>21.0</ns3:atemp>
            <ns3:hr>144</ns3:hr>
          </ns3:TrackPointExtension>
        </extensions>
      </trkpt>
      <trkpt lat="59.976905621588230133056640625" lon="30.3192318789660930633544921875">
        <ele>15</ele>
        <time>2025-06-04T07:34:06.000Z</time>
        <extensions>
          <ns3:TrackPointExtension>
            <ns3:atemp>21.0</ns3:atemp>
            <ns3:hr>144</ns3:hr>
          </ns3:TrackPointExtension>
        </extensions>
      </trkpt>
      <trkpt lat="59.97675131075084209442138671875" lon="30.319027192890644073486328125">
        <ele>14.19999980926513671875</ele>
        <time>2025-06-04T07:34:10.000Z</time>
        <extensions>
          <ns3:TrackPointExtension>
            <ns3:atemp>21.0</ns3:atemp>
            <ns3:hr>142</ns3:hr>
          </ns3:TrackPointExtension>
        </extensions>
      </trkpt>
      <trkpt lat="59.97670470736920833587646484375" lon="30.31896307133138179779052734375">
        <ele>13.80000019073486328125</ele>
        <time>2025-06-04T07:34:11.000Z</time>
        <extensions>
          <ns3:TrackPointExtension>
            <ns3:atemp>21.0</ns3:atemp>
            <ns3:hr>142</ns3:hr>
          </ns3:TrackPointExtension>
        </extensions>
      </trkpt>
      <trkpt lat="59.9765686690807342529296875" lon="30.31877414323389530181884765625">
        <ele>12.80000019073486328125</ele>
        <time>2025-06-04T07:34:14.000Z</time>
        <extensions>
          <ns3:TrackPointExtension>
            <ns3:atemp>21.0</ns3:atemp>
            <ns3:hr>145</ns3:hr>
          </ns3:TrackPointExtension>
        </extensions>
      </trkpt>
      <trkpt lat="59.97652240097522735595703125" lon="30.318712033331394195556640625">
        <ele>12.3999996185302734375</ele>
        <time>2025-06-04T07:34:15.000Z</time>
        <extensions>
          <ns3:TrackPointExtension>
            <ns3:atemp>21.0</ns3:atemp>
            <ns3:hr>144</ns3:hr>
          </ns3:TrackPointExtension>
        </extensions>
      </trkpt>
      <trkpt lat="59.976376555860042572021484375" lon="30.31853341497480869293212890625">
        <ele>11.19999980926513671875</ele>
        <time>2025-06-04T07:34:18.000Z</time>
        <extensions>
          <ns3:TrackPointExtension>
            <ns3:atemp>21.0</ns3:atemp>
            <ns3:hr>146</ns3:hr>
          </ns3:TrackPointExtension>
        </extensions>
      </trkpt>
      <trkpt lat="59.9762950837612152099609375" lon="30.31843869946897029876708984375">
        <ele>11</ele>
        <time>2025-06-04T07:34:20.000Z</time>
        <extensions>
          <ns3:TrackPointExtension>
            <ns3:atemp>21.0</ns3:atemp>
            <ns3:hr>141</ns3:hr>
          </ns3:TrackPointExtension>
        </extensions>
      </trkpt>
      <trkpt lat="59.976267926394939422607421875" lon="30.31840735115110874176025390625">
        <ele>11</ele>
        <time>2025-06-04T07:34:21.000Z</time>
        <extensions>
          <ns3:TrackPointExtension>
            <ns3:atemp>21.0</ns3:atemp>
            <ns3:hr>137</ns3:hr>
          </ns3:TrackPointExtension>
        </extensions>
      </trkpt>
      <trkpt lat="59.9762473069131374359130859375" lon="30.3183883242309093475341796875">
        <ele>11</ele>
        <time>2025-06-04T07:34:22.000Z</time>
        <extensions>
          <ns3:TrackPointExtension>
            <ns3:atemp>21.0</ns3:atemp>
            <ns3:hr>135</ns3:hr>
          </ns3:TrackPointExtension>
        </extensions>
      </trkpt>
      <trkpt lat="59.97619844041764736175537109375" lon="30.3183836303651332855224609375">
        <ele>10.80000019073486328125</ele>
        <time>2025-06-04T07:34:24.000Z</time>
        <extensions>
          <ns3:TrackPointExtension>
            <ns3:atemp>21.0</ns3:atemp>
            <ns3:hr>135</ns3:hr>
          </ns3:TrackPointExtension>
        </extensions>
      </trkpt>
      <trkpt lat="59.9761772342026233673095703125" lon="30.318442471325397491455078125">
        <ele>10.80000019073486328125</ele>
        <time>2025-06-04T07:34:26.000Z</time>
        <extensions>
          <ns3:TrackPointExtension>
            <ns3:atemp>21.0</ns3:atemp>
            <ns3:hr>137</ns3:hr>
          </ns3:TrackPointExtension>
        </extensions>
      </trkpt>
      <trkpt lat="59.9761795811355113983154296875" lon="30.31847893260419368743896484375">
        <ele>10.6000003814697265625</ele>
        <time>2025-06-04T07:34:27.000Z</time>
        <extensions>
          <ns3:TrackPointExtension>
            <ns3:atemp>21.0</ns3:atemp>
            <ns3:hr>136</ns3:hr>
          </ns3:TrackPointExtension>
        </extensions>
      </trkpt>
      <trkpt lat="59.976191483438014984130859375" lon="30.31856878660619258880615234375">
        <ele>10.19999980926513671875</ele>
        <time>2025-06-04T07:34:30.000Z</time>
        <extensions>
          <ns3:TrackPointExtension>
            <ns3:atemp>21.0</ns3:atemp>
            <ns3:hr>139</ns3:hr>
          </ns3:TrackPointExtension>
        </extensions>
      </trkpt>
      <trkpt lat="59.97619776986539363861083984375" lon="30.318603403866291046142578125">
        <ele>10.19999980926513671875</ele>
        <time>2025-06-04T07:34:31.000Z</time>
        <extensions>
          <ns3:TrackPointExtension>
            <ns3:atemp>21.0</ns3:atemp>
            <ns3:hr>139</ns3:hr>
          </ns3:TrackPointExtension>
        </extensions>
      </trkpt>
      <trkpt lat="59.9761846102774143218994140625" lon="30.3187157213687896728515625">
        <ele>10</ele>
        <time>2025-06-04T07:34:33.000Z</time>
        <extensions>
          <ns3:TrackPointExtension>
            <ns3:atemp>21.0</ns3:atemp>
            <ns3:hr>139</ns3:hr>
          </ns3:TrackPointExtension>
        </extensions>
      </trkpt>
      <trkpt lat="59.97616675682365894317626953125" lon="30.31886701472103595733642578125">
        <ele>10.19999980926513671875</ele>
        <time>2025-06-04T07:34:35.000Z</time>
        <extensions>
          <ns3:TrackPointExtension>
            <ns3:atemp>21.0</ns3:atemp>
            <ns3:hr>138</ns3:hr>
          </ns3:TrackPointExtension>
        </extensions>
      </trkpt>
      <trkpt lat="59.976155944168567657470703125" lon="30.3189465589821338653564453125">
        <ele>10.19999980926513671875</ele>
        <time>2025-06-04T07:34:37.000Z</time>
        <extensions>
          <ns3:TrackPointExtension>
            <ns3:atemp>21.0</ns3:atemp>
            <ns3:hr>136</ns3:hr>
          </ns3:TrackPointExtension>
        </extensions>
      </trkpt>
      <trkpt lat="59.9761502444744110107421875" lon="30.31892971135675907135009765625">
        <ele>10.19999980926513671875</ele>
        <time>2025-06-04T07:34:38.000Z</time>
        <extensions>
          <ns3:TrackPointExtension>
            <ns3:atemp>21.0</ns3:atemp>
            <ns3:hr>138</ns3:hr>
          </ns3:TrackPointExtension>
        </extensions>
      </trkpt>
      <trkpt lat="59.97606701217591762542724609375" lon="30.31870272941887378692626953125">
        <ele>9.3999996185302734375</ele>
        <time>2025-06-04T07:34:43.000Z</time>
        <extensions>
          <ns3:TrackPointExtension>
            <ns3:atemp>21.0</ns3:atemp>
            <ns3:hr>139</ns3:hr>
          </ns3:TrackPointExtension>
        </extensions>
      </trkpt>
      <trkpt lat="59.976043961942195892333984375" lon="30.318637602031230926513671875">
        <ele>9.19999980926513671875</ele>
        <time>2025-06-04T07:34:44.000Z</time>
        <extensions>
          <ns3:TrackPointExtension>
            <ns3:atemp>21.0</ns3:atemp>
            <ns3:hr>141</ns3:hr>
          </ns3:TrackPointExtension>
        </extensions>
      </trkpt>
      <trkpt lat="59.97600330971181392669677734375" lon="30.318480022251605987548828125">
        <ele>9</ele>
        <time>2025-06-04T07:34:46.000Z</time>
        <extensions>
          <ns3:TrackPointExtension>
            <ns3:atemp>21.0</ns3:atemp>
            <ns3:hr>138</ns3:hr>
          </ns3:TrackPointExtension>
        </extensions>
      </trkpt>
      <trkpt lat="59.97597791254520416259765625" lon="30.31837047077715396881103515625">
        <ele>8.80000019073486328125</ele>
        <time>2025-06-04T07:34:47.000Z</time>
        <extensions>
          <ns3:TrackPointExtension>
            <ns3:atemp>21.0</ns3:atemp>
            <ns3:hr>141</ns3:hr>
          </ns3:TrackPointExtension>
        </extensions>
      </trkpt>
      <trkpt lat="59.9759650044143199920654296875" lon="30.31826351769268512725830078125">
        <ele>8.80000019073486328125</ele>
        <time>2025-06-04T07:34:48.000Z</time>
        <extensions>
          <ns3:TrackPointExtension>
            <ns3:atemp>21.0</ns3:atemp>
            <ns3:hr>141</ns3:hr>
          </ns3:TrackPointExtension>
        </extensions>
      </trkpt>
      <trkpt lat="59.97588831000030040740966796875" lon="30.3178612701594829559326171875">
        <ele>9</ele>
        <time>2025-06-04T07:34:51.000Z</time>
        <extensions>
          <ns3:TrackPointExtension>
            <ns3:atemp>21.0</ns3:atemp>
            <ns3:hr>140</ns3:hr>
          </ns3:TrackPointExtension>
        </extensions>
      </trkpt>
      <trkpt lat="59.97580449096858501434326171875" lon="30.317696817219257354736328125">
        <ele>9</ele>
        <time>2025-06-04T07:34:53.000Z</time>
        <extensions>
          <ns3:TrackPointExtension>
            <ns3:atemp>21.0</ns3:atemp>
            <ns3:hr>139</ns3:hr>
          </ns3:TrackPointExtension>
        </extensions>
      </trkpt>
      <trkpt lat="59.97565043158829212188720703125" lon="30.31757603399455547332763671875">
        <ele>8.3999996185302734375</ele>
        <time>2025-06-04T07:34:56.000Z</time>
        <extensions>
          <ns3:TrackPointExtension>
            <ns3:atemp>21.0</ns3:atemp>
            <ns3:hr>142</ns3:hr>
          </ns3:TrackPointExtension>
        </extensions>
      </trkpt>
      <trkpt lat="59.9755775928497314453125" lon="30.3174700029194355010986328125">
        <ele>8</ele>
        <time>2025-06-04T07:34:57.000Z</time>
        <extensions>
          <ns3:TrackPointExtension>
            <ns3:atemp>21.0</ns3:atemp>
            <ns3:hr>142</ns3:hr>
          </ns3:TrackPointExtension>
        </extensions>
      </trkpt>
      <trkpt lat="59.97550391592085361480712890625" lon="30.31743471510708332061767578125">
        <ele>7.599999904632568359375</ele>
        <time>2025-06-04T07:34:59.000Z</time>
        <extensions>
          <ns3:TrackPointExtension>
            <ns3:atemp>21.0</ns3:atemp>
            <ns3:hr>143</ns3:hr>
          </ns3:TrackPointExtension>
        </extensions>
      </trkpt>
      <trkpt lat="59.9752812087535858154296875" lon="30.31734980642795562744140625">
        <ele>7.19999980926513671875</ele>
        <time>2025-06-04T07:35:05.000Z</time>
        <extensions>
          <ns3:TrackPointExtension>
            <ns3:atemp>21.0</ns3:atemp>
            <ns3:hr>142</ns3:hr>
          </ns3:TrackPointExtension>
        </extensions>
      </trkpt>
      <trkpt lat="59.9751737527549266815185546875" lon="30.31724880449473857879638671875">
        <ele>8.19999980926513671875</ele>
        <time>2025-06-04T07:35:08.000Z</time>
        <extensions>
          <ns3:TrackPointExtension>
            <ns3:atemp>21.0</ns3:atemp>
            <ns3:hr>139</ns3:hr>
          </ns3:TrackPointExtension>
        </extensions>
      </trkpt>
      <trkpt lat="59.975103177130222320556640625" lon="30.31721326522529125213623046875">
        <ele>9</ele>
        <time>2025-06-04T07:35:10.000Z</time>
        <extensions>
          <ns3:TrackPointExtension>
            <ns3:atemp>21.0</ns3:atemp>
            <ns3:hr>141</ns3:hr>
          </ns3:TrackPointExtension>
        </extensions>
      </trkpt>
      <trkpt lat="59.975073002278804779052734375" lon="30.31721703708171844482421875">
        <ele>9</ele>
        <time>2025-06-04T07:35:11.000Z</time>
        <extensions>
          <ns3:TrackPointExtension>
            <ns3:atemp>21.0</ns3:atemp>
            <ns3:hr>139</ns3:hr>
          </ns3:TrackPointExtension>
        </extensions>
      </trkpt>
      <trkpt lat="59.97491307556629180908203125" lon="30.31710170209407806396484375">
        <ele>9.19999980926513671875</ele>
        <time>2025-06-04T07:35:15.000Z</time>
        <extensions>
          <ns3:TrackPointExtension>
            <ns3:atemp>21.0</ns3:atemp>
            <ns3:hr>138</ns3:hr>
          </ns3:TrackPointExtension>
        </extensions>
      </trkpt>
      <trkpt lat="59.97475742362439632415771484375" lon="30.31695560552179813385009765625">
        <ele>9.3999996185302734375</ele>
        <time>2025-06-04T07:35:18.000Z</time>
        <extensions>
          <ns3:TrackPointExtension>
            <ns3:atemp>21.0</ns3:atemp>
            <ns3:hr>142</ns3:hr>
          </ns3:TrackPointExtension>
        </extensions>
      </trkpt>
      <trkpt lat="59.97461476363241672515869140625" lon="30.31687849201261997222900390625">
        <ele>9.6000003814697265625</ele>
        <time>2025-06-04T07:35:21.000Z</time>
        <extensions>
          <ns3:TrackPointExtension>
            <ns3:atemp>21.0</ns3:atemp>
            <ns3:hr>144</ns3:hr>
          </ns3:TrackPointExtension>
        </extensions>
      </trkpt>
      <trkpt lat="59.97457377612590789794921875" lon="30.31688184477388858795166015625">
        <ele>9.80000019073486328125</ele>
        <time>2025-06-04T07:35:22.000Z</time>
        <extensions>
          <ns3:TrackPointExtension>
            <ns3:atemp>21.0</ns3:atemp>
            <ns3:hr>140</ns3:hr>
          </ns3:TrackPointExtension>
        </extensions>
      </trkpt>
      <trkpt lat="59.97438442893326282501220703125" lon="30.3168247640132904052734375">
        <ele>9.19999980926513671875</ele>
        <time>2025-06-04T07:35:26.000Z</time>
        <extensions>
          <ns3:TrackPointExtension>
            <ns3:atemp>21.0</ns3:atemp>
            <ns3:hr>143</ns3:hr>
          </ns3:TrackPointExtension>
        </extensions>
      </trkpt>
      <trkpt lat="59.97423942200839519500732421875" lon="30.3167005442082881927490234375">
        <ele>9</ele>
        <time>2025-06-04T07:35:29.000Z</time>
        <extensions>
          <ns3:TrackPointExtension>
            <ns3:atemp>21.0</ns3:atemp>
            <ns3:hr>143</ns3:hr>
          </ns3:TrackPointExtension>
        </extensions>
      </trkpt>
      <trkpt lat="59.9739090912044048309326171875" lon="30.3166338242590427398681640625">
        <ele>8.19999980926513671875</ele>
        <time>2025-06-04T07:35:36.000Z</time>
        <extensions>
          <ns3:TrackPointExtension>
            <ns3:atemp>21.0</ns3:atemp>
            <ns3:hr>142</ns3:hr>
          </ns3:TrackPointExtension>
        </extensions>
      </trkpt>
      <trkpt lat="59.97386491857469081878662109375" lon="30.31661379151046276092529296875">
        <ele>8</ele>
        <time>2025-06-04T07:35:37.000Z</time>
        <extensions>
          <ns3:TrackPointExtension>
            <ns3:atemp>21.0</ns3:atemp>
            <ns3:hr>142</ns3:hr>
          </ns3:TrackPointExtension>
        </extensions>
      </trkpt>
      <trkpt lat="59.97359032742679119110107421875" lon="30.3164071775972843170166015625">
        <ele>7.80000019073486328125</ele>
        <time>2025-06-04T07:35:44.000Z</time>
        <extensions>
          <ns3:TrackPointExtension>
            <ns3:atemp>21.0</ns3:atemp>
            <ns3:hr>143</ns3:hr>
          </ns3:TrackPointExtension>
        </extensions>
      </trkpt>
      <trkpt lat="59.973485469818115234375" lon="30.31630516983568668365478515625">
        <ele>8.6000003814697265625</ele>
        <time>2025-06-04T07:35:47.000Z</time>
        <extensions>
          <ns3:TrackPointExtension>
            <ns3:atemp>21.0</ns3:atemp>
            <ns3:hr>144</ns3:hr>
          </ns3:TrackPointExtension>
        </extensions>
      </trkpt>
      <trkpt lat="59.97341774404048919677734375" lon="30.31623459421098232269287109375">
        <ele>9</ele>
        <time>2025-06-04T07:35:49.000Z</time>
        <extensions>
          <ns3:TrackPointExtension>
            <ns3:atemp>21.0</ns3:atemp>
            <ns3:hr>143</ns3:hr>
          </ns3:TrackPointExtension>
        </extensions>
      </trkpt>
      <trkpt lat="59.97335831634700298309326171875" lon="30.316158235073089599609375">
        <ele>9</ele>
        <time>2025-06-04T07:35:51.000Z</time>
        <extensions>
          <ns3:TrackPointExtension>
            <ns3:atemp>21.0</ns3:atemp>
            <ns3:hr>141</ns3:hr>
          </ns3:TrackPointExtension>
        </extensions>
      </trkpt>
      <trkpt lat="59.97311792336404323577880859375" lon="30.31600040383636951446533203125">
        <ele>9</ele>
        <time>2025-06-04T07:35:57.000Z</time>
        <extensions>
          <ns3:TrackPointExtension>
            <ns3:atemp>21.0</ns3:atemp>
            <ns3:hr>141</ns3:hr>
          </ns3:TrackPointExtension>
        </extensions>
      </trkpt>
      <trkpt lat="59.97280008159577846527099609375" lon="30.315772332251071929931640625">
        <ele>9.6000003814697265625</ele>
        <time>2025-06-04T07:36:04.000Z</time>
        <extensions>
          <ns3:TrackPointExtension>
            <ns3:atemp>21.0</ns3:atemp>
            <ns3:hr>141</ns3:hr>
          </ns3:TrackPointExtension>
        </extensions>
      </trkpt>
      <trkpt lat="59.97260327450931072235107421875" lon="30.3156065382063388824462890625">
        <ele>9.6000003814697265625</ele>
        <time>2025-06-04T07:36:08.000Z</time>
        <extensions>
          <ns3:TrackPointExtension>
            <ns3:atemp>21.0</ns3:atemp>
            <ns3:hr>145</ns3:hr>
          </ns3:TrackPointExtension>
        </extensions>
      </trkpt>
      <trkpt lat="59.97245893813669681549072265625" lon="30.315486676990985870361328125">
        <ele>9</ele>
        <time>2025-06-04T07:36:11.000Z</time>
        <extensions>
          <ns3:TrackPointExtension>
            <ns3:atemp>21.0</ns3:atemp>
            <ns3:hr>147</ns3:hr>
          </ns3:TrackPointExtension>
        </extensions>
      </trkpt>
      <trkpt lat="59.97210019268095493316650390625" lon="30.31535499729216098785400390625">
        <ele>8.19999980926513671875</ele>
        <time>2025-06-04T07:36:19.000Z</time>
        <extensions>
          <ns3:TrackPointExtension>
            <ns3:atemp>21.0</ns3:atemp>
            <ns3:hr>146</ns3:hr>
          </ns3:TrackPointExtension>
        </extensions>
      </trkpt>
      <trkpt lat="59.97205928899347782135009765625" lon="30.31533169560134410858154296875">
        <ele>8</ele>
        <time>2025-06-04T07:36:20.000Z</time>
        <extensions>
          <ns3:TrackPointExtension>
            <ns3:atemp>21.0</ns3:atemp>
            <ns3:hr>144</ns3:hr>
          </ns3:TrackPointExtension>
        </extensions>
      </trkpt>
      <trkpt lat="59.97181621380150318145751953125" lon="30.31513740308582782745361328125">
        <ele>8.6000003814697265625</ele>
        <time>2025-06-04T07:36:26.000Z</time>
        <extensions>
          <ns3:TrackPointExtension>
            <ns3:atemp>21.0</ns3:atemp>
            <ns3:hr>141</ns3:hr>
          </ns3:TrackPointExtension>
        </extensions>
      </trkpt>
      <trkpt lat="59.97177380137145519256591796875" lon="30.31511544249951839447021484375">
        <ele>8.80000019073486328125</ele>
        <time>2025-06-04T07:36:27.000Z</time>
        <extensions>
          <ns3:TrackPointExtension>
            <ns3:atemp>21.0</ns3:atemp>
            <ns3:hr>141</ns3:hr>
          </ns3:TrackPointExtension>
        </extensions>
      </trkpt>
      <trkpt lat="59.97158470563590526580810546875" lon="30.31517319381237030029296875">
        <ele>9</ele>
        <time>2025-06-04T07:36:31.000Z</time>
        <extensions>
          <ns3:TrackPointExtension>
            <ns3:atemp>21.0</ns3:atemp>
            <ns3:hr>142</ns3:hr>
          </ns3:TrackPointExtension>
        </extensions>
      </trkpt>
      <trkpt lat="59.97136853635311126708984375" lon="30.31501754187047481536865234375">
        <ele>9.19999980926513671875</ele>
        <time>2025-06-04T07:36:36.000Z</time>
        <extensions>
          <ns3:TrackPointExtension>
            <ns3:atemp>21.0</ns3:atemp>
            <ns3:hr>140</ns3:hr>
          </ns3:TrackPointExtension>
        </extensions>
      </trkpt>
      <trkpt lat="59.9711936898529529571533203125" lon="30.314772538840770721435546875">
        <ele>9.3999996185302734375</ele>
        <time>2025-06-04T07:36:42.000Z</time>
        <extensions>
          <ns3:TrackPointExtension>
            <ns3:atemp>21.0</ns3:atemp>
            <ns3:hr>140</ns3:hr>
          </ns3:TrackPointExtension>
        </extensions>
      </trkpt>
      <trkpt lat="59.97117835097014904022216796875" lon="30.31458285637199878692626953125">
        <ele>9.6000003814697265625</ele>
        <time>2025-06-04T07:36:45.000Z</time>
        <extensions>
          <ns3:TrackPointExtension>
            <ns3:atemp>21.0</ns3:atemp>
            <ns3:hr>141</ns3:hr>
          </ns3:TrackPointExtension>
        </extensions>
      </trkpt>
      <trkpt lat="59.9711625091731548309326171875" lon="30.31452384777367115020751953125">
        <ele>9.80000019073486328125</ele>
        <time>2025-06-04T07:36:46.000Z</time>
        <extensions>
          <ns3:TrackPointExtension>
            <ns3:atemp>21.0</ns3:atemp>
            <ns3:hr>144</ns3:hr>
          </ns3:TrackPointExtension>
        </extensions>
      </trkpt>
      <trkpt lat="59.9711393751204013824462890625" lon="30.31442460604012012481689453125">
        <ele>9.6000003814697265625</ele>
        <time>2025-06-04T07:36:48.000Z</time>
        <extensions>
          <ns3:TrackPointExtension>
            <ns3:atemp>21.0</ns3:atemp>
            <ns3:hr>142</ns3:hr>
          </ns3:TrackPointExtension>
        </extensions>
      </trkpt>
      <trkpt lat="59.97111179865896701812744140625" lon="30.31436006538569927215576171875">
        <ele>9.3999996185302734375</ele>
        <time>2025-06-04T07:36:50.000Z</time>
        <extensions>
          <ns3:TrackPointExtension>
            <ns3:atemp>21.0</ns3:atemp>
            <ns3:hr>140</ns3:hr>
          </ns3:TrackPointExtension>
        </extensions>
      </trkpt>
      <trkpt lat="59.9711021594703197479248046875" lon="30.3143241070210933685302734375">
        <ele>9.19999980926513671875</ele>
        <time>2025-06-04T07:36:54.000Z</time>
        <extensions>
          <ns3:TrackPointExtension>
            <ns3:atemp>21.0</ns3:atemp>
            <ns3:hr>138</ns3:hr>
          </ns3:TrackPointExtension>
        </extensions>
      </trkpt>
      <trkpt lat="59.97108262963593006134033203125" lon="30.3143334947526454925537109375">
        <ele>9.3999996185302734375</ele>
        <time>2025-06-04T07:37:04.000Z</time>
        <extensions>
          <ns3:TrackPointExtension>
            <ns3:atemp>21.0</ns3:atemp>
            <ns3:hr>134</ns3:hr>
          </ns3:TrackPointExtension>
        </extensions>
      </trkpt>
      <trkpt lat="59.9710810370743274688720703125" lon="30.31433341093361377716064453125">
        <ele>9.19999980926513671875</ele>
        <time>2025-06-04T07:37:07.000Z</time>
        <extensions>
          <ns3:TrackPointExtension>
            <ns3:atemp>21.0</ns3:atemp>
            <ns3:hr>136</ns3:hr>
          </ns3:TrackPointExtension>
        </extensions>
      </trkpt>
      <trkpt lat="59.97107081115245819091796875" lon="30.314323268830776214599609375">
        <ele>8.80000019073486328125</ele>
        <time>2025-06-04T07:37:11.000Z</time>
        <extensions>
          <ns3:TrackPointExtension>
            <ns3:atemp>21.0</ns3:atemp>
            <ns3:hr>135</ns3:hr>
          </ns3:TrackPointExtension>
        </extensions>
      </trkpt>
      <trkpt lat="59.97103367932140827178955078125" lon="30.314275659620761871337890625">
        <ele>8.6000003814697265625</ele>
        <time>2025-06-04T07:37:13.000Z</time>
        <extensions>
          <ns3:TrackPointExtension>
            <ns3:atemp>21.0</ns3:atemp>
            <ns3:hr>134</ns3:hr>
          </ns3:TrackPointExtension>
        </extensions>
      </trkpt>
      <trkpt lat="59.97089956887066364288330078125" lon="30.31423852778971195220947265625">
        <ele>7.80000019073486328125</ele>
        <time>2025-06-04T07:37:17.000Z</time>
        <extensions>
          <ns3:TrackPointExtension>
            <ns3:atemp>21.0</ns3:atemp>
            <ns3:hr>135</ns3:hr>
          </ns3:TrackPointExtension>
        </extensions>
      </trkpt>
      <trkpt lat="59.970863945782184600830078125" lon="30.3142369352281093597412109375">
        <ele>7.599999904632568359375</ele>
        <time>2025-06-04T07:37:18.000Z</time>
        <extensions>
          <ns3:TrackPointExtension>
            <ns3:atemp>21.0</ns3:atemp>
            <ns3:hr>134</ns3:hr>
          </ns3:TrackPointExtension>
        </extensions>
      </trkpt>
      <trkpt lat="59.970753975212574005126953125" lon="30.314226709306240081787109375">
        <ele>7.400000095367431640625</ele>
        <time>2025-06-04T07:37:21.000Z</time>
        <extensions>
          <ns3:TrackPointExtension>
            <ns3:atemp>21.0</ns3:atemp>
            <ns3:hr>131</ns3:hr>
          </ns3:TrackPointExtension>
        </extensions>
      </trkpt>
      <trkpt lat="59.97061911039054393768310546875" lon="30.31421204097568988800048828125">
        <ele>7.400000095367431640625</ele>
        <time>2025-06-04T07:37:25.000Z</time>
        <extensions>
          <ns3:TrackPointExtension>
            <ns3:atemp>21.0</ns3:atemp>
            <ns3:hr>130</ns3:hr>
          </ns3:TrackPointExtension>
        </extensions>
      </trkpt>
      <trkpt lat="59.97052489779889583587646484375" lon="30.31419846229255199432373046875">
        <ele>7.80000019073486328125</ele>
        <time>2025-06-04T07:37:28.000Z</time>
        <extensions>
          <ns3:TrackPointExtension>
            <ns3:atemp>21.0</ns3:atemp>
            <ns3:hr>126</ns3:hr>
          </ns3:TrackPointExtension>
        </extensions>
      </trkpt>
      <trkpt lat="59.970383830368518829345703125" lon="30.314171724021434783935546875">
        <ele>8</ele>
        <time>2025-06-04T07:37:32.000Z</time>
        <extensions>
          <ns3:TrackPointExtension>
            <ns3:atemp>21.0</ns3:atemp>
            <ns3:hr>126</ns3:hr>
          </ns3:TrackPointExtension>
        </extensions>
      </trkpt>
      <trkpt lat="59.970177970826625823974609375" lon="30.31417231075465679168701171875">
        <ele>8.3999996185302734375</ele>
        <time>2025-06-04T07:37:37.000Z</time>
        <extensions>
          <ns3:TrackPointExtension>
            <ns3:atemp>21.0</ns3:atemp>
            <ns3:hr>119</ns3:hr>
          </ns3:TrackPointExtension>
        </extensions>
      </trkpt>
      <trkpt lat="59.97003925032913684844970703125" lon="30.314151942729949951171875">
        <ele>8.80000019073486328125</ele>
        <time>2025-06-04T07:37:40.000Z</time>
        <extensions>
          <ns3:TrackPointExtension>
            <ns3:atemp>21.0</ns3:atemp>
            <ns3:hr>112</ns3:hr>
          </ns3:TrackPointExtension>
        </extensions>
      </trkpt>
      <trkpt lat="59.96969617903232574462890625" lon="30.3140780143439769744873046875">
        <ele>9.19999980926513671875</ele>
        <time>2025-06-04T07:37:48.000Z</time>
        <extensions>
          <ns3:TrackPointExtension>
            <ns3:atemp>21.0</ns3:atemp>
            <ns3:hr>115</ns3:hr>
          </ns3:TrackPointExtension>
        </extensions>
      </trkpt>
      <trkpt lat="59.969461150467395782470703125" lon="30.3141169063746929168701171875">
        <ele>9.6000003814697265625</ele>
        <time>2025-06-04T07:37:54.000Z</time>
        <extensions>
          <ns3:TrackPointExtension>
            <ns3:atemp>21.0</ns3:atemp>
            <ns3:hr>119</ns3:hr>
          </ns3:TrackPointExtension>
        </extensions>
      </trkpt>
      <trkpt lat="59.96938504278659820556640625" lon="30.314125455915927886962890625">
        <ele>9.6000003814697265625</ele>
        <time>2025-06-04T07:37:56.000Z</time>
        <extensions>
          <ns3:TrackPointExtension>
            <ns3:atemp>21.0</ns3:atemp>
            <ns3:hr>121</ns3:hr>
          </ns3:TrackPointExtension>
        </extensions>
      </trkpt>
      <trkpt lat="59.9691967852413654327392578125" lon="30.314128808677196502685546875">
        <ele>9.3999996185302734375</ele>
        <time>2025-06-04T07:38:01.000Z</time>
        <extensions>
          <ns3:TrackPointExtension>
            <ns3:atemp>21.0</ns3:atemp>
            <ns3:hr>125</ns3:hr>
          </ns3:TrackPointExtension>
        </extensions>
      </trkpt>
      <trkpt lat="59.96915982104837894439697265625" lon="30.31412713229656219482421875">
        <ele>9.3999996185302734375</ele>
        <time>2025-06-04T07:38:02.000Z</time>
        <extensions>
          <ns3:TrackPointExtension>
            <ns3:atemp>21.0</ns3:atemp>
            <ns3:hr>128</ns3:hr>
          </ns3:TrackPointExtension>
        </extensions>
      </trkpt>
      <trkpt lat="59.9691255390644073486328125" lon="30.314116068184375762939453125">
        <ele>9.3999996185302734375</ele>
        <time>2025-06-04T07:38:03.000Z</time>
        <extensions>
          <ns3:TrackPointExtension>
            <ns3:atemp>21.0</ns3:atemp>
            <ns3:hr>131</ns3:hr>
          </ns3:TrackPointExtension>
        </extensions>
      </trkpt>
      <trkpt lat="59.9690891616046428680419921875" lon="30.31410441733896732330322265625">
        <ele>9.3999996185302734375</ele>
        <time>2025-06-04T07:38:04.000Z</time>
        <extensions>
          <ns3:TrackPointExtension>
            <ns3:atemp>21.0</ns3:atemp>
            <ns3:hr>132</ns3:hr>
          </ns3:TrackPointExtension>
        </extensions>
      </trkpt>
      <trkpt lat="59.96886561624705791473388671875" lon="30.31407617032527923583984375">
        <ele>9.6000003814697265625</ele>
        <time>2025-06-04T07:38:10.000Z</time>
        <extensions>
          <ns3:TrackPointExtension>
            <ns3:atemp>21.0</ns3:atemp>
            <ns3:hr>133</ns3:hr>
          </ns3:TrackPointExtension>
        </extensions>
      </trkpt>
      <trkpt lat="59.9685332737863063812255859375" lon="30.314094610512256622314453125">
        <ele>9.19999980926513671875</ele>
        <time>2025-06-04T07:38:19.000Z</time>
        <extensions>
          <ns3:TrackPointExtension>
            <ns3:atemp>21.0</ns3:atemp>
            <ns3:hr>134</ns3:hr>
          </ns3:TrackPointExtension>
        </extensions>
      </trkpt>
      <trkpt lat="59.96840813197195529937744140625" lon="30.314108692109584808349609375">
        <ele>9.19999980926513671875</ele>
        <time>2025-06-04T07:38:24.000Z</time>
        <extensions>
          <ns3:TrackPointExtension>
            <ns3:atemp>22.0</ns3:atemp>
            <ns3:hr>135</ns3:hr>
          </ns3:TrackPointExtension>
        </extensions>
      </trkpt>
      <trkpt lat="59.96837041340768337249755859375" lon="30.31411514617502689361572265625">
        <ele>8.80000019073486328125</ele>
        <time>2025-06-04T07:38:29.000Z</time>
        <extensions>
          <ns3:TrackPointExtension>
            <ns3:atemp>22.0</ns3:atemp>
            <ns3:hr>136</ns3:hr>
          </ns3:TrackPointExtension>
        </extensions>
      </trkpt>
      <trkpt lat="59.96835415251553058624267578125" lon="30.31410994939506053924560546875">
        <ele>8.3999996185302734375</ele>
        <time>2025-06-04T07:38:33.000Z</time>
        <extensions>
          <ns3:TrackPointExtension>
            <ns3:atemp>22.0</ns3:atemp>
            <ns3:hr>137</ns3:hr>
          </ns3:TrackPointExtension>
        </extensions>
      </trkpt>
      <trkpt lat="59.96831727214157581329345703125" lon="30.31410324387252330780029296875">
        <ele>8.19999980926513671875</ele>
        <time>2025-06-04T07:38:35.000Z</time>
        <extensions>
          <ns3:TrackPointExtension>
            <ns3:atemp>22.0</ns3:atemp>
            <ns3:hr>138</ns3:hr>
          </ns3:TrackPointExtension>
        </extensions>
      </trkpt>
      <trkpt lat="59.968209899961948394775390625" lon="30.31409083865582942962646484375">
        <ele>8.3999996185302734375</ele>
        <time>2025-06-04T07:38:38.000Z</time>
        <extensions>
          <ns3:TrackPointExtension>
            <ns3:atemp>22.0</ns3:atemp>
            <ns3:hr>138</ns3:hr>
          </ns3:TrackPointExtension>
        </extensions>
      </trkpt>
      <trkpt lat="59.96816975064575672149658203125" lon="30.31409134157001972198486328125">
        <ele>8.19999980926513671875</ele>
        <time>2025-06-04T07:38:39.000Z</time>
        <extensions>
          <ns3:TrackPointExtension>
            <ns3:atemp>22.0</ns3:atemp>
            <ns3:hr>138</ns3:hr>
          </ns3:TrackPointExtension>
        </extensions>
      </trkpt>
      <trkpt lat="59.96802172623574733734130859375" lon="30.31406275928020477294921875">
        <ele>9.19999980926513671875</ele>
        <time>2025-06-04T07:38:44.000Z</time>
        <extensions>
          <ns3:TrackPointExtension>
            <ns3:atemp>22.0</ns3:atemp>
            <ns3:hr>136</ns3:hr>
          </ns3:TrackPointExtension>
        </extensions>
      </trkpt>
      <trkpt lat="59.96794997714459896087646484375" lon="30.3140186704695224761962890625">
        <ele>10</ele>
        <time>2025-06-04T07:38:48.000Z</time>
        <extensions>
          <ns3:TrackPointExtension>
            <ns3:atemp>22.0</ns3:atemp>
            <ns3:hr>137</ns3:hr>
          </ns3:TrackPointExtension>
        </extensions>
      </trkpt>
      <trkpt lat="59.9679210595786571502685546875" lon="30.31400584615767002105712890625">
        <ele>10.3999996185302734375</ele>
        <time>2025-06-04T07:38:51.000Z</time>
        <extensions>
          <ns3:TrackPointExtension>
            <ns3:atemp>22.0</ns3:atemp>
            <ns3:hr>139</ns3:hr>
          </ns3:TrackPointExtension>
        </extensions>
      </trkpt>
      <trkpt lat="59.96787470765411853790283203125" lon="30.31399109400808811187744140625">
        <ele>10.3999996185302734375</ele>
        <time>2025-06-04T07:38:55.000Z</time>
        <extensions>
          <ns3:TrackPointExtension>
            <ns3:atemp>22.0</ns3:atemp>
            <ns3:hr>136</ns3:hr>
          </ns3:TrackPointExtension>
        </extensions>
      </trkpt>
      <trkpt lat="59.9678295291960239410400390625" lon="30.31395672820508480072021484375">
        <ele>10.19999980926513671875</ele>
        <time>2025-06-04T07:38:57.000Z</time>
        <extensions>
          <ns3:TrackPointExtension>
            <ns3:atemp>22.0</ns3:atemp>
            <ns3:hr>134</ns3:hr>
          </ns3:TrackPointExtension>
        </extensions>
      </trkpt>
      <trkpt lat="59.96779876761138439178466796875" lon="30.3139385394752025604248046875">
        <ele>10.19999980926513671875</ele>
        <time>2025-06-04T07:38:58.000Z</time>
        <extensions>
          <ns3:TrackPointExtension>
            <ns3:atemp>22.0</ns3:atemp>
            <ns3:hr>131</ns3:hr>
          </ns3:TrackPointExtension>
        </extensions>
      </trkpt>
      <trkpt lat="59.9676960892975330352783203125" lon="30.313912890851497650146484375">
        <ele>9.80000019073486328125</ele>
        <time>2025-06-04T07:39:01.000Z</time>
        <extensions>
          <ns3:TrackPointExtension>
            <ns3:atemp>22.0</ns3:atemp>
            <ns3:hr>134</ns3:hr>
          </ns3:TrackPointExtension>
        </extensions>
      </trkpt>
      <trkpt lat="59.9676722846925258636474609375" lon="30.3139110468327999114990234375">
        <ele>9.6000003814697265625</ele>
        <time>2025-06-04T07:39:02.000Z</time>
        <extensions>
          <ns3:TrackPointExtension>
            <ns3:atemp>22.0</ns3:atemp>
            <ns3:hr>135</ns3:hr>
          </ns3:TrackPointExtension>
        </extensions>
      </trkpt>
      <trkpt lat="59.9675953388214111328125" lon="30.31387223862111568450927734375">
        <ele>9.19999980926513671875</ele>
        <time>2025-06-04T07:39:07.000Z</time>
        <extensions>
          <ns3:TrackPointExtension>
            <ns3:atemp>22.0</ns3:atemp>
            <ns3:hr>138</ns3:hr>
          </ns3:TrackPointExtension>
        </extensions>
      </trkpt>
      <trkpt lat="59.96745049953460693359375" lon="30.3138473443686962127685546875">
        <ele>9.19999980926513671875</ele>
        <time>2025-06-04T07:39:14.000Z</time>
        <extensions>
          <ns3:TrackPointExtension>
            <ns3:atemp>22.0</ns3:atemp>
            <ns3:hr>135</ns3:hr>
          </ns3:TrackPointExtension>
        </extensions>
      </trkpt>
      <trkpt lat="59.967410266399383544921875" lon="30.31387475319206714630126953125">
        <ele>8.80000019073486328125</ele>
        <time>2025-06-04T07:39:17.000Z</time>
        <extensions>
          <ns3:TrackPointExtension>
            <ns3:atemp>22.0</ns3:atemp>
            <ns3:hr>134</ns3:hr>
          </ns3:TrackPointExtension>
        </extensions>
      </trkpt>
      <trkpt lat="59.96738411486148834228515625" lon="30.31389168463647365570068359375">
        <ele>8.6000003814697265625</ele>
        <time>2025-06-04T07:39:19.000Z</time>
        <extensions>
          <ns3:TrackPointExtension>
            <ns3:atemp>22.0</ns3:atemp>
            <ns3:hr>135</ns3:hr>
          </ns3:TrackPointExtension>
        </extensions>
      </trkpt>
      <trkpt lat="59.96729920618236064910888671875" lon="30.313924960792064666748046875">
        <ele>8.19999980926513671875</ele>
        <time>2025-06-04T07:39:23.000Z</time>
        <extensions>
          <ns3:TrackPointExtension>
            <ns3:atemp>22.0</ns3:atemp>
            <ns3:hr>132</ns3:hr>
          </ns3:TrackPointExtension>
        </extensions>
      </trkpt>
      <trkpt lat="59.96724908240139484405517578125" lon="30.31393392942845821380615234375">
        <ele>8.3999996185302734375</ele>
        <time>2025-06-04T07:39:25.000Z</time>
        <extensions>
          <ns3:TrackPointExtension>
            <ns3:atemp>22.0</ns3:atemp>
            <ns3:hr>132</ns3:hr>
          </ns3:TrackPointExtension>
        </extensions>
      </trkpt>
      <trkpt lat="59.96705152094364166259765625" lon="30.313855893909931182861328125">
        <ele>9</ele>
        <time>2025-06-04T07:39:30.000Z</time>
        <extensions>
          <ns3:TrackPointExtension>
            <ns3:atemp>22.0</ns3:atemp>
            <ns3:hr>131</ns3:hr>
          </ns3:TrackPointExtension>
        </extensions>
      </trkpt>
      <trkpt lat="59.9669303186237812042236328125" lon="30.31384306959807872772216796875">
        <ele>9.19999980926513671875</ele>
        <time>2025-06-04T07:39:35.000Z</time>
        <extensions>
          <ns3:TrackPointExtension>
            <ns3:atemp>22.0</ns3:atemp>
            <ns3:hr>130</ns3:hr>
          </ns3:TrackPointExtension>
        </extensions>
      </trkpt>
      <trkpt lat="59.96687583625316619873046875" lon="30.31380032189190387725830078125">
        <ele>9.19999980926513671875</ele>
        <time>2025-06-04T07:39:36.000Z</time>
        <extensions>
          <ns3:TrackPointExtension>
            <ns3:atemp>22.0</ns3:atemp>
            <ns3:hr>130</ns3:hr>
          </ns3:TrackPointExtension>
        </extensions>
      </trkpt>
      <trkpt lat="59.9668049253523349761962890625" lon="30.31367593444883823394775390625">
        <ele>9.19999980926513671875</ele>
        <time>2025-06-04T07:39:39.000Z</time>
        <extensions>
          <ns3:TrackPointExtension>
            <ns3:atemp>22.0</ns3:atemp>
            <ns3:hr>125</ns3:hr>
          </ns3:TrackPointExtension>
        </extensions>
      </trkpt>
      <trkpt lat="59.96680735610425472259521484375" lon="30.31365782953798770904541015625">
        <ele>9.3999996185302734375</ele>
        <time>2025-06-04T07:39:40.000Z</time>
        <extensions>
          <ns3:TrackPointExtension>
            <ns3:atemp>22.0</ns3:atemp>
            <ns3:hr>121</ns3:hr>
          </ns3:TrackPointExtension>
        </extensions>
      </trkpt>
      <trkpt lat="59.966763518750667572021484375" lon="30.31366847455501556396484375">
        <ele>9.3999996185302734375</ele>
        <time>2025-06-04T07:39:43.000Z</time>
        <extensions>
          <ns3:TrackPointExtension>
            <ns3:atemp>22.0</ns3:atemp>
            <ns3:hr>118</ns3:hr>
          </ns3:TrackPointExtension>
        </extensions>
      </trkpt>
      <trkpt lat="59.96673946268856525421142578125" lon="30.313669145107269287109375">
        <ele>9.3999996185302734375</ele>
        <time>2025-06-04T07:39:44.000Z</time>
        <extensions>
          <ns3:TrackPointExtension>
            <ns3:atemp>22.0</ns3:atemp>
            <ns3:hr>118</ns3:hr>
          </ns3:TrackPointExtension>
        </extensions>
      </trkpt>
      <trkpt lat="59.96672152541577816009521484375" lon="30.313660092651844024658203125">
        <ele>9.6000003814697265625</ele>
        <time>2025-06-04T07:39:45.000Z</time>
        <extensions>
          <ns3:TrackPointExtension>
            <ns3:atemp>22.0</ns3:atemp>
            <ns3:hr>118</ns3:hr>
          </ns3:TrackPointExtension>
        </extensions>
      </trkpt>
      <trkpt lat="59.96667978353798389434814453125" lon="30.3136257268488407135009765625">
        <ele>9.80000019073486328125</ele>
        <time>2025-06-04T07:39:49.000Z</time>
        <extensions>
          <ns3:TrackPointExtension>
            <ns3:atemp>22.0</ns3:atemp>
            <ns3:hr>119</ns3:hr>
          </ns3:TrackPointExtension>
        </extensions>
      </trkpt>
      <trkpt lat="59.96664508245885372161865234375" lon="30.3136119805276393890380859375">
        <ele>9.80000019073486328125</ele>
        <time>2025-06-04T07:39:51.000Z</time>
        <extensions>
          <ns3:TrackPointExtension>
            <ns3:atemp>22.0</ns3:atemp>
            <ns3:hr>118</ns3:hr>
          </ns3:TrackPointExtension>
        </extensions>
      </trkpt>
      <trkpt lat="59.96660987846553325653076171875" lon="30.31357317231595516204833984375">
        <ele>9.80000019073486328125</ele>
        <time>2025-06-04T07:39:53.000Z</time>
        <extensions>
          <ns3:TrackPointExtension>
            <ns3:atemp>22.0</ns3:atemp>
            <ns3:hr>118</ns3:hr>
          </ns3:TrackPointExtension>
        </extensions>
      </trkpt>
      <trkpt lat="59.9664947949349880218505859375" lon="30.31345582567155361175537109375">
        <ele>9.80000019073486328125</ele>
        <time>2025-06-04T07:39:59.000Z</time>
        <extensions>
          <ns3:TrackPointExtension>
            <ns3:atemp>22.0</ns3:atemp>
            <ns3:hr>118</ns3:hr>
          </ns3:TrackPointExtension>
        </extensions>
      </trkpt>
      <trkpt lat="59.966473169624805450439453125" lon="30.31342296861112117767333984375">
        <ele>9.80000019073486328125</ele>
        <time>2025-06-04T07:40:00.000Z</time>
        <extensions>
          <ns3:TrackPointExtension>
            <ns3:atemp>22.0</ns3:atemp>
            <ns3:hr>118</ns3:hr>
          </ns3:TrackPointExtension>
        </extensions>
      </trkpt>
      <trkpt lat="59.96641843579709529876708984375" lon="30.313383154571056365966796875">
        <ele>9.80000019073486328125</ele>
        <time>2025-06-04T07:40:02.000Z</time>
        <extensions>
          <ns3:TrackPointExtension>
            <ns3:atemp>22.0</ns3:atemp>
            <ns3:hr>121</ns3:hr>
          </ns3:TrackPointExtension>
        </extensions>
      </trkpt>
      <trkpt lat="59.96640820987522602081298828125" lon="30.31336513347923755645751953125">
        <ele>9.80000019073486328125</ele>
        <time>2025-06-04T07:40:03.000Z</time>
        <extensions>
          <ns3:TrackPointExtension>
            <ns3:atemp>22.0</ns3:atemp>
            <ns3:hr>122</ns3:hr>
          </ns3:TrackPointExtension>
        </extensions>
      </trkpt>
      <trkpt lat="59.96635280549526214599609375" lon="30.31328718177974224090576171875">
        <ele>9.80000019073486328125</ele>
        <time>2025-06-04T07:40:07.000Z</time>
        <extensions>
          <ns3:TrackPointExtension>
            <ns3:atemp>22.0</ns3:atemp>
            <ns3:hr>123</ns3:hr>
          </ns3:TrackPointExtension>
        </extensions>
      </trkpt>
      <trkpt lat="59.966338388621807098388671875" lon="30.3132681548595428466796875">
        <ele>9.80000019073486328125</ele>
        <time>2025-06-04T07:40:08.000Z</time>
        <extensions>
          <ns3:TrackPointExtension>
            <ns3:atemp>22.0</ns3:atemp>
            <ns3:hr>123</ns3:hr>
          </ns3:TrackPointExtension>
        </extensions>
      </trkpt>
      <trkpt lat="59.96622003614902496337890625" lon="30.3131385706365108489990234375">
        <ele>9.80000019073486328125</ele>
        <time>2025-06-04T07:40:12.000Z</time>
        <extensions>
          <ns3:TrackPointExtension>
            <ns3:atemp>22.0</ns3:atemp>
            <ns3:hr>123</ns3:hr>
          </ns3:TrackPointExtension>
        </extensions>
      </trkpt>
      <trkpt lat="59.966021217405796051025390625" lon="30.31274378299713134765625">
        <ele>9.6000003814697265625</ele>
        <time>2025-06-04T07:40:17.000Z</time>
        <extensions>
          <ns3:TrackPointExtension>
            <ns3:atemp>22.0</ns3:atemp>
            <ns3:hr>123</ns3:hr>
          </ns3:TrackPointExtension>
        </extensions>
      </trkpt>
      <trkpt lat="59.96604594402015209197998046875" lon="30.31261092983186244964599609375">
        <ele>9.3999996185302734375</ele>
        <time>2025-06-04T07:40:20.000Z</time>
        <extensions>
          <ns3:TrackPointExtension>
            <ns3:atemp>22.0</ns3:atemp>
            <ns3:hr>125</ns3:hr>
          </ns3:TrackPointExtension>
        </extensions>
      </trkpt>
      <trkpt lat="59.96605248190462589263916015625" lon="30.31250012107193470001220703125">
        <ele>8.80000019073486328125</ele>
        <time>2025-06-04T07:40:23.000Z</time>
        <extensions>
          <ns3:TrackPointExtension>
            <ns3:atemp>22.0</ns3:atemp>
            <ns3:hr>126</ns3:hr>
          </ns3:TrackPointExtension>
        </extensions>
      </trkpt>
      <trkpt lat="59.96603052131831645965576171875" lon="30.31236483715474605560302734375">
        <ele>8.6000003814697265625</ele>
        <time>2025-06-04T07:40:26.000Z</time>
        <extensions>
          <ns3:TrackPointExtension>
            <ns3:atemp>22.0</ns3:atemp>
            <ns3:hr>125</ns3:hr>
          </ns3:TrackPointExtension>
        </extensions>
      </trkpt>
      <trkpt lat="59.965991042554378509521484375" lon="30.31214305199682712554931640625">
        <ele>8.3999996185302734375</ele>
        <time>2025-06-04T07:40:30.000Z</time>
        <extensions>
          <ns3:TrackPointExtension>
            <ns3:atemp>22.0</ns3:atemp>
            <ns3:hr>126</ns3:hr>
          </ns3:TrackPointExtension>
        </extensions>
      </trkpt>
      <trkpt lat="59.96598928235471248626708984375" lon="30.31210072338581085205078125">
        <ele>8.19999980926513671875</ele>
        <time>2025-06-04T07:40:31.000Z</time>
        <extensions>
          <ns3:TrackPointExtension>
            <ns3:atemp>22.0</ns3:atemp>
            <ns3:hr>126</ns3:hr>
          </ns3:TrackPointExtension>
        </extensions>
      </trkpt>
      <trkpt lat="59.96604275889694690704345703125" lon="30.31191254965960979461669921875">
        <ele>7.80000019073486328125</ele>
        <time>2025-06-04T07:40:36.000Z</time>
        <extensions>
          <ns3:TrackPointExtension>
            <ns3:atemp>22.0</ns3:atemp>
            <ns3:hr>125</ns3:hr>
          </ns3:TrackPointExtension>
        </extensions>
      </trkpt>
      <trkpt lat="59.9660991691052913665771484375" lon="30.31175061129033565521240234375">
        <ele>7</ele>
        <time>2025-06-04T07:40:42.000Z</time>
        <extensions>
          <ns3:TrackPointExtension>
            <ns3:atemp>22.0</ns3:atemp>
            <ns3:hr>124</ns3:hr>
          </ns3:TrackPointExtension>
        </extensions>
      </trkpt>
      <trkpt lat="59.9661107361316680908203125" lon="30.31170467846095561981201171875">
        <ele>6.80000019073486328125</ele>
        <time>2025-06-04T07:40:45.000Z</time>
        <extensions>
          <ns3:TrackPointExtension>
            <ns3:atemp>22.0</ns3:atemp>
            <ns3:hr>125</ns3:hr>
          </ns3:TrackPointExtension>
        </extensions>
      </trkpt>
      <trkpt lat="59.96611677110195159912109375" lon="30.31169973313808441162109375">
        <ele>6.599999904632568359375</ele>
        <time>2025-06-04T07:40:47.000Z</time>
        <extensions>
          <ns3:TrackPointExtension>
            <ns3:atemp>22.0</ns3:atemp>
            <ns3:hr>123</ns3:hr>
          </ns3:TrackPointExtension>
        </extensions>
      </trkpt>
      <trkpt lat="59.966114424169063568115234375" lon="30.31169026158750057220458984375">
        <ele>5.80000019073486328125</ele>
        <time>2025-06-04T07:40:52.000Z</time>
        <extensions>
          <ns3:TrackPointExtension>
            <ns3:atemp>22.0</ns3:atemp>
            <ns3:hr>116</ns3:hr>
          </ns3:TrackPointExtension>
        </extensions>
      </trkpt>
      <trkpt lat="59.9661139212548732757568359375" lon="30.31168892048299312591552734375">
        <ele>5.80000019073486328125</ele>
        <time>2025-06-04T07:40:53.000Z</time>
        <extensions>
          <ns3:TrackPointExtension>
            <ns3:atemp>22.0</ns3:atemp>
            <ns3:hr>116</ns3:hr>
          </ns3:TrackPointExtension>
        </extensions>
      </trkpt>
      <trkpt lat="59.96611350215971469879150390625" lon="30.311686992645263671875">
        <ele>5.80000019073486328125</ele>
        <time>2025-06-04T07:40:54.000Z</time>
        <extensions>
          <ns3:TrackPointExtension>
            <ns3:atemp>22.0</ns3:atemp>
            <ns3:hr>112</ns3:hr>
          </ns3:TrackPointExtension>
        </extensions>
      </trkpt>
      <trkpt lat="59.9661132507026195526123046875" lon="30.31168523244559764862060546875">
        <ele>5.599999904632568359375</ele>
        <time>2025-06-04T07:40:55.000Z</time>
        <extensions>
          <ns3:TrackPointExtension>
            <ns3:atemp>22.0</ns3:atemp>
            <ns3:hr>115</ns3:hr>
          </ns3:TrackPointExtension>
        </extensions>
      </trkpt>
      <trkpt lat="59.96611149050295352935791015625" lon="30.3116829693317413330078125">
        <ele>5</ele>
        <time>2025-06-04T07:40:59.000Z</time>
        <extensions>
          <ns3:TrackPointExtension>
            <ns3:atemp>23.0</ns3:atemp>
            <ns3:hr>117</ns3:hr>
          </ns3:TrackPointExtension>
        </extensions>
      </trkpt>
      <trkpt lat="59.96611132286489009857177734375" lon="30.3116817958652973175048828125">
        <ele>4.599999904632568359375</ele>
        <time>2025-06-04T07:41:00.000Z</time>
        <extensions>
          <ns3:TrackPointExtension>
            <ns3:atemp>23.0</ns3:atemp>
            <ns3:hr>118</ns3:hr>
          </ns3:TrackPointExtension>
        </extensions>
      </trkpt>
      <trkpt lat="59.966110400855541229248046875" lon="30.31166880391538143157958984375">
        <ele>3.599999904632568359375</ele>
        <time>2025-06-04T07:41:09.000Z</time>
        <extensions>
          <ns3:TrackPointExtension>
            <ns3:atemp>23.0</ns3:atemp>
            <ns3:hr>119</ns3:hr>
          </ns3:TrackPointExtension>
        </extensions>
      </trkpt>
      <trkpt lat="59.96610880829393863677978515625" lon="30.31165773980319499969482421875">
        <ele>3.599999904632568359375</ele>
        <time>2025-06-04T07:41:15.000Z</time>
        <extensions>
          <ns3:TrackPointExtension>
            <ns3:atemp>23.0</ns3:atemp>
            <ns3:hr>116</ns3:hr>
          </ns3:TrackPointExtension>
        </extensions>
      </trkpt>
      <trkpt lat="59.9661088921129703521728515625" lon="30.3116561472415924072265625">
        <ele>3.599999904632568359375</ele>
        <time>2025-06-04T07:41:16.000Z</time>
        <extensions>
          <ns3:TrackPointExtension>
            <ns3:atemp>23.0</ns3:atemp>
            <ns3:hr>118</ns3:hr>
          </ns3:TrackPointExtension>
        </extensions>
      </trkpt>
      <trkpt lat="59.966113753616809844970703125" lon="30.31164717860519886016845703125">
        <ele>3.2000000476837158203125</ele>
        <time>2025-06-04T07:41:19.000Z</time>
        <extensions>
          <ns3:TrackPointExtension>
            <ns3:atemp>23.0</ns3:atemp>
            <ns3:hr>122</ns3:hr>
          </ns3:TrackPointExtension>
        </extensions>
      </trkpt>
      <trkpt lat="59.96612004004418849945068359375" lon="30.31163359992206096649169921875">
        <ele>3.2000000476837158203125</ele>
        <time>2025-06-04T07:41:20.000Z</time>
        <extensions>
          <ns3:TrackPointExtension>
            <ns3:atemp>23.0</ns3:atemp>
            <ns3:hr>122</ns3:hr>
          </ns3:TrackPointExtension>
        </extensions>
      </trkpt>
      <trkpt lat="59.9661430902779102325439453125" lon="30.31156738288700580596923828125">
        <ele>2.7999999523162841796875</ele>
        <time>2025-06-04T07:41:23.000Z</time>
        <extensions>
          <ns3:TrackPointExtension>
            <ns3:atemp>23.0</ns3:atemp>
            <ns3:hr>122</ns3:hr>
          </ns3:TrackPointExtension>
        </extensions>
      </trkpt>
      <trkpt lat="59.9662124924361705780029296875" lon="30.3114558197557926177978515625">
        <ele>3.599999904632568359375</ele>
        <time>2025-06-04T07:41:29.000Z</time>
        <extensions>
          <ns3:TrackPointExtension>
            <ns3:atemp>22.0</ns3:atemp>
            <ns3:hr>126</ns3:hr>
          </ns3:TrackPointExtension>
        </extensions>
      </trkpt>
      <trkpt lat="59.96621944941580295562744140625" lon="30.311450958251953125">
        <ele>4</ele>
        <time>2025-06-04T07:41:30.000Z</time>
        <extensions>
          <ns3:TrackPointExtension>
            <ns3:atemp>22.0</ns3:atemp>
            <ns3:hr>127</ns3:hr>
          </ns3:TrackPointExtension>
        </extensions>
      </trkpt>
      <trkpt lat="59.9662215448915958404541015625" lon="30.3113817237317562103271484375">
        <ele>4.19999980926513671875</ele>
        <time>2025-06-04T07:41:34.000Z</time>
        <extensions>
          <ns3:TrackPointExtension>
            <ns3:atemp>22.0</ns3:atemp>
            <ns3:hr>130</ns3:hr>
          </ns3:TrackPointExtension>
        </extensions>
      </trkpt>
      <trkpt lat="59.96623688377439975738525390625" lon="30.31137577258050441741943359375">
        <ele>4</ele>
        <time>2025-06-04T07:41:36.000Z</time>
        <extensions>
          <ns3:TrackPointExtension>
            <ns3:atemp>22.0</ns3:atemp>
            <ns3:hr>130</ns3:hr>
          </ns3:TrackPointExtension>
        </extensions>
      </trkpt>
      <trkpt lat="59.96625549159944057464599609375" lon="30.31134140677750110626220703125">
        <ele>2.400000095367431640625</ele>
        <time>2025-06-04T07:41:41.000Z</time>
        <extensions>
          <ns3:TrackPointExtension>
            <ns3:atemp>22.0</ns3:atemp>
            <ns3:hr>133</ns3:hr>
          </ns3:TrackPointExtension>
        </extensions>
      </trkpt>
      <trkpt lat="59.9667392112314701080322265625" lon="30.31201355159282684326171875">
        <ele>1.7999999523162841796875</ele>
        <time>2025-06-04T07:42:06.000Z</time>
        <extensions>
          <ns3:TrackPointExtension>
            <ns3:atemp>22.0</ns3:atemp>
            <ns3:hr>136</ns3:hr>
          </ns3:TrackPointExtension>
        </extensions>
      </trkpt>
      <trkpt lat="59.96604762040078639984130859375" lon="30.31127250753343105316162109375">
        <ele>2</ele>
        <time>2025-06-04T07:42:07.000Z</time>
        <extensions>
          <ns3:TrackPointExtension>
            <ns3:atemp>22.0</ns3:atemp>
            <ns3:hr>136</ns3:hr>
          </ns3:TrackPointExtension>
        </extensions>
      </trkpt>
      <trkpt lat="59.96601996012032032012939453125" lon="30.31123277731239795684814453125">
        <ele>2.2000000476837158203125</ele>
        <time>2025-06-04T07:42:09.000Z</time>
        <extensions>
          <ns3:TrackPointExtension>
            <ns3:atemp>22.0</ns3:atemp>
            <ns3:hr>134</ns3:hr>
          </ns3:TrackPointExtension>
        </extensions>
      </trkpt>
      <trkpt lat="59.96599950827658176422119140625" lon="30.31123847700655460357666015625">
        <ele>2.599999904632568359375</ele>
        <time>2025-06-04T07:42:12.000Z</time>
        <extensions>
          <ns3:TrackPointExtension>
            <ns3:atemp>22.0</ns3:atemp>
            <ns3:hr>133</ns3:hr>
          </ns3:TrackPointExtension>
        </extensions>
      </trkpt>
      <trkpt lat="59.96603638865053653717041015625" lon="30.3113069571554660797119140625">
        <ele>3.2000000476837158203125</ele>
        <time>2025-06-04T07:42:18.000Z</time>
        <extensions>
          <ns3:TrackPointExtension>
            <ns3:atemp>23.0</ns3:atemp>
            <ns3:hr>132</ns3:hr>
          </ns3:TrackPointExtension>
        </extensions>
      </trkpt>
      <trkpt lat="59.96596799232065677642822265625" lon="30.311314165592193603515625">
        <ele>3.400000095367431640625</ele>
        <time>2025-06-04T07:42:23.000Z</time>
        <extensions>
          <ns3:TrackPointExtension>
            <ns3:atemp>23.0</ns3:atemp>
            <ns3:hr>132</ns3:hr>
          </ns3:TrackPointExtension>
        </extensions>
      </trkpt>
      <trkpt lat="59.9659627117216587066650390625" lon="30.31134224496781826019287109375">
        <ele>3.400000095367431640625</ele>
        <time>2025-06-04T07:42:25.000Z</time>
        <extensions>
          <ns3:TrackPointExtension>
            <ns3:atemp>23.0</ns3:atemp>
            <ns3:hr>132</ns3:hr>
          </ns3:TrackPointExtension>
        </extensions>
      </trkpt>
      <trkpt lat="59.96596531011164188385009765625" lon="30.31136252917349338531494140625">
        <ele>3.599999904632568359375</ele>
        <time>2025-06-04T07:42:26.000Z</time>
        <extensions>
          <ns3:TrackPointExtension>
            <ns3:atemp>23.0</ns3:atemp>
            <ns3:hr>135</ns3:hr>
          </ns3:TrackPointExtension>
        </extensions>
      </trkpt>
      <trkpt lat="59.965982325375080108642578125" lon="30.31140292994678020477294921875">
        <ele>3.7999999523162841796875</ele>
        <time>2025-06-04T07:42:28.000Z</time>
        <extensions>
          <ns3:TrackPointExtension>
            <ns3:atemp>23.0</ns3:atemp>
            <ns3:hr>138</ns3:hr>
          </ns3:TrackPointExtension>
        </extensions>
      </trkpt>
      <trkpt lat="59.96598710305988788604736328125" lon="30.31149982474744319915771484375">
        <ele>3.7999999523162841796875</ele>
        <time>2025-06-04T07:42:33.000Z</time>
        <extensions>
          <ns3:TrackPointExtension>
            <ns3:atemp>23.0</ns3:atemp>
            <ns3:hr>143</ns3:hr>
          </ns3:TrackPointExtension>
        </extensions>
      </trkpt>
      <trkpt lat="59.96599028818309307098388671875" lon="30.31152941286563873291015625">
        <ele>3.7999999523162841796875</ele>
        <time>2025-06-04T07:42:34.000Z</time>
        <extensions>
          <ns3:TrackPointExtension>
            <ns3:atemp>23.0</ns3:atemp>
            <ns3:hr>143</ns3:hr>
          </ns3:TrackPointExtension>
        </extensions>
      </trkpt>
      <trkpt lat="59.9659645557403564453125" lon="30.31156436540186405181884765625">
        <ele>3.599999904632568359375</ele>
        <time>2025-06-04T07:42:36.000Z</time>
        <extensions>
          <ns3:TrackPointExtension>
            <ns3:atemp>23.0</ns3:atemp>
            <ns3:hr>144</ns3:hr>
          </ns3:TrackPointExtension>
        </extensions>
      </trkpt>
      <trkpt lat="59.9659033678472042083740234375" lon="30.31160493381321430206298828125">
        <ele>3.400000095367431640625</ele>
        <time>2025-06-04T07:42:39.000Z</time>
        <extensions>
          <ns3:TrackPointExtension>
            <ns3:atemp>23.0</ns3:atemp>
            <ns3:hr>143</ns3:hr>
          </ns3:TrackPointExtension>
        </extensions>
      </trkpt>
      <trkpt lat="59.9658286012709140777587890625" lon="30.3117535449564456939697265625">
        <ele>3.2000000476837158203125</ele>
        <time>2025-06-04T07:42:46.000Z</time>
        <extensions>
          <ns3:TrackPointExtension>
            <ns3:atemp>23.0</ns3:atemp>
            <ns3:hr>145</ns3:hr>
          </ns3:TrackPointExtension>
        </extensions>
      </trkpt>
      <trkpt lat="59.96576900593936443328857421875" lon="30.3118427284061908721923828125">
        <ele>3.2000000476837158203125</ele>
        <time>2025-06-04T07:42:51.000Z</time>
        <extensions>
          <ns3:TrackPointExtension>
            <ns3:atemp>23.0</ns3:atemp>
            <ns3:hr>148</ns3:hr>
          </ns3:TrackPointExtension>
        </extensions>
      </trkpt>
      <trkpt lat="59.96575023047626018524169921875" lon="30.3118430636823177337646484375">
        <ele>3.2000000476837158203125</ele>
        <time>2025-06-04T07:42:52.000Z</time>
        <extensions>
          <ns3:TrackPointExtension>
            <ns3:atemp>23.0</ns3:atemp>
            <ns3:hr>145</ns3:hr>
          </ns3:TrackPointExtension>
        </extensions>
      </trkpt>
      <trkpt lat="59.96566322632133960723876953125" lon="30.31186326406896114349365234375">
        <ele>3.400000095367431640625</ele>
        <time>2025-06-04T07:42:55.000Z</time>
        <extensions>
          <ns3:TrackPointExtension>
            <ns3:atemp>23.0</ns3:atemp>
            <ns3:hr>143</ns3:hr>
          </ns3:TrackPointExtension>
        </extensions>
      </trkpt>
      <trkpt lat="59.9655459634959697723388671875" lon="30.31185437925159931182861328125">
        <ele>3.400000095367431640625</ele>
        <time>2025-06-04T07:43:01.000Z</time>
        <extensions>
          <ns3:TrackPointExtension>
            <ns3:atemp>23.0</ns3:atemp>
            <ns3:hr>140</ns3:hr>
          </ns3:TrackPointExtension>
        </extensions>
      </trkpt>
      <trkpt lat="59.96548821218311786651611328125" lon="30.31188773922622203826904296875">
        <ele>3.2000000476837158203125</ele>
        <time>2025-06-04T07:43:08.000Z</time>
        <extensions>
          <ns3:TrackPointExtension>
            <ns3:atemp>23.0</ns3:atemp>
            <ns3:hr>141</ns3:hr>
          </ns3:TrackPointExtension>
        </extensions>
      </trkpt>
      <trkpt lat="59.9654804170131683349609375" lon="30.3118729032576084136962890625">
        <ele>3</ele>
        <time>2025-06-04T07:43:14.000Z</time>
        <extensions>
          <ns3:TrackPointExtension>
            <ns3:atemp>23.0</ns3:atemp>
            <ns3:hr>143</ns3:hr>
          </ns3:TrackPointExtension>
        </extensions>
      </trkpt>
      <trkpt lat="59.9654710292816162109375" lon="30.31185840256512165069580078125">
        <ele>3</ele>
        <time>2025-06-04T07:43:17.000Z</time>
        <extensions>
          <ns3:TrackPointExtension>
            <ns3:atemp>24.0</ns3:atemp>
            <ns3:hr>141</ns3:hr>
          </ns3:TrackPointExtension>
        </extensions>
      </trkpt>
      <trkpt lat="59.96546289883553981781005859375" lon="30.31182722188532352447509765625">
        <ele>2.7999999523162841796875</ele>
        <time>2025-06-04T07:43:19.000Z</time>
        <extensions>
          <ns3:TrackPointExtension>
            <ns3:atemp>24.0</ns3:atemp>
            <ns3:hr>139</ns3:hr>
          </ns3:TrackPointExtension>
        </extensions>
      </trkpt>
      <trkpt lat="59.9654333107173442840576171875" lon="30.3117367811501026153564453125">
        <ele>2.7999999523162841796875</ele>
        <time>2025-06-04T07:43:22.000Z</time>
        <extensions>
          <ns3:TrackPointExtension>
            <ns3:atemp>24.0</ns3:atemp>
            <ns3:hr>140</ns3:hr>
          </ns3:TrackPointExtension>
        </extensions>
      </trkpt>
      <trkpt lat="59.965329878032207489013671875" lon="30.31153134070336818695068359375">
        <ele>3.2000000476837158203125</ele>
        <time>2025-06-04T07:43:26.000Z</time>
        <extensions>
          <ns3:TrackPointExtension>
            <ns3:atemp>24.0</ns3:atemp>
            <ns3:hr>140</ns3:hr>
          </ns3:TrackPointExtension>
        </extensions>
      </trkpt>
      <trkpt lat="59.9651942588388919830322265625" lon="30.3110736049711704254150390625">
        <ele>4.400000095367431640625</ele>
        <time>2025-06-04T07:43:32.000Z</time>
        <extensions>
          <ns3:TrackPointExtension>
            <ns3:atemp>24.0</ns3:atemp>
            <ns3:hr>139</ns3:hr>
          </ns3:TrackPointExtension>
        </extensions>
      </trkpt>
      <trkpt lat="59.965031482279300689697265625" lon="30.31076691113412380218505859375">
        <ele>5.80000019073486328125</ele>
        <time>2025-06-04T07:43:37.000Z</time>
        <extensions>
          <ns3:TrackPointExtension>
            <ns3:atemp>24.0</ns3:atemp>
            <ns3:hr>137</ns3:hr>
          </ns3:TrackPointExtension>
        </extensions>
      </trkpt>
      <trkpt lat="59.9649776704609394073486328125" lon="30.31066984869539737701416015625">
        <ele>6</ele>
        <time>2025-06-04T07:43:39.000Z</time>
        <extensions>
          <ns3:TrackPointExtension>
            <ns3:atemp>24.0</ns3:atemp>
            <ns3:hr>137</ns3:hr>
          </ns3:TrackPointExtension>
        </extensions>
      </trkpt>
      <trkpt lat="59.96484808623790740966796875" lon="30.31051008962094783782958984375">
        <ele>6.599999904632568359375</ele>
        <time>2025-06-04T07:43:43.000Z</time>
        <extensions>
          <ns3:TrackPointExtension>
            <ns3:atemp>24.0</ns3:atemp>
            <ns3:hr>140</ns3:hr>
          </ns3:TrackPointExtension>
        </extensions>
      </trkpt>
      <trkpt lat="59.96481128968298435211181640625" lon="30.3104882128536701202392578125">
        <ele>6.80000019073486328125</ele>
        <time>2025-06-04T07:43:44.000Z</time>
        <extensions>
          <ns3:TrackPointExtension>
            <ns3:atemp>24.0</ns3:atemp>
            <ns3:hr>140</ns3:hr>
          </ns3:TrackPointExtension>
        </extensions>
      </trkpt>
      <trkpt lat="59.96478295885026454925537109375" lon="30.31045761890709400177001953125">
        <ele>6.80000019073486328125</ele>
        <time>2025-06-04T07:43:45.000Z</time>
        <extensions>
          <ns3:TrackPointExtension>
            <ns3:atemp>24.0</ns3:atemp>
            <ns3:hr>140</ns3:hr>
          </ns3:TrackPointExtension>
        </extensions>
      </trkpt>
      <trkpt lat="59.96463954448699951171875" lon="30.3103001229465007781982421875">
        <ele>7.400000095367431640625</ele>
        <time>2025-06-04T07:43:50.000Z</time>
        <extensions>
          <ns3:TrackPointExtension>
            <ns3:atemp>24.0</ns3:atemp>
            <ns3:hr>141</ns3:hr>
          </ns3:TrackPointExtension>
        </extensions>
      </trkpt>
      <trkpt lat="59.964593946933746337890625" lon="30.31024203635752201080322265625">
        <ele>7.80000019073486328125</ele>
        <time>2025-06-04T07:43:53.000Z</time>
        <extensions>
          <ns3:TrackPointExtension>
            <ns3:atemp>24.0</ns3:atemp>
            <ns3:hr>143</ns3:hr>
          </ns3:TrackPointExtension>
        </extensions>
      </trkpt>
      <trkpt lat="59.96459771879017353057861328125" lon="30.310224182903766632080078125">
        <ele>7.80000019073486328125</ele>
        <time>2025-06-04T07:43:54.000Z</time>
        <extensions>
          <ns3:TrackPointExtension>
            <ns3:atemp>24.0</ns3:atemp>
            <ns3:hr>143</ns3:hr>
          </ns3:TrackPointExtension>
        </extensions>
      </trkpt>
      <trkpt lat="59.96461741626262664794921875" lon="30.31016542576253414154052734375">
        <ele>7.599999904632568359375</ele>
        <time>2025-06-04T07:43:58.000Z</time>
        <extensions>
          <ns3:TrackPointExtension>
            <ns3:atemp>24.0</ns3:atemp>
            <ns3:hr>146</ns3:hr>
          </ns3:TrackPointExtension>
        </extensions>
      </trkpt>
      <trkpt lat="59.9646246246993541717529296875" lon="30.310128293931484222412109375">
        <ele>7.400000095367431640625</ele>
        <time>2025-06-04T07:44:05.000Z</time>
        <extensions>
          <ns3:TrackPointExtension>
            <ns3:atemp>24.0</ns3:atemp>
            <ns3:hr>147</ns3:hr>
          </ns3:TrackPointExtension>
        </extensions>
      </trkpt>
      <trkpt lat="59.96460291557013988494873046875" lon="30.310050509870052337646484375">
        <ele>7</ele>
        <time>2025-06-04T07:44:09.000Z</time>
        <extensions>
          <ns3:TrackPointExtension>
            <ns3:atemp>24.0</ns3:atemp>
            <ns3:hr>145</ns3:hr>
          </ns3:TrackPointExtension>
        </extensions>
      </trkpt>
      <trkpt lat="59.96458112262189388275146484375" lon="30.31000684015452861785888671875">
        <ele>7.19999980926513671875</ele>
        <time>2025-06-04T07:44:10.000Z</time>
        <extensions>
          <ns3:TrackPointExtension>
            <ns3:atemp>24.0</ns3:atemp>
            <ns3:hr>143</ns3:hr>
          </ns3:TrackPointExtension>
        </extensions>
      </trkpt>
      <trkpt lat="59.96449713595211505889892578125" lon="30.309900306165218353271484375">
        <ele>7.19999980926513671875</ele>
        <time>2025-06-04T07:44:12.000Z</time>
        <extensions>
          <ns3:TrackPointExtension>
            <ns3:atemp>24.0</ns3:atemp>
            <ns3:hr>143</ns3:hr>
          </ns3:TrackPointExtension>
        </extensions>
      </trkpt>
      <trkpt lat="59.96440225280821323394775390625" lon="30.30979427509009838104248046875">
        <ele>7.19999980926513671875</ele>
        <time>2025-06-04T07:44:14.000Z</time>
        <extensions>
          <ns3:TrackPointExtension>
            <ns3:atemp>24.0</ns3:atemp>
            <ns3:hr>141</ns3:hr>
          </ns3:TrackPointExtension>
        </extensions>
      </trkpt>
      <trkpt lat="59.96426738798618316650390625" lon="30.30960685573518276214599609375">
        <ele>7.400000095367431640625</ele>
        <time>2025-06-04T07:44:17.000Z</time>
        <extensions>
          <ns3:TrackPointExtension>
            <ns3:atemp>24.0</ns3:atemp>
            <ns3:hr>142</ns3:hr>
          </ns3:TrackPointExtension>
        </extensions>
      </trkpt>
      <trkpt lat="59.9641096405684947967529296875" lon="30.30940233729779720306396484375">
        <ele>7.400000095367431640625</ele>
        <time>2025-06-04T07:44:21.000Z</time>
        <extensions>
          <ns3:TrackPointExtension>
            <ns3:atemp>24.0</ns3:atemp>
            <ns3:hr>142</ns3:hr>
          </ns3:TrackPointExtension>
        </extensions>
      </trkpt>
      <trkpt lat="59.96391962282359600067138671875" lon="30.30915942974388599395751953125">
        <ele>7.599999904632568359375</ele>
        <time>2025-06-04T07:44:26.000Z</time>
        <extensions>
          <ns3:TrackPointExtension>
            <ns3:atemp>24.0</ns3:atemp>
            <ns3:hr>139</ns3:hr>
          </ns3:TrackPointExtension>
        </extensions>
      </trkpt>
      <trkpt lat="59.9638491310179233551025390625" lon="30.30905448831617832183837890625">
        <ele>8</ele>
        <time>2025-06-04T07:44:28.000Z</time>
        <extensions>
          <ns3:TrackPointExtension>
            <ns3:atemp>24.0</ns3:atemp>
            <ns3:hr>138</ns3:hr>
          </ns3:TrackPointExtension>
        </extensions>
      </trkpt>
      <trkpt lat="59.963682331144809722900390625" lon="30.308816693723201751708984375">
        <ele>9</ele>
        <time>2025-06-04T07:44:34.000Z</time>
        <extensions>
          <ns3:TrackPointExtension>
            <ns3:atemp>24.0</ns3:atemp>
            <ns3:hr>140</ns3:hr>
          </ns3:TrackPointExtension>
        </extensions>
      </trkpt>
      <trkpt lat="59.9636323750019073486328125" lon="30.30869021080434322357177734375">
        <ele>10</ele>
        <time>2025-06-04T07:44:37.000Z</time>
        <extensions>
          <ns3:TrackPointExtension>
            <ns3:atemp>24.0</ns3:atemp>
            <ns3:hr>141</ns3:hr>
          </ns3:TrackPointExtension>
        </extensions>
      </trkpt>
      <trkpt lat="59.9635822512209415435791015625" lon="30.308578647673130035400390625">
        <ele>10.19999980926513671875</ele>
        <time>2025-06-04T07:44:39.000Z</time>
        <extensions>
          <ns3:TrackPointExtension>
            <ns3:atemp>24.0</ns3:atemp>
            <ns3:hr>141</ns3:hr>
          </ns3:TrackPointExtension>
        </extensions>
      </trkpt>
      <trkpt lat="59.96353841386735439300537109375" lon="30.3083652444183826446533203125">
        <ele>9.19999980926513671875</ele>
        <time>2025-06-04T07:44:43.000Z</time>
        <extensions>
          <ns3:TrackPointExtension>
            <ns3:atemp>24.0</ns3:atemp>
            <ns3:hr>141</ns3:hr>
          </ns3:TrackPointExtension>
        </extensions>
      </trkpt>
      <trkpt lat="59.9635235778987407684326171875" lon="30.30834705568850040435791015625">
        <ele>9.3999996185302734375</ele>
        <time>2025-06-04T07:44:46.000Z</time>
        <extensions>
          <ns3:TrackPointExtension>
            <ns3:atemp>24.0</ns3:atemp>
            <ns3:hr>136</ns3:hr>
          </ns3:TrackPointExtension>
        </extensions>
      </trkpt>
      <trkpt lat="59.9635185487568378448486328125" lon="30.30833733268082141876220703125">
        <ele>9.3999996185302734375</ele>
        <time>2025-06-04T07:44:47.000Z</time>
        <extensions>
          <ns3:TrackPointExtension>
            <ns3:atemp>24.0</ns3:atemp>
            <ns3:hr>131</ns3:hr>
          </ns3:TrackPointExtension>
        </extensions>
      </trkpt>
      <trkpt lat="59.9635182134807109832763671875" lon="30.308327190577983856201171875">
        <ele>9.3999996185302734375</ele>
        <time>2025-06-04T07:44:48.000Z</time>
        <extensions>
          <ns3:TrackPointExtension>
            <ns3:atemp>24.0</ns3:atemp>
            <ns3:hr>127</ns3:hr>
          </ns3:TrackPointExtension>
        </extensions>
      </trkpt>
      <trkpt lat="59.963520057499408721923828125" lon="30.3083055652678012847900390625">
        <ele>9.19999980926513671875</ele>
        <time>2025-06-04T07:44:50.000Z</time>
        <extensions>
          <ns3:TrackPointExtension>
            <ns3:atemp>24.0</ns3:atemp>
            <ns3:hr>123</ns3:hr>
          </ns3:TrackPointExtension>
        </extensions>
      </trkpt>
      <trkpt lat="59.96351980604231357574462890625" lon="30.3082981891930103302001953125">
        <ele>9.19999980926513671875</ele>
        <time>2025-06-04T07:44:51.000Z</time>
        <extensions>
          <ns3:TrackPointExtension>
            <ns3:atemp>24.0</ns3:atemp>
            <ns3:hr>126</ns3:hr>
          </ns3:TrackPointExtension>
        </extensions>
      </trkpt>
      <trkpt lat="59.96351477690041065216064453125" lon="30.30828855000436305999755859375">
        <ele>9</ele>
        <time>2025-06-04T07:44:52.000Z</time>
        <extensions>
          <ns3:TrackPointExtension>
            <ns3:atemp>24.0</ns3:atemp>
            <ns3:hr>129</ns3:hr>
          </ns3:TrackPointExtension>
        </extensions>
      </trkpt>
      <trkpt lat="59.96348158456385135650634765625" lon="30.30823691748082637786865234375">
        <ele>8.80000019073486328125</ele>
        <time>2025-06-04T07:44:54.000Z</time>
        <extensions>
          <ns3:TrackPointExtension>
            <ns3:atemp>24.0</ns3:atemp>
            <ns3:hr>131</ns3:hr>
          </ns3:TrackPointExtension>
        </extensions>
      </trkpt>
      <trkpt lat="59.96341922320425510406494140625" lon="30.3081344068050384521484375">
        <ele>8.6000003814697265625</ele>
        <time>2025-06-04T07:44:56.000Z</time>
        <extensions>
          <ns3:TrackPointExtension>
            <ns3:atemp>24.0</ns3:atemp>
            <ns3:hr>134</ns3:hr>
          </ns3:TrackPointExtension>
        </extensions>
      </trkpt>
      <trkpt lat="59.96338016353547573089599609375" lon="30.3080681897699832916259765625">
        <ele>8.6000003814697265625</ele>
        <time>2025-06-04T07:44:57.000Z</time>
        <extensions>
          <ns3:TrackPointExtension>
            <ns3:atemp>24.0</ns3:atemp>
            <ns3:hr>137</ns3:hr>
          </ns3:TrackPointExtension>
        </extensions>
      </trkpt>
      <trkpt lat="59.96314647607505321502685546875" lon="30.30771170742809772491455078125">
        <ele>8.6000003814697265625</ele>
        <time>2025-06-04T07:45:02.000Z</time>
        <extensions>
          <ns3:TrackPointExtension>
            <ns3:atemp>24.0</ns3:atemp>
            <ns3:hr>136</ns3:hr>
          </ns3:TrackPointExtension>
        </extensions>
      </trkpt>
      <trkpt lat="59.96311076916754245758056640625" lon="30.30764247290790081024169921875">
        <ele>8.6000003814697265625</ele>
        <time>2025-06-04T07:45:03.000Z</time>
        <extensions>
          <ns3:TrackPointExtension>
            <ns3:atemp>23.0</ns3:atemp>
            <ns3:hr>133</ns3:hr>
          </ns3:TrackPointExtension>
        </extensions>
      </trkpt>
      <trkpt lat="59.96300130151212215423583984375" lon="30.30746075324714183807373046875">
        <ele>8.3999996185302734375</ele>
        <time>2025-06-04T07:45:06.000Z</time>
        <extensions>
          <ns3:TrackPointExtension>
            <ns3:atemp>23.0</ns3:atemp>
            <ns3:hr>136</ns3:hr>
          </ns3:TrackPointExtension>
        </extensions>
      </trkpt>
      <trkpt lat="59.9629623256623744964599609375" lon="30.3074016608297824859619140625">
        <ele>8.3999996185302734375</ele>
        <time>2025-06-04T07:45:07.000Z</time>
        <extensions>
          <ns3:TrackPointExtension>
            <ns3:atemp>23.0</ns3:atemp>
            <ns3:hr>136</ns3:hr>
          </ns3:TrackPointExtension>
        </extensions>
      </trkpt>
      <trkpt lat="59.962868280708789825439453125" lon="30.30729160644114017486572265625">
        <ele>8.6000003814697265625</ele>
        <time>2025-06-04T07:45:09.000Z</time>
        <extensions>
          <ns3:TrackPointExtension>
            <ns3:atemp>23.0</ns3:atemp>
            <ns3:hr>137</ns3:hr>
          </ns3:TrackPointExtension>
        </extensions>
      </trkpt>
      <trkpt lat="59.96269905008375644683837890625" lon="30.306965298950672149658203125">
        <ele>9</ele>
        <time>2025-06-04T07:45:14.000Z</time>
        <extensions>
          <ns3:TrackPointExtension>
            <ns3:atemp>23.0</ns3:atemp>
            <ns3:hr>138</ns3:hr>
          </ns3:TrackPointExtension>
        </extensions>
      </trkpt>
      <trkpt lat="59.96262679807841777801513671875" lon="30.3068461082875728607177734375">
        <ele>9.3999996185302734375</ele>
        <time>2025-06-04T07:45:16.000Z</time>
        <extensions>
          <ns3:TrackPointExtension>
            <ns3:atemp>23.0</ns3:atemp>
            <ns3:hr>139</ns3:hr>
          </ns3:TrackPointExtension>
        </extensions>
      </trkpt>
      <trkpt lat="59.962587654590606689453125" lon="30.3067901171743869781494140625">
        <ele>9.80000019073486328125</ele>
        <time>2025-06-04T07:45:17.000Z</time>
        <extensions>
          <ns3:TrackPointExtension>
            <ns3:atemp>23.0</ns3:atemp>
            <ns3:hr>139</ns3:hr>
          </ns3:TrackPointExtension>
        </extensions>
      </trkpt>
      <trkpt lat="59.9625093676149845123291015625" lon="30.30665592290461063385009765625">
        <ele>10</ele>
        <time>2025-06-04T07:45:19.000Z</time>
        <extensions>
          <ns3:TrackPointExtension>
            <ns3:atemp>23.0</ns3:atemp>
            <ns3:hr>140</ns3:hr>
          </ns3:TrackPointExtension>
        </extensions>
      </trkpt>
      <trkpt lat="59.9623591639101505279541015625" lon="30.30641117133200168609619140625">
        <ele>10</ele>
        <time>2025-06-04T07:45:23.000Z</time>
        <extensions>
          <ns3:TrackPointExtension>
            <ns3:atemp>23.0</ns3:atemp>
            <ns3:hr>139</ns3:hr>
          </ns3:TrackPointExtension>
        </extensions>
      </trkpt>
      <trkpt lat="59.96229319833219051361083984375" lon="30.30628326348960399627685546875">
        <ele>10</ele>
        <time>2025-06-04T07:45:25.000Z</time>
        <extensions>
          <ns3:TrackPointExtension>
            <ns3:atemp>23.0</ns3:atemp>
            <ns3:hr>138</ns3:hr>
          </ns3:TrackPointExtension>
        </extensions>
      </trkpt>
      <trkpt lat="59.96223066933453083038330078125" lon="30.306174717843532562255859375">
        <ele>10.19999980926513671875</ele>
        <time>2025-06-04T07:45:27.000Z</time>
        <extensions>
          <ns3:TrackPointExtension>
            <ns3:atemp>23.0</ns3:atemp>
            <ns3:hr>137</ns3:hr>
          </ns3:TrackPointExtension>
        </extensions>
      </trkpt>
      <trkpt lat="59.9622046016156673431396484375" lon="30.3061205707490444183349609375">
        <ele>10.3999996185302734375</ele>
        <time>2025-06-04T07:45:28.000Z</time>
        <extensions>
          <ns3:TrackPointExtension>
            <ns3:atemp>23.0</ns3:atemp>
            <ns3:hr>136</ns3:hr>
          </ns3:TrackPointExtension>
        </extensions>
      </trkpt>
      <trkpt lat="59.96211851947009563446044921875" lon="30.3060669265687465667724609375">
        <ele>10.6000003814697265625</ele>
        <time>2025-06-04T07:45:31.000Z</time>
        <extensions>
          <ns3:TrackPointExtension>
            <ns3:atemp>23.0</ns3:atemp>
            <ns3:hr>139</ns3:hr>
          </ns3:TrackPointExtension>
        </extensions>
      </trkpt>
      <trkpt lat="59.96209479868412017822265625" lon="30.3060350753366947174072265625">
        <ele>10.6000003814697265625</ele>
        <time>2025-06-04T07:45:33.000Z</time>
        <extensions>
          <ns3:TrackPointExtension>
            <ns3:atemp>23.0</ns3:atemp>
            <ns3:hr>138</ns3:hr>
          </ns3:TrackPointExtension>
        </extensions>
      </trkpt>
      <trkpt lat="59.96208717115223407745361328125" lon="30.30601973645389080047607421875">
        <ele>10.6000003814697265625</ele>
        <time>2025-06-04T07:45:34.000Z</time>
        <extensions>
          <ns3:TrackPointExtension>
            <ns3:atemp>23.0</ns3:atemp>
            <ns3:hr>139</ns3:hr>
          </ns3:TrackPointExtension>
        </extensions>
      </trkpt>
      <trkpt lat="59.9620580859482288360595703125" lon="30.30588327907025814056396484375">
        <ele>10.6000003814697265625</ele>
        <time>2025-06-04T07:45:38.000Z</time>
        <extensions>
          <ns3:TrackPointExtension>
            <ns3:atemp>23.0</ns3:atemp>
            <ns3:hr>140</ns3:hr>
          </ns3:TrackPointExtension>
        </extensions>
      </trkpt>
      <trkpt lat="59.96204844675958156585693359375" lon="30.30583868734538555145263671875">
        <ele>10.6000003814697265625</ele>
        <time>2025-06-04T07:45:39.000Z</time>
        <extensions>
          <ns3:TrackPointExtension>
            <ns3:atemp>23.0</ns3:atemp>
            <ns3:hr>138</ns3:hr>
          </ns3:TrackPointExtension>
        </extensions>
      </trkpt>
      <trkpt lat="59.962024390697479248046875" lon="30.30575084500014781951904296875">
        <ele>10.80000019073486328125</ele>
        <time>2025-06-04T07:45:42.000Z</time>
        <extensions>
          <ns3:TrackPointExtension>
            <ns3:atemp>23.0</ns3:atemp>
            <ns3:hr>138</ns3:hr>
          </ns3:TrackPointExtension>
        </extensions>
      </trkpt>
      <trkpt lat="59.96200083754956722259521484375" lon="30.3056877292692661285400390625">
        <ele>11.3999996185302734375</ele>
        <time>2025-06-04T07:45:43.000Z</time>
        <extensions>
          <ns3:TrackPointExtension>
            <ns3:atemp>23.0</ns3:atemp>
            <ns3:hr>139</ns3:hr>
          </ns3:TrackPointExtension>
        </extensions>
      </trkpt>
      <trkpt lat="59.96187896467745304107666015625" lon="30.30551321804523468017578125">
        <ele>11.80000019073486328125</ele>
        <time>2025-06-04T07:45:47.000Z</time>
        <extensions>
          <ns3:TrackPointExtension>
            <ns3:atemp>23.0</ns3:atemp>
            <ns3:hr>138</ns3:hr>
          </ns3:TrackPointExtension>
        </extensions>
      </trkpt>
      <trkpt lat="59.9616835825145244598388671875" lon="30.30525430105626583099365234375">
        <ele>11.6000003814697265625</ele>
        <time>2025-06-04T07:45:53.000Z</time>
        <extensions>
          <ns3:TrackPointExtension>
            <ns3:atemp>23.0</ns3:atemp>
            <ns3:hr>137</ns3:hr>
          </ns3:TrackPointExtension>
        </extensions>
      </trkpt>
      <trkpt lat="59.9616128392517566680908203125" lon="30.30511901713907718658447265625">
        <ele>11.6000003814697265625</ele>
        <time>2025-06-04T07:45:55.000Z</time>
        <extensions>
          <ns3:TrackPointExtension>
            <ns3:atemp>23.0</ns3:atemp>
            <ns3:hr>140</ns3:hr>
          </ns3:TrackPointExtension>
        </extensions>
      </trkpt>
      <trkpt lat="59.96140656061470508575439453125" lon="30.30468642711639404296875">
        <ele>11.19999980926513671875</ele>
        <time>2025-06-04T07:46:02.000Z</time>
        <extensions>
          <ns3:TrackPointExtension>
            <ns3:atemp>23.0</ns3:atemp>
            <ns3:hr>139</ns3:hr>
          </ns3:TrackPointExtension>
        </extensions>
      </trkpt>
      <trkpt lat="59.96121964417397975921630859375" lon="30.3045410849153995513916015625">
        <ele>10.80000019073486328125</ele>
        <time>2025-06-04T07:46:06.000Z</time>
        <extensions>
          <ns3:TrackPointExtension>
            <ns3:atemp>23.0</ns3:atemp>
            <ns3:hr>139</ns3:hr>
          </ns3:TrackPointExtension>
        </extensions>
      </trkpt>
      <trkpt lat="59.96116817928850650787353515625" lon="30.3044200502336025238037109375">
        <ele>10.6000003814697265625</ele>
        <time>2025-06-04T07:46:08.000Z</time>
        <extensions>
          <ns3:TrackPointExtension>
            <ns3:atemp>23.0</ns3:atemp>
            <ns3:hr>138</ns3:hr>
          </ns3:TrackPointExtension>
        </extensions>
      </trkpt>
      <trkpt lat="59.96111713349819183349609375" lon="30.30420002527534961700439453125">
        <ele>10.80000019073486328125</ele>
        <time>2025-06-04T07:46:11.000Z</time>
        <extensions>
          <ns3:TrackPointExtension>
            <ns3:atemp>23.0</ns3:atemp>
            <ns3:hr>142</ns3:hr>
          </ns3:TrackPointExtension>
        </extensions>
      </trkpt>
      <trkpt lat="59.96109492145478725433349609375" lon="30.30415627174079418182373046875">
        <ele>11.19999980926513671875</ele>
        <time>2025-06-04T07:46:12.000Z</time>
        <extensions>
          <ns3:TrackPointExtension>
            <ns3:atemp>23.0</ns3:atemp>
            <ns3:hr>142</ns3:hr>
          </ns3:TrackPointExtension>
        </extensions>
      </trkpt>
      <trkpt lat="59.96107061393558979034423828125" lon="30.30414604581892490386962890625">
        <ele>11.3999996185302734375</ele>
        <time>2025-06-04T07:46:13.000Z</time>
        <extensions>
          <ns3:TrackPointExtension>
            <ns3:atemp>23.0</ns3:atemp>
            <ns3:hr>144</ns3:hr>
          </ns3:TrackPointExtension>
        </extensions>
      </trkpt>
      <trkpt lat="59.96105452068150043487548828125" lon="30.304155685007572174072265625">
        <ele>11.3999996185302734375</ele>
        <time>2025-06-04T07:46:15.000Z</time>
        <extensions>
          <ns3:TrackPointExtension>
            <ns3:atemp>23.0</ns3:atemp>
            <ns3:hr>146</ns3:hr>
          </ns3:TrackPointExtension>
        </extensions>
      </trkpt>
      <trkpt lat="59.96101210825145244598388671875" lon="30.30414403416216373443603515625">
        <ele>10.80000019073486328125</ele>
        <time>2025-06-04T07:46:20.000Z</time>
        <extensions>
          <ns3:TrackPointExtension>
            <ns3:atemp>23.0</ns3:atemp>
            <ns3:hr>148</ns3:hr>
          </ns3:TrackPointExtension>
        </extensions>
      </trkpt>
      <trkpt lat="59.96099953539669513702392578125" lon="30.30413280241191387176513671875">
        <ele>10.80000019073486328125</ele>
        <time>2025-06-04T07:46:21.000Z</time>
        <extensions>
          <ns3:TrackPointExtension>
            <ns3:atemp>23.0</ns3:atemp>
            <ns3:hr>148</ns3:hr>
          </ns3:TrackPointExtension>
        </extensions>
      </trkpt>
      <trkpt lat="59.9608589708805084228515625" lon="30.304016210138797760009765625">
        <ele>10.3999996185302734375</ele>
        <time>2025-06-04T07:46:26.000Z</time>
        <extensions>
          <ns3:TrackPointExtension>
            <ns3:atemp>23.0</ns3:atemp>
            <ns3:hr>150</ns3:hr>
          </ns3:TrackPointExtension>
        </extensions>
      </trkpt>
      <trkpt lat="59.960692338645458221435546875" lon="30.3037860430777072906494140625">
        <ele>10.6000003814697265625</ele>
        <time>2025-06-04T07:46:30.000Z</time>
        <extensions>
          <ns3:TrackPointExtension>
            <ns3:atemp>23.0</ns3:atemp>
            <ns3:hr>152</ns3:hr>
          </ns3:TrackPointExtension>
        </extensions>
      </trkpt>
      <trkpt lat="59.96059544384479522705078125" lon="30.30365285463631153106689453125">
        <ele>11</ele>
        <time>2025-06-04T07:46:34.000Z</time>
        <extensions>
          <ns3:TrackPointExtension>
            <ns3:atemp>23.0</ns3:atemp>
            <ns3:hr>151</ns3:hr>
          </ns3:TrackPointExtension>
        </extensions>
      </trkpt>
      <trkpt lat="59.96046192012727260589599609375" lon="30.30341698788106441497802734375">
        <ele>11.19999980926513671875</ele>
        <time>2025-06-04T07:46:39.000Z</time>
        <extensions>
          <ns3:TrackPointExtension>
            <ns3:atemp>23.0</ns3:atemp>
            <ns3:hr>150</ns3:hr>
          </ns3:TrackPointExtension>
        </extensions>
      </trkpt>
      <trkpt lat="59.9602447450160980224609375" lon="30.30307718552649021148681640625">
        <ele>11.19999980926513671875</ele>
        <time>2025-06-04T07:46:44.000Z</time>
        <extensions>
          <ns3:TrackPointExtension>
            <ns3:atemp>23.0</ns3:atemp>
            <ns3:hr>148</ns3:hr>
          </ns3:TrackPointExtension>
        </extensions>
      </trkpt>
      <trkpt lat="59.959934614598751068115234375" lon="30.3025981597602367401123046875">
        <ele>10.80000019073486328125</ele>
        <time>2025-06-04T07:46:50.000Z</time>
        <extensions>
          <ns3:TrackPointExtension>
            <ns3:atemp>23.0</ns3:atemp>
            <ns3:hr>146</ns3:hr>
          </ns3:TrackPointExtension>
        </extensions>
      </trkpt>
      <trkpt lat="59.9595887772738933563232421875" lon="30.30204285867512226104736328125">
        <ele>11.19999980926513671875</ele>
        <time>2025-06-04T07:46:57.000Z</time>
        <extensions>
          <ns3:TrackPointExtension>
            <ns3:atemp>23.0</ns3:atemp>
            <ns3:hr>145</ns3:hr>
          </ns3:TrackPointExtension>
        </extensions>
      </trkpt>
      <trkpt lat="59.95931393466889858245849609375" lon="30.30156190507113933563232421875">
        <ele>11.19999980926513671875</ele>
        <time>2025-06-04T07:47:03.000Z</time>
        <extensions>
          <ns3:TrackPointExtension>
            <ns3:atemp>23.0</ns3:atemp>
            <ns3:hr>144</ns3:hr>
          </ns3:TrackPointExtension>
        </extensions>
      </trkpt>
      <trkpt lat="59.959218464791774749755859375" lon="30.301412455737590789794921875">
        <ele>11.19999980926513671875</ele>
        <time>2025-06-04T07:47:05.000Z</time>
        <extensions>
          <ns3:TrackPointExtension>
            <ns3:atemp>23.0</ns3:atemp>
            <ns3:hr>141</ns3:hr>
          </ns3:TrackPointExtension>
        </extensions>
      </trkpt>
      <trkpt lat="59.95904780924320220947265625" lon="30.30120181851089000701904296875">
        <ele>10.3999996185302734375</ele>
        <time>2025-06-04T07:47:08.000Z</time>
        <extensions>
          <ns3:TrackPointExtension>
            <ns3:atemp>23.0</ns3:atemp>
            <ns3:hr>143</ns3:hr>
          </ns3:TrackPointExtension>
        </extensions>
      </trkpt>
      <trkpt lat="59.95887069962918758392333984375" lon="30.30092655681073665618896484375">
        <ele>10.3999996185302734375</ele>
        <time>2025-06-04T07:47:12.000Z</time>
        <extensions>
          <ns3:TrackPointExtension>
            <ns3:atemp>23.0</ns3:atemp>
            <ns3:hr>145</ns3:hr>
          </ns3:TrackPointExtension>
        </extensions>
      </trkpt>
      <trkpt lat="59.9587722122669219970703125" lon="30.30079881660640239715576171875">
        <ele>10.19999980926513671875</ele>
        <time>2025-06-04T07:47:14.000Z</time>
        <extensions>
          <ns3:TrackPointExtension>
            <ns3:atemp>23.0</ns3:atemp>
            <ns3:hr>145</ns3:hr>
          </ns3:TrackPointExtension>
        </extensions>
      </trkpt>
      <trkpt lat="59.9586342461407184600830078125" lon="30.30059094540774822235107421875">
        <ele>9.6000003814697265625</ele>
        <time>2025-06-04T07:47:17.000Z</time>
        <extensions>
          <ns3:TrackPointExtension>
            <ns3:atemp>23.0</ns3:atemp>
            <ns3:hr>146</ns3:hr>
          </ns3:TrackPointExtension>
        </extensions>
      </trkpt>
      <trkpt lat="59.95849150232970714569091796875" lon="30.3003766201436519622802734375">
        <ele>10.19999980926513671875</ele>
        <time>2025-06-04T07:47:20.000Z</time>
        <extensions>
          <ns3:TrackPointExtension>
            <ns3:atemp>23.0</ns3:atemp>
            <ns3:hr>144</ns3:hr>
          </ns3:TrackPointExtension>
        </extensions>
      </trkpt>
      <trkpt lat="59.9583378620445728302001953125" lon="30.300167910754680633544921875">
        <ele>11</ele>
        <time>2025-06-04T07:47:23.000Z</time>
        <extensions>
          <ns3:TrackPointExtension>
            <ns3:atemp>23.0</ns3:atemp>
            <ns3:hr>140</ns3:hr>
          </ns3:TrackPointExtension>
        </extensions>
      </trkpt>
      <trkpt lat="59.95828446932137012481689453125" lon="30.3000963293015956878662109375">
        <ele>11.19999980926513671875</ele>
        <time>2025-06-04T07:47:24.000Z</time>
        <extensions>
          <ns3:TrackPointExtension>
            <ns3:atemp>23.0</ns3:atemp>
            <ns3:hr>135</ns3:hr>
          </ns3:TrackPointExtension>
        </extensions>
      </trkpt>
      <trkpt lat="59.95824339799582958221435546875" lon="30.3000084869563579559326171875">
        <ele>11.3999996185302734375</ele>
        <time>2025-06-04T07:47:25.000Z</time>
        <extensions>
          <ns3:TrackPointExtension>
            <ns3:atemp>23.0</ns3:atemp>
            <ns3:hr>130</ns3:hr>
          </ns3:TrackPointExtension>
        </extensions>
      </trkpt>
      <trkpt lat="59.95819159783422946929931640625" lon="30.299804471433162689208984375">
        <ele>11.3999996185302734375</ele>
        <time>2025-06-04T07:47:27.000Z</time>
        <extensions>
          <ns3:TrackPointExtension>
            <ns3:atemp>23.0</ns3:atemp>
            <ns3:hr>127</ns3:hr>
          </ns3:TrackPointExtension>
        </extensions>
      </trkpt>
      <trkpt lat="59.95804273523390293121337890625" lon="30.29937137849628925323486328125">
        <ele>10.80000019073486328125</ele>
        <time>2025-06-04T07:47:32.000Z</time>
        <extensions>
          <ns3:TrackPointExtension>
            <ns3:atemp>23.0</ns3:atemp>
            <ns3:hr>129</ns3:hr>
          </ns3:TrackPointExtension>
        </extensions>
      </trkpt>
      <trkpt lat="59.958008117973804473876953125" lon="30.29917356558144092559814453125">
        <ele>11.19999980926513671875</ele>
        <time>2025-06-04T07:47:35.000Z</time>
        <extensions>
          <ns3:TrackPointExtension>
            <ns3:atemp>23.0</ns3:atemp>
            <ns3:hr>127</ns3:hr>
          </ns3:TrackPointExtension>
        </extensions>
      </trkpt>
      <trkpt lat="59.95800719596445560455322265625" lon="30.29911941848695278167724609375">
        <ele>11.3999996185302734375</ele>
        <time>2025-06-04T07:47:36.000Z</time>
        <extensions>
          <ns3:TrackPointExtension>
            <ns3:atemp>23.0</ns3:atemp>
            <ns3:hr>126</ns3:hr>
          </ns3:TrackPointExtension>
        </extensions>
      </trkpt>
      <trkpt lat="59.95801289565861225128173828125" lon="30.299015901982784271240234375">
        <ele>11.6000003814697265625</ele>
        <time>2025-06-04T07:47:41.000Z</time>
        <extensions>
          <ns3:TrackPointExtension>
            <ns3:atemp>23.0</ns3:atemp>
            <ns3:hr>128</ns3:hr>
          </ns3:TrackPointExtension>
        </extensions>
      </trkpt>
      <trkpt lat="59.95799906551837921142578125" lon="30.2989795245230197906494140625">
        <ele>11.3999996185302734375</ele>
        <time>2025-06-04T07:47:51.000Z</time>
        <extensions>
          <ns3:TrackPointExtension>
            <ns3:atemp>23.0</ns3:atemp>
            <ns3:hr>125</ns3:hr>
          </ns3:TrackPointExtension>
        </extensions>
      </trkpt>
      <trkpt lat="59.9579975567758083343505859375" lon="30.29897667467594146728515625">
        <ele>11.19999980926513671875</ele>
        <time>2025-06-04T07:47:54.000Z</time>
        <extensions>
          <ns3:TrackPointExtension>
            <ns3:atemp>23.0</ns3:atemp>
            <ns3:hr>127</ns3:hr>
          </ns3:TrackPointExtension>
        </extensions>
      </trkpt>
      <trkpt lat="59.95799747295677661895751953125" lon="30.29897592030465602874755859375">
        <ele>11.19999980926513671875</ele>
        <time>2025-06-04T07:47:55.000Z</time>
        <extensions>
          <ns3:TrackPointExtension>
            <ns3:atemp>23.0</ns3:atemp>
            <ns3:hr>124</ns3:hr>
          </ns3:TrackPointExtension>
        </extensions>
      </trkpt>
      <trkpt lat="59.95799579657614231109619140625" lon="30.2989748306572437286376953125">
        <ele>10.80000019073486328125</ele>
        <time>2025-06-04T07:47:58.000Z</time>
        <extensions>
          <ns3:TrackPointExtension>
            <ns3:atemp>23.0</ns3:atemp>
            <ns3:hr>127</ns3:hr>
          </ns3:TrackPointExtension>
        </extensions>
      </trkpt>
      <trkpt lat="59.95799395255744457244873046875" lon="30.2989744953811168670654296875">
        <ele>10.19999980926513671875</ele>
        <time>2025-06-04T07:48:00.000Z</time>
        <extensions>
          <ns3:TrackPointExtension>
            <ns3:atemp>23.0</ns3:atemp>
            <ns3:hr>125</ns3:hr>
          </ns3:TrackPointExtension>
        </extensions>
      </trkpt>
      <trkpt lat="59.95799294672906398773193359375" lon="30.2989724837243556976318359375">
        <ele>10.19999980926513671875</ele>
        <time>2025-06-04T07:48:07.000Z</time>
        <extensions>
          <ns3:TrackPointExtension>
            <ns3:atemp>23.0</ns3:atemp>
            <ns3:hr>125</ns3:hr>
          </ns3:TrackPointExtension>
        </extensions>
      </trkpt>
      <trkpt lat="59.95799294672906398773193359375" lon="30.29897239990532398223876953125">
        <ele>10.80000019073486328125</ele>
        <time>2025-06-04T07:48:13.000Z</time>
        <extensions>
          <ns3:TrackPointExtension>
            <ns3:atemp>23.0</ns3:atemp>
            <ns3:hr>128</ns3:hr>
          </ns3:TrackPointExtension>
        </extensions>
      </trkpt>
      <trkpt lat="59.95799244381487369537353515625" lon="30.2989704720675945281982421875">
        <ele>10.80000019073486328125</ele>
        <time>2025-06-04T07:48:17.000Z</time>
        <extensions>
          <ns3:TrackPointExtension>
            <ns3:atemp>23.0</ns3:atemp>
            <ns3:hr>134</ns3:hr>
          </ns3:TrackPointExtension>
        </extensions>
      </trkpt>
      <trkpt lat="59.9579921923577785491943359375" lon="30.29897005297243595123291015625">
        <ele>10.80000019073486328125</ele>
        <time>2025-06-04T07:48:18.000Z</time>
        <extensions>
          <ns3:TrackPointExtension>
            <ns3:atemp>23.0</ns3:atemp>
            <ns3:hr>134</ns3:hr>
          </ns3:TrackPointExtension>
        </extensions>
      </trkpt>
      <trkpt lat="59.95799194090068340301513671875" lon="30.29896938242018222808837890625">
        <ele>10.80000019073486328125</ele>
        <time>2025-06-04T07:48:19.000Z</time>
        <extensions>
          <ns3:TrackPointExtension>
            <ns3:atemp>23.0</ns3:atemp>
            <ns3:hr>139</ns3:hr>
          </ns3:TrackPointExtension>
        </extensions>
      </trkpt>
      <trkpt lat="59.9579915218055248260498046875" lon="30.29896854422986507415771484375">
        <ele>11</ele>
        <time>2025-06-04T07:48:20.000Z</time>
        <extensions>
          <ns3:TrackPointExtension>
            <ns3:atemp>23.0</ns3:atemp>
            <ns3:hr>139</ns3:hr>
          </ns3:TrackPointExtension>
        </extensions>
      </trkpt>
      <trkpt lat="59.957990348339080810546875" lon="30.2989664487540721893310546875">
        <ele>11.3999996185302734375</ele>
        <time>2025-06-04T07:48:22.000Z</time>
        <extensions>
          <ns3:TrackPointExtension>
            <ns3:atemp>23.0</ns3:atemp>
            <ns3:hr>139</ns3:hr>
          </ns3:TrackPointExtension>
        </extensions>
      </trkpt>
      <trkpt lat="59.95798640884459018707275390625" lon="30.2989617548882961273193359375">
        <ele>11.3999996185302734375</ele>
        <time>2025-06-04T07:48:29.000Z</time>
        <extensions>
          <ns3:TrackPointExtension>
            <ns3:atemp>23.0</ns3:atemp>
            <ns3:hr>136</ns3:hr>
          </ns3:TrackPointExtension>
        </extensions>
      </trkpt>
      <trkpt lat="59.9579851515591144561767578125" lon="30.29895965941250324249267578125">
        <ele>11.3999996185302734375</ele>
        <time>2025-06-04T07:48:31.000Z</time>
        <extensions>
          <ns3:TrackPointExtension>
            <ns3:atemp>23.0</ns3:atemp>
            <ns3:hr>133</ns3:hr>
          </ns3:TrackPointExtension>
        </extensions>
      </trkpt>
      <trkpt lat="59.95798355899751186370849609375" lon="30.2989570610225200653076171875">
        <ele>11.3999996185302734375</ele>
        <time>2025-06-04T07:48:35.000Z</time>
        <extensions>
          <ns3:TrackPointExtension>
            <ns3:atemp>23.0</ns3:atemp>
            <ns3:hr>130</ns3:hr>
          </ns3:TrackPointExtension>
        </extensions>
      </trkpt>
      <trkpt lat="59.957982636988162994384765625" lon="30.2989590726792812347412109375">
        <ele>11.19999980926513671875</ele>
        <time>2025-06-04T07:48:40.000Z</time>
        <extensions>
          <ns3:TrackPointExtension>
            <ns3:atemp>23.0</ns3:atemp>
            <ns3:hr>130</ns3:hr>
          </ns3:TrackPointExtension>
        </extensions>
      </trkpt>
      <trkpt lat="59.9579824693500995635986328125" lon="30.29895915649831295013427734375">
        <ele>11</ele>
        <time>2025-06-04T07:48:41.000Z</time>
        <extensions>
          <ns3:TrackPointExtension>
            <ns3:atemp>23.0</ns3:atemp>
            <ns3:hr>130</ns3:hr>
          </ns3:TrackPointExtension>
        </extensions>
      </trkpt>
      <trkpt lat="59.95794332586228847503662109375" lon="30.29887164942920207977294921875">
        <ele>11</ele>
        <time>2025-06-04T07:48:44.000Z</time>
        <extensions>
          <ns3:TrackPointExtension>
            <ns3:atemp>23.0</ns3:atemp>
            <ns3:hr>131</ns3:hr>
          </ns3:TrackPointExtension>
        </extensions>
      </trkpt>
      <trkpt lat="59.95789789594709873199462890625" lon="30.298784561455249786376953125">
        <ele>10.80000019073486328125</ele>
        <time>2025-06-04T07:48:46.000Z</time>
        <extensions>
          <ns3:TrackPointExtension>
            <ns3:atemp>23.0</ns3:atemp>
            <ns3:hr>134</ns3:hr>
          </ns3:TrackPointExtension>
        </extensions>
      </trkpt>
      <trkpt lat="59.95784617960453033447265625" lon="30.29874793253839015960693359375">
        <ele>10.80000019073486328125</ele>
        <time>2025-06-04T07:48:48.000Z</time>
        <extensions>
          <ns3:TrackPointExtension>
            <ns3:atemp>23.0</ns3:atemp>
            <ns3:hr>135</ns3:hr>
          </ns3:TrackPointExtension>
        </extensions>
      </trkpt>
      <trkpt lat="59.95780049823224544525146484375" lon="30.29878757894039154052734375">
        <ele>10.3999996185302734375</ele>
        <time>2025-06-04T07:48:50.000Z</time>
        <extensions>
          <ns3:TrackPointExtension>
            <ns3:atemp>23.0</ns3:atemp>
            <ns3:hr>135</ns3:hr>
          </ns3:TrackPointExtension>
        </extensions>
      </trkpt>
      <trkpt lat="59.95776864700019359588623046875" lon="30.29879839159548282623291015625">
        <ele>10.3999996185302734375</ele>
        <time>2025-06-04T07:48:51.000Z</time>
        <extensions>
          <ns3:TrackPointExtension>
            <ns3:atemp>23.0</ns3:atemp>
            <ns3:hr>135</ns3:hr>
          </ns3:TrackPointExtension>
        </extensions>
      </trkpt>
      <trkpt lat="59.9577457644045352935791015625" lon="30.29879185371100902557373046875">
        <ele>10.3999996185302734375</ele>
        <time>2025-06-04T07:48:52.000Z</time>
        <extensions>
          <ns3:TrackPointExtension>
            <ns3:atemp>23.0</ns3:atemp>
            <ns3:hr>133</ns3:hr>
          </ns3:TrackPointExtension>
        </extensions>
      </trkpt>
      <trkpt lat="59.95764291845262050628662109375" lon="30.2987535484135150909423828125">
        <ele>10.19999980926513671875</ele>
        <time>2025-06-04T07:48:54.000Z</time>
        <extensions>
          <ns3:TrackPointExtension>
            <ns3:atemp>23.0</ns3:atemp>
            <ns3:hr>132</ns3:hr>
          </ns3:TrackPointExtension>
        </extensions>
      </trkpt>
      <trkpt lat="59.95758441276848316192626953125" lon="30.29873049817979335784912109375">
        <ele>10</ele>
        <time>2025-06-04T07:48:55.000Z</time>
        <extensions>
          <ns3:TrackPointExtension>
            <ns3:atemp>23.0</ns3:atemp>
            <ns3:hr>134</ns3:hr>
          </ns3:TrackPointExtension>
        </extensions>
      </trkpt>
      <trkpt lat="59.95749388821423053741455078125" lon="30.2986420691013336181640625">
        <ele>9.19999980926513671875</ele>
        <time>2025-06-04T07:48:57.000Z</time>
        <extensions>
          <ns3:TrackPointExtension>
            <ns3:atemp>23.0</ns3:atemp>
            <ns3:hr>135</ns3:hr>
          </ns3:TrackPointExtension>
        </extensions>
      </trkpt>
      <trkpt lat="59.95744208805263042449951171875" lon="30.29859982430934906005859375">
        <ele>9</ele>
        <time>2025-06-04T07:48:58.000Z</time>
        <extensions>
          <ns3:TrackPointExtension>
            <ns3:atemp>23.0</ns3:atemp>
            <ns3:hr>139</ns3:hr>
          </ns3:TrackPointExtension>
        </extensions>
      </trkpt>
      <trkpt lat="59.957262463867664337158203125" lon="30.2984132431447505950927734375">
        <ele>9.19999980926513671875</ele>
        <time>2025-06-04T07:49:02.000Z</time>
        <extensions>
          <ns3:TrackPointExtension>
            <ns3:atemp>23.0</ns3:atemp>
            <ns3:hr>141</ns3:hr>
          </ns3:TrackPointExtension>
        </extensions>
      </trkpt>
      <trkpt lat="59.95695476420223712921142578125" lon="30.29787017963826656341552734375">
        <ele>10.19999980926513671875</ele>
        <time>2025-06-04T07:49:11.000Z</time>
        <extensions>
          <ns3:TrackPointExtension>
            <ns3:atemp>23.0</ns3:atemp>
            <ns3:hr>138</ns3:hr>
          </ns3:TrackPointExtension>
        </extensions>
      </trkpt>
      <trkpt lat="59.956897012889385223388671875" lon="30.2977329678833484649658203125">
        <ele>10.19999980926513671875</ele>
        <time>2025-06-04T07:49:13.000Z</time>
        <extensions>
          <ns3:TrackPointExtension>
            <ns3:atemp>23.0</ns3:atemp>
            <ns3:hr>143</ns3:hr>
          </ns3:TrackPointExtension>
        </extensions>
      </trkpt>
      <trkpt lat="59.95686239562928676605224609375" lon="30.2976692654192447662353515625">
        <ele>10.19999980926513671875</ele>
        <time>2025-06-04T07:49:14.000Z</time>
        <extensions>
          <ns3:TrackPointExtension>
            <ns3:atemp>23.0</ns3:atemp>
            <ns3:hr>140</ns3:hr>
          </ns3:TrackPointExtension>
        </extensions>
      </trkpt>
      <trkpt lat="59.95666122995316982269287109375" lon="30.29740347526967525482177734375">
        <ele>10.3999996185302734375</ele>
        <time>2025-06-04T07:49:19.000Z</time>
        <extensions>
          <ns3:TrackPointExtension>
            <ns3:atemp>23.0</ns3:atemp>
            <ns3:hr>143</ns3:hr>
          </ns3:TrackPointExtension>
        </extensions>
      </trkpt>
      <trkpt lat="59.95659400708973407745361328125" lon="30.29739375226199626922607421875">
        <ele>10.6000003814697265625</ele>
        <time>2025-06-04T07:49:20.000Z</time>
        <extensions>
          <ns3:TrackPointExtension>
            <ns3:atemp>23.0</ns3:atemp>
            <ns3:hr>143</ns3:hr>
          </ns3:TrackPointExtension>
        </extensions>
      </trkpt>
      <trkpt lat="59.95648772455751895904541015625" lon="30.29719258658587932586669921875">
        <ele>11</ele>
        <time>2025-06-04T07:49:23.000Z</time>
        <extensions>
          <ns3:TrackPointExtension>
            <ns3:atemp>23.0</ns3:atemp>
            <ns3:hr>142</ns3:hr>
          </ns3:TrackPointExtension>
        </extensions>
      </trkpt>
      <trkpt lat="59.95621673762798309326171875" lon="30.29674281366169452667236328125">
        <ele>10.80000019073486328125</ele>
        <time>2025-06-04T07:49:30.000Z</time>
        <extensions>
          <ns3:TrackPointExtension>
            <ns3:atemp>23.0</ns3:atemp>
            <ns3:hr>140</ns3:hr>
          </ns3:TrackPointExtension>
        </extensions>
      </trkpt>
      <trkpt lat="59.95589814148843288421630859375" lon="30.29634450562298297882080078125">
        <ele>11.19999980926513671875</ele>
        <time>2025-06-04T07:49:37.000Z</time>
        <extensions>
          <ns3:TrackPointExtension>
            <ns3:atemp>23.0</ns3:atemp>
            <ns3:hr>140</ns3:hr>
          </ns3:TrackPointExtension>
        </extensions>
      </trkpt>
      <trkpt lat="59.9558781087398529052734375" lon="30.2962634526193141937255859375">
        <ele>11</ele>
        <time>2025-06-04T07:49:38.000Z</time>
        <extensions>
          <ns3:TrackPointExtension>
            <ns3:atemp>23.0</ns3:atemp>
            <ns3:hr>141</ns3:hr>
          </ns3:TrackPointExtension>
        </extensions>
      </trkpt>
      <trkpt lat="59.95577040128409862518310546875" lon="30.29599045403301715850830078125">
        <ele>10.80000019073486328125</ele>
        <time>2025-06-04T07:49:42.000Z</time>
        <extensions>
          <ns3:TrackPointExtension>
            <ns3:atemp>23.0</ns3:atemp>
            <ns3:hr>138</ns3:hr>
          </ns3:TrackPointExtension>
        </extensions>
      </trkpt>
      <trkpt lat="59.95567417703568935394287109375" lon="30.295810997486114501953125">
        <ele>10.6000003814697265625</ele>
        <time>2025-06-04T07:49:45.000Z</time>
        <extensions>
          <ns3:TrackPointExtension>
            <ns3:atemp>23.0</ns3:atemp>
            <ns3:hr>137</ns3:hr>
          </ns3:TrackPointExtension>
        </extensions>
      </trkpt>
      <trkpt lat="59.955477453768253326416015625" lon="30.29562382958829402923583984375">
        <ele>11</ele>
        <time>2025-06-04T07:49:50.000Z</time>
        <extensions>
          <ns3:TrackPointExtension>
            <ns3:atemp>23.0</ns3:atemp>
            <ns3:hr>140</ns3:hr>
          </ns3:TrackPointExtension>
        </extensions>
      </trkpt>
      <trkpt lat="59.95546680875122547149658203125" lon="30.295505560934543609619140625">
        <ele>11.19999980926513671875</ele>
        <time>2025-06-04T07:49:51.000Z</time>
        <extensions>
          <ns3:TrackPointExtension>
            <ns3:atemp>23.0</ns3:atemp>
            <ns3:hr>138</ns3:hr>
          </ns3:TrackPointExtension>
        </extensions>
      </trkpt>
      <trkpt lat="59.955419115722179412841796875" lon="30.2954073250293731689453125">
        <ele>10.80000019073486328125</ele>
        <time>2025-06-04T07:49:52.000Z</time>
        <extensions>
          <ns3:TrackPointExtension>
            <ns3:atemp>23.0</ns3:atemp>
            <ns3:hr>139</ns3:hr>
          </ns3:TrackPointExtension>
        </extensions>
      </trkpt>
      <trkpt lat="59.955313168466091156005859375" lon="30.29499334283173084259033203125">
        <ele>10.80000019073486328125</ele>
        <time>2025-06-04T07:49:57.000Z</time>
        <extensions>
          <ns3:TrackPointExtension>
            <ns3:atemp>23.0</ns3:atemp>
            <ns3:hr>142</ns3:hr>
          </ns3:TrackPointExtension>
        </extensions>
      </trkpt>
      <trkpt lat="59.95517847128212451934814453125" lon="30.29490466229617595672607421875">
        <ele>10.80000019073486328125</ele>
        <time>2025-06-04T07:50:00.000Z</time>
        <extensions>
          <ns3:TrackPointExtension>
            <ns3:atemp>23.0</ns3:atemp>
            <ns3:hr>143</ns3:hr>
          </ns3:TrackPointExtension>
        </extensions>
      </trkpt>
      <trkpt lat="59.95491159148514270782470703125" lon="30.2945253811776638031005859375">
        <ele>11</ele>
        <time>2025-06-04T07:50:07.000Z</time>
        <extensions>
          <ns3:TrackPointExtension>
            <ns3:atemp>23.0</ns3:atemp>
            <ns3:hr>139</ns3:hr>
          </ns3:TrackPointExtension>
        </extensions>
      </trkpt>
      <trkpt lat="59.9548117630183696746826171875" lon="30.2943584136664867401123046875">
        <ele>10.80000019073486328125</ele>
        <time>2025-06-04T07:50:10.000Z</time>
        <extensions>
          <ns3:TrackPointExtension>
            <ns3:atemp>23.0</ns3:atemp>
            <ns3:hr>140</ns3:hr>
          </ns3:TrackPointExtension>
        </extensions>
      </trkpt>
      <trkpt lat="59.95473858900368213653564453125" lon="30.29424550943076610565185546875">
        <ele>10.19999980926513671875</ele>
        <time>2025-06-04T07:50:12.000Z</time>
        <extensions>
          <ns3:TrackPointExtension>
            <ns3:atemp>22.0</ns3:atemp>
            <ns3:hr>139</ns3:hr>
          </ns3:TrackPointExtension>
        </extensions>
      </trkpt>
      <trkpt lat="59.954663403332233428955078125" lon="30.294151715934276580810546875">
        <ele>10</ele>
        <time>2025-06-04T07:50:14.000Z</time>
        <extensions>
          <ns3:TrackPointExtension>
            <ns3:atemp>22.0</ns3:atemp>
            <ns3:hr>140</ns3:hr>
          </ns3:TrackPointExtension>
        </extensions>
      </trkpt>
      <trkpt lat="59.95460749603807926177978515625" lon="30.29403042979538440704345703125">
        <ele>10</ele>
        <time>2025-06-04T07:50:16.000Z</time>
        <extensions>
          <ns3:TrackPointExtension>
            <ns3:atemp>22.0</ns3:atemp>
            <ns3:hr>141</ns3:hr>
          </ns3:TrackPointExtension>
        </extensions>
      </trkpt>
      <trkpt lat="59.9545509181916713714599609375" lon="30.2938275039196014404296875">
        <ele>11</ele>
        <time>2025-06-04T07:50:19.000Z</time>
        <extensions>
          <ns3:TrackPointExtension>
            <ns3:atemp>22.0</ns3:atemp>
            <ns3:hr>144</ns3:hr>
          </ns3:TrackPointExtension>
        </extensions>
      </trkpt>
      <trkpt lat="59.95453222654759883880615234375" lon="30.29379590414464473724365234375">
        <ele>11</ele>
        <time>2025-06-04T07:50:20.000Z</time>
        <extensions>
          <ns3:TrackPointExtension>
            <ns3:atemp>22.0</ns3:atemp>
            <ns3:hr>144</ns3:hr>
          </ns3:TrackPointExtension>
        </extensions>
      </trkpt>
      <trkpt lat="59.9545163847506046295166015625" lon="30.2937716804444789886474609375">
        <ele>11.3999996185302734375</ele>
        <time>2025-06-04T07:50:21.000Z</time>
        <extensions>
          <ns3:TrackPointExtension>
            <ns3:atemp>22.0</ns3:atemp>
            <ns3:hr>145</ns3:hr>
          </ns3:TrackPointExtension>
        </extensions>
      </trkpt>
      <trkpt lat="59.95446793735027313232421875" lon="30.29367864131927490234375">
        <ele>11.3999996185302734375</ele>
        <time>2025-06-04T07:50:25.000Z</time>
        <extensions>
          <ns3:TrackPointExtension>
            <ns3:atemp>22.0</ns3:atemp>
            <ns3:hr>146</ns3:hr>
          </ns3:TrackPointExtension>
        </extensions>
      </trkpt>
      <trkpt lat="59.95434212498366832733154296875" lon="30.29352617450058460235595703125">
        <ele>11</ele>
        <time>2025-06-04T07:50:30.000Z</time>
        <extensions>
          <ns3:TrackPointExtension>
            <ns3:atemp>22.0</ns3:atemp>
            <ns3:hr>146</ns3:hr>
          </ns3:TrackPointExtension>
        </extensions>
      </trkpt>
      <trkpt lat="59.954259060323238372802734375" lon="30.29339633882045745849609375">
        <ele>11</ele>
        <time>2025-06-04T07:50:33.000Z</time>
        <extensions>
          <ns3:TrackPointExtension>
            <ns3:atemp>22.0</ns3:atemp>
            <ns3:hr>143</ns3:hr>
          </ns3:TrackPointExtension>
        </extensions>
      </trkpt>
      <trkpt lat="59.9541898258030414581298828125" lon="30.29330606572329998016357421875">
        <ele>11</ele>
        <time>2025-06-04T07:50:35.000Z</time>
        <extensions>
          <ns3:TrackPointExtension>
            <ns3:atemp>23.0</ns3:atemp>
            <ns3:hr>142</ns3:hr>
          </ns3:TrackPointExtension>
        </extensions>
      </trkpt>
      <trkpt lat="59.9540808610618114471435546875" lon="30.29306550510227680206298828125">
        <ele>10.6000003814697265625</ele>
        <time>2025-06-04T07:50:39.000Z</time>
        <extensions>
          <ns3:TrackPointExtension>
            <ns3:atemp>23.0</ns3:atemp>
            <ns3:hr>143</ns3:hr>
          </ns3:TrackPointExtension>
        </extensions>
      </trkpt>
      <trkpt lat="59.9540520273149013519287109375" lon="30.2930287085473537445068359375">
        <ele>10.6000003814697265625</ele>
        <time>2025-06-04T07:50:40.000Z</time>
        <extensions>
          <ns3:TrackPointExtension>
            <ns3:atemp>23.0</ns3:atemp>
            <ns3:hr>143</ns3:hr>
          </ns3:TrackPointExtension>
        </extensions>
      </trkpt>
      <trkpt lat="59.95391665957868099212646484375" lon="30.2928592264652252197265625">
        <ele>10.80000019073486328125</ele>
        <time>2025-06-04T07:50:44.000Z</time>
        <extensions>
          <ns3:TrackPointExtension>
            <ns3:atemp>23.0</ns3:atemp>
            <ns3:hr>144</ns3:hr>
          </ns3:TrackPointExtension>
        </extensions>
      </trkpt>
      <trkpt lat="59.95388195849955081939697265625" lon="30.29280801303684711456298828125">
        <ele>10.80000019073486328125</ele>
        <time>2025-06-04T07:50:45.000Z</time>
        <extensions>
          <ns3:TrackPointExtension>
            <ns3:atemp>23.0</ns3:atemp>
            <ns3:hr>141</ns3:hr>
          </ns3:TrackPointExtension>
        </extensions>
      </trkpt>
      <trkpt lat="59.953819178044795989990234375" lon="30.29270055703818798065185546875">
        <ele>11</ele>
        <time>2025-06-04T07:50:47.000Z</time>
        <extensions>
          <ns3:TrackPointExtension>
            <ns3:atemp>23.0</ns3:atemp>
            <ns3:hr>143</ns3:hr>
          </ns3:TrackPointExtension>
        </extensions>
      </trkpt>
      <trkpt lat="59.95376829989254474639892578125" lon="30.29253660701215267181396484375">
        <ele>10.80000019073486328125</ele>
        <time>2025-06-04T07:50:50.000Z</time>
        <extensions>
          <ns3:TrackPointExtension>
            <ns3:atemp>23.0</ns3:atemp>
            <ns3:hr>142</ns3:hr>
          </ns3:TrackPointExtension>
        </extensions>
      </trkpt>
      <trkpt lat="59.953632764518260955810546875" lon="30.2924247086048126220703125">
        <ele>10.19999980926513671875</ele>
        <time>2025-06-04T07:50:54.000Z</time>
        <extensions>
          <ns3:TrackPointExtension>
            <ns3:atemp>23.0</ns3:atemp>
            <ns3:hr>141</ns3:hr>
          </ns3:TrackPointExtension>
        </extensions>
      </trkpt>
      <trkpt lat="59.95352824218571186065673828125" lon="30.29228456318378448486328125">
        <ele>9.80000019073486328125</ele>
        <time>2025-06-04T07:50:57.000Z</time>
        <extensions>
          <ns3:TrackPointExtension>
            <ns3:atemp>23.0</ns3:atemp>
            <ns3:hr>138</ns3:hr>
          </ns3:TrackPointExtension>
        </extensions>
      </trkpt>
      <trkpt lat="59.953455738723278045654296875" lon="30.29219261370599269866943359375">
        <ele>9.6000003814697265625</ele>
        <time>2025-06-04T07:50:59.000Z</time>
        <extensions>
          <ns3:TrackPointExtension>
            <ns3:atemp>23.0</ns3:atemp>
            <ns3:hr>141</ns3:hr>
          </ns3:TrackPointExtension>
        </extensions>
      </trkpt>
      <trkpt lat="59.95338323526084423065185546875" lon="30.29208205640316009521484375">
        <ele>9.80000019073486328125</ele>
        <time>2025-06-04T07:51:01.000Z</time>
        <extensions>
          <ns3:TrackPointExtension>
            <ns3:atemp>23.0</ns3:atemp>
            <ns3:hr>144</ns3:hr>
          </ns3:TrackPointExtension>
        </extensions>
      </trkpt>
      <trkpt lat="59.95334166102111339569091796875" lon="30.29203553684055805206298828125">
        <ele>9.80000019073486328125</ele>
        <time>2025-06-04T07:51:02.000Z</time>
        <extensions>
          <ns3:TrackPointExtension>
            <ns3:atemp>23.0</ns3:atemp>
            <ns3:hr>145</ns3:hr>
          </ns3:TrackPointExtension>
        </extensions>
      </trkpt>
      <trkpt lat="59.9533030204474925994873046875" lon="30.291991531848907470703125">
        <ele>9.80000019073486328125</ele>
        <time>2025-06-04T07:51:03.000Z</time>
        <extensions>
          <ns3:TrackPointExtension>
            <ns3:atemp>23.0</ns3:atemp>
            <ns3:hr>143</ns3:hr>
          </ns3:TrackPointExtension>
        </extensions>
      </trkpt>
      <trkpt lat="59.95324485003948211669921875" lon="30.29190427623689174652099609375">
        <ele>9.80000019073486328125</ele>
        <time>2025-06-04T07:51:05.000Z</time>
        <extensions>
          <ns3:TrackPointExtension>
            <ns3:atemp>23.0</ns3:atemp>
            <ns3:hr>139</ns3:hr>
          </ns3:TrackPointExtension>
        </extensions>
      </trkpt>
      <trkpt lat="59.95316849090158939361572265625" lon="30.29180235229432582855224609375">
        <ele>9.80000019073486328125</ele>
        <time>2025-06-04T07:51:07.000Z</time>
        <extensions>
          <ns3:TrackPointExtension>
            <ns3:atemp>23.0</ns3:atemp>
            <ns3:hr>141</ns3:hr>
          </ns3:TrackPointExtension>
        </extensions>
      </trkpt>
      <trkpt lat="59.95312591083347797393798828125" lon="30.2917509712278842926025390625">
        <ele>9.80000019073486328125</ele>
        <time>2025-06-04T07:51:08.000Z</time>
        <extensions>
          <ns3:TrackPointExtension>
            <ns3:atemp>23.0</ns3:atemp>
            <ns3:hr>142</ns3:hr>
          </ns3:TrackPointExtension>
        </extensions>
      </trkpt>
      <trkpt lat="59.95293161831796169281005859375" lon="30.291403792798519134521484375">
        <ele>10</ele>
        <time>2025-06-04T07:51:14.000Z</time>
        <extensions>
          <ns3:TrackPointExtension>
            <ns3:atemp>23.0</ns3:atemp>
            <ns3:hr>140</ns3:hr>
          </ns3:TrackPointExtension>
        </extensions>
      </trkpt>
      <trkpt lat="59.95283405296504497528076171875" lon="30.29111620970070362091064453125">
        <ele>10.19999980926513671875</ele>
        <time>2025-06-04T07:51:19.000Z</time>
        <extensions>
          <ns3:TrackPointExtension>
            <ns3:atemp>23.0</ns3:atemp>
            <ns3:hr>136</ns3:hr>
          </ns3:TrackPointExtension>
        </extensions>
      </trkpt>
      <trkpt lat="59.9528037942945957183837890625" lon="30.29101881198585033416748046875">
        <ele>10.6000003814697265625</ele>
        <time>2025-06-04T07:51:23.000Z</time>
        <extensions>
          <ns3:TrackPointExtension>
            <ns3:atemp>23.0</ns3:atemp>
            <ns3:hr>136</ns3:hr>
          </ns3:TrackPointExtension>
        </extensions>
      </trkpt>
      <trkpt lat="59.95281460694968700408935546875" lon="30.29101126827299594879150390625">
        <ele>9.3999996185302734375</ele>
        <time>2025-06-04T07:51:31.000Z</time>
        <extensions>
          <ns3:TrackPointExtension>
            <ns3:atemp>23.0</ns3:atemp>
            <ns3:hr>134</ns3:hr>
          </ns3:TrackPointExtension>
        </extensions>
      </trkpt>
      <trkpt lat="59.952808655798435211181640625" lon="30.2911079116165637969970703125">
        <ele>9.19999980926513671875</ele>
        <time>2025-06-04T07:51:33.000Z</time>
        <extensions>
          <ns3:TrackPointExtension>
            <ns3:atemp>23.0</ns3:atemp>
            <ns3:hr>134</ns3:hr>
          </ns3:TrackPointExtension>
        </extensions>
      </trkpt>
      <trkpt lat="59.95278627611696720123291015625" lon="30.29125216417014598846435546875">
        <ele>9</ele>
        <time>2025-06-04T07:51:38.000Z</time>
        <extensions>
          <ns3:TrackPointExtension>
            <ns3:atemp>23.0</ns3:atemp>
            <ns3:hr>134</ns3:hr>
          </ns3:TrackPointExtension>
        </extensions>
      </trkpt>
      <trkpt lat="59.9527856893837451934814453125" lon="30.29126239009201526641845703125">
        <ele>9</ele>
        <time>2025-06-04T07:51:46.000Z</time>
        <extensions>
          <ns3:TrackPointExtension>
            <ns3:atemp>23.0</ns3:atemp>
            <ns3:hr>138</ns3:hr>
          </ns3:TrackPointExtension>
        </extensions>
      </trkpt>
      <trkpt lat="59.95278619229793548583984375" lon="30.29126272536814212799072265625">
        <ele>9.19999980926513671875</ele>
        <time>2025-06-04T07:51:51.000Z</time>
        <extensions>
          <ns3:TrackPointExtension>
            <ns3:atemp>23.0</ns3:atemp>
            <ns3:hr>137</ns3:hr>
          </ns3:TrackPointExtension>
        </extensions>
      </trkpt>
      <trkpt lat="59.952785186469554901123046875" lon="30.29126264154911041259765625">
        <ele>9.19999980926513671875</ele>
        <time>2025-06-04T07:51:58.000Z</time>
        <extensions>
          <ns3:TrackPointExtension>
            <ns3:atemp>23.0</ns3:atemp>
            <ns3:hr>134</ns3:hr>
          </ns3:TrackPointExtension>
        </extensions>
      </trkpt>
      <trkpt lat="59.95277068577706813812255859375" lon="30.2912762202322483062744140625">
        <ele>8.6000003814697265625</ele>
        <time>2025-06-04T07:52:05.000Z</time>
        <extensions>
          <ns3:TrackPointExtension>
            <ns3:atemp>23.0</ns3:atemp>
            <ns3:hr>133</ns3:hr>
          </ns3:TrackPointExtension>
        </extensions>
      </trkpt>
      <trkpt lat="59.95269156061112880706787109375" lon="30.291264317929744720458984375">
        <ele>8.19999980926513671875</ele>
        <time>2025-06-04T07:52:11.000Z</time>
        <extensions>
          <ns3:TrackPointExtension>
            <ns3:atemp>23.0</ns3:atemp>
            <ns3:hr>133</ns3:hr>
          </ns3:TrackPointExtension>
        </extensions>
      </trkpt>
      <trkpt lat="59.95258410461246967315673828125" lon="30.291090309619903564453125">
        <ele>9.19999980926513671875</ele>
        <time>2025-06-04T07:52:19.000Z</time>
        <extensions>
          <ns3:TrackPointExtension>
            <ns3:atemp>23.0</ns3:atemp>
            <ns3:hr>132</ns3:hr>
          </ns3:TrackPointExtension>
        </extensions>
      </trkpt>
      <trkpt lat="59.95246910490095615386962890625" lon="30.2910656668245792388916015625">
        <ele>9.6000003814697265625</ele>
        <time>2025-06-04T07:52:25.000Z</time>
        <extensions>
          <ns3:TrackPointExtension>
            <ns3:atemp>23.0</ns3:atemp>
            <ns3:hr>129</ns3:hr>
          </ns3:TrackPointExtension>
        </extensions>
      </trkpt>
      <trkpt lat="59.95242820121347904205322265625" lon="30.2910768985748291015625">
        <ele>9.6000003814697265625</ele>
        <time>2025-06-04T07:52:27.000Z</time>
        <extensions>
          <ns3:TrackPointExtension>
            <ns3:atemp>23.0</ns3:atemp>
            <ns3:hr>129</ns3:hr>
          </ns3:TrackPointExtension>
        </extensions>
      </trkpt>
      <trkpt lat="59.95232208631932735443115234375" lon="30.29110464267432689666748046875">
        <ele>9.6000003814697265625</ele>
        <time>2025-06-04T07:52:33.000Z</time>
        <extensions>
          <ns3:TrackPointExtension>
            <ns3:atemp>23.0</ns3:atemp>
            <ns3:hr>132</ns3:hr>
          </ns3:TrackPointExtension>
        </extensions>
      </trkpt>
      <trkpt lat="59.95230607688426971435546875" lon="30.29112006537616252899169921875">
        <ele>9.6000003814697265625</ele>
        <time>2025-06-04T07:52:34.000Z</time>
        <extensions>
          <ns3:TrackPointExtension>
            <ns3:atemp>23.0</ns3:atemp>
            <ns3:hr>131</ns3:hr>
          </ns3:TrackPointExtension>
        </extensions>
      </trkpt>
      <trkpt lat="59.952240698039531707763671875" lon="30.291171111166477203369140625">
        <ele>9.6000003814697265625</ele>
        <time>2025-06-04T07:52:39.000Z</time>
        <extensions>
          <ns3:TrackPointExtension>
            <ns3:atemp>23.0</ns3:atemp>
            <ns3:hr>134</ns3:hr>
          </ns3:TrackPointExtension>
        </extensions>
      </trkpt>
      <trkpt lat="59.95223097503185272216796875" lon="30.29117882251739501953125">
        <ele>9.80000019073486328125</ele>
        <time>2025-06-04T07:52:41.000Z</time>
        <extensions>
          <ns3:TrackPointExtension>
            <ns3:atemp>23.0</ns3:atemp>
            <ns3:hr>133</ns3:hr>
          </ns3:TrackPointExtension>
        </extensions>
      </trkpt>
      <trkpt lat="59.95222049765288829803466796875" lon="30.29122148640453815460205078125">
        <ele>8.80000019073486328125</ele>
        <time>2025-06-04T07:52:47.000Z</time>
        <extensions>
          <ns3:TrackPointExtension>
            <ns3:atemp>23.0</ns3:atemp>
            <ns3:hr>136</ns3:hr>
          </ns3:TrackPointExtension>
        </extensions>
      </trkpt>
      <trkpt lat="59.95222150348126888275146484375" lon="30.2912296168506145477294921875">
        <ele>8.19999980926513671875</ele>
        <time>2025-06-04T07:52:49.000Z</time>
        <extensions>
          <ns3:TrackPointExtension>
            <ns3:atemp>23.0</ns3:atemp>
            <ns3:hr>137</ns3:hr>
          </ns3:TrackPointExtension>
        </extensions>
      </trkpt>
      <trkpt lat="59.9522251076996326446533203125" lon="30.291244201362133026123046875">
        <ele>7</ele>
        <time>2025-06-04T07:52:51.000Z</time>
        <extensions>
          <ns3:TrackPointExtension>
            <ns3:atemp>23.0</ns3:atemp>
            <ns3:hr>138</ns3:hr>
          </ns3:TrackPointExtension>
        </extensions>
      </trkpt>
      <trkpt lat="59.95182772167026996612548828125" lon="30.2905211783945560455322265625">
        <ele>5.19999980926513671875</ele>
        <time>2025-06-04T07:53:21.000Z</time>
        <extensions>
          <ns3:TrackPointExtension>
            <ns3:atemp>23.0</ns3:atemp>
            <ns3:hr>141</ns3:hr>
          </ns3:TrackPointExtension>
        </extensions>
      </trkpt>
      <trkpt lat="59.95186342857778072357177734375" lon="30.2906683646142482757568359375">
        <ele>5.599999904632568359375</ele>
        <time>2025-06-04T07:53:23.000Z</time>
        <extensions>
          <ns3:TrackPointExtension>
            <ns3:atemp>23.0</ns3:atemp>
            <ns3:hr>139</ns3:hr>
          </ns3:TrackPointExtension>
        </extensions>
      </trkpt>
      <trkpt lat="59.95185521431267261505126953125" lon="30.2906653471291065216064453125">
        <ele>5.80000019073486328125</ele>
        <time>2025-06-04T07:53:24.000Z</time>
        <extensions>
          <ns3:TrackPointExtension>
            <ns3:atemp>23.0</ns3:atemp>
            <ns3:hr>139</ns3:hr>
          </ns3:TrackPointExtension>
        </extensions>
      </trkpt>
      <trkpt lat="59.951856471598148345947265625" lon="30.290657468140125274658203125">
        <ele>6</ele>
        <time>2025-06-04T07:53:26.000Z</time>
        <extensions>
          <ns3:TrackPointExtension>
            <ns3:atemp>23.0</ns3:atemp>
            <ns3:hr>139</ns3:hr>
          </ns3:TrackPointExtension>
        </extensions>
      </trkpt>
      <trkpt lat="59.95185035280883312225341796875" lon="30.2906539477407932281494140625">
        <ele>6.19999980926513671875</ele>
        <time>2025-06-04T07:53:28.000Z</time>
        <extensions>
          <ns3:TrackPointExtension>
            <ns3:atemp>23.0</ns3:atemp>
            <ns3:hr>139</ns3:hr>
          </ns3:TrackPointExtension>
        </extensions>
      </trkpt>
      <trkpt lat="59.951845072209835052490234375" lon="30.29065310955047607421875">
        <ele>6.400000095367431640625</ele>
        <time>2025-06-04T07:53:29.000Z</time>
        <extensions>
          <ns3:TrackPointExtension>
            <ns3:atemp>23.0</ns3:atemp>
            <ns3:hr>139</ns3:hr>
          </ns3:TrackPointExtension>
        </extensions>
      </trkpt>
      <trkpt lat="59.951848089694976806640625" lon="30.29067984782159328460693359375">
        <ele>7</ele>
        <time>2025-06-04T07:53:35.000Z</time>
        <extensions>
          <ns3:TrackPointExtension>
            <ns3:atemp>23.0</ns3:atemp>
            <ns3:hr>139</ns3:hr>
          </ns3:TrackPointExtension>
        </extensions>
      </trkpt>
      <trkpt lat="59.95182319544255733489990234375" lon="30.29068135656416416168212890625">
        <ele>7.80000019073486328125</ele>
        <time>2025-06-04T07:53:38.000Z</time>
        <extensions>
          <ns3:TrackPointExtension>
            <ns3:atemp>23.0</ns3:atemp>
            <ns3:hr>139</ns3:hr>
          </ns3:TrackPointExtension>
        </extensions>
      </trkpt>
      <trkpt lat="59.95181565172970294952392578125" lon="30.2906737290322780609130859375">
        <ele>8</ele>
        <time>2025-06-04T07:53:39.000Z</time>
        <extensions>
          <ns3:TrackPointExtension>
            <ns3:atemp>23.0</ns3:atemp>
            <ns3:hr>139</ns3:hr>
          </ns3:TrackPointExtension>
        </extensions>
      </trkpt>
      <trkpt lat="59.9518011510372161865234375" lon="30.2906418778002262115478515625">
        <ele>8.19999980926513671875</ele>
        <time>2025-06-04T07:53:41.000Z</time>
        <extensions>
          <ns3:TrackPointExtension>
            <ns3:atemp>23.0</ns3:atemp>
            <ns3:hr>138</ns3:hr>
          </ns3:TrackPointExtension>
        </extensions>
      </trkpt>
      <trkpt lat="59.9518006481230258941650390625" lon="30.29061882756650447845458984375">
        <ele>8.3999996185302734375</ele>
        <time>2025-06-04T07:53:43.000Z</time>
        <extensions>
          <ns3:TrackPointExtension>
            <ns3:atemp>23.0</ns3:atemp>
            <ns3:hr>137</ns3:hr>
          </ns3:TrackPointExtension>
        </extensions>
      </trkpt>
      <trkpt lat="59.95180274359881877899169921875" lon="30.2905981242656707763671875">
        <ele>9.19999980926513671875</ele>
        <time>2025-06-04T07:53:47.000Z</time>
        <extensions>
          <ns3:TrackPointExtension>
            <ns3:atemp>23.0</ns3:atemp>
            <ns3:hr>137</ns3:hr>
          </ns3:TrackPointExtension>
        </extensions>
      </trkpt>
      <trkpt lat="59.95182286016643047332763671875" lon="30.2905490063130855560302734375">
        <ele>9.3999996185302734375</ele>
        <time>2025-06-04T07:53:49.000Z</time>
        <extensions>
          <ns3:TrackPointExtension>
            <ns3:atemp>23.0</ns3:atemp>
            <ns3:hr>137</ns3:hr>
          </ns3:TrackPointExtension>
        </extensions>
      </trkpt>
      <trkpt lat="59.951876588165760040283203125" lon="30.2902985550463199615478515625">
        <ele>8.80000019073486328125</ele>
        <time>2025-06-04T07:53:55.000Z</time>
        <extensions>
          <ns3:TrackPointExtension>
            <ns3:atemp>23.0</ns3:atemp>
            <ns3:hr>136</ns3:hr>
          </ns3:TrackPointExtension>
        </extensions>
      </trkpt>
      <trkpt lat="59.95187650434672832489013671875" lon="30.29009521007537841796875">
        <ele>8.3999996185302734375</ele>
        <time>2025-06-04T07:54:00.000Z</time>
        <extensions>
          <ns3:TrackPointExtension>
            <ns3:atemp>23.0</ns3:atemp>
            <ns3:hr>134</ns3:hr>
          </ns3:TrackPointExtension>
        </extensions>
      </trkpt>
      <trkpt lat="59.951751194894313812255859375" lon="30.2899113111197948455810546875">
        <ele>8.19999980926513671875</ele>
        <time>2025-06-04T07:54:05.000Z</time>
        <extensions>
          <ns3:TrackPointExtension>
            <ns3:atemp>23.0</ns3:atemp>
            <ns3:hr>133</ns3:hr>
          </ns3:TrackPointExtension>
        </extensions>
      </trkpt>
      <trkpt lat="59.95172177441418170928955078125" lon="30.28986898250877857208251953125">
        <ele>8.19999980926513671875</ele>
        <time>2025-06-04T07:54:06.000Z</time>
        <extensions>
          <ns3:TrackPointExtension>
            <ns3:atemp>23.0</ns3:atemp>
            <ns3:hr>135</ns3:hr>
          </ns3:TrackPointExtension>
        </extensions>
      </trkpt>
      <trkpt lat="59.95158615522086620330810546875" lon="30.28970218263566493988037109375">
        <ele>8</ele>
        <time>2025-06-04T07:54:10.000Z</time>
        <extensions>
          <ns3:TrackPointExtension>
            <ns3:atemp>23.0</ns3:atemp>
            <ns3:hr>127</ns3:hr>
          </ns3:TrackPointExtension>
        </extensions>
      </trkpt>
      <trkpt lat="59.95155329816043376922607421875" lon="30.28966060839593410491943359375">
        <ele>8</ele>
        <time>2025-06-04T07:54:11.000Z</time>
        <extensions>
          <ns3:TrackPointExtension>
            <ns3:atemp>23.0</ns3:atemp>
            <ns3:hr>127</ns3:hr>
          </ns3:TrackPointExtension>
        </extensions>
      </trkpt>
      <trkpt lat="59.9515180103480815887451171875" lon="30.28962607495486736297607421875">
        <ele>8</ele>
        <time>2025-06-04T07:54:12.000Z</time>
        <extensions>
          <ns3:TrackPointExtension>
            <ns3:atemp>23.0</ns3:atemp>
            <ns3:hr>122</ns3:hr>
          </ns3:TrackPointExtension>
        </extensions>
      </trkpt>
      <trkpt lat="59.9514851532876491546630859375" lon="30.2895800583064556121826171875">
        <ele>7.80000019073486328125</ele>
        <time>2025-06-04T07:54:13.000Z</time>
        <extensions>
          <ns3:TrackPointExtension>
            <ns3:atemp>23.0</ns3:atemp>
            <ns3:hr>120</ns3:hr>
          </ns3:TrackPointExtension>
        </extensions>
      </trkpt>
      <trkpt lat="59.95139404200017452239990234375" lon="30.28942105360329151153564453125">
        <ele>8</ele>
        <time>2025-06-04T07:54:16.000Z</time>
        <extensions>
          <ns3:TrackPointExtension>
            <ns3:atemp>23.0</ns3:atemp>
            <ns3:hr>123</ns3:hr>
          </ns3:TrackPointExtension>
        </extensions>
      </trkpt>
      <trkpt lat="59.9512407369911670684814453125" lon="30.28919507749378681182861328125">
        <ele>8.80000019073486328125</ele>
        <time>2025-06-04T07:54:21.000Z</time>
        <extensions>
          <ns3:TrackPointExtension>
            <ns3:atemp>23.0</ns3:atemp>
            <ns3:hr>125</ns3:hr>
          </ns3:TrackPointExtension>
        </extensions>
      </trkpt>
      <trkpt lat="59.95114660821855068206787109375" lon="30.28905727900564670562744140625">
        <ele>9.19999980926513671875</ele>
        <time>2025-06-04T07:54:24.000Z</time>
        <extensions>
          <ns3:TrackPointExtension>
            <ns3:atemp>23.0</ns3:atemp>
            <ns3:hr>126</ns3:hr>
          </ns3:TrackPointExtension>
        </extensions>
      </trkpt>
      <trkpt lat="59.9510053731501102447509765625" lon="30.28882141225039958953857421875">
        <ele>9.80000019073486328125</ele>
        <time>2025-06-04T07:54:29.000Z</time>
        <extensions>
          <ns3:TrackPointExtension>
            <ns3:atemp>23.0</ns3:atemp>
            <ns3:hr>126</ns3:hr>
          </ns3:TrackPointExtension>
        </extensions>
      </trkpt>
      <trkpt lat="59.95078518055379390716552734375" lon="30.2885140478610992431640625">
        <ele>9.80000019073486328125</ele>
        <time>2025-06-04T07:54:36.000Z</time>
        <extensions>
          <ns3:TrackPointExtension>
            <ns3:atemp>23.0</ns3:atemp>
            <ns3:hr>123</ns3:hr>
          </ns3:TrackPointExtension>
        </extensions>
      </trkpt>
      <trkpt lat="59.95071929879486560821533203125" lon="30.28842193074524402618408203125">
        <ele>9.80000019073486328125</ele>
        <time>2025-06-04T07:54:38.000Z</time>
        <extensions>
          <ns3:TrackPointExtension>
            <ns3:atemp>23.0</ns3:atemp>
            <ns3:hr>127</ns3:hr>
          </ns3:TrackPointExtension>
        </extensions>
      </trkpt>
      <trkpt lat="59.950526766479015350341796875" lon="30.28817768208682537078857421875">
        <ele>9.19999980926513671875</ele>
        <time>2025-06-04T07:54:44.000Z</time>
        <extensions>
          <ns3:TrackPointExtension>
            <ns3:atemp>23.0</ns3:atemp>
            <ns3:hr>130</ns3:hr>
          </ns3:TrackPointExtension>
        </extensions>
      </trkpt>
      <trkpt lat="59.95049684308469295501708984375" lon="30.28813677839934825897216796875">
        <ele>9.19999980926513671875</ele>
        <time>2025-06-04T07:54:45.000Z</time>
        <extensions>
          <ns3:TrackPointExtension>
            <ns3:atemp>23.0</ns3:atemp>
            <ns3:hr>133</ns3:hr>
          </ns3:TrackPointExtension>
        </extensions>
      </trkpt>
      <trkpt lat="59.95037128217518329620361328125" lon="30.28796310536563396453857421875">
        <ele>9.19999980926513671875</ele>
        <time>2025-06-04T07:54:49.000Z</time>
        <extensions>
          <ns3:TrackPointExtension>
            <ns3:atemp>23.0</ns3:atemp>
            <ns3:hr>136</ns3:hr>
          </ns3:TrackPointExtension>
        </extensions>
      </trkpt>
      <trkpt lat="59.95030389167368412017822265625" lon="30.28787308372557163238525390625">
        <ele>9.6000003814697265625</ele>
        <time>2025-06-04T07:54:51.000Z</time>
        <extensions>
          <ns3:TrackPointExtension>
            <ns3:atemp>23.0</ns3:atemp>
            <ns3:hr>137</ns3:hr>
          </ns3:TrackPointExtension>
        </extensions>
      </trkpt>
      <trkpt lat="59.95012099854648113250732421875" lon="30.2876156754791736602783203125">
        <ele>10.19999980926513671875</ele>
        <time>2025-06-04T07:54:57.000Z</time>
        <extensions>
          <ns3:TrackPointExtension>
            <ns3:atemp>23.0</ns3:atemp>
            <ns3:hr>133</ns3:hr>
          </ns3:TrackPointExtension>
        </extensions>
      </trkpt>
      <trkpt lat="59.950088560581207275390625" lon="30.2875771187245845794677734375">
        <ele>10.19999980926513671875</ele>
        <time>2025-06-04T07:54:58.000Z</time>
        <extensions>
          <ns3:TrackPointExtension>
            <ns3:atemp>23.0</ns3:atemp>
            <ns3:hr>133</ns3:hr>
          </ns3:TrackPointExtension>
        </extensions>
      </trkpt>
      <trkpt lat="59.95005662553012371063232421875" lon="30.28754233382642269134521484375">
        <ele>10.3999996185302734375</ele>
        <time>2025-06-04T07:54:59.000Z</time>
        <extensions>
          <ns3:TrackPointExtension>
            <ns3:atemp>23.0</ns3:atemp>
            <ns3:hr>133</ns3:hr>
          </ns3:TrackPointExtension>
        </extensions>
      </trkpt>
      <trkpt lat="59.9499026499688625335693359375" lon="30.28732658363878726959228515625">
        <ele>11.19999980926513671875</ele>
        <time>2025-06-04T07:55:04.000Z</time>
        <extensions>
          <ns3:TrackPointExtension>
            <ns3:atemp>23.0</ns3:atemp>
            <ns3:hr>135</ns3:hr>
          </ns3:TrackPointExtension>
        </extensions>
      </trkpt>
      <trkpt lat="59.949836768209934234619140625" lon="30.28724980540573596954345703125">
        <ele>12</ele>
        <time>2025-06-04T07:55:06.000Z</time>
        <extensions>
          <ns3:TrackPointExtension>
            <ns3:atemp>23.0</ns3:atemp>
            <ns3:hr>134</ns3:hr>
          </ns3:TrackPointExtension>
        </extensions>
      </trkpt>
      <trkpt lat="59.94979913346469402313232421875" lon="30.28722533024847507476806640625">
        <ele>12.19999980926513671875</ele>
        <time>2025-06-04T07:55:07.000Z</time>
        <extensions>
          <ns3:TrackPointExtension>
            <ns3:atemp>23.0</ns3:atemp>
            <ns3:hr>136</ns3:hr>
          </ns3:TrackPointExtension>
        </extensions>
      </trkpt>
      <trkpt lat="59.94970307685434818267822265625" lon="30.2870805747807025909423828125">
        <ele>12.6000003814697265625</ele>
        <time>2025-06-04T07:55:11.000Z</time>
        <extensions>
          <ns3:TrackPointExtension>
            <ns3:atemp>23.0</ns3:atemp>
            <ns3:hr>134</ns3:hr>
          </ns3:TrackPointExtension>
        </extensions>
      </trkpt>
      <trkpt lat="59.9496994726359844207763671875" lon="30.2869913913309574127197265625">
        <ele>12.3999996185302734375</ele>
        <time>2025-06-04T07:55:13.000Z</time>
        <extensions>
          <ns3:TrackPointExtension>
            <ns3:atemp>23.0</ns3:atemp>
            <ns3:hr>137</ns3:hr>
          </ns3:TrackPointExtension>
        </extensions>
      </trkpt>
      <trkpt lat="59.94966636411845684051513671875" lon="30.28687949292361736297607421875">
        <ele>12.6000003814697265625</ele>
        <time>2025-06-04T07:55:16.000Z</time>
        <extensions>
          <ns3:TrackPointExtension>
            <ns3:atemp>23.0</ns3:atemp>
            <ns3:hr>137</ns3:hr>
          </ns3:TrackPointExtension>
        </extensions>
      </trkpt>
      <trkpt lat="59.9495915137231349945068359375" lon="30.286742113530635833740234375">
        <ele>13.19999980926513671875</ele>
        <time>2025-06-04T07:55:19.000Z</time>
        <extensions>
          <ns3:TrackPointExtension>
            <ns3:atemp>23.0</ns3:atemp>
            <ns3:hr>133</ns3:hr>
          </ns3:TrackPointExtension>
        </extensions>
      </trkpt>
      <trkpt lat="59.94957030750811100006103515625" lon="30.2867007069289684295654296875">
        <ele>13.3999996185302734375</ele>
        <time>2025-06-04T07:55:20.000Z</time>
        <extensions>
          <ns3:TrackPointExtension>
            <ns3:atemp>23.0</ns3:atemp>
            <ns3:hr>133</ns3:hr>
          </ns3:TrackPointExtension>
        </extensions>
      </trkpt>
      <trkpt lat="59.94954868219792842864990234375" lon="30.28666801750659942626953125">
        <ele>13.6000003814697265625</ele>
        <time>2025-06-04T07:55:21.000Z</time>
        <extensions>
          <ns3:TrackPointExtension>
            <ns3:atemp>23.0</ns3:atemp>
            <ns3:hr>136</ns3:hr>
          </ns3:TrackPointExtension>
        </extensions>
      </trkpt>
      <trkpt lat="59.94940132834017276763916015625" lon="30.28641228564083576202392578125">
        <ele>14.6000003814697265625</ele>
        <time>2025-06-04T07:55:27.000Z</time>
        <extensions>
          <ns3:TrackPointExtension>
            <ns3:atemp>23.0</ns3:atemp>
            <ns3:hr>136</ns3:hr>
          </ns3:TrackPointExtension>
        </extensions>
      </trkpt>
      <trkpt lat="59.94936503469944000244140625" lon="30.28636350296437740325927734375">
        <ele>14.6000003814697265625</ele>
        <time>2025-06-04T07:55:28.000Z</time>
        <extensions>
          <ns3:TrackPointExtension>
            <ns3:atemp>23.0</ns3:atemp>
            <ns3:hr>137</ns3:hr>
          </ns3:TrackPointExtension>
        </extensions>
      </trkpt>
      <trkpt lat="59.9491975642740726470947265625" lon="30.286152027547359466552734375">
        <ele>15.3999996185302734375</ele>
        <time>2025-06-04T07:55:33.000Z</time>
        <extensions>
          <ns3:TrackPointExtension>
            <ns3:atemp>23.0</ns3:atemp>
            <ns3:hr>134</ns3:hr>
          </ns3:TrackPointExtension>
        </extensions>
      </trkpt>
      <trkpt lat="59.94912137277424335479736328125" lon="30.2860271371901035308837890625">
        <ele>15.3999996185302734375</ele>
        <time>2025-06-04T07:55:38.000Z</time>
        <extensions>
          <ns3:TrackPointExtension>
            <ns3:atemp>23.0</ns3:atemp>
            <ns3:hr>140</ns3:hr>
          </ns3:TrackPointExtension>
        </extensions>
      </trkpt>
      <trkpt lat="59.9491067044436931610107421875" lon="30.28601179830729961395263671875">
        <ele>15.19999980926513671875</ele>
        <time>2025-06-04T07:55:39.000Z</time>
        <extensions>
          <ns3:TrackPointExtension>
            <ns3:atemp>23.0</ns3:atemp>
            <ns3:hr>145</ns3:hr>
          </ns3:TrackPointExtension>
        </extensions>
      </trkpt>
      <trkpt lat="59.94804672896862030029296875" lon="30.2844050712883472442626953125">
        <ele>12.19999980926513671875</ele>
        <time>2025-06-04T07:56:15.000Z</time>
        <extensions>
          <ns3:TrackPointExtension>
            <ns3:atemp>23.0</ns3:atemp>
            <ns3:hr>147</ns3:hr>
          </ns3:TrackPointExtension>
        </extensions>
      </trkpt>
      <trkpt lat="59.948017895221710205078125" lon="30.28455368243157863616943359375">
        <ele>12.19999980926513671875</ele>
        <time>2025-06-04T07:56:16.000Z</time>
        <extensions>
          <ns3:TrackPointExtension>
            <ns3:atemp>23.0</ns3:atemp>
            <ns3:hr>147</ns3:hr>
          </ns3:TrackPointExtension>
        </extensions>
      </trkpt>
      <trkpt lat="59.947933740913867950439453125" lon="30.28521065600216388702392578125">
        <ele>11</ele>
        <time>2025-06-04T07:56:20.000Z</time>
        <extensions>
          <ns3:TrackPointExtension>
            <ns3:atemp>23.0</ns3:atemp>
            <ns3:hr>146</ns3:hr>
          </ns3:TrackPointExtension>
        </extensions>
      </trkpt>
      <trkpt lat="59.94788177311420440673828125" lon="30.28532833792269229888916015625">
        <ele>11</ele>
        <time>2025-06-04T07:56:21.000Z</time>
        <extensions>
          <ns3:TrackPointExtension>
            <ns3:atemp>23.0</ns3:atemp>
            <ns3:hr>146</ns3:hr>
          </ns3:TrackPointExtension>
        </extensions>
      </trkpt>
      <trkpt lat="59.94764112867414951324462890625" lon="30.28583611361682415008544921875">
        <ele>9.80000019073486328125</ele>
        <time>2025-06-04T07:56:25.000Z</time>
        <extensions>
          <ns3:TrackPointExtension>
            <ns3:atemp>23.0</ns3:atemp>
            <ns3:hr>146</ns3:hr>
          </ns3:TrackPointExtension>
        </extensions>
      </trkpt>
      <trkpt lat="59.94758614338934421539306640625" lon="30.28592747636139392852783203125">
        <ele>9.3999996185302734375</ele>
        <time>2025-06-04T07:56:26.000Z</time>
        <extensions>
          <ns3:TrackPointExtension>
            <ns3:atemp>23.0</ns3:atemp>
            <ns3:hr>146</ns3:hr>
          </ns3:TrackPointExtension>
        </extensions>
      </trkpt>
      <trkpt lat="59.94718842208385467529296875" lon="30.286630801856517791748046875">
        <ele>9.19999980926513671875</ele>
        <time>2025-06-04T07:56:32.000Z</time>
        <extensions>
          <ns3:TrackPointExtension>
            <ns3:atemp>23.0</ns3:atemp>
            <ns3:hr>145</ns3:hr>
          </ns3:TrackPointExtension>
        </extensions>
      </trkpt>
      <trkpt lat="59.94694492779672145843505859375" lon="30.28739028610289096832275390625">
        <ele>9.19999980926513671875</ele>
        <time>2025-06-04T07:56:38.000Z</time>
        <extensions>
          <ns3:TrackPointExtension>
            <ns3:atemp>23.0</ns3:atemp>
            <ns3:hr>146</ns3:hr>
          </ns3:TrackPointExtension>
        </extensions>
      </trkpt>
      <trkpt lat="59.9466903693974018096923828125" lon="30.28818891383707523345947265625">
        <ele>8.80000019073486328125</ele>
        <time>2025-06-04T07:56:46.000Z</time>
        <extensions>
          <ns3:TrackPointExtension>
            <ns3:atemp>23.0</ns3:atemp>
            <ns3:hr>143</ns3:hr>
          </ns3:TrackPointExtension>
        </extensions>
      </trkpt>
      <trkpt lat="59.946662373840808868408203125" lon="30.28827792964875698089599609375">
        <ele>8.80000019073486328125</ele>
        <time>2025-06-04T07:56:47.000Z</time>
        <extensions>
          <ns3:TrackPointExtension>
            <ns3:atemp>23.0</ns3:atemp>
            <ns3:hr>144</ns3:hr>
          </ns3:TrackPointExtension>
        </extensions>
      </trkpt>
      <trkpt lat="59.94660906493663787841796875" lon="30.28853391297161579132080078125">
        <ele>8.80000019073486328125</ele>
        <time>2025-06-04T07:56:50.000Z</time>
        <extensions>
          <ns3:TrackPointExtension>
            <ns3:atemp>23.0</ns3:atemp>
            <ns3:hr>142</ns3:hr>
          </ns3:TrackPointExtension>
        </extensions>
      </trkpt>
      <trkpt lat="59.94658601470291614532470703125" lon="30.28878352604806423187255859375">
        <ele>8.80000019073486328125</ele>
        <time>2025-06-04T07:56:53.000Z</time>
        <extensions>
          <ns3:TrackPointExtension>
            <ns3:atemp>23.0</ns3:atemp>
            <ns3:hr>145</ns3:hr>
          </ns3:TrackPointExtension>
        </extensions>
      </trkpt>
      <trkpt lat="59.946569837629795074462890625" lon="30.28885477222502231597900390625">
        <ele>8.80000019073486328125</ele>
        <time>2025-06-04T07:56:54.000Z</time>
        <extensions>
          <ns3:TrackPointExtension>
            <ns3:atemp>23.0</ns3:atemp>
            <ns3:hr>146</ns3:hr>
          </ns3:TrackPointExtension>
        </extensions>
      </trkpt>
      <trkpt lat="59.94643949903547763824462890625" lon="30.28988054953515529632568359375">
        <ele>9.19999980926513671875</ele>
        <time>2025-06-04T07:57:00.000Z</time>
        <extensions>
          <ns3:TrackPointExtension>
            <ns3:atemp>23.0</ns3:atemp>
            <ns3:hr>149</ns3:hr>
          </ns3:TrackPointExtension>
        </extensions>
      </trkpt>
      <trkpt lat="59.9464164488017559051513671875" lon="30.2900196053087711334228515625">
        <ele>9.19999980926513671875</ele>
        <time>2025-06-04T07:57:01.000Z</time>
        <extensions>
          <ns3:TrackPointExtension>
            <ns3:atemp>23.0</ns3:atemp>
            <ns3:hr>149</ns3:hr>
          </ns3:TrackPointExtension>
        </extensions>
      </trkpt>
      <trkpt lat="59.94624101556837558746337890625" lon="30.2909178100526332855224609375">
        <ele>9.19999980926513671875</ele>
        <time>2025-06-04T07:57:08.000Z</time>
        <extensions>
          <ns3:TrackPointExtension>
            <ns3:atemp>23.0</ns3:atemp>
            <ns3:hr>150</ns3:hr>
          </ns3:TrackPointExtension>
        </extensions>
      </trkpt>
      <trkpt lat="59.94610103778541088104248046875" lon="30.29161266982555389404296875">
        <ele>9.80000019073486328125</ele>
        <time>2025-06-04T07:57:14.000Z</time>
        <extensions>
          <ns3:TrackPointExtension>
            <ns3:atemp>23.0</ns3:atemp>
            <ns3:hr>149</ns3:hr>
          </ns3:TrackPointExtension>
        </extensions>
      </trkpt>
      <trkpt lat="59.9459524266421794891357421875" lon="30.292556472122669219970703125">
        <ele>9.3999996185302734375</ele>
        <time>2025-06-04T07:57:23.000Z</time>
        <extensions>
          <ns3:TrackPointExtension>
            <ns3:atemp>23.0</ns3:atemp>
            <ns3:hr>148</ns3:hr>
          </ns3:TrackPointExtension>
        </extensions>
      </trkpt>
      <trkpt lat="59.945926778018474578857421875" lon="30.29280088841915130615234375">
        <ele>9.6000003814697265625</ele>
        <time>2025-06-04T07:57:27.000Z</time>
        <extensions>
          <ns3:TrackPointExtension>
            <ns3:atemp>23.0</ns3:atemp>
            <ns3:hr>146</ns3:hr>
          </ns3:TrackPointExtension>
        </extensions>
      </trkpt>
      <trkpt lat="59.94594094343483448028564453125" lon="30.29282502830028533935546875">
        <ele>9.3999996185302734375</ele>
        <time>2025-06-04T07:57:30.000Z</time>
        <extensions>
          <ns3:TrackPointExtension>
            <ns3:atemp>23.0</ns3:atemp>
            <ns3:hr>144</ns3:hr>
          </ns3:TrackPointExtension>
        </extensions>
      </trkpt>
      <trkpt lat="59.9459512531757354736328125" lon="30.2928198315203189849853515625">
        <ele>9.19999980926513671875</ele>
        <time>2025-06-04T07:57:32.000Z</time>
        <extensions>
          <ns3:TrackPointExtension>
            <ns3:atemp>23.0</ns3:atemp>
            <ns3:hr>144</ns3:hr>
          </ns3:TrackPointExtension>
        </extensions>
      </trkpt>
      <trkpt lat="59.946019314229488372802734375" lon="30.29263987205922603607177734375">
        <ele>8.3999996185302734375</ele>
        <time>2025-06-04T07:57:37.000Z</time>
        <extensions>
          <ns3:TrackPointExtension>
            <ns3:atemp>23.0</ns3:atemp>
            <ns3:hr>144</ns3:hr>
          </ns3:TrackPointExtension>
        </extensions>
      </trkpt>
      <trkpt lat="59.94599676690995693206787109375" lon="30.2924785204231739044189453125">
        <ele>8.19999980926513671875</ele>
        <time>2025-06-04T07:57:40.000Z</time>
        <extensions>
          <ns3:TrackPointExtension>
            <ns3:atemp>23.0</ns3:atemp>
            <ns3:hr>150</ns3:hr>
          </ns3:TrackPointExtension>
        </extensions>
      </trkpt>
      <trkpt lat="59.94598352350294589996337890625" lon="30.2924748323857784271240234375">
        <ele>8.19999980926513671875</ele>
        <time>2025-06-04T07:57:41.000Z</time>
        <extensions>
          <ns3:TrackPointExtension>
            <ns3:atemp>23.0</ns3:atemp>
            <ns3:hr>150</ns3:hr>
          </ns3:TrackPointExtension>
        </extensions>
      </trkpt>
      <trkpt lat="59.94595804251730442047119140625" lon="30.29246552847325801849365234375">
        <ele>8.19999980926513671875</ele>
        <time>2025-06-04T07:57:42.000Z</time>
        <extensions>
          <ns3:TrackPointExtension>
            <ns3:atemp>23.0</ns3:atemp>
            <ns3:hr>150</ns3:hr>
          </ns3:TrackPointExtension>
        </extensions>
      </trkpt>
      <trkpt lat="59.9459561146795749664306640625" lon="30.29247022233903408050537109375">
        <ele>8.19999980926513671875</ele>
        <time>2025-06-04T07:57:43.000Z</time>
        <extensions>
          <ns3:TrackPointExtension>
            <ns3:atemp>23.0</ns3:atemp>
            <ns3:hr>154</ns3:hr>
          </ns3:TrackPointExtension>
        </extensions>
      </trkpt>
      <trkpt lat="59.94596206583082675933837890625" lon="30.29246536083519458770751953125">
        <ele>8.19999980926513671875</ele>
        <time>2025-06-04T07:57:44.000Z</time>
        <extensions>
          <ns3:TrackPointExtension>
            <ns3:atemp>23.0</ns3:atemp>
            <ns3:hr>154</ns3:hr>
          </ns3:TrackPointExtension>
        </extensions>
      </trkpt>
      <trkpt lat="59.9459861218929290771484375" lon="30.2923943661153316497802734375">
        <ele>7.80000019073486328125</ele>
        <time>2025-06-04T07:57:50.000Z</time>
        <extensions>
          <ns3:TrackPointExtension>
            <ns3:atemp>23.0</ns3:atemp>
            <ns3:hr>153</ns3:hr>
          </ns3:TrackPointExtension>
        </extensions>
      </trkpt>
      <trkpt lat="59.94599894620478153228759765625" lon="30.29238003306090831756591796875">
        <ele>7.80000019073486328125</ele>
        <time>2025-06-04T07:57:52.000Z</time>
        <extensions>
          <ns3:TrackPointExtension>
            <ns3:atemp>23.0</ns3:atemp>
            <ns3:hr>152</ns3:hr>
          </ns3:TrackPointExtension>
        </extensions>
      </trkpt>
      <trkpt lat="59.9460362456738948822021484375" lon="30.2924007363617420196533203125">
        <ele>7.400000095367431640625</ele>
        <time>2025-06-04T07:57:59.000Z</time>
        <extensions>
          <ns3:TrackPointExtension>
            <ns3:atemp>23.0</ns3:atemp>
            <ns3:hr>150</ns3:hr>
          </ns3:TrackPointExtension>
        </extensions>
      </trkpt>
      <trkpt lat="59.94592904113233089447021484375" lon="30.29226285405457019805908203125">
        <ele>6.80000019073486328125</ele>
        <time>2025-06-04T07:58:06.000Z</time>
        <extensions>
          <ns3:TrackPointExtension>
            <ns3:atemp>23.0</ns3:atemp>
            <ns3:hr>149</ns3:hr>
          </ns3:TrackPointExtension>
        </extensions>
      </trkpt>
      <trkpt lat="59.94592065922915935516357421875" lon="30.29225480742752552032470703125">
        <ele>6.599999904632568359375</ele>
        <time>2025-06-04T07:58:08.000Z</time>
        <extensions>
          <ns3:TrackPointExtension>
            <ns3:atemp>23.0</ns3:atemp>
            <ns3:hr>147</ns3:hr>
          </ns3:TrackPointExtension>
        </extensions>
      </trkpt>
      <trkpt lat="59.94589618407189846038818359375" lon="30.29223653487861156463623046875">
        <ele>6.19999980926513671875</ele>
        <time>2025-06-04T07:58:11.000Z</time>
        <extensions>
          <ns3:TrackPointExtension>
            <ns3:atemp>23.0</ns3:atemp>
            <ns3:hr>147</ns3:hr>
          </ns3:TrackPointExtension>
        </extensions>
      </trkpt>
      <trkpt lat="59.9458357505500316619873046875" lon="30.29220200143754482269287109375">
        <ele>6.19999980926513671875</ele>
        <time>2025-06-04T07:58:14.000Z</time>
        <extensions>
          <ns3:TrackPointExtension>
            <ns3:atemp>23.0</ns3:atemp>
            <ns3:hr>147</ns3:hr>
          </ns3:TrackPointExtension>
        </extensions>
      </trkpt>
      <trkpt lat="59.94572133757174015045166015625" lon="30.29223133809864521026611328125">
        <ele>6.400000095367431640625</ele>
        <time>2025-06-04T07:58:20.000Z</time>
        <extensions>
          <ns3:TrackPointExtension>
            <ns3:atemp>24.0</ns3:atemp>
            <ns3:hr>145</ns3:hr>
          </ns3:TrackPointExtension>
        </extensions>
      </trkpt>
      <trkpt lat="59.94568395428359508514404296875" lon="30.29221306554973125457763671875">
        <ele>6.19999980926513671875</ele>
        <time>2025-06-04T07:58:22.000Z</time>
        <extensions>
          <ns3:TrackPointExtension>
            <ns3:atemp>24.0</ns3:atemp>
            <ns3:hr>146</ns3:hr>
          </ns3:TrackPointExtension>
        </extensions>
      </trkpt>
      <trkpt lat="59.94562075473368167877197265625" lon="30.29218666255474090576171875">
        <ele>6.19999980926513671875</ele>
        <time>2025-06-04T07:58:25.000Z</time>
        <extensions>
          <ns3:TrackPointExtension>
            <ns3:atemp>24.0</ns3:atemp>
            <ns3:hr>148</ns3:hr>
          </ns3:TrackPointExtension>
        </extensions>
      </trkpt>
      <trkpt lat="59.9455879814922809600830078125" lon="30.292168892920017242431640625">
        <ele>5.80000019073486328125</ele>
        <time>2025-06-04T07:58:28.000Z</time>
        <extensions>
          <ns3:TrackPointExtension>
            <ns3:atemp>24.0</ns3:atemp>
            <ns3:hr>148</ns3:hr>
          </ns3:TrackPointExtension>
        </extensions>
      </trkpt>
      <trkpt lat="59.9455247819423675537109375" lon="30.29212656430900096893310546875">
        <ele>5.80000019073486328125</ele>
        <time>2025-06-04T07:58:30.000Z</time>
        <extensions>
          <ns3:TrackPointExtension>
            <ns3:atemp>24.0</ns3:atemp>
            <ns3:hr>148</ns3:hr>
          </ns3:TrackPointExtension>
        </extensions>
      </trkpt>
      <trkpt lat="59.9454944394528865814208984375" lon="30.292066633701324462890625">
        <ele>6</ele>
        <time>2025-06-04T07:58:32.000Z</time>
        <extensions>
          <ns3:TrackPointExtension>
            <ns3:atemp>24.0</ns3:atemp>
            <ns3:hr>148</ns3:hr>
          </ns3:TrackPointExtension>
        </extensions>
      </trkpt>
      <trkpt lat="59.945459403097629547119140625" lon="30.29199345968663692474365234375">
        <ele>6</ele>
        <time>2025-06-04T07:58:34.000Z</time>
        <extensions>
          <ns3:TrackPointExtension>
            <ns3:atemp>24.0</ns3:atemp>
            <ns3:hr>147</ns3:hr>
          </ns3:TrackPointExtension>
        </extensions>
      </trkpt>
      <trkpt lat="59.94542830623686313629150390625" lon="30.29207308776676654815673828125">
        <ele>6.19999980926513671875</ele>
        <time>2025-06-04T07:58:38.000Z</time>
        <extensions>
          <ns3:TrackPointExtension>
            <ns3:atemp>24.0</ns3:atemp>
            <ns3:hr>147</ns3:hr>
          </ns3:TrackPointExtension>
        </extensions>
      </trkpt>
      <trkpt lat="59.94541841559112071990966796875" lon="30.29213947243988513946533203125">
        <ele>6.400000095367431640625</ele>
        <time>2025-06-04T07:58:39.000Z</time>
        <extensions>
          <ns3:TrackPointExtension>
            <ns3:atemp>24.0</ns3:atemp>
            <ns3:hr>147</ns3:hr>
          </ns3:TrackPointExtension>
        </extensions>
      </trkpt>
      <trkpt lat="59.9453673698008060455322265625" lon="30.29245597310364246368408203125">
        <ele>7.19999980926513671875</ele>
        <time>2025-06-04T07:58:43.000Z</time>
        <extensions>
          <ns3:TrackPointExtension>
            <ns3:atemp>24.0</ns3:atemp>
            <ns3:hr>146</ns3:hr>
          </ns3:TrackPointExtension>
        </extensions>
      </trkpt>
      <trkpt lat="59.9453190900385379791259765625" lon="30.29278278350830078125">
        <ele>7.80000019073486328125</ele>
        <time>2025-06-04T07:58:47.000Z</time>
        <extensions>
          <ns3:TrackPointExtension>
            <ns3:atemp>24.0</ns3:atemp>
            <ns3:hr>146</ns3:hr>
          </ns3:TrackPointExtension>
        </extensions>
      </trkpt>
      <trkpt lat="59.94527793489396572113037109375" lon="30.293036587536334991455078125">
        <ele>8.3999996185302734375</ele>
        <time>2025-06-04T07:58:50.000Z</time>
        <extensions>
          <ns3:TrackPointExtension>
            <ns3:atemp>24.0</ns3:atemp>
            <ns3:hr>144</ns3:hr>
          </ns3:TrackPointExtension>
        </extensions>
      </trkpt>
      <trkpt lat="59.9452232010662555694580078125" lon="30.293346382677555084228515625">
        <ele>8.80000019073486328125</ele>
        <time>2025-06-04T07:58:54.000Z</time>
        <extensions>
          <ns3:TrackPointExtension>
            <ns3:atemp>24.0</ns3:atemp>
            <ns3:hr>145</ns3:hr>
          </ns3:TrackPointExtension>
        </extensions>
      </trkpt>
      <trkpt lat="59.94522881694138050079345703125" lon="30.29360747896134853363037109375">
        <ele>9</ele>
        <time>2025-06-04T07:58:57.000Z</time>
        <extensions>
          <ns3:TrackPointExtension>
            <ns3:atemp>24.0</ns3:atemp>
            <ns3:hr>145</ns3:hr>
          </ns3:TrackPointExtension>
        </extensions>
      </trkpt>
      <trkpt lat="59.945210628211498260498046875" lon="30.2938055433332920074462890625">
        <ele>9.19999980926513671875</ele>
        <time>2025-06-04T07:59:00.000Z</time>
        <extensions>
          <ns3:TrackPointExtension>
            <ns3:atemp>24.0</ns3:atemp>
            <ns3:hr>149</ns3:hr>
          </ns3:TrackPointExtension>
        </extensions>
      </trkpt>
      <trkpt lat="59.94520417414605617523193359375" lon="30.2938531525433063507080078125">
        <ele>9.19999980926513671875</ele>
        <time>2025-06-04T07:59:01.000Z</time>
        <extensions>
          <ns3:TrackPointExtension>
            <ns3:atemp>24.0</ns3:atemp>
            <ns3:hr>149</ns3:hr>
          </ns3:TrackPointExtension>
        </extensions>
      </trkpt>
      <trkpt lat="59.9451973848044872283935546875" lon="30.29389816336333751678466796875">
        <ele>9.3999996185302734375</ele>
        <time>2025-06-04T07:59:02.000Z</time>
        <extensions>
          <ns3:TrackPointExtension>
            <ns3:atemp>24.0</ns3:atemp>
            <ns3:hr>149</ns3:hr>
          </ns3:TrackPointExtension>
        </extensions>
      </trkpt>
      <trkpt lat="59.94518816471099853515625" lon="30.2939802221953868865966796875">
        <ele>9.80000019073486328125</ele>
        <time>2025-06-04T07:59:07.000Z</time>
        <extensions>
          <ns3:TrackPointExtension>
            <ns3:atemp>24.0</ns3:atemp>
            <ns3:hr>150</ns3:hr>
          </ns3:TrackPointExtension>
        </extensions>
      </trkpt>
      <trkpt lat="59.9451209418475627899169921875" lon="30.29406429268419742584228515625">
        <ele>9.6000003814697265625</ele>
        <time>2025-06-04T07:59:13.000Z</time>
        <extensions>
          <ns3:TrackPointExtension>
            <ns3:atemp>24.0</ns3:atemp>
            <ns3:hr>149</ns3:hr>
          </ns3:TrackPointExtension>
        </extensions>
      </trkpt>
      <trkpt lat="59.945019185543060302734375" lon="30.29431306757032871246337890625">
        <ele>9.80000019073486328125</ele>
        <time>2025-06-04T07:59:15.000Z</time>
        <extensions>
          <ns3:TrackPointExtension>
            <ns3:atemp>24.0</ns3:atemp>
            <ns3:hr>149</ns3:hr>
          </ns3:TrackPointExtension>
        </extensions>
      </trkpt>
      <trkpt lat="59.94496344588696956634521484375" lon="30.29449227266013622283935546875">
        <ele>10.3999996185302734375</ele>
        <time>2025-06-04T07:59:19.000Z</time>
        <extensions>
          <ns3:TrackPointExtension>
            <ns3:atemp>24.0</ns3:atemp>
            <ns3:hr>147</ns3:hr>
          </ns3:TrackPointExtension>
        </extensions>
      </trkpt>
      <trkpt lat="59.9448302574455738067626953125" lon="30.29464465565979480743408203125">
        <ele>10.6000003814697265625</ele>
        <time>2025-06-04T07:59:24.000Z</time>
        <extensions>
          <ns3:TrackPointExtension>
            <ns3:atemp>24.0</ns3:atemp>
            <ns3:hr>148</ns3:hr>
          </ns3:TrackPointExtension>
        </extensions>
      </trkpt>
      <trkpt lat="59.944656752049922943115234375" lon="30.2948194183409214019775390625">
        <ele>10.80000019073486328125</ele>
        <time>2025-06-04T07:59:29.000Z</time>
        <extensions>
          <ns3:TrackPointExtension>
            <ns3:atemp>24.0</ns3:atemp>
            <ns3:hr>144</ns3:hr>
          </ns3:TrackPointExtension>
        </extensions>
      </trkpt>
      <trkpt lat="59.94462666101753711700439453125" lon="30.2948606573045253753662109375">
        <ele>10.80000019073486328125</ele>
        <time>2025-06-04T07:59:30.000Z</time>
        <extensions>
          <ns3:TrackPointExtension>
            <ns3:atemp>24.0</ns3:atemp>
            <ns3:hr>142</ns3:hr>
          </ns3:TrackPointExtension>
        </extensions>
      </trkpt>
      <trkpt lat="59.944454915821552276611328125" lon="30.29511068947613239288330078125">
        <ele>10.6000003814697265625</ele>
        <time>2025-06-04T07:59:36.000Z</time>
        <extensions>
          <ns3:TrackPointExtension>
            <ns3:atemp>24.0</ns3:atemp>
            <ns3:hr>139</ns3:hr>
          </ns3:TrackPointExtension>
        </extensions>
      </trkpt>
      <trkpt lat="59.94442314840853214263916015625" lon="30.29513482935726642608642578125">
        <ele>10.6000003814697265625</ele>
        <time>2025-06-04T07:59:37.000Z</time>
        <extensions>
          <ns3:TrackPointExtension>
            <ns3:atemp>24.0</ns3:atemp>
            <ns3:hr>141</ns3:hr>
          </ns3:TrackPointExtension>
        </extensions>
      </trkpt>
      <trkpt lat="59.944359697401523590087890625" lon="30.29520817101001739501953125">
        <ele>11</ele>
        <time>2025-06-04T07:59:40.000Z</time>
        <extensions>
          <ns3:TrackPointExtension>
            <ns3:atemp>24.0</ns3:atemp>
            <ns3:hr>142</ns3:hr>
          </ns3:TrackPointExtension>
        </extensions>
      </trkpt>
      <trkpt lat="59.94432927109301090240478515625" lon="30.2952183969318866729736328125">
        <ele>11</ele>
        <time>2025-06-04T07:59:42.000Z</time>
        <extensions>
          <ns3:TrackPointExtension>
            <ns3:atemp>24.0</ns3:atemp>
            <ns3:hr>142</ns3:hr>
          </ns3:TrackPointExtension>
        </extensions>
      </trkpt>
      <trkpt lat="59.944154508411884307861328125" lon="30.2950926683843135833740234375">
        <ele>10.80000019073486328125</ele>
        <time>2025-06-04T07:59:47.000Z</time>
        <extensions>
          <ns3:TrackPointExtension>
            <ns3:atemp>24.0</ns3:atemp>
            <ns3:hr>142</ns3:hr>
          </ns3:TrackPointExtension>
        </extensions>
      </trkpt>
      <trkpt lat="59.94418661110103130340576171875" lon="30.2950021438300609588623046875">
        <ele>10</ele>
        <time>2025-06-04T07:59:54.000Z</time>
        <extensions>
          <ns3:TrackPointExtension>
            <ns3:atemp>24.0</ns3:atemp>
            <ns3:hr>142</ns3:hr>
          </ns3:TrackPointExtension>
        </extensions>
      </trkpt>
      <trkpt lat="59.94419348426163196563720703125" lon="30.29499351046979427337646484375">
        <ele>9.80000019073486328125</ele>
        <time>2025-06-04T07:59:55.000Z</time>
        <extensions>
          <ns3:TrackPointExtension>
            <ns3:atemp>24.0</ns3:atemp>
            <ns3:hr>144</ns3:hr>
          </ns3:TrackPointExtension>
        </extensions>
      </trkpt>
      <trkpt lat="59.94418711401522159576416015625" lon="30.2948904968798160552978515625">
        <ele>8.80000019073486328125</ele>
        <time>2025-06-04T08:00:01.000Z</time>
        <extensions>
          <ns3:TrackPointExtension>
            <ns3:atemp>24.0</ns3:atemp>
            <ns3:hr>142</ns3:hr>
          </ns3:TrackPointExtension>
        </extensions>
      </trkpt>
      <trkpt lat="59.9441871978342533111572265625" lon="30.29485822655260562896728515625">
        <ele>8.6000003814697265625</ele>
        <time>2025-06-04T08:00:03.000Z</time>
        <extensions>
          <ns3:TrackPointExtension>
            <ns3:atemp>24.0</ns3:atemp>
            <ns3:hr>142</ns3:hr>
          </ns3:TrackPointExtension>
        </extensions>
      </trkpt>
      <trkpt lat="59.94419214315712451934814453125" lon="30.29488404281437397003173828125">
        <ele>9.6000003814697265625</ele>
        <time>2025-06-04T08:00:09.000Z</time>
        <extensions>
          <ns3:TrackPointExtension>
            <ns3:atemp>24.0</ns3:atemp>
            <ns3:hr>141</ns3:hr>
          </ns3:TrackPointExtension>
        </extensions>
      </trkpt>
      <trkpt lat="59.94421561248600482940673828125" lon="30.29508772306144237518310546875">
        <ele>8.6000003814697265625</ele>
        <time>2025-06-04T08:00:13.000Z</time>
        <extensions>
          <ns3:TrackPointExtension>
            <ns3:atemp>24.0</ns3:atemp>
            <ns3:hr>143</ns3:hr>
          </ns3:TrackPointExtension>
        </extensions>
      </trkpt>
      <trkpt lat="59.944202117621898651123046875" lon="30.295113958418369293212890625">
        <ele>7.80000019073486328125</ele>
        <time>2025-06-04T08:00:16.000Z</time>
        <extensions>
          <ns3:TrackPointExtension>
            <ns3:atemp>24.0</ns3:atemp>
            <ns3:hr>143</ns3:hr>
          </ns3:TrackPointExtension>
        </extensions>
      </trkpt>
      <trkpt lat="59.94420371018350124359130859375" lon="30.29511337168514728546142578125">
        <ele>7.599999904632568359375</ele>
        <time>2025-06-04T08:00:18.000Z</time>
        <extensions>
          <ns3:TrackPointExtension>
            <ns3:atemp>24.0</ns3:atemp>
            <ns3:hr>143</ns3:hr>
          </ns3:TrackPointExtension>
        </extensions>
      </trkpt>
      <trkpt lat="59.94423874653875827789306640625" lon="30.29546298086643218994140625">
        <ele>7.599999904632568359375</ele>
        <time>2025-06-04T08:00:22.000Z</time>
        <extensions>
          <ns3:TrackPointExtension>
            <ns3:atemp>24.0</ns3:atemp>
            <ns3:hr>142</ns3:hr>
          </ns3:TrackPointExtension>
        </extensions>
      </trkpt>
      <trkpt lat="59.9438847787678241729736328125" lon="30.295287631452083587646484375">
        <ele>7.599999904632568359375</ele>
        <time>2025-06-04T08:01:00.000Z</time>
        <extensions>
          <ns3:TrackPointExtension>
            <ns3:atemp>24.0</ns3:atemp>
            <ns3:hr>133</ns3:hr>
          </ns3:TrackPointExtension>
        </extensions>
      </trkpt>
      <trkpt lat="59.94393330998718738555908203125" lon="30.29526877216994762420654296875">
        <ele>7.599999904632568359375</ele>
        <time>2025-06-04T08:01:01.000Z</time>
        <extensions>
          <ns3:TrackPointExtension>
            <ns3:atemp>24.0</ns3:atemp>
            <ns3:hr>136</ns3:hr>
          </ns3:TrackPointExtension>
        </extensions>
      </trkpt>
      <trkpt lat="59.94399466551840305328369140625" lon="30.29524614103138446807861328125">
        <ele>7.80000019073486328125</ele>
        <time>2025-06-04T08:01:05.000Z</time>
        <extensions>
          <ns3:TrackPointExtension>
            <ns3:atemp>24.0</ns3:atemp>
            <ns3:hr>135</ns3:hr>
          </ns3:TrackPointExtension>
        </extensions>
      </trkpt>
      <trkpt lat="59.94408820755779743194580078125" lon="30.29524697922170162200927734375">
        <ele>8.19999980926513671875</ele>
        <time>2025-06-04T08:01:12.000Z</time>
        <extensions>
          <ns3:TrackPointExtension>
            <ns3:atemp>24.0</ns3:atemp>
            <ns3:hr>136</ns3:hr>
          </ns3:TrackPointExtension>
        </extensions>
      </trkpt>
      <trkpt lat="59.944100864231586456298828125" lon="30.29524731449782848358154296875">
        <ele>8.3999996185302734375</ele>
        <time>2025-06-04T08:01:13.000Z</time>
        <extensions>
          <ns3:TrackPointExtension>
            <ns3:atemp>24.0</ns3:atemp>
            <ns3:hr>137</ns3:hr>
          </ns3:TrackPointExtension>
        </extensions>
      </trkpt>
    </trkseg>
  </trk>
</gpx>
