<?xml version="1.0" encoding="UTF-8"?>
<gpx creator="Garmin Connect" version="1.1"
  xsi:schemaLocation="http://www.topografix.com/GPX/1/1 http://www.topografix.com/GPX/11.xsd"
  xmlns:ns3="http://www.garmin.com/xmlschemas/TrackPointExtension/v1"
  xmlns="http://www.topografix.com/GPX/1/1"
  xmlns:xsi="http://www.w3.org/2001/XMLSchema-instance" xmlns:ns2="http://www.garmin.com/xmlschemas/GpxExtensions/v3">
  <metadata>
    <link href="connect.garmin.com">
      <text>Garmin Connect</text>
    </link>
    <time>2025-07-18T06:58:49.000Z</time>
  </metadata>
  <trk>
    <name>Петербург Велосипед</name>
    <type>cycling</type>
    <trkseg>
      <trkpt lat="60.00339536927640438079833984375" lon="30.3871933557093143463134765625">
        <ele>9.80000019073486328125</ele>
        <time>2025-07-18T07:00:54.000Z</time>
        <extensions>
          <ns3:TrackPointExtension>
            <ns3:atemp>29.0</ns3:atemp>
            <ns3:hr>120</ns3:hr>
          </ns3:TrackPointExtension>
        </extensions>
      </trkpt>
      <trkpt lat="60.00335865654051303863525390625" lon="30.3870342671871185302734375">
        <ele>9.80000019073486328125</ele>
        <time>2025-07-18T07:00:55.000Z</time>
        <extensions>
          <ns3:TrackPointExtension>
            <ns3:atemp>29.0</ns3:atemp>
            <ns3:hr>120</ns3:hr>
          </ns3:TrackPointExtension>
        </extensions>
      </trkpt>
      <trkpt lat="60.00335865654051303863525390625" lon="30.3870342671871185302734375">
        <ele>9.80000019073486328125</ele>
        <time>2025-07-18T07:00:56.000Z</time>
        <extensions>
          <ns3:TrackPointExtension>
            <ns3:atemp>29.0</ns3:atemp>
            <ns3:hr>126</ns3:hr>
          </ns3:TrackPointExtension>
        </extensions>
      </trkpt>
      <trkpt lat="60.00325606204569339752197265625" lon="30.386970229446887969970703125">
        <ele>9.80000019073486328125</ele>
        <time>2025-07-18T07:00:57.000Z</time>
        <extensions>
          <ns3:TrackPointExtension>
            <ns3:atemp>29.0</ns3:atemp>
            <ns3:hr>137</ns3:hr>
          </ns3:TrackPointExtension>
        </extensions>
      </trkpt>
      <trkpt lat="60.00318699516355991363525390625" lon="30.3869177587330341339111328125">
        <ele>9.80000019073486328125</ele>
        <time>2025-07-18T07:00:58.000Z</time>
        <extensions>
          <ns3:TrackPointExtension>
            <ns3:atemp>29.0</ns3:atemp>
            <ns3:hr>137</ns3:hr>
          </ns3:TrackPointExtension>
        </extensions>
      </trkpt>
      <trkpt lat="60.003117509186267852783203125" lon="30.38686017505824565887451171875">
        <ele>9.80000019073486328125</ele>
        <time>2025-07-18T07:00:59.000Z</time>
        <extensions>
          <ns3:TrackPointExtension>
            <ns3:atemp>29.0</ns3:atemp>
            <ns3:hr>141</ns3:hr>
          </ns3:TrackPointExtension>
        </extensions>
      </trkpt>
      <trkpt lat="60.0030452571809291839599609375" lon="30.386802591383457183837890625">
        <ele>9.80000019073486328125</ele>
        <time>2025-07-18T07:01:00.000Z</time>
        <extensions>
          <ns3:TrackPointExtension>
            <ns3:atemp>29.0</ns3:atemp>
            <ns3:hr>152</ns3:hr>
          </ns3:TrackPointExtension>
        </extensions>
      </trkpt>
      <trkpt lat="60.0029778666794300079345703125" lon="30.38674383424222469329833984375">
        <ele>9.80000019073486328125</ele>
        <time>2025-07-18T07:01:01.000Z</time>
        <extensions>
          <ns3:TrackPointExtension>
            <ns3:atemp>29.0</ns3:atemp>
            <ns3:hr>152</ns3:hr>
          </ns3:TrackPointExtension>
        </extensions>
      </trkpt>
      <trkpt lat="60.0029104761779308319091796875" lon="30.38668650202453136444091796875">
        <ele>9.80000019073486328125</ele>
        <time>2025-07-18T07:01:02.000Z</time>
        <extensions>
          <ns3:TrackPointExtension>
            <ns3:atemp>29.0</ns3:atemp>
            <ns3:hr>156</ns3:hr>
          </ns3:TrackPointExtension>
        </extensions>
      </trkpt>
      <trkpt lat="60.0028420798480510711669921875" lon="30.386627577245235443115234375">
        <ele>9.80000019073486328125</ele>
        <time>2025-07-18T07:01:03.000Z</time>
        <extensions>
          <ns3:TrackPointExtension>
            <ns3:atemp>29.0</ns3:atemp>
            <ns3:hr>160</ns3:hr>
          </ns3:TrackPointExtension>
        </extensions>
      </trkpt>
      <trkpt lat="60.00277561135590076446533203125" lon="30.3865710832178592681884765625">
        <ele>9.80000019073486328125</ele>
        <time>2025-07-18T07:01:04.000Z</time>
        <extensions>
          <ns3:TrackPointExtension>
            <ns3:atemp>29.0</ns3:atemp>
            <ns3:hr>160</ns3:hr>
          </ns3:TrackPointExtension>
        </extensions>
      </trkpt>
      <trkpt lat="60.00259640626609325408935546875" lon="30.3865756094455718994140625">
        <ele>10.19999980926513671875</ele>
        <time>2025-07-18T07:01:07.000Z</time>
        <extensions>
          <ns3:TrackPointExtension>
            <ns3:atemp>29.0</ns3:atemp>
            <ns3:hr>162</ns3:hr>
          </ns3:TrackPointExtension>
        </extensions>
      </trkpt>
      <trkpt lat="60.00241166912019252777099609375" lon="30.38635910488665103912353515625">
        <ele>10.80000019073486328125</ele>
        <time>2025-07-18T07:01:10.000Z</time>
        <extensions>
          <ns3:TrackPointExtension>
            <ns3:atemp>29.0</ns3:atemp>
            <ns3:hr>163</ns3:hr>
          </ns3:TrackPointExtension>
        </extensions>
      </trkpt>
      <trkpt lat="60.0021916441619396209716796875" lon="30.38612910546362400054931640625">
        <ele>11</ele>
        <time>2025-07-18T07:01:14.000Z</time>
        <extensions>
          <ns3:TrackPointExtension>
            <ns3:atemp>29.0</ns3:atemp>
            <ns3:hr>165</ns3:hr>
          </ns3:TrackPointExtension>
        </extensions>
      </trkpt>
      <trkpt lat="60.00194362364709377288818359375" lon="30.3858884610235691070556640625">
        <ele>11</ele>
        <time>2025-07-18T07:01:19.000Z</time>
        <extensions>
          <ns3:TrackPointExtension>
            <ns3:atemp>29.0</ns3:atemp>
            <ns3:hr>168</ns3:hr>
          </ns3:TrackPointExtension>
        </extensions>
      </trkpt>
      <trkpt lat="60.00189333222806453704833984375" lon="30.38586054928600788116455078125">
        <ele>11.19999980926513671875</ele>
        <time>2025-07-18T07:01:20.000Z</time>
        <extensions>
          <ns3:TrackPointExtension>
            <ns3:atemp>29.0</ns3:atemp>
            <ns3:hr>168</ns3:hr>
          </ns3:TrackPointExtension>
        </extensions>
      </trkpt>
      <trkpt lat="60.00185175798833370208740234375" lon="30.38584445603191852569580078125">
        <ele>11.19999980926513671875</ele>
        <time>2025-07-18T07:01:21.000Z</time>
        <extensions>
          <ns3:TrackPointExtension>
            <ns3:atemp>29.0</ns3:atemp>
            <ns3:hr>168</ns3:hr>
          </ns3:TrackPointExtension>
        </extensions>
      </trkpt>
      <trkpt lat="60.0018002092838287353515625" lon="30.38586859591305255889892578125">
        <ele>11</ele>
        <time>2025-07-18T07:01:23.000Z</time>
        <extensions>
          <ns3:TrackPointExtension>
            <ns3:atemp>29.0</ns3:atemp>
            <ns3:hr>165</ns3:hr>
          </ns3:TrackPointExtension>
        </extensions>
      </trkpt>
      <trkpt lat="60.0017212517559528350830078125" lon="30.38601309992372989654541015625">
        <ele>11.19999980926513671875</ele>
        <time>2025-07-18T07:01:26.000Z</time>
        <extensions>
          <ns3:TrackPointExtension>
            <ns3:atemp>29.0</ns3:atemp>
            <ns3:hr>162</ns3:hr>
          </ns3:TrackPointExtension>
        </extensions>
      </trkpt>
      <trkpt lat="60.0017229281365871429443359375" lon="30.38601628504693508148193359375">
        <ele>11.3999996185302734375</ele>
        <time>2025-07-18T07:01:27.000Z</time>
        <extensions>
          <ns3:TrackPointExtension>
            <ns3:atemp>29.0</ns3:atemp>
            <ns3:hr>161</ns3:hr>
          </ns3:TrackPointExtension>
        </extensions>
      </trkpt>
      <trkpt lat="60.00172435306012630462646484375" lon="30.3860259242355823516845703125">
        <ele>11.3999996185302734375</ele>
        <time>2025-07-18T07:01:28.000Z</time>
        <extensions>
          <ns3:TrackPointExtension>
            <ns3:atemp>29.0</ns3:atemp>
            <ns3:hr>158</ns3:hr>
          </ns3:TrackPointExtension>
        </extensions>
      </trkpt>
      <trkpt lat="60.001737177371978759765625" lon="30.38606557063758373260498046875">
        <ele>11.3999996185302734375</ele>
        <time>2025-07-18T07:01:33.000Z</time>
        <extensions>
          <ns3:TrackPointExtension>
            <ns3:atemp>29.0</ns3:atemp>
            <ns3:hr>155</ns3:hr>
          </ns3:TrackPointExtension>
        </extensions>
      </trkpt>
      <trkpt lat="60.00174212269484996795654296875" lon="30.38606129586696624755859375">
        <ele>11.19999980926513671875</ele>
        <time>2025-07-18T07:01:35.000Z</time>
        <extensions>
          <ns3:TrackPointExtension>
            <ns3:atemp>29.0</ns3:atemp>
            <ns3:hr>155</ns3:hr>
          </ns3:TrackPointExtension>
        </extensions>
      </trkpt>
      <trkpt lat="60.0017329864203929901123046875" lon="30.38605048321187496185302734375">
        <ele>10.80000019073486328125</ele>
        <time>2025-07-18T07:01:42.000Z</time>
        <extensions>
          <ns3:TrackPointExtension>
            <ns3:atemp>29.0</ns3:atemp>
            <ns3:hr>152</ns3:hr>
          </ns3:TrackPointExtension>
        </extensions>
      </trkpt>
      <trkpt lat="60.0017346628010272979736328125" lon="30.38603925146162509918212890625">
        <ele>10.80000019073486328125</ele>
        <time>2025-07-18T07:01:44.000Z</time>
        <extensions>
          <ns3:TrackPointExtension>
            <ns3:atemp>29.0</ns3:atemp>
            <ns3:hr>149</ns3:hr>
          </ns3:TrackPointExtension>
        </extensions>
      </trkpt>
      <trkpt lat="60.00172737054526805877685546875" lon="30.38600228726863861083984375">
        <ele>10</ele>
        <time>2025-07-18T07:01:53.000Z</time>
        <extensions>
          <ns3:TrackPointExtension>
            <ns3:atemp>29.0</ns3:atemp>
            <ns3:hr>148</ns3:hr>
          </ns3:TrackPointExtension>
        </extensions>
      </trkpt>
      <trkpt lat="60.00171563588082790374755859375" lon="30.38599021732807159423828125">
        <ele>10</ele>
        <time>2025-07-18T07:01:54.000Z</time>
        <extensions>
          <ns3:TrackPointExtension>
            <ns3:atemp>29.0</ns3:atemp>
            <ns3:hr>149</ns3:hr>
          </ns3:TrackPointExtension>
        </extensions>
      </trkpt>
      <trkpt lat="60.00163600780069828033447265625" lon="30.38593866862356662750244140625">
        <ele>10</ele>
        <time>2025-07-18T07:01:57.000Z</time>
        <extensions>
          <ns3:TrackPointExtension>
            <ns3:atemp>29.0</ns3:atemp>
            <ns3:hr>148</ns3:hr>
          </ns3:TrackPointExtension>
        </extensions>
      </trkpt>
      <trkpt lat="60.0014761649072170257568359375" lon="30.3859618864953517913818359375">
        <ele>10.3999996185302734375</ele>
        <time>2025-07-18T07:02:02.000Z</time>
        <extensions>
          <ns3:TrackPointExtension>
            <ns3:atemp>29.0</ns3:atemp>
            <ns3:hr>147</ns3:hr>
          </ns3:TrackPointExtension>
        </extensions>
      </trkpt>
      <trkpt lat="60.0014416314661502838134765625" lon="30.385946296155452728271484375">
        <ele>10.3999996185302734375</ele>
        <time>2025-07-18T07:02:03.000Z</time>
        <extensions>
          <ns3:TrackPointExtension>
            <ns3:atemp>29.0</ns3:atemp>
            <ns3:hr>143</ns3:hr>
          </ns3:TrackPointExtension>
        </extensions>
      </trkpt>
      <trkpt lat="60.0013737380504608154296875" lon="30.3859015367925167083740234375">
        <ele>10.3999996185302734375</ele>
        <time>2025-07-18T07:02:05.000Z</time>
        <extensions>
          <ns3:TrackPointExtension>
            <ns3:atemp>29.0</ns3:atemp>
            <ns3:hr>139</ns3:hr>
          </ns3:TrackPointExtension>
        </extensions>
      </trkpt>
      <trkpt lat="60.0012498535215854644775390625" lon="30.38578058592975139617919921875">
        <ele>10.3999996185302734375</ele>
        <time>2025-07-18T07:02:09.000Z</time>
        <extensions>
          <ns3:TrackPointExtension>
            <ns3:atemp>29.0</ns3:atemp>
            <ns3:hr>137</ns3:hr>
          </ns3:TrackPointExtension>
        </extensions>
      </trkpt>
      <trkpt lat="60.0010346062481403350830078125" lon="30.38555410690605640411376953125">
        <ele>10.3999996185302734375</ele>
        <time>2025-07-18T07:02:17.000Z</time>
        <extensions>
          <ns3:TrackPointExtension>
            <ns3:atemp>29.0</ns3:atemp>
            <ns3:hr>136</ns3:hr>
          </ns3:TrackPointExtension>
        </extensions>
      </trkpt>
      <trkpt lat="60.00085598789155483245849609375" lon="30.385343134403228759765625">
        <ele>11</ele>
        <time>2025-07-18T07:02:23.000Z</time>
        <extensions>
          <ns3:TrackPointExtension>
            <ns3:atemp>29.0</ns3:atemp>
            <ns3:hr>135</ns3:hr>
          </ns3:TrackPointExtension>
        </extensions>
      </trkpt>
      <trkpt lat="60.0007338635623455047607421875" lon="30.38517340086400508880615234375">
        <ele>10.80000019073486328125</ele>
        <time>2025-07-18T07:02:28.000Z</time>
        <extensions>
          <ns3:TrackPointExtension>
            <ns3:atemp>29.0</ns3:atemp>
            <ns3:hr>134</ns3:hr>
          </ns3:TrackPointExtension>
        </extensions>
      </trkpt>
      <trkpt lat="60.00048701651394367218017578125" lon="30.38491356186568737030029296875">
        <ele>11.3999996185302734375</ele>
        <time>2025-07-18T07:02:36.000Z</time>
        <extensions>
          <ns3:TrackPointExtension>
            <ns3:atemp>29.0</ns3:atemp>
            <ns3:hr>131</ns3:hr>
          </ns3:TrackPointExtension>
        </extensions>
      </trkpt>
      <trkpt lat="60.00044980086386203765869140625" lon="30.3848732449114322662353515625">
        <ele>11.3999996185302734375</ele>
        <time>2025-07-18T07:02:37.000Z</time>
        <extensions>
          <ns3:TrackPointExtension>
            <ns3:atemp>29.0</ns3:atemp>
            <ns3:hr>131</ns3:hr>
          </ns3:TrackPointExtension>
        </extensions>
      </trkpt>
      <trkpt lat="60.00023690052330493927001953125" lon="30.384655483067035675048828125">
        <ele>11.6000003814697265625</ele>
        <time>2025-07-18T07:02:43.000Z</time>
        <extensions>
          <ns3:TrackPointExtension>
            <ns3:atemp>29.0</ns3:atemp>
            <ns3:hr>134</ns3:hr>
          </ns3:TrackPointExtension>
        </extensions>
      </trkpt>
      <trkpt lat="60.00015802681446075439453125" lon="30.3845852427184581756591796875">
        <ele>11.6000003814697265625</ele>
        <time>2025-07-18T07:02:45.000Z</time>
        <extensions>
          <ns3:TrackPointExtension>
            <ns3:atemp>29.0</ns3:atemp>
            <ns3:hr>134</ns3:hr>
          </ns3:TrackPointExtension>
        </extensions>
      </trkpt>
      <trkpt lat="59.99993632547557353973388671875" lon="30.384363792836666107177734375">
        <ele>11.3999996185302734375</ele>
        <time>2025-07-18T07:02:51.000Z</time>
        <extensions>
          <ns3:TrackPointExtension>
            <ns3:atemp>29.0</ns3:atemp>
            <ns3:hr>132</ns3:hr>
          </ns3:TrackPointExtension>
        </extensions>
      </trkpt>
      <trkpt lat="59.99963273294270038604736328125" lon="30.38405860774219036102294921875">
        <ele>11.6000003814697265625</ele>
        <time>2025-07-18T07:02:59.000Z</time>
        <extensions>
          <ns3:TrackPointExtension>
            <ns3:atemp>29.0</ns3:atemp>
            <ns3:hr>131</ns3:hr>
          </ns3:TrackPointExtension>
        </extensions>
      </trkpt>
      <trkpt lat="59.99938965775072574615478515625" lon="30.3838727809488773345947265625">
        <ele>11.6000003814697265625</ele>
        <time>2025-07-18T07:03:04.000Z</time>
        <extensions>
          <ns3:TrackPointExtension>
            <ns3:atemp>29.0</ns3:atemp>
            <ns3:hr>128</ns3:hr>
          </ns3:TrackPointExtension>
        </extensions>
      </trkpt>
      <trkpt lat="59.99934221617877483367919921875" lon="30.3838451206684112548828125">
        <ele>11.6000003814697265625</ele>
        <time>2025-07-18T07:03:05.000Z</time>
        <extensions>
          <ns3:TrackPointExtension>
            <ns3:atemp>29.0</ns3:atemp>
            <ns3:hr>131</ns3:hr>
          </ns3:TrackPointExtension>
        </extensions>
      </trkpt>
      <trkpt lat="59.9992871470749378204345703125" lon="30.38380212150514125823974609375">
        <ele>11.6000003814697265625</ele>
        <time>2025-07-18T07:03:06.000Z</time>
        <extensions>
          <ns3:TrackPointExtension>
            <ns3:atemp>29.0</ns3:atemp>
            <ns3:hr>135</ns3:hr>
          </ns3:TrackPointExtension>
        </extensions>
      </trkpt>
      <trkpt lat="59.99922805465757846832275390625" lon="30.3837591223418712615966796875">
        <ele>11.6000003814697265625</ele>
        <time>2025-07-18T07:03:07.000Z</time>
        <extensions>
          <ns3:TrackPointExtension>
            <ns3:atemp>29.0</ns3:atemp>
            <ns3:hr>140</ns3:hr>
          </ns3:TrackPointExtension>
        </extensions>
      </trkpt>
      <trkpt lat="59.99916468746960163116455078125" lon="30.38368326611816883087158203125">
        <ele>11.6000003814697265625</ele>
        <time>2025-07-18T07:03:08.000Z</time>
        <extensions>
          <ns3:TrackPointExtension>
            <ns3:atemp>29.0</ns3:atemp>
            <ns3:hr>143</ns3:hr>
          </ns3:TrackPointExtension>
        </extensions>
      </trkpt>
      <trkpt lat="59.99911104328930377960205078125" lon="30.38361218757927417755126953125">
        <ele>11.80000019073486328125</ele>
        <time>2025-07-18T07:03:09.000Z</time>
        <extensions>
          <ns3:TrackPointExtension>
            <ns3:atemp>29.0</ns3:atemp>
            <ns3:hr>144</ns3:hr>
          </ns3:TrackPointExtension>
        </extensions>
      </trkpt>
      <trkpt lat="59.99898145906627178192138671875" lon="30.3834696114063262939453125">
        <ele>12</ele>
        <time>2025-07-18T07:03:11.000Z</time>
        <extensions>
          <ns3:TrackPointExtension>
            <ns3:atemp>29.0</ns3:atemp>
            <ns3:hr>146</ns3:hr>
          </ns3:TrackPointExtension>
        </extensions>
      </trkpt>
      <trkpt lat="59.9989330954849720001220703125" lon="30.383400879800319671630859375">
        <ele>12.19999980926513671875</ele>
        <time>2025-07-18T07:03:12.000Z</time>
        <extensions>
          <ns3:TrackPointExtension>
            <ns3:atemp>29.0</ns3:atemp>
            <ns3:hr>147</ns3:hr>
          </ns3:TrackPointExtension>
        </extensions>
      </trkpt>
      <trkpt lat="59.998795799911022186279296875" lon="30.383166857063770294189453125">
        <ele>12.6000003814697265625</ele>
        <time>2025-07-18T07:03:15.000Z</time>
        <extensions>
          <ns3:TrackPointExtension>
            <ns3:atemp>29.0</ns3:atemp>
            <ns3:hr>147</ns3:hr>
          </ns3:TrackPointExtension>
        </extensions>
      </trkpt>
      <trkpt lat="59.99866948463022708892822265625" lon="30.38306803442537784576416015625">
        <ele>12.6000003814697265625</ele>
        <time>2025-07-18T07:03:17.000Z</time>
        <extensions>
          <ns3:TrackPointExtension>
            <ns3:atemp>29.0</ns3:atemp>
            <ns3:hr>146</ns3:hr>
          </ns3:TrackPointExtension>
        </extensions>
      </trkpt>
      <trkpt lat="59.9986159242689609527587890625" lon="30.38301640190184116363525390625">
        <ele>12.6000003814697265625</ele>
        <time>2025-07-18T07:03:18.000Z</time>
        <extensions>
          <ns3:TrackPointExtension>
            <ns3:atemp>29.0</ns3:atemp>
            <ns3:hr>145</ns3:hr>
          </ns3:TrackPointExtension>
        </extensions>
      </trkpt>
      <trkpt lat="59.9984710849821567535400390625" lon="30.38283786736428737640380859375">
        <ele>12.3999996185302734375</ele>
        <time>2025-07-18T07:03:21.000Z</time>
        <extensions>
          <ns3:TrackPointExtension>
            <ns3:atemp>29.0</ns3:atemp>
            <ns3:hr>145</ns3:hr>
          </ns3:TrackPointExtension>
        </extensions>
      </trkpt>
      <trkpt lat="59.99841861426830291748046875" lon="30.38277827203273773193359375">
        <ele>12.19999980926513671875</ele>
        <time>2025-07-18T07:03:22.000Z</time>
        <extensions>
          <ns3:TrackPointExtension>
            <ns3:atemp>29.0</ns3:atemp>
            <ns3:hr>145</ns3:hr>
          </ns3:TrackPointExtension>
        </extensions>
      </trkpt>
      <trkpt lat="59.99813907779753208160400390625" lon="30.3824545629322528839111328125">
        <ele>12</ele>
        <time>2025-07-18T07:03:28.000Z</time>
        <extensions>
          <ns3:TrackPointExtension>
            <ns3:atemp>29.0</ns3:atemp>
            <ns3:hr>146</ns3:hr>
          </ns3:TrackPointExtension>
        </extensions>
      </trkpt>
      <trkpt lat="59.99784369952976703643798828125" lon="30.38203421048820018768310546875">
        <ele>11.80000019073486328125</ele>
        <time>2025-07-18T07:03:35.000Z</time>
        <extensions>
          <ns3:TrackPointExtension>
            <ns3:atemp>29.0</ns3:atemp>
            <ns3:hr>147</ns3:hr>
          </ns3:TrackPointExtension>
        </extensions>
      </trkpt>
      <trkpt lat="59.9975946731865406036376953125" lon="30.381779484450817108154296875">
        <ele>11.3999996185302734375</ele>
        <time>2025-07-18T07:03:40.000Z</time>
        <extensions>
          <ns3:TrackPointExtension>
            <ns3:atemp>29.0</ns3:atemp>
            <ns3:hr>146</ns3:hr>
          </ns3:TrackPointExtension>
        </extensions>
      </trkpt>
      <trkpt lat="59.99737657606601715087890625" lon="30.3815285302698612213134765625">
        <ele>11.3999996185302734375</ele>
        <time>2025-07-18T07:03:44.000Z</time>
        <extensions>
          <ns3:TrackPointExtension>
            <ns3:atemp>29.0</ns3:atemp>
            <ns3:hr>147</ns3:hr>
          </ns3:TrackPointExtension>
        </extensions>
      </trkpt>
      <trkpt lat="59.997341372072696685791015625" lon="30.38145367987453937530517578125">
        <ele>11.19999980926513671875</ele>
        <time>2025-07-18T07:03:45.000Z</time>
        <extensions>
          <ns3:TrackPointExtension>
            <ns3:atemp>29.0</ns3:atemp>
            <ns3:hr>147</ns3:hr>
          </ns3:TrackPointExtension>
        </extensions>
      </trkpt>
      <trkpt lat="59.9972523562610149383544921875" lon="30.3812294639647006988525390625">
        <ele>11.6000003814697265625</ele>
        <time>2025-07-18T07:03:49.000Z</time>
        <extensions>
          <ns3:TrackPointExtension>
            <ns3:atemp>29.0</ns3:atemp>
            <ns3:hr>151</ns3:hr>
          </ns3:TrackPointExtension>
        </extensions>
      </trkpt>
      <trkpt lat="59.997128136456012725830078125" lon="30.38116031326353549957275390625">
        <ele>12</ele>
        <time>2025-07-18T07:03:52.000Z</time>
        <extensions>
          <ns3:TrackPointExtension>
            <ns3:atemp>29.0</ns3:atemp>
            <ns3:hr>154</ns3:hr>
          </ns3:TrackPointExtension>
        </extensions>
      </trkpt>
      <trkpt lat="59.99708312563598155975341796875" lon="30.38114614784717559814453125">
        <ele>12</ele>
        <time>2025-07-18T07:03:53.000Z</time>
        <extensions>
          <ns3:TrackPointExtension>
            <ns3:atemp>29.0</ns3:atemp>
            <ns3:hr>155</ns3:hr>
          </ns3:TrackPointExtension>
        </extensions>
      </trkpt>
      <trkpt lat="59.99678975902497768402099609375" lon="30.38096845149993896484375">
        <ele>12.3999996185302734375</ele>
        <time>2025-07-18T07:04:00.000Z</time>
        <extensions>
          <ns3:TrackPointExtension>
            <ns3:atemp>29.0</ns3:atemp>
            <ns3:hr>153</ns3:hr>
          </ns3:TrackPointExtension>
        </extensions>
      </trkpt>
      <trkpt lat="59.99676193110644817352294921875" lon="30.380891673266887664794921875">
        <ele>13</ele>
        <time>2025-07-18T07:04:01.000Z</time>
        <extensions>
          <ns3:TrackPointExtension>
            <ns3:atemp>29.0</ns3:atemp>
            <ns3:hr>153</ns3:hr>
          </ns3:TrackPointExtension>
        </extensions>
      </trkpt>
      <trkpt lat="59.9965345300734043121337890625" lon="30.38043200969696044921875">
        <ele>12</ele>
        <time>2025-07-18T07:04:07.000Z</time>
        <extensions>
          <ns3:TrackPointExtension>
            <ns3:atemp>29.0</ns3:atemp>
            <ns3:hr>155</ns3:hr>
          </ns3:TrackPointExtension>
        </extensions>
      </trkpt>
      <trkpt lat="59.99635641463100910186767578125" lon="30.38030100055038928985595703125">
        <ele>11.80000019073486328125</ele>
        <time>2025-07-18T07:04:12.000Z</time>
        <extensions>
          <ns3:TrackPointExtension>
            <ns3:atemp>29.0</ns3:atemp>
            <ns3:hr>155</ns3:hr>
          </ns3:TrackPointExtension>
        </extensions>
      </trkpt>
      <trkpt lat="59.9963296763598918914794921875" lon="30.3802504576742649078369140625">
        <ele>11.19999980926513671875</ele>
        <time>2025-07-18T07:04:16.000Z</time>
        <extensions>
          <ns3:TrackPointExtension>
            <ns3:atemp>29.0</ns3:atemp>
            <ns3:hr>154</ns3:hr>
          </ns3:TrackPointExtension>
        </extensions>
      </trkpt>
      <trkpt lat="59.9963286705315113067626953125" lon="30.38024299778044223785400390625">
        <ele>11</ele>
        <time>2025-07-18T07:04:17.000Z</time>
        <extensions>
          <ns3:TrackPointExtension>
            <ns3:atemp>29.0</ns3:atemp>
            <ns3:hr>155</ns3:hr>
          </ns3:TrackPointExtension>
        </extensions>
      </trkpt>
      <trkpt lat="59.9963204562664031982421875" lon="30.380226485431194305419921875">
        <ele>10.6000003814697265625</ele>
        <time>2025-07-18T07:04:22.000Z</time>
        <extensions>
          <ns3:TrackPointExtension>
            <ns3:atemp>29.0</ns3:atemp>
            <ns3:hr>152</ns3:hr>
          </ns3:TrackPointExtension>
        </extensions>
      </trkpt>
      <trkpt lat="59.9963206239044666290283203125" lon="30.38021944463253021240234375">
        <ele>10</ele>
        <time>2025-07-18T07:04:27.000Z</time>
        <extensions>
          <ns3:TrackPointExtension>
            <ns3:atemp>29.0</ns3:atemp>
            <ns3:hr>152</ns3:hr>
          </ns3:TrackPointExtension>
        </extensions>
      </trkpt>
      <trkpt lat="59.99632540158927440643310546875" lon="30.3802782855927944183349609375">
        <ele>9.19999980926513671875</ele>
        <time>2025-07-18T07:04:35.000Z</time>
        <extensions>
          <ns3:TrackPointExtension>
            <ns3:atemp>29.0</ns3:atemp>
            <ns3:hr>149</ns3:hr>
          </ns3:TrackPointExtension>
        </extensions>
      </trkpt>
      <trkpt lat="59.9963271617889404296875" lon="30.3802831470966339111328125">
        <ele>9</ele>
        <time>2025-07-18T07:04:36.000Z</time>
        <extensions>
          <ns3:TrackPointExtension>
            <ns3:atemp>29.0</ns3:atemp>
            <ns3:hr>147</ns3:hr>
          </ns3:TrackPointExtension>
        </extensions>
      </trkpt>
      <trkpt lat="59.996330179274082183837890625" lon="30.38028976880013942718505859375">
        <ele>8.80000019073486328125</ele>
        <time>2025-07-18T07:04:37.000Z</time>
        <extensions>
          <ns3:TrackPointExtension>
            <ns3:atemp>29.0</ns3:atemp>
            <ns3:hr>148</ns3:hr>
          </ns3:TrackPointExtension>
        </extensions>
      </trkpt>
      <trkpt lat="59.99633294530212879180908203125" lon="30.3802957199513912200927734375">
        <ele>8.6000003814697265625</ele>
        <time>2025-07-18T07:04:38.000Z</time>
        <extensions>
          <ns3:TrackPointExtension>
            <ns3:atemp>29.0</ns3:atemp>
            <ns3:hr>144</ns3:hr>
          </ns3:TrackPointExtension>
        </extensions>
      </trkpt>
      <trkpt lat="59.99633596278727054595947265625" lon="30.38031256757676601409912109375">
        <ele>7.599999904632568359375</ele>
        <time>2025-07-18T07:04:42.000Z</time>
        <extensions>
          <ns3:TrackPointExtension>
            <ns3:atemp>29.0</ns3:atemp>
            <ns3:hr>143</ns3:hr>
          </ns3:TrackPointExtension>
        </extensions>
      </trkpt>
      <trkpt lat="59.996340237557888031005859375" lon="30.3803295828402042388916015625">
        <ele>7.400000095367431640625</ele>
        <time>2025-07-18T07:04:46.000Z</time>
        <extensions>
          <ns3:TrackPointExtension>
            <ns3:atemp>29.0</ns3:atemp>
            <ns3:hr>140</ns3:hr>
          </ns3:TrackPointExtension>
        </extensions>
      </trkpt>
      <trkpt lat="59.9963393993675708770751953125" lon="30.3803232125937938690185546875">
        <ele>7.19999980926513671875</ele>
        <time>2025-07-18T07:04:48.000Z</time>
        <extensions>
          <ns3:TrackPointExtension>
            <ns3:atemp>29.0</ns3:atemp>
            <ns3:hr>138</ns3:hr>
          </ns3:TrackPointExtension>
        </extensions>
      </trkpt>
      <trkpt lat="59.99633730389177799224853515625" lon="30.38031659089028835296630859375">
        <ele>7</ele>
        <time>2025-07-18T07:04:53.000Z</time>
        <extensions>
          <ns3:TrackPointExtension>
            <ns3:atemp>29.0</ns3:atemp>
            <ns3:hr>135</ns3:hr>
          </ns3:TrackPointExtension>
        </extensions>
      </trkpt>
      <trkpt lat="59.99633763916790485382080078125" lon="30.38031659089028835296630859375">
        <ele>6.599999904632568359375</ele>
        <time>2025-07-18T07:04:57.000Z</time>
        <extensions>
          <ns3:TrackPointExtension>
            <ns3:atemp>29.0</ns3:atemp>
            <ns3:hr>132</ns3:hr>
          </ns3:TrackPointExtension>
        </extensions>
      </trkpt>
      <trkpt lat="59.99633780680596828460693359375" lon="30.380316674709320068359375">
        <ele>6.599999904632568359375</ele>
        <time>2025-07-18T07:04:58.000Z</time>
        <extensions>
          <ns3:TrackPointExtension>
            <ns3:atemp>29.0</ns3:atemp>
            <ns3:hr>131</ns3:hr>
          </ns3:TrackPointExtension>
        </extensions>
      </trkpt>
      <trkpt lat="59.9963393993675708770751953125" lon="30.38032631389796733856201171875">
        <ele>6</ele>
        <time>2025-07-18T07:05:02.000Z</time>
        <extensions>
          <ns3:TrackPointExtension>
            <ns3:atemp>29.0</ns3:atemp>
            <ns3:hr>128</ns3:hr>
          </ns3:TrackPointExtension>
        </extensions>
      </trkpt>
      <trkpt lat="59.9963400699198246002197265625" lon="30.3803124837577342987060546875">
        <ele>5.599999904632568359375</ele>
        <time>2025-07-18T07:05:05.000Z</time>
        <extensions>
          <ns3:TrackPointExtension>
            <ns3:atemp>30.0</ns3:atemp>
            <ns3:hr>127</ns3:hr>
          </ns3:TrackPointExtension>
        </extensions>
      </trkpt>
      <trkpt lat="59.99634669162333011627197265625" lon="30.380282811820507049560546875">
        <ele>4.599999904632568359375</ele>
        <time>2025-07-18T07:05:10.000Z</time>
        <extensions>
          <ns3:TrackPointExtension>
            <ns3:atemp>30.0</ns3:atemp>
            <ns3:hr>125</ns3:hr>
          </ns3:TrackPointExtension>
        </extensions>
      </trkpt>
      <trkpt lat="59.99634149484336376190185546875" lon="30.380268730223178863525390625">
        <ele>4.19999980926513671875</ele>
        <time>2025-07-18T07:05:12.000Z</time>
        <extensions>
          <ns3:TrackPointExtension>
            <ns3:atemp>30.0</ns3:atemp>
            <ns3:hr>125</ns3:hr>
          </ns3:TrackPointExtension>
        </extensions>
      </trkpt>
      <trkpt lat="59.9963336996734142303466796875" lon="30.38029848597943782806396484375">
        <ele>4</ele>
        <time>2025-07-18T07:05:20.000Z</time>
        <extensions>
          <ns3:TrackPointExtension>
            <ns3:atemp>30.0</ns3:atemp>
            <ns3:hr>124</ns3:hr>
          </ns3:TrackPointExtension>
        </extensions>
      </trkpt>
      <trkpt lat="59.996334873139858245849609375" lon="30.38030100055038928985595703125">
        <ele>3.599999904632568359375</ele>
        <time>2025-07-18T07:05:23.000Z</time>
        <extensions>
          <ns3:TrackPointExtension>
            <ns3:atemp>30.0</ns3:atemp>
            <ns3:hr>121</ns3:hr>
          </ns3:TrackPointExtension>
        </extensions>
      </trkpt>
      <trkpt lat="59.99633562751114368438720703125" lon="30.380307622253894805908203125">
        <ele>3.400000095367431640625</ele>
        <time>2025-07-18T07:05:30.000Z</time>
        <extensions>
          <ns3:TrackPointExtension>
            <ns3:atemp>30.0</ns3:atemp>
            <ns3:hr>119</ns3:hr>
          </ns3:TrackPointExtension>
        </extensions>
      </trkpt>
      <trkpt lat="59.9963343702256679534912109375" lon="30.38030971772968769073486328125">
        <ele>3.2000000476837158203125</ele>
        <time>2025-07-18T07:05:32.000Z</time>
        <extensions>
          <ns3:TrackPointExtension>
            <ns3:atemp>30.0</ns3:atemp>
            <ns3:hr>118</ns3:hr>
          </ns3:TrackPointExtension>
        </extensions>
      </trkpt>
      <trkpt lat="59.996327497065067291259765625" lon="30.3803094662725925445556640625">
        <ele>3.2000000476837158203125</ele>
        <time>2025-07-18T07:05:33.000Z</time>
        <extensions>
          <ns3:TrackPointExtension>
            <ns3:atemp>30.0</ns3:atemp>
            <ns3:hr>118</ns3:hr>
          </ns3:TrackPointExtension>
        </extensions>
      </trkpt>
      <trkpt lat="59.99627712182700634002685546875" lon="30.3802913613617420196533203125">
        <ele>3.7999999523162841796875</ele>
        <time>2025-07-18T07:05:36.000Z</time>
        <extensions>
          <ns3:TrackPointExtension>
            <ns3:atemp>30.0</ns3:atemp>
            <ns3:hr>118</ns3:hr>
          </ns3:TrackPointExtension>
        </extensions>
      </trkpt>
      <trkpt lat="59.9961948953568935394287109375" lon="30.3802417404949665069580078125">
        <ele>4.400000095367431640625</ele>
        <time>2025-07-18T07:05:39.000Z</time>
        <extensions>
          <ns3:TrackPointExtension>
            <ns3:atemp>30.0</ns3:atemp>
            <ns3:hr>118</ns3:hr>
          </ns3:TrackPointExtension>
        </extensions>
      </trkpt>
      <trkpt lat="59.99613630585372447967529296875" lon="30.3802053630352020263671875">
        <ele>4.80000019073486328125</ele>
        <time>2025-07-18T07:05:41.000Z</time>
        <extensions>
          <ns3:TrackPointExtension>
            <ns3:atemp>30.0</ns3:atemp>
            <ns3:hr>119</ns3:hr>
          </ns3:TrackPointExtension>
        </extensions>
      </trkpt>
      <trkpt lat="59.99609313905239105224609375" lon="30.38013671524822711944580078125">
        <ele>5</ele>
        <time>2025-07-18T07:05:43.000Z</time>
        <extensions>
          <ns3:TrackPointExtension>
            <ns3:atemp>30.0</ns3:atemp>
            <ns3:hr>122</ns3:hr>
          </ns3:TrackPointExtension>
        </extensions>
      </trkpt>
      <trkpt lat="59.99606489203870296478271484375" lon="30.38009480573236942291259765625">
        <ele>5.400000095367431640625</ele>
        <time>2025-07-18T07:05:44.000Z</time>
        <extensions>
          <ns3:TrackPointExtension>
            <ns3:atemp>30.0</ns3:atemp>
            <ns3:hr>123</ns3:hr>
          </ns3:TrackPointExtension>
        </extensions>
      </trkpt>
      <trkpt lat="59.99604125507175922393798828125" lon="30.38005474023520946502685546875">
        <ele>5.80000019073486328125</ele>
        <time>2025-07-18T07:05:45.000Z</time>
        <extensions>
          <ns3:TrackPointExtension>
            <ns3:atemp>30.0</ns3:atemp>
            <ns3:hr>126</ns3:hr>
          </ns3:TrackPointExtension>
        </extensions>
      </trkpt>
      <trkpt lat="59.99602331779897212982177734375" lon="30.38001551292836666107177734375">
        <ele>6</ele>
        <time>2025-07-18T07:05:46.000Z</time>
        <extensions>
          <ns3:TrackPointExtension>
            <ns3:atemp>30.0</ns3:atemp>
            <ns3:hr>128</ns3:hr>
          </ns3:TrackPointExtension>
        </extensions>
      </trkpt>
      <trkpt lat="59.9959736131131649017333984375" lon="30.379922725260257720947265625">
        <ele>6.599999904632568359375</ele>
        <time>2025-07-18T07:05:48.000Z</time>
        <extensions>
          <ns3:TrackPointExtension>
            <ns3:atemp>30.0</ns3:atemp>
            <ns3:hr>131</ns3:hr>
          </ns3:TrackPointExtension>
        </extensions>
      </trkpt>
      <trkpt lat="59.995874203741550445556640625" lon="30.37976472638547420501708984375">
        <ele>7.400000095367431640625</ele>
        <time>2025-07-18T07:05:52.000Z</time>
        <extensions>
          <ns3:TrackPointExtension>
            <ns3:atemp>30.0</ns3:atemp>
            <ns3:hr>132</ns3:hr>
          </ns3:TrackPointExtension>
        </extensions>
      </trkpt>
      <trkpt lat="59.9956767261028289794921875" lon="30.37967537529766559600830078125">
        <ele>7.400000095367431640625</ele>
        <time>2025-07-18T07:05:56.000Z</time>
        <extensions>
          <ns3:TrackPointExtension>
            <ns3:atemp>30.0</ns3:atemp>
            <ns3:hr>132</ns3:hr>
          </ns3:TrackPointExtension>
        </extensions>
      </trkpt>
      <trkpt lat="59.99562584795057773590087890625" lon="30.3796114213764667510986328125">
        <ele>7.19999980926513671875</ele>
        <time>2025-07-18T07:05:57.000Z</time>
        <extensions>
          <ns3:TrackPointExtension>
            <ns3:atemp>30.0</ns3:atemp>
            <ns3:hr>132</ns3:hr>
          </ns3:TrackPointExtension>
        </extensions>
      </trkpt>
      <trkpt lat="59.9954693578183650970458984375" lon="30.3794119320809841156005859375">
        <ele>7.400000095367431640625</ele>
        <time>2025-07-18T07:06:01.000Z</time>
        <extensions>
          <ns3:TrackPointExtension>
            <ns3:atemp>30.0</ns3:atemp>
            <ns3:hr>129</ns3:hr>
          </ns3:TrackPointExtension>
        </extensions>
      </trkpt>
      <trkpt lat="59.99540138058364391326904296875" lon="30.37937630899250507354736328125">
        <ele>7.400000095367431640625</ele>
        <time>2025-07-18T07:06:03.000Z</time>
        <extensions>
          <ns3:TrackPointExtension>
            <ns3:atemp>30.0</ns3:atemp>
            <ns3:hr>128</ns3:hr>
          </ns3:TrackPointExtension>
        </extensions>
      </trkpt>
      <trkpt lat="59.99529593624174594879150390625" lon="30.37931830622255802154541015625">
        <ele>7.599999904632568359375</ele>
        <time>2025-07-18T07:06:05.000Z</time>
        <extensions>
          <ns3:TrackPointExtension>
            <ns3:atemp>30.0</ns3:atemp>
            <ns3:hr>126</ns3:hr>
          </ns3:TrackPointExtension>
        </extensions>
      </trkpt>
      <trkpt lat="59.99520826153457164764404296875" lon="30.379244126379489898681640625">
        <ele>7.599999904632568359375</ele>
        <time>2025-07-18T07:06:07.000Z</time>
        <extensions>
          <ns3:TrackPointExtension>
            <ns3:atemp>30.0</ns3:atemp>
            <ns3:hr>125</ns3:hr>
          </ns3:TrackPointExtension>
        </extensions>
      </trkpt>
      <trkpt lat="59.99493819661438465118408203125" lon="30.37891530431807041168212890625">
        <ele>7.80000019073486328125</ele>
        <time>2025-07-18T07:06:14.000Z</time>
        <extensions>
          <ns3:TrackPointExtension>
            <ns3:atemp>30.0</ns3:atemp>
            <ns3:hr>124</ns3:hr>
          </ns3:TrackPointExtension>
        </extensions>
      </trkpt>
      <trkpt lat="59.99465505592525005340576171875" lon="30.378867946565151214599609375">
        <ele>8.3999996185302734375</ele>
        <time>2025-07-18T07:06:19.000Z</time>
        <extensions>
          <ns3:TrackPointExtension>
            <ns3:atemp>30.0</ns3:atemp>
            <ns3:hr>124</ns3:hr>
          </ns3:TrackPointExtension>
        </extensions>
      </trkpt>
      <trkpt lat="59.99437727965414524078369140625" lon="30.37885813973844051361083984375">
        <ele>8.3999996185302734375</ele>
        <time>2025-07-18T07:06:26.000Z</time>
        <extensions>
          <ns3:TrackPointExtension>
            <ns3:atemp>30.0</ns3:atemp>
            <ns3:hr>123</ns3:hr>
          </ns3:TrackPointExtension>
        </extensions>
      </trkpt>
      <trkpt lat="59.9942095577716827392578125" lon="30.37860299460589885711669921875">
        <ele>8.80000019073486328125</ele>
        <time>2025-07-18T07:06:30.000Z</time>
        <extensions>
          <ns3:TrackPointExtension>
            <ns3:atemp>30.0</ns3:atemp>
            <ns3:hr>124</ns3:hr>
          </ns3:TrackPointExtension>
        </extensions>
      </trkpt>
      <trkpt lat="59.99414719641208648681640625" lon="30.37850157357752323150634765625">
        <ele>9.19999980926513671875</ele>
        <time>2025-07-18T07:06:32.000Z</time>
        <extensions>
          <ns3:TrackPointExtension>
            <ns3:atemp>30.0</ns3:atemp>
            <ns3:hr>123</ns3:hr>
          </ns3:TrackPointExtension>
        </extensions>
      </trkpt>
      <trkpt lat="59.993897415697574615478515625" lon="30.3781150840222835540771484375">
        <ele>9.19999980926513671875</ele>
        <time>2025-07-18T07:06:38.000Z</time>
        <extensions>
          <ns3:TrackPointExtension>
            <ns3:atemp>30.0</ns3:atemp>
            <ns3:hr>120</ns3:hr>
          </ns3:TrackPointExtension>
        </extensions>
      </trkpt>
      <trkpt lat="59.99385274015367031097412109375" lon="30.378061942756175994873046875">
        <ele>9</ele>
        <time>2025-07-18T07:06:39.000Z</time>
        <extensions>
          <ns3:TrackPointExtension>
            <ns3:atemp>30.0</ns3:atemp>
            <ns3:hr>120</ns3:hr>
          </ns3:TrackPointExtension>
        </extensions>
      </trkpt>
      <trkpt lat="59.9935395084321498870849609375" lon="30.377680398523807525634765625">
        <ele>9</ele>
        <time>2025-07-18T07:06:45.000Z</time>
        <extensions>
          <ns3:TrackPointExtension>
            <ns3:atemp>30.0</ns3:atemp>
            <ns3:hr>122</ns3:hr>
          </ns3:TrackPointExtension>
        </extensions>
      </trkpt>
      <trkpt lat="59.9934848584234714508056640625" lon="30.37762013264000415802001953125">
        <ele>9</ele>
        <time>2025-07-18T07:06:46.000Z</time>
        <extensions>
          <ns3:TrackPointExtension>
            <ns3:atemp>30.0</ns3:atemp>
            <ns3:hr>126</ns3:hr>
          </ns3:TrackPointExtension>
        </extensions>
      </trkpt>
      <trkpt lat="59.9933485686779022216796875" lon="30.3774210624396800994873046875">
        <ele>9</ele>
        <time>2025-07-18T07:06:48.000Z</time>
        <extensions>
          <ns3:TrackPointExtension>
            <ns3:atemp>30.0</ns3:atemp>
            <ns3:hr>130</ns3:hr>
          </ns3:TrackPointExtension>
        </extensions>
      </trkpt>
      <trkpt lat="59.993211440742015838623046875" lon="30.37722551263868808746337890625">
        <ele>8.3999996185302734375</ele>
        <time>2025-07-18T07:06:50.000Z</time>
        <extensions>
          <ns3:TrackPointExtension>
            <ns3:atemp>30.0</ns3:atemp>
            <ns3:hr>131</ns3:hr>
          </ns3:TrackPointExtension>
        </extensions>
      </trkpt>
      <trkpt lat="59.9930101074278354644775390625" lon="30.37695117294788360595703125">
        <ele>7.80000019073486328125</ele>
        <time>2025-07-18T07:06:53.000Z</time>
        <extensions>
          <ns3:TrackPointExtension>
            <ns3:atemp>30.0</ns3:atemp>
            <ns3:hr>132</ns3:hr>
          </ns3:TrackPointExtension>
        </extensions>
      </trkpt>
      <trkpt lat="59.99273107387125492095947265625" lon="30.3765201754868030548095703125">
        <ele>6.599999904632568359375</ele>
        <time>2025-07-18T07:06:57.000Z</time>
        <extensions>
          <ns3:TrackPointExtension>
            <ns3:atemp>30.0</ns3:atemp>
            <ns3:hr>133</ns3:hr>
          </ns3:TrackPointExtension>
        </extensions>
      </trkpt>
      <trkpt lat="59.9925246275961399078369140625" lon="30.3762516193091869354248046875">
        <ele>5.400000095367431640625</ele>
        <time>2025-07-18T07:07:00.000Z</time>
        <extensions>
          <ns3:TrackPointExtension>
            <ns3:atemp>30.0</ns3:atemp>
            <ns3:hr>133</ns3:hr>
          </ns3:TrackPointExtension>
        </extensions>
      </trkpt>
      <trkpt lat="59.99238523654639720916748046875" lon="30.37606445141136646270751953125">
        <ele>5</ele>
        <time>2025-07-18T07:07:02.000Z</time>
        <extensions>
          <ns3:TrackPointExtension>
            <ns3:atemp>30.0</ns3:atemp>
            <ns3:hr>137</ns3:hr>
          </ns3:TrackPointExtension>
        </extensions>
      </trkpt>
      <trkpt lat="59.99232555739581584930419921875" lon="30.3759619407355785369873046875">
        <ele>4.599999904632568359375</ele>
        <time>2025-07-18T07:07:03.000Z</time>
        <extensions>
          <ns3:TrackPointExtension>
            <ns3:atemp>30.0</ns3:atemp>
            <ns3:hr>140</ns3:hr>
          </ns3:TrackPointExtension>
        </extensions>
      </trkpt>
      <trkpt lat="59.992269985377788543701171875" lon="30.3758476115763187408447265625">
        <ele>4.19999980926513671875</ele>
        <time>2025-07-18T07:07:04.000Z</time>
        <extensions>
          <ns3:TrackPointExtension>
            <ns3:atemp>30.0</ns3:atemp>
            <ns3:hr>142</ns3:hr>
          </ns3:TrackPointExtension>
        </extensions>
      </trkpt>
      <trkpt lat="59.99211282469332218170166015625" lon="30.37543245591223239898681640625">
        <ele>3.7999999523162841796875</ele>
        <time>2025-07-18T07:07:07.000Z</time>
        <extensions>
          <ns3:TrackPointExtension>
            <ns3:atemp>30.0</ns3:atemp>
            <ns3:hr>145</ns3:hr>
          </ns3:TrackPointExtension>
        </extensions>
      </trkpt>
      <trkpt lat="59.99207074753940105438232421875" lon="30.37527303211390972137451171875">
        <ele>3.7999999523162841796875</ele>
        <time>2025-07-18T07:07:08.000Z</time>
        <extensions>
          <ns3:TrackPointExtension>
            <ns3:atemp>30.0</ns3:atemp>
            <ns3:hr>146</ns3:hr>
          </ns3:TrackPointExtension>
        </extensions>
      </trkpt>
      <trkpt lat="59.99203495681285858154296875" lon="30.3751126863062381744384765625">
        <ele>3.7999999523162841796875</ele>
        <time>2025-07-18T07:07:09.000Z</time>
        <extensions>
          <ns3:TrackPointExtension>
            <ns3:atemp>30.0</ns3:atemp>
            <ns3:hr>146</ns3:hr>
          </ns3:TrackPointExtension>
        </extensions>
      </trkpt>
      <trkpt lat="59.9919573403894901275634765625" lon="30.37461706437170505523681640625">
        <ele>4</ele>
        <time>2025-07-18T07:07:12.000Z</time>
        <extensions>
          <ns3:TrackPointExtension>
            <ns3:atemp>29.0</ns3:atemp>
            <ns3:hr>147</ns3:hr>
          </ns3:TrackPointExtension>
        </extensions>
      </trkpt>
      <trkpt lat="59.9919435940682888031005859375" lon="30.37427835166454315185546875">
        <ele>4.19999980926513671875</ele>
        <time>2025-07-18T07:07:14.000Z</time>
        <extensions>
          <ns3:TrackPointExtension>
            <ns3:atemp>29.0</ns3:atemp>
            <ns3:hr>146</ns3:hr>
          </ns3:TrackPointExtension>
        </extensions>
      </trkpt>
      <trkpt lat="59.99197519384324550628662109375" lon="30.37361609749495983123779296875">
        <ele>4.19999980926513671875</ele>
        <time>2025-07-18T07:07:18.000Z</time>
        <extensions>
          <ns3:TrackPointExtension>
            <ns3:atemp>29.0</ns3:atemp>
            <ns3:hr>143</ns3:hr>
          </ns3:TrackPointExtension>
        </extensions>
      </trkpt>
      <trkpt lat="59.9919942207634449005126953125" lon="30.3734617866575717926025390625">
        <ele>4.80000019073486328125</ele>
        <time>2025-07-18T07:07:19.000Z</time>
        <extensions>
          <ns3:TrackPointExtension>
            <ns3:atemp>29.0</ns3:atemp>
            <ns3:hr>142</ns3:hr>
          </ns3:TrackPointExtension>
        </extensions>
      </trkpt>
      <trkpt lat="59.992013834416866302490234375" lon="30.37330965511500835418701171875">
        <ele>5.19999980926513671875</ele>
        <time>2025-07-18T07:07:20.000Z</time>
        <extensions>
          <ns3:TrackPointExtension>
            <ns3:atemp>29.0</ns3:atemp>
            <ns3:hr>144</ns3:hr>
          </ns3:TrackPointExtension>
        </extensions>
      </trkpt>
      <trkpt lat="59.992054402828216552734375" lon="30.37301578558981418609619140625">
        <ele>5.400000095367431640625</ele>
        <time>2025-07-18T07:07:22.000Z</time>
        <extensions>
          <ns3:TrackPointExtension>
            <ns3:atemp>29.0</ns3:atemp>
            <ns3:hr>147</ns3:hr>
          </ns3:TrackPointExtension>
        </extensions>
      </trkpt>
      <trkpt lat="59.9921474419534206390380859375" lon="30.37246325053274631500244140625">
        <ele>5.599999904632568359375</ele>
        <time>2025-07-18T07:07:26.000Z</time>
        <extensions>
          <ns3:TrackPointExtension>
            <ns3:atemp>29.0</ns3:atemp>
            <ns3:hr>147</ns3:hr>
          </ns3:TrackPointExtension>
        </extensions>
      </trkpt>
      <trkpt lat="59.9922386370599269866943359375" lon="30.37190853618085384368896484375">
        <ele>5.400000095367431640625</ele>
        <time>2025-07-18T07:07:30.000Z</time>
        <extensions>
          <ns3:TrackPointExtension>
            <ns3:atemp>29.0</ns3:atemp>
            <ns3:hr>150</ns3:hr>
          </ns3:TrackPointExtension>
        </extensions>
      </trkpt>
      <trkpt lat="59.992283396422863006591796875" lon="30.371619276702404022216796875">
        <ele>6.19999980926513671875</ele>
        <time>2025-07-18T07:07:32.000Z</time>
        <extensions>
          <ns3:TrackPointExtension>
            <ns3:atemp>29.0</ns3:atemp>
            <ns3:hr>155</ns3:hr>
          </ns3:TrackPointExtension>
        </extensions>
      </trkpt>
      <trkpt lat="59.9923060275614261627197265625" lon="30.371474437415599822998046875">
        <ele>6.400000095367431640625</ele>
        <time>2025-07-18T07:07:33.000Z</time>
        <extensions>
          <ns3:TrackPointExtension>
            <ns3:atemp>29.0</ns3:atemp>
            <ns3:hr>158</ns3:hr>
          </ns3:TrackPointExtension>
        </extensions>
      </trkpt>
      <trkpt lat="59.99235204420983791351318359375" lon="30.3711839206516742706298828125">
        <ele>6.80000019073486328125</ele>
        <time>2025-07-18T07:07:35.000Z</time>
        <extensions>
          <ns3:TrackPointExtension>
            <ns3:atemp>29.0</ns3:atemp>
            <ns3:hr>163</ns3:hr>
          </ns3:TrackPointExtension>
        </extensions>
      </trkpt>
      <trkpt lat="59.99243267811834812164306640625" lon="30.370653681457042694091796875">
        <ele>7</ele>
        <time>2025-07-18T07:07:39.000Z</time>
        <extensions>
          <ns3:TrackPointExtension>
            <ns3:atemp>29.0</ns3:atemp>
            <ns3:hr>166</ns3:hr>
          </ns3:TrackPointExtension>
        </extensions>
      </trkpt>
      <trkpt lat="59.99245162121951580047607421875" lon="30.3705287910997867584228515625">
        <ele>7</ele>
        <time>2025-07-18T07:07:40.000Z</time>
        <extensions>
          <ns3:TrackPointExtension>
            <ns3:atemp>29.0</ns3:atemp>
            <ns3:hr>167</ns3:hr>
          </ns3:TrackPointExtension>
        </extensions>
      </trkpt>
      <trkpt lat="59.99246788211166858673095703125" lon="30.37040549330413341522216796875">
        <ele>7.400000095367431640625</ele>
        <time>2025-07-18T07:07:41.000Z</time>
        <extensions>
          <ns3:TrackPointExtension>
            <ns3:atemp>29.0</ns3:atemp>
            <ns3:hr>168</ns3:hr>
          </ns3:TrackPointExtension>
        </extensions>
      </trkpt>
      <trkpt lat="59.9926136434078216552734375" lon="30.36952706985175609588623046875">
        <ele>7</ele>
        <time>2025-07-18T07:07:49.000Z</time>
        <extensions>
          <ns3:TrackPointExtension>
            <ns3:atemp>29.0</ns3:atemp>
            <ns3:hr>170</ns3:hr>
          </ns3:TrackPointExtension>
        </extensions>
      </trkpt>
      <trkpt lat="59.9927395395934581756591796875" lon="30.3686378337442874908447265625">
        <ele>7.599999904632568359375</ele>
        <time>2025-07-18T07:07:56.000Z</time>
        <extensions>
          <ns3:TrackPointExtension>
            <ns3:atemp>29.0</ns3:atemp>
            <ns3:hr>170</ns3:hr>
          </ns3:TrackPointExtension>
        </extensions>
      </trkpt>
      <trkpt lat="59.99284498393535614013671875" lon="30.36780626513063907623291015625">
        <ele>7.599999904632568359375</ele>
        <time>2025-07-18T07:08:02.000Z</time>
        <extensions>
          <ns3:TrackPointExtension>
            <ns3:atemp>29.0</ns3:atemp>
            <ns3:hr>167</ns3:hr>
          </ns3:TrackPointExtension>
        </extensions>
      </trkpt>
      <trkpt lat="59.99288714490830898284912109375" lon="30.36752832122147083282470703125">
        <ele>7.400000095367431640625</ele>
        <time>2025-07-18T07:08:04.000Z</time>
        <extensions>
          <ns3:TrackPointExtension>
            <ns3:atemp>29.0</ns3:atemp>
            <ns3:hr>167</ns3:hr>
          </ns3:TrackPointExtension>
        </extensions>
      </trkpt>
      <trkpt lat="59.99298102222383022308349609375" lon="30.36683949641883373260498046875">
        <ele>7.599999904632568359375</ele>
        <time>2025-07-18T07:08:10.000Z</time>
        <extensions>
          <ns3:TrackPointExtension>
            <ns3:atemp>29.0</ns3:atemp>
            <ns3:hr>167</ns3:hr>
          </ns3:TrackPointExtension>
        </extensions>
      </trkpt>
      <trkpt lat="59.992996864020824432373046875" lon="30.3667596168816089630126953125">
        <ele>8</ele>
        <time>2025-07-18T07:08:11.000Z</time>
        <extensions>
          <ns3:TrackPointExtension>
            <ns3:atemp>29.0</ns3:atemp>
            <ns3:hr>167</ns3:hr>
          </ns3:TrackPointExtension>
        </extensions>
      </trkpt>
      <trkpt lat="59.99303466640412807464599609375" lon="30.36659994162619113922119140625">
        <ele>8.19999980926513671875</ele>
        <time>2025-07-18T07:08:13.000Z</time>
        <extensions>
          <ns3:TrackPointExtension>
            <ns3:atemp>29.0</ns3:atemp>
            <ns3:hr>168</ns3:hr>
          </ns3:TrackPointExtension>
        </extensions>
      </trkpt>
      <trkpt lat="59.99306500889360904693603515625" lon="30.366412103176116943359375">
        <ele>8.19999980926513671875</ele>
        <time>2025-07-18T07:08:15.000Z</time>
        <extensions>
          <ns3:TrackPointExtension>
            <ns3:atemp>29.0</ns3:atemp>
            <ns3:hr>167</ns3:hr>
          </ns3:TrackPointExtension>
        </extensions>
      </trkpt>
      <trkpt lat="59.99313826672732830047607421875" lon="30.366035588085651397705078125">
        <ele>7.400000095367431640625</ele>
        <time>2025-07-18T07:08:19.000Z</time>
        <extensions>
          <ns3:TrackPointExtension>
            <ns3:atemp>29.0</ns3:atemp>
            <ns3:hr>165</ns3:hr>
          </ns3:TrackPointExtension>
        </extensions>
      </trkpt>
      <trkpt lat="59.993137679994106292724609375" lon="30.36586761474609375">
        <ele>7.400000095367431640625</ele>
        <time>2025-07-18T07:08:21.000Z</time>
        <extensions>
          <ns3:TrackPointExtension>
            <ns3:atemp>29.0</ns3:atemp>
            <ns3:hr>165</ns3:hr>
          </ns3:TrackPointExtension>
        </extensions>
      </trkpt>
      <trkpt lat="59.993150420486927032470703125" lon="30.365694947540760040283203125">
        <ele>7.400000095367431640625</ele>
        <time>2025-07-18T07:08:23.000Z</time>
        <extensions>
          <ns3:TrackPointExtension>
            <ns3:atemp>29.0</ns3:atemp>
            <ns3:hr>164</ns3:hr>
          </ns3:TrackPointExtension>
        </extensions>
      </trkpt>
      <trkpt lat="59.99318319372832775115966796875" lon="30.36552789621055126190185546875">
        <ele>7.599999904632568359375</ele>
        <time>2025-07-18T07:08:25.000Z</time>
        <extensions>
          <ns3:TrackPointExtension>
            <ns3:atemp>29.0</ns3:atemp>
            <ns3:hr>165</ns3:hr>
          </ns3:TrackPointExtension>
        </extensions>
      </trkpt>
      <trkpt lat="59.99326131306588649749755859375" lon="30.3650084696710109710693359375">
        <ele>7.400000095367431640625</ele>
        <time>2025-07-18T07:08:30.000Z</time>
        <extensions>
          <ns3:TrackPointExtension>
            <ns3:atemp>29.0</ns3:atemp>
            <ns3:hr>162</ns3:hr>
          </ns3:TrackPointExtension>
        </extensions>
      </trkpt>
      <trkpt lat="59.9932786636054515838623046875" lon="30.36489657126367092132568359375">
        <ele>7.400000095367431640625</ele>
        <time>2025-07-18T07:08:31.000Z</time>
        <extensions>
          <ns3:TrackPointExtension>
            <ns3:atemp>29.0</ns3:atemp>
            <ns3:hr>161</ns3:hr>
          </ns3:TrackPointExtension>
        </extensions>
      </trkpt>
      <trkpt lat="59.99335401691496372222900390625" lon="30.36442081443965435028076171875">
        <ele>7</ele>
        <time>2025-07-18T07:08:35.000Z</time>
        <extensions>
          <ns3:TrackPointExtension>
            <ns3:atemp>29.0</ns3:atemp>
            <ns3:hr>158</ns3:hr>
          </ns3:TrackPointExtension>
        </extensions>
      </trkpt>
      <trkpt lat="59.99341302551329135894775390625" lon="30.3640509210526943206787109375">
        <ele>6.19999980926513671875</ele>
        <time>2025-07-18T07:08:38.000Z</time>
        <extensions>
          <ns3:TrackPointExtension>
            <ns3:atemp>29.0</ns3:atemp>
            <ns3:hr>157</ns3:hr>
          </ns3:TrackPointExtension>
        </extensions>
      </trkpt>
      <trkpt lat="59.9934518337249755859375" lon="30.3637967817485332489013671875">
        <ele>5.400000095367431640625</ele>
        <time>2025-07-18T07:08:40.000Z</time>
        <extensions>
          <ns3:TrackPointExtension>
            <ns3:atemp>29.0</ns3:atemp>
            <ns3:hr>157</ns3:hr>
          </ns3:TrackPointExtension>
        </extensions>
      </trkpt>
      <trkpt lat="59.9934851936995983123779296875" lon="30.363521017134189605712890625">
        <ele>5.19999980926513671875</ele>
        <time>2025-07-18T07:08:42.000Z</time>
        <extensions>
          <ns3:TrackPointExtension>
            <ns3:atemp>29.0</ns3:atemp>
            <ns3:hr>157</ns3:hr>
          </ns3:TrackPointExtension>
        </extensions>
      </trkpt>
      <trkpt lat="59.99359734356403350830078125" lon="30.36274208687245845794677734375">
        <ele>5.19999980926513671875</ele>
        <time>2025-07-18T07:08:48.000Z</time>
        <extensions>
          <ns3:TrackPointExtension>
            <ns3:atemp>29.0</ns3:atemp>
            <ns3:hr>157</ns3:hr>
          </ns3:TrackPointExtension>
        </extensions>
      </trkpt>
      <trkpt lat="59.9937624670565128326416015625" lon="30.3617660142481327056884765625">
        <ele>4.19999980926513671875</ele>
        <time>2025-07-18T07:08:56.000Z</time>
        <extensions>
          <ns3:TrackPointExtension>
            <ns3:atemp>29.0</ns3:atemp>
            <ns3:hr>156</ns3:hr>
          </ns3:TrackPointExtension>
        </extensions>
      </trkpt>
      <trkpt lat="59.99392868019640445709228515625" lon="30.36080804653465747833251953125">
        <ele>4.599999904632568359375</ele>
        <time>2025-07-18T07:09:04.000Z</time>
        <extensions>
          <ns3:TrackPointExtension>
            <ns3:atemp>28.0</ns3:atemp>
            <ns3:hr>156</ns3:hr>
          </ns3:TrackPointExtension>
        </extensions>
      </trkpt>
      <trkpt lat="59.99400897882878780364990234375" lon="30.36022097803652286529541015625">
        <ele>4.400000095367431640625</ele>
        <time>2025-07-18T07:09:10.000Z</time>
        <extensions>
          <ns3:TrackPointExtension>
            <ns3:atemp>28.0</ns3:atemp>
            <ns3:hr>157</ns3:hr>
          </ns3:TrackPointExtension>
        </extensions>
      </trkpt>
      <trkpt lat="59.9940085597336292266845703125" lon="30.3601737879216670989990234375">
        <ele>5</ele>
        <time>2025-07-18T07:09:13.000Z</time>
        <extensions>
          <ns3:TrackPointExtension>
            <ns3:atemp>28.0</ns3:atemp>
            <ns3:hr>158</ns3:hr>
          </ns3:TrackPointExtension>
        </extensions>
      </trkpt>
      <trkpt lat="59.99400235712528228759765625" lon="30.3601570241153240203857421875">
        <ele>5.599999904632568359375</ele>
        <time>2025-07-18T07:09:14.000Z</time>
        <extensions>
          <ns3:TrackPointExtension>
            <ns3:atemp>28.0</ns3:atemp>
            <ns3:hr>158</ns3:hr>
          </ns3:TrackPointExtension>
        </extensions>
      </trkpt>
      <trkpt lat="59.99399456195533275604248046875" lon="30.36014311015605926513671875">
        <ele>5</ele>
        <time>2025-07-18T07:09:20.000Z</time>
        <extensions>
          <ns3:TrackPointExtension>
            <ns3:atemp>28.0</ns3:atemp>
            <ns3:hr>158</ns3:hr>
          </ns3:TrackPointExtension>
        </extensions>
      </trkpt>
      <trkpt lat="59.99399456195533275604248046875" lon="30.36014352925121784210205078125">
        <ele>4.80000019073486328125</ele>
        <time>2025-07-18T07:09:22.000Z</time>
        <extensions>
          <ns3:TrackPointExtension>
            <ns3:atemp>28.0</ns3:atemp>
            <ns3:hr>153</ns3:hr>
          </ns3:TrackPointExtension>
        </extensions>
      </trkpt>
      <trkpt lat="59.9939944781363010406494140625" lon="30.3601442836225032806396484375">
        <ele>4.80000019073486328125</ele>
        <time>2025-07-18T07:09:24.000Z</time>
        <extensions>
          <ns3:TrackPointExtension>
            <ns3:atemp>28.0</ns3:atemp>
            <ns3:hr>150</ns3:hr>
          </ns3:TrackPointExtension>
        </extensions>
      </trkpt>
      <trkpt lat="59.9940030276775360107421875" lon="30.360122658312320709228515625">
        <ele>4.80000019073486328125</ele>
        <time>2025-07-18T07:09:30.000Z</time>
        <extensions>
          <ns3:TrackPointExtension>
            <ns3:atemp>28.0</ns3:atemp>
            <ns3:hr>150</ns3:hr>
          </ns3:TrackPointExtension>
        </extensions>
      </trkpt>
      <trkpt lat="59.99401015229523181915283203125" lon="30.36012123338878154754638671875">
        <ele>4.80000019073486328125</ele>
        <time>2025-07-18T07:09:31.000Z</time>
        <extensions>
          <ns3:TrackPointExtension>
            <ns3:atemp>28.0</ns3:atemp>
            <ns3:hr>150</ns3:hr>
          </ns3:TrackPointExtension>
        </extensions>
      </trkpt>
      <trkpt lat="59.9940635450184345245361328125" lon="30.3601037152111530303955078125">
        <ele>4.80000019073486328125</ele>
        <time>2025-07-18T07:09:35.000Z</time>
        <extensions>
          <ns3:TrackPointExtension>
            <ns3:atemp>28.0</ns3:atemp>
            <ns3:hr>151</ns3:hr>
          </ns3:TrackPointExtension>
        </extensions>
      </trkpt>
      <trkpt lat="59.99410134740173816680908203125" lon="30.36004294641315937042236328125">
        <ele>4.80000019073486328125</ele>
        <time>2025-07-18T07:09:37.000Z</time>
        <extensions>
          <ns3:TrackPointExtension>
            <ns3:atemp>28.0</ns3:atemp>
            <ns3:hr>151</ns3:hr>
          </ns3:TrackPointExtension>
        </extensions>
      </trkpt>
      <trkpt lat="59.99413336627185344696044921875" lon="30.35992006771266460418701171875">
        <ele>4.80000019073486328125</ele>
        <time>2025-07-18T07:09:39.000Z</time>
        <extensions>
          <ns3:TrackPointExtension>
            <ns3:atemp>28.0</ns3:atemp>
            <ns3:hr>150</ns3:hr>
          </ns3:TrackPointExtension>
        </extensions>
      </trkpt>
      <trkpt lat="59.9941808916628360748291015625" lon="30.35967774689197540283203125">
        <ele>5.599999904632568359375</ele>
        <time>2025-07-18T07:09:43.000Z</time>
        <extensions>
          <ns3:TrackPointExtension>
            <ns3:atemp>28.0</ns3:atemp>
            <ns3:hr>151</ns3:hr>
          </ns3:TrackPointExtension>
        </extensions>
      </trkpt>
      <trkpt lat="59.99417544342577457427978515625" lon="30.359589569270610809326171875">
        <ele>5.80000019073486328125</ele>
        <time>2025-07-18T07:09:44.000Z</time>
        <extensions>
          <ns3:TrackPointExtension>
            <ns3:atemp>28.0</ns3:atemp>
            <ns3:hr>152</ns3:hr>
          </ns3:TrackPointExtension>
        </extensions>
      </trkpt>
      <trkpt lat="59.99409665353596210479736328125" lon="30.3593044169247150421142578125">
        <ele>5.19999980926513671875</ele>
        <time>2025-07-18T07:09:49.000Z</time>
        <extensions>
          <ns3:TrackPointExtension>
            <ns3:atemp>28.0</ns3:atemp>
            <ns3:hr>150</ns3:hr>
          </ns3:TrackPointExtension>
        </extensions>
      </trkpt>
      <trkpt lat="59.994096569716930389404296875" lon="30.359265692532062530517578125">
        <ele>5.19999980926513671875</ele>
        <time>2025-07-18T07:09:50.000Z</time>
        <extensions>
          <ns3:TrackPointExtension>
            <ns3:atemp>28.0</ns3:atemp>
            <ns3:hr>149</ns3:hr>
          </ns3:TrackPointExtension>
        </extensions>
      </trkpt>
      <trkpt lat="59.99415331520140171051025390625" lon="30.35908254794776439666748046875">
        <ele>5.19999980926513671875</ele>
        <time>2025-07-18T07:09:53.000Z</time>
        <extensions>
          <ns3:TrackPointExtension>
            <ns3:atemp>28.0</ns3:atemp>
            <ns3:hr>149</ns3:hr>
          </ns3:TrackPointExtension>
        </extensions>
      </trkpt>
      <trkpt lat="59.994256496429443359375" lon="30.358820445835590362548828125">
        <ele>5.599999904632568359375</ele>
        <time>2025-07-18T07:09:57.000Z</time>
        <extensions>
          <ns3:TrackPointExtension>
            <ns3:atemp>28.0</ns3:atemp>
            <ns3:hr>151</ns3:hr>
          </ns3:TrackPointExtension>
        </extensions>
      </trkpt>
      <trkpt lat="59.9942898564040660858154296875" lon="30.35847737453877925872802734375">
        <ele>5.599999904632568359375</ele>
        <time>2025-07-18T07:09:59.000Z</time>
        <extensions>
          <ns3:TrackPointExtension>
            <ns3:atemp>28.0</ns3:atemp>
            <ns3:hr>152</ns3:hr>
          </ns3:TrackPointExtension>
        </extensions>
      </trkpt>
      <trkpt lat="59.99441265128552913665771484375" lon="30.35754748620092868804931640625">
        <ele>4.80000019073486328125</ele>
        <time>2025-07-18T07:10:06.000Z</time>
        <extensions>
          <ns3:TrackPointExtension>
            <ns3:atemp>28.0</ns3:atemp>
            <ns3:hr>151</ns3:hr>
          </ns3:TrackPointExtension>
        </extensions>
      </trkpt>
      <trkpt lat="59.994457326829433441162109375" lon="30.35714331082999706268310546875">
        <ele>5.19999980926513671875</ele>
        <time>2025-07-18T07:10:09.000Z</time>
        <extensions>
          <ns3:TrackPointExtension>
            <ns3:atemp>28.0</ns3:atemp>
            <ns3:hr>154</ns3:hr>
          </ns3:TrackPointExtension>
        </extensions>
      </trkpt>
      <trkpt lat="59.99447132460772991180419921875" lon="30.35701389424502849578857421875">
        <ele>5.400000095367431640625</ele>
        <time>2025-07-18T07:10:10.000Z</time>
        <extensions>
          <ns3:TrackPointExtension>
            <ns3:atemp>28.0</ns3:atemp>
            <ns3:hr>159</ns3:hr>
          </ns3:TrackPointExtension>
        </extensions>
      </trkpt>
      <trkpt lat="59.994491524994373321533203125" lon="30.35689587704837322235107421875">
        <ele>5.400000095367431640625</ele>
        <time>2025-07-18T07:10:11.000Z</time>
        <extensions>
          <ns3:TrackPointExtension>
            <ns3:atemp>28.0</ns3:atemp>
            <ns3:hr>159</ns3:hr>
          </ns3:TrackPointExtension>
        </extensions>
      </trkpt>
      <trkpt lat="59.99449898488819599151611328125" lon="30.356730334460735321044921875">
        <ele>5.400000095367431640625</ele>
        <time>2025-07-18T07:10:12.000Z</time>
        <extensions>
          <ns3:TrackPointExtension>
            <ns3:atemp>28.0</ns3:atemp>
            <ns3:hr>159</ns3:hr>
          </ns3:TrackPointExtension>
        </extensions>
      </trkpt>
      <trkpt lat="59.99453284777700901031494140625" lon="30.3564743511378765106201171875">
        <ele>5.599999904632568359375</ele>
        <time>2025-07-18T07:10:14.000Z</time>
        <extensions>
          <ns3:TrackPointExtension>
            <ns3:atemp>28.0</ns3:atemp>
            <ns3:hr>161</ns3:hr>
          </ns3:TrackPointExtension>
        </extensions>
      </trkpt>
      <trkpt lat="59.994620271027088165283203125" lon="30.35556600429117679595947265625">
        <ele>6</ele>
        <time>2025-07-18T07:10:21.000Z</time>
        <extensions>
          <ns3:TrackPointExtension>
            <ns3:atemp>28.0</ns3:atemp>
            <ns3:hr>162</ns3:hr>
          </ns3:TrackPointExtension>
        </extensions>
      </trkpt>
      <trkpt lat="59.994637034833431243896484375" lon="30.3553267009556293487548828125">
        <ele>6</ele>
        <time>2025-07-18T07:10:24.000Z</time>
        <extensions>
          <ns3:TrackPointExtension>
            <ns3:atemp>28.0</ns3:atemp>
            <ns3:hr>161</ns3:hr>
          </ns3:TrackPointExtension>
        </extensions>
      </trkpt>
      <trkpt lat="59.99462286941707134246826171875" lon="30.3552650101482868194580078125">
        <ele>6</ele>
        <time>2025-07-18T07:10:25.000Z</time>
        <extensions>
          <ns3:TrackPointExtension>
            <ns3:atemp>28.0</ns3:atemp>
            <ns3:hr>160</ns3:hr>
          </ns3:TrackPointExtension>
        </extensions>
      </trkpt>
      <trkpt lat="59.99455279670655727386474609375" lon="30.3551010601222515106201171875">
        <ele>5.80000019073486328125</ele>
        <time>2025-07-18T07:10:28.000Z</time>
        <extensions>
          <ns3:TrackPointExtension>
            <ns3:atemp>28.0</ns3:atemp>
            <ns3:hr>158</ns3:hr>
          </ns3:TrackPointExtension>
        </extensions>
      </trkpt>
      <trkpt lat="59.99451792798936367034912109375" lon="30.354891009628772735595703125">
        <ele>5.80000019073486328125</ele>
        <time>2025-07-18T07:10:31.000Z</time>
        <extensions>
          <ns3:TrackPointExtension>
            <ns3:atemp>28.0</ns3:atemp>
            <ns3:hr>156</ns3:hr>
          </ns3:TrackPointExtension>
        </extensions>
      </trkpt>
      <trkpt lat="59.994463361799716949462890625" lon="30.35465120337903499603271484375">
        <ele>5.599999904632568359375</ele>
        <time>2025-07-18T07:10:36.000Z</time>
        <extensions>
          <ns3:TrackPointExtension>
            <ns3:atemp>28.0</ns3:atemp>
            <ns3:hr>153</ns3:hr>
          </ns3:TrackPointExtension>
        </extensions>
      </trkpt>
      <trkpt lat="59.99444701708853244781494140625" lon="30.35461901687085628509521484375">
        <ele>5.400000095367431640625</ele>
        <time>2025-07-18T07:10:40.000Z</time>
        <extensions>
          <ns3:TrackPointExtension>
            <ns3:atemp>28.0</ns3:atemp>
            <ns3:hr>153</ns3:hr>
          </ns3:TrackPointExtension>
        </extensions>
      </trkpt>
      <trkpt lat="59.99443025328218936920166015625" lon="30.3545486927032470703125">
        <ele>5</ele>
        <time>2025-07-18T07:10:43.000Z</time>
        <extensions>
          <ns3:TrackPointExtension>
            <ns3:atemp>28.0</ns3:atemp>
            <ns3:hr>153</ns3:hr>
          </ns3:TrackPointExtension>
        </extensions>
      </trkpt>
      <trkpt lat="59.99443042092025279998779296875" lon="30.35454877652227878570556640625">
        <ele>4.400000095367431640625</ele>
        <time>2025-07-18T07:10:45.000Z</time>
        <extensions>
          <ns3:TrackPointExtension>
            <ns3:atemp>28.0</ns3:atemp>
            <ns3:hr>154</ns3:hr>
          </ns3:TrackPointExtension>
        </extensions>
      </trkpt>
      <trkpt lat="59.99443897046148777008056640625" lon="30.35453586839139461517333984375">
        <ele>4</ele>
        <time>2025-07-18T07:10:51.000Z</time>
        <extensions>
          <ns3:TrackPointExtension>
            <ns3:atemp>28.0</ns3:atemp>
            <ns3:hr>152</ns3:hr>
          </ns3:TrackPointExtension>
        </extensions>
      </trkpt>
      <trkpt lat="59.9944938719272613525390625" lon="30.35441198386251926422119140625">
        <ele>4.19999980926513671875</ele>
        <time>2025-07-18T07:10:55.000Z</time>
        <extensions>
          <ns3:TrackPointExtension>
            <ns3:atemp>28.0</ns3:atemp>
            <ns3:hr>151</ns3:hr>
          </ns3:TrackPointExtension>
        </extensions>
      </trkpt>
      <trkpt lat="59.99445674009621143341064453125" lon="30.35426479764282703399658203125">
        <ele>4.400000095367431640625</ele>
        <time>2025-07-18T07:10:59.000Z</time>
        <extensions>
          <ns3:TrackPointExtension>
            <ns3:atemp>28.0</ns3:atemp>
            <ns3:hr>151</ns3:hr>
          </ns3:TrackPointExtension>
        </extensions>
      </trkpt>
      <trkpt lat="59.9943605996668338775634765625" lon="30.35396522842347621917724609375">
        <ele>4</ele>
        <time>2025-07-18T07:11:04.000Z</time>
        <extensions>
          <ns3:TrackPointExtension>
            <ns3:atemp>28.0</ns3:atemp>
            <ns3:hr>148</ns3:hr>
          </ns3:TrackPointExtension>
        </extensions>
      </trkpt>
      <trkpt lat="59.9943341128528118133544921875" lon="30.35389096476137638092041015625">
        <ele>4</ele>
        <time>2025-07-18T07:11:05.000Z</time>
        <extensions>
          <ns3:TrackPointExtension>
            <ns3:atemp>28.0</ns3:atemp>
            <ns3:hr>147</ns3:hr>
          </ns3:TrackPointExtension>
        </extensions>
      </trkpt>
      <trkpt lat="59.99427367933094501495361328125" lon="30.35373271442949771881103515625">
        <ele>4</ele>
        <time>2025-07-18T07:11:07.000Z</time>
        <extensions>
          <ns3:TrackPointExtension>
            <ns3:atemp>28.0</ns3:atemp>
            <ns3:hr>142</ns3:hr>
          </ns3:TrackPointExtension>
        </extensions>
      </trkpt>
      <trkpt lat="59.99415281228721141815185546875" lon="30.35338352434337139129638671875">
        <ele>4</ele>
        <time>2025-07-18T07:11:11.000Z</time>
        <extensions>
          <ns3:TrackPointExtension>
            <ns3:atemp>28.0</ns3:atemp>
            <ns3:hr>142</ns3:hr>
          </ns3:TrackPointExtension>
        </extensions>
      </trkpt>
      <trkpt lat="59.9939834140241146087646484375" lon="30.3528969548642635345458984375">
        <ele>4</ele>
        <time>2025-07-18T07:11:16.000Z</time>
        <extensions>
          <ns3:TrackPointExtension>
            <ns3:atemp>28.0</ns3:atemp>
            <ns3:hr>145</ns3:hr>
          </ns3:TrackPointExtension>
        </extensions>
      </trkpt>
      <trkpt lat="59.9938394129276275634765625" lon="30.352496802806854248046875">
        <ele>4.400000095367431640625</ele>
        <time>2025-07-18T07:11:20.000Z</time>
        <extensions>
          <ns3:TrackPointExtension>
            <ns3:atemp>28.0</ns3:atemp>
            <ns3:hr>146</ns3:hr>
          </ns3:TrackPointExtension>
        </extensions>
      </trkpt>
      <trkpt lat="59.99348209239542484283447265625" lon="30.351567752659320831298828125">
        <ele>4.400000095367431640625</ele>
        <time>2025-07-18T07:11:29.000Z</time>
        <extensions>
          <ns3:TrackPointExtension>
            <ns3:atemp>28.0</ns3:atemp>
            <ns3:hr>147</ns3:hr>
          </ns3:TrackPointExtension>
        </extensions>
      </trkpt>
      <trkpt lat="59.99343238770961761474609375" lon="30.351455770432949066162109375">
        <ele>4.400000095367431640625</ele>
        <time>2025-07-18T07:11:30.000Z</time>
        <extensions>
          <ns3:TrackPointExtension>
            <ns3:atemp>28.0</ns3:atemp>
            <ns3:hr>147</ns3:hr>
          </ns3:TrackPointExtension>
        </extensions>
      </trkpt>
      <trkpt lat="59.99329626560211181640625" lon="30.351185537874698638916015625">
        <ele>4.400000095367431640625</ele>
        <time>2025-07-18T07:11:33.000Z</time>
        <extensions>
          <ns3:TrackPointExtension>
            <ns3:atemp>28.0</ns3:atemp>
            <ns3:hr>146</ns3:hr>
          </ns3:TrackPointExtension>
        </extensions>
      </trkpt>
      <trkpt lat="59.9931854568421840667724609375" lon="30.351029299199581146240234375">
        <ele>4.19999980926513671875</ele>
        <time>2025-07-18T07:11:35.000Z</time>
        <extensions>
          <ns3:TrackPointExtension>
            <ns3:atemp>28.0</ns3:atemp>
            <ns3:hr>145</ns3:hr>
          </ns3:TrackPointExtension>
        </extensions>
      </trkpt>
      <trkpt lat="59.99281053431332111358642578125" lon="30.350511968135833740234375">
        <ele>4</ele>
        <time>2025-07-18T07:11:41.000Z</time>
        <extensions>
          <ns3:TrackPointExtension>
            <ns3:atemp>28.0</ns3:atemp>
            <ns3:hr>143</ns3:hr>
          </ns3:TrackPointExtension>
        </extensions>
      </trkpt>
      <trkpt lat="59.99262906610965728759765625" lon="30.35027325153350830078125">
        <ele>3.2000000476837158203125</ele>
        <time>2025-07-18T07:11:44.000Z</time>
        <extensions>
          <ns3:TrackPointExtension>
            <ns3:atemp>28.0</ns3:atemp>
            <ns3:hr>143</ns3:hr>
          </ns3:TrackPointExtension>
        </extensions>
      </trkpt>
      <trkpt lat="59.992402754724025726318359375" lon="30.34996270202100276947021484375">
        <ele>2.599999904632568359375</ele>
        <time>2025-07-18T07:11:48.000Z</time>
        <extensions>
          <ns3:TrackPointExtension>
            <ns3:atemp>28.0</ns3:atemp>
            <ns3:hr>146</ns3:hr>
          </ns3:TrackPointExtension>
        </extensions>
      </trkpt>
      <trkpt lat="59.9923499487340450286865234375" lon="30.349895395338535308837890625">
        <ele>2</ele>
        <time>2025-07-18T07:11:49.000Z</time>
        <extensions>
          <ns3:TrackPointExtension>
            <ns3:atemp>28.0</ns3:atemp>
            <ns3:hr>145</ns3:hr>
          </ns3:TrackPointExtension>
        </extensions>
      </trkpt>
      <trkpt lat="59.9921903572976589202880859375" lon="30.34971761517226696014404296875">
        <ele>0.800000011920928955078125</ele>
        <time>2025-07-18T07:11:52.000Z</time>
        <extensions>
          <ns3:TrackPointExtension>
            <ns3:atemp>28.0</ns3:atemp>
            <ns3:hr>146</ns3:hr>
          </ns3:TrackPointExtension>
        </extensions>
      </trkpt>
      <trkpt lat="59.992083571851253509521484375" lon="30.3495928086340427398681640625">
        <ele>0.20000000298023223876953125</ele>
        <time>2025-07-18T07:11:54.000Z</time>
        <extensions>
          <ns3:TrackPointExtension>
            <ns3:atemp>28.0</ns3:atemp>
            <ns3:hr>145</ns3:hr>
          </ns3:TrackPointExtension>
        </extensions>
      </trkpt>
      <trkpt lat="59.9917769618332386016845703125" lon="30.34923414699733257293701171875">
        <ele>0</ele>
        <time>2025-07-18T07:11:59.000Z</time>
        <extensions>
          <ns3:TrackPointExtension>
            <ns3:atemp>28.0</ns3:atemp>
            <ns3:hr>146</ns3:hr>
          </ns3:TrackPointExtension>
        </extensions>
      </trkpt>
      <trkpt lat="59.99164980836212635040283203125" lon="30.3490560315549373626708984375">
        <ele>-0.4000000059604644775390625</ele>
        <time>2025-07-18T07:12:00.000Z</time>
        <extensions>
          <ns3:TrackPointExtension>
            <ns3:atemp>28.0</ns3:atemp>
            <ns3:hr>146</ns3:hr>
          </ns3:TrackPointExtension>
        </extensions>
      </trkpt>
      <trkpt lat="59.9912898056209087371826171875" lon="30.3485420532524585723876953125">
        <ele>-0.4000000059604644775390625</ele>
        <time>2025-07-18T07:12:07.000Z</time>
        <extensions>
          <ns3:TrackPointExtension>
            <ns3:atemp>28.0</ns3:atemp>
            <ns3:hr>146</ns3:hr>
          </ns3:TrackPointExtension>
        </extensions>
      </trkpt>
      <trkpt lat="59.99093868769705295562744140625" lon="30.34803234972059726715087890625">
        <ele>-0.60000002384185791015625</ele>
        <time>2025-07-18T07:12:13.000Z</time>
        <extensions>
          <ns3:TrackPointExtension>
            <ns3:atemp>28.0</ns3:atemp>
            <ns3:hr>149</ns3:hr>
          </ns3:TrackPointExtension>
        </extensions>
      </trkpt>
      <trkpt lat="59.990694522857666015625" lon="30.3476299345493316650390625">
        <ele>-1.7999999523162841796875</ele>
        <time>2025-07-18T07:12:18.000Z</time>
        <extensions>
          <ns3:TrackPointExtension>
            <ns3:atemp>28.0</ns3:atemp>
            <ns3:hr>149</ns3:hr>
          </ns3:TrackPointExtension>
        </extensions>
      </trkpt>
      <trkpt lat="59.99063408933579921722412109375" lon="30.3475268371403217315673828125">
        <ele>-2</ele>
        <time>2025-07-18T07:12:19.000Z</time>
        <extensions>
          <ns3:TrackPointExtension>
            <ns3:atemp>28.0</ns3:atemp>
            <ns3:hr>149</ns3:hr>
          </ns3:TrackPointExtension>
        </extensions>
      </trkpt>
      <trkpt lat="59.99051188118755817413330078125" lon="30.34734486602246761322021484375">
        <ele>-3.2000000476837158203125</ele>
        <time>2025-07-18T07:12:21.000Z</time>
        <extensions>
          <ns3:TrackPointExtension>
            <ns3:atemp>28.0</ns3:atemp>
            <ns3:hr>148</ns3:hr>
          </ns3:TrackPointExtension>
        </extensions>
      </trkpt>
      <trkpt lat="59.9902854859828948974609375" lon="30.3470705263316631317138671875">
        <ele>-3.599999904632568359375</ele>
        <time>2025-07-18T07:12:25.000Z</time>
        <extensions>
          <ns3:TrackPointExtension>
            <ns3:atemp>28.0</ns3:atemp>
            <ns3:hr>148</ns3:hr>
          </ns3:TrackPointExtension>
        </extensions>
      </trkpt>
      <trkpt lat="59.990200661122798919677734375" lon="30.34699601121246814727783203125">
        <ele>-3.400000095367431640625</ele>
        <time>2025-07-18T07:12:28.000Z</time>
        <extensions>
          <ns3:TrackPointExtension>
            <ns3:atemp>28.0</ns3:atemp>
            <ns3:hr>148</ns3:hr>
          </ns3:TrackPointExtension>
        </extensions>
      </trkpt>
      <trkpt lat="59.990076608955860137939453125" lon="30.34686961211264133453369140625">
        <ele>-3.599999904632568359375</ele>
        <time>2025-07-18T07:12:33.000Z</time>
        <extensions>
          <ns3:TrackPointExtension>
            <ns3:atemp>28.0</ns3:atemp>
            <ns3:hr>147</ns3:hr>
          </ns3:TrackPointExtension>
        </extensions>
      </trkpt>
      <trkpt lat="59.9899956397712230682373046875" lon="30.34679149277508258819580078125">
        <ele>-3.7999999523162841796875</ele>
        <time>2025-07-18T07:12:35.000Z</time>
        <extensions>
          <ns3:TrackPointExtension>
            <ns3:atemp>28.0</ns3:atemp>
            <ns3:hr>147</ns3:hr>
          </ns3:TrackPointExtension>
        </extensions>
      </trkpt>
      <trkpt lat="59.98997694812715053558349609375" lon="30.34672158770263195037841796875">
        <ele>-3.7999999523162841796875</ele>
        <time>2025-07-18T07:12:36.000Z</time>
        <extensions>
          <ns3:TrackPointExtension>
            <ns3:atemp>28.0</ns3:atemp>
            <ns3:hr>146</ns3:hr>
          </ns3:TrackPointExtension>
        </extensions>
      </trkpt>
      <trkpt lat="59.98992615379393100738525390625" lon="30.346318669617176055908203125">
        <ele>-4.400000095367431640625</ele>
        <time>2025-07-18T07:12:40.000Z</time>
        <extensions>
          <ns3:TrackPointExtension>
            <ns3:atemp>28.0</ns3:atemp>
            <ns3:hr>145</ns3:hr>
          </ns3:TrackPointExtension>
        </extensions>
      </trkpt>
      <trkpt lat="59.98991291038691997528076171875" lon="30.3462045080959796905517578125">
        <ele>-4.599999904632568359375</ele>
        <time>2025-07-18T07:12:41.000Z</time>
        <extensions>
          <ns3:TrackPointExtension>
            <ns3:atemp>28.0</ns3:atemp>
            <ns3:hr>144</ns3:hr>
          </ns3:TrackPointExtension>
        </extensions>
      </trkpt>
      <trkpt lat="59.989879466593265533447265625" lon="30.34594777040183544158935546875">
        <ele>-5</ele>
        <time>2025-07-18T07:12:43.000Z</time>
        <extensions>
          <ns3:TrackPointExtension>
            <ns3:atemp>28.0</ns3:atemp>
            <ns3:hr>144</ns3:hr>
          </ns3:TrackPointExtension>
        </extensions>
      </trkpt>
      <trkpt lat="59.989788942039012908935546875" lon="30.34540277905762195587158203125">
        <ele>-5.400000095367431640625</ele>
        <time>2025-07-18T07:12:47.000Z</time>
        <extensions>
          <ns3:TrackPointExtension>
            <ns3:atemp>28.0</ns3:atemp>
            <ns3:hr>143</ns3:hr>
          </ns3:TrackPointExtension>
        </extensions>
      </trkpt>
      <trkpt lat="59.98961484991014003753662109375" lon="30.34429569728672504425048828125">
        <ele>-6.599999904632568359375</ele>
        <time>2025-07-18T07:12:55.000Z</time>
        <extensions>
          <ns3:TrackPointExtension>
            <ns3:atemp>28.0</ns3:atemp>
            <ns3:hr>144</ns3:hr>
          </ns3:TrackPointExtension>
        </extensions>
      </trkpt>
      <trkpt lat="59.9895946495234966278076171875" lon="30.34415454603731632232666015625">
        <ele>-6.599999904632568359375</ele>
        <time>2025-07-18T07:12:56.000Z</time>
        <extensions>
          <ns3:TrackPointExtension>
            <ns3:atemp>28.0</ns3:atemp>
            <ns3:hr>147</ns3:hr>
          </ns3:TrackPointExtension>
        </extensions>
      </trkpt>
      <trkpt lat="59.98954393900930881500244140625" lon="30.34372556023299694061279296875">
        <ele>-6.80000019073486328125</ele>
        <time>2025-07-18T07:12:59.000Z</time>
        <extensions>
          <ns3:TrackPointExtension>
            <ns3:atemp>28.0</ns3:atemp>
            <ns3:hr>150</ns3:hr>
          </ns3:TrackPointExtension>
        </extensions>
      </trkpt>
      <trkpt lat="59.9894950725138187408447265625" lon="30.34328903071582317352294921875">
        <ele>-6.599999904632568359375</ele>
        <time>2025-07-18T07:13:02.000Z</time>
        <extensions>
          <ns3:TrackPointExtension>
            <ns3:atemp>28.0</ns3:atemp>
            <ns3:hr>151</ns3:hr>
          </ns3:TrackPointExtension>
        </extensions>
      </trkpt>
      <trkpt lat="59.9893753789365291595458984375" lon="30.34215713851153850555419921875">
        <ele>-7.19999980926513671875</ele>
        <time>2025-07-18T07:13:10.000Z</time>
        <extensions>
          <ns3:TrackPointExtension>
            <ns3:atemp>28.0</ns3:atemp>
            <ns3:hr>152</ns3:hr>
          </ns3:TrackPointExtension>
        </extensions>
      </trkpt>
      <trkpt lat="59.9893596209585666656494140625" lon="30.34202118404209613800048828125">
        <ele>-7.19999980926513671875</ele>
        <time>2025-07-18T07:13:11.000Z</time>
        <extensions>
          <ns3:TrackPointExtension>
            <ns3:atemp>28.0</ns3:atemp>
            <ns3:hr>152</ns3:hr>
          </ns3:TrackPointExtension>
        </extensions>
      </trkpt>
      <trkpt lat="59.98927630484104156494140625" lon="30.3413027711212635040283203125">
        <ele>-6.80000019073486328125</ele>
        <time>2025-07-18T07:13:17.000Z</time>
        <extensions>
          <ns3:TrackPointExtension>
            <ns3:atemp>28.0</ns3:atemp>
            <ns3:hr>150</ns3:hr>
          </ns3:TrackPointExtension>
        </extensions>
      </trkpt>
      <trkpt lat="59.98924386687576770782470703125" lon="30.34091879613697528839111328125">
        <ele>-6.400000095367431640625</ele>
        <time>2025-07-18T07:13:22.000Z</time>
        <extensions>
          <ns3:TrackPointExtension>
            <ns3:atemp>28.0</ns3:atemp>
            <ns3:hr>148</ns3:hr>
          </ns3:TrackPointExtension>
        </extensions>
      </trkpt>
      <trkpt lat="59.98924369923770427703857421875" lon="30.34087772481143474578857421875">
        <ele>-6.599999904632568359375</ele>
        <time>2025-07-18T07:13:25.000Z</time>
        <extensions>
          <ns3:TrackPointExtension>
            <ns3:atemp>28.0</ns3:atemp>
            <ns3:hr>147</ns3:hr>
          </ns3:TrackPointExtension>
        </extensions>
      </trkpt>
      <trkpt lat="59.989243783056735992431640625" lon="30.34086213447153568267822265625">
        <ele>-7</ele>
        <time>2025-07-18T07:13:30.000Z</time>
        <extensions>
          <ns3:TrackPointExtension>
            <ns3:atemp>28.0</ns3:atemp>
            <ns3:hr>152</ns3:hr>
          </ns3:TrackPointExtension>
        </extensions>
      </trkpt>
      <trkpt lat="59.98924956656992435455322265625" lon="30.34084671176970005035400390625">
        <ele>-7.400000095367431640625</ele>
        <time>2025-07-18T07:13:35.000Z</time>
        <extensions>
          <ns3:TrackPointExtension>
            <ns3:atemp>28.0</ns3:atemp>
            <ns3:hr>150</ns3:hr>
          </ns3:TrackPointExtension>
        </extensions>
      </trkpt>
      <trkpt lat="59.989248476922512054443359375" lon="30.34084604121744632720947265625">
        <ele>-8</ele>
        <time>2025-07-18T07:13:37.000Z</time>
        <extensions>
          <ns3:TrackPointExtension>
            <ns3:atemp>28.0</ns3:atemp>
            <ns3:hr>150</ns3:hr>
          </ns3:TrackPointExtension>
        </extensions>
      </trkpt>
      <trkpt lat="59.98924822546541690826416015625" lon="30.340843610465526580810546875">
        <ele>-9</ele>
        <time>2025-07-18T07:13:43.000Z</time>
        <extensions>
          <ns3:TrackPointExtension>
            <ns3:atemp>28.0</ns3:atemp>
            <ns3:hr>147</ns3:hr>
          </ns3:TrackPointExtension>
        </extensions>
      </trkpt>
      <trkpt lat="59.98924587853252887725830078125" lon="30.3408387489616870880126953125">
        <ele>-9.3999996185302734375</ele>
        <time>2025-07-18T07:13:45.000Z</time>
        <extensions>
          <ns3:TrackPointExtension>
            <ns3:atemp>28.0</ns3:atemp>
            <ns3:hr>144</ns3:hr>
          </ns3:TrackPointExtension>
        </extensions>
      </trkpt>
      <trkpt lat="59.98924671672284603118896484375" lon="30.3407988511025905609130859375">
        <ele>-10</ele>
        <time>2025-07-18T07:13:48.000Z</time>
        <extensions>
          <ns3:TrackPointExtension>
            <ns3:atemp>28.0</ns3:atemp>
            <ns3:hr>143</ns3:hr>
          </ns3:TrackPointExtension>
        </extensions>
      </trkpt>
      <trkpt lat="59.989241771399974822998046875" lon="30.34075610339641571044921875">
        <ele>-10.3999996185302734375</ele>
        <time>2025-07-18T07:13:51.000Z</time>
        <extensions>
          <ns3:TrackPointExtension>
            <ns3:atemp>28.0</ns3:atemp>
            <ns3:hr>141</ns3:hr>
          </ns3:TrackPointExtension>
        </extensions>
      </trkpt>
      <trkpt lat="59.98924571089446544647216796875" lon="30.34064554609358310699462890625">
        <ele>-10.3999996185302734375</ele>
        <time>2025-07-18T07:13:58.000Z</time>
        <extensions>
          <ns3:TrackPointExtension>
            <ns3:atemp>28.0</ns3:atemp>
            <ns3:hr>142</ns3:hr>
          </ns3:TrackPointExtension>
        </extensions>
      </trkpt>
      <trkpt lat="59.9892218224704265594482421875" lon="30.34055233933031558990478515625">
        <ele>-10.80000019073486328125</ele>
        <time>2025-07-18T07:14:02.000Z</time>
        <extensions>
          <ns3:TrackPointExtension>
            <ns3:atemp>28.0</ns3:atemp>
            <ns3:hr>139</ns3:hr>
          </ns3:TrackPointExtension>
        </extensions>
      </trkpt>
      <trkpt lat="59.98922743834555149078369140625" lon="30.3405121900141239166259765625">
        <ele>-11.19999980926513671875</ele>
        <time>2025-07-18T07:14:06.000Z</time>
        <extensions>
          <ns3:TrackPointExtension>
            <ns3:atemp>28.0</ns3:atemp>
            <ns3:hr>140</ns3:hr>
          </ns3:TrackPointExtension>
        </extensions>
      </trkpt>
      <trkpt lat="59.98923582024872303009033203125" lon="30.3404977731406688690185546875">
        <ele>-11.19999980926513671875</ele>
        <time>2025-07-18T07:14:08.000Z</time>
        <extensions>
          <ns3:TrackPointExtension>
            <ns3:atemp>28.0</ns3:atemp>
            <ns3:hr>140</ns3:hr>
          </ns3:TrackPointExtension>
        </extensions>
      </trkpt>
      <trkpt lat="59.98923749662935733795166015625" lon="30.34048025496304035186767578125">
        <ele>-11.80000019073486328125</ele>
        <time>2025-07-18T07:14:17.000Z</time>
        <extensions>
          <ns3:TrackPointExtension>
            <ns3:atemp>28.0</ns3:atemp>
            <ns3:hr>139</ns3:hr>
          </ns3:TrackPointExtension>
        </extensions>
      </trkpt>
      <trkpt lat="59.98923783190548419952392578125" lon="30.34047849476337432861328125">
        <ele>-12.19999980926513671875</ele>
        <time>2025-07-18T07:14:21.000Z</time>
        <extensions>
          <ns3:TrackPointExtension>
            <ns3:atemp>28.0</ns3:atemp>
            <ns3:hr>137</ns3:hr>
          </ns3:TrackPointExtension>
        </extensions>
      </trkpt>
      <trkpt lat="59.9892389215528964996337890625" lon="30.34047941677272319793701171875">
        <ele>-12.3999996185302734375</ele>
        <time>2025-07-18T07:14:24.000Z</time>
        <extensions>
          <ns3:TrackPointExtension>
            <ns3:atemp>28.0</ns3:atemp>
            <ns3:hr>134</ns3:hr>
          </ns3:TrackPointExtension>
        </extensions>
      </trkpt>
      <trkpt lat="59.989238418638706207275390625" lon="30.34047321416437625885009765625">
        <ele>-13</ele>
        <time>2025-07-18T07:14:29.000Z</time>
        <extensions>
          <ns3:TrackPointExtension>
            <ns3:atemp>28.0</ns3:atemp>
            <ns3:hr>131</ns3:hr>
          </ns3:TrackPointExtension>
        </extensions>
      </trkpt>
      <trkpt lat="59.98923883773386478424072265625" lon="30.340470783412456512451171875">
        <ele>-13.19999980926513671875</ele>
        <time>2025-07-18T07:14:32.000Z</time>
        <extensions>
          <ns3:TrackPointExtension>
            <ns3:atemp>28.0</ns3:atemp>
            <ns3:hr>130</ns3:hr>
          </ns3:TrackPointExtension>
        </extensions>
      </trkpt>
      <trkpt lat="59.989243783056735992431640625" lon="30.3404665924608707427978515625">
        <ele>-13.6000003814697265625</ele>
        <time>2025-07-18T07:14:38.000Z</time>
        <extensions>
          <ns3:TrackPointExtension>
            <ns3:atemp>28.0</ns3:atemp>
            <ns3:hr>127</ns3:hr>
          </ns3:TrackPointExtension>
        </extensions>
      </trkpt>
      <trkpt lat="59.98926063068211078643798828125" lon="30.34047313034534454345703125">
        <ele>-13.6000003814697265625</ele>
        <time>2025-07-18T07:14:43.000Z</time>
        <extensions>
          <ns3:TrackPointExtension>
            <ns3:atemp>28.0</ns3:atemp>
            <ns3:hr>125</ns3:hr>
          </ns3:TrackPointExtension>
        </extensions>
      </trkpt>
      <trkpt lat="59.98926834203302860260009765625" lon="30.34047522582113742828369140625">
        <ele>-14.19999980926513671875</ele>
        <time>2025-07-18T07:14:50.000Z</time>
        <extensions>
          <ns3:TrackPointExtension>
            <ns3:atemp>28.0</ns3:atemp>
            <ns3:hr>126</ns3:hr>
          </ns3:TrackPointExtension>
        </extensions>
      </trkpt>
      <trkpt lat="59.98927228152751922607421875" lon="30.34047472290694713592529296875">
        <ele>-14.3999996185302734375</ele>
        <time>2025-07-18T07:14:53.000Z</time>
        <extensions>
          <ns3:TrackPointExtension>
            <ns3:atemp>28.0</ns3:atemp>
            <ns3:hr>125</ns3:hr>
          </ns3:TrackPointExtension>
        </extensions>
      </trkpt>
      <trkpt lat="59.9892751313745975494384765625" lon="30.34038067795336246490478515625">
        <ele>-15</ele>
        <time>2025-07-18T07:15:01.000Z</time>
        <extensions>
          <ns3:TrackPointExtension>
            <ns3:atemp>28.0</ns3:atemp>
            <ns3:hr>126</ns3:hr>
          </ns3:TrackPointExtension>
        </extensions>
      </trkpt>
      <trkpt lat="59.98922266066074371337890625" lon="30.34027489833533763885498046875">
        <ele>-15</ele>
        <time>2025-07-18T07:15:04.000Z</time>
        <extensions>
          <ns3:TrackPointExtension>
            <ns3:atemp>28.0</ns3:atemp>
            <ns3:hr>125</ns3:hr>
          </ns3:TrackPointExtension>
        </extensions>
      </trkpt>
      <trkpt lat="59.98921704478561878204345703125" lon="30.3402189910411834716796875">
        <ele>-15</ele>
        <time>2025-07-18T07:15:06.000Z</time>
        <extensions>
          <ns3:TrackPointExtension>
            <ns3:atemp>28.0</ns3:atemp>
            <ns3:hr>124</ns3:hr>
          </ns3:TrackPointExtension>
        </extensions>
      </trkpt>
      <trkpt lat="59.98909969814121723175048828125" lon="30.3399951942265033721923828125">
        <ele>-14.3999996185302734375</ele>
        <time>2025-07-18T07:15:10.000Z</time>
        <extensions>
          <ns3:TrackPointExtension>
            <ns3:atemp>28.0</ns3:atemp>
            <ns3:hr>123</ns3:hr>
          </ns3:TrackPointExtension>
        </extensions>
      </trkpt>
      <trkpt lat="59.9890468083322048187255859375" lon="30.33970735967159271240234375">
        <ele>-14</ele>
        <time>2025-07-18T07:15:14.000Z</time>
        <extensions>
          <ns3:TrackPointExtension>
            <ns3:atemp>28.0</ns3:atemp>
            <ns3:hr>127</ns3:hr>
          </ns3:TrackPointExtension>
        </extensions>
      </trkpt>
      <trkpt lat="59.98903750441968441009521484375" lon="30.33962597139179706573486328125">
        <ele>-13.80000019073486328125</ele>
        <time>2025-07-18T07:15:15.000Z</time>
        <extensions>
          <ns3:TrackPointExtension>
            <ns3:atemp>28.0</ns3:atemp>
            <ns3:hr>124</ns3:hr>
          </ns3:TrackPointExtension>
        </extensions>
      </trkpt>
      <trkpt lat="59.9890112690627574920654296875" lon="30.3391506336629390716552734375">
        <ele>-13.3999996185302734375</ele>
        <time>2025-07-18T07:15:19.000Z</time>
        <extensions>
          <ns3:TrackPointExtension>
            <ns3:atemp>28.0</ns3:atemp>
            <ns3:hr>123</ns3:hr>
          </ns3:TrackPointExtension>
        </extensions>
      </trkpt>
      <trkpt lat="59.98893792741000652313232421875" lon="30.33834119327366352081298828125">
        <ele>-13.6000003814697265625</ele>
        <time>2025-07-18T07:15:26.000Z</time>
        <extensions>
          <ns3:TrackPointExtension>
            <ns3:atemp>28.0</ns3:atemp>
            <ns3:hr>123</ns3:hr>
          </ns3:TrackPointExtension>
        </extensions>
      </trkpt>
      <trkpt lat="59.98891378752887248992919921875" lon="30.33787365071475505828857421875">
        <ele>-14</ele>
        <time>2025-07-18T07:15:30.000Z</time>
        <extensions>
          <ns3:TrackPointExtension>
            <ns3:atemp>28.0</ns3:atemp>
            <ns3:hr>127</ns3:hr>
          </ns3:TrackPointExtension>
        </extensions>
      </trkpt>
      <trkpt lat="59.98889149166643619537353515625" lon="30.3375728242099285125732421875">
        <ele>-13</ele>
        <time>2025-07-18T07:15:33.000Z</time>
        <extensions>
          <ns3:TrackPointExtension>
            <ns3:atemp>28.0</ns3:atemp>
            <ns3:hr>129</ns3:hr>
          </ns3:TrackPointExtension>
        </extensions>
      </trkpt>
      <trkpt lat="59.9888838641345500946044921875" lon="30.33744583837687969207763671875">
        <ele>-12.6000003814697265625</ele>
        <time>2025-07-18T07:15:35.000Z</time>
        <extensions>
          <ns3:TrackPointExtension>
            <ns3:atemp>28.0</ns3:atemp>
            <ns3:hr>132</ns3:hr>
          </ns3:TrackPointExtension>
        </extensions>
      </trkpt>
      <trkpt lat="59.9888925813138484954833984375" lon="30.3373649530112743377685546875">
        <ele>-12</ele>
        <time>2025-07-18T07:15:37.000Z</time>
        <extensions>
          <ns3:TrackPointExtension>
            <ns3:atemp>28.0</ns3:atemp>
            <ns3:hr>133</ns3:hr>
          </ns3:TrackPointExtension>
        </extensions>
      </trkpt>
      <trkpt lat="59.9889068305492401123046875" lon="30.33732363022863864898681640625">
        <ele>-11.80000019073486328125</ele>
        <time>2025-07-18T07:15:38.000Z</time>
        <extensions>
          <ns3:TrackPointExtension>
            <ns3:atemp>28.0</ns3:atemp>
            <ns3:hr>133</ns3:hr>
          </ns3:TrackPointExtension>
        </extensions>
      </trkpt>
      <trkpt lat="59.9889190681278705596923828125" lon="30.33718164078891277313232421875">
        <ele>-11.80000019073486328125</ele>
        <time>2025-07-18T07:15:40.000Z</time>
        <extensions>
          <ns3:TrackPointExtension>
            <ns3:atemp>28.0</ns3:atemp>
            <ns3:hr>132</ns3:hr>
          </ns3:TrackPointExtension>
        </extensions>
      </trkpt>
      <trkpt lat="59.98891663737595081329345703125" lon="30.33707736991345882415771484375">
        <ele>-11.80000019073486328125</ele>
        <time>2025-07-18T07:15:41.000Z</time>
        <extensions>
          <ns3:TrackPointExtension>
            <ns3:atemp>28.0</ns3:atemp>
            <ns3:hr>132</ns3:hr>
          </ns3:TrackPointExtension>
        </extensions>
      </trkpt>
      <trkpt lat="59.98890439979732036590576171875" lon="30.336974523961544036865234375">
        <ele>-11.80000019073486328125</ele>
        <time>2025-07-18T07:15:42.000Z</time>
        <extensions>
          <ns3:TrackPointExtension>
            <ns3:atemp>28.0</ns3:atemp>
            <ns3:hr>134</ns3:hr>
          </ns3:TrackPointExtension>
        </extensions>
      </trkpt>
      <trkpt lat="59.98887741006910800933837890625" lon="30.3366937302052974700927734375">
        <ele>-11.3999996185302734375</ele>
        <time>2025-07-18T07:15:45.000Z</time>
        <extensions>
          <ns3:TrackPointExtension>
            <ns3:atemp>28.0</ns3:atemp>
            <ns3:hr>134</ns3:hr>
          </ns3:TrackPointExtension>
        </extensions>
      </trkpt>
      <trkpt lat="59.9888493306934833526611328125" lon="30.33639055676758289337158203125">
        <ele>-10.80000019073486328125</ele>
        <time>2025-07-18T07:15:48.000Z</time>
        <extensions>
          <ns3:TrackPointExtension>
            <ns3:atemp>28.0</ns3:atemp>
            <ns3:hr>135</ns3:hr>
          </ns3:TrackPointExtension>
        </extensions>
      </trkpt>
      <trkpt lat="59.988840110599994659423828125" lon="30.33611160703003406524658203125">
        <ele>-10.19999980926513671875</ele>
        <time>2025-07-18T07:15:51.000Z</time>
        <extensions>
          <ns3:TrackPointExtension>
            <ns3:atemp>28.0</ns3:atemp>
            <ns3:hr>136</ns3:hr>
          </ns3:TrackPointExtension>
        </extensions>
      </trkpt>
      <trkpt lat="59.98882292769849300384521484375" lon="30.33577498979866504669189453125">
        <ele>-10</ele>
        <time>2025-07-18T07:15:56.000Z</time>
        <extensions>
          <ns3:TrackPointExtension>
            <ns3:atemp>28.0</ns3:atemp>
            <ns3:hr>133</ns3:hr>
          </ns3:TrackPointExtension>
        </extensions>
      </trkpt>
      <trkpt lat="59.98886014334857463836669921875" lon="30.335516743361949920654296875">
        <ele>-9.80000019073486328125</ele>
        <time>2025-07-18T07:16:01.000Z</time>
        <extensions>
          <ns3:TrackPointExtension>
            <ns3:atemp>28.0</ns3:atemp>
            <ns3:hr>132</ns3:hr>
          </ns3:TrackPointExtension>
        </extensions>
      </trkpt>
      <trkpt lat="59.98883801512420177459716796875" lon="30.3353261388838291168212890625">
        <ele>-9.6000003814697265625</ele>
        <time>2025-07-18T07:16:05.000Z</time>
        <extensions>
          <ns3:TrackPointExtension>
            <ns3:atemp>28.0</ns3:atemp>
            <ns3:hr>136</ns3:hr>
          </ns3:TrackPointExtension>
        </extensions>
      </trkpt>
      <trkpt lat="59.98866970650851726531982421875" lon="30.3349576704204082489013671875">
        <ele>-10.19999980926513671875</ele>
        <time>2025-07-18T07:16:11.000Z</time>
        <extensions>
          <ns3:TrackPointExtension>
            <ns3:atemp>28.0</ns3:atemp>
            <ns3:hr>137</ns3:hr>
          </ns3:TrackPointExtension>
        </extensions>
      </trkpt>
      <trkpt lat="59.98858035542070865631103515625" lon="30.33463320694863796234130859375">
        <ele>-10.19999980926513671875</ele>
        <time>2025-07-18T07:16:15.000Z</time>
        <extensions>
          <ns3:TrackPointExtension>
            <ns3:atemp>28.0</ns3:atemp>
            <ns3:hr>135</ns3:hr>
          </ns3:TrackPointExtension>
        </extensions>
      </trkpt>
      <trkpt lat="59.9885445646941661834716796875" lon="30.33425233326852321624755859375">
        <ele>-9.3999996185302734375</ele>
        <time>2025-07-18T07:16:21.000Z</time>
        <extensions>
          <ns3:TrackPointExtension>
            <ns3:atemp>28.0</ns3:atemp>
            <ns3:hr>133</ns3:hr>
          </ns3:TrackPointExtension>
        </extensions>
      </trkpt>
      <trkpt lat="59.9885395355522632598876953125" lon="30.33418175764381885528564453125">
        <ele>-10.19999980926513671875</ele>
        <time>2025-07-18T07:16:25.000Z</time>
        <extensions>
          <ns3:TrackPointExtension>
            <ns3:atemp>28.0</ns3:atemp>
            <ns3:hr>133</ns3:hr>
          </ns3:TrackPointExtension>
        </extensions>
      </trkpt>
      <trkpt lat="59.9885247834026813507080078125" lon="30.3341491520404815673828125">
        <ele>-10.6000003814697265625</ele>
        <time>2025-07-18T07:16:29.000Z</time>
        <extensions>
          <ns3:TrackPointExtension>
            <ns3:atemp>28.0</ns3:atemp>
            <ns3:hr>136</ns3:hr>
          </ns3:TrackPointExtension>
        </extensions>
      </trkpt>
      <trkpt lat="59.98852184973657131195068359375" lon="30.3341439552605152130126953125">
        <ele>-10.80000019073486328125</ele>
        <time>2025-07-18T07:16:30.000Z</time>
        <extensions>
          <ns3:TrackPointExtension>
            <ns3:atemp>28.0</ns3:atemp>
            <ns3:hr>136</ns3:hr>
          </ns3:TrackPointExtension>
        </extensions>
      </trkpt>
      <trkpt lat="59.98851849697530269622802734375" lon="30.33413046039640903472900390625">
        <ele>-11</ele>
        <time>2025-07-18T07:16:34.000Z</time>
        <extensions>
          <ns3:TrackPointExtension>
            <ns3:atemp>28.0</ns3:atemp>
            <ns3:hr>136</ns3:hr>
          </ns3:TrackPointExtension>
        </extensions>
      </trkpt>
      <trkpt lat="59.9885194189846515655517578125" lon="30.3341308794915676116943359375">
        <ele>-11.3999996185302734375</ele>
        <time>2025-07-18T07:16:37.000Z</time>
        <extensions>
          <ns3:TrackPointExtension>
            <ns3:atemp>28.0</ns3:atemp>
            <ns3:hr>139</ns3:hr>
          </ns3:TrackPointExtension>
        </extensions>
      </trkpt>
      <trkpt lat="59.9885217659175395965576171875" lon="30.334130711853504180908203125">
        <ele>-11.6000003814697265625</ele>
        <time>2025-07-18T07:16:41.000Z</time>
        <extensions>
          <ns3:TrackPointExtension>
            <ns3:atemp>28.0</ns3:atemp>
            <ns3:hr>136</ns3:hr>
          </ns3:TrackPointExtension>
        </extensions>
      </trkpt>
      <trkpt lat="59.988524951040744781494140625" lon="30.3341325558722019195556640625">
        <ele>-11.80000019073486328125</ele>
        <time>2025-07-18T07:16:44.000Z</time>
        <extensions>
          <ns3:TrackPointExtension>
            <ns3:atemp>28.0</ns3:atemp>
            <ns3:hr>136</ns3:hr>
          </ns3:TrackPointExtension>
        </extensions>
      </trkpt>
      <trkpt lat="59.98852587305009365081787109375" lon="30.3341322205960750579833984375">
        <ele>-11.80000019073486328125</ele>
        <time>2025-07-18T07:16:46.000Z</time>
        <extensions>
          <ns3:TrackPointExtension>
            <ns3:atemp>28.0</ns3:atemp>
            <ns3:hr>136</ns3:hr>
          </ns3:TrackPointExtension>
        </extensions>
      </trkpt>
      <trkpt lat="59.98852402903139591217041015625" lon="30.33411771990358829498291015625">
        <ele>-12.3999996185302734375</ele>
        <time>2025-07-18T07:16:52.000Z</time>
        <extensions>
          <ns3:TrackPointExtension>
            <ns3:atemp>28.0</ns3:atemp>
            <ns3:hr>136</ns3:hr>
          </ns3:TrackPointExtension>
        </extensions>
      </trkpt>
      <trkpt lat="59.98849217779934406280517578125" lon="30.334067009389400482177734375">
        <ele>-12.6000003814697265625</ele>
        <time>2025-07-18T07:16:54.000Z</time>
        <extensions>
          <ns3:TrackPointExtension>
            <ns3:atemp>28.0</ns3:atemp>
            <ns3:hr>136</ns3:hr>
          </ns3:TrackPointExtension>
        </extensions>
      </trkpt>
      <trkpt lat="59.9883757531642913818359375" lon="30.3338948450982570648193359375">
        <ele>-12.6000003814697265625</ele>
        <time>2025-07-18T07:16:58.000Z</time>
        <extensions>
          <ns3:TrackPointExtension>
            <ns3:atemp>28.0</ns3:atemp>
            <ns3:hr>135</ns3:hr>
          </ns3:TrackPointExtension>
        </extensions>
      </trkpt>
      <trkpt lat="59.98826905153691768646240234375" lon="30.33379711210727691650390625">
        <ele>-12.80000019073486328125</ele>
        <time>2025-07-18T07:17:00.000Z</time>
        <extensions>
          <ns3:TrackPointExtension>
            <ns3:atemp>28.0</ns3:atemp>
            <ns3:hr>136</ns3:hr>
          </ns3:TrackPointExtension>
        </extensions>
      </trkpt>
      <trkpt lat="59.98817986808717250823974609375" lon="30.33377506770193576812744140625">
        <ele>-12.80000019073486328125</ele>
        <time>2025-07-18T07:17:02.000Z</time>
        <extensions>
          <ns3:TrackPointExtension>
            <ns3:atemp>28.0</ns3:atemp>
            <ns3:hr>136</ns3:hr>
          </ns3:TrackPointExtension>
        </extensions>
      </trkpt>
      <trkpt lat="59.9881341867148876190185546875" lon="30.33380758948624134063720703125">
        <ele>-12.19999980926513671875</ele>
        <time>2025-07-18T07:17:03.000Z</time>
        <extensions>
          <ns3:TrackPointExtension>
            <ns3:atemp>28.0</ns3:atemp>
            <ns3:hr>135</ns3:hr>
          </ns3:TrackPointExtension>
        </extensions>
      </trkpt>
      <trkpt lat="59.9879987351596355438232421875" lon="30.3338891454041004180908203125">
        <ele>-10.6000003814697265625</ele>
        <time>2025-07-18T07:17:06.000Z</time>
        <extensions>
          <ns3:TrackPointExtension>
            <ns3:atemp>28.0</ns3:atemp>
            <ns3:hr>134</ns3:hr>
          </ns3:TrackPointExtension>
        </extensions>
      </trkpt>
      <trkpt lat="59.98793930746614933013916015625" lon="30.333920158445835113525390625">
        <ele>-10.6000003814697265625</ele>
        <time>2025-07-18T07:17:07.000Z</time>
        <extensions>
          <ns3:TrackPointExtension>
            <ns3:atemp>28.0</ns3:atemp>
            <ns3:hr>136</ns3:hr>
          </ns3:TrackPointExtension>
        </extensions>
      </trkpt>
      <trkpt lat="59.9876825697720050811767578125" lon="30.33421277068555355072021484375">
        <ele>-10.80000019073486328125</ele>
        <time>2025-07-18T07:17:12.000Z</time>
        <extensions>
          <ns3:TrackPointExtension>
            <ns3:atemp>28.0</ns3:atemp>
            <ns3:hr>140</ns3:hr>
          </ns3:TrackPointExtension>
        </extensions>
      </trkpt>
      <trkpt lat="59.987623393535614013671875" lon="30.3342472203075885772705078125">
        <ele>-11</ele>
        <time>2025-07-18T07:17:13.000Z</time>
        <extensions>
          <ns3:TrackPointExtension>
            <ns3:atemp>28.0</ns3:atemp>
            <ns3:hr>142</ns3:hr>
          </ns3:TrackPointExtension>
        </extensions>
      </trkpt>
      <trkpt lat="59.9875635467469692230224609375" lon="30.334264822304248809814453125">
        <ele>-11</ele>
        <time>2025-07-18T07:17:14.000Z</time>
        <extensions>
          <ns3:TrackPointExtension>
            <ns3:atemp>28.0</ns3:atemp>
            <ns3:hr>143</ns3:hr>
          </ns3:TrackPointExtension>
        </extensions>
      </trkpt>
      <trkpt lat="59.98732122592628002166748046875" lon="30.3343514911830425262451171875">
        <ele>-11</ele>
        <time>2025-07-18T07:17:19.000Z</time>
        <extensions>
          <ns3:TrackPointExtension>
            <ns3:atemp>28.0</ns3:atemp>
            <ns3:hr>144</ns3:hr>
          </ns3:TrackPointExtension>
        </extensions>
      </trkpt>
      <trkpt lat="59.98727629892528057098388671875" lon="30.3343880362808704376220703125">
        <ele>-11</ele>
        <time>2025-07-18T07:17:20.000Z</time>
        <extensions>
          <ns3:TrackPointExtension>
            <ns3:atemp>28.0</ns3:atemp>
            <ns3:hr>145</ns3:hr>
          </ns3:TrackPointExtension>
        </extensions>
      </trkpt>
      <trkpt lat="59.986890815198421478271484375" lon="30.334494821727275848388671875">
        <ele>-11.3999996185302734375</ele>
        <time>2025-07-18T07:17:26.000Z</time>
        <extensions>
          <ns3:TrackPointExtension>
            <ns3:atemp>28.0</ns3:atemp>
            <ns3:hr>143</ns3:hr>
          </ns3:TrackPointExtension>
        </extensions>
      </trkpt>
      <trkpt lat="59.98670406639575958251953125" lon="30.334522314369678497314453125">
        <ele>-12.6000003814697265625</ele>
        <time>2025-07-18T07:17:29.000Z</time>
        <extensions>
          <ns3:TrackPointExtension>
            <ns3:atemp>28.0</ns3:atemp>
            <ns3:hr>144</ns3:hr>
          </ns3:TrackPointExtension>
        </extensions>
      </trkpt>
      <trkpt lat="59.9865835346281528472900390625" lon="30.33457419835031032562255859375">
        <ele>-13.80000019073486328125</ele>
        <time>2025-07-18T07:17:31.000Z</time>
        <extensions>
          <ns3:TrackPointExtension>
            <ns3:atemp>28.0</ns3:atemp>
            <ns3:hr>144</ns3:hr>
          </ns3:TrackPointExtension>
        </extensions>
      </trkpt>
      <trkpt lat="59.98646191321313381195068359375" lon="30.334622226655483245849609375">
        <ele>-14.19999980926513671875</ele>
        <time>2025-07-18T07:17:33.000Z</time>
        <extensions>
          <ns3:TrackPointExtension>
            <ns3:atemp>28.0</ns3:atemp>
            <ns3:hr>144</ns3:hr>
          </ns3:TrackPointExtension>
        </extensions>
      </trkpt>
      <trkpt lat="59.9862606637179851531982421875" lon="30.33468534238636493682861328125">
        <ele>-13</ele>
        <time>2025-07-18T07:17:37.000Z</time>
        <extensions>
          <ns3:TrackPointExtension>
            <ns3:atemp>28.0</ns3:atemp>
            <ns3:hr>144</ns3:hr>
          </ns3:TrackPointExtension>
        </extensions>
      </trkpt>
      <trkpt lat="59.98620559461414813995361328125" lon="30.33471032045781612396240234375">
        <ele>-12.6000003814697265625</ele>
        <time>2025-07-18T07:17:38.000Z</time>
        <extensions>
          <ns3:TrackPointExtension>
            <ns3:atemp>28.0</ns3:atemp>
            <ns3:hr>145</ns3:hr>
          </ns3:TrackPointExtension>
        </extensions>
      </trkpt>
      <trkpt lat="59.98597257770597934722900390625" lon="30.33481375314295291900634765625">
        <ele>-12</ele>
        <time>2025-07-18T07:17:42.000Z</time>
        <extensions>
          <ns3:TrackPointExtension>
            <ns3:atemp>28.0</ns3:atemp>
            <ns3:hr>146</ns3:hr>
          </ns3:TrackPointExtension>
        </extensions>
      </trkpt>
      <trkpt lat="59.985879957675933837890625" lon="30.3348145075142383575439453125">
        <ele>-11.80000019073486328125</ele>
        <time>2025-07-18T07:17:44.000Z</time>
        <extensions>
          <ns3:TrackPointExtension>
            <ns3:atemp>28.0</ns3:atemp>
            <ns3:hr>149</ns3:hr>
          </ns3:TrackPointExtension>
        </extensions>
      </trkpt>
      <trkpt lat="59.98584198765456676483154296875" lon="30.3348098136484622955322265625">
        <ele>-11.6000003814697265625</ele>
        <time>2025-07-18T07:17:45.000Z</time>
        <extensions>
          <ns3:TrackPointExtension>
            <ns3:atemp>28.0</ns3:atemp>
            <ns3:hr>149</ns3:hr>
          </ns3:TrackPointExtension>
        </extensions>
      </trkpt>
      <trkpt lat="59.9856782890856266021728515625" lon="30.3348181955516338348388671875">
        <ele>-10.80000019073486328125</ele>
        <time>2025-07-18T07:17:48.000Z</time>
        <extensions>
          <ns3:TrackPointExtension>
            <ns3:atemp>28.0</ns3:atemp>
            <ns3:hr>151</ns3:hr>
          </ns3:TrackPointExtension>
        </extensions>
      </trkpt>
      <trkpt lat="59.98554828576743602752685546875" lon="30.33485314808785915374755859375">
        <ele>-10.3999996185302734375</ele>
        <time>2025-07-18T07:17:50.000Z</time>
        <extensions>
          <ns3:TrackPointExtension>
            <ns3:atemp>28.0</ns3:atemp>
            <ns3:hr>152</ns3:hr>
          </ns3:TrackPointExtension>
        </extensions>
      </trkpt>
      <trkpt lat="59.9854955635964870452880859375" lon="30.33489824272692203521728515625">
        <ele>-9.80000019073486328125</ele>
        <time>2025-07-18T07:17:51.000Z</time>
        <extensions>
          <ns3:TrackPointExtension>
            <ns3:atemp>28.0</ns3:atemp>
            <ns3:hr>148</ns3:hr>
          </ns3:TrackPointExtension>
        </extensions>
      </trkpt>
      <trkpt lat="59.98543806374073028564453125" lon="30.33491802401840686798095703125">
        <ele>-9.19999980926513671875</ele>
        <time>2025-07-18T07:17:52.000Z</time>
        <extensions>
          <ns3:TrackPointExtension>
            <ns3:atemp>28.0</ns3:atemp>
            <ns3:hr>148</ns3:hr>
          </ns3:TrackPointExtension>
        </extensions>
      </trkpt>
      <trkpt lat="59.9853225611150264739990234375" lon="30.33495842479169368743896484375">
        <ele>-8.80000019073486328125</ele>
        <time>2025-07-18T07:17:54.000Z</time>
        <extensions>
          <ns3:TrackPointExtension>
            <ns3:atemp>28.0</ns3:atemp>
            <ns3:hr>148</ns3:hr>
          </ns3:TrackPointExtension>
        </extensions>
      </trkpt>
      <trkpt lat="59.98505224473774433135986328125" lon="30.33526537008583545684814453125">
        <ele>-8.80000019073486328125</ele>
        <time>2025-07-18T07:17:58.000Z</time>
        <extensions>
          <ns3:TrackPointExtension>
            <ns3:atemp>28.0</ns3:atemp>
            <ns3:hr>147</ns3:hr>
          </ns3:TrackPointExtension>
        </extensions>
      </trkpt>
      <trkpt lat="59.984973371028900146484375" lon="30.33529755659401416778564453125">
        <ele>-8.80000019073486328125</ele>
        <time>2025-07-18T07:17:59.000Z</time>
        <extensions>
          <ns3:TrackPointExtension>
            <ns3:atemp>28.0</ns3:atemp>
            <ns3:hr>148</ns3:hr>
          </ns3:TrackPointExtension>
        </extensions>
      </trkpt>
      <trkpt lat="59.98471126891672611236572265625" lon="30.33533041365444660186767578125">
        <ele>-9</ele>
        <time>2025-07-18T07:18:04.000Z</time>
        <extensions>
          <ns3:TrackPointExtension>
            <ns3:atemp>28.0</ns3:atemp>
            <ns3:hr>148</ns3:hr>
          </ns3:TrackPointExtension>
        </extensions>
      </trkpt>
      <trkpt lat="59.98459291644394397735595703125" lon="30.33530107699334621429443359375">
        <ele>-8.80000019073486328125</ele>
        <time>2025-07-18T07:18:08.000Z</time>
        <extensions>
          <ns3:TrackPointExtension>
            <ns3:atemp>28.0</ns3:atemp>
            <ns3:hr>152</ns3:hr>
          </ns3:TrackPointExtension>
        </extensions>
      </trkpt>
      <trkpt lat="59.984582774341106414794921875" lon="30.33529034815728664398193359375">
        <ele>-8.6000003814697265625</ele>
        <time>2025-07-18T07:18:09.000Z</time>
        <extensions>
          <ns3:TrackPointExtension>
            <ns3:atemp>28.0</ns3:atemp>
            <ns3:hr>155</ns3:hr>
          </ns3:TrackPointExtension>
        </extensions>
      </trkpt>
      <trkpt lat="59.98458914458751678466796875" lon="30.3352631069719791412353515625">
        <ele>-8.3999996185302734375</ele>
        <time>2025-07-18T07:18:11.000Z</time>
        <extensions>
          <ns3:TrackPointExtension>
            <ns3:atemp>28.0</ns3:atemp>
            <ns3:hr>159</ns3:hr>
          </ns3:TrackPointExtension>
        </extensions>
      </trkpt>
      <trkpt lat="59.98458604328334331512451171875" lon="30.33524089492857456207275390625">
        <ele>-8.19999980926513671875</ele>
        <time>2025-07-18T07:18:13.000Z</time>
        <extensions>
          <ns3:TrackPointExtension>
            <ns3:atemp>28.0</ns3:atemp>
            <ns3:hr>159</ns3:hr>
          </ns3:TrackPointExtension>
        </extensions>
      </trkpt>
      <trkpt lat="59.98459325172007083892822265625" lon="30.33519529737532138824462890625">
        <ele>-8.19999980926513671875</ele>
        <time>2025-07-18T07:18:15.000Z</time>
        <extensions>
          <ns3:TrackPointExtension>
            <ns3:atemp>28.0</ns3:atemp>
            <ns3:hr>159</ns3:hr>
          </ns3:TrackPointExtension>
        </extensions>
      </trkpt>
      <trkpt lat="59.98460926115512847900390625" lon="30.3351367078721523284912109375">
        <ele>-8.19999980926513671875</ele>
        <time>2025-07-18T07:18:17.000Z</time>
        <extensions>
          <ns3:TrackPointExtension>
            <ns3:atemp>28.0</ns3:atemp>
            <ns3:hr>158</ns3:hr>
          </ns3:TrackPointExtension>
        </extensions>
      </trkpt>
      <trkpt lat="59.98463474214076995849609375" lon="30.3350503742694854736328125">
        <ele>-8.3999996185302734375</ele>
        <time>2025-07-18T07:18:19.000Z</time>
        <extensions>
          <ns3:TrackPointExtension>
            <ns3:atemp>28.0</ns3:atemp>
            <ns3:hr>158</ns3:hr>
          </ns3:TrackPointExtension>
        </extensions>
      </trkpt>
      <trkpt lat="59.9846533499658107757568359375" lon="30.33500284887850284576416015625">
        <ele>-8.3999996185302734375</ele>
        <time>2025-07-18T07:18:20.000Z</time>
        <extensions>
          <ns3:TrackPointExtension>
            <ns3:atemp>28.0</ns3:atemp>
            <ns3:hr>158</ns3:hr>
          </ns3:TrackPointExtension>
        </extensions>
      </trkpt>
      <trkpt lat="59.9846818484365940093994140625" lon="30.334901846945285797119140625">
        <ele>-8.6000003814697265625</ele>
        <time>2025-07-18T07:18:22.000Z</time>
        <extensions>
          <ns3:TrackPointExtension>
            <ns3:atemp>28.0</ns3:atemp>
            <ns3:hr>158</ns3:hr>
          </ns3:TrackPointExtension>
        </extensions>
      </trkpt>
      <trkpt lat="59.98473105020821094512939453125" lon="30.33480252139270305633544921875">
        <ele>-8.3999996185302734375</ele>
        <time>2025-07-18T07:18:25.000Z</time>
        <extensions>
          <ns3:TrackPointExtension>
            <ns3:atemp>28.0</ns3:atemp>
            <ns3:hr>159</ns3:hr>
          </ns3:TrackPointExtension>
        </extensions>
      </trkpt>
      <trkpt lat="59.98474110849201679229736328125" lon="30.33472741954028606414794921875">
        <ele>-8.19999980926513671875</ele>
        <time>2025-07-18T07:18:26.000Z</time>
        <extensions>
          <ns3:TrackPointExtension>
            <ns3:atemp>28.0</ns3:atemp>
            <ns3:hr>161</ns3:hr>
          </ns3:TrackPointExtension>
        </extensions>
      </trkpt>
      <trkpt lat="59.984807409346103668212890625" lon="30.33441846258938312530517578125">
        <ele>-8.19999980926513671875</ele>
        <time>2025-07-18T07:18:30.000Z</time>
        <extensions>
          <ns3:TrackPointExtension>
            <ns3:atemp>28.0</ns3:atemp>
            <ns3:hr>164</ns3:hr>
          </ns3:TrackPointExtension>
        </extensions>
      </trkpt>
      <trkpt lat="59.98482442460954189300537109375" lon="30.33427161164581775665283203125">
        <ele>-8.19999980926513671875</ele>
        <time>2025-07-18T07:18:32.000Z</time>
        <extensions>
          <ns3:TrackPointExtension>
            <ns3:atemp>28.0</ns3:atemp>
            <ns3:hr>165</ns3:hr>
          </ns3:TrackPointExtension>
        </extensions>
      </trkpt>
      <trkpt lat="59.98476457782089710235595703125" lon="30.3338958509266376495361328125">
        <ele>-9.19999980926513671875</ele>
        <time>2025-07-18T07:18:34.000Z</time>
        <extensions>
          <ns3:TrackPointExtension>
            <ns3:atemp>28.0</ns3:atemp>
            <ns3:hr>165</ns3:hr>
          </ns3:TrackPointExtension>
        </extensions>
      </trkpt>
      <trkpt lat="59.9847512505948543548583984375" lon="30.33366107381880283355712890625">
        <ele>-10.19999980926513671875</ele>
        <time>2025-07-18T07:18:36.000Z</time>
        <extensions>
          <ns3:TrackPointExtension>
            <ns3:atemp>28.0</ns3:atemp>
            <ns3:hr>165</ns3:hr>
          </ns3:TrackPointExtension>
        </extensions>
      </trkpt>
      <trkpt lat="59.98475234024226665496826171875" lon="30.3335776738822460174560546875">
        <ele>-10.6000003814697265625</ele>
        <time>2025-07-18T07:18:37.000Z</time>
        <extensions>
          <ns3:TrackPointExtension>
            <ns3:atemp>28.0</ns3:atemp>
            <ns3:hr>165</ns3:hr>
          </ns3:TrackPointExtension>
        </extensions>
      </trkpt>
      <trkpt lat="59.9847371689975261688232421875" lon="30.333444066345691680908203125">
        <ele>-11</ele>
        <time>2025-07-18T07:18:39.000Z</time>
        <extensions>
          <ns3:TrackPointExtension>
            <ns3:atemp>28.0</ns3:atemp>
            <ns3:hr>164</ns3:hr>
          </ns3:TrackPointExtension>
        </extensions>
      </trkpt>
      <trkpt lat="59.984740354120731353759765625" lon="30.33339838497340679168701171875">
        <ele>-11.6000003814697265625</ele>
        <time>2025-07-18T07:18:41.000Z</time>
        <extensions>
          <ns3:TrackPointExtension>
            <ns3:atemp>28.0</ns3:atemp>
            <ns3:hr>163</ns3:hr>
          </ns3:TrackPointExtension>
        </extensions>
      </trkpt>
      <trkpt lat="59.9847405217587947845458984375" lon="30.333351194858551025390625">
        <ele>-12.3999996185302734375</ele>
        <time>2025-07-18T07:18:44.000Z</time>
        <extensions>
          <ns3:TrackPointExtension>
            <ns3:atemp>28.0</ns3:atemp>
            <ns3:hr>163</ns3:hr>
          </ns3:TrackPointExtension>
        </extensions>
      </trkpt>
      <trkpt lat="59.9847411923110485076904296875" lon="30.3333498537540435791015625">
        <ele>-12.80000019073486328125</ele>
        <time>2025-07-18T07:18:46.000Z</time>
        <extensions>
          <ns3:TrackPointExtension>
            <ns3:atemp>28.0</ns3:atemp>
            <ns3:hr>163</ns3:hr>
          </ns3:TrackPointExtension>
        </extensions>
      </trkpt>
      <trkpt lat="59.98470137827098369598388671875" lon="30.33320409245789051055908203125">
        <ele>-13.3999996185302734375</ele>
        <time>2025-07-18T07:18:52.000Z</time>
        <extensions>
          <ns3:TrackPointExtension>
            <ns3:atemp>28.0</ns3:atemp>
            <ns3:hr>163</ns3:hr>
          </ns3:TrackPointExtension>
        </extensions>
      </trkpt>
      <trkpt lat="59.984672628343105316162109375" lon="30.3331059403717517852783203125">
        <ele>-14</ele>
        <time>2025-07-18T07:18:55.000Z</time>
        <extensions>
          <ns3:TrackPointExtension>
            <ns3:atemp>28.0</ns3:atemp>
            <ns3:hr>164</ns3:hr>
          </ns3:TrackPointExtension>
        </extensions>
      </trkpt>
      <trkpt lat="59.98466583900153636932373046875" lon="30.3330992348492145538330078125">
        <ele>-14.3999996185302734375</ele>
        <time>2025-07-18T07:18:59.000Z</time>
        <extensions>
          <ns3:TrackPointExtension>
            <ns3:atemp>28.0</ns3:atemp>
            <ns3:hr>162</ns3:hr>
          </ns3:TrackPointExtension>
        </extensions>
      </trkpt>
      <trkpt lat="59.984667263925075531005859375" lon="30.33309998922049999237060546875">
        <ele>-15</ele>
        <time>2025-07-18T07:19:04.000Z</time>
        <extensions>
          <ns3:TrackPointExtension>
            <ns3:atemp>28.0</ns3:atemp>
            <ns3:hr>161</ns3:hr>
          </ns3:TrackPointExtension>
        </extensions>
      </trkpt>
      <trkpt lat="59.9846681021153926849365234375" lon="30.33310065977275371551513671875">
        <ele>-15</ele>
        <time>2025-07-18T07:19:11.000Z</time>
        <extensions>
          <ns3:TrackPointExtension>
            <ns3:atemp>29.0</ns3:atemp>
            <ns3:hr>157</ns3:hr>
          </ns3:TrackPointExtension>
        </extensions>
      </trkpt>
      <trkpt lat="59.984667934477329254150390625" lon="30.33310032449662685394287109375">
        <ele>-15.19999980926513671875</ele>
        <time>2025-07-18T07:19:12.000Z</time>
        <extensions>
          <ns3:TrackPointExtension>
            <ns3:atemp>29.0</ns3:atemp>
            <ns3:hr>154</ns3:hr>
          </ns3:TrackPointExtension>
        </extensions>
      </trkpt>
      <trkpt lat="59.984667599201202392578125" lon="30.33309965394437313079833984375">
        <ele>-15.3999996185302734375</ele>
        <time>2025-07-18T07:19:13.000Z</time>
        <extensions>
          <ns3:TrackPointExtension>
            <ns3:atemp>29.0</ns3:atemp>
            <ns3:hr>152</ns3:hr>
          </ns3:TrackPointExtension>
        </extensions>
      </trkpt>
      <trkpt lat="59.98466667719185352325439453125" lon="30.333097390830516815185546875">
        <ele>-15.80000019073486328125</ele>
        <time>2025-07-18T07:19:16.000Z</time>
        <extensions>
          <ns3:TrackPointExtension>
            <ns3:atemp>29.0</ns3:atemp>
            <ns3:hr>149</ns3:hr>
          </ns3:TrackPointExtension>
        </extensions>
      </trkpt>
      <trkpt lat="59.9846660904586315155029296875" lon="30.333096049726009368896484375">
        <ele>-16</ele>
        <time>2025-07-18T07:19:18.000Z</time>
        <extensions>
          <ns3:TrackPointExtension>
            <ns3:atemp>29.0</ns3:atemp>
            <ns3:hr>148</ns3:hr>
          </ns3:TrackPointExtension>
        </extensions>
      </trkpt>
      <trkpt lat="59.98466583900153636932373046875" lon="30.33309445716440677642822265625">
        <ele>-16.200000762939453125</ele>
        <time>2025-07-18T07:19:21.000Z</time>
        <extensions>
          <ns3:TrackPointExtension>
            <ns3:atemp>29.0</ns3:atemp>
            <ns3:hr>145</ns3:hr>
          </ns3:TrackPointExtension>
        </extensions>
      </trkpt>
      <trkpt lat="59.9846670962870121002197265625" lon="30.333092696964740753173828125">
        <ele>-16.799999237060546875</ele>
        <time>2025-07-18T07:19:26.000Z</time>
        <extensions>
          <ns3:TrackPointExtension>
            <ns3:atemp>29.0</ns3:atemp>
            <ns3:hr>142</ns3:hr>
          </ns3:TrackPointExtension>
        </extensions>
      </trkpt>
      <trkpt lat="59.9846677668392658233642578125" lon="30.33309043385088443756103515625">
        <ele>-17</ele>
        <time>2025-07-18T07:19:31.000Z</time>
        <extensions>
          <ns3:TrackPointExtension>
            <ns3:atemp>29.0</ns3:atemp>
            <ns3:hr>139</ns3:hr>
          </ns3:TrackPointExtension>
        </extensions>
      </trkpt>
      <trkpt lat="59.984667934477329254150390625" lon="30.3330898471176624298095703125">
        <ele>-17</ele>
        <time>2025-07-18T07:19:32.000Z</time>
        <extensions>
          <ns3:TrackPointExtension>
            <ns3:atemp>29.0</ns3:atemp>
            <ns3:hr>139</ns3:hr>
          </ns3:TrackPointExtension>
        </extensions>
      </trkpt>
      <trkpt lat="59.98467137105762958526611328125" lon="30.3330735862255096435546875">
        <ele>-18</ele>
        <time>2025-07-18T07:19:40.000Z</time>
        <extensions>
          <ns3:TrackPointExtension>
            <ns3:atemp>29.0</ns3:atemp>
            <ns3:hr>137</ns3:hr>
          </ns3:TrackPointExtension>
        </extensions>
      </trkpt>
      <trkpt lat="59.98466986231505870819091796875" lon="30.333065204322338104248046875">
        <ele>-18</ele>
        <time>2025-07-18T07:19:42.000Z</time>
        <extensions>
          <ns3:TrackPointExtension>
            <ns3:atemp>29.0</ns3:atemp>
            <ns3:hr>137</ns3:hr>
          </ns3:TrackPointExtension>
        </extensions>
      </trkpt>
      <trkpt lat="59.984671287238597869873046875" lon="30.33305682241916656494140625">
        <ele>-18.799999237060546875</ele>
        <time>2025-07-18T07:19:54.000Z</time>
        <extensions>
          <ns3:TrackPointExtension>
            <ns3:atemp>29.0</ns3:atemp>
            <ns3:hr>138</ns3:hr>
          </ns3:TrackPointExtension>
        </extensions>
      </trkpt>
      <trkpt lat="59.984651505947113037109375" lon="30.3330938704311847686767578125">
        <ele>-19</ele>
        <time>2025-07-18T07:19:57.000Z</time>
        <extensions>
          <ns3:TrackPointExtension>
            <ns3:atemp>29.0</ns3:atemp>
            <ns3:hr>139</ns3:hr>
          </ns3:TrackPointExtension>
        </extensions>
      </trkpt>
      <trkpt lat="59.98459090478718280792236328125" lon="30.33314625732600688934326171875">
        <ele>-19.200000762939453125</ele>
        <time>2025-07-18T07:20:02.000Z</time>
        <extensions>
          <ns3:TrackPointExtension>
            <ns3:atemp>29.0</ns3:atemp>
            <ns3:hr>135</ns3:hr>
          </ns3:TrackPointExtension>
        </extensions>
      </trkpt>
      <trkpt lat="59.984567351639270782470703125" lon="30.3331314213573932647705078125">
        <ele>-19.200000762939453125</ele>
        <time>2025-07-18T07:20:04.000Z</time>
        <extensions>
          <ns3:TrackPointExtension>
            <ns3:atemp>29.0</ns3:atemp>
            <ns3:hr>131</ns3:hr>
          </ns3:TrackPointExtension>
        </extensions>
      </trkpt>
      <trkpt lat="59.98454513959586620330810546875" lon="30.33312312327325344085693359375">
        <ele>-19.200000762939453125</ele>
        <time>2025-07-18T07:20:05.000Z</time>
        <extensions>
          <ns3:TrackPointExtension>
            <ns3:atemp>29.0</ns3:atemp>
            <ns3:hr>129</ns3:hr>
          </ns3:TrackPointExtension>
        </extensions>
      </trkpt>
      <trkpt lat="59.98453508131206035614013671875" lon="30.3330333530902862548828125">
        <ele>-19</ele>
        <time>2025-07-18T07:20:07.000Z</time>
        <extensions>
          <ns3:TrackPointExtension>
            <ns3:atemp>29.0</ns3:atemp>
            <ns3:hr>127</ns3:hr>
          </ns3:TrackPointExtension>
        </extensions>
      </trkpt>
      <trkpt lat="59.98446400277316570281982421875" lon="30.332876779139041900634765625">
        <ele>-18.6000003814697265625</ele>
        <time>2025-07-18T07:20:10.000Z</time>
        <extensions>
          <ns3:TrackPointExtension>
            <ns3:atemp>29.0</ns3:atemp>
            <ns3:hr>127</ns3:hr>
          </ns3:TrackPointExtension>
        </extensions>
      </trkpt>
      <trkpt lat="59.984439276158809661865234375" lon="30.332880131900310516357421875">
        <ele>-18.6000003814697265625</ele>
        <time>2025-07-18T07:20:11.000Z</time>
        <extensions>
          <ns3:TrackPointExtension>
            <ns3:atemp>29.0</ns3:atemp>
            <ns3:hr>127</ns3:hr>
          </ns3:TrackPointExtension>
        </extensions>
      </trkpt>
      <trkpt lat="59.984413124620914459228515625" lon="30.33292178995907306671142578125">
        <ele>-18.3999996185302734375</ele>
        <time>2025-07-18T07:20:12.000Z</time>
        <extensions>
          <ns3:TrackPointExtension>
            <ns3:atemp>29.0</ns3:atemp>
            <ns3:hr>127</ns3:hr>
          </ns3:TrackPointExtension>
        </extensions>
      </trkpt>
      <trkpt lat="59.98438856564462184906005859375" lon="30.3330362029373645782470703125">
        <ele>-18.200000762939453125</ele>
        <time>2025-07-18T07:20:14.000Z</time>
        <extensions>
          <ns3:TrackPointExtension>
            <ns3:atemp>29.0</ns3:atemp>
            <ns3:hr>127</ns3:hr>
          </ns3:TrackPointExtension>
        </extensions>
      </trkpt>
      <trkpt lat="59.98435470275580883026123046875" lon="30.333063863217830657958984375">
        <ele>-17.6000003814697265625</ele>
        <time>2025-07-18T07:20:15.000Z</time>
        <extensions>
          <ns3:TrackPointExtension>
            <ns3:atemp>29.0</ns3:atemp>
            <ns3:hr>127</ns3:hr>
          </ns3:TrackPointExtension>
        </extensions>
      </trkpt>
      <trkpt lat="59.9842585623264312744140625" lon="30.333119519054889678955078125">
        <ele>-16.6000003814697265625</ele>
        <time>2025-07-18T07:20:17.000Z</time>
        <extensions>
          <ns3:TrackPointExtension>
            <ns3:atemp>29.0</ns3:atemp>
            <ns3:hr>128</ns3:hr>
          </ns3:TrackPointExtension>
        </extensions>
      </trkpt>
      <trkpt lat="59.984203912317752838134765625" lon="30.33315447159111499786376953125">
        <ele>-16.3999996185302734375</ele>
        <time>2025-07-18T07:20:18.000Z</time>
        <extensions>
          <ns3:TrackPointExtension>
            <ns3:atemp>29.0</ns3:atemp>
            <ns3:hr>128</ns3:hr>
          </ns3:TrackPointExtension>
        </extensions>
      </trkpt>
      <trkpt lat="59.98408061452209949493408203125" lon="30.33322504721581935882568359375">
        <ele>-15.6000003814697265625</ele>
        <time>2025-07-18T07:20:20.000Z</time>
        <extensions>
          <ns3:TrackPointExtension>
            <ns3:atemp>29.0</ns3:atemp>
            <ns3:hr>129</ns3:hr>
          </ns3:TrackPointExtension>
        </extensions>
      </trkpt>
      <trkpt lat="59.984012134373188018798828125" lon="30.33322957344353199005126953125">
        <ele>-15</ele>
        <time>2025-07-18T07:20:21.000Z</time>
        <extensions>
          <ns3:TrackPointExtension>
            <ns3:atemp>29.0</ns3:atemp>
            <ns3:hr>129</ns3:hr>
          </ns3:TrackPointExtension>
        </extensions>
      </trkpt>
      <trkpt lat="59.9839474260807037353515625" lon="30.33319495618343353271484375">
        <ele>-14.6000003814697265625</ele>
        <time>2025-07-18T07:20:22.000Z</time>
        <extensions>
          <ns3:TrackPointExtension>
            <ns3:atemp>29.0</ns3:atemp>
            <ns3:hr>129</ns3:hr>
          </ns3:TrackPointExtension>
        </extensions>
      </trkpt>
      <trkpt lat="59.98384675942361354827880859375" lon="30.333033688366413116455078125">
        <ele>-14.3999996185302734375</ele>
        <time>2025-07-18T07:20:24.000Z</time>
        <extensions>
          <ns3:TrackPointExtension>
            <ns3:atemp>29.0</ns3:atemp>
            <ns3:hr>129</ns3:hr>
          </ns3:TrackPointExtension>
        </extensions>
      </trkpt>
      <trkpt lat="59.98359932564198970794677734375" lon="30.33244167454540729522705078125">
        <ele>-14.80000019073486328125</ele>
        <time>2025-07-18T07:20:30.000Z</time>
        <extensions>
          <ns3:TrackPointExtension>
            <ns3:atemp>29.0</ns3:atemp>
            <ns3:hr>131</ns3:hr>
          </ns3:TrackPointExtension>
        </extensions>
      </trkpt>
      <trkpt lat="59.983514249324798583984375" lon="30.3322486393153667449951171875">
        <ele>-14.6000003814697265625</ele>
        <time>2025-07-18T07:20:32.000Z</time>
        <extensions>
          <ns3:TrackPointExtension>
            <ns3:atemp>29.0</ns3:atemp>
            <ns3:hr>134</ns3:hr>
          </ns3:TrackPointExtension>
        </extensions>
      </trkpt>
      <trkpt lat="59.9834238924086093902587890625" lon="30.33206465654075145721435546875">
        <ele>-14.3999996185302734375</ele>
        <time>2025-07-18T07:20:34.000Z</time>
        <extensions>
          <ns3:TrackPointExtension>
            <ns3:atemp>29.0</ns3:atemp>
            <ns3:hr>142</ns3:hr>
          </ns3:TrackPointExtension>
        </extensions>
      </trkpt>
      <trkpt lat="59.98338106088340282440185546875" lon="30.3319644927978515625">
        <ele>-14.3999996185302734375</ele>
        <time>2025-07-18T07:20:35.000Z</time>
        <extensions>
          <ns3:TrackPointExtension>
            <ns3:atemp>29.0</ns3:atemp>
            <ns3:hr>146</ns3:hr>
          </ns3:TrackPointExtension>
        </extensions>
      </trkpt>
      <trkpt lat="59.9833385646343231201171875" lon="30.3318613953888416290283203125">
        <ele>-14.19999980926513671875</ele>
        <time>2025-07-18T07:20:36.000Z</time>
        <extensions>
          <ns3:TrackPointExtension>
            <ns3:atemp>29.0</ns3:atemp>
            <ns3:hr>151</ns3:hr>
          </ns3:TrackPointExtension>
        </extensions>
      </trkpt>
      <trkpt lat="59.98329506255686283111572265625" lon="30.33175997436046600341796875">
        <ele>-14</ele>
        <time>2025-07-18T07:20:37.000Z</time>
        <extensions>
          <ns3:TrackPointExtension>
            <ns3:atemp>29.0</ns3:atemp>
            <ns3:hr>152</ns3:hr>
          </ns3:TrackPointExtension>
        </extensions>
      </trkpt>
      <trkpt lat="59.98325097374618053436279296875" lon="30.331658385694026947021484375">
        <ele>-13.80000019073486328125</ele>
        <time>2025-07-18T07:20:38.000Z</time>
        <extensions>
          <ns3:TrackPointExtension>
            <ns3:atemp>29.0</ns3:atemp>
            <ns3:hr>153</ns3:hr>
          </ns3:TrackPointExtension>
        </extensions>
      </trkpt>
      <trkpt lat="59.98300731182098388671875" lon="30.331099145114421844482421875">
        <ele>-12.80000019073486328125</ele>
        <time>2025-07-18T07:20:44.000Z</time>
        <extensions>
          <ns3:TrackPointExtension>
            <ns3:atemp>29.0</ns3:atemp>
            <ns3:hr>155</ns3:hr>
          </ns3:TrackPointExtension>
        </extensions>
      </trkpt>
      <trkpt lat="59.9829692579805850982666015625" lon="30.33102546818554401397705078125">
        <ele>-12.6000003814697265625</ele>
        <time>2025-07-18T07:20:45.000Z</time>
        <extensions>
          <ns3:TrackPointExtension>
            <ns3:atemp>29.0</ns3:atemp>
            <ns3:hr>155</ns3:hr>
          </ns3:TrackPointExtension>
        </extensions>
      </trkpt>
      <trkpt lat="59.9828089959919452667236328125" lon="30.330737717449665069580078125">
        <ele>-12.19999980926513671875</ele>
        <time>2025-07-18T07:20:49.000Z</time>
        <extensions>
          <ns3:TrackPointExtension>
            <ns3:atemp>29.0</ns3:atemp>
            <ns3:hr>153</ns3:hr>
          </ns3:TrackPointExtension>
        </extensions>
      </trkpt>
      <trkpt lat="59.982750825583934783935546875" lon="30.33056848682463169097900390625">
        <ele>-12</ele>
        <time>2025-07-18T07:20:51.000Z</time>
        <extensions>
          <ns3:TrackPointExtension>
            <ns3:atemp>29.0</ns3:atemp>
            <ns3:hr>153</ns3:hr>
          </ns3:TrackPointExtension>
        </extensions>
      </trkpt>
      <trkpt lat="59.9826841056346893310546875" lon="30.33039464615285396575927734375">
        <ele>-11.80000019073486328125</ele>
        <time>2025-07-18T07:20:55.000Z</time>
        <extensions>
          <ns3:TrackPointExtension>
            <ns3:atemp>29.0</ns3:atemp>
            <ns3:hr>152</ns3:hr>
          </ns3:TrackPointExtension>
        </extensions>
      </trkpt>
      <trkpt lat="59.98266868293285369873046875" lon="30.33043823204934597015380859375">
        <ele>-11.6000003814697265625</ele>
        <time>2025-07-18T07:20:56.000Z</time>
        <extensions>
          <ns3:TrackPointExtension>
            <ns3:atemp>29.0</ns3:atemp>
            <ns3:hr>153</ns3:hr>
          </ns3:TrackPointExtension>
        </extensions>
      </trkpt>
      <trkpt lat="59.9825850315392017364501953125" lon="30.33035407774150371551513671875">
        <ele>-11.6000003814697265625</ele>
        <time>2025-07-18T07:21:00.000Z</time>
        <extensions>
          <ns3:TrackPointExtension>
            <ns3:atemp>29.0</ns3:atemp>
            <ns3:hr>155</ns3:hr>
          </ns3:TrackPointExtension>
        </extensions>
      </trkpt>
      <trkpt lat="59.98243533074855804443359375" lon="30.3301008604466915130615234375">
        <ele>-11.80000019073486328125</ele>
        <time>2025-07-18T07:21:04.000Z</time>
        <extensions>
          <ns3:TrackPointExtension>
            <ns3:atemp>29.0</ns3:atemp>
            <ns3:hr>154</ns3:hr>
          </ns3:TrackPointExtension>
        </extensions>
      </trkpt>
      <trkpt lat="59.98213534243404865264892578125" lon="30.32963826321065425872802734375">
        <ele>-11.6000003814697265625</ele>
        <time>2025-07-18T07:21:10.000Z</time>
        <extensions>
          <ns3:TrackPointExtension>
            <ns3:atemp>29.0</ns3:atemp>
            <ns3:hr>154</ns3:hr>
          </ns3:TrackPointExtension>
        </extensions>
      </trkpt>
      <trkpt lat="59.98186863027513027191162109375" lon="30.3291932679712772369384765625">
        <ele>-12</ele>
        <time>2025-07-18T07:21:16.000Z</time>
        <extensions>
          <ns3:TrackPointExtension>
            <ns3:atemp>29.0</ns3:atemp>
            <ns3:hr>153</ns3:hr>
          </ns3:TrackPointExtension>
        </extensions>
      </trkpt>
      <trkpt lat="59.98175933025777339935302734375" lon="30.32891054637730121612548828125">
        <ele>-11.6000003814697265625</ele>
        <time>2025-07-18T07:21:19.000Z</time>
        <extensions>
          <ns3:TrackPointExtension>
            <ns3:atemp>29.0</ns3:atemp>
            <ns3:hr>158</ns3:hr>
          </ns3:TrackPointExtension>
        </extensions>
      </trkpt>
      <trkpt lat="59.98166285455226898193359375" lon="30.328598320484161376953125">
        <ele>-11.3999996185302734375</ele>
        <time>2025-07-18T07:21:22.000Z</time>
        <extensions>
          <ns3:TrackPointExtension>
            <ns3:atemp>29.0</ns3:atemp>
            <ns3:hr>161</ns3:hr>
          </ns3:TrackPointExtension>
        </extensions>
      </trkpt>
      <trkpt lat="59.981633685529232025146484375" lon="30.3285153396427631378173828125">
        <ele>-11.19999980926513671875</ele>
        <time>2025-07-18T07:21:23.000Z</time>
        <extensions>
          <ns3:TrackPointExtension>
            <ns3:atemp>29.0</ns3:atemp>
            <ns3:hr>162</ns3:hr>
          </ns3:TrackPointExtension>
        </extensions>
      </trkpt>
      <trkpt lat="59.9815550632774829864501953125" lon="30.32825927250087261199951171875">
        <ele>-10.6000003814697265625</ele>
        <time>2025-07-18T07:21:27.000Z</time>
        <extensions>
          <ns3:TrackPointExtension>
            <ns3:atemp>29.0</ns3:atemp>
            <ns3:hr>160</ns3:hr>
          </ns3:TrackPointExtension>
        </extensions>
      </trkpt>
      <trkpt lat="59.98154860921204090118408203125" lon="30.32793606631457805633544921875">
        <ele>-10.3999996185302734375</ele>
        <time>2025-07-18T07:21:31.000Z</time>
        <extensions>
          <ns3:TrackPointExtension>
            <ns3:atemp>29.0</ns3:atemp>
            <ns3:hr>158</ns3:hr>
          </ns3:TrackPointExtension>
        </extensions>
      </trkpt>
      <trkpt lat="59.98153586871922016143798828125" lon="30.3278524987399578094482421875">
        <ele>-10.3999996185302734375</ele>
        <time>2025-07-18T07:21:32.000Z</time>
        <extensions>
          <ns3:TrackPointExtension>
            <ns3:atemp>29.0</ns3:atemp>
            <ns3:hr>158</ns3:hr>
          </ns3:TrackPointExtension>
        </extensions>
      </trkpt>
      <trkpt lat="59.98146546073257923126220703125" lon="30.32771444879472255706787109375">
        <ele>-10.3999996185302734375</ele>
        <time>2025-07-18T07:21:36.000Z</time>
        <extensions>
          <ns3:TrackPointExtension>
            <ns3:atemp>29.0</ns3:atemp>
            <ns3:hr>156</ns3:hr>
          </ns3:TrackPointExtension>
        </extensions>
      </trkpt>
      <trkpt lat="59.98140242882072925567626953125" lon="30.3274940885603427886962890625">
        <ele>-10.19999980926513671875</ele>
        <time>2025-07-18T07:21:39.000Z</time>
        <extensions>
          <ns3:TrackPointExtension>
            <ns3:atemp>29.0</ns3:atemp>
            <ns3:hr>154</ns3:hr>
          </ns3:TrackPointExtension>
        </extensions>
      </trkpt>
      <trkpt lat="59.98136420734226703643798828125" lon="30.327371545135974884033203125">
        <ele>-10.3999996185302734375</ele>
        <time>2025-07-18T07:21:41.000Z</time>
        <extensions>
          <ns3:TrackPointExtension>
            <ns3:atemp>29.0</ns3:atemp>
            <ns3:hr>154</ns3:hr>
          </ns3:TrackPointExtension>
        </extensions>
      </trkpt>
      <trkpt lat="59.98130586929619312286376953125" lon="30.32702679745852947235107421875">
        <ele>-11.3999996185302734375</ele>
        <time>2025-07-18T07:21:45.000Z</time>
        <extensions>
          <ns3:TrackPointExtension>
            <ns3:atemp>29.0</ns3:atemp>
            <ns3:hr>155</ns3:hr>
          </ns3:TrackPointExtension>
        </extensions>
      </trkpt>
      <trkpt lat="59.981266222894191741943359375" lon="30.3269355185329914093017578125">
        <ele>-11.6000003814697265625</ele>
        <time>2025-07-18T07:21:46.000Z</time>
        <extensions>
          <ns3:TrackPointExtension>
            <ns3:atemp>29.0</ns3:atemp>
            <ns3:hr>156</ns3:hr>
          </ns3:TrackPointExtension>
        </extensions>
      </trkpt>
      <trkpt lat="59.98115851543843746185302734375" lon="30.32682646997272968292236328125">
        <ele>-11.80000019073486328125</ele>
        <time>2025-07-18T07:21:47.000Z</time>
        <extensions>
          <ns3:TrackPointExtension>
            <ns3:atemp>29.0</ns3:atemp>
            <ns3:hr>156</ns3:hr>
          </ns3:TrackPointExtension>
        </extensions>
      </trkpt>
      <trkpt lat="59.9810967408120632171630859375" lon="30.3265764378011226654052734375">
        <ele>-12.19999980926513671875</ele>
        <time>2025-07-18T07:21:50.000Z</time>
        <extensions>
          <ns3:TrackPointExtension>
            <ns3:atemp>29.0</ns3:atemp>
            <ns3:hr>155</ns3:hr>
          </ns3:TrackPointExtension>
        </extensions>
      </trkpt>
      <trkpt lat="59.98112230561673641204833984375" lon="30.32648297958076000213623046875">
        <ele>-12.80000019073486328125</ele>
        <time>2025-07-18T07:21:52.000Z</time>
        <extensions>
          <ns3:TrackPointExtension>
            <ns3:atemp>29.0</ns3:atemp>
            <ns3:hr>153</ns3:hr>
          </ns3:TrackPointExtension>
        </extensions>
      </trkpt>
      <trkpt lat="59.9811731837689876556396484375" lon="30.3263172693550586700439453125">
        <ele>-13.6000003814697265625</ele>
        <time>2025-07-18T07:21:55.000Z</time>
        <extensions>
          <ns3:TrackPointExtension>
            <ns3:atemp>29.0</ns3:atemp>
            <ns3:hr>152</ns3:hr>
          </ns3:TrackPointExtension>
        </extensions>
      </trkpt>
      <trkpt lat="59.98117242939770221710205078125" lon="30.32604611478745937347412109375">
        <ele>-14</ele>
        <time>2025-07-18T07:21:58.000Z</time>
        <extensions>
          <ns3:TrackPointExtension>
            <ns3:atemp>29.0</ns3:atemp>
            <ns3:hr>150</ns3:hr>
          </ns3:TrackPointExtension>
        </extensions>
      </trkpt>
      <trkpt lat="59.98115013353526592254638671875" lon="30.3259742818772792816162109375">
        <ele>-14.19999980926513671875</ele>
        <time>2025-07-18T07:21:59.000Z</time>
        <extensions>
          <ns3:TrackPointExtension>
            <ns3:atemp>29.0</ns3:atemp>
            <ns3:hr>149</ns3:hr>
          </ns3:TrackPointExtension>
        </extensions>
      </trkpt>
      <trkpt lat="59.98106296174228191375732421875" lon="30.3257955797016620635986328125">
        <ele>-14.6000003814697265625</ele>
        <time>2025-07-18T07:22:01.000Z</time>
        <extensions>
          <ns3:TrackPointExtension>
            <ns3:atemp>29.0</ns3:atemp>
            <ns3:hr>148</ns3:hr>
          </ns3:TrackPointExtension>
        </extensions>
      </trkpt>
      <trkpt lat="59.9809284321963787078857421875" lon="30.32556549645960330963134765625">
        <ele>-14.19999980926513671875</ele>
        <time>2025-07-18T07:22:04.000Z</time>
        <extensions>
          <ns3:TrackPointExtension>
            <ns3:atemp>29.0</ns3:atemp>
            <ns3:hr>146</ns3:hr>
          </ns3:TrackPointExtension>
        </extensions>
      </trkpt>
      <trkpt lat="59.98089347966015338897705078125" lon="30.32553649507462978363037109375">
        <ele>-13.80000019073486328125</ele>
        <time>2025-07-18T07:22:06.000Z</time>
        <extensions>
          <ns3:TrackPointExtension>
            <ns3:atemp>29.0</ns3:atemp>
            <ns3:hr>146</ns3:hr>
          </ns3:TrackPointExtension>
        </extensions>
      </trkpt>
      <trkpt lat="59.9808808229863643646240234375" lon="30.32554135657846927642822265625">
        <ele>-13.6000003814697265625</ele>
        <time>2025-07-18T07:22:07.000Z</time>
        <extensions>
          <ns3:TrackPointExtension>
            <ns3:atemp>29.0</ns3:atemp>
            <ns3:hr>146</ns3:hr>
          </ns3:TrackPointExtension>
        </extensions>
      </trkpt>
      <trkpt lat="59.9808124266564846038818359375" lon="30.32564512453973293304443359375">
        <ele>-13</ele>
        <time>2025-07-18T07:22:11.000Z</time>
        <extensions>
          <ns3:TrackPointExtension>
            <ns3:atemp>29.0</ns3:atemp>
            <ns3:hr>147</ns3:hr>
          </ns3:TrackPointExtension>
        </extensions>
      </trkpt>
      <trkpt lat="59.980786778032779693603515625" lon="30.325711257755756378173828125">
        <ele>-12.80000019073486328125</ele>
        <time>2025-07-18T07:22:12.000Z</time>
        <extensions>
          <ns3:TrackPointExtension>
            <ns3:atemp>29.0</ns3:atemp>
            <ns3:hr>147</ns3:hr>
          </ns3:TrackPointExtension>
        </extensions>
      </trkpt>
      <trkpt lat="59.9807158671319484710693359375" lon="30.325959362089633941650390625">
        <ele>-12.6000003814697265625</ele>
        <time>2025-07-18T07:22:15.000Z</time>
        <extensions>
          <ns3:TrackPointExtension>
            <ns3:atemp>29.0</ns3:atemp>
            <ns3:hr>148</ns3:hr>
          </ns3:TrackPointExtension>
        </extensions>
      </trkpt>
      <trkpt lat="59.98062458820641040802001953125" lon="30.32615642063319683074951171875">
        <ele>-12.19999980926513671875</ele>
        <time>2025-07-18T07:22:18.000Z</time>
        <extensions>
          <ns3:TrackPointExtension>
            <ns3:atemp>29.0</ns3:atemp>
            <ns3:hr>149</ns3:hr>
          </ns3:TrackPointExtension>
        </extensions>
      </trkpt>
      <trkpt lat="59.98062844388186931610107421875" lon="30.32608919776976108551025390625">
        <ele>-11.80000019073486328125</ele>
        <time>2025-07-18T07:22:19.000Z</time>
        <extensions>
          <ns3:TrackPointExtension>
            <ns3:atemp>29.0</ns3:atemp>
            <ns3:hr>150</ns3:hr>
          </ns3:TrackPointExtension>
        </extensions>
      </trkpt>
      <trkpt lat="59.980580918490886688232421875" lon="30.325864143669605255126953125">
        <ele>-11.6000003814697265625</ele>
        <time>2025-07-18T07:22:22.000Z</time>
        <extensions>
          <ns3:TrackPointExtension>
            <ns3:atemp>29.0</ns3:atemp>
            <ns3:hr>153</ns3:hr>
          </ns3:TrackPointExtension>
        </extensions>
      </trkpt>
      <trkpt lat="59.9805582873523235321044921875" lon="30.325791724026203155517578125">
        <ele>-11.80000019073486328125</ele>
        <time>2025-07-18T07:22:23.000Z</time>
        <extensions>
          <ns3:TrackPointExtension>
            <ns3:atemp>29.0</ns3:atemp>
            <ns3:hr>153</ns3:hr>
          </ns3:TrackPointExtension>
        </extensions>
      </trkpt>
      <trkpt lat="59.9803919903934001922607421875" lon="30.3253795020282268524169921875">
        <ele>-11.6000003814697265625</ele>
        <time>2025-07-18T07:22:29.000Z</time>
        <extensions>
          <ns3:TrackPointExtension>
            <ns3:atemp>29.0</ns3:atemp>
            <ns3:hr>156</ns3:hr>
          </ns3:TrackPointExtension>
        </extensions>
      </trkpt>
      <trkpt lat="59.98032988049089908599853515625" lon="30.3252400271594524383544921875">
        <ele>-11.3999996185302734375</ele>
        <time>2025-07-18T07:22:31.000Z</time>
        <extensions>
          <ns3:TrackPointExtension>
            <ns3:atemp>29.0</ns3:atemp>
            <ns3:hr>158</ns3:hr>
          </ns3:TrackPointExtension>
        </extensions>
      </trkpt>
      <trkpt lat="59.980081357061862945556640625" lon="30.32469009049236774444580078125">
        <ele>-10.6000003814697265625</ele>
        <time>2025-07-18T07:22:39.000Z</time>
        <extensions>
          <ns3:TrackPointExtension>
            <ns3:atemp>29.0</ns3:atemp>
            <ns3:hr>159</ns3:hr>
          </ns3:TrackPointExtension>
        </extensions>
      </trkpt>
      <trkpt lat="59.98002511449158191680908203125" lon="30.32457190565764904022216796875">
        <ele>-10.3999996185302734375</ele>
        <time>2025-07-18T07:22:41.000Z</time>
        <extensions>
          <ns3:TrackPointExtension>
            <ns3:atemp>29.0</ns3:atemp>
            <ns3:hr>157</ns3:hr>
          </ns3:TrackPointExtension>
        </extensions>
      </trkpt>
      <trkpt lat="59.97994481585919857025146484375" lon="30.32436420209705829620361328125">
        <ele>-9.80000019073486328125</ele>
        <time>2025-07-18T07:22:44.000Z</time>
        <extensions>
          <ns3:TrackPointExtension>
            <ns3:atemp>29.0</ns3:atemp>
            <ns3:hr>160</ns3:hr>
          </ns3:TrackPointExtension>
        </extensions>
      </trkpt>
      <trkpt lat="59.9799175746738910675048828125" lon="30.3242955543100833892822265625">
        <ele>-9.6000003814697265625</ele>
        <time>2025-07-18T07:22:45.000Z</time>
        <extensions>
          <ns3:TrackPointExtension>
            <ns3:atemp>29.0</ns3:atemp>
            <ns3:hr>163</ns3:hr>
          </ns3:TrackPointExtension>
        </extensions>
      </trkpt>
      <trkpt lat="59.97988882474601268768310546875" lon="30.32423042692244052886962890625">
        <ele>-9.6000003814697265625</ele>
        <time>2025-07-18T07:22:46.000Z</time>
        <extensions>
          <ns3:TrackPointExtension>
            <ns3:atemp>29.0</ns3:atemp>
            <ns3:hr>164</ns3:hr>
          </ns3:TrackPointExtension>
        </extensions>
      </trkpt>
      <trkpt lat="59.9798089452087879180908203125" lon="30.32404753379523754119873046875">
        <ele>-9.6000003814697265625</ele>
        <time>2025-07-18T07:22:49.000Z</time>
        <extensions>
          <ns3:TrackPointExtension>
            <ns3:atemp>29.0</ns3:atemp>
            <ns3:hr>167</ns3:hr>
          </ns3:TrackPointExtension>
        </extensions>
      </trkpt>
      <trkpt lat="59.9797331728041172027587890625" lon="30.323861874639987945556640625">
        <ele>-9.6000003814697265625</ele>
        <time>2025-07-18T07:22:52.000Z</time>
        <extensions>
          <ns3:TrackPointExtension>
            <ns3:atemp>29.0</ns3:atemp>
            <ns3:hr>168</ns3:hr>
          </ns3:TrackPointExtension>
        </extensions>
      </trkpt>
      <trkpt lat="59.979561008512973785400390625" lon="30.32350857742130756378173828125">
        <ele>-10</ele>
        <time>2025-07-18T07:22:59.000Z</time>
        <extensions>
          <ns3:TrackPointExtension>
            <ns3:atemp>29.0</ns3:atemp>
            <ns3:hr>167</ns3:hr>
          </ns3:TrackPointExtension>
        </extensions>
      </trkpt>
      <trkpt lat="59.9793596751987934112548828125" lon="30.3231167234480381011962890625">
        <ele>-10</ele>
        <time>2025-07-18T07:23:07.000Z</time>
        <extensions>
          <ns3:TrackPointExtension>
            <ns3:atemp>29.0</ns3:atemp>
            <ns3:hr>165</ns3:hr>
          </ns3:TrackPointExtension>
        </extensions>
      </trkpt>
      <trkpt lat="59.97914233244955539703369140625" lon="30.322667621076107025146484375">
        <ele>-9</ele>
        <time>2025-07-18T07:23:15.000Z</time>
        <extensions>
          <ns3:TrackPointExtension>
            <ns3:atemp>29.0</ns3:atemp>
            <ns3:hr>164</ns3:hr>
          </ns3:TrackPointExtension>
        </extensions>
      </trkpt>
      <trkpt lat="59.97905650176107883453369140625" lon="30.3225298225879669189453125">
        <ele>-9.3999996185302734375</ele>
        <time>2025-07-18T07:23:18.000Z</time>
        <extensions>
          <ns3:TrackPointExtension>
            <ns3:atemp>29.0</ns3:atemp>
            <ns3:hr>167</ns3:hr>
          </ns3:TrackPointExtension>
        </extensions>
      </trkpt>
      <trkpt lat="59.9788990058004856109619140625" lon="30.32224575988948345184326171875">
        <ele>-9.3999996185302734375</ele>
        <time>2025-07-18T07:23:23.000Z</time>
        <extensions>
          <ns3:TrackPointExtension>
            <ns3:atemp>29.0</ns3:atemp>
            <ns3:hr>167</ns3:hr>
          </ns3:TrackPointExtension>
        </extensions>
      </trkpt>
      <trkpt lat="59.97882935218513011932373046875" lon="30.3220991604030132293701171875">
        <ele>-8</ele>
        <time>2025-07-18T07:23:26.000Z</time>
        <extensions>
          <ns3:TrackPointExtension>
            <ns3:atemp>29.0</ns3:atemp>
            <ns3:hr>166</ns3:hr>
          </ns3:TrackPointExtension>
        </extensions>
      </trkpt>
      <trkpt lat="59.97874150983989238739013671875" lon="30.32192607410252094268798828125">
        <ele>-7.400000095367431640625</ele>
        <time>2025-07-18T07:23:30.000Z</time>
        <extensions>
          <ns3:TrackPointExtension>
            <ns3:atemp>29.0</ns3:atemp>
            <ns3:hr>163</ns3:hr>
          </ns3:TrackPointExtension>
        </extensions>
      </trkpt>
      <trkpt lat="59.978723824024200439453125" lon="30.321883074939250946044921875">
        <ele>-7.400000095367431640625</ele>
        <time>2025-07-18T07:23:31.000Z</time>
        <extensions>
          <ns3:TrackPointExtension>
            <ns3:atemp>29.0</ns3:atemp>
            <ns3:hr>162</ns3:hr>
          </ns3:TrackPointExtension>
        </extensions>
      </trkpt>
      <trkpt lat="59.97865433804690837860107421875" lon="30.32175424508750438690185546875">
        <ele>-6.80000019073486328125</ele>
        <time>2025-07-18T07:23:34.000Z</time>
        <extensions>
          <ns3:TrackPointExtension>
            <ns3:atemp>29.0</ns3:atemp>
            <ns3:hr>160</ns3:hr>
          </ns3:TrackPointExtension>
        </extensions>
      </trkpt>
      <trkpt lat="59.978548474609851837158203125" lon="30.3215348906815052032470703125">
        <ele>-6.400000095367431640625</ele>
        <time>2025-07-18T07:23:38.000Z</time>
        <extensions>
          <ns3:TrackPointExtension>
            <ns3:atemp>29.0</ns3:atemp>
            <ns3:hr>157</ns3:hr>
          </ns3:TrackPointExtension>
        </extensions>
      </trkpt>
      <trkpt lat="59.97836901806294918060302734375" lon="30.3211851976811885833740234375">
        <ele>-7</ele>
        <time>2025-07-18T07:23:44.000Z</time>
        <extensions>
          <ns3:TrackPointExtension>
            <ns3:atemp>29.0</ns3:atemp>
            <ns3:hr>155</ns3:hr>
          </ns3:TrackPointExtension>
        </extensions>
      </trkpt>
      <trkpt lat="59.97820104472339153289794921875" lon="30.320887975394725799560546875">
        <ele>-5.599999904632568359375</ele>
        <time>2025-07-18T07:23:50.000Z</time>
        <extensions>
          <ns3:TrackPointExtension>
            <ns3:atemp>29.0</ns3:atemp>
            <ns3:hr>156</ns3:hr>
          </ns3:TrackPointExtension>
        </extensions>
      </trkpt>
      <trkpt lat="59.9781764857470989227294921875" lon="30.3208355046808719635009765625">
        <ele>-5.400000095367431640625</ele>
        <time>2025-07-18T07:23:51.000Z</time>
        <extensions>
          <ns3:TrackPointExtension>
            <ns3:atemp>29.0</ns3:atemp>
            <ns3:hr>155</ns3:hr>
          </ns3:TrackPointExtension>
        </extensions>
      </trkpt>
      <trkpt lat="59.978041537106037139892578125" lon="30.3205691277980804443359375">
        <ele>-4.400000095367431640625</ele>
        <time>2025-07-18T07:23:56.000Z</time>
        <extensions>
          <ns3:TrackPointExtension>
            <ns3:atemp>29.0</ns3:atemp>
            <ns3:hr>153</ns3:hr>
          </ns3:TrackPointExtension>
        </extensions>
      </trkpt>
      <trkpt lat="59.9779857136309146881103515625" lon="30.32045957632362842559814453125">
        <ele>-4.19999980926513671875</ele>
        <time>2025-07-18T07:23:58.000Z</time>
        <extensions>
          <ns3:TrackPointExtension>
            <ns3:atemp>29.0</ns3:atemp>
            <ns3:hr>152</ns3:hr>
          </ns3:TrackPointExtension>
        </extensions>
      </trkpt>
      <trkpt lat="59.97775596566498279571533203125" lon="30.32000812701880931854248046875">
        <ele>-4.599999904632568359375</ele>
        <time>2025-07-18T07:24:06.000Z</time>
        <extensions>
          <ns3:TrackPointExtension>
            <ns3:atemp>29.0</ns3:atemp>
            <ns3:hr>150</ns3:hr>
          </ns3:TrackPointExtension>
        </extensions>
      </trkpt>
      <trkpt lat="59.97759553603827953338623046875" lon="30.319714508950710296630859375">
        <ele>-5.599999904632568359375</ele>
        <time>2025-07-18T07:24:12.000Z</time>
        <extensions>
          <ns3:TrackPointExtension>
            <ns3:atemp>29.0</ns3:atemp>
            <ns3:hr>148</ns3:hr>
          </ns3:TrackPointExtension>
        </extensions>
      </trkpt>
      <trkpt lat="59.9775183387100696563720703125" lon="30.3195507265627384185791015625">
        <ele>-6</ele>
        <time>2025-07-18T07:24:15.000Z</time>
        <extensions>
          <ns3:TrackPointExtension>
            <ns3:atemp>29.0</ns3:atemp>
            <ns3:hr>148</ns3:hr>
          </ns3:TrackPointExtension>
        </extensions>
      </trkpt>
      <trkpt lat="59.97739504091441631317138671875" lon="30.319317877292633056640625">
        <ele>-6.80000019073486328125</ele>
        <time>2025-07-18T07:24:19.000Z</time>
        <extensions>
          <ns3:TrackPointExtension>
            <ns3:atemp>29.0</ns3:atemp>
            <ns3:hr>148</ns3:hr>
          </ns3:TrackPointExtension>
        </extensions>
      </trkpt>
      <trkpt lat="59.9773594178259372711181640625" lon="30.3192546777427196502685546875">
        <ele>-7</ele>
        <time>2025-07-18T07:24:20.000Z</time>
        <extensions>
          <ns3:TrackPointExtension>
            <ns3:atemp>29.0</ns3:atemp>
            <ns3:hr>149</ns3:hr>
          </ns3:TrackPointExtension>
        </extensions>
      </trkpt>
      <trkpt lat="59.97722723521292209625244140625" lon="30.31903783790767192840576171875">
        <ele>-8</ele>
        <time>2025-07-18T07:24:23.000Z</time>
        <extensions>
          <ns3:TrackPointExtension>
            <ns3:atemp>29.0</ns3:atemp>
            <ns3:hr>149</ns3:hr>
          </ns3:TrackPointExtension>
        </extensions>
      </trkpt>
      <trkpt lat="59.97712564654648303985595703125" lon="30.318865589797496795654296875">
        <ele>-8.19999980926513671875</ele>
        <time>2025-07-18T07:24:25.000Z</time>
        <extensions>
          <ns3:TrackPointExtension>
            <ns3:atemp>29.0</ns3:atemp>
            <ns3:hr>148</ns3:hr>
          </ns3:TrackPointExtension>
        </extensions>
      </trkpt>
      <trkpt lat="59.9770717509090900421142578125" lon="30.31878520734608173370361328125">
        <ele>-8.80000019073486328125</ele>
        <time>2025-07-18T07:24:26.000Z</time>
        <extensions>
          <ns3:TrackPointExtension>
            <ns3:atemp>29.0</ns3:atemp>
            <ns3:hr>147</ns3:hr>
          </ns3:TrackPointExtension>
        </extensions>
      </trkpt>
      <trkpt lat="59.97701483778655529022216796875" lon="30.31871060840785503387451171875">
        <ele>-9.3999996185302734375</ele>
        <time>2025-07-18T07:24:27.000Z</time>
        <extensions>
          <ns3:TrackPointExtension>
            <ns3:atemp>29.0</ns3:atemp>
            <ns3:hr>147</ns3:hr>
          </ns3:TrackPointExtension>
        </extensions>
      </trkpt>
      <trkpt lat="59.9767860956490039825439453125" lon="30.31842528842389583587646484375">
        <ele>-10.3999996185302734375</ele>
        <time>2025-07-18T07:24:31.000Z</time>
        <extensions>
          <ns3:TrackPointExtension>
            <ns3:atemp>29.0</ns3:atemp>
            <ns3:hr>149</ns3:hr>
          </ns3:TrackPointExtension>
        </extensions>
      </trkpt>
      <trkpt lat="59.97673555277287960052490234375" lon="30.31837214715778827667236328125">
        <ele>-10.3999996185302734375</ele>
        <time>2025-07-18T07:24:32.000Z</time>
        <extensions>
          <ns3:TrackPointExtension>
            <ns3:atemp>29.0</ns3:atemp>
            <ns3:hr>150</ns3:hr>
          </ns3:TrackPointExtension>
        </extensions>
      </trkpt>
      <trkpt lat="59.9765869416296482086181640625" lon="30.3181931935250759124755859375">
        <ele>-11</ele>
        <time>2025-07-18T07:24:35.000Z</time>
        <extensions>
          <ns3:TrackPointExtension>
            <ns3:atemp>29.0</ns3:atemp>
            <ns3:hr>149</ns3:hr>
          </ns3:TrackPointExtension>
        </extensions>
      </trkpt>
      <trkpt lat="59.9765391647815704345703125" lon="30.3181331790983676910400390625">
        <ele>-11.19999980926513671875</ele>
        <time>2025-07-18T07:24:36.000Z</time>
        <extensions>
          <ns3:TrackPointExtension>
            <ns3:atemp>29.0</ns3:atemp>
            <ns3:hr>149</ns3:hr>
          </ns3:TrackPointExtension>
        </extensions>
      </trkpt>
      <trkpt lat="59.976489879190921783447265625" lon="30.31807911582291126251220703125">
        <ele>-11.19999980926513671875</ele>
        <time>2025-07-18T07:24:37.000Z</time>
        <extensions>
          <ns3:TrackPointExtension>
            <ns3:atemp>29.0</ns3:atemp>
            <ns3:hr>148</ns3:hr>
          </ns3:TrackPointExtension>
        </extensions>
      </trkpt>
      <trkpt lat="59.97636146843433380126953125" lon="30.3179551474750041961669921875">
        <ele>-11.19999980926513671875</ele>
        <time>2025-07-18T07:24:40.000Z</time>
        <extensions>
          <ns3:TrackPointExtension>
            <ns3:atemp>29.0</ns3:atemp>
            <ns3:hr>149</ns3:hr>
          </ns3:TrackPointExtension>
        </extensions>
      </trkpt>
      <trkpt lat="59.97629332356154918670654296875" lon="30.3178548999130725860595703125">
        <ele>-11.19999980926513671875</ele>
        <time>2025-07-18T07:24:42.000Z</time>
        <extensions>
          <ns3:TrackPointExtension>
            <ns3:atemp>29.0</ns3:atemp>
            <ns3:hr>149</ns3:hr>
          </ns3:TrackPointExtension>
        </extensions>
      </trkpt>
      <trkpt lat="59.976278655230998992919921875" lon="30.3177891857922077178955078125">
        <ele>-11.19999980926513671875</ele>
        <time>2025-07-18T07:24:43.000Z</time>
        <extensions>
          <ns3:TrackPointExtension>
            <ns3:atemp>29.0</ns3:atemp>
            <ns3:hr>150</ns3:hr>
          </ns3:TrackPointExtension>
        </extensions>
      </trkpt>
      <trkpt lat="59.976283349096775054931640625" lon="30.3177526406943798065185546875">
        <ele>-11.19999980926513671875</ele>
        <time>2025-07-18T07:24:44.000Z</time>
        <extensions>
          <ns3:TrackPointExtension>
            <ns3:atemp>29.0</ns3:atemp>
            <ns3:hr>150</ns3:hr>
          </ns3:TrackPointExtension>
        </extensions>
      </trkpt>
      <trkpt lat="59.97631184756755828857421875" lon="30.317688100039958953857421875">
        <ele>-11.19999980926513671875</ele>
        <time>2025-07-18T07:24:46.000Z</time>
        <extensions>
          <ns3:TrackPointExtension>
            <ns3:atemp>29.0</ns3:atemp>
            <ns3:hr>150</ns3:hr>
          </ns3:TrackPointExtension>
        </extensions>
      </trkpt>
      <trkpt lat="59.97641100548207759857177734375" lon="30.31750529073178768157958984375">
        <ele>-11.3999996185302734375</ele>
        <time>2025-07-18T07:24:50.000Z</time>
        <extensions>
          <ns3:TrackPointExtension>
            <ns3:atemp>29.0</ns3:atemp>
            <ns3:hr>149</ns3:hr>
          </ns3:TrackPointExtension>
        </extensions>
      </trkpt>
      <trkpt lat="59.9764323793351650238037109375" lon="30.3175132535398006439208984375">
        <ele>-11.80000019073486328125</ele>
        <time>2025-07-18T07:24:51.000Z</time>
        <extensions>
          <ns3:TrackPointExtension>
            <ns3:atemp>29.0</ns3:atemp>
            <ns3:hr>148</ns3:hr>
          </ns3:TrackPointExtension>
        </extensions>
      </trkpt>
      <trkpt lat="59.97646330855786800384521484375" lon="30.31755021773278713226318359375">
        <ele>-12</ele>
        <time>2025-07-18T07:24:53.000Z</time>
        <extensions>
          <ns3:TrackPointExtension>
            <ns3:atemp>29.0</ns3:atemp>
            <ns3:hr>145</ns3:hr>
          </ns3:TrackPointExtension>
        </extensions>
      </trkpt>
      <trkpt lat="59.9765467084944248199462890625" lon="30.31751333735883235931396484375">
        <ele>-12</ele>
        <time>2025-07-18T07:24:57.000Z</time>
        <extensions>
          <ns3:TrackPointExtension>
            <ns3:atemp>29.0</ns3:atemp>
            <ns3:hr>142</ns3:hr>
          </ns3:TrackPointExtension>
        </extensions>
      </trkpt>
      <trkpt lat="59.97654494829475879669189453125" lon="30.31732499599456787109375">
        <ele>-12.19999980926513671875</ele>
        <time>2025-07-18T07:25:00.000Z</time>
        <extensions>
          <ns3:TrackPointExtension>
            <ns3:atemp>29.0</ns3:atemp>
            <ns3:hr>139</ns3:hr>
          </ns3:TrackPointExtension>
        </extensions>
      </trkpt>
      <trkpt lat="59.97648694552481174468994140625" lon="30.3172217309474945068359375">
        <ele>-12.19999980926513671875</ele>
        <time>2025-07-18T07:25:02.000Z</time>
        <extensions>
          <ns3:TrackPointExtension>
            <ns3:atemp>29.0</ns3:atemp>
            <ns3:hr>139</ns3:hr>
          </ns3:TrackPointExtension>
        </extensions>
      </trkpt>
      <trkpt lat="59.9764179624617099761962890625" lon="30.31714327633380889892578125">
        <ele>-12.3999996185302734375</ele>
        <time>2025-07-18T07:25:05.000Z</time>
        <extensions>
          <ns3:TrackPointExtension>
            <ns3:atemp>29.0</ns3:atemp>
            <ns3:hr>139</ns3:hr>
          </ns3:TrackPointExtension>
        </extensions>
      </trkpt>
      <trkpt lat="59.97640094719827175140380859375" lon="30.31712994910776615142822265625">
        <ele>-12.6000003814697265625</ele>
        <time>2025-07-18T07:25:06.000Z</time>
        <extensions>
          <ns3:TrackPointExtension>
            <ns3:atemp>29.0</ns3:atemp>
            <ns3:hr>139</ns3:hr>
          </ns3:TrackPointExtension>
        </extensions>
      </trkpt>
      <trkpt lat="59.9763133563101291656494140625" lon="30.3171340562403202056884765625">
        <ele>-13.19999980926513671875</ele>
        <time>2025-07-18T07:25:08.000Z</time>
        <extensions>
          <ns3:TrackPointExtension>
            <ns3:atemp>29.0</ns3:atemp>
            <ns3:hr>141</ns3:hr>
          </ns3:TrackPointExtension>
        </extensions>
      </trkpt>
      <trkpt lat="59.97628192417323589324951171875" lon="30.3171090781688690185546875">
        <ele>-13.80000019073486328125</ele>
        <time>2025-07-18T07:25:10.000Z</time>
        <extensions>
          <ns3:TrackPointExtension>
            <ns3:atemp>29.0</ns3:atemp>
            <ns3:hr>142</ns3:hr>
          </ns3:TrackPointExtension>
        </extensions>
      </trkpt>
      <trkpt lat="59.97626432217657566070556640625" lon="30.3171052224934101104736328125">
        <ele>-14.3999996185302734375</ele>
        <time>2025-07-18T07:25:12.000Z</time>
        <extensions>
          <ns3:TrackPointExtension>
            <ns3:atemp>29.0</ns3:atemp>
            <ns3:hr>143</ns3:hr>
          </ns3:TrackPointExtension>
        </extensions>
      </trkpt>
      <trkpt lat="59.976243786513805389404296875" lon="30.3171508200466632843017578125">
        <ele>-14.6000003814697265625</ele>
        <time>2025-07-18T07:25:14.000Z</time>
        <extensions>
          <ns3:TrackPointExtension>
            <ns3:atemp>29.0</ns3:atemp>
            <ns3:hr>145</ns3:hr>
          </ns3:TrackPointExtension>
        </extensions>
      </trkpt>
      <trkpt lat="59.97621989808976650238037109375" lon="30.3172202222049236297607421875">
        <ele>-14.80000019073486328125</ele>
        <time>2025-07-18T07:25:16.000Z</time>
        <extensions>
          <ns3:TrackPointExtension>
            <ns3:atemp>29.0</ns3:atemp>
            <ns3:hr>146</ns3:hr>
          </ns3:TrackPointExtension>
        </extensions>
      </trkpt>
      <trkpt lat="59.97620321810245513916015625" lon="30.31716750003397464752197265625">
        <ele>-14.3999996185302734375</ele>
        <time>2025-07-18T07:25:19.000Z</time>
        <extensions>
          <ns3:TrackPointExtension>
            <ns3:atemp>29.0</ns3:atemp>
            <ns3:hr>147</ns3:hr>
          </ns3:TrackPointExtension>
        </extensions>
      </trkpt>
      <trkpt lat="59.9761851131916046142578125" lon="30.317139588296413421630859375">
        <ele>-14.19999980926513671875</ele>
        <time>2025-07-18T07:25:20.000Z</time>
        <extensions>
          <ns3:TrackPointExtension>
            <ns3:atemp>29.0</ns3:atemp>
            <ns3:hr>147</ns3:hr>
          </ns3:TrackPointExtension>
        </extensions>
      </trkpt>
      <trkpt lat="59.9760665930807590484619140625" lon="30.317029617726802825927734375">
        <ele>-14</ele>
        <time>2025-07-18T07:25:23.000Z</time>
        <extensions>
          <ns3:TrackPointExtension>
            <ns3:atemp>29.0</ns3:atemp>
            <ns3:hr>147</ns3:hr>
          </ns3:TrackPointExtension>
        </extensions>
      </trkpt>
      <trkpt lat="59.9759355001151561737060546875" lon="30.3168353252112865447998046875">
        <ele>-15.19999980926513671875</ele>
        <time>2025-07-18T07:25:28.000Z</time>
        <extensions>
          <ns3:TrackPointExtension>
            <ns3:atemp>29.0</ns3:atemp>
            <ns3:hr>148</ns3:hr>
          </ns3:TrackPointExtension>
        </extensions>
      </trkpt>
      <trkpt lat="59.97585696168243885040283203125" lon="30.31671387143433094024658203125">
        <ele>-16</ele>
        <time>2025-07-18T07:25:30.000Z</time>
        <extensions>
          <ns3:TrackPointExtension>
            <ns3:atemp>29.0</ns3:atemp>
            <ns3:hr>148</ns3:hr>
          </ns3:TrackPointExtension>
        </extensions>
      </trkpt>
      <trkpt lat="59.97587607242166996002197265625" lon="30.31664513982832431793212890625">
        <ele>-16.3999996185302734375</ele>
        <time>2025-07-18T07:25:31.000Z</time>
        <extensions>
          <ns3:TrackPointExtension>
            <ns3:atemp>29.0</ns3:atemp>
            <ns3:hr>148</ns3:hr>
          </ns3:TrackPointExtension>
        </extensions>
      </trkpt>
      <trkpt lat="59.9753145687282085418701171875" lon="30.3169375844299793243408203125">
        <ele>-17.3999996185302734375</ele>
        <time>2025-07-18T07:25:32.000Z</time>
        <extensions>
          <ns3:TrackPointExtension>
            <ns3:atemp>29.0</ns3:atemp>
            <ns3:hr>147</ns3:hr>
          </ns3:TrackPointExtension>
        </extensions>
      </trkpt>
      <trkpt lat="59.97520568780601024627685546875" lon="30.3168889693915843963623046875">
        <ele>-17.200000762939453125</ele>
        <time>2025-07-18T07:25:36.000Z</time>
        <extensions>
          <ns3:TrackPointExtension>
            <ns3:atemp>29.0</ns3:atemp>
            <ns3:hr>147</ns3:hr>
          </ns3:TrackPointExtension>
        </extensions>
      </trkpt>
      <trkpt lat="59.975180290639400482177734375" lon="30.3168862871825695037841796875">
        <ele>-16</ele>
        <time>2025-07-18T07:25:38.000Z</time>
        <extensions>
          <ns3:TrackPointExtension>
            <ns3:atemp>29.0</ns3:atemp>
            <ns3:hr>148</ns3:hr>
          </ns3:TrackPointExtension>
        </extensions>
      </trkpt>
      <trkpt lat="59.9750785343348979949951171875" lon="30.3168547712266445159912109375">
        <ele>-15.19999980926513671875</ele>
        <time>2025-07-18T07:25:41.000Z</time>
        <extensions>
          <ns3:TrackPointExtension>
            <ns3:atemp>29.0</ns3:atemp>
            <ns3:hr>146</ns3:hr>
          </ns3:TrackPointExtension>
        </extensions>
      </trkpt>
      <trkpt lat="59.97502882964909076690673828125" lon="30.31682007014751434326171875">
        <ele>-14.6000003814697265625</ele>
        <time>2025-07-18T07:25:43.000Z</time>
        <extensions>
          <ns3:TrackPointExtension>
            <ns3:atemp>29.0</ns3:atemp>
            <ns3:hr>145</ns3:hr>
          </ns3:TrackPointExtension>
        </extensions>
      </trkpt>
      <trkpt lat="59.97491667978465557098388671875" lon="30.31674840487539768218994140625">
        <ele>-14</ele>
        <time>2025-07-18T07:25:46.000Z</time>
        <extensions>
          <ns3:TrackPointExtension>
            <ns3:atemp>29.0</ns3:atemp>
            <ns3:hr>144</ns3:hr>
          </ns3:TrackPointExtension>
        </extensions>
      </trkpt>
      <trkpt lat="59.9746369756758213043212890625" lon="30.316742621362209320068359375">
        <ele>-14</ele>
        <time>2025-07-18T07:25:51.000Z</time>
        <extensions>
          <ns3:TrackPointExtension>
            <ns3:atemp>29.0</ns3:atemp>
            <ns3:hr>144</ns3:hr>
          </ns3:TrackPointExtension>
        </extensions>
      </trkpt>
      <trkpt lat="59.97453127987682819366455078125" lon="30.31672577373683452606201171875">
        <ele>-14</ele>
        <time>2025-07-18T07:25:53.000Z</time>
        <extensions>
          <ns3:TrackPointExtension>
            <ns3:atemp>29.0</ns3:atemp>
            <ns3:hr>145</ns3:hr>
          </ns3:TrackPointExtension>
        </extensions>
      </trkpt>
      <trkpt lat="59.97437537647783756256103515625" lon="30.31671403907239437103271484375">
        <ele>-13.3999996185302734375</ele>
        <time>2025-07-18T07:25:56.000Z</time>
        <extensions>
          <ns3:TrackPointExtension>
            <ns3:atemp>29.0</ns3:atemp>
            <ns3:hr>146</ns3:hr>
          </ns3:TrackPointExtension>
        </extensions>
      </trkpt>
      <trkpt lat="59.97433480806648731231689453125" lon="30.31670230440795421600341796875">
        <ele>-13.19999980926513671875</ele>
        <time>2025-07-18T07:25:57.000Z</time>
        <extensions>
          <ns3:TrackPointExtension>
            <ns3:atemp>29.0</ns3:atemp>
            <ns3:hr>146</ns3:hr>
          </ns3:TrackPointExtension>
        </extensions>
      </trkpt>
      <trkpt lat="59.974240846931934356689453125" lon="30.31653215177357196807861328125">
        <ele>-12.19999980926513671875</ele>
        <time>2025-07-18T07:26:01.000Z</time>
        <extensions>
          <ns3:TrackPointExtension>
            <ns3:atemp>29.0</ns3:atemp>
            <ns3:hr>144</ns3:hr>
          </ns3:TrackPointExtension>
        </extensions>
      </trkpt>
      <trkpt lat="59.97424629516899585723876953125" lon="30.31642871908843517303466796875">
        <ele>-12</ele>
        <time>2025-07-18T07:26:02.000Z</time>
        <extensions>
          <ns3:TrackPointExtension>
            <ns3:atemp>29.0</ns3:atemp>
            <ns3:hr>144</ns3:hr>
          </ns3:TrackPointExtension>
        </extensions>
      </trkpt>
      <trkpt lat="59.97399550862610340118408203125" lon="30.31621229834854602813720703125">
        <ele>-11.80000019073486328125</ele>
        <time>2025-07-18T07:26:08.000Z</time>
        <extensions>
          <ns3:TrackPointExtension>
            <ns3:atemp>29.0</ns3:atemp>
            <ns3:hr>142</ns3:hr>
          </ns3:TrackPointExtension>
        </extensions>
      </trkpt>
      <trkpt lat="59.97390163131058216094970703125" lon="30.31614482402801513671875">
        <ele>-13.3999996185302734375</ele>
        <time>2025-07-18T07:26:10.000Z</time>
        <extensions>
          <ns3:TrackPointExtension>
            <ns3:atemp>29.0</ns3:atemp>
            <ns3:hr>141</ns3:hr>
          </ns3:TrackPointExtension>
        </extensions>
      </trkpt>
      <trkpt lat="59.973819740116596221923828125" lon="30.3160665370523929595947265625">
        <ele>-13.6000003814697265625</ele>
        <time>2025-07-18T07:26:12.000Z</time>
        <extensions>
          <ns3:TrackPointExtension>
            <ns3:atemp>29.0</ns3:atemp>
            <ns3:hr>142</ns3:hr>
          </ns3:TrackPointExtension>
        </extensions>
      </trkpt>
      <trkpt lat="59.973609857261180877685546875" lon="30.316092856228351593017578125">
        <ele>-13.6000003814697265625</ele>
        <time>2025-07-18T07:26:15.000Z</time>
        <extensions>
          <ns3:TrackPointExtension>
            <ns3:atemp>29.0</ns3:atemp>
            <ns3:hr>144</ns3:hr>
          </ns3:TrackPointExtension>
        </extensions>
      </trkpt>
      <trkpt lat="59.97352226637303829193115234375" lon="30.31602001748979091644287109375">
        <ele>-13.3999996185302734375</ele>
        <time>2025-07-18T07:26:17.000Z</time>
        <extensions>
          <ns3:TrackPointExtension>
            <ns3:atemp>29.0</ns3:atemp>
            <ns3:hr>146</ns3:hr>
          </ns3:TrackPointExtension>
        </extensions>
      </trkpt>
      <trkpt lat="59.9733947776257991790771484375" lon="30.31596201471984386444091796875">
        <ele>-12.80000019073486328125</ele>
        <time>2025-07-18T07:26:20.000Z</time>
        <extensions>
          <ns3:TrackPointExtension>
            <ns3:atemp>29.0</ns3:atemp>
            <ns3:hr>147</ns3:hr>
          </ns3:TrackPointExtension>
        </extensions>
      </trkpt>
      <trkpt lat="59.9733515270054340362548828125" lon="30.3159320913255214691162109375">
        <ele>-12</ele>
        <time>2025-07-18T07:26:21.000Z</time>
        <extensions>
          <ns3:TrackPointExtension>
            <ns3:atemp>29.0</ns3:atemp>
            <ns3:hr>148</ns3:hr>
          </ns3:TrackPointExtension>
        </extensions>
      </trkpt>
      <trkpt lat="59.97316150926053524017333984375" lon="30.31558248214423656463623046875">
        <ele>-11.19999980926513671875</ele>
        <time>2025-07-18T07:26:27.000Z</time>
        <extensions>
          <ns3:TrackPointExtension>
            <ns3:atemp>29.0</ns3:atemp>
            <ns3:hr>147</ns3:hr>
          </ns3:TrackPointExtension>
        </extensions>
      </trkpt>
      <trkpt lat="59.9730263091623783111572265625" lon="30.315454490482807159423828125">
        <ele>-11.19999980926513671875</ele>
        <time>2025-07-18T07:26:30.000Z</time>
        <extensions>
          <ns3:TrackPointExtension>
            <ns3:atemp>29.0</ns3:atemp>
            <ns3:hr>144</ns3:hr>
          </ns3:TrackPointExtension>
        </extensions>
      </trkpt>
      <trkpt lat="59.97281667776405811309814453125" lon="30.31535365618765354156494140625">
        <ele>-12</ele>
        <time>2025-07-18T07:26:34.000Z</time>
        <extensions>
          <ns3:TrackPointExtension>
            <ns3:atemp>29.0</ns3:atemp>
            <ns3:hr>143</ns3:hr>
          </ns3:TrackPointExtension>
        </extensions>
      </trkpt>
      <trkpt lat="59.97276638634502887725830078125" lon="30.315323732793331146240234375">
        <ele>-12.3999996185302734375</ele>
        <time>2025-07-18T07:26:35.000Z</time>
        <extensions>
          <ns3:TrackPointExtension>
            <ns3:atemp>29.0</ns3:atemp>
            <ns3:hr>143</ns3:hr>
          </ns3:TrackPointExtension>
        </extensions>
      </trkpt>
      <trkpt lat="59.97259455733001232147216796875" lon="30.31520714052021503448486328125">
        <ele>-12.6000003814697265625</ele>
        <time>2025-07-18T07:26:39.000Z</time>
        <extensions>
          <ns3:TrackPointExtension>
            <ns3:atemp>29.0</ns3:atemp>
            <ns3:hr>143</ns3:hr>
          </ns3:TrackPointExtension>
        </extensions>
      </trkpt>
      <trkpt lat="59.972510822117328643798828125" lon="30.31514930538833141326904296875">
        <ele>-12.3999996185302734375</ele>
        <time>2025-07-18T07:26:41.000Z</time>
        <extensions>
          <ns3:TrackPointExtension>
            <ns3:atemp>29.0</ns3:atemp>
            <ns3:hr>142</ns3:hr>
          </ns3:TrackPointExtension>
        </extensions>
      </trkpt>
      <trkpt lat="59.97240479104220867156982421875" lon="30.31508862040936946868896484375">
        <ele>-12.3999996185302734375</ele>
        <time>2025-07-18T07:26:45.000Z</time>
        <extensions>
          <ns3:TrackPointExtension>
            <ns3:atemp>29.0</ns3:atemp>
            <ns3:hr>141</ns3:hr>
          </ns3:TrackPointExtension>
        </extensions>
      </trkpt>
      <trkpt lat="59.97238107025623321533203125" lon="30.31504168175160884857177734375">
        <ele>-13</ele>
        <time>2025-07-18T07:26:48.000Z</time>
        <extensions>
          <ns3:TrackPointExtension>
            <ns3:atemp>29.0</ns3:atemp>
            <ns3:hr>140</ns3:hr>
          </ns3:TrackPointExtension>
        </extensions>
      </trkpt>
      <trkpt lat="59.97233572416007518768310546875" lon="30.3150362335145473480224609375">
        <ele>-13.19999980926513671875</ele>
        <time>2025-07-18T07:26:50.000Z</time>
        <extensions>
          <ns3:TrackPointExtension>
            <ns3:atemp>29.0</ns3:atemp>
            <ns3:hr>140</ns3:hr>
          </ns3:TrackPointExtension>
        </extensions>
      </trkpt>
      <trkpt lat="59.97232600115239620208740234375" lon="30.31501896679401397705078125">
        <ele>-13.3999996185302734375</ele>
        <time>2025-07-18T07:26:51.000Z</time>
        <extensions>
          <ns3:TrackPointExtension>
            <ns3:atemp>29.0</ns3:atemp>
            <ns3:hr>140</ns3:hr>
          </ns3:TrackPointExtension>
        </extensions>
      </trkpt>
      <trkpt lat="59.97227847576141357421875" lon="30.314997173845767974853515625">
        <ele>-13.6000003814697265625</ele>
        <time>2025-07-18T07:26:53.000Z</time>
        <extensions>
          <ns3:TrackPointExtension>
            <ns3:atemp>29.0</ns3:atemp>
            <ns3:hr>140</ns3:hr>
          </ns3:TrackPointExtension>
        </extensions>
      </trkpt>
      <trkpt lat="59.97221234254539012908935546875" lon="30.314962975680828094482421875">
        <ele>-14</ele>
        <time>2025-07-18T07:26:56.000Z</time>
        <extensions>
          <ns3:TrackPointExtension>
            <ns3:atemp>29.0</ns3:atemp>
            <ns3:hr>141</ns3:hr>
          </ns3:TrackPointExtension>
        </extensions>
      </trkpt>
      <trkpt lat="59.97218568809330463409423828125" lon="30.314931459724903106689453125">
        <ele>-14.19999980926513671875</ele>
        <time>2025-07-18T07:26:57.000Z</time>
        <extensions>
          <ns3:TrackPointExtension>
            <ns3:atemp>29.0</ns3:atemp>
            <ns3:hr>142</ns3:hr>
          </ns3:TrackPointExtension>
        </extensions>
      </trkpt>
      <trkpt lat="59.972152747213840484619140625" lon="30.31489633955061435699462890625">
        <ele>-14.3999996185302734375</ele>
        <time>2025-07-18T07:26:58.000Z</time>
        <extensions>
          <ns3:TrackPointExtension>
            <ns3:atemp>29.0</ns3:atemp>
            <ns3:hr>143</ns3:hr>
          </ns3:TrackPointExtension>
        </extensions>
      </trkpt>
      <trkpt lat="59.9720654077827930450439453125" lon="30.31484202481806278228759765625">
        <ele>-15</ele>
        <time>2025-07-18T07:27:00.000Z</time>
        <extensions>
          <ns3:TrackPointExtension>
            <ns3:atemp>29.0</ns3:atemp>
            <ns3:hr>144</ns3:hr>
          </ns3:TrackPointExtension>
        </extensions>
      </trkpt>
      <trkpt lat="59.971983432769775390625" lon="30.31480799429118633270263671875">
        <ele>-15.19999980926513671875</ele>
        <time>2025-07-18T07:27:02.000Z</time>
        <extensions>
          <ns3:TrackPointExtension>
            <ns3:atemp>29.0</ns3:atemp>
            <ns3:hr>149</ns3:hr>
          </ns3:TrackPointExtension>
        </extensions>
      </trkpt>
      <trkpt lat="59.97193758375942707061767578125" lon="30.31480371952056884765625">
        <ele>-15.6000003814697265625</ele>
        <time>2025-07-18T07:27:03.000Z</time>
        <extensions>
          <ns3:TrackPointExtension>
            <ns3:atemp>29.0</ns3:atemp>
            <ns3:hr>149</ns3:hr>
          </ns3:TrackPointExtension>
        </extensions>
      </trkpt>
      <trkpt lat="59.97185326181352138519287109375" lon="30.31482023186981678009033203125">
        <ele>-16.200000762939453125</ele>
        <time>2025-07-18T07:27:05.000Z</time>
        <extensions>
          <ns3:TrackPointExtension>
            <ns3:atemp>29.0</ns3:atemp>
            <ns3:hr>149</ns3:hr>
          </ns3:TrackPointExtension>
        </extensions>
      </trkpt>
      <trkpt lat="59.97180297039449214935302734375" lon="30.31483900733292102813720703125">
        <ele>-16.799999237060546875</ele>
        <time>2025-07-18T07:27:07.000Z</time>
        <extensions>
          <ns3:TrackPointExtension>
            <ns3:atemp>29.0</ns3:atemp>
            <ns3:hr>150</ns3:hr>
          </ns3:TrackPointExtension>
        </extensions>
      </trkpt>
      <trkpt lat="59.97176173143088817596435546875" lon="30.3148370794951915740966796875">
        <ele>-17</ele>
        <time>2025-07-18T07:27:09.000Z</time>
        <extensions>
          <ns3:TrackPointExtension>
            <ns3:atemp>29.0</ns3:atemp>
            <ns3:hr>150</ns3:hr>
          </ns3:TrackPointExtension>
        </extensions>
      </trkpt>
      <trkpt lat="59.9717217497527599334716796875" lon="30.31483062542974948883056640625">
        <ele>-17.200000762939453125</ele>
        <time>2025-07-18T07:27:11.000Z</time>
        <extensions>
          <ns3:TrackPointExtension>
            <ns3:atemp>29.0</ns3:atemp>
            <ns3:hr>150</ns3:hr>
          </ns3:TrackPointExtension>
        </extensions>
      </trkpt>
      <trkpt lat="59.9716414511203765869140625" lon="30.31480313278734683990478515625">
        <ele>-17.6000003814697265625</ele>
        <time>2025-07-18T07:27:14.000Z</time>
        <extensions>
          <ns3:TrackPointExtension>
            <ns3:atemp>29.0</ns3:atemp>
            <ns3:hr>148</ns3:hr>
          </ns3:TrackPointExtension>
        </extensions>
      </trkpt>
      <trkpt lat="59.97144229710102081298828125" lon="30.31476759351789951324462890625">
        <ele>-17.3999996185302734375</ele>
        <time>2025-07-18T07:27:20.000Z</time>
        <extensions>
          <ns3:TrackPointExtension>
            <ns3:atemp>29.0</ns3:atemp>
            <ns3:hr>151</ns3:hr>
          </ns3:TrackPointExtension>
        </extensions>
      </trkpt>
      <trkpt lat="59.971167035400867462158203125" lon="30.31461797654628753662109375">
        <ele>-15.6000003814697265625</ele>
        <time>2025-07-18T07:27:26.000Z</time>
        <extensions>
          <ns3:TrackPointExtension>
            <ns3:atemp>29.0</ns3:atemp>
            <ns3:hr>150</ns3:hr>
          </ns3:TrackPointExtension>
        </extensions>
      </trkpt>
      <trkpt lat="59.9710408039391040802001953125" lon="30.3144602291285991668701171875">
        <ele>-14.6000003814697265625</ele>
        <time>2025-07-18T07:27:30.000Z</time>
        <extensions>
          <ns3:TrackPointExtension>
            <ns3:atemp>29.0</ns3:atemp>
            <ns3:hr>148</ns3:hr>
          </ns3:TrackPointExtension>
        </extensions>
      </trkpt>
      <trkpt lat="59.97103862464427947998046875" lon="30.31438956968486309051513671875">
        <ele>-14.19999980926513671875</ele>
        <time>2025-07-18T07:27:31.000Z</time>
        <extensions>
          <ns3:TrackPointExtension>
            <ns3:atemp>29.0</ns3:atemp>
            <ns3:hr>148</ns3:hr>
          </ns3:TrackPointExtension>
        </extensions>
      </trkpt>
      <trkpt lat="59.97098389081656932830810546875" lon="30.3142895735800266265869140625">
        <ele>-13.80000019073486328125</ele>
        <time>2025-07-18T07:27:33.000Z</time>
        <extensions>
          <ns3:TrackPointExtension>
            <ns3:atemp>29.0</ns3:atemp>
            <ns3:hr>148</ns3:hr>
          </ns3:TrackPointExtension>
        </extensions>
      </trkpt>
      <trkpt lat="59.97085891664028167724609375" lon="30.31421908177435398101806640625">
        <ele>-13.6000003814697265625</ele>
        <time>2025-07-18T07:27:36.000Z</time>
        <extensions>
          <ns3:TrackPointExtension>
            <ns3:atemp>29.0</ns3:atemp>
            <ns3:hr>148</ns3:hr>
          </ns3:TrackPointExtension>
        </extensions>
      </trkpt>
      <trkpt lat="59.9708118103444576263427734375" lon="30.31420223414897918701171875">
        <ele>-13.3999996185302734375</ele>
        <time>2025-07-18T07:27:37.000Z</time>
        <extensions>
          <ns3:TrackPointExtension>
            <ns3:atemp>29.0</ns3:atemp>
            <ns3:hr>148</ns3:hr>
          </ns3:TrackPointExtension>
        </extensions>
      </trkpt>
      <trkpt lat="59.97065749950706958770751953125" lon="30.31416602432727813720703125">
        <ele>-13</ele>
        <time>2025-07-18T07:27:40.000Z</time>
        <extensions>
          <ns3:TrackPointExtension>
            <ns3:atemp>29.0</ns3:atemp>
            <ns3:hr>148</ns3:hr>
          </ns3:TrackPointExtension>
        </extensions>
      </trkpt>
      <trkpt lat="59.97055037878453731536865234375" lon="30.314142890274524688720703125">
        <ele>-12.80000019073486328125</ele>
        <time>2025-07-18T07:27:42.000Z</time>
        <extensions>
          <ns3:TrackPointExtension>
            <ns3:atemp>29.0</ns3:atemp>
            <ns3:hr>149</ns3:hr>
          </ns3:TrackPointExtension>
        </extensions>
      </trkpt>
      <trkpt lat="59.970493800938129425048828125" lon="30.3141433931887149810791015625">
        <ele>-12.6000003814697265625</ele>
        <time>2025-07-18T07:27:43.000Z</time>
        <extensions>
          <ns3:TrackPointExtension>
            <ns3:atemp>29.0</ns3:atemp>
            <ns3:hr>149</ns3:hr>
          </ns3:TrackPointExtension>
        </extensions>
      </trkpt>
      <trkpt lat="59.97039011679589748382568359375" lon="30.31412369571626186370849609375">
        <ele>-12.19999980926513671875</ele>
        <time>2025-07-18T07:27:45.000Z</time>
        <extensions>
          <ns3:TrackPointExtension>
            <ns3:atemp>29.0</ns3:atemp>
            <ns3:hr>149</ns3:hr>
          </ns3:TrackPointExtension>
        </extensions>
      </trkpt>
      <trkpt lat="59.9702827446162700653076171875" lon="30.3141078539192676544189453125">
        <ele>-12.19999980926513671875</ele>
        <time>2025-07-18T07:27:47.000Z</time>
        <extensions>
          <ns3:TrackPointExtension>
            <ns3:atemp>29.0</ns3:atemp>
            <ns3:hr>150</ns3:hr>
          </ns3:TrackPointExtension>
        </extensions>
      </trkpt>
      <trkpt lat="59.9699618853628635406494140625" lon="30.31407843343913555145263671875">
        <ele>-11.6000003814697265625</ele>
        <time>2025-07-18T07:27:53.000Z</time>
        <extensions>
          <ns3:TrackPointExtension>
            <ns3:atemp>29.0</ns3:atemp>
            <ns3:hr>150</ns3:hr>
          </ns3:TrackPointExtension>
        </extensions>
      </trkpt>
      <trkpt lat="59.96974320150911808013916015625" lon="30.31410056166350841522216796875">
        <ele>-11.3999996185302734375</ele>
        <time>2025-07-18T07:27:57.000Z</time>
        <extensions>
          <ns3:TrackPointExtension>
            <ns3:atemp>29.0</ns3:atemp>
            <ns3:hr>147</ns3:hr>
          </ns3:TrackPointExtension>
        </extensions>
      </trkpt>
      <trkpt lat="59.96963582932949066162109375" lon="30.3141148947179317474365234375">
        <ele>-11.6000003814697265625</ele>
        <time>2025-07-18T07:27:59.000Z</time>
        <extensions>
          <ns3:TrackPointExtension>
            <ns3:atemp>29.0</ns3:atemp>
            <ns3:hr>146</ns3:hr>
          </ns3:TrackPointExtension>
        </extensions>
      </trkpt>
      <trkpt lat="59.969196952879428863525390625" lon="30.31411916948854923248291015625">
        <ele>-11.3999996185302734375</ele>
        <time>2025-07-18T07:28:08.000Z</time>
        <extensions>
          <ns3:TrackPointExtension>
            <ns3:atemp>29.0</ns3:atemp>
            <ns3:hr>147</ns3:hr>
          </ns3:TrackPointExtension>
        </extensions>
      </trkpt>
      <trkpt lat="59.968875758349895477294921875" lon="30.31409100629389286041259765625">
        <ele>-11.6000003814697265625</ele>
        <time>2025-07-18T07:28:14.000Z</time>
        <extensions>
          <ns3:TrackPointExtension>
            <ns3:atemp>29.0</ns3:atemp>
            <ns3:hr>145</ns3:hr>
          </ns3:TrackPointExtension>
        </extensions>
      </trkpt>
      <trkpt lat="59.96863226406276226043701171875" lon="30.314100645482540130615234375">
        <ele>-11.19999980926513671875</ele>
        <time>2025-07-18T07:28:19.000Z</time>
        <extensions>
          <ns3:TrackPointExtension>
            <ns3:atemp>29.0</ns3:atemp>
            <ns3:hr>147</ns3:hr>
          </ns3:TrackPointExtension>
        </extensions>
      </trkpt>
      <trkpt lat="59.96848088689148426055908203125" lon="30.31410777010023593902587890625">
        <ele>-10.3999996185302734375</ele>
        <time>2025-07-18T07:28:22.000Z</time>
        <extensions>
          <ns3:TrackPointExtension>
            <ns3:atemp>30.0</ns3:atemp>
            <ns3:hr>148</ns3:hr>
          </ns3:TrackPointExtension>
        </extensions>
      </trkpt>
      <trkpt lat="59.9683034420013427734375" lon="30.31410827301442623138427734375">
        <ele>-10.19999980926513671875</ele>
        <time>2025-07-18T07:28:26.000Z</time>
        <extensions>
          <ns3:TrackPointExtension>
            <ns3:atemp>30.0</ns3:atemp>
            <ns3:hr>149</ns3:hr>
          </ns3:TrackPointExtension>
        </extensions>
      </trkpt>
      <trkpt lat="59.96828667819499969482421875" lon="30.3140969574451446533203125">
        <ele>-10.19999980926513671875</ele>
        <time>2025-07-18T07:28:27.000Z</time>
        <extensions>
          <ns3:TrackPointExtension>
            <ns3:atemp>30.0</ns3:atemp>
            <ns3:hr>149</ns3:hr>
          </ns3:TrackPointExtension>
        </extensions>
      </trkpt>
      <trkpt lat="59.96817260049283504486083984375" lon="30.31404398381710052490234375">
        <ele>-9.19999980926513671875</ele>
        <time>2025-07-18T07:28:34.000Z</time>
        <extensions>
          <ns3:TrackPointExtension>
            <ns3:atemp>30.0</ns3:atemp>
            <ns3:hr>151</ns3:hr>
          </ns3:TrackPointExtension>
        </extensions>
      </trkpt>
      <trkpt lat="59.96801937930285930633544921875" lon="30.3140015713870525360107421875">
        <ele>-9</ele>
        <time>2025-07-18T07:28:39.000Z</time>
        <extensions>
          <ns3:TrackPointExtension>
            <ns3:atemp>30.0</ns3:atemp>
            <ns3:hr>150</ns3:hr>
          </ns3:TrackPointExtension>
        </extensions>
      </trkpt>
      <trkpt lat="59.96790471486747264862060546875" lon="30.313955135643482208251953125">
        <ele>-8.3999996185302734375</ele>
        <time>2025-07-18T07:28:43.000Z</time>
        <extensions>
          <ns3:TrackPointExtension>
            <ns3:atemp>30.0</ns3:atemp>
            <ns3:hr>150</ns3:hr>
          </ns3:TrackPointExtension>
        </extensions>
      </trkpt>
      <trkpt lat="59.96774042956531047821044921875" lon="30.31391364522278308868408203125">
        <ele>-9</ele>
        <time>2025-07-18T07:28:47.000Z</time>
        <extensions>
          <ns3:TrackPointExtension>
            <ns3:atemp>30.0</ns3:atemp>
            <ns3:hr>150</ns3:hr>
          </ns3:TrackPointExtension>
        </extensions>
      </trkpt>
      <trkpt lat="59.96769248507916927337646484375" lon="30.3138899244368076324462890625">
        <ele>-9.19999980926513671875</ele>
        <time>2025-07-18T07:28:48.000Z</time>
        <extensions>
          <ns3:TrackPointExtension>
            <ns3:atemp>30.0</ns3:atemp>
            <ns3:hr>151</ns3:hr>
          </ns3:TrackPointExtension>
        </extensions>
      </trkpt>
      <trkpt lat="59.96754563413560390472412109375" lon="30.31378674320876598358154296875">
        <ele>-10.19999980926513671875</ele>
        <time>2025-07-18T07:28:51.000Z</time>
        <extensions>
          <ns3:TrackPointExtension>
            <ns3:atemp>30.0</ns3:atemp>
            <ns3:hr>150</ns3:hr>
          </ns3:TrackPointExtension>
        </extensions>
      </trkpt>
      <trkpt lat="59.96729937382042407989501953125" lon="30.31359605491161346435546875">
        <ele>-11</ele>
        <time>2025-07-18T07:28:56.000Z</time>
        <extensions>
          <ns3:TrackPointExtension>
            <ns3:atemp>30.0</ns3:atemp>
            <ns3:hr>144</ns3:hr>
          </ns3:TrackPointExtension>
        </extensions>
      </trkpt>
      <trkpt lat="59.96725461445748805999755859375" lon="30.31355850398540496826171875">
        <ele>-11</ele>
        <time>2025-07-18T07:28:57.000Z</time>
        <extensions>
          <ns3:TrackPointExtension>
            <ns3:atemp>30.0</ns3:atemp>
            <ns3:hr>140</ns3:hr>
          </ns3:TrackPointExtension>
        </extensions>
      </trkpt>
      <trkpt lat="59.96721505187451839447021484375" lon="30.313520617783069610595703125">
        <ele>-10.80000019073486328125</ele>
        <time>2025-07-18T07:28:58.000Z</time>
        <extensions>
          <ns3:TrackPointExtension>
            <ns3:atemp>30.0</ns3:atemp>
            <ns3:hr>134</ns3:hr>
          </ns3:TrackPointExtension>
        </extensions>
      </trkpt>
      <trkpt lat="59.96717716567218303680419921875" lon="30.313477031886577606201171875">
        <ele>-10.19999980926513671875</ele>
        <time>2025-07-18T07:28:59.000Z</time>
        <extensions>
          <ns3:TrackPointExtension>
            <ns3:atemp>30.0</ns3:atemp>
            <ns3:hr>128</ns3:hr>
          </ns3:TrackPointExtension>
        </extensions>
      </trkpt>
      <trkpt lat="59.96713391505181789398193359375" lon="30.3134332783520221710205078125">
        <ele>-9.80000019073486328125</ele>
        <time>2025-07-18T07:29:00.000Z</time>
        <extensions>
          <ns3:TrackPointExtension>
            <ns3:atemp>30.0</ns3:atemp>
            <ns3:hr>123</ns3:hr>
          </ns3:TrackPointExtension>
        </extensions>
      </trkpt>
      <trkpt lat="59.96710156090557575225830078125" lon="30.3133888542652130126953125">
        <ele>-9.6000003814697265625</ele>
        <time>2025-07-18T07:29:01.000Z</time>
        <extensions>
          <ns3:TrackPointExtension>
            <ns3:atemp>30.0</ns3:atemp>
            <ns3:hr>118</ns3:hr>
          </ns3:TrackPointExtension>
        </extensions>
      </trkpt>
      <trkpt lat="59.9670657701790332794189453125" lon="30.3133534826338291168212890625">
        <ele>-9.6000003814697265625</ele>
        <time>2025-07-18T07:29:02.000Z</time>
        <extensions>
          <ns3:TrackPointExtension>
            <ns3:atemp>30.0</ns3:atemp>
            <ns3:hr>114</ns3:hr>
          </ns3:TrackPointExtension>
        </extensions>
      </trkpt>
      <trkpt lat="59.9670265428721904754638671875" lon="30.3133243136107921600341796875">
        <ele>-9.3999996185302734375</ele>
        <time>2025-07-18T07:29:03.000Z</time>
        <extensions>
          <ns3:TrackPointExtension>
            <ns3:atemp>30.0</ns3:atemp>
            <ns3:hr>115</ns3:hr>
          </ns3:TrackPointExtension>
        </extensions>
      </trkpt>
      <trkpt lat="59.96675203554332256317138671875" lon="30.31321509741246700286865234375">
        <ele>-9.3999996185302734375</ele>
        <time>2025-07-18T07:29:08.000Z</time>
        <extensions>
          <ns3:TrackPointExtension>
            <ns3:atemp>30.0</ns3:atemp>
            <ns3:hr>117</ns3:hr>
          </ns3:TrackPointExtension>
        </extensions>
      </trkpt>
      <trkpt lat="59.9666791968047618865966796875" lon="30.31314368359744548797607421875">
        <ele>-9.19999980926513671875</ele>
        <time>2025-07-18T07:29:10.000Z</time>
        <extensions>
          <ns3:TrackPointExtension>
            <ns3:atemp>30.0</ns3:atemp>
            <ns3:hr>117</ns3:hr>
          </ns3:TrackPointExtension>
        </extensions>
      </trkpt>
      <trkpt lat="59.9666081182658672332763671875" lon="30.3131447732448577880859375">
        <ele>-9.19999980926513671875</ele>
        <time>2025-07-18T07:29:11.000Z</time>
        <extensions>
          <ns3:TrackPointExtension>
            <ns3:atemp>30.0</ns3:atemp>
            <ns3:hr>120</ns3:hr>
          </ns3:TrackPointExtension>
        </extensions>
      </trkpt>
      <trkpt lat="59.966567717492580413818359375" lon="30.31313044019043445587158203125">
        <ele>-9</ele>
        <time>2025-07-18T07:29:12.000Z</time>
        <extensions>
          <ns3:TrackPointExtension>
            <ns3:atemp>30.0</ns3:atemp>
            <ns3:hr>125</ns3:hr>
          </ns3:TrackPointExtension>
        </extensions>
      </trkpt>
      <trkpt lat="59.96651767753064632415771484375" lon="30.3131315298378467559814453125">
        <ele>-9</ele>
        <time>2025-07-18T07:29:13.000Z</time>
        <extensions>
          <ns3:TrackPointExtension>
            <ns3:atemp>30.0</ns3:atemp>
            <ns3:hr>130</ns3:hr>
          </ns3:TrackPointExtension>
        </extensions>
      </trkpt>
      <trkpt lat="59.96649018488824367523193359375" lon="30.31312205828726291656494140625">
        <ele>-9</ele>
        <time>2025-07-18T07:29:14.000Z</time>
        <extensions>
          <ns3:TrackPointExtension>
            <ns3:atemp>30.0</ns3:atemp>
            <ns3:hr>136</ns3:hr>
          </ns3:TrackPointExtension>
        </extensions>
      </trkpt>
      <trkpt lat="59.96644374914467334747314453125" lon="30.3131402470171451568603515625">
        <ele>-9</ele>
        <time>2025-07-18T07:29:15.000Z</time>
        <extensions>
          <ns3:TrackPointExtension>
            <ns3:atemp>30.0</ns3:atemp>
            <ns3:hr>140</ns3:hr>
          </ns3:TrackPointExtension>
        </extensions>
      </trkpt>
      <trkpt lat="59.9664173461496829986572265625" lon="30.31314284540712833404541015625">
        <ele>-9</ele>
        <time>2025-07-18T07:29:16.000Z</time>
        <extensions>
          <ns3:TrackPointExtension>
            <ns3:atemp>30.0</ns3:atemp>
            <ns3:hr>145</ns3:hr>
          </ns3:TrackPointExtension>
        </extensions>
      </trkpt>
      <trkpt lat="59.96637694537639617919921875" lon="30.31317603774368762969970703125">
        <ele>-8.80000019073486328125</ele>
        <time>2025-07-18T07:29:17.000Z</time>
        <extensions>
          <ns3:TrackPointExtension>
            <ns3:atemp>30.0</ns3:atemp>
            <ns3:hr>150</ns3:hr>
          </ns3:TrackPointExtension>
        </extensions>
      </trkpt>
      <trkpt lat="59.96636093594133853912353515625" lon="30.3131667338311672210693359375">
        <ele>-8.6000003814697265625</ele>
        <time>2025-07-18T07:29:18.000Z</time>
        <extensions>
          <ns3:TrackPointExtension>
            <ns3:atemp>30.0</ns3:atemp>
            <ns3:hr>156</ns3:hr>
          </ns3:TrackPointExtension>
        </extensions>
      </trkpt>
      <trkpt lat="59.96634668670594692230224609375" lon="30.3131409175693988800048828125">
        <ele>-8.6000003814697265625</ele>
        <time>2025-07-18T07:29:19.000Z</time>
        <extensions>
          <ns3:TrackPointExtension>
            <ns3:atemp>30.0</ns3:atemp>
            <ns3:hr>159</ns3:hr>
          </ns3:TrackPointExtension>
        </extensions>
      </trkpt>
      <trkpt lat="59.966330341994762420654296875" lon="30.31312130391597747802734375">
        <ele>-8.6000003814697265625</ele>
        <time>2025-07-18T07:29:20.000Z</time>
        <extensions>
          <ns3:TrackPointExtension>
            <ns3:atemp>30.0</ns3:atemp>
            <ns3:hr>159</ns3:hr>
          </ns3:TrackPointExtension>
        </extensions>
      </trkpt>
      <trkpt lat="59.9663011729717254638671875" lon="30.3130879439413547515869140625">
        <ele>-8.6000003814697265625</ele>
        <time>2025-07-18T07:29:22.000Z</time>
        <extensions>
          <ns3:TrackPointExtension>
            <ns3:atemp>29.0</ns3:atemp>
            <ns3:hr>158</ns3:hr>
          </ns3:TrackPointExtension>
        </extensions>
      </trkpt>
      <trkpt lat="59.96626454405486583709716796875" lon="30.3130879439413547515869140625">
        <ele>-8.6000003814697265625</ele>
        <time>2025-07-18T07:29:25.000Z</time>
        <extensions>
          <ns3:TrackPointExtension>
            <ns3:atemp>29.0</ns3:atemp>
            <ns3:hr>156</ns3:hr>
          </ns3:TrackPointExtension>
        </extensions>
      </trkpt>
      <trkpt lat="59.96629170142114162445068359375" lon="30.3130849264562129974365234375">
        <ele>-8.80000019073486328125</ele>
        <time>2025-07-18T07:29:28.000Z</time>
        <extensions>
          <ns3:TrackPointExtension>
            <ns3:atemp>29.0</ns3:atemp>
            <ns3:hr>153</ns3:hr>
          </ns3:TrackPointExtension>
        </extensions>
      </trkpt>
      <trkpt lat="59.966280050575733184814453125" lon="30.3130924701690673828125">
        <ele>-9.3999996185302734375</ele>
        <time>2025-07-18T07:29:32.000Z</time>
        <extensions>
          <ns3:TrackPointExtension>
            <ns3:atemp>29.0</ns3:atemp>
            <ns3:hr>152</ns3:hr>
          </ns3:TrackPointExtension>
        </extensions>
      </trkpt>
      <trkpt lat="59.96626068837940692901611328125" lon="30.31309858895838260650634765625">
        <ele>-10.19999980926513671875</ele>
        <time>2025-07-18T07:29:39.000Z</time>
        <extensions>
          <ns3:TrackPointExtension>
            <ns3:atemp>29.0</ns3:atemp>
            <ns3:hr>152</ns3:hr>
          </ns3:TrackPointExtension>
        </extensions>
      </trkpt>
      <trkpt lat="59.96624685823917388916015625" lon="30.3130678273737430572509765625">
        <ele>-10.6000003814697265625</ele>
        <time>2025-07-18T07:29:48.000Z</time>
        <extensions>
          <ns3:TrackPointExtension>
            <ns3:atemp>29.0</ns3:atemp>
            <ns3:hr>150</ns3:hr>
          </ns3:TrackPointExtension>
        </extensions>
      </trkpt>
      <trkpt lat="59.9662450142204761505126953125" lon="30.3130638040602207183837890625">
        <ele>-10.80000019073486328125</ele>
        <time>2025-07-18T07:29:51.000Z</time>
        <extensions>
          <ns3:TrackPointExtension>
            <ns3:atemp>29.0</ns3:atemp>
            <ns3:hr>147</ns3:hr>
          </ns3:TrackPointExtension>
        </extensions>
      </trkpt>
      <trkpt lat="59.9662423320114612579345703125" lon="30.31305961310863494873046875">
        <ele>-11.3999996185302734375</ele>
        <time>2025-07-18T07:29:55.000Z</time>
        <extensions>
          <ns3:TrackPointExtension>
            <ns3:atemp>29.0</ns3:atemp>
            <ns3:hr>144</ns3:hr>
          </ns3:TrackPointExtension>
        </extensions>
      </trkpt>
      <trkpt lat="59.96623738668859004974365234375" lon="30.31305416487157344818115234375">
        <ele>-11.80000019073486328125</ele>
        <time>2025-07-18T07:30:00.000Z</time>
        <extensions>
          <ns3:TrackPointExtension>
            <ns3:atemp>29.0</ns3:atemp>
            <ns3:hr>141</ns3:hr>
          </ns3:TrackPointExtension>
        </extensions>
      </trkpt>
      <trkpt lat="59.96623344719409942626953125" lon="30.31304058618843555450439453125">
        <ele>-12.3999996185302734375</ele>
        <time>2025-07-18T07:30:04.000Z</time>
        <extensions>
          <ns3:TrackPointExtension>
            <ns3:atemp>29.0</ns3:atemp>
            <ns3:hr>138</ns3:hr>
          </ns3:TrackPointExtension>
        </extensions>
      </trkpt>
      <trkpt lat="59.96623252518475055694580078125" lon="30.31303622759878635406494140625">
        <ele>-12.3999996185302734375</ele>
        <time>2025-07-18T07:30:05.000Z</time>
        <extensions>
          <ns3:TrackPointExtension>
            <ns3:atemp>29.0</ns3:atemp>
            <ns3:hr>137</ns3:hr>
          </ns3:TrackPointExtension>
        </extensions>
      </trkpt>
      <trkpt lat="59.96622900478541851043701171875" lon="30.31301745213568210601806640625">
        <ele>-13</ele>
        <time>2025-07-18T07:30:11.000Z</time>
        <extensions>
          <ns3:TrackPointExtension>
            <ns3:atemp>29.0</ns3:atemp>
            <ns3:hr>134</ns3:hr>
          </ns3:TrackPointExtension>
        </extensions>
      </trkpt>
      <trkpt lat="59.96622716076672077178955078125" lon="30.3130106627941131591796875">
        <ele>-13.3999996185302734375</ele>
        <time>2025-07-18T07:30:15.000Z</time>
        <extensions>
          <ns3:TrackPointExtension>
            <ns3:atemp>29.0</ns3:atemp>
            <ns3:hr>135</ns3:hr>
          </ns3:TrackPointExtension>
        </extensions>
      </trkpt>
      <trkpt lat="59.9662233889102935791015625" lon="30.3130047954618930816650390625">
        <ele>-13.80000019073486328125</ele>
        <time>2025-07-18T07:30:22.000Z</time>
        <extensions>
          <ns3:TrackPointExtension>
            <ns3:atemp>29.0</ns3:atemp>
            <ns3:hr>136</ns3:hr>
          </ns3:TrackPointExtension>
        </extensions>
      </trkpt>
      <trkpt lat="59.966212995350360870361328125" lon="30.31300127506256103515625">
        <ele>-14.3999996185302734375</ele>
        <time>2025-07-18T07:30:26.000Z</time>
        <extensions>
          <ns3:TrackPointExtension>
            <ns3:atemp>29.0</ns3:atemp>
            <ns3:hr>137</ns3:hr>
          </ns3:TrackPointExtension>
        </extensions>
      </trkpt>
      <trkpt lat="59.9661970697343349456787109375" lon="30.31299280934035778045654296875">
        <ele>-14.6000003814697265625</ele>
        <time>2025-07-18T07:30:27.000Z</time>
        <extensions>
          <ns3:TrackPointExtension>
            <ns3:atemp>29.0</ns3:atemp>
            <ns3:hr>137</ns3:hr>
          </ns3:TrackPointExtension>
        </extensions>
      </trkpt>
      <trkpt lat="59.966176785528659820556640625" lon="30.31297554261982440948486328125">
        <ele>-14.6000003814697265625</ele>
        <time>2025-07-18T07:30:28.000Z</time>
        <extensions>
          <ns3:TrackPointExtension>
            <ns3:atemp>29.0</ns3:atemp>
            <ns3:hr>137</ns3:hr>
          </ns3:TrackPointExtension>
        </extensions>
      </trkpt>
      <trkpt lat="59.9660351313650608062744140625" lon="30.31280740164220333099365234375">
        <ele>-14.6000003814697265625</ele>
        <time>2025-07-18T07:30:34.000Z</time>
        <extensions>
          <ns3:TrackPointExtension>
            <ns3:atemp>29.0</ns3:atemp>
            <ns3:hr>137</ns3:hr>
          </ns3:TrackPointExtension>
        </extensions>
      </trkpt>
      <trkpt lat="59.96588065288960933685302734375" lon="30.31263976357877254486083984375">
        <ele>-13.6000003814697265625</ele>
        <time>2025-07-18T07:30:39.000Z</time>
        <extensions>
          <ns3:TrackPointExtension>
            <ns3:atemp>29.0</ns3:atemp>
            <ns3:hr>136</ns3:hr>
          </ns3:TrackPointExtension>
        </extensions>
      </trkpt>
      <trkpt lat="59.965859949588775634765625" lon="30.3125692717730998992919921875">
        <ele>-13.6000003814697265625</ele>
        <time>2025-07-18T07:30:40.000Z</time>
        <extensions>
          <ns3:TrackPointExtension>
            <ns3:atemp>29.0</ns3:atemp>
            <ns3:hr>137</ns3:hr>
          </ns3:TrackPointExtension>
        </extensions>
      </trkpt>
      <trkpt lat="59.96572961099445819854736328125" lon="30.312203653156757354736328125">
        <ele>-13</ele>
        <time>2025-07-18T07:30:45.000Z</time>
        <extensions>
          <ns3:TrackPointExtension>
            <ns3:atemp>29.0</ns3:atemp>
            <ns3:hr>140</ns3:hr>
          </ns3:TrackPointExtension>
        </extensions>
      </trkpt>
      <trkpt lat="59.9656763859093189239501953125" lon="30.31207381747663021087646484375">
        <ele>-12.6000003814697265625</ele>
        <time>2025-07-18T07:30:47.000Z</time>
        <extensions>
          <ns3:TrackPointExtension>
            <ns3:atemp>29.0</ns3:atemp>
            <ns3:hr>139</ns3:hr>
          </ns3:TrackPointExtension>
        </extensions>
      </trkpt>
      <trkpt lat="59.96566356159746646881103515625" lon="30.3119899146258831024169921875">
        <ele>-12.19999980926513671875</ele>
        <time>2025-07-18T07:30:48.000Z</time>
        <extensions>
          <ns3:TrackPointExtension>
            <ns3:atemp>29.0</ns3:atemp>
            <ns3:hr>138</ns3:hr>
          </ns3:TrackPointExtension>
        </extensions>
      </trkpt>
      <trkpt lat="59.96558276005089282989501953125" lon="30.311724878847599029541015625">
        <ele>-12</ele>
        <time>2025-07-18T07:30:51.000Z</time>
        <extensions>
          <ns3:TrackPointExtension>
            <ns3:atemp>29.0</ns3:atemp>
            <ns3:hr>137</ns3:hr>
          </ns3:TrackPointExtension>
        </extensions>
      </trkpt>
      <trkpt lat="59.96552274562418460845947265625" lon="30.31158800236880779266357421875">
        <ele>-12.19999980926513671875</ele>
        <time>2025-07-18T07:30:53.000Z</time>
        <extensions>
          <ns3:TrackPointExtension>
            <ns3:atemp>29.0</ns3:atemp>
            <ns3:hr>141</ns3:hr>
          </ns3:TrackPointExtension>
        </extensions>
      </trkpt>
      <trkpt lat="59.9654804170131683349609375" lon="30.3114699013531208038330078125">
        <ele>-12.3999996185302734375</ele>
        <time>2025-07-18T07:30:55.000Z</time>
        <extensions>
          <ns3:TrackPointExtension>
            <ns3:atemp>29.0</ns3:atemp>
            <ns3:hr>144</ns3:hr>
          </ns3:TrackPointExtension>
        </extensions>
      </trkpt>
      <trkpt lat="59.9654517509043216705322265625" lon="30.31140980310738086700439453125">
        <ele>-12.3999996185302734375</ele>
        <time>2025-07-18T07:30:56.000Z</time>
        <extensions>
          <ns3:TrackPointExtension>
            <ns3:atemp>29.0</ns3:atemp>
            <ns3:hr>145</ns3:hr>
          </ns3:TrackPointExtension>
        </extensions>
      </trkpt>
      <trkpt lat="59.96530313976109027862548828125" lon="30.31129430048167705535888671875">
        <ele>-11.80000019073486328125</ele>
        <time>2025-07-18T07:30:59.000Z</time>
        <extensions>
          <ns3:TrackPointExtension>
            <ns3:atemp>29.0</ns3:atemp>
            <ns3:hr>144</ns3:hr>
          </ns3:TrackPointExtension>
        </extensions>
      </trkpt>
      <trkpt lat="59.96516995131969451904296875" lon="30.3113015927374362945556640625">
        <ele>-11.3999996185302734375</ele>
        <time>2025-07-18T07:31:01.000Z</time>
        <extensions>
          <ns3:TrackPointExtension>
            <ns3:atemp>29.0</ns3:atemp>
            <ns3:hr>145</ns3:hr>
          </ns3:TrackPointExtension>
        </extensions>
      </trkpt>
      <trkpt lat="59.96512711979448795318603515625" lon="30.31127200461924076080322265625">
        <ele>-11.3999996185302734375</ele>
        <time>2025-07-18T07:31:02.000Z</time>
        <extensions>
          <ns3:TrackPointExtension>
            <ns3:atemp>29.0</ns3:atemp>
            <ns3:hr>145</ns3:hr>
          </ns3:TrackPointExtension>
        </extensions>
      </trkpt>
      <trkpt lat="59.9649350903928279876708984375" lon="30.31103831715881824493408203125">
        <ele>-11.3999996185302734375</ele>
        <time>2025-07-18T07:31:08.000Z</time>
        <extensions>
          <ns3:TrackPointExtension>
            <ns3:atemp>29.0</ns3:atemp>
            <ns3:hr>144</ns3:hr>
          </ns3:TrackPointExtension>
        </extensions>
      </trkpt>
      <trkpt lat="59.96487935073673725128173828125" lon="30.31093806959688663482666015625">
        <ele>-10.19999980926513671875</ele>
        <time>2025-07-18T07:31:11.000Z</time>
        <extensions>
          <ns3:TrackPointExtension>
            <ns3:atemp>29.0</ns3:atemp>
            <ns3:hr>142</ns3:hr>
          </ns3:TrackPointExtension>
        </extensions>
      </trkpt>
      <trkpt lat="59.96486476622521877288818359375" lon="30.310909487307071685791015625">
        <ele>-10</ele>
        <time>2025-07-18T07:31:12.000Z</time>
        <extensions>
          <ns3:TrackPointExtension>
            <ns3:atemp>29.0</ns3:atemp>
            <ns3:hr>142</ns3:hr>
          </ns3:TrackPointExtension>
        </extensions>
      </trkpt>
      <trkpt lat="59.96485051698982715606689453125" lon="30.31088995747268199920654296875">
        <ele>-10</ele>
        <time>2025-07-18T07:31:13.000Z</time>
        <extensions>
          <ns3:TrackPointExtension>
            <ns3:atemp>29.0</ns3:atemp>
            <ns3:hr>142</ns3:hr>
          </ns3:TrackPointExtension>
        </extensions>
      </trkpt>
      <trkpt lat="59.96483174152672290802001953125" lon="30.31088325195014476776123046875">
        <ele>-9.6000003814697265625</ele>
        <time>2025-07-18T07:31:16.000Z</time>
        <extensions>
          <ns3:TrackPointExtension>
            <ns3:atemp>29.0</ns3:atemp>
            <ns3:hr>142</ns3:hr>
          </ns3:TrackPointExtension>
        </extensions>
      </trkpt>
      <trkpt lat="59.9648086912930011749267578125" lon="30.310842096805572509765625">
        <ele>-10.3999996185302734375</ele>
        <time>2025-07-18T07:31:23.000Z</time>
        <extensions>
          <ns3:TrackPointExtension>
            <ns3:atemp>29.0</ns3:atemp>
            <ns3:hr>140</ns3:hr>
          </ns3:TrackPointExtension>
        </extensions>
      </trkpt>
      <trkpt lat="59.96479888446629047393798828125" lon="30.31083061359822750091552734375">
        <ele>-10.3999996185302734375</ele>
        <time>2025-07-18T07:31:24.000Z</time>
        <extensions>
          <ns3:TrackPointExtension>
            <ns3:atemp>29.0</ns3:atemp>
            <ns3:hr>140</ns3:hr>
          </ns3:TrackPointExtension>
        </extensions>
      </trkpt>
      <trkpt lat="59.96477038599550724029541015625" lon="30.31079557724297046661376953125">
        <ele>-10.3999996185302734375</ele>
        <time>2025-07-18T07:31:26.000Z</time>
        <extensions>
          <ns3:TrackPointExtension>
            <ns3:atemp>29.0</ns3:atemp>
            <ns3:hr>140</ns3:hr>
          </ns3:TrackPointExtension>
        </extensions>
      </trkpt>
      <trkpt lat="59.9647428095340728759765625" lon="30.3107547573745250701904296875">
        <ele>-10.19999980926513671875</ele>
        <time>2025-07-18T07:31:28.000Z</time>
        <extensions>
          <ns3:TrackPointExtension>
            <ns3:atemp>29.0</ns3:atemp>
            <ns3:hr>140</ns3:hr>
          </ns3:TrackPointExtension>
        </extensions>
      </trkpt>
      <trkpt lat="59.9646403826773166656494140625" lon="30.31055535189807415008544921875">
        <ele>-10.3999996185302734375</ele>
        <time>2025-07-18T07:31:33.000Z</time>
        <extensions>
          <ns3:TrackPointExtension>
            <ns3:atemp>29.0</ns3:atemp>
            <ns3:hr>140</ns3:hr>
          </ns3:TrackPointExtension>
        </extensions>
      </trkpt>
      <trkpt lat="59.96453166939318180084228515625" lon="30.31040598638355731964111328125">
        <ele>-9.80000019073486328125</ele>
        <time>2025-07-18T07:31:39.000Z</time>
        <extensions>
          <ns3:TrackPointExtension>
            <ns3:atemp>29.0</ns3:atemp>
            <ns3:hr>139</ns3:hr>
          </ns3:TrackPointExtension>
        </extensions>
      </trkpt>
      <trkpt lat="59.96445120312273502349853515625" lon="30.31019124202430248260498046875">
        <ele>-9</ele>
        <time>2025-07-18T07:31:44.000Z</time>
        <extensions>
          <ns3:TrackPointExtension>
            <ns3:atemp>29.0</ns3:atemp>
            <ns3:hr>138</ns3:hr>
          </ns3:TrackPointExtension>
        </extensions>
      </trkpt>
      <trkpt lat="59.96435045264661312103271484375" lon="30.3101076744496822357177734375">
        <ele>-8.3999996185302734375</ele>
        <time>2025-07-18T07:31:49.000Z</time>
        <extensions>
          <ns3:TrackPointExtension>
            <ns3:atemp>29.0</ns3:atemp>
            <ns3:hr>135</ns3:hr>
          </ns3:TrackPointExtension>
        </extensions>
      </trkpt>
      <trkpt lat="59.96432773768901824951171875" lon="30.31009132973849773406982421875">
        <ele>-8.3999996185302734375</ele>
        <time>2025-07-18T07:31:50.000Z</time>
        <extensions>
          <ns3:TrackPointExtension>
            <ns3:atemp>29.0</ns3:atemp>
            <ns3:hr>135</ns3:hr>
          </ns3:TrackPointExtension>
        </extensions>
      </trkpt>
      <trkpt lat="59.964229501783847808837890625" lon="30.30989217571914196014404296875">
        <ele>-8.3999996185302734375</ele>
        <time>2025-07-18T07:31:55.000Z</time>
        <extensions>
          <ns3:TrackPointExtension>
            <ns3:atemp>29.0</ns3:atemp>
            <ns3:hr>138</ns3:hr>
          </ns3:TrackPointExtension>
        </extensions>
      </trkpt>
      <trkpt lat="59.9641726724803447723388671875" lon="30.309815146028995513916015625">
        <ele>-8.3999996185302734375</ele>
        <time>2025-07-18T07:31:59.000Z</time>
        <extensions>
          <ns3:TrackPointExtension>
            <ns3:atemp>29.0</ns3:atemp>
            <ns3:hr>138</ns3:hr>
          </ns3:TrackPointExtension>
        </extensions>
      </trkpt>
      <trkpt lat="59.96411140076816082000732421875" lon="30.30973476357758045196533203125">
        <ele>-9.3999996185302734375</ele>
        <time>2025-07-18T07:32:04.000Z</time>
        <extensions>
          <ns3:TrackPointExtension>
            <ns3:atemp>29.0</ns3:atemp>
            <ns3:hr>139</ns3:hr>
          </ns3:TrackPointExtension>
        </extensions>
      </trkpt>
      <trkpt lat="59.96409128420054912567138671875" lon="30.30971062369644641876220703125">
        <ele>-9.80000019073486328125</ele>
        <time>2025-07-18T07:32:06.000Z</time>
        <extensions>
          <ns3:TrackPointExtension>
            <ns3:atemp>29.0</ns3:atemp>
            <ns3:hr>139</ns3:hr>
          </ns3:TrackPointExtension>
        </extensions>
      </trkpt>
      <trkpt lat="59.96405708603560924530029296875" lon="30.30969880521297454833984375">
        <ele>-10.19999980926513671875</ele>
        <time>2025-07-18T07:32:08.000Z</time>
        <extensions>
          <ns3:TrackPointExtension>
            <ns3:atemp>29.0</ns3:atemp>
            <ns3:hr>139</ns3:hr>
          </ns3:TrackPointExtension>
        </extensions>
      </trkpt>
      <trkpt lat="59.96402464807033538818359375" lon="30.30965832062065601348876953125">
        <ele>-11</ele>
        <time>2025-07-18T07:32:12.000Z</time>
        <extensions>
          <ns3:TrackPointExtension>
            <ns3:atemp>29.0</ns3:atemp>
            <ns3:hr>140</ns3:hr>
          </ns3:TrackPointExtension>
        </extensions>
      </trkpt>
      <trkpt lat="59.964029006659984588623046875" lon="30.30965387821197509765625">
        <ele>-11.19999980926513671875</ele>
        <time>2025-07-18T07:32:13.000Z</time>
        <extensions>
          <ns3:TrackPointExtension>
            <ns3:atemp>29.0</ns3:atemp>
            <ns3:hr>140</ns3:hr>
          </ns3:TrackPointExtension>
        </extensions>
      </trkpt>
      <trkpt lat="59.964020289480686187744140625" lon="30.30959294177591800689697265625">
        <ele>-11.80000019073486328125</ele>
        <time>2025-07-18T07:32:16.000Z</time>
        <extensions>
          <ns3:TrackPointExtension>
            <ns3:atemp>29.0</ns3:atemp>
            <ns3:hr>141</ns3:hr>
          </ns3:TrackPointExtension>
        </extensions>
      </trkpt>
      <trkpt lat="59.96398902498185634613037109375" lon="30.30956746079027652740478515625">
        <ele>-12</ele>
        <time>2025-07-18T07:32:18.000Z</time>
        <extensions>
          <ns3:TrackPointExtension>
            <ns3:atemp>29.0</ns3:atemp>
            <ns3:hr>141</ns3:hr>
          </ns3:TrackPointExtension>
        </extensions>
      </trkpt>
      <trkpt lat="59.9639783799648284912109375" lon="30.30953208915889263153076171875">
        <ele>-12.19999980926513671875</ele>
        <time>2025-07-18T07:32:19.000Z</time>
        <extensions>
          <ns3:TrackPointExtension>
            <ns3:atemp>29.0</ns3:atemp>
            <ns3:hr>142</ns3:hr>
          </ns3:TrackPointExtension>
        </extensions>
      </trkpt>
      <trkpt lat="59.9639086425304412841796875" lon="30.3094029240310192108154296875">
        <ele>-12.6000003814697265625</ele>
        <time>2025-07-18T07:32:22.000Z</time>
        <extensions>
          <ns3:TrackPointExtension>
            <ns3:atemp>29.0</ns3:atemp>
            <ns3:hr>142</ns3:hr>
          </ns3:TrackPointExtension>
        </extensions>
      </trkpt>
      <trkpt lat="59.9636898748576641082763671875" lon="30.30899447388947010040283203125">
        <ele>-12.3999996185302734375</ele>
        <time>2025-07-18T07:32:29.000Z</time>
        <extensions>
          <ns3:TrackPointExtension>
            <ns3:atemp>29.0</ns3:atemp>
            <ns3:hr>144</ns3:hr>
          </ns3:TrackPointExtension>
        </extensions>
      </trkpt>
      <trkpt lat="59.96363312937319278717041015625" lon="30.3088899515569210052490234375">
        <ele>-12.19999980926513671875</ele>
        <time>2025-07-18T07:32:31.000Z</time>
        <extensions>
          <ns3:TrackPointExtension>
            <ns3:atemp>29.0</ns3:atemp>
            <ns3:hr>147</ns3:hr>
          </ns3:TrackPointExtension>
        </extensions>
      </trkpt>
      <trkpt lat="59.96361116878688335418701171875" lon="30.30884762294590473175048828125">
        <ele>-12</ele>
        <time>2025-07-18T07:32:32.000Z</time>
        <extensions>
          <ns3:TrackPointExtension>
            <ns3:atemp>29.0</ns3:atemp>
            <ns3:hr>150</ns3:hr>
          </ns3:TrackPointExtension>
        </extensions>
      </trkpt>
      <trkpt lat="59.9635782279074192047119140625" lon="30.30880085192620754241943359375">
        <ele>-12</ele>
        <time>2025-07-18T07:32:34.000Z</time>
        <extensions>
          <ns3:TrackPointExtension>
            <ns3:atemp>29.0</ns3:atemp>
            <ns3:hr>151</ns3:hr>
          </ns3:TrackPointExtension>
        </extensions>
      </trkpt>
      <trkpt lat="59.96354721486568450927734375" lon="30.3088101558387279510498046875">
        <ele>-11.6000003814697265625</ele>
        <time>2025-07-18T07:32:38.000Z</time>
        <extensions>
          <ns3:TrackPointExtension>
            <ns3:atemp>29.0</ns3:atemp>
            <ns3:hr>148</ns3:hr>
          </ns3:TrackPointExtension>
        </extensions>
      </trkpt>
      <trkpt lat="59.963531456887722015380859375" lon="30.3087722696363925933837890625">
        <ele>-12.3999996185302734375</ele>
        <time>2025-07-18T07:32:44.000Z</time>
        <extensions>
          <ns3:TrackPointExtension>
            <ns3:atemp>29.0</ns3:atemp>
            <ns3:hr>145</ns3:hr>
          </ns3:TrackPointExtension>
        </extensions>
      </trkpt>
      <trkpt lat="59.9635292775928974151611328125" lon="30.30876682139933109283447265625">
        <ele>-13</ele>
        <time>2025-07-18T07:32:48.000Z</time>
        <extensions>
          <ns3:TrackPointExtension>
            <ns3:atemp>29.0</ns3:atemp>
            <ns3:hr>145</ns3:hr>
          </ns3:TrackPointExtension>
        </extensions>
      </trkpt>
      <trkpt lat="59.9635170400142669677734375" lon="30.3087441064417362213134765625">
        <ele>-13.19999980926513671875</ele>
        <time>2025-07-18T07:32:53.000Z</time>
        <extensions>
          <ns3:TrackPointExtension>
            <ns3:atemp>29.0</ns3:atemp>
            <ns3:hr>142</ns3:hr>
          </ns3:TrackPointExtension>
        </extensions>
      </trkpt>
      <trkpt lat="59.96348275803029537200927734375" lon="30.3086901269853115081787109375">
        <ele>-13.3999996185302734375</ele>
        <time>2025-07-18T07:32:55.000Z</time>
        <extensions>
          <ns3:TrackPointExtension>
            <ns3:atemp>29.0</ns3:atemp>
            <ns3:hr>141</ns3:hr>
          </ns3:TrackPointExtension>
        </extensions>
      </trkpt>
      <trkpt lat="59.96335233561694622039794921875" lon="30.308444537222385406494140625">
        <ele>-13</ele>
        <time>2025-07-18T07:33:00.000Z</time>
        <extensions>
          <ns3:TrackPointExtension>
            <ns3:atemp>29.0</ns3:atemp>
            <ns3:hr>140</ns3:hr>
          </ns3:TrackPointExtension>
        </extensions>
      </trkpt>
      <trkpt lat="59.96325946412980556488037109375" lon="30.30829592607915401458740234375">
        <ele>-12.80000019073486328125</ele>
        <time>2025-07-18T07:33:04.000Z</time>
        <extensions>
          <ns3:TrackPointExtension>
            <ns3:atemp>29.0</ns3:atemp>
            <ns3:hr>140</ns3:hr>
          </ns3:TrackPointExtension>
        </extensions>
      </trkpt>
      <trkpt lat="59.9630833603441715240478515625" lon="30.308001972734928131103515625">
        <ele>-12.19999980926513671875</ele>
        <time>2025-07-18T07:33:10.000Z</time>
        <extensions>
          <ns3:TrackPointExtension>
            <ns3:atemp>29.0</ns3:atemp>
            <ns3:hr>143</ns3:hr>
          </ns3:TrackPointExtension>
        </extensions>
      </trkpt>
      <trkpt lat="59.9629462324082851409912109375" lon="30.30784933827817440032958984375">
        <ele>-11.6000003814697265625</ele>
        <time>2025-07-18T07:33:14.000Z</time>
        <extensions>
          <ns3:TrackPointExtension>
            <ns3:atemp>29.0</ns3:atemp>
            <ns3:hr>140</ns3:hr>
          </ns3:TrackPointExtension>
        </extensions>
      </trkpt>
      <trkpt lat="59.96292402036488056182861328125" lon="30.30778932385146617889404296875">
        <ele>-11.6000003814697265625</ele>
        <time>2025-07-18T07:33:15.000Z</time>
        <extensions>
          <ns3:TrackPointExtension>
            <ns3:atemp>29.0</ns3:atemp>
            <ns3:hr>139</ns3:hr>
          </ns3:TrackPointExtension>
        </extensions>
      </trkpt>
      <trkpt lat="59.96274163015186786651611328125" lon="30.307470895349979400634765625">
        <ele>-11.3999996185302734375</ele>
        <time>2025-07-18T07:33:20.000Z</time>
        <extensions>
          <ns3:TrackPointExtension>
            <ns3:atemp>29.0</ns3:atemp>
            <ns3:hr>138</ns3:hr>
          </ns3:TrackPointExtension>
        </extensions>
      </trkpt>
      <trkpt lat="59.96256778948009014129638671875" lon="30.3071934543550014495849609375">
        <ele>-11.19999980926513671875</ele>
        <time>2025-07-18T07:33:24.000Z</time>
        <extensions>
          <ns3:TrackPointExtension>
            <ns3:atemp>29.0</ns3:atemp>
            <ns3:hr>138</ns3:hr>
          </ns3:TrackPointExtension>
        </extensions>
      </trkpt>
      <trkpt lat="59.96250743977725505828857421875" lon="30.3070186078548431396484375">
        <ele>-11.19999980926513671875</ele>
        <time>2025-07-18T07:33:26.000Z</time>
        <extensions>
          <ns3:TrackPointExtension>
            <ns3:atemp>29.0</ns3:atemp>
            <ns3:hr>141</ns3:hr>
          </ns3:TrackPointExtension>
        </extensions>
      </trkpt>
      <trkpt lat="59.96230803430080413818359375" lon="30.30656355433166027069091796875">
        <ele>-10.19999980926513671875</ele>
        <time>2025-07-18T07:33:32.000Z</time>
        <extensions>
          <ns3:TrackPointExtension>
            <ns3:atemp>29.0</ns3:atemp>
            <ns3:hr>144</ns3:hr>
          </ns3:TrackPointExtension>
        </extensions>
      </trkpt>
      <trkpt lat="59.9622243829071521759033203125" lon="30.3063448704779148101806640625">
        <ele>-9.6000003814697265625</ele>
        <time>2025-07-18T07:33:37.000Z</time>
        <extensions>
          <ns3:TrackPointExtension>
            <ns3:atemp>29.0</ns3:atemp>
            <ns3:hr>144</ns3:hr>
          </ns3:TrackPointExtension>
        </extensions>
      </trkpt>
      <trkpt lat="59.962094128131866455078125" lon="30.30614814721047878265380859375">
        <ele>-10</ele>
        <time>2025-07-18T07:33:42.000Z</time>
        <extensions>
          <ns3:TrackPointExtension>
            <ns3:atemp>29.0</ns3:atemp>
            <ns3:hr>143</ns3:hr>
          </ns3:TrackPointExtension>
        </extensions>
      </trkpt>
      <trkpt lat="59.9618897773325443267822265625" lon="30.305822007358074188232421875">
        <ele>-9.3999996185302734375</ele>
        <time>2025-07-18T07:33:48.000Z</time>
        <extensions>
          <ns3:TrackPointExtension>
            <ns3:atemp>28.0</ns3:atemp>
            <ns3:hr>143</ns3:hr>
          </ns3:TrackPointExtension>
        </extensions>
      </trkpt>
      <trkpt lat="59.96186002157628536224365234375" lon="30.3057645075023174285888671875">
        <ele>-9.19999980926513671875</ele>
        <time>2025-07-18T07:33:49.000Z</time>
        <extensions>
          <ns3:TrackPointExtension>
            <ns3:atemp>28.0</ns3:atemp>
            <ns3:hr>144</ns3:hr>
          </ns3:TrackPointExtension>
        </extensions>
      </trkpt>
      <trkpt lat="59.961834959685802459716796875" lon="30.3056997992098331451416015625">
        <ele>-8.80000019073486328125</ele>
        <time>2025-07-18T07:33:50.000Z</time>
        <extensions>
          <ns3:TrackPointExtension>
            <ns3:atemp>28.0</ns3:atemp>
            <ns3:hr>145</ns3:hr>
          </ns3:TrackPointExtension>
        </extensions>
      </trkpt>
      <trkpt lat="59.96174250729382038116455078125" lon="30.30542160384356975555419921875">
        <ele>-8.19999980926513671875</ele>
        <time>2025-07-18T07:33:54.000Z</time>
        <extensions>
          <ns3:TrackPointExtension>
            <ns3:atemp>28.0</ns3:atemp>
            <ns3:hr>146</ns3:hr>
          </ns3:TrackPointExtension>
        </extensions>
      </trkpt>
      <trkpt lat="59.96164443902671337127685546875" lon="30.3051938675343990325927734375">
        <ele>-8.19999980926513671875</ele>
        <time>2025-07-18T07:33:59.000Z</time>
        <extensions>
          <ns3:TrackPointExtension>
            <ns3:atemp>28.0</ns3:atemp>
            <ns3:hr>146</ns3:hr>
          </ns3:TrackPointExtension>
        </extensions>
      </trkpt>
      <trkpt lat="59.9615809880197048187255859375" lon="30.305095799267292022705078125">
        <ele>-8.6000003814697265625</ele>
        <time>2025-07-18T07:34:04.000Z</time>
        <extensions>
          <ns3:TrackPointExtension>
            <ns3:atemp>28.0</ns3:atemp>
            <ns3:hr>146</ns3:hr>
          </ns3:TrackPointExtension>
        </extensions>
      </trkpt>
      <trkpt lat="59.96152105741202831268310546875" lon="30.305002592504024505615234375">
        <ele>-8.6000003814697265625</ele>
        <time>2025-07-18T07:34:07.000Z</time>
        <extensions>
          <ns3:TrackPointExtension>
            <ns3:atemp>28.0</ns3:atemp>
            <ns3:hr>146</ns3:hr>
          </ns3:TrackPointExtension>
        </extensions>
      </trkpt>
      <trkpt lat="59.96140521951019763946533203125" lon="30.30485901050269603729248046875">
        <ele>-8.19999980926513671875</ele>
        <time>2025-07-18T07:34:11.000Z</time>
        <extensions>
          <ns3:TrackPointExtension>
            <ns3:atemp>28.0</ns3:atemp>
            <ns3:hr>143</ns3:hr>
          </ns3:TrackPointExtension>
        </extensions>
      </trkpt>
      <trkpt lat="59.9613325484097003936767578125" lon="30.30480201356112957000732421875">
        <ele>-7.599999904632568359375</ele>
        <time>2025-07-18T07:34:13.000Z</time>
        <extensions>
          <ns3:TrackPointExtension>
            <ns3:atemp>28.0</ns3:atemp>
            <ns3:hr>142</ns3:hr>
          </ns3:TrackPointExtension>
        </extensions>
      </trkpt>
      <trkpt lat="59.96122819371521472930908203125" lon="30.30457402579486370086669921875">
        <ele>-7.80000019073486328125</ele>
        <time>2025-07-18T07:34:17.000Z</time>
        <extensions>
          <ns3:TrackPointExtension>
            <ns3:atemp>28.0</ns3:atemp>
            <ns3:hr>144</ns3:hr>
          </ns3:TrackPointExtension>
        </extensions>
      </trkpt>
      <trkpt lat="59.9611379206180572509765625" lon="30.30437252484261989593505859375">
        <ele>-8.19999980926513671875</ele>
        <time>2025-07-18T07:34:21.000Z</time>
        <extensions>
          <ns3:TrackPointExtension>
            <ns3:atemp>28.0</ns3:atemp>
            <ns3:hr>145</ns3:hr>
          </ns3:TrackPointExtension>
        </extensions>
      </trkpt>
      <trkpt lat="59.9609986133873462677001953125" lon="30.30414470471441745758056640625">
        <ele>-7.400000095367431640625</ele>
        <time>2025-07-18T07:34:26.000Z</time>
        <extensions>
          <ns3:TrackPointExtension>
            <ns3:atemp>28.0</ns3:atemp>
            <ns3:hr>144</ns3:hr>
          </ns3:TrackPointExtension>
        </extensions>
      </trkpt>
      <trkpt lat="59.96085084043443202972412109375" lon="30.3039007075130939483642578125">
        <ele>-6.80000019073486328125</ele>
        <time>2025-07-18T07:34:31.000Z</time>
        <extensions>
          <ns3:TrackPointExtension>
            <ns3:atemp>28.0</ns3:atemp>
            <ns3:hr>144</ns3:hr>
          </ns3:TrackPointExtension>
        </extensions>
      </trkpt>
      <trkpt lat="59.96080155484378337860107421875" lon="30.303892828524112701416015625">
        <ele>-7.19999980926513671875</ele>
        <time>2025-07-18T07:34:32.000Z</time>
        <extensions>
          <ns3:TrackPointExtension>
            <ns3:atemp>28.0</ns3:atemp>
            <ns3:hr>145</ns3:hr>
          </ns3:TrackPointExtension>
        </extensions>
      </trkpt>
      <trkpt lat="59.9605961143970489501953125" lon="30.3038252703845500946044921875">
        <ele>-8.19999980926513671875</ele>
        <time>2025-07-18T07:34:38.000Z</time>
        <extensions>
          <ns3:TrackPointExtension>
            <ns3:atemp>28.0</ns3:atemp>
            <ns3:hr>147</ns3:hr>
          </ns3:TrackPointExtension>
        </extensions>
      </trkpt>
      <trkpt lat="59.96047968976199626922607421875" lon="30.30358227901160717010498046875">
        <ele>-8.3999996185302734375</ele>
        <time>2025-07-18T07:34:44.000Z</time>
        <extensions>
          <ns3:TrackPointExtension>
            <ns3:atemp>28.0</ns3:atemp>
            <ns3:hr>145</ns3:hr>
          </ns3:TrackPointExtension>
        </extensions>
      </trkpt>
      <trkpt lat="59.96045605279505252838134765625" lon="30.30348404310643672943115234375">
        <ele>-8.80000019073486328125</ele>
        <time>2025-07-18T07:34:46.000Z</time>
        <extensions>
          <ns3:TrackPointExtension>
            <ns3:atemp>28.0</ns3:atemp>
            <ns3:hr>144</ns3:hr>
          </ns3:TrackPointExtension>
        </extensions>
      </trkpt>
      <trkpt lat="59.96035211719572544097900390625" lon="30.303274579346179962158203125">
        <ele>-9</ele>
        <time>2025-07-18T07:34:50.000Z</time>
        <extensions>
          <ns3:TrackPointExtension>
            <ns3:atemp>28.0</ns3:atemp>
            <ns3:hr>141</ns3:hr>
          </ns3:TrackPointExtension>
        </extensions>
      </trkpt>
      <trkpt lat="59.960154555737972259521484375" lon="30.30316871590912342071533203125">
        <ele>-9.80000019073486328125</ele>
        <time>2025-07-18T07:34:54.000Z</time>
        <extensions>
          <ns3:TrackPointExtension>
            <ns3:atemp>28.0</ns3:atemp>
            <ns3:hr>141</ns3:hr>
          </ns3:TrackPointExtension>
        </extensions>
      </trkpt>
      <trkpt lat="59.96003729291260242462158203125" lon="30.30314625240862369537353515625">
        <ele>-10.3999996185302734375</ele>
        <time>2025-07-18T07:34:56.000Z</time>
        <extensions>
          <ns3:TrackPointExtension>
            <ns3:atemp>28.0</ns3:atemp>
            <ns3:hr>141</ns3:hr>
          </ns3:TrackPointExtension>
        </extensions>
      </trkpt>
      <trkpt lat="59.959891699254512786865234375" lon="30.3030487708747386932373046875">
        <ele>-11</ele>
        <time>2025-07-18T07:35:00.000Z</time>
        <extensions>
          <ns3:TrackPointExtension>
            <ns3:atemp>28.0</ns3:atemp>
            <ns3:hr>142</ns3:hr>
          </ns3:TrackPointExtension>
        </extensions>
      </trkpt>
      <trkpt lat="59.95987233705818653106689453125" lon="30.30298230238258838653564453125">
        <ele>-10.80000019073486328125</ele>
        <time>2025-07-18T07:35:02.000Z</time>
        <extensions>
          <ns3:TrackPointExtension>
            <ns3:atemp>28.0</ns3:atemp>
            <ns3:hr>141</ns3:hr>
          </ns3:TrackPointExtension>
        </extensions>
      </trkpt>
      <trkpt lat="59.95989915914833545684814453125" lon="30.302728079259395599365234375">
        <ele>-10.19999980926513671875</ele>
        <time>2025-07-18T07:35:07.000Z</time>
        <extensions>
          <ns3:TrackPointExtension>
            <ns3:atemp>28.0</ns3:atemp>
            <ns3:hr>140</ns3:hr>
          </ns3:TrackPointExtension>
        </extensions>
      </trkpt>
      <trkpt lat="59.9599267356097698211669921875" lon="30.302693881094455718994140625">
        <ele>-9.80000019073486328125</ele>
        <time>2025-07-18T07:35:16.000Z</time>
        <extensions>
          <ns3:TrackPointExtension>
            <ns3:atemp>28.0</ns3:atemp>
            <ns3:hr>139</ns3:hr>
          </ns3:TrackPointExtension>
        </extensions>
      </trkpt>
      <trkpt lat="59.95992757380008697509765625" lon="30.30258868820965290069580078125">
        <ele>-9.19999980926513671875</ele>
        <time>2025-07-18T07:35:23.000Z</time>
        <extensions>
          <ns3:TrackPointExtension>
            <ns3:atemp>28.0</ns3:atemp>
            <ns3:hr>141</ns3:hr>
          </ns3:TrackPointExtension>
        </extensions>
      </trkpt>
      <trkpt lat="59.959925226867198944091796875" lon="30.30256857164204120635986328125">
        <ele>-8.80000019073486328125</ele>
        <time>2025-07-18T07:35:26.000Z</time>
        <extensions>
          <ns3:TrackPointExtension>
            <ns3:atemp>28.0</ns3:atemp>
            <ns3:hr>141</ns3:hr>
          </ns3:TrackPointExtension>
        </extensions>
      </trkpt>
      <trkpt lat="59.9599336087703704833984375" lon="30.3025366365909576416015625">
        <ele>-9</ele>
        <time>2025-07-18T07:35:30.000Z</time>
        <extensions>
          <ns3:TrackPointExtension>
            <ns3:atemp>28.0</ns3:atemp>
            <ns3:hr>138</ns3:hr>
          </ns3:TrackPointExtension>
        </extensions>
      </trkpt>
      <trkpt lat="59.9599398113787174224853515625" lon="30.302517525851726531982421875">
        <ele>-9.80000019073486328125</ele>
        <time>2025-07-18T07:35:33.000Z</time>
        <extensions>
          <ns3:TrackPointExtension>
            <ns3:atemp>28.0</ns3:atemp>
            <ns3:hr>136</ns3:hr>
          </ns3:TrackPointExtension>
        </extensions>
      </trkpt>
      <trkpt lat="59.95994123630225658416748046875" lon="30.30250822193920612335205078125">
        <ele>-10.6000003814697265625</ele>
        <time>2025-07-18T07:35:37.000Z</time>
        <extensions>
          <ns3:TrackPointExtension>
            <ns3:atemp>28.0</ns3:atemp>
            <ns3:hr>133</ns3:hr>
          </ns3:TrackPointExtension>
        </extensions>
      </trkpt>
      <trkpt lat="59.9599404819309711456298828125" lon="30.30250553973019123077392578125">
        <ele>-10.80000019073486328125</ele>
        <time>2025-07-18T07:35:38.000Z</time>
        <extensions>
          <ns3:TrackPointExtension>
            <ns3:atemp>28.0</ns3:atemp>
            <ns3:hr>133</ns3:hr>
          </ns3:TrackPointExtension>
        </extensions>
      </trkpt>
      <trkpt lat="59.9599438346922397613525390625" lon="30.3024982474744319915771484375">
        <ele>-11.6000003814697265625</ele>
        <time>2025-07-18T07:35:43.000Z</time>
        <extensions>
          <ns3:TrackPointExtension>
            <ns3:atemp>28.0</ns3:atemp>
            <ns3:hr>132</ns3:hr>
          </ns3:TrackPointExtension>
        </extensions>
      </trkpt>
      <trkpt lat="59.95994391851127147674560546875" lon="30.30249707400798797607421875">
        <ele>-11.80000019073486328125</ele>
        <time>2025-07-18T07:35:45.000Z</time>
        <extensions>
          <ns3:TrackPointExtension>
            <ns3:atemp>28.0</ns3:atemp>
            <ns3:hr>132</ns3:hr>
          </ns3:TrackPointExtension>
        </extensions>
      </trkpt>
      <trkpt lat="59.9599445052444934844970703125" lon="30.302496068179607391357421875">
        <ele>-12.19999980926513671875</ele>
        <time>2025-07-18T07:35:49.000Z</time>
        <extensions>
          <ns3:TrackPointExtension>
            <ns3:atemp>28.0</ns3:atemp>
            <ns3:hr>128</ns3:hr>
          </ns3:TrackPointExtension>
        </extensions>
      </trkpt>
      <trkpt lat="59.95994442142546176910400390625" lon="30.3024955652654170989990234375">
        <ele>-12.3999996185302734375</ele>
        <time>2025-07-18T07:35:51.000Z</time>
        <extensions>
          <ns3:TrackPointExtension>
            <ns3:atemp>28.0</ns3:atemp>
            <ns3:hr>123</ns3:hr>
          </ns3:TrackPointExtension>
        </extensions>
      </trkpt>
      <trkpt lat="59.95994458906352519989013671875" lon="30.3024948947131633758544921875">
        <ele>-12.6000003814697265625</ele>
        <time>2025-07-18T07:35:53.000Z</time>
        <extensions>
          <ns3:TrackPointExtension>
            <ns3:atemp>28.0</ns3:atemp>
            <ns3:hr>119</ns3:hr>
          </ns3:TrackPointExtension>
        </extensions>
      </trkpt>
      <trkpt lat="59.959944672882556915283203125" lon="30.30249447561800479888916015625">
        <ele>-13</ele>
        <time>2025-07-18T07:35:55.000Z</time>
        <extensions>
          <ns3:TrackPointExtension>
            <ns3:atemp>28.0</ns3:atemp>
            <ns3:hr>122</ns3:hr>
          </ns3:TrackPointExtension>
        </extensions>
      </trkpt>
      <trkpt lat="59.9599394761025905609130859375" lon="30.30247704125940799713134765625">
        <ele>-13.3999996185302734375</ele>
        <time>2025-07-18T07:36:01.000Z</time>
        <extensions>
          <ns3:TrackPointExtension>
            <ns3:atemp>28.0</ns3:atemp>
            <ns3:hr>123</ns3:hr>
          </ns3:TrackPointExtension>
        </extensions>
      </trkpt>
      <trkpt lat="59.95993017219007015228271484375" lon="30.3024534881114959716796875">
        <ele>-13.6000003814697265625</ele>
        <time>2025-07-18T07:36:02.000Z</time>
        <extensions>
          <ns3:TrackPointExtension>
            <ns3:atemp>28.0</ns3:atemp>
            <ns3:hr>123</ns3:hr>
          </ns3:TrackPointExtension>
        </extensions>
      </trkpt>
      <trkpt lat="59.9598710797727108001708984375" lon="30.30235382728278636932373046875">
        <ele>-13.6000003814697265625</ele>
        <time>2025-07-18T07:36:05.000Z</time>
        <extensions>
          <ns3:TrackPointExtension>
            <ns3:atemp>28.0</ns3:atemp>
            <ns3:hr>123</ns3:hr>
          </ns3:TrackPointExtension>
        </extensions>
      </trkpt>
      <trkpt lat="59.95974426157772541046142578125" lon="30.30213455669581890106201171875">
        <ele>-13.6000003814697265625</ele>
        <time>2025-07-18T07:36:10.000Z</time>
        <extensions>
          <ns3:TrackPointExtension>
            <ns3:atemp>28.0</ns3:atemp>
            <ns3:hr>122</ns3:hr>
          </ns3:TrackPointExtension>
        </extensions>
      </trkpt>
      <trkpt lat="59.9595508910715579986572265625" lon="30.30202022753655910491943359375">
        <ele>-12.6000003814697265625</ele>
        <time>2025-07-18T07:36:16.000Z</time>
        <extensions>
          <ns3:TrackPointExtension>
            <ns3:atemp>28.0</ns3:atemp>
            <ns3:hr>125</ns3:hr>
          </ns3:TrackPointExtension>
        </extensions>
      </trkpt>
      <trkpt lat="59.9595284275710582733154296875" lon="30.301997177302837371826171875">
        <ele>-12.6000003814697265625</ele>
        <time>2025-07-18T07:36:17.000Z</time>
        <extensions>
          <ns3:TrackPointExtension>
            <ns3:atemp>28.0</ns3:atemp>
            <ns3:hr>127</ns3:hr>
          </ns3:TrackPointExtension>
        </extensions>
      </trkpt>
      <trkpt lat="59.95948366820812225341796875" lon="30.30198284424841403961181640625">
        <ele>-12.6000003814697265625</ele>
        <time>2025-07-18T07:36:19.000Z</time>
        <extensions>
          <ns3:TrackPointExtension>
            <ns3:atemp>28.0</ns3:atemp>
            <ns3:hr>131</ns3:hr>
          </ns3:TrackPointExtension>
        </extensions>
      </trkpt>
      <trkpt lat="59.95941082946956157684326171875" lon="30.30193372629582881927490234375">
        <ele>-13</ele>
        <time>2025-07-18T07:36:23.000Z</time>
        <extensions>
          <ns3:TrackPointExtension>
            <ns3:atemp>29.0</ns3:atemp>
            <ns3:hr>132</ns3:hr>
          </ns3:TrackPointExtension>
        </extensions>
      </trkpt>
      <trkpt lat="59.9593091569840908050537109375" lon="30.301776230335235595703125">
        <ele>-12.80000019073486328125</ele>
        <time>2025-07-18T07:36:28.000Z</time>
        <extensions>
          <ns3:TrackPointExtension>
            <ns3:atemp>29.0</ns3:atemp>
            <ns3:hr>133</ns3:hr>
          </ns3:TrackPointExtension>
        </extensions>
      </trkpt>
      <trkpt lat="59.9592172913253307342529296875" lon="30.3016640804708003997802734375">
        <ele>-13</ele>
        <time>2025-07-18T07:36:32.000Z</time>
        <extensions>
          <ns3:TrackPointExtension>
            <ns3:atemp>29.0</ns3:atemp>
            <ns3:hr>135</ns3:hr>
          </ns3:TrackPointExtension>
        </extensions>
      </trkpt>
      <trkpt lat="59.959127940237522125244140625" lon="30.30154631473124027252197265625">
        <ele>-13.19999980926513671875</ele>
        <time>2025-07-18T07:36:35.000Z</time>
        <extensions>
          <ns3:TrackPointExtension>
            <ns3:atemp>29.0</ns3:atemp>
            <ns3:hr>132</ns3:hr>
          </ns3:TrackPointExtension>
        </extensions>
      </trkpt>
      <trkpt lat="59.95910371653735637664794921875" lon="30.30149870552122592926025390625">
        <ele>-13.19999980926513671875</ele>
        <time>2025-07-18T07:36:36.000Z</time>
        <extensions>
          <ns3:TrackPointExtension>
            <ns3:atemp>29.0</ns3:atemp>
            <ns3:hr>136</ns3:hr>
          </ns3:TrackPointExtension>
        </extensions>
      </trkpt>
      <trkpt lat="59.959015958011150360107421875" lon="30.3013878129422664642333984375">
        <ele>-13.6000003814697265625</ele>
        <time>2025-07-18T07:36:39.000Z</time>
        <extensions>
          <ns3:TrackPointExtension>
            <ns3:atemp>29.0</ns3:atemp>
            <ns3:hr>134</ns3:hr>
          </ns3:TrackPointExtension>
        </extensions>
      </trkpt>
      <trkpt lat="59.958943538367748260498046875" lon="30.30121271498501300811767578125">
        <ele>-13.80000019073486328125</ele>
        <time>2025-07-18T07:36:43.000Z</time>
        <extensions>
          <ns3:TrackPointExtension>
            <ns3:atemp>29.0</ns3:atemp>
            <ns3:hr>135</ns3:hr>
          </ns3:TrackPointExtension>
        </extensions>
      </trkpt>
      <trkpt lat="59.9587800912559032440185546875" lon="30.30092471279203891754150390625">
        <ele>-13.19999980926513671875</ele>
        <time>2025-07-18T07:36:49.000Z</time>
        <extensions>
          <ns3:TrackPointExtension>
            <ns3:atemp>29.0</ns3:atemp>
            <ns3:hr>137</ns3:hr>
          </ns3:TrackPointExtension>
        </extensions>
      </trkpt>
      <trkpt lat="59.95862041600048542022705078125" lon="30.30075774528086185455322265625">
        <ele>-13.19999980926513671875</ele>
        <time>2025-07-18T07:36:54.000Z</time>
        <extensions>
          <ns3:TrackPointExtension>
            <ns3:atemp>29.0</ns3:atemp>
            <ns3:hr>139</ns3:hr>
          </ns3:TrackPointExtension>
        </extensions>
      </trkpt>
      <trkpt lat="59.95861404575407505035400390625" lon="30.30060477554798126220703125">
        <ele>-12</ele>
        <time>2025-07-18T07:36:58.000Z</time>
        <extensions>
          <ns3:TrackPointExtension>
            <ns3:atemp>29.0</ns3:atemp>
            <ns3:hr>137</ns3:hr>
          </ns3:TrackPointExtension>
        </extensions>
      </trkpt>
      <trkpt lat="59.9585953541100025177001953125" lon="30.3006139956414699554443359375">
        <ele>-11.6000003814697265625</ele>
        <time>2025-07-18T07:36:59.000Z</time>
        <extensions>
          <ns3:TrackPointExtension>
            <ns3:atemp>29.0</ns3:atemp>
            <ns3:hr>136</ns3:hr>
          </ns3:TrackPointExtension>
        </extensions>
      </trkpt>
      <trkpt lat="59.958564005792140960693359375" lon="30.3005543164908885955810546875">
        <ele>-11.3999996185302734375</ele>
        <time>2025-07-18T07:37:03.000Z</time>
        <extensions>
          <ns3:TrackPointExtension>
            <ns3:atemp>29.0</ns3:atemp>
            <ns3:hr>135</ns3:hr>
          </ns3:TrackPointExtension>
        </extensions>
      </trkpt>
      <trkpt lat="59.958537854254245758056640625" lon="30.30056110583245754241943359375">
        <ele>-11.80000019073486328125</ele>
        <time>2025-07-18T07:37:04.000Z</time>
        <extensions>
          <ns3:TrackPointExtension>
            <ns3:atemp>29.0</ns3:atemp>
            <ns3:hr>135</ns3:hr>
          </ns3:TrackPointExtension>
        </extensions>
      </trkpt>
      <trkpt lat="59.95840634219348430633544921875" lon="30.30043043196201324462890625">
        <ele>-12.3999996185302734375</ele>
        <time>2025-07-18T07:37:10.000Z</time>
        <extensions>
          <ns3:TrackPointExtension>
            <ns3:atemp>29.0</ns3:atemp>
            <ns3:hr>136</ns3:hr>
          </ns3:TrackPointExtension>
        </extensions>
      </trkpt>
      <trkpt lat="59.9583086930215358734130859375" lon="30.3003694117069244384765625">
        <ele>-12.6000003814697265625</ele>
        <time>2025-07-18T07:37:13.000Z</time>
        <extensions>
          <ns3:TrackPointExtension>
            <ns3:atemp>29.0</ns3:atemp>
            <ns3:hr>142</ns3:hr>
          </ns3:TrackPointExtension>
        </extensions>
      </trkpt>
      <trkpt lat="59.95827944017946720123291015625" lon="30.30033479444682598114013671875">
        <ele>-12.80000019073486328125</ele>
        <time>2025-07-18T07:37:14.000Z</time>
        <extensions>
          <ns3:TrackPointExtension>
            <ns3:atemp>29.0</ns3:atemp>
            <ns3:hr>144</ns3:hr>
          </ns3:TrackPointExtension>
        </extensions>
      </trkpt>
      <trkpt lat="59.95822495780885219573974609375" lon="30.3002706728875637054443359375">
        <ele>-12.80000019073486328125</ele>
        <time>2025-07-18T07:37:16.000Z</time>
        <extensions>
          <ns3:TrackPointExtension>
            <ns3:atemp>29.0</ns3:atemp>
            <ns3:hr>143</ns3:hr>
          </ns3:TrackPointExtension>
        </extensions>
      </trkpt>
      <trkpt lat="59.95819578878581523895263671875" lon="30.300201438367366790771484375">
        <ele>-12.3999996185302734375</ele>
        <time>2025-07-18T07:37:20.000Z</time>
        <extensions>
          <ns3:TrackPointExtension>
            <ns3:atemp>29.0</ns3:atemp>
            <ns3:hr>140</ns3:hr>
          </ns3:TrackPointExtension>
        </extensions>
      </trkpt>
      <trkpt lat="59.95819780044257640838623046875" lon="30.300177969038486480712890625">
        <ele>-12.19999980926513671875</ele>
        <time>2025-07-18T07:37:21.000Z</time>
        <extensions>
          <ns3:TrackPointExtension>
            <ns3:atemp>29.0</ns3:atemp>
            <ns3:hr>139</ns3:hr>
          </ns3:TrackPointExtension>
        </extensions>
      </trkpt>
      <trkpt lat="59.95823107659816741943359375" lon="30.299950651824474334716796875">
        <ele>-12.19999980926513671875</ele>
        <time>2025-07-18T07:37:25.000Z</time>
        <extensions>
          <ns3:TrackPointExtension>
            <ns3:atemp>29.0</ns3:atemp>
            <ns3:hr>138</ns3:hr>
          </ns3:TrackPointExtension>
        </extensions>
      </trkpt>
      <trkpt lat="59.95823753066360950469970703125" lon="30.29989290051162242889404296875">
        <ele>-12.19999980926513671875</ele>
        <time>2025-07-18T07:37:26.000Z</time>
        <extensions>
          <ns3:TrackPointExtension>
            <ns3:atemp>29.0</ns3:atemp>
            <ns3:hr>138</ns3:hr>
          </ns3:TrackPointExtension>
        </extensions>
      </trkpt>
      <trkpt lat="59.95819620788097381591796875" lon="30.299666337668895721435546875">
        <ele>-12.3999996185302734375</ele>
        <time>2025-07-18T07:37:30.000Z</time>
        <extensions>
          <ns3:TrackPointExtension>
            <ns3:atemp>29.0</ns3:atemp>
            <ns3:hr>137</ns3:hr>
          </ns3:TrackPointExtension>
        </extensions>
      </trkpt>
      <trkpt lat="59.95810844935476779937744140625" lon="30.299479924142360687255859375">
        <ele>-12.3999996185302734375</ele>
        <time>2025-07-18T07:37:34.000Z</time>
        <extensions>
          <ns3:TrackPointExtension>
            <ns3:atemp>29.0</ns3:atemp>
            <ns3:hr>140</ns3:hr>
          </ns3:TrackPointExtension>
        </extensions>
      </trkpt>
      <trkpt lat="59.9580448307096958160400390625" lon="30.29934288002550601959228515625">
        <ele>-12.3999996185302734375</ele>
        <time>2025-07-18T07:37:36.000Z</time>
        <extensions>
          <ns3:TrackPointExtension>
            <ns3:atemp>29.0</ns3:atemp>
            <ns3:hr>142</ns3:hr>
          </ns3:TrackPointExtension>
        </extensions>
      </trkpt>
      <trkpt lat="59.9579630233347415924072265625" lon="30.299119167029857635498046875">
        <ele>-12.6000003814697265625</ele>
        <time>2025-07-18T07:37:41.000Z</time>
        <extensions>
          <ns3:TrackPointExtension>
            <ns3:atemp>29.0</ns3:atemp>
            <ns3:hr>142</ns3:hr>
          </ns3:TrackPointExtension>
        </extensions>
      </trkpt>
      <trkpt lat="59.9579164199531078338623046875" lon="30.298956222832202911376953125">
        <ele>-12.19999980926513671875</ele>
        <time>2025-07-18T07:37:46.000Z</time>
        <extensions>
          <ns3:TrackPointExtension>
            <ns3:atemp>29.0</ns3:atemp>
            <ns3:hr>140</ns3:hr>
          </ns3:TrackPointExtension>
        </extensions>
      </trkpt>
      <trkpt lat="59.9579663760960102081298828125" lon="30.29894306324422359466552734375">
        <ele>-12.6000003814697265625</ele>
        <time>2025-07-18T07:37:54.000Z</time>
        <extensions>
          <ns3:TrackPointExtension>
            <ns3:atemp>29.0</ns3:atemp>
            <ns3:hr>143</ns3:hr>
          </ns3:TrackPointExtension>
        </extensions>
      </trkpt>
      <trkpt lat="59.95796629227697849273681640625" lon="30.29894859530031681060791015625">
        <ele>-13.3999996185302734375</ele>
        <time>2025-07-18T07:37:59.000Z</time>
        <extensions>
          <ns3:TrackPointExtension>
            <ns3:atemp>29.0</ns3:atemp>
            <ns3:hr>144</ns3:hr>
          </ns3:TrackPointExtension>
        </extensions>
      </trkpt>
      <trkpt lat="59.95796713046729564666748046875" lon="30.2989513613283634185791015625">
        <ele>-13.3999996185302734375</ele>
        <time>2025-07-18T07:38:06.000Z</time>
        <extensions>
          <ns3:TrackPointExtension>
            <ns3:atemp>29.0</ns3:atemp>
            <ns3:hr>141</ns3:hr>
          </ns3:TrackPointExtension>
        </extensions>
      </trkpt>
      <trkpt lat="59.9579677172005176544189453125" lon="30.2989520318806171417236328125">
        <ele>-13.19999980926513671875</ele>
        <time>2025-07-18T07:38:11.000Z</time>
        <extensions>
          <ns3:TrackPointExtension>
            <ns3:atemp>29.0</ns3:atemp>
            <ns3:hr>138</ns3:hr>
          </ns3:TrackPointExtension>
        </extensions>
      </trkpt>
      <trkpt lat="59.957967884838581085205078125" lon="30.2989520318806171417236328125">
        <ele>-13.19999980926513671875</ele>
        <time>2025-07-18T07:38:12.000Z</time>
        <extensions>
          <ns3:TrackPointExtension>
            <ns3:atemp>29.0</ns3:atemp>
            <ns3:hr>137</ns3:hr>
          </ns3:TrackPointExtension>
        </extensions>
      </trkpt>
      <trkpt lat="59.95796830393373966217041015625" lon="30.29895178042352199554443359375">
        <ele>-13.3999996185302734375</ele>
        <time>2025-07-18T07:38:15.000Z</time>
        <extensions>
          <ns3:TrackPointExtension>
            <ns3:atemp>29.0</ns3:atemp>
            <ns3:hr>134</ns3:hr>
          </ns3:TrackPointExtension>
        </extensions>
      </trkpt>
      <trkpt lat="59.95796880684792995452880859375" lon="30.29895110987126827239990234375">
        <ele>-13</ele>
        <time>2025-07-18T07:38:19.000Z</time>
        <extensions>
          <ns3:TrackPointExtension>
            <ns3:atemp>29.0</ns3:atemp>
            <ns3:hr>131</ns3:hr>
          </ns3:TrackPointExtension>
        </extensions>
      </trkpt>
      <trkpt lat="59.95795573107898235321044921875" lon="30.29891137965023517608642578125">
        <ele>-12.19999980926513671875</ele>
        <time>2025-07-18T07:38:26.000Z</time>
        <extensions>
          <ns3:TrackPointExtension>
            <ns3:atemp>29.0</ns3:atemp>
            <ns3:hr>129</ns3:hr>
          </ns3:TrackPointExtension>
        </extensions>
      </trkpt>
      <trkpt lat="59.95793796144425868988037109375" lon="30.29888472519814968109130859375">
        <ele>-12.19999980926513671875</ele>
        <time>2025-07-18T07:38:27.000Z</time>
        <extensions>
          <ns3:TrackPointExtension>
            <ns3:atemp>29.0</ns3:atemp>
            <ns3:hr>128</ns3:hr>
          </ns3:TrackPointExtension>
        </extensions>
      </trkpt>
      <trkpt lat="59.95785363949835300445556640625" lon="30.29875162057578563690185546875">
        <ele>-12.3999996185302734375</ele>
        <time>2025-07-18T07:38:31.000Z</time>
        <extensions>
          <ns3:TrackPointExtension>
            <ns3:atemp>29.0</ns3:atemp>
            <ns3:hr>129</ns3:hr>
          </ns3:TrackPointExtension>
        </extensions>
      </trkpt>
      <trkpt lat="59.95784894563257694244384765625" lon="30.2987438254058361053466796875">
        <ele>-12</ele>
        <time>2025-07-18T07:38:35.000Z</time>
        <extensions>
          <ns3:TrackPointExtension>
            <ns3:atemp>29.0</ns3:atemp>
            <ns3:hr>129</ns3:hr>
          </ns3:TrackPointExtension>
        </extensions>
      </trkpt>
      <trkpt lat="59.95781256817281246185302734375" lon="30.29873955063521862030029296875">
        <ele>-11.80000019073486328125</ele>
        <time>2025-07-18T07:38:37.000Z</time>
        <extensions>
          <ns3:TrackPointExtension>
            <ns3:atemp>29.0</ns3:atemp>
            <ns3:hr>131</ns3:hr>
          </ns3:TrackPointExtension>
        </extensions>
      </trkpt>
      <trkpt lat="59.95778256095945835113525390625" lon="30.29870987869799137115478515625">
        <ele>-11.6000003814697265625</ele>
        <time>2025-07-18T07:38:38.000Z</time>
        <extensions>
          <ns3:TrackPointExtension>
            <ns3:atemp>29.0</ns3:atemp>
            <ns3:hr>133</ns3:hr>
          </ns3:TrackPointExtension>
        </extensions>
      </trkpt>
      <trkpt lat="59.95774383656680583953857421875" lon="30.2986995689570903778076171875">
        <ele>-11.3999996185302734375</ele>
        <time>2025-07-18T07:38:39.000Z</time>
        <extensions>
          <ns3:TrackPointExtension>
            <ns3:atemp>29.0</ns3:atemp>
            <ns3:hr>133</ns3:hr>
          </ns3:TrackPointExtension>
        </extensions>
      </trkpt>
      <trkpt lat="59.95754183270037174224853515625" lon="30.29852472245693206787109375">
        <ele>-10.80000019073486328125</ele>
        <time>2025-07-18T07:38:44.000Z</time>
        <extensions>
          <ns3:TrackPointExtension>
            <ns3:atemp>29.0</ns3:atemp>
            <ns3:hr>133</ns3:hr>
          </ns3:TrackPointExtension>
        </extensions>
      </trkpt>
      <trkpt lat="59.957215525209903717041015625" lon="30.29807285405695438385009765625">
        <ele>-11</ele>
        <time>2025-07-18T07:38:51.000Z</time>
        <extensions>
          <ns3:TrackPointExtension>
            <ns3:atemp>29.0</ns3:atemp>
            <ns3:hr>133</ns3:hr>
          </ns3:TrackPointExtension>
        </extensions>
      </trkpt>
      <trkpt lat="59.95712064206600189208984375" lon="30.29793337918817996978759765625">
        <ele>-10.80000019073486328125</ele>
        <time>2025-07-18T07:38:53.000Z</time>
        <extensions>
          <ns3:TrackPointExtension>
            <ns3:atemp>29.0</ns3:atemp>
            <ns3:hr>139</ns3:hr>
          </ns3:TrackPointExtension>
        </extensions>
      </trkpt>
      <trkpt lat="59.95707563124597072601318359375" lon="30.29786867089569568634033203125">
        <ele>-10.6000003814697265625</ele>
        <time>2025-07-18T07:38:54.000Z</time>
        <extensions>
          <ns3:TrackPointExtension>
            <ns3:atemp>29.0</ns3:atemp>
            <ns3:hr>141</ns3:hr>
          </ns3:TrackPointExtension>
        </extensions>
      </trkpt>
      <trkpt lat="59.95698384940624237060546875" lon="30.29775870032608509063720703125">
        <ele>-9.6000003814697265625</ele>
        <time>2025-07-18T07:38:56.000Z</time>
        <extensions>
          <ns3:TrackPointExtension>
            <ns3:atemp>29.0</ns3:atemp>
            <ns3:hr>144</ns3:hr>
          </ns3:TrackPointExtension>
        </extensions>
      </trkpt>
      <trkpt lat="59.95694085024297237396240234375" lon="30.29770840890705585479736328125">
        <ele>-9.3999996185302734375</ele>
        <time>2025-07-18T07:38:57.000Z</time>
        <extensions>
          <ns3:TrackPointExtension>
            <ns3:atemp>29.0</ns3:atemp>
            <ns3:hr>144</ns3:hr>
          </ns3:TrackPointExtension>
        </extensions>
      </trkpt>
      <trkpt lat="59.95689642615616321563720703125" lon="30.29765124432742595672607421875">
        <ele>-9.19999980926513671875</ele>
        <time>2025-07-18T07:38:58.000Z</time>
        <extensions>
          <ns3:TrackPointExtension>
            <ns3:atemp>29.0</ns3:atemp>
            <ns3:hr>144</ns3:hr>
          </ns3:TrackPointExtension>
        </extensions>
      </trkpt>
      <trkpt lat="59.9568784050643444061279296875" lon="30.2975354902446269989013671875">
        <ele>-9.19999980926513671875</ele>
        <time>2025-07-18T07:38:59.000Z</time>
        <extensions>
          <ns3:TrackPointExtension>
            <ns3:atemp>29.0</ns3:atemp>
            <ns3:hr>144</ns3:hr>
          </ns3:TrackPointExtension>
        </extensions>
      </trkpt>
      <trkpt lat="59.95668436400592327117919921875" lon="30.29734480194747447967529296875">
        <ele>-8.80000019073486328125</ele>
        <time>2025-07-18T07:39:03.000Z</time>
        <extensions>
          <ns3:TrackPointExtension>
            <ns3:atemp>29.0</ns3:atemp>
            <ns3:hr>142</ns3:hr>
          </ns3:TrackPointExtension>
        </extensions>
      </trkpt>
      <trkpt lat="59.95634439401328563690185546875" lon="30.29687575064599514007568359375">
        <ele>-9.80000019073486328125</ele>
        <time>2025-07-18T07:39:11.000Z</time>
        <extensions>
          <ns3:TrackPointExtension>
            <ns3:atemp>29.0</ns3:atemp>
            <ns3:hr>144</ns3:hr>
          </ns3:TrackPointExtension>
        </extensions>
      </trkpt>
      <trkpt lat="59.95603300631046295166015625" lon="30.2964756824076175689697265625">
        <ele>-9.6000003814697265625</ele>
        <time>2025-07-18T07:39:18.000Z</time>
        <extensions>
          <ns3:TrackPointExtension>
            <ns3:atemp>29.0</ns3:atemp>
            <ns3:hr>145</ns3:hr>
          </ns3:TrackPointExtension>
        </extensions>
      </trkpt>
      <trkpt lat="59.95569312013685703277587890625" lon="30.29601878486573696136474609375">
        <ele>-9.3999996185302734375</ele>
        <time>2025-07-18T07:39:26.000Z</time>
        <extensions>
          <ns3:TrackPointExtension>
            <ns3:atemp>29.0</ns3:atemp>
            <ns3:hr>144</ns3:hr>
          </ns3:TrackPointExtension>
        </extensions>
      </trkpt>
      <trkpt lat="59.955510310828685760498046875" lon="30.29562064446508884429931640625">
        <ele>-9.6000003814697265625</ele>
        <time>2025-07-18T07:39:32.000Z</time>
        <extensions>
          <ns3:TrackPointExtension>
            <ns3:atemp>29.0</ns3:atemp>
            <ns3:hr>145</ns3:hr>
          </ns3:TrackPointExtension>
        </extensions>
      </trkpt>
      <trkpt lat="59.9554883502423763275146484375" lon="30.2955399267375469207763671875">
        <ele>-9.6000003814697265625</ele>
        <time>2025-07-18T07:39:33.000Z</time>
        <extensions>
          <ns3:TrackPointExtension>
            <ns3:atemp>29.0</ns3:atemp>
            <ns3:hr>145</ns3:hr>
          </ns3:TrackPointExtension>
        </extensions>
      </trkpt>
      <trkpt lat="59.95538164861500263214111328125" lon="30.295366086065769195556640625">
        <ele>-9.6000003814697265625</ele>
        <time>2025-07-18T07:39:36.000Z</time>
        <extensions>
          <ns3:TrackPointExtension>
            <ns3:atemp>29.0</ns3:atemp>
            <ns3:hr>143</ns3:hr>
          </ns3:TrackPointExtension>
        </extensions>
      </trkpt>
      <trkpt lat="59.955346025526523590087890625" lon="30.29531277716159820556640625">
        <ele>-9.6000003814697265625</ele>
        <time>2025-07-18T07:39:37.000Z</time>
        <extensions>
          <ns3:TrackPointExtension>
            <ns3:atemp>29.0</ns3:atemp>
            <ns3:hr>142</ns3:hr>
          </ns3:TrackPointExtension>
        </extensions>
      </trkpt>
      <trkpt lat="59.9552479572594165802001953125" lon="30.29510884545743465423583984375">
        <ele>-10.19999980926513671875</ele>
        <time>2025-07-18T07:39:40.000Z</time>
        <extensions>
          <ns3:TrackPointExtension>
            <ns3:atemp>29.0</ns3:atemp>
            <ns3:hr>142</ns3:hr>
          </ns3:TrackPointExtension>
        </extensions>
      </trkpt>
      <trkpt lat="59.955183751881122589111328125" lon="30.29498646967113018035888671875">
        <ele>-10</ele>
        <time>2025-07-18T07:39:42.000Z</time>
        <extensions>
          <ns3:TrackPointExtension>
            <ns3:atemp>29.0</ns3:atemp>
            <ns3:hr>142</ns3:hr>
          </ns3:TrackPointExtension>
        </extensions>
      </trkpt>
      <trkpt lat="59.95496959425508975982666015625" lon="30.2946340106427669525146484375">
        <ele>-9</ele>
        <time>2025-07-18T07:39:48.000Z</time>
        <extensions>
          <ns3:TrackPointExtension>
            <ns3:atemp>29.0</ns3:atemp>
            <ns3:hr>144</ns3:hr>
          </ns3:TrackPointExtension>
        </extensions>
      </trkpt>
      <trkpt lat="59.9548576958477497100830078125" lon="30.2943880856037139892578125">
        <ele>-8.80000019073486328125</ele>
        <time>2025-07-18T07:39:52.000Z</time>
        <extensions>
          <ns3:TrackPointExtension>
            <ns3:atemp>29.0</ns3:atemp>
            <ns3:hr>144</ns3:hr>
          </ns3:TrackPointExtension>
        </extensions>
      </trkpt>
      <trkpt lat="59.95479240082204341888427734375" lon="30.29430032707750797271728515625">
        <ele>-8</ele>
        <time>2025-07-18T07:39:54.000Z</time>
        <extensions>
          <ns3:TrackPointExtension>
            <ns3:atemp>29.0</ns3:atemp>
            <ns3:hr>144</ns3:hr>
          </ns3:TrackPointExtension>
        </extensions>
      </trkpt>
      <trkpt lat="59.95474127121269702911376953125" lon="30.294136963784694671630859375">
        <ele>-7.19999980926513671875</ele>
        <time>2025-07-18T07:39:58.000Z</time>
        <extensions>
          <ns3:TrackPointExtension>
            <ns3:atemp>29.0</ns3:atemp>
            <ns3:hr>143</ns3:hr>
          </ns3:TrackPointExtension>
        </extensions>
      </trkpt>
      <trkpt lat="59.9547393433749675750732421875" lon="30.2941036038100719451904296875">
        <ele>-7.599999904632568359375</ele>
        <time>2025-07-18T07:40:04.000Z</time>
        <extensions>
          <ns3:TrackPointExtension>
            <ns3:atemp>28.0</ns3:atemp>
            <ns3:hr>142</ns3:hr>
          </ns3:TrackPointExtension>
        </extensions>
      </trkpt>
      <trkpt lat="59.9547247588634490966796875" lon="30.29413335956633090972900390625">
        <ele>-9</ele>
        <time>2025-07-18T07:40:15.000Z</time>
        <extensions>
          <ns3:TrackPointExtension>
            <ns3:atemp>28.0</ns3:atemp>
            <ns3:hr>142</ns3:hr>
          </ns3:TrackPointExtension>
        </extensions>
      </trkpt>
      <trkpt lat="59.95471604168415069580078125" lon="30.2941408194601535797119140625">
        <ele>-9.80000019073486328125</ele>
        <time>2025-07-18T07:40:22.000Z</time>
        <extensions>
          <ns3:TrackPointExtension>
            <ns3:atemp>29.0</ns3:atemp>
            <ns3:hr>139</ns3:hr>
          </ns3:TrackPointExtension>
        </extensions>
      </trkpt>
      <trkpt lat="59.954709671437740325927734375" lon="30.2941280789673328399658203125">
        <ele>-10</ele>
        <time>2025-07-18T07:40:24.000Z</time>
        <extensions>
          <ns3:TrackPointExtension>
            <ns3:atemp>29.0</ns3:atemp>
            <ns3:hr>137</ns3:hr>
          </ns3:TrackPointExtension>
        </extensions>
      </trkpt>
      <trkpt lat="59.9546984396874904632568359375" lon="30.29410134069621562957763671875">
        <ele>-10</ele>
        <time>2025-07-18T07:40:25.000Z</time>
        <extensions>
          <ns3:TrackPointExtension>
            <ns3:atemp>29.0</ns3:atemp>
            <ns3:hr>135</ns3:hr>
          </ns3:TrackPointExtension>
        </extensions>
      </trkpt>
      <trkpt lat="59.95467589236795902252197265625" lon="30.29406982474029064178466796875">
        <ele>-10.19999980926513671875</ele>
        <time>2025-07-18T07:40:26.000Z</time>
        <extensions>
          <ns3:TrackPointExtension>
            <ns3:atemp>29.0</ns3:atemp>
            <ns3:hr>134</ns3:hr>
          </ns3:TrackPointExtension>
        </extensions>
      </trkpt>
      <trkpt lat="59.95455267839133739471435546875" lon="30.29384049586951732635498046875">
        <ele>-10</ele>
        <time>2025-07-18T07:40:30.000Z</time>
        <extensions>
          <ns3:TrackPointExtension>
            <ns3:atemp>29.0</ns3:atemp>
            <ns3:hr>133</ns3:hr>
          </ns3:TrackPointExtension>
        </extensions>
      </trkpt>
      <trkpt lat="59.95440582744777202606201171875" lon="30.293583087623119354248046875">
        <ele>-9</ele>
        <time>2025-07-18T07:40:34.000Z</time>
        <extensions>
          <ns3:TrackPointExtension>
            <ns3:atemp>29.0</ns3:atemp>
            <ns3:hr>134</ns3:hr>
          </ns3:TrackPointExtension>
        </extensions>
      </trkpt>
      <trkpt lat="59.954308010637760162353515625" lon="30.29334814287722110748291015625">
        <ele>-7.80000019073486328125</ele>
        <time>2025-07-18T07:40:37.000Z</time>
        <extensions>
          <ns3:TrackPointExtension>
            <ns3:atemp>29.0</ns3:atemp>
            <ns3:hr>134</ns3:hr>
          </ns3:TrackPointExtension>
        </extensions>
      </trkpt>
      <trkpt lat="59.95423181913793087005615234375" lon="30.29320715926587581634521484375">
        <ele>-7.599999904632568359375</ele>
        <time>2025-07-18T07:40:39.000Z</time>
        <extensions>
          <ns3:TrackPointExtension>
            <ns3:atemp>29.0</ns3:atemp>
            <ns3:hr>134</ns3:hr>
          </ns3:TrackPointExtension>
        </extensions>
      </trkpt>
      <trkpt lat="59.9541945196688175201416015625" lon="30.29313373379409313201904296875">
        <ele>-7.400000095367431640625</ele>
        <time>2025-07-18T07:40:40.000Z</time>
        <extensions>
          <ns3:TrackPointExtension>
            <ns3:atemp>29.0</ns3:atemp>
            <ns3:hr>137</ns3:hr>
          </ns3:TrackPointExtension>
        </extensions>
      </trkpt>
      <trkpt lat="59.95415470562875270843505859375" lon="30.2930642478168010711669921875">
        <ele>-7.400000095367431640625</ele>
        <time>2025-07-18T07:40:41.000Z</time>
        <extensions>
          <ns3:TrackPointExtension>
            <ns3:atemp>29.0</ns3:atemp>
            <ns3:hr>141</ns3:hr>
          </ns3:TrackPointExtension>
        </extensions>
      </trkpt>
      <trkpt lat="59.95411430485546588897705078125" lon="30.29299710877239704132080078125">
        <ele>-7.599999904632568359375</ele>
        <time>2025-07-18T07:40:42.000Z</time>
        <extensions>
          <ns3:TrackPointExtension>
            <ns3:atemp>29.0</ns3:atemp>
            <ns3:hr>144</ns3:hr>
          </ns3:TrackPointExtension>
        </extensions>
      </trkpt>
      <trkpt lat="59.95407440699636936187744140625" lon="30.29293231666088104248046875">
        <ele>-7.80000019073486328125</ele>
        <time>2025-07-18T07:40:43.000Z</time>
        <extensions>
          <ns3:TrackPointExtension>
            <ns3:atemp>29.0</ns3:atemp>
            <ns3:hr>144</ns3:hr>
          </ns3:TrackPointExtension>
        </extensions>
      </trkpt>
      <trkpt lat="59.9539484269917011260986328125" lon="30.29275638051331043243408203125">
        <ele>-8.6000003814697265625</ele>
        <time>2025-07-18T07:40:46.000Z</time>
        <extensions>
          <ns3:TrackPointExtension>
            <ns3:atemp>29.0</ns3:atemp>
            <ns3:hr>146</ns3:hr>
          </ns3:TrackPointExtension>
        </extensions>
      </trkpt>
      <trkpt lat="59.953909702599048614501953125" lon="30.29270022176206111907958984375">
        <ele>-9</ele>
        <time>2025-07-18T07:40:47.000Z</time>
        <extensions>
          <ns3:TrackPointExtension>
            <ns3:atemp>29.0</ns3:atemp>
            <ns3:hr>146</ns3:hr>
          </ns3:TrackPointExtension>
        </extensions>
      </trkpt>
      <trkpt lat="59.953730665147304534912109375" lon="30.29245731420814990997314453125">
        <ele>-9.19999980926513671875</ele>
        <time>2025-07-18T07:40:52.000Z</time>
        <extensions>
          <ns3:TrackPointExtension>
            <ns3:atemp>29.0</ns3:atemp>
            <ns3:hr>144</ns3:hr>
          </ns3:TrackPointExtension>
        </extensions>
      </trkpt>
      <trkpt lat="59.95351382531225681304931640625" lon="30.29218942858278751373291015625">
        <ele>-8.19999980926513671875</ele>
        <time>2025-07-18T07:40:58.000Z</time>
        <extensions>
          <ns3:TrackPointExtension>
            <ns3:atemp>29.0</ns3:atemp>
            <ns3:hr>143</ns3:hr>
          </ns3:TrackPointExtension>
        </extensions>
      </trkpt>
      <trkpt lat="59.95349136181175708770751953125" lon="30.29212572611868381500244140625">
        <ele>-7.80000019073486328125</ele>
        <time>2025-07-18T07:40:59.000Z</time>
        <extensions>
          <ns3:TrackPointExtension>
            <ns3:atemp>29.0</ns3:atemp>
            <ns3:hr>143</ns3:hr>
          </ns3:TrackPointExtension>
        </extensions>
      </trkpt>
      <trkpt lat="59.95333897881209850311279296875" lon="30.29197904281318187713623046875">
        <ele>-6.80000019073486328125</ele>
        <time>2025-07-18T07:41:03.000Z</time>
        <extensions>
          <ns3:TrackPointExtension>
            <ns3:atemp>29.0</ns3:atemp>
            <ns3:hr>144</ns3:hr>
          </ns3:TrackPointExtension>
        </extensions>
      </trkpt>
      <trkpt lat="59.9533103965222835540771484375" lon="30.29192120768129825592041015625">
        <ele>-6.599999904632568359375</ele>
        <time>2025-07-18T07:41:04.000Z</time>
        <extensions>
          <ns3:TrackPointExtension>
            <ns3:atemp>29.0</ns3:atemp>
            <ns3:hr>144</ns3:hr>
          </ns3:TrackPointExtension>
        </extensions>
      </trkpt>
      <trkpt lat="59.95315901935100555419921875" lon="30.29164678417146205902099609375">
        <ele>-6.400000095367431640625</ele>
        <time>2025-07-18T07:41:10.000Z</time>
        <extensions>
          <ns3:TrackPointExtension>
            <ns3:atemp>28.0</ns3:atemp>
            <ns3:hr>143</ns3:hr>
          </ns3:TrackPointExtension>
        </extensions>
      </trkpt>
      <trkpt lat="59.95290328748524188995361328125" lon="30.291336737573146820068359375">
        <ele>-6.19999980926513671875</ele>
        <time>2025-07-18T07:41:17.000Z</time>
        <extensions>
          <ns3:TrackPointExtension>
            <ns3:atemp>28.0</ns3:atemp>
            <ns3:hr>141</ns3:hr>
          </ns3:TrackPointExtension>
        </extensions>
      </trkpt>
      <trkpt lat="59.95281594805419445037841796875" lon="30.29124763794243335723876953125">
        <ele>-6.400000095367431640625</ele>
        <time>2025-07-18T07:41:21.000Z</time>
        <extensions>
          <ns3:TrackPointExtension>
            <ns3:atemp>28.0</ns3:atemp>
            <ns3:hr>142</ns3:hr>
          </ns3:TrackPointExtension>
        </extensions>
      </trkpt>
      <trkpt lat="59.95279558002948760986328125" lon="30.29110816307365894317626953125">
        <ele>-7</ele>
        <time>2025-07-18T07:41:26.000Z</time>
        <extensions>
          <ns3:TrackPointExtension>
            <ns3:atemp>28.0</ns3:atemp>
            <ns3:hr>139</ns3:hr>
          </ns3:TrackPointExtension>
        </extensions>
      </trkpt>
      <trkpt lat="59.95278879068791866302490234375" lon="30.291106067597866058349609375">
        <ele>-7.19999980926513671875</ele>
        <time>2025-07-18T07:41:27.000Z</time>
        <extensions>
          <ns3:TrackPointExtension>
            <ns3:atemp>28.0</ns3:atemp>
            <ns3:hr>138</ns3:hr>
          </ns3:TrackPointExtension>
        </extensions>
      </trkpt>
      <trkpt lat="59.95278342626988887786865234375" lon="30.29110665433108806610107421875">
        <ele>-7.80000019073486328125</ele>
        <time>2025-07-18T07:41:30.000Z</time>
        <extensions>
          <ns3:TrackPointExtension>
            <ns3:atemp>28.0</ns3:atemp>
            <ns3:hr>137</ns3:hr>
          </ns3:TrackPointExtension>
        </extensions>
      </trkpt>
      <trkpt lat="59.95278024114668369293212890625" lon="30.29110732488334178924560546875">
        <ele>-8.19999980926513671875</ele>
        <time>2025-07-18T07:41:32.000Z</time>
        <extensions>
          <ns3:TrackPointExtension>
            <ns3:atemp>28.0</ns3:atemp>
            <ns3:hr>137</ns3:hr>
          </ns3:TrackPointExtension>
        </extensions>
      </trkpt>
      <trkpt lat="59.9527799896895885467529296875" lon="30.29110497795045375823974609375">
        <ele>-8.3999996185302734375</ele>
        <time>2025-07-18T07:41:33.000Z</time>
        <extensions>
          <ns3:TrackPointExtension>
            <ns3:atemp>28.0</ns3:atemp>
            <ns3:hr>137</ns3:hr>
          </ns3:TrackPointExtension>
        </extensions>
      </trkpt>
      <trkpt lat="59.952784515917301177978515625" lon="30.29109257273375988006591796875">
        <ele>-8.80000019073486328125</ele>
        <time>2025-07-18T07:41:41.000Z</time>
        <extensions>
          <ns3:TrackPointExtension>
            <ns3:atemp>28.0</ns3:atemp>
            <ns3:hr>137</ns3:hr>
          </ns3:TrackPointExtension>
        </extensions>
      </trkpt>
      <trkpt lat="59.952785857021808624267578125" lon="30.29109173454344272613525390625">
        <ele>-9.3999996185302734375</ele>
        <time>2025-07-18T07:41:44.000Z</time>
        <extensions>
          <ns3:TrackPointExtension>
            <ns3:atemp>28.0</ns3:atemp>
            <ns3:hr>136</ns3:hr>
          </ns3:TrackPointExtension>
        </extensions>
      </trkpt>
      <trkpt lat="59.9527863599359989166259765625" lon="30.29109106399118900299072265625">
        <ele>-9.6000003814697265625</ele>
        <time>2025-07-18T07:41:48.000Z</time>
        <extensions>
          <ns3:TrackPointExtension>
            <ns3:atemp>28.0</ns3:atemp>
            <ns3:hr>133</ns3:hr>
          </ns3:TrackPointExtension>
        </extensions>
      </trkpt>
      <trkpt lat="59.9527877010405063629150390625" lon="30.2910888008773326873779296875">
        <ele>-9.80000019073486328125</ele>
        <time>2025-07-18T07:41:54.000Z</time>
        <extensions>
          <ns3:TrackPointExtension>
            <ns3:atemp>28.0</ns3:atemp>
            <ns3:hr>135</ns3:hr>
          </ns3:TrackPointExtension>
        </extensions>
      </trkpt>
      <trkpt lat="59.9527880363166332244873046875" lon="30.29108754359185695648193359375">
        <ele>-10.19999980926513671875</ele>
        <time>2025-07-18T07:41:58.000Z</time>
        <extensions>
          <ns3:TrackPointExtension>
            <ns3:atemp>28.0</ns3:atemp>
            <ns3:hr>132</ns3:hr>
          </ns3:TrackPointExtension>
        </extensions>
      </trkpt>
      <trkpt lat="59.95278895832598209381103515625" lon="30.29109307564795017242431640625">
        <ele>-10.19999980926513671875</ele>
        <time>2025-07-18T07:42:02.000Z</time>
        <extensions>
          <ns3:TrackPointExtension>
            <ns3:atemp>28.0</ns3:atemp>
            <ns3:hr>129</ns3:hr>
          </ns3:TrackPointExtension>
        </extensions>
      </trkpt>
      <trkpt lat="59.952781498432159423828125" lon="30.2910995297133922576904296875">
        <ele>-10.19999980926513671875</ele>
        <time>2025-07-18T07:42:03.000Z</time>
        <extensions>
          <ns3:TrackPointExtension>
            <ns3:atemp>28.0</ns3:atemp>
            <ns3:hr>128</ns3:hr>
          </ns3:TrackPointExtension>
        </extensions>
      </trkpt>
      <trkpt lat="59.952687285840511322021484375" lon="30.2911672554910182952880859375">
        <ele>-10.3999996185302734375</ele>
        <time>2025-07-18T07:42:09.000Z</time>
        <extensions>
          <ns3:TrackPointExtension>
            <ns3:atemp>28.0</ns3:atemp>
            <ns3:hr>128</ns3:hr>
          </ns3:TrackPointExtension>
        </extensions>
      </trkpt>
      <trkpt lat="59.952666498720645904541015625" lon="30.29115107841789722442626953125">
        <ele>-10.3999996185302734375</ele>
        <time>2025-07-18T07:42:10.000Z</time>
        <extensions>
          <ns3:TrackPointExtension>
            <ns3:atemp>28.0</ns3:atemp>
            <ns3:hr>128</ns3:hr>
          </ns3:TrackPointExtension>
        </extensions>
      </trkpt>
      <trkpt lat="59.9525898881256580352783203125" lon="30.29107849113643169403076171875">
        <ele>-10.3999996185302734375</ele>
        <time>2025-07-18T07:42:13.000Z</time>
        <extensions>
          <ns3:TrackPointExtension>
            <ns3:atemp>28.0</ns3:atemp>
            <ns3:hr>127</ns3:hr>
          </ns3:TrackPointExtension>
        </extensions>
      </trkpt>
      <trkpt lat="59.95257161557674407958984375" lon="30.291071198880672454833984375">
        <ele>-10.3999996185302734375</ele>
        <time>2025-07-18T07:42:14.000Z</time>
        <extensions>
          <ns3:TrackPointExtension>
            <ns3:atemp>28.0</ns3:atemp>
            <ns3:hr>127</ns3:hr>
          </ns3:TrackPointExtension>
        </extensions>
      </trkpt>
      <trkpt lat="59.9525335617363452911376953125" lon="30.29109257273375988006591796875">
        <ele>-10.3999996185302734375</ele>
        <time>2025-07-18T07:42:16.000Z</time>
        <extensions>
          <ns3:TrackPointExtension>
            <ns3:atemp>28.0</ns3:atemp>
            <ns3:hr>127</ns3:hr>
          </ns3:TrackPointExtension>
        </extensions>
      </trkpt>
      <trkpt lat="59.95235435664653778076171875" lon="30.29110497795045375823974609375">
        <ele>-10.6000003814697265625</ele>
        <time>2025-07-18T07:42:22.000Z</time>
        <extensions>
          <ns3:TrackPointExtension>
            <ns3:atemp>28.0</ns3:atemp>
            <ns3:hr>128</ns3:hr>
          </ns3:TrackPointExtension>
        </extensions>
      </trkpt>
      <trkpt lat="59.95229610241949558258056640625" lon="30.29112626798450946807861328125">
        <ele>-10.80000019073486328125</ele>
        <time>2025-07-18T07:42:26.000Z</time>
        <extensions>
          <ns3:TrackPointExtension>
            <ns3:atemp>28.0</ns3:atemp>
            <ns3:hr>129</ns3:hr>
          </ns3:TrackPointExtension>
        </extensions>
      </trkpt>
      <trkpt lat="59.952286295592784881591796875" lon="30.2911337278783321380615234375">
        <ele>-10.3999996185302734375</ele>
        <time>2025-07-18T07:42:32.000Z</time>
        <extensions>
          <ns3:TrackPointExtension>
            <ns3:atemp>29.0</ns3:atemp>
            <ns3:hr>127</ns3:hr>
          </ns3:TrackPointExtension>
        </extensions>
      </trkpt>
      <trkpt lat="59.952286966145038604736328125" lon="30.2911622263491153717041015625">
        <ele>-11</ele>
        <time>2025-07-18T07:42:35.000Z</time>
        <extensions>
          <ns3:TrackPointExtension>
            <ns3:atemp>29.0</ns3:atemp>
            <ns3:hr>126</ns3:hr>
          </ns3:TrackPointExtension>
        </extensions>
      </trkpt>
      <trkpt lat="59.9522965215146541595458984375" lon="30.29121008701622486114501953125">
        <ele>-12.19999980926513671875</ele>
        <time>2025-07-18T07:42:39.000Z</time>
        <extensions>
          <ns3:TrackPointExtension>
            <ns3:atemp>29.0</ns3:atemp>
            <ns3:hr>126</ns3:hr>
          </ns3:TrackPointExtension>
        </extensions>
      </trkpt>
      <trkpt lat="59.95229727588593959808349609375" lon="30.29122198931872844696044921875">
        <ele>-12.3999996185302734375</ele>
        <time>2025-07-18T07:42:40.000Z</time>
        <extensions>
          <ns3:TrackPointExtension>
            <ns3:atemp>29.0</ns3:atemp>
            <ns3:hr>125</ns3:hr>
          </ns3:TrackPointExtension>
        </extensions>
      </trkpt>
      <trkpt lat="59.95230146683752536773681640625" lon="30.2912445366382598876953125">
        <ele>-13.3999996185302734375</ele>
        <time>2025-07-18T07:42:42.000Z</time>
        <extensions>
          <ns3:TrackPointExtension>
            <ns3:atemp>29.0</ns3:atemp>
            <ns3:hr>125</ns3:hr>
          </ns3:TrackPointExtension>
        </extensions>
      </trkpt>
      <trkpt lat="59.95170903392136096954345703125" lon="30.29062335379421710968017578125">
        <ele>-15.3999996185302734375</ele>
        <time>2025-07-18T07:43:12.000Z</time>
        <extensions>
          <ns3:TrackPointExtension>
            <ns3:atemp>29.0</ns3:atemp>
            <ns3:hr>133</ns3:hr>
          </ns3:TrackPointExtension>
        </extensions>
      </trkpt>
      <trkpt lat="59.9517319165170192718505859375" lon="30.29121930710971355438232421875">
        <ele>-15.19999980926513671875</ele>
        <time>2025-07-18T07:43:13.000Z</time>
        <extensions>
          <ns3:TrackPointExtension>
            <ns3:atemp>29.0</ns3:atemp>
            <ns3:hr>133</ns3:hr>
          </ns3:TrackPointExtension>
        </extensions>
      </trkpt>
      <trkpt lat="59.9517205171287059783935546875" lon="30.29049125500023365020751953125">
        <ele>-14.6000003814697265625</ele>
        <time>2025-07-18T07:43:14.000Z</time>
        <extensions>
          <ns3:TrackPointExtension>
            <ns3:atemp>29.0</ns3:atemp>
            <ns3:hr>133</ns3:hr>
          </ns3:TrackPointExtension>
        </extensions>
      </trkpt>
      <trkpt lat="59.951772987842559814453125" lon="30.290516652166843414306640625">
        <ele>-13.6000003814697265625</ele>
        <time>2025-07-18T07:43:19.000Z</time>
        <extensions>
          <ns3:TrackPointExtension>
            <ns3:atemp>29.0</ns3:atemp>
            <ns3:hr>133</ns3:hr>
          </ns3:TrackPointExtension>
        </extensions>
      </trkpt>
      <trkpt lat="59.9517865665256977081298828125" lon="30.29057004489004611968994140625">
        <ele>-13.19999980926513671875</ele>
        <time>2025-07-18T07:43:23.000Z</time>
        <extensions>
          <ns3:TrackPointExtension>
            <ns3:atemp>29.0</ns3:atemp>
            <ns3:hr>136</ns3:hr>
          </ns3:TrackPointExtension>
        </extensions>
      </trkpt>
      <trkpt lat="59.9517778493463993072509765625" lon="30.29056618921458721160888671875">
        <ele>-13</ele>
        <time>2025-07-18T07:43:24.000Z</time>
        <extensions>
          <ns3:TrackPointExtension>
            <ns3:atemp>29.0</ns3:atemp>
            <ns3:hr>140</ns3:hr>
          </ns3:TrackPointExtension>
        </extensions>
      </trkpt>
      <trkpt lat="59.951789416372776031494140625" lon="30.29058882035315036773681640625">
        <ele>-12.80000019073486328125</ele>
        <time>2025-07-18T07:43:25.000Z</time>
        <extensions>
          <ns3:TrackPointExtension>
            <ns3:atemp>29.0</ns3:atemp>
            <ns3:hr>143</ns3:hr>
          </ns3:TrackPointExtension>
        </extensions>
      </trkpt>
      <trkpt lat="59.9517986364662647247314453125" lon="30.29060809873044490814208984375">
        <ele>-12.6000003814697265625</ele>
        <time>2025-07-18T07:43:26.000Z</time>
        <extensions>
          <ns3:TrackPointExtension>
            <ns3:atemp>29.0</ns3:atemp>
            <ns3:hr>145</ns3:hr>
          </ns3:TrackPointExtension>
        </extensions>
      </trkpt>
      <trkpt lat="59.95180408470332622528076171875" lon="30.2906170673668384552001953125">
        <ele>-12.3999996185302734375</ele>
        <time>2025-07-18T07:43:28.000Z</time>
        <extensions>
          <ns3:TrackPointExtension>
            <ns3:atemp>29.0</ns3:atemp>
            <ns3:hr>146</ns3:hr>
          </ns3:TrackPointExtension>
        </extensions>
      </trkpt>
      <trkpt lat="59.95179452933371067047119140625" lon="30.2905875630676746368408203125">
        <ele>-11.3999996185302734375</ele>
        <time>2025-07-18T07:43:32.000Z</time>
        <extensions>
          <ns3:TrackPointExtension>
            <ns3:atemp>29.0</ns3:atemp>
            <ns3:hr>148</ns3:hr>
          </ns3:TrackPointExtension>
        </extensions>
      </trkpt>
      <trkpt lat="59.9518013186752796173095703125" lon="30.29056669212877750396728515625">
        <ele>-11.19999980926513671875</ele>
        <time>2025-07-18T07:43:34.000Z</time>
        <extensions>
          <ns3:TrackPointExtension>
            <ns3:atemp>29.0</ns3:atemp>
            <ns3:hr>150</ns3:hr>
          </ns3:TrackPointExtension>
        </extensions>
      </trkpt>
      <trkpt lat="59.951810203492641448974609375" lon="30.29051321558654308319091796875">
        <ele>-11.3999996185302734375</ele>
        <time>2025-07-18T07:43:38.000Z</time>
        <extensions>
          <ns3:TrackPointExtension>
            <ns3:atemp>29.0</ns3:atemp>
            <ns3:hr>151</ns3:hr>
          </ns3:TrackPointExtension>
        </extensions>
      </trkpt>
      <trkpt lat="59.95181917212903499603271484375" lon="30.29044850729405879974365234375">
        <ele>-11.6000003814697265625</ele>
        <time>2025-07-18T07:43:40.000Z</time>
        <extensions>
          <ns3:TrackPointExtension>
            <ns3:atemp>29.0</ns3:atemp>
            <ns3:hr>151</ns3:hr>
          </ns3:TrackPointExtension>
        </extensions>
      </trkpt>
      <trkpt lat="59.9518371932208538055419921875" lon="30.2902764268219470977783203125">
        <ele>-12</ele>
        <time>2025-07-18T07:43:45.000Z</time>
        <extensions>
          <ns3:TrackPointExtension>
            <ns3:atemp>29.0</ns3:atemp>
            <ns3:hr>149</ns3:hr>
          </ns3:TrackPointExtension>
        </extensions>
      </trkpt>
      <trkpt lat="59.951887987554073333740234375" lon="30.29007936827838420867919921875">
        <ele>-12.3999996185302734375</ele>
        <time>2025-07-18T07:43:50.000Z</time>
        <extensions>
          <ns3:TrackPointExtension>
            <ns3:atemp>29.0</ns3:atemp>
            <ns3:hr>150</ns3:hr>
          </ns3:TrackPointExtension>
        </extensions>
      </trkpt>
      <trkpt lat="59.95187633670866489410400390625" lon="30.290040560066699981689453125">
        <ele>-12.3999996185302734375</ele>
        <time>2025-07-18T07:43:51.000Z</time>
        <extensions>
          <ns3:TrackPointExtension>
            <ns3:atemp>29.0</ns3:atemp>
            <ns3:hr>151</ns3:hr>
          </ns3:TrackPointExtension>
        </extensions>
      </trkpt>
      <trkpt lat="59.95174658484756946563720703125" lon="30.2898499555885791778564453125">
        <ele>-12.19999980926513671875</ele>
        <time>2025-07-18T07:43:55.000Z</time>
        <extensions>
          <ns3:TrackPointExtension>
            <ns3:atemp>29.0</ns3:atemp>
            <ns3:hr>150</ns3:hr>
          </ns3:TrackPointExtension>
        </extensions>
      </trkpt>
      <trkpt lat="59.951621778309345245361328125" lon="30.28966463170945644378662109375">
        <ele>-12</ele>
        <time>2025-07-18T07:43:58.000Z</time>
        <extensions>
          <ns3:TrackPointExtension>
            <ns3:atemp>29.0</ns3:atemp>
            <ns3:hr>153</ns3:hr>
          </ns3:TrackPointExtension>
        </extensions>
      </trkpt>
      <trkpt lat="59.95147920213639736175537109375" lon="30.28945751488208770751953125">
        <ele>-11.19999980926513671875</ele>
        <time>2025-07-18T07:44:01.000Z</time>
        <extensions>
          <ns3:TrackPointExtension>
            <ns3:atemp>29.0</ns3:atemp>
            <ns3:hr>156</ns3:hr>
          </ns3:TrackPointExtension>
        </extensions>
      </trkpt>
      <trkpt lat="59.95137409307062625885009765625" lon="30.28931535780429840087890625">
        <ele>-11</ele>
        <time>2025-07-18T07:44:03.000Z</time>
        <extensions>
          <ns3:TrackPointExtension>
            <ns3:atemp>29.0</ns3:atemp>
            <ns3:hr>157</ns3:hr>
          </ns3:TrackPointExtension>
        </extensions>
      </trkpt>
      <trkpt lat="59.95123210363090038299560546875" lon="30.28909969143569469451904296875">
        <ele>-10.19999980926513671875</ele>
        <time>2025-07-18T07:44:06.000Z</time>
        <extensions>
          <ns3:TrackPointExtension>
            <ns3:atemp>29.0</ns3:atemp>
            <ns3:hr>157</ns3:hr>
          </ns3:TrackPointExtension>
        </extensions>
      </trkpt>
      <trkpt lat="59.95118449442088603973388671875" lon="30.289026685059070587158203125">
        <ele>-10.19999980926513671875</ele>
        <time>2025-07-18T07:44:07.000Z</time>
        <extensions>
          <ns3:TrackPointExtension>
            <ns3:atemp>29.0</ns3:atemp>
            <ns3:hr>157</ns3:hr>
          </ns3:TrackPointExtension>
        </extensions>
      </trkpt>
      <trkpt lat="59.95095365680754184722900390625" lon="30.2886580489575862884521484375">
        <ele>-9</ele>
        <time>2025-07-18T07:44:12.000Z</time>
        <extensions>
          <ns3:TrackPointExtension>
            <ns3:atemp>29.0</ns3:atemp>
            <ns3:hr>155</ns3:hr>
          </ns3:TrackPointExtension>
        </extensions>
      </trkpt>
      <trkpt lat="59.95090303011238574981689453125" lon="30.28858722187578678131103515625">
        <ele>-9</ele>
        <time>2025-07-18T07:44:13.000Z</time>
        <extensions>
          <ns3:TrackPointExtension>
            <ns3:atemp>29.0</ns3:atemp>
            <ns3:hr>158</ns3:hr>
          </ns3:TrackPointExtension>
        </extensions>
      </trkpt>
      <trkpt lat="59.9508474580943584442138671875" lon="30.288521759212017059326171875">
        <ele>-8.80000019073486328125</ele>
        <time>2025-07-18T07:44:14.000Z</time>
        <extensions>
          <ns3:TrackPointExtension>
            <ns3:atemp>29.0</ns3:atemp>
            <ns3:hr>160</ns3:hr>
          </ns3:TrackPointExtension>
        </extensions>
      </trkpt>
      <trkpt lat="59.95072625577449798583984375" lon="30.2883780933916568756103515625">
        <ele>-9</ele>
        <time>2025-07-18T07:44:16.000Z</time>
        <extensions>
          <ns3:TrackPointExtension>
            <ns3:atemp>29.0</ns3:atemp>
            <ns3:hr>163</ns3:hr>
          </ns3:TrackPointExtension>
        </extensions>
      </trkpt>
      <trkpt lat="59.95048309676349163055419921875" lon="30.2880444936454296112060546875">
        <ele>-9.19999980926513671875</ele>
        <time>2025-07-18T07:44:20.000Z</time>
        <extensions>
          <ns3:TrackPointExtension>
            <ns3:atemp>29.0</ns3:atemp>
            <ns3:hr>164</ns3:hr>
          </ns3:TrackPointExtension>
        </extensions>
      </trkpt>
      <trkpt lat="59.95024345815181732177734375" lon="30.28769102878868579864501953125">
        <ele>-8.6000003814697265625</ele>
        <time>2025-07-18T07:44:24.000Z</time>
        <extensions>
          <ns3:TrackPointExtension>
            <ns3:atemp>28.0</ns3:atemp>
            <ns3:hr>167</ns3:hr>
          </ns3:TrackPointExtension>
        </extensions>
      </trkpt>
      <trkpt lat="59.95006777346134185791015625" lon="30.28748332522809505462646484375">
        <ele>-8.19999980926513671875</ele>
        <time>2025-07-18T07:44:27.000Z</time>
        <extensions>
          <ns3:TrackPointExtension>
            <ns3:atemp>28.0</ns3:atemp>
            <ns3:hr>169</ns3:hr>
          </ns3:TrackPointExtension>
        </extensions>
      </trkpt>
      <trkpt lat="59.94996459223330020904541015625" lon="30.2873598597943782806396484375">
        <ele>-8</ele>
        <time>2025-07-18T07:44:29.000Z</time>
        <extensions>
          <ns3:TrackPointExtension>
            <ns3:atemp>28.0</ns3:atemp>
            <ns3:hr>169</ns3:hr>
          </ns3:TrackPointExtension>
        </extensions>
      </trkpt>
      <trkpt lat="59.94992050342261791229248046875" lon="30.2873132564127445220947265625">
        <ele>-7.80000019073486328125</ele>
        <time>2025-07-18T07:44:30.000Z</time>
        <extensions>
          <ns3:TrackPointExtension>
            <ns3:atemp>28.0</ns3:atemp>
            <ns3:hr>169</ns3:hr>
          </ns3:TrackPointExtension>
        </extensions>
      </trkpt>
      <trkpt lat="59.94984054006636142730712890625" lon="30.2872559241950511932373046875">
        <ele>-7.400000095367431640625</ele>
        <time>2025-07-18T07:44:32.000Z</time>
        <extensions>
          <ns3:TrackPointExtension>
            <ns3:atemp>28.0</ns3:atemp>
            <ns3:hr>169</ns3:hr>
          </ns3:TrackPointExtension>
        </extensions>
      </trkpt>
      <trkpt lat="59.94980131275951862335205078125" lon="30.287226922810077667236328125">
        <ele>-7.19999980926513671875</ele>
        <time>2025-07-18T07:44:33.000Z</time>
        <extensions>
          <ns3:TrackPointExtension>
            <ns3:atemp>28.0</ns3:atemp>
            <ns3:hr>168</ns3:hr>
          </ns3:TrackPointExtension>
        </extensions>
      </trkpt>
      <trkpt lat="59.94973786175251007080078125" lon="30.28714721091091632843017578125">
        <ele>-6.80000019073486328125</ele>
        <time>2025-07-18T07:44:35.000Z</time>
        <extensions>
          <ns3:TrackPointExtension>
            <ns3:atemp>28.0</ns3:atemp>
            <ns3:hr>167</ns3:hr>
          </ns3:TrackPointExtension>
        </extensions>
      </trkpt>
      <trkpt lat="59.94971514679491519927978515625" lon="30.2870916388928890228271484375">
        <ele>-6.80000019073486328125</ele>
        <time>2025-07-18T07:44:36.000Z</time>
        <extensions>
          <ns3:TrackPointExtension>
            <ns3:atemp>28.0</ns3:atemp>
            <ns3:hr>166</ns3:hr>
          </ns3:TrackPointExtension>
        </extensions>
      </trkpt>
      <trkpt lat="59.94970089755952358245849609375" lon="30.2869467996060848236083984375">
        <ele>-6</ele>
        <time>2025-07-18T07:44:39.000Z</time>
        <extensions>
          <ns3:TrackPointExtension>
            <ns3:atemp>28.0</ns3:atemp>
            <ns3:hr>166</ns3:hr>
          </ns3:TrackPointExtension>
        </extensions>
      </trkpt>
      <trkpt lat="59.94969871826469898223876953125" lon="30.28691519983112812042236328125">
        <ele>-5.80000019073486328125</ele>
        <time>2025-07-18T07:44:40.000Z</time>
        <extensions>
          <ns3:TrackPointExtension>
            <ns3:atemp>28.0</ns3:atemp>
            <ns3:hr>165</ns3:hr>
          </ns3:TrackPointExtension>
        </extensions>
      </trkpt>
      <trkpt lat="59.94969167746603488922119140625" lon="30.28687714599072933197021484375">
        <ele>-5.599999904632568359375</ele>
        <time>2025-07-18T07:44:41.000Z</time>
        <extensions>
          <ns3:TrackPointExtension>
            <ns3:atemp>28.0</ns3:atemp>
            <ns3:hr>165</ns3:hr>
          </ns3:TrackPointExtension>
        </extensions>
      </trkpt>
      <trkpt lat="59.9496357701718807220458984375" lon="30.28678209520876407623291015625">
        <ele>-5.400000095367431640625</ele>
        <time>2025-07-18T07:44:44.000Z</time>
        <extensions>
          <ns3:TrackPointExtension>
            <ns3:atemp>28.0</ns3:atemp>
            <ns3:hr>165</ns3:hr>
          </ns3:TrackPointExtension>
        </extensions>
      </trkpt>
      <trkpt lat="59.94944558478891849517822265625" lon="30.28650448657572269439697265625">
        <ele>-5.19999980926513671875</ele>
        <time>2025-07-18T07:44:52.000Z</time>
        <extensions>
          <ns3:TrackPointExtension>
            <ns3:atemp>28.0</ns3:atemp>
            <ns3:hr>167</ns3:hr>
          </ns3:TrackPointExtension>
        </extensions>
      </trkpt>
      <trkpt lat="59.94927627034485340118408203125" lon="30.28618915937840938568115234375">
        <ele>-5.400000095367431640625</ele>
        <time>2025-07-18T07:44:58.000Z</time>
        <extensions>
          <ns3:TrackPointExtension>
            <ns3:atemp>28.0</ns3:atemp>
            <ns3:hr>168</ns3:hr>
          </ns3:TrackPointExtension>
        </extensions>
      </trkpt>
      <trkpt lat="59.949156828224658966064453125" lon="30.28601582162082195281982421875">
        <ele>-4.400000095367431640625</ele>
        <time>2025-07-18T07:45:01.000Z</time>
        <extensions>
          <ns3:TrackPointExtension>
            <ns3:atemp>28.0</ns3:atemp>
            <ns3:hr>167</ns3:hr>
          </ns3:TrackPointExtension>
        </extensions>
      </trkpt>
      <trkpt lat="59.9490285851061344146728515625" lon="30.285826809704303741455078125">
        <ele>-3.400000095367431640625</ele>
        <time>2025-07-18T07:45:04.000Z</time>
        <extensions>
          <ns3:TrackPointExtension>
            <ns3:atemp>28.0</ns3:atemp>
            <ns3:hr>167</ns3:hr>
          </ns3:TrackPointExtension>
        </extensions>
      </trkpt>
      <trkpt lat="59.94899086654186248779296875" lon="30.28576922602951526641845703125">
        <ele>-3.400000095367431640625</ele>
        <time>2025-07-18T07:45:05.000Z</time>
        <extensions>
          <ns3:TrackPointExtension>
            <ns3:atemp>28.0</ns3:atemp>
            <ns3:hr>167</ns3:hr>
          </ns3:TrackPointExtension>
        </extensions>
      </trkpt>
      <trkpt lat="59.948757179081439971923828125" lon="30.28545121662318706512451171875">
        <ele>-3.599999904632568359375</ele>
        <time>2025-07-18T07:45:10.000Z</time>
        <extensions>
          <ns3:TrackPointExtension>
            <ns3:atemp>28.0</ns3:atemp>
            <ns3:hr>170</ns3:hr>
          </ns3:TrackPointExtension>
        </extensions>
      </trkpt>
      <trkpt lat="59.94861158542335033416748046875" lon="30.28526597656309604644775390625">
        <ele>-4.599999904632568359375</ele>
        <time>2025-07-18T07:45:13.000Z</time>
        <extensions>
          <ns3:TrackPointExtension>
            <ns3:atemp>28.0</ns3:atemp>
            <ns3:hr>170</ns3:hr>
          </ns3:TrackPointExtension>
        </extensions>
      </trkpt>
      <trkpt lat="59.9485719390213489532470703125" lon="30.2852278389036655426025390625">
        <ele>-5</ele>
        <time>2025-07-18T07:45:14.000Z</time>
        <extensions>
          <ns3:TrackPointExtension>
            <ns3:atemp>28.0</ns3:atemp>
            <ns3:hr>170</ns3:hr>
          </ns3:TrackPointExtension>
        </extensions>
      </trkpt>
      <trkpt lat="59.9481152929365634918212890625" lon="30.2845096774399280548095703125">
        <ele>-5.400000095367431640625</ele>
        <time>2025-07-18T07:45:20.000Z</time>
        <extensions>
          <ns3:TrackPointExtension>
            <ns3:atemp>28.0</ns3:atemp>
            <ns3:hr>169</ns3:hr>
          </ns3:TrackPointExtension>
        </extensions>
      </trkpt>
      <trkpt lat="59.9480639956891536712646484375" lon="30.2844644151628017425537109375">
        <ele>-5.400000095367431640625</ele>
        <time>2025-07-18T07:45:21.000Z</time>
        <extensions>
          <ns3:TrackPointExtension>
            <ns3:atemp>28.0</ns3:atemp>
            <ns3:hr>169</ns3:hr>
          </ns3:TrackPointExtension>
        </extensions>
      </trkpt>
      <trkpt lat="59.9479738064110279083251953125" lon="30.2844600565731525421142578125">
        <ele>-5.400000095367431640625</ele>
        <time>2025-07-18T07:45:23.000Z</time>
        <extensions>
          <ns3:TrackPointExtension>
            <ns3:atemp>28.0</ns3:atemp>
            <ns3:hr>169</ns3:hr>
          </ns3:TrackPointExtension>
        </extensions>
      </trkpt>
      <trkpt lat="59.9479315616190433502197265625" lon="30.2844828553497791290283203125">
        <ele>-5.80000019073486328125</ele>
        <time>2025-07-18T07:45:24.000Z</time>
        <extensions>
          <ns3:TrackPointExtension>
            <ns3:atemp>28.0</ns3:atemp>
            <ns3:hr>169</ns3:hr>
          </ns3:TrackPointExtension>
        </extensions>
      </trkpt>
      <trkpt lat="59.947855956852436065673828125" lon="30.2845857851207256317138671875">
        <ele>-6.599999904632568359375</ele>
        <time>2025-07-18T07:45:26.000Z</time>
        <extensions>
          <ns3:TrackPointExtension>
            <ns3:atemp>28.0</ns3:atemp>
            <ns3:hr>169</ns3:hr>
          </ns3:TrackPointExtension>
        </extensions>
      </trkpt>
      <trkpt lat="59.94784262962639331817626953125" lon="30.28472819365561008453369140625">
        <ele>-6.80000019073486328125</ele>
        <time>2025-07-18T07:45:27.000Z</time>
        <extensions>
          <ns3:TrackPointExtension>
            <ns3:atemp>28.0</ns3:atemp>
            <ns3:hr>168</ns3:hr>
          </ns3:TrackPointExtension>
        </extensions>
      </trkpt>
      <trkpt lat="59.9476844631135463714599609375" lon="30.28523462824523448944091796875">
        <ele>-8</ele>
        <time>2025-07-18T07:45:31.000Z</time>
        <extensions>
          <ns3:TrackPointExtension>
            <ns3:atemp>28.0</ns3:atemp>
            <ns3:hr>167</ns3:hr>
          </ns3:TrackPointExtension>
        </extensions>
      </trkpt>
      <trkpt lat="59.9476385302841663360595703125" lon="30.28537225909531116485595703125">
        <ele>-8.3999996185302734375</ele>
        <time>2025-07-18T07:45:32.000Z</time>
        <extensions>
          <ns3:TrackPointExtension>
            <ns3:atemp>28.0</ns3:atemp>
            <ns3:hr>167</ns3:hr>
          </ns3:TrackPointExtension>
        </extensions>
      </trkpt>
      <trkpt lat="59.94758027605712413787841796875" lon="30.2856695652008056640625">
        <ele>-9.3999996185302734375</ele>
        <time>2025-07-18T07:45:34.000Z</time>
        <extensions>
          <ns3:TrackPointExtension>
            <ns3:atemp>28.0</ns3:atemp>
            <ns3:hr>167</ns3:hr>
          </ns3:TrackPointExtension>
        </extensions>
      </trkpt>
      <trkpt lat="59.94745890609920024871826171875" lon="30.28606326319277286529541015625">
        <ele>-9.80000019073486328125</ele>
        <time>2025-07-18T07:45:38.000Z</time>
        <extensions>
          <ns3:TrackPointExtension>
            <ns3:atemp>28.0</ns3:atemp>
            <ns3:hr>166</ns3:hr>
          </ns3:TrackPointExtension>
        </extensions>
      </trkpt>
      <trkpt lat="59.94721733964979648590087890625" lon="30.2865012176334857940673828125">
        <ele>-10</ele>
        <time>2025-07-18T07:45:44.000Z</time>
        <extensions>
          <ns3:TrackPointExtension>
            <ns3:atemp>28.0</ns3:atemp>
            <ns3:hr>165</ns3:hr>
          </ns3:TrackPointExtension>
        </extensions>
      </trkpt>
      <trkpt lat="59.9457795917987823486328125" lon="30.29076031409204006195068359375">
        <ele>-9</ele>
        <time>2025-07-18T07:46:09.000Z</time>
        <extensions>
          <ns3:TrackPointExtension>
            <ns3:atemp>28.0</ns3:atemp>
            <ns3:hr>165</ns3:hr>
          </ns3:TrackPointExtension>
        </extensions>
      </trkpt>
      <trkpt lat="59.945244155824184417724609375" lon="30.29259092174470424652099609375">
        <ele>-7.80000019073486328125</ele>
        <time>2025-07-18T07:46:16.000Z</time>
        <extensions>
          <ns3:TrackPointExtension>
            <ns3:atemp>28.0</ns3:atemp>
            <ns3:hr>167</ns3:hr>
          </ns3:TrackPointExtension>
        </extensions>
      </trkpt>
      <trkpt lat="59.94522294960916042327880859375" lon="30.292930305004119873046875">
        <ele>-7.400000095367431640625</ele>
        <time>2025-07-18T07:46:19.000Z</time>
        <extensions>
          <ns3:TrackPointExtension>
            <ns3:atemp>28.0</ns3:atemp>
            <ns3:hr>176</ns3:hr>
          </ns3:TrackPointExtension>
        </extensions>
      </trkpt>
      <trkpt lat="59.94504910893738269805908203125" lon="30.29430837370455265045166015625">
        <ele>-10.6000003814697265625</ele>
        <time>2025-07-18T07:46:38.000Z</time>
        <extensions>
          <ns3:TrackPointExtension>
            <ns3:atemp>28.0</ns3:atemp>
            <ns3:hr>177</ns3:hr>
          </ns3:TrackPointExtension>
        </extensions>
      </trkpt>
      <trkpt lat="59.94537482969462871551513671875" lon="30.29348359443247318267822265625">
        <ele>-10.6000003814697265625</ele>
        <time>2025-07-18T07:46:44.000Z</time>
        <extensions>
          <ns3:TrackPointExtension>
            <ns3:atemp>28.0</ns3:atemp>
            <ns3:hr>176</ns3:hr>
          </ns3:TrackPointExtension>
        </extensions>
      </trkpt>
      <trkpt lat="59.94542797096073627471923828125" lon="30.29332383535802364349365234375">
        <ele>-9.19999980926513671875</ele>
        <time>2025-07-18T07:46:46.000Z</time>
        <extensions>
          <ns3:TrackPointExtension>
            <ns3:atemp>28.0</ns3:atemp>
            <ns3:hr>174</ns3:hr>
          </ns3:TrackPointExtension>
        </extensions>
      </trkpt>
      <trkpt lat="59.94551765732467174530029296875" lon="30.29296995140612125396728515625">
        <ele>-9.19999980926513671875</ele>
        <time>2025-07-18T07:46:49.000Z</time>
        <extensions>
          <ns3:TrackPointExtension>
            <ns3:atemp>28.0</ns3:atemp>
            <ns3:hr>173</ns3:hr>
          </ns3:TrackPointExtension>
        </extensions>
      </trkpt>
      <trkpt lat="59.9455383606255054473876953125" lon="30.292905829846858978271484375">
        <ele>-12</ele>
        <time>2025-07-18T07:46:50.000Z</time>
        <extensions>
          <ns3:TrackPointExtension>
            <ns3:atemp>28.0</ns3:atemp>
            <ns3:hr>174</ns3:hr>
          </ns3:TrackPointExtension>
        </extensions>
      </trkpt>
      <trkpt lat="59.945673979818820953369140625" lon="30.292646326124668121337890625">
        <ele>-13.19999980926513671875</ele>
        <time>2025-07-18T07:46:56.000Z</time>
        <extensions>
          <ns3:TrackPointExtension>
            <ns3:atemp>28.0</ns3:atemp>
            <ns3:hr>174</ns3:hr>
          </ns3:TrackPointExtension>
        </extensions>
      </trkpt>
      <trkpt lat="59.9457311443984508514404296875" lon="30.29261372052133083343505859375">
        <ele>-14</ele>
        <time>2025-07-18T07:47:00.000Z</time>
        <extensions>
          <ns3:TrackPointExtension>
            <ns3:atemp>28.0</ns3:atemp>
            <ns3:hr>171</ns3:hr>
          </ns3:TrackPointExtension>
        </extensions>
      </trkpt>
      <trkpt lat="59.94573357515037059783935546875" lon="30.29260349459946155548095703125">
        <ele>-14.19999980926513671875</ele>
        <time>2025-07-18T07:47:02.000Z</time>
        <extensions>
          <ns3:TrackPointExtension>
            <ns3:atemp>28.0</ns3:atemp>
            <ns3:hr>170</ns3:hr>
          </ns3:TrackPointExtension>
        </extensions>
      </trkpt>
      <trkpt lat="59.9458037316799163818359375" lon="30.29250542633235454559326171875">
        <ele>-14.6000003814697265625</ele>
        <time>2025-07-18T07:47:04.000Z</time>
        <extensions>
          <ns3:TrackPointExtension>
            <ns3:atemp>28.0</ns3:atemp>
            <ns3:hr>168</ns3:hr>
          </ns3:TrackPointExtension>
        </extensions>
      </trkpt>
      <trkpt lat="59.9458332359790802001953125" lon="30.29245144687592983245849609375">
        <ele>-14.80000019073486328125</ele>
        <time>2025-07-18T07:47:05.000Z</time>
        <extensions>
          <ns3:TrackPointExtension>
            <ns3:atemp>28.0</ns3:atemp>
            <ns3:hr>167</ns3:hr>
          </ns3:TrackPointExtension>
        </extensions>
      </trkpt>
      <trkpt lat="59.9458783306181430816650390625" lon="30.292242653667926788330078125">
        <ele>-15.19999980926513671875</ele>
        <time>2025-07-18T07:47:08.000Z</time>
        <extensions>
          <ns3:TrackPointExtension>
            <ns3:atemp>28.0</ns3:atemp>
            <ns3:hr>164</ns3:hr>
          </ns3:TrackPointExtension>
        </extensions>
      </trkpt>
      <trkpt lat="59.945896603167057037353515625" lon="30.29214064590632915496826171875">
        <ele>-15.3999996185302734375</ele>
        <time>2025-07-18T07:47:09.000Z</time>
        <extensions>
          <ns3:TrackPointExtension>
            <ns3:atemp>28.0</ns3:atemp>
            <ns3:hr>163</ns3:hr>
          </ns3:TrackPointExtension>
        </extensions>
      </trkpt>
      <trkpt lat="59.94592082686722278594970703125" lon="30.29217953793704509735107421875">
        <ele>-16</ele>
        <time>2025-07-18T07:47:15.000Z</time>
        <extensions>
          <ns3:TrackPointExtension>
            <ns3:atemp>28.0</ns3:atemp>
            <ns3:hr>161</ns3:hr>
          </ns3:TrackPointExtension>
        </extensions>
      </trkpt>
      <trkpt lat="59.9459244310855865478515625" lon="30.29219898395240306854248046875">
        <ele>-16.3999996185302734375</ele>
        <time>2025-07-18T07:47:17.000Z</time>
        <extensions>
          <ns3:TrackPointExtension>
            <ns3:atemp>28.0</ns3:atemp>
            <ns3:hr>158</ns3:hr>
          </ns3:TrackPointExtension>
        </extensions>
      </trkpt>
      <trkpt lat="59.94592501781880855560302734375" lon="30.292208455502986907958984375">
        <ele>-16.3999996185302734375</ele>
        <time>2025-07-18T07:47:18.000Z</time>
        <extensions>
          <ns3:TrackPointExtension>
            <ns3:atemp>28.0</ns3:atemp>
            <ns3:hr>157</ns3:hr>
          </ns3:TrackPointExtension>
        </extensions>
      </trkpt>
      <trkpt lat="59.9459229223430156707763671875" lon="30.292206108570098876953125">
        <ele>-16.799999237060546875</ele>
        <time>2025-07-18T07:47:21.000Z</time>
        <extensions>
          <ns3:TrackPointExtension>
            <ns3:atemp>28.0</ns3:atemp>
            <ns3:hr>154</ns3:hr>
          </ns3:TrackPointExtension>
        </extensions>
      </trkpt>
      <trkpt lat="59.9459222517907619476318359375" lon="30.29221172444522380828857421875">
        <ele>-17</ele>
        <time>2025-07-18T07:47:23.000Z</time>
        <extensions>
          <ns3:TrackPointExtension>
            <ns3:atemp>28.0</ns3:atemp>
            <ns3:hr>153</ns3:hr>
          </ns3:TrackPointExtension>
        </extensions>
      </trkpt>
      <trkpt lat="59.94592753238976001739501953125" lon="30.2921945415437221527099609375">
        <ele>-17.6000003814697265625</ele>
        <time>2025-07-18T07:47:27.000Z</time>
        <extensions>
          <ns3:TrackPointExtension>
            <ns3:atemp>28.0</ns3:atemp>
            <ns3:hr>152</ns3:hr>
          </ns3:TrackPointExtension>
        </extensions>
      </trkpt>
      <trkpt lat="59.94593708775937557220458984375" lon="30.292171575129032135009765625">
        <ele>-17.799999237060546875</ele>
        <time>2025-07-18T07:47:32.000Z</time>
        <extensions>
          <ns3:TrackPointExtension>
            <ns3:atemp>28.0</ns3:atemp>
            <ns3:hr>150</ns3:hr>
          </ns3:TrackPointExtension>
        </extensions>
      </trkpt>
      <trkpt lat="59.945940859615802764892578125" lon="30.29215523041784763336181640625">
        <ele>-17.799999237060546875</ele>
        <time>2025-07-18T07:47:35.000Z</time>
        <extensions>
          <ns3:TrackPointExtension>
            <ns3:atemp>29.0</ns3:atemp>
            <ns3:hr>147</ns3:hr>
          </ns3:TrackPointExtension>
        </extensions>
      </trkpt>
      <trkpt lat="59.94593851268291473388671875" lon="30.29215472750365734100341796875">
        <ele>-18</ele>
        <time>2025-07-18T07:47:39.000Z</time>
        <extensions>
          <ns3:TrackPointExtension>
            <ns3:atemp>29.0</ns3:atemp>
            <ns3:hr>144</ns3:hr>
          </ns3:TrackPointExtension>
        </extensions>
      </trkpt>
      <trkpt lat="59.94590766727924346923828125" lon="30.29213226400315761566162109375">
        <ele>-18</ele>
        <time>2025-07-18T07:47:41.000Z</time>
        <extensions>
          <ns3:TrackPointExtension>
            <ns3:atemp>29.0</ns3:atemp>
            <ns3:hr>143</ns3:hr>
          </ns3:TrackPointExtension>
        </extensions>
      </trkpt>
      <trkpt lat="59.94583885185420513153076171875" lon="30.29208431951701641082763671875">
        <ele>-18.3999996185302734375</ele>
        <time>2025-07-18T07:47:45.000Z</time>
        <extensions>
          <ns3:TrackPointExtension>
            <ns3:atemp>29.0</ns3:atemp>
            <ns3:hr>140</ns3:hr>
          </ns3:TrackPointExtension>
        </extensions>
      </trkpt>
      <trkpt lat="59.94576727040112018585205078125" lon="30.29203855432569980621337890625">
        <ele>-18.3999996185302734375</ele>
        <time>2025-07-18T07:47:48.000Z</time>
        <extensions>
          <ns3:TrackPointExtension>
            <ns3:atemp>29.0</ns3:atemp>
            <ns3:hr>139</ns3:hr>
          </ns3:TrackPointExtension>
        </extensions>
      </trkpt>
      <trkpt lat="59.945591501891613006591796875" lon="30.2920540608465671539306640625">
        <ele>-17.3999996185302734375</ele>
        <time>2025-07-18T07:47:54.000Z</time>
        <extensions>
          <ns3:TrackPointExtension>
            <ns3:atemp>29.0</ns3:atemp>
            <ns3:hr>140</ns3:hr>
          </ns3:TrackPointExtension>
        </extensions>
      </trkpt>
      <trkpt lat="59.9455004744231700897216796875" lon="30.29210946522653102874755859375">
        <ele>-16.6000003814697265625</ele>
        <time>2025-07-18T07:48:00.000Z</time>
        <extensions>
          <ns3:TrackPointExtension>
            <ns3:atemp>29.0</ns3:atemp>
            <ns3:hr>142</ns3:hr>
          </ns3:TrackPointExtension>
        </extensions>
      </trkpt>
      <trkpt lat="59.94548161514103412628173828125" lon="30.29209186322987079620361328125">
        <ele>-16.200000762939453125</ele>
        <time>2025-07-18T07:48:01.000Z</time>
        <extensions>
          <ns3:TrackPointExtension>
            <ns3:atemp>29.0</ns3:atemp>
            <ns3:hr>142</ns3:hr>
          </ns3:TrackPointExtension>
        </extensions>
      </trkpt>
      <trkpt lat="59.94555671699345111846923828125" lon="30.2918837405741214752197265625">
        <ele>-15.6000003814697265625</ele>
        <time>2025-07-18T07:48:05.000Z</time>
        <extensions>
          <ns3:TrackPointExtension>
            <ns3:atemp>29.0</ns3:atemp>
            <ns3:hr>141</ns3:hr>
          </ns3:TrackPointExtension>
        </extensions>
      </trkpt>
      <trkpt lat="59.9455229379236698150634765625" lon="30.29198281466960906982421875">
        <ele>-16</ele>
        <time>2025-07-18T07:48:09.000Z</time>
        <extensions>
          <ns3:TrackPointExtension>
            <ns3:atemp>29.0</ns3:atemp>
            <ns3:hr>140</ns3:hr>
          </ns3:TrackPointExtension>
        </extensions>
      </trkpt>
      <trkpt lat="59.94551313109695911407470703125" lon="30.29206772334873676300048828125">
        <ele>-15.80000019073486328125</ele>
        <time>2025-07-18T07:48:11.000Z</time>
        <extensions>
          <ns3:TrackPointExtension>
            <ns3:atemp>29.0</ns3:atemp>
            <ns3:hr>142</ns3:hr>
          </ns3:TrackPointExtension>
        </extensions>
      </trkpt>
      <trkpt lat="59.9454947747290134429931640625" lon="30.29218758456408977508544921875">
        <ele>-15.6000003814697265625</ele>
        <time>2025-07-18T07:48:13.000Z</time>
        <extensions>
          <ns3:TrackPointExtension>
            <ns3:atemp>29.0</ns3:atemp>
            <ns3:hr>143</ns3:hr>
          </ns3:TrackPointExtension>
        </extensions>
      </trkpt>
      <trkpt lat="59.9454505182802677154541015625" lon="30.2923817932605743408203125">
        <ele>-15</ele>
        <time>2025-07-18T07:48:16.000Z</time>
        <extensions>
          <ns3:TrackPointExtension>
            <ns3:atemp>29.0</ns3:atemp>
            <ns3:hr>143</ns3:hr>
          </ns3:TrackPointExtension>
        </extensions>
      </trkpt>
      <trkpt lat="59.9454304017126560211181640625" lon="30.29257600195705890655517578125">
        <ele>-15.19999980926513671875</ele>
        <time>2025-07-18T07:48:19.000Z</time>
        <extensions>
          <ns3:TrackPointExtension>
            <ns3:atemp>29.0</ns3:atemp>
            <ns3:hr>144</ns3:hr>
          </ns3:TrackPointExtension>
        </extensions>
      </trkpt>
      <trkpt lat="59.94534985162317752838134765625" lon="30.29301253147423267364501953125">
        <ele>-15.3999996185302734375</ele>
        <time>2025-07-18T07:48:26.000Z</time>
        <extensions>
          <ns3:TrackPointExtension>
            <ns3:atemp>29.0</ns3:atemp>
            <ns3:hr>143</ns3:hr>
          </ns3:TrackPointExtension>
        </extensions>
      </trkpt>
      <trkpt lat="59.94526938535273075103759765625" lon="30.293482840061187744140625">
        <ele>-14</ele>
        <time>2025-07-18T07:48:32.000Z</time>
        <extensions>
          <ns3:TrackPointExtension>
            <ns3:atemp>29.0</ns3:atemp>
            <ns3:hr>141</ns3:hr>
          </ns3:TrackPointExtension>
        </extensions>
      </trkpt>
      <trkpt lat="59.9452268891036510467529296875" lon="30.29379690997302532196044921875">
        <ele>-14</ele>
        <time>2025-07-18T07:48:36.000Z</time>
        <extensions>
          <ns3:TrackPointExtension>
            <ns3:atemp>29.0</ns3:atemp>
            <ns3:hr>141</ns3:hr>
          </ns3:TrackPointExtension>
        </extensions>
      </trkpt>
      <trkpt lat="59.9451413936913013458251953125" lon="30.29417443089187145233154296875">
        <ele>-14.3999996185302734375</ele>
        <time>2025-07-18T07:48:41.000Z</time>
        <extensions>
          <ns3:TrackPointExtension>
            <ns3:atemp>29.0</ns3:atemp>
            <ns3:hr>144</ns3:hr>
          </ns3:TrackPointExtension>
        </extensions>
      </trkpt>
      <trkpt lat="59.9451356939971446990966796875" lon="30.29422824271023273468017578125">
        <ele>-14.3999996185302734375</ele>
        <time>2025-07-18T07:48:42.000Z</time>
        <extensions>
          <ns3:TrackPointExtension>
            <ns3:atemp>29.0</ns3:atemp>
            <ns3:hr>144</ns3:hr>
          </ns3:TrackPointExtension>
        </extensions>
      </trkpt>
      <trkpt lat="59.94510644115507602691650390625" lon="30.29437668621540069580078125">
        <ele>-14</ele>
        <time>2025-07-18T07:48:46.000Z</time>
        <extensions>
          <ns3:TrackPointExtension>
            <ns3:atemp>29.0</ns3:atemp>
            <ns3:hr>143</ns3:hr>
          </ns3:TrackPointExtension>
        </extensions>
      </trkpt>
      <trkpt lat="59.94500242173671722412109375" lon="30.29452932067215442657470703125">
        <ele>-13.19999980926513671875</ele>
        <time>2025-07-18T07:48:51.000Z</time>
        <extensions>
          <ns3:TrackPointExtension>
            <ns3:atemp>29.0</ns3:atemp>
            <ns3:hr>142</ns3:hr>
          </ns3:TrackPointExtension>
        </extensions>
      </trkpt>
      <trkpt lat="59.9449781142175197601318359375" lon="30.29454792849719524383544921875">
        <ele>-12.80000019073486328125</ele>
        <time>2025-07-18T07:48:52.000Z</time>
        <extensions>
          <ns3:TrackPointExtension>
            <ns3:atemp>29.0</ns3:atemp>
            <ns3:hr>143</ns3:hr>
          </ns3:TrackPointExtension>
        </extensions>
      </trkpt>
      <trkpt lat="59.94480385445058345794677734375" lon="30.29478999786078929901123046875">
        <ele>-12.80000019073486328125</ele>
        <time>2025-07-18T07:48:59.000Z</time>
        <extensions>
          <ns3:TrackPointExtension>
            <ns3:atemp>29.0</ns3:atemp>
            <ns3:hr>145</ns3:hr>
          </ns3:TrackPointExtension>
        </extensions>
      </trkpt>
      <trkpt lat="59.94461308233439922332763671875" lon="30.29505486600100994110107421875">
        <ele>-14</ele>
        <time>2025-07-18T07:49:05.000Z</time>
        <extensions>
          <ns3:TrackPointExtension>
            <ns3:atemp>29.0</ns3:atemp>
            <ns3:hr>145</ns3:hr>
          </ns3:TrackPointExtension>
        </extensions>
      </trkpt>
      <trkpt lat="59.9445385672152042388916015625" lon="30.2951664291322231292724609375">
        <ele>-13.3999996185302734375</ele>
        <time>2025-07-18T07:49:07.000Z</time>
        <extensions>
          <ns3:TrackPointExtension>
            <ns3:atemp>29.0</ns3:atemp>
            <ns3:hr>145</ns3:hr>
          </ns3:TrackPointExtension>
        </extensions>
      </trkpt>
      <trkpt lat="59.944462291896343231201171875" lon="30.295279920101165771484375">
        <ele>-12.80000019073486328125</ele>
        <time>2025-07-18T07:49:09.000Z</time>
        <extensions>
          <ns3:TrackPointExtension>
            <ns3:atemp>29.0</ns3:atemp>
            <ns3:hr>146</ns3:hr>
          </ns3:TrackPointExtension>
        </extensions>
      </trkpt>
      <trkpt lat="59.94433077983558177947998046875" lon="30.29555040411651134490966796875">
        <ele>-11.6000003814697265625</ele>
        <time>2025-07-18T07:49:13.000Z</time>
        <extensions>
          <ns3:TrackPointExtension>
            <ns3:atemp>29.0</ns3:atemp>
            <ns3:hr>145</ns3:hr>
          </ns3:TrackPointExtension>
        </extensions>
      </trkpt>
      <trkpt lat="59.944300688803195953369140625" lon="30.29562718234956264495849609375">
        <ele>-11.3999996185302734375</ele>
        <time>2025-07-18T07:49:14.000Z</time>
        <extensions>
          <ns3:TrackPointExtension>
            <ns3:atemp>29.0</ns3:atemp>
            <ns3:hr>145</ns3:hr>
          </ns3:TrackPointExtension>
        </extensions>
      </trkpt>
      <trkpt lat="59.9441868625581264495849609375" lon="30.2958487160503864288330078125">
        <ele>-11.19999980926513671875</ele>
        <time>2025-07-18T07:49:19.000Z</time>
        <extensions>
          <ns3:TrackPointExtension>
            <ns3:atemp>29.0</ns3:atemp>
            <ns3:hr>143</ns3:hr>
          </ns3:TrackPointExtension>
        </extensions>
      </trkpt>
      <trkpt lat="59.94415618479251861572265625" lon="30.2958879433572292327880859375">
        <ele>-10</ele>
        <time>2025-07-18T07:49:22.000Z</time>
        <extensions>
          <ns3:TrackPointExtension>
            <ns3:atemp>29.0</ns3:atemp>
            <ns3:hr>142</ns3:hr>
          </ns3:TrackPointExtension>
        </extensions>
      </trkpt>
      <trkpt lat="59.9441298656165599822998046875" lon="30.29597084037959575653076171875">
        <ele>-9</ele>
        <time>2025-07-18T07:49:26.000Z</time>
        <extensions>
          <ns3:TrackPointExtension>
            <ns3:atemp>29.0</ns3:atemp>
            <ns3:hr>142</ns3:hr>
          </ns3:TrackPointExtension>
        </extensions>
      </trkpt>
      <trkpt lat="59.944150149822235107421875" lon="30.29601694084703922271728515625">
        <ele>-9.19999980926513671875</ele>
        <time>2025-07-18T07:49:34.000Z</time>
        <extensions>
          <ns3:TrackPointExtension>
            <ns3:atemp>29.0</ns3:atemp>
            <ns3:hr>141</ns3:hr>
          </ns3:TrackPointExtension>
        </extensions>
      </trkpt>
      <trkpt lat="59.94420178234577178955078125" lon="30.29604191891849040985107421875">
        <ele>-9.80000019073486328125</ele>
        <time>2025-07-18T07:49:39.000Z</time>
        <extensions>
          <ns3:TrackPointExtension>
            <ns3:atemp>29.0</ns3:atemp>
            <ns3:hr>142</ns3:hr>
          </ns3:TrackPointExtension>
        </extensions>
      </trkpt>
      <trkpt lat="59.94422131218016147613525390625" lon="30.29603655450046062469482421875">
        <ele>-10</ele>
        <time>2025-07-18T07:49:40.000Z</time>
        <extensions>
          <ns3:TrackPointExtension>
            <ns3:atemp>29.0</ns3:atemp>
            <ns3:hr>142</ns3:hr>
          </ns3:TrackPointExtension>
        </extensions>
      </trkpt>
      <trkpt lat="59.9441697634756565093994140625" lon="30.29606781899929046630859375">
        <ele>-10</ele>
        <time>2025-07-18T07:49:45.000Z</time>
        <extensions>
          <ns3:TrackPointExtension>
            <ns3:atemp>29.0</ns3:atemp>
            <ns3:hr>142</ns3:hr>
          </ns3:TrackPointExtension>
        </extensions>
      </trkpt>
      <trkpt lat="59.9441365711390972137451171875" lon="30.29610059224069118499755859375">
        <ele>-10.19999980926513671875</ele>
        <time>2025-07-18T07:49:49.000Z</time>
        <extensions>
          <ns3:TrackPointExtension>
            <ns3:atemp>29.0</ns3:atemp>
            <ns3:hr>142</ns3:hr>
          </ns3:TrackPointExtension>
        </extensions>
      </trkpt>
      <trkpt lat="59.94413665495812892913818359375" lon="30.29608868993818759918212890625">
        <ele>-10.19999980926513671875</ele>
        <time>2025-07-18T07:49:51.000Z</time>
        <extensions>
          <ns3:TrackPointExtension>
            <ns3:atemp>29.0</ns3:atemp>
            <ns3:hr>143</ns3:hr>
          </ns3:TrackPointExtension>
        </extensions>
      </trkpt>
      <trkpt lat="59.94417454116046428680419921875" lon="30.2960324473679065704345703125">
        <ele>-10.19999980926513671875</ele>
        <time>2025-07-18T07:49:52.000Z</time>
        <extensions>
          <ns3:TrackPointExtension>
            <ns3:atemp>29.0</ns3:atemp>
            <ns3:hr>145</ns3:hr>
          </ns3:TrackPointExtension>
        </extensions>
      </trkpt>
      <trkpt lat="59.9442287720739841461181640625" lon="30.29585885815322399139404296875">
        <ele>-10.19999980926513671875</ele>
        <time>2025-07-18T07:49:55.000Z</time>
        <extensions>
          <ns3:TrackPointExtension>
            <ns3:atemp>29.0</ns3:atemp>
            <ns3:hr>148</ns3:hr>
          </ns3:TrackPointExtension>
        </extensions>
      </trkpt>
      <trkpt lat="59.944250397384166717529296875" lon="30.29574084095656871795654296875">
        <ele>-10.3999996185302734375</ele>
        <time>2025-07-18T07:50:00.000Z</time>
        <extensions>
          <ns3:TrackPointExtension>
            <ns3:atemp>29.0</ns3:atemp>
            <ns3:hr>146</ns3:hr>
          </ns3:TrackPointExtension>
        </extensions>
      </trkpt>
      <trkpt lat="59.94427378289401531219482421875" lon="30.29568786732852458953857421875">
        <ele>-10.19999980926513671875</ele>
        <time>2025-07-18T07:50:06.000Z</time>
        <extensions>
          <ns3:TrackPointExtension>
            <ns3:atemp>29.0</ns3:atemp>
            <ns3:hr>147</ns3:hr>
          </ns3:TrackPointExtension>
        </extensions>
      </trkpt>
      <trkpt lat="59.9442733637988567352294921875" lon="30.2956887893378734588623046875">
        <ele>-10.19999980926513671875</ele>
        <time>2025-07-18T07:50:07.000Z</time>
        <extensions>
          <ns3:TrackPointExtension>
            <ns3:atemp>29.0</ns3:atemp>
            <ns3:hr>147</ns3:hr>
          </ns3:TrackPointExtension>
        </extensions>
      </trkpt>
      <trkpt lat="59.94427428580820560455322265625" lon="30.295674540102481842041015625">
        <ele>-10.3999996185302734375</ele>
        <time>2025-07-18T07:50:13.000Z</time>
        <extensions>
          <ns3:TrackPointExtension>
            <ns3:atemp>29.0</ns3:atemp>
            <ns3:hr>148</ns3:hr>
          </ns3:TrackPointExtension>
        </extensions>
      </trkpt>
    </trkseg>
  </trk>
</gpx>
