<?xml version="1.0" encoding="UTF-8"?>
<gpx creator="Garmin Connect" version="1.1"
  xsi:schemaLocation="http://www.topografix.com/GPX/1/1 http://www.topografix.com/GPX/11.xsd"
  xmlns:ns3="http://www.garmin.com/xmlschemas/TrackPointExtension/v1"
  xmlns="http://www.topografix.com/GPX/1/1"
  xmlns:xsi="http://www.w3.org/2001/XMLSchema-instance" xmlns:ns2="http://www.garmin.com/xmlschemas/GpxExtensions/v3">
  <metadata>
    <link href="connect.garmin.com">
      <text>Garmin Connect</text>
    </link>
    <time>2026-03-16T14:46:46.000Z</time>
  </metadata>
  <trk>
    <name>Петербург Велосипед</name>
    <type>cycling</type>
    <trkseg>
      <trkpt lat="59.95851807296276092529296875" lon="30.3297712840139865875244140625">
        <ele>5.400000095367431640625</ele>
        <time>2026-03-16T15:08:02.000Z</time>
        <extensions>
          <ns3:TrackPointExtension>
            <ns3:atemp>19.0</ns3:atemp>
            <ns3:hr>113</ns3:hr>
          </ns3:TrackPointExtension>
        </extensions>
      </trkpt>
      <trkpt lat="59.95860122144222259521484375" lon="30.32991922460496425628662109375">
        <ele>5.400000095367431640625</ele>
        <time>2026-03-16T15:08:06.000Z</time>
        <extensions>
          <ns3:TrackPointExtension>
            <ns3:atemp>19.0</ns3:atemp>
            <ns3:hr>112</ns3:hr>
          </ns3:TrackPointExtension>
        </extensions>
      </trkpt>
      <trkpt lat="59.9586285464465618133544921875" lon="30.33028400503098964691162109375">
        <ele>5</ele>
        <time>2026-03-16T15:08:12.000Z</time>
        <extensions>
          <ns3:TrackPointExtension>
            <ns3:atemp>19.0</ns3:atemp>
            <ns3:hr>109</ns3:hr>
          </ns3:TrackPointExtension>
        </extensions>
      </trkpt>
      <trkpt lat="59.958641789853572845458984375" lon="30.3303379006683826446533203125">
        <ele>4.80000019073486328125</ele>
        <time>2026-03-16T15:08:13.000Z</time>
        <extensions>
          <ns3:TrackPointExtension>
            <ns3:atemp>19.0</ns3:atemp>
            <ns3:hr>111</ns3:hr>
          </ns3:TrackPointExtension>
        </extensions>
      </trkpt>
      <trkpt lat="59.95870289392769336700439453125" lon="30.330498330295085906982421875">
        <ele>4.599999904632568359375</ele>
        <time>2026-03-16T15:08:16.000Z</time>
        <extensions>
          <ns3:TrackPointExtension>
            <ns3:atemp>19.0</ns3:atemp>
            <ns3:hr>113</ns3:hr>
          </ns3:TrackPointExtension>
        </extensions>
      </trkpt>
      <trkpt lat="59.95877849869430065155029296875" lon="30.33064015209674835205078125">
        <ele>4.400000095367431640625</ele>
        <time>2026-03-16T15:08:19.000Z</time>
        <extensions>
          <ns3:TrackPointExtension>
            <ns3:atemp>19.0</ns3:atemp>
            <ns3:hr>116</ns3:hr>
          </ns3:TrackPointExtension>
        </extensions>
      </trkpt>
      <trkpt lat="59.9588437937200069427490234375" lon="30.330777950584888458251953125">
        <ele>4.19999980926513671875</ele>
        <time>2026-03-16T15:08:22.000Z</time>
        <extensions>
          <ns3:TrackPointExtension>
            <ns3:atemp>19.0</ns3:atemp>
            <ns3:hr>119</ns3:hr>
          </ns3:TrackPointExtension>
        </extensions>
      </trkpt>
      <trkpt lat="59.95888394303619861602783203125" lon="30.3310007415711879730224609375">
        <ele>3.7999999523162841796875</ele>
        <time>2026-03-16T15:08:27.000Z</time>
        <extensions>
          <ns3:TrackPointExtension>
            <ns3:atemp>19.0</ns3:atemp>
            <ns3:hr>116</ns3:hr>
          </ns3:TrackPointExtension>
        </extensions>
      </trkpt>
      <trkpt lat="59.9588682688772678375244140625" lon="30.33102597109973430633544921875">
        <ele>3.7999999523162841796875</ele>
        <time>2026-03-16T15:08:28.000Z</time>
        <extensions>
          <ns3:TrackPointExtension>
            <ns3:atemp>19.0</ns3:atemp>
            <ns3:hr>116</ns3:hr>
          </ns3:TrackPointExtension>
        </extensions>
      </trkpt>
      <trkpt lat="59.958785958588123321533203125" lon="30.33108212985098361968994140625">
        <ele>4.19999980926513671875</ele>
        <time>2026-03-16T15:08:34.000Z</time>
        <extensions>
          <ns3:TrackPointExtension>
            <ns3:atemp>19.0</ns3:atemp>
            <ns3:hr>118</ns3:hr>
          </ns3:TrackPointExtension>
        </extensions>
      </trkpt>
      <trkpt lat="59.95874580927193164825439453125" lon="30.33111180178821086883544921875">
        <ele>4.19999980926513671875</ele>
        <time>2026-03-16T15:08:36.000Z</time>
        <extensions>
          <ns3:TrackPointExtension>
            <ns3:atemp>19.0</ns3:atemp>
            <ns3:hr>118</ns3:hr>
          </ns3:TrackPointExtension>
        </extensions>
      </trkpt>
      <trkpt lat="59.95856727473437786102294921875" lon="30.33122889697551727294921875">
        <ele>3.7999999523162841796875</ele>
        <time>2026-03-16T15:08:47.000Z</time>
        <extensions>
          <ns3:TrackPointExtension>
            <ns3:atemp>19.0</ns3:atemp>
            <ns3:hr>106</ns3:hr>
          </ns3:TrackPointExtension>
        </extensions>
      </trkpt>
      <trkpt lat="59.95854891836643218994140625" lon="30.33123685978353023529052734375">
        <ele>3.7999999523162841796875</ele>
        <time>2026-03-16T15:08:48.000Z</time>
        <extensions>
          <ns3:TrackPointExtension>
            <ns3:atemp>19.0</ns3:atemp>
            <ns3:hr>106</ns3:hr>
          </ns3:TrackPointExtension>
        </extensions>
      </trkpt>
      <trkpt lat="59.95823686011135578155517578125" lon="30.331329815089702606201171875">
        <ele>3.599999904632568359375</ele>
        <time>2026-03-16T15:08:52.000Z</time>
        <extensions>
          <ns3:TrackPointExtension>
            <ns3:atemp>19.0</ns3:atemp>
            <ns3:hr>109</ns3:hr>
          </ns3:TrackPointExtension>
        </extensions>
      </trkpt>
      <trkpt lat="59.95813778601586818695068359375" lon="30.331363342702388763427734375">
        <ele>3.400000095367431640625</ele>
        <time>2026-03-16T15:08:55.000Z</time>
        <extensions>
          <ns3:TrackPointExtension>
            <ns3:atemp>19.0</ns3:atemp>
            <ns3:hr>109</ns3:hr>
          </ns3:TrackPointExtension>
        </extensions>
      </trkpt>
      <trkpt lat="59.9581633508205413818359375" lon="30.33135822974145412445068359375">
        <ele>3</ele>
        <time>2026-03-16T15:09:04.000Z</time>
        <extensions>
          <ns3:TrackPointExtension>
            <ns3:atemp>19.0</ns3:atemp>
            <ns3:hr>108</ns3:hr>
          </ns3:TrackPointExtension>
        </extensions>
      </trkpt>
      <trkpt lat="59.95820333249866962432861328125" lon="30.33135973848402500152587890625">
        <ele>2.7999999523162841796875</ele>
        <time>2026-03-16T15:09:06.000Z</time>
        <extensions>
          <ns3:TrackPointExtension>
            <ns3:atemp>19.0</ns3:atemp>
            <ns3:hr>106</ns3:hr>
          </ns3:TrackPointExtension>
        </extensions>
      </trkpt>
      <trkpt lat="59.95828296057879924774169921875" lon="30.3313819505274295806884765625">
        <ele>2.7999999523162841796875</ele>
        <time>2026-03-16T15:09:08.000Z</time>
        <extensions>
          <ns3:TrackPointExtension>
            <ns3:atemp>19.0</ns3:atemp>
            <ns3:hr>106</ns3:hr>
          </ns3:TrackPointExtension>
        </extensions>
      </trkpt>
      <trkpt lat="59.95837599970400333404541015625" lon="30.331444479525089263916015625">
        <ele>2.7999999523162841796875</ele>
        <time>2026-03-16T15:09:11.000Z</time>
        <extensions>
          <ns3:TrackPointExtension>
            <ns3:atemp>19.0</ns3:atemp>
            <ns3:hr>109</ns3:hr>
          </ns3:TrackPointExtension>
        </extensions>
      </trkpt>
      <trkpt lat="59.95840315707027912139892578125" lon="30.3314677812159061431884765625">
        <ele>2.7999999523162841796875</ele>
        <time>2026-03-16T15:09:12.000Z</time>
        <extensions>
          <ns3:TrackPointExtension>
            <ns3:atemp>19.0</ns3:atemp>
            <ns3:hr>105</ns3:hr>
          </ns3:TrackPointExtension>
        </extensions>
      </trkpt>
      <trkpt lat="59.95851463638246059417724609375" lon="30.33150088973343372344970703125">
        <ele>3</ele>
        <time>2026-03-16T15:09:14.000Z</time>
        <extensions>
          <ns3:TrackPointExtension>
            <ns3:atemp>19.0</ns3:atemp>
            <ns3:hr>103</ns3:hr>
          </ns3:TrackPointExtension>
        </extensions>
      </trkpt>
      <trkpt lat="59.958516396582126617431640625" lon="30.33169819973409175872802734375">
        <ele>3.599999904632568359375</ele>
        <time>2026-03-16T15:09:20.000Z</time>
        <extensions>
          <ns3:TrackPointExtension>
            <ns3:atemp>19.0</ns3:atemp>
            <ns3:hr>106</ns3:hr>
          </ns3:TrackPointExtension>
        </extensions>
      </trkpt>
      <trkpt lat="59.95852821506559848785400390625" lon="30.33171362243592739105224609375">
        <ele>3.599999904632568359375</ele>
        <time>2026-03-16T15:09:21.000Z</time>
        <extensions>
          <ns3:TrackPointExtension>
            <ns3:atemp>19.0</ns3:atemp>
            <ns3:hr>110</ns3:hr>
          </ns3:TrackPointExtension>
        </extensions>
      </trkpt>
      <trkpt lat="59.9585388600826263427734375" lon="30.33174647949635982513427734375">
        <ele>3.7999999523162841796875</ele>
        <time>2026-03-16T15:09:22.000Z</time>
        <extensions>
          <ns3:TrackPointExtension>
            <ns3:atemp>19.0</ns3:atemp>
            <ns3:hr>113</ns3:hr>
          </ns3:TrackPointExtension>
        </extensions>
      </trkpt>
      <trkpt lat="59.95853005908429622650146484375" lon="30.331915877759456634521484375">
        <ele>4.19999980926513671875</ele>
        <time>2026-03-16T15:09:25.000Z</time>
        <extensions>
          <ns3:TrackPointExtension>
            <ns3:atemp>19.0</ns3:atemp>
            <ns3:hr>115</ns3:hr>
          </ns3:TrackPointExtension>
        </extensions>
      </trkpt>
      <trkpt lat="59.958572052419185638427734375" lon="30.3320719487965106964111328125">
        <ele>4.400000095367431640625</ele>
        <time>2026-03-16T15:09:30.000Z</time>
        <extensions>
          <ns3:TrackPointExtension>
            <ns3:atemp>19.0</ns3:atemp>
            <ns3:hr>114</ns3:hr>
          </ns3:TrackPointExtension>
        </extensions>
      </trkpt>
      <trkpt lat="59.95879928581416606903076171875" lon="30.33198854885995388031005859375">
        <ele>4.599999904632568359375</ele>
        <time>2026-03-16T15:09:32.000Z</time>
        <extensions>
          <ns3:TrackPointExtension>
            <ns3:atemp>19.0</ns3:atemp>
            <ns3:hr>111</ns3:hr>
          </ns3:TrackPointExtension>
        </extensions>
      </trkpt>
      <trkpt lat="59.95878989808261394500732421875" lon="30.3320001997053623199462890625">
        <ele>4.599999904632568359375</ele>
        <time>2026-03-16T15:09:33.000Z</time>
        <extensions>
          <ns3:TrackPointExtension>
            <ns3:atemp>19.0</ns3:atemp>
            <ns3:hr>113</ns3:hr>
          </ns3:TrackPointExtension>
        </extensions>
      </trkpt>
      <trkpt lat="59.95875544846057891845703125" lon="30.33201386220753192901611328125">
        <ele>4.599999904632568359375</ele>
        <time>2026-03-16T15:09:35.000Z</time>
        <extensions>
          <ns3:TrackPointExtension>
            <ns3:atemp>19.0</ns3:atemp>
            <ns3:hr>112</ns3:hr>
          </ns3:TrackPointExtension>
        </extensions>
      </trkpt>
      <trkpt lat="59.9585920013487339019775390625" lon="30.33204085193574428558349609375">
        <ele>4.599999904632568359375</ele>
        <time>2026-03-16T15:09:42.000Z</time>
        <extensions>
          <ns3:TrackPointExtension>
            <ns3:atemp>19.0</ns3:atemp>
            <ns3:hr>115</ns3:hr>
          </ns3:TrackPointExtension>
        </extensions>
      </trkpt>
      <trkpt lat="59.9584052525460720062255859375" lon="30.33175117336213588714599609375">
        <ele>4.80000019073486328125</ele>
        <time>2026-03-16T15:09:49.000Z</time>
        <extensions>
          <ns3:TrackPointExtension>
            <ns3:atemp>19.0</ns3:atemp>
            <ns3:hr>120</ns3:hr>
          </ns3:TrackPointExtension>
        </extensions>
      </trkpt>
      <trkpt lat="59.95838471688330173492431640625" lon="30.331755615770816802978515625">
        <ele>4.80000019073486328125</ele>
        <time>2026-03-16T15:09:51.000Z</time>
        <extensions>
          <ns3:TrackPointExtension>
            <ns3:atemp>19.0</ns3:atemp>
            <ns3:hr>124</ns3:hr>
          </ns3:TrackPointExtension>
        </extensions>
      </trkpt>
      <trkpt lat="59.95837298221886157989501953125" lon="30.33177531324326992034912109375">
        <ele>4.80000019073486328125</ele>
        <time>2026-03-16T15:09:53.000Z</time>
        <extensions>
          <ns3:TrackPointExtension>
            <ns3:atemp>19.0</ns3:atemp>
            <ns3:hr>126</ns3:hr>
          </ns3:TrackPointExtension>
        </extensions>
      </trkpt>
      <trkpt lat="59.95833970606327056884765625" lon="30.331834740936756134033203125">
        <ele>4.400000095367431640625</ele>
        <time>2026-03-16T15:09:56.000Z</time>
        <extensions>
          <ns3:TrackPointExtension>
            <ns3:atemp>19.0</ns3:atemp>
            <ns3:hr>126</ns3:hr>
          </ns3:TrackPointExtension>
        </extensions>
      </trkpt>
      <trkpt lat="59.958311878144741058349609375" lon="30.331844799220561981201171875">
        <ele>4.400000095367431640625</ele>
        <time>2026-03-16T15:09:58.000Z</time>
        <extensions>
          <ns3:TrackPointExtension>
            <ns3:atemp>19.0</ns3:atemp>
            <ns3:hr>123</ns3:hr>
          </ns3:TrackPointExtension>
        </extensions>
      </trkpt>
      <trkpt lat="59.9580843932926654815673828125" lon="30.33237009309232234954833984375">
        <ele>4</ele>
        <time>2026-03-16T15:10:02.000Z</time>
        <extensions>
          <ns3:TrackPointExtension>
            <ns3:atemp>19.0</ns3:atemp>
            <ns3:hr>121</ns3:hr>
          </ns3:TrackPointExtension>
        </extensions>
      </trkpt>
      <trkpt lat="59.95799914933741092681884765625" lon="30.3325171954929828643798828125">
        <ele>4</ele>
        <time>2026-03-16T15:10:03.000Z</time>
        <extensions>
          <ns3:TrackPointExtension>
            <ns3:atemp>19.0</ns3:atemp>
            <ns3:hr>121</ns3:hr>
          </ns3:TrackPointExtension>
        </extensions>
      </trkpt>
      <trkpt lat="59.95786629617214202880859375" lon="30.33272665925323963165283203125">
        <ele>3.400000095367431640625</ele>
        <time>2026-03-16T15:10:34.000Z</time>
        <extensions>
          <ns3:TrackPointExtension>
            <ns3:atemp>19.0</ns3:atemp>
            <ns3:hr>116</ns3:hr>
          </ns3:TrackPointExtension>
        </extensions>
      </trkpt>
      <trkpt lat="59.95816075243055820465087890625" lon="30.333055146038532257080078125">
        <ele>3.7999999523162841796875</ele>
        <time>2026-03-16T15:10:50.000Z</time>
        <extensions>
          <ns3:TrackPointExtension>
            <ns3:atemp>19.0</ns3:atemp>
            <ns3:hr>121</ns3:hr>
          </ns3:TrackPointExtension>
        </extensions>
      </trkpt>
      <trkpt lat="59.968154244124889373779296875" lon="30.3365029580891132354736328125">
        <ele>8.3999996185302734375</ele>
        <time>2026-03-16T15:17:43.000Z</time>
        <extensions>
          <ns3:TrackPointExtension>
            <ns3:atemp>16.0</ns3:atemp>
            <ns3:hr>137</ns3:hr>
          </ns3:TrackPointExtension>
        </extensions>
      </trkpt>
      <trkpt lat="59.96820126660168170928955078125" lon="30.3365750424563884735107421875">
        <ele>8.3999996185302734375</ele>
        <time>2026-03-16T15:17:45.000Z</time>
        <extensions>
          <ns3:TrackPointExtension>
            <ns3:atemp>16.0</ns3:atemp>
            <ns3:hr>137</ns3:hr>
          </ns3:TrackPointExtension>
        </extensions>
      </trkpt>
      <trkpt lat="59.9682704173028469085693359375" lon="30.33674620091915130615234375">
        <ele>8.3999996185302734375</ele>
        <time>2026-03-16T15:17:51.000Z</time>
        <extensions>
          <ns3:TrackPointExtension>
            <ns3:atemp>16.0</ns3:atemp>
            <ns3:hr>136</ns3:hr>
          </ns3:TrackPointExtension>
        </extensions>
      </trkpt>
      <trkpt lat="59.9682699143886566162109375" lon="30.336982905864715576171875">
        <ele>7.599999904632568359375</ele>
        <time>2026-03-16T15:18:00.000Z</time>
        <extensions>
          <ns3:TrackPointExtension>
            <ns3:atemp>16.0</ns3:atemp>
            <ns3:hr>136</ns3:hr>
          </ns3:TrackPointExtension>
        </extensions>
      </trkpt>
      <trkpt lat="59.96825088746845722198486328125" lon="30.33724333159625530242919921875">
        <ele>6.80000019073486328125</ele>
        <time>2026-03-16T15:18:08.000Z</time>
        <extensions>
          <ns3:TrackPointExtension>
            <ns3:atemp>16.0</ns3:atemp>
            <ns3:hr>136</ns3:hr>
          </ns3:TrackPointExtension>
        </extensions>
      </trkpt>
      <trkpt lat="59.96825876645743846893310546875" lon="30.3373307548463344573974609375">
        <ele>6.80000019073486328125</ele>
        <time>2026-03-16T15:18:10.000Z</time>
        <extensions>
          <ns3:TrackPointExtension>
            <ns3:atemp>16.0</ns3:atemp>
            <ns3:hr>136</ns3:hr>
          </ns3:TrackPointExtension>
        </extensions>
      </trkpt>
      <trkpt lat="59.96835331432521343231201171875" lon="30.3374645300209522247314453125">
        <ele>6.19999980926513671875</ele>
        <time>2026-03-16T15:18:15.000Z</time>
        <extensions>
          <ns3:TrackPointExtension>
            <ns3:atemp>16.0</ns3:atemp>
            <ns3:hr>133</ns3:hr>
          </ns3:TrackPointExtension>
        </extensions>
      </trkpt>
      <trkpt lat="59.96836504898965358734130859375" lon="30.3375392965972423553466796875">
        <ele>5.599999904632568359375</ele>
        <time>2026-03-16T15:18:18.000Z</time>
        <extensions>
          <ns3:TrackPointExtension>
            <ns3:atemp>16.0</ns3:atemp>
            <ns3:hr>132</ns3:hr>
          </ns3:TrackPointExtension>
        </extensions>
      </trkpt>
      <trkpt lat="59.96840410865843296051025390625" lon="30.33767282031476497650146484375">
        <ele>4.80000019073486328125</ele>
        <time>2026-03-16T15:18:23.000Z</time>
        <extensions>
          <ns3:TrackPointExtension>
            <ns3:atemp>16.0</ns3:atemp>
            <ns3:hr>132</ns3:hr>
          </ns3:TrackPointExtension>
        </extensions>
      </trkpt>
      <trkpt lat="59.9684313498437404632568359375" lon="30.33772009424865245819091796875">
        <ele>4.80000019073486328125</ele>
        <time>2026-03-16T15:18:25.000Z</time>
        <extensions>
          <ns3:TrackPointExtension>
            <ns3:atemp>16.0</ns3:atemp>
            <ns3:hr>133</ns3:hr>
          </ns3:TrackPointExtension>
        </extensions>
      </trkpt>
      <trkpt lat="59.968441911041736602783203125" lon="30.33772923052310943603515625">
        <ele>4.80000019073486328125</ele>
        <time>2026-03-16T15:18:26.000Z</time>
        <extensions>
          <ns3:TrackPointExtension>
            <ns3:atemp>16.0</ns3:atemp>
            <ns3:hr>130</ns3:hr>
          </ns3:TrackPointExtension>
        </extensions>
      </trkpt>
      <trkpt lat="59.96845440007746219635009765625" lon="30.3377325832843780517578125">
        <ele>4.80000019073486328125</ele>
        <time>2026-03-16T15:18:27.000Z</time>
        <extensions>
          <ns3:TrackPointExtension>
            <ns3:atemp>16.0</ns3:atemp>
            <ns3:hr>131</ns3:hr>
          </ns3:TrackPointExtension>
        </extensions>
      </trkpt>
      <trkpt lat="59.9684937112033367156982421875" lon="30.3377350978553295135498046875">
        <ele>4.80000019073486328125</ele>
        <time>2026-03-16T15:18:29.000Z</time>
        <extensions>
          <ns3:TrackPointExtension>
            <ns3:atemp>16.0</ns3:atemp>
            <ns3:hr>131</ns3:hr>
          </ns3:TrackPointExtension>
        </extensions>
      </trkpt>
      <trkpt lat="59.96856705285608768463134765625" lon="30.33771523274481296539306640625">
        <ele>4.599999904632568359375</ele>
        <time>2026-03-16T15:18:32.000Z</time>
        <extensions>
          <ns3:TrackPointExtension>
            <ns3:atemp>16.0</ns3:atemp>
            <ns3:hr>133</ns3:hr>
          </ns3:TrackPointExtension>
        </extensions>
      </trkpt>
      <trkpt lat="59.968670904636383056640625" lon="30.33766997046768665313720703125">
        <ele>4.19999980926513671875</ele>
        <time>2026-03-16T15:18:36.000Z</time>
        <extensions>
          <ns3:TrackPointExtension>
            <ns3:atemp>16.0</ns3:atemp>
            <ns3:hr>131</ns3:hr>
          </ns3:TrackPointExtension>
        </extensions>
      </trkpt>
      <trkpt lat="59.96869781054556369781494140625" lon="30.33770735375583171844482421875">
        <ele>3.599999904632568359375</ele>
        <time>2026-03-16T15:18:42.000Z</time>
        <extensions>
          <ns3:TrackPointExtension>
            <ns3:atemp>16.0</ns3:atemp>
            <ns3:hr>129</ns3:hr>
          </ns3:TrackPointExtension>
        </extensions>
      </trkpt>
      <trkpt lat="59.9687022529542446136474609375" lon="30.33769779838621616363525390625">
        <ele>3.599999904632568359375</ele>
        <time>2026-03-16T15:18:43.000Z</time>
        <extensions>
          <ns3:TrackPointExtension>
            <ns3:atemp>16.0</ns3:atemp>
            <ns3:hr>128</ns3:hr>
          </ns3:TrackPointExtension>
        </extensions>
      </trkpt>
      <trkpt lat="59.96871843002736568450927734375" lon="30.3377397917211055755615234375">
        <ele>3.599999904632568359375</ele>
        <time>2026-03-16T15:18:46.000Z</time>
        <extensions>
          <ns3:TrackPointExtension>
            <ns3:atemp>16.0</ns3:atemp>
            <ns3:hr>127</ns3:hr>
          </ns3:TrackPointExtension>
        </extensions>
      </trkpt>
      <trkpt lat="59.968726225197315216064453125" lon="30.33777340315282344818115234375">
        <ele>3.599999904632568359375</ele>
        <time>2026-03-16T15:18:47.000Z</time>
        <extensions>
          <ns3:TrackPointExtension>
            <ns3:atemp>16.0</ns3:atemp>
            <ns3:hr>127</ns3:hr>
          </ns3:TrackPointExtension>
        </extensions>
      </trkpt>
      <trkpt lat="59.96876101009547710418701171875" lon="30.33804631792008876800537109375">
        <ele>3.599999904632568359375</ele>
        <time>2026-03-16T15:18:52.000Z</time>
        <extensions>
          <ns3:TrackPointExtension>
            <ns3:atemp>16.0</ns3:atemp>
            <ns3:hr>127</ns3:hr>
          </ns3:TrackPointExtension>
        </extensions>
      </trkpt>
      <trkpt lat="59.96879520826041698455810546875" lon="30.33829542808234691619873046875">
        <ele>3.599999904632568359375</ele>
        <time>2026-03-16T15:18:56.000Z</time>
        <extensions>
          <ns3:TrackPointExtension>
            <ns3:atemp>16.0</ns3:atemp>
            <ns3:hr>124</ns3:hr>
          </ns3:TrackPointExtension>
        </extensions>
      </trkpt>
      <trkpt lat="59.968808703124523162841796875" lon="30.338407494127750396728515625">
        <ele>3.599999904632568359375</ele>
        <time>2026-03-16T15:18:58.000Z</time>
        <extensions>
          <ns3:TrackPointExtension>
            <ns3:atemp>16.0</ns3:atemp>
            <ns3:hr>123</ns3:hr>
          </ns3:TrackPointExtension>
        </extensions>
      </trkpt>
      <trkpt lat="59.9688967131078243255615234375" lon="30.3387084044516086578369140625">
        <ele>4</ele>
        <time>2026-03-16T15:19:04.000Z</time>
        <extensions>
          <ns3:TrackPointExtension>
            <ns3:atemp>16.0</ns3:atemp>
            <ns3:hr>118</ns3:hr>
          </ns3:TrackPointExtension>
        </extensions>
      </trkpt>
      <trkpt lat="59.96891356073319911956787109375" lon="30.338761545717716217041015625">
        <ele>4</ele>
        <time>2026-03-16T15:19:05.000Z</time>
        <extensions>
          <ns3:TrackPointExtension>
            <ns3:atemp>16.0</ns3:atemp>
            <ns3:hr>114</ns3:hr>
          </ns3:TrackPointExtension>
        </extensions>
      </trkpt>
      <trkpt lat="59.9689262174069881439208984375" lon="30.33883136697113513946533203125">
        <ele>4</ele>
        <time>2026-03-16T15:19:06.000Z</time>
        <extensions>
          <ns3:TrackPointExtension>
            <ns3:atemp>16.0</ns3:atemp>
            <ns3:hr>107</ns3:hr>
          </ns3:TrackPointExtension>
        </extensions>
      </trkpt>
      <trkpt lat="59.96894205920398235321044921875" lon="30.3388928063213825225830078125">
        <ele>4</ele>
        <time>2026-03-16T15:19:07.000Z</time>
        <extensions>
          <ns3:TrackPointExtension>
            <ns3:atemp>16.0</ns3:atemp>
            <ns3:hr>104</ns3:hr>
          </ns3:TrackPointExtension>
        </extensions>
      </trkpt>
      <trkpt lat="59.9689496867358684539794921875" lon="30.33896883018314838409423828125">
        <ele>4</ele>
        <time>2026-03-16T15:19:08.000Z</time>
        <extensions>
          <ns3:TrackPointExtension>
            <ns3:atemp>16.0</ns3:atemp>
            <ns3:hr>99</ns3:hr>
          </ns3:TrackPointExtension>
        </extensions>
      </trkpt>
      <trkpt lat="59.96897223405539989471435546875" lon="30.3390363045036792755126953125">
        <ele>4</ele>
        <time>2026-03-16T15:19:09.000Z</time>
        <extensions>
          <ns3:TrackPointExtension>
            <ns3:atemp>16.0</ns3:atemp>
            <ns3:hr>94</ns3:hr>
          </ns3:TrackPointExtension>
        </extensions>
      </trkpt>
      <trkpt lat="59.968972988426685333251953125" lon="30.3391187824308872222900390625">
        <ele>4</ele>
        <time>2026-03-16T15:19:10.000Z</time>
        <extensions>
          <ns3:TrackPointExtension>
            <ns3:atemp>16.0</ns3:atemp>
            <ns3:hr>95</ns3:hr>
          </ns3:TrackPointExtension>
        </extensions>
      </trkpt>
      <trkpt lat="59.96898799203336238861083984375" lon="30.33932455815374851226806640625">
        <ele>4.19999980926513671875</ele>
        <time>2026-03-16T15:19:13.000Z</time>
        <extensions>
          <ns3:TrackPointExtension>
            <ns3:atemp>16.0</ns3:atemp>
            <ns3:hr>98</ns3:hr>
          </ns3:TrackPointExtension>
        </extensions>
      </trkpt>
      <trkpt lat="59.96901112608611583709716796875" lon="30.3393963910639286041259765625">
        <ele>4.400000095367431640625</ele>
        <time>2026-03-16T15:19:15.000Z</time>
        <extensions>
          <ns3:TrackPointExtension>
            <ns3:atemp>16.0</ns3:atemp>
            <ns3:hr>97</ns3:hr>
          </ns3:TrackPointExtension>
        </extensions>
      </trkpt>
      <trkpt lat="59.96902805753052234649658203125" lon="30.33939530141651630401611328125">
        <ele>4.400000095367431640625</ele>
        <time>2026-03-16T15:19:16.000Z</time>
        <extensions>
          <ns3:TrackPointExtension>
            <ns3:atemp>16.0</ns3:atemp>
            <ns3:hr>98</ns3:hr>
          </ns3:TrackPointExtension>
        </extensions>
      </trkpt>
      <trkpt lat="59.96904448606073856353759765625" lon="30.33938088454306125640869140625">
        <ele>4.400000095367431640625</ele>
        <time>2026-03-16T15:19:17.000Z</time>
        <extensions>
          <ns3:TrackPointExtension>
            <ns3:atemp>16.0</ns3:atemp>
            <ns3:hr>95</ns3:hr>
          </ns3:TrackPointExtension>
        </extensions>
      </trkpt>
      <trkpt lat="59.96906057931482791900634765625" lon="30.3393685631453990936279296875">
        <ele>4.400000095367431640625</ele>
        <time>2026-03-16T15:19:18.000Z</time>
        <extensions>
          <ns3:TrackPointExtension>
            <ns3:atemp>16.0</ns3:atemp>
            <ns3:hr>94</ns3:hr>
          </ns3:TrackPointExtension>
        </extensions>
      </trkpt>
      <trkpt lat="59.96913266368210315704345703125" lon="30.33922196365892887115478515625">
        <ele>4.599999904632568359375</ele>
        <time>2026-03-16T15:19:25.000Z</time>
        <extensions>
          <ns3:TrackPointExtension>
            <ns3:atemp>16.0</ns3:atemp>
            <ns3:hr>92</ns3:hr>
          </ns3:TrackPointExtension>
        </extensions>
      </trkpt>
      <trkpt lat="59.96914959512650966644287109375" lon="30.33896480686962604522705078125">
        <ele>4.400000095367431640625</ele>
        <time>2026-03-16T15:19:32.000Z</time>
        <extensions>
          <ns3:TrackPointExtension>
            <ns3:atemp>16.0</ns3:atemp>
            <ns3:hr>92</ns3:hr>
          </ns3:TrackPointExtension>
        </extensions>
      </trkpt>
      <trkpt lat="59.96913023293018341064453125" lon="30.33859114162623882293701171875">
        <ele>4</ele>
        <time>2026-03-16T15:19:39.000Z</time>
        <extensions>
          <ns3:TrackPointExtension>
            <ns3:atemp>16.0</ns3:atemp>
            <ns3:hr>92</ns3:hr>
          </ns3:TrackPointExtension>
        </extensions>
      </trkpt>
      <trkpt lat="59.96918329037725925445556640625" lon="30.338463820517063140869140625">
        <ele>3.7999999523162841796875</ele>
        <time>2026-03-16T15:19:44.000Z</time>
        <extensions>
          <ns3:TrackPointExtension>
            <ns3:atemp>16.0</ns3:atemp>
            <ns3:hr>92</ns3:hr>
          </ns3:TrackPointExtension>
        </extensions>
      </trkpt>
      <trkpt lat="59.9692329950630664825439453125" lon="30.33842124044895172119140625">
        <ele>3.599999904632568359375</ele>
        <time>2026-03-16T15:19:47.000Z</time>
        <extensions>
          <ns3:TrackPointExtension>
            <ns3:atemp>16.0</ns3:atemp>
            <ns3:hr>89</ns3:hr>
          </ns3:TrackPointExtension>
        </extensions>
      </trkpt>
      <trkpt lat="59.96928890235722064971923828125" lon="30.3383322246372699737548828125">
        <ele>3.400000095367431640625</ele>
        <time>2026-03-16T15:19:50.000Z</time>
        <extensions>
          <ns3:TrackPointExtension>
            <ns3:atemp>16.0</ns3:atemp>
            <ns3:hr>94</ns3:hr>
          </ns3:TrackPointExtension>
        </extensions>
      </trkpt>
      <trkpt lat="59.96932511217892169952392578125" lon="30.3382732160389423370361328125">
        <ele>3.400000095367431640625</ele>
        <time>2026-03-16T15:19:52.000Z</time>
        <extensions>
          <ns3:TrackPointExtension>
            <ns3:atemp>16.0</ns3:atemp>
            <ns3:hr>90</ns3:hr>
          </ns3:TrackPointExtension>
        </extensions>
      </trkpt>
      <trkpt lat="59.969346486032009124755859375" lon="30.33824530430138111114501953125">
        <ele>3.400000095367431640625</ele>
        <time>2026-03-16T15:19:53.000Z</time>
        <extensions>
          <ns3:TrackPointExtension>
            <ns3:atemp>16.0</ns3:atemp>
            <ns3:hr>85</ns3:hr>
          </ns3:TrackPointExtension>
        </extensions>
      </trkpt>
      <trkpt lat="59.96936350129544734954833984375" lon="30.33822954632341861724853515625">
        <ele>3.400000095367431640625</ele>
        <time>2026-03-16T15:19:54.000Z</time>
        <extensions>
          <ns3:TrackPointExtension>
            <ns3:atemp>16.0</ns3:atemp>
            <ns3:hr>80</ns3:hr>
          </ns3:TrackPointExtension>
        </extensions>
      </trkpt>
      <trkpt lat="59.9693915806710720062255859375" lon="30.3382058255374431610107421875">
        <ele>3.400000095367431640625</ele>
        <time>2026-03-16T15:19:56.000Z</time>
        <extensions>
          <ns3:TrackPointExtension>
            <ns3:atemp>16.0</ns3:atemp>
            <ns3:hr>77</ns3:hr>
          </ns3:TrackPointExtension>
        </extensions>
      </trkpt>
      <trkpt lat="59.96940474025905132293701171875" lon="30.33820037730038166046142578125">
        <ele>3.400000095367431640625</ele>
        <time>2026-03-16T15:19:57.000Z</time>
        <extensions>
          <ns3:TrackPointExtension>
            <ns3:atemp>16.0</ns3:atemp>
            <ns3:hr>80</ns3:hr>
          </ns3:TrackPointExtension>
        </extensions>
      </trkpt>
      <trkpt lat="59.96944949962198734283447265625" lon="30.33815167844295501708984375">
        <ele>3.400000095367431640625</ele>
        <time>2026-03-16T15:20:00.000Z</time>
        <extensions>
          <ns3:TrackPointExtension>
            <ns3:atemp>16.0</ns3:atemp>
            <ns3:hr>79</ns3:hr>
          </ns3:TrackPointExtension>
        </extensions>
      </trkpt>
      <trkpt lat="59.96946416795253753662109375" lon="30.33811546862125396728515625">
        <ele>3.2000000476837158203125</ele>
        <time>2026-03-16T15:20:01.000Z</time>
        <extensions>
          <ns3:TrackPointExtension>
            <ns3:atemp>16.0</ns3:atemp>
            <ns3:hr>80</ns3:hr>
          </ns3:TrackPointExtension>
        </extensions>
      </trkpt>
      <trkpt lat="59.96949509717524051666259765625" lon="30.3378571383655071258544921875">
        <ele>3</ele>
        <time>2026-03-16T15:20:06.000Z</time>
        <extensions>
          <ns3:TrackPointExtension>
            <ns3:atemp>16.0</ns3:atemp>
            <ns3:hr>84</ns3:hr>
          </ns3:TrackPointExtension>
        </extensions>
      </trkpt>
      <trkpt lat="59.96949543245136737823486328125" lon="30.33779284916818141937255859375">
        <ele>3</ele>
        <time>2026-03-16T15:20:07.000Z</time>
        <extensions>
          <ns3:TrackPointExtension>
            <ns3:atemp>16.0</ns3:atemp>
            <ns3:hr>82</ns3:hr>
          </ns3:TrackPointExtension>
        </extensions>
      </trkpt>
      <trkpt lat="59.969428963959217071533203125" lon="30.33741767518222332000732421875">
        <ele>2.599999904632568359375</ele>
        <time>2026-03-16T15:20:14.000Z</time>
        <extensions>
          <ns3:TrackPointExtension>
            <ns3:atemp>16.0</ns3:atemp>
            <ns3:hr>81</ns3:hr>
          </ns3:TrackPointExtension>
        </extensions>
      </trkpt>
      <trkpt lat="59.96934883296489715576171875" lon="30.33721290528774261474609375">
        <ele>2.7999999523162841796875</ele>
        <time>2026-03-16T15:20:19.000Z</time>
        <extensions>
          <ns3:TrackPointExtension>
            <ns3:atemp>16.0</ns3:atemp>
            <ns3:hr>84</ns3:hr>
          </ns3:TrackPointExtension>
        </extensions>
      </trkpt>
      <trkpt lat="59.96932896785438060760498046875" lon="30.33716169185936450958251953125">
        <ele>2.7999999523162841796875</ele>
        <time>2026-03-16T15:20:20.000Z</time>
        <extensions>
          <ns3:TrackPointExtension>
            <ns3:atemp>16.0</ns3:atemp>
            <ns3:hr>83</ns3:hr>
          </ns3:TrackPointExtension>
        </extensions>
      </trkpt>
      <trkpt lat="59.96941647492349147796630859375" lon="30.3369069658219814300537109375">
        <ele>3</ele>
        <time>2026-03-16T15:20:28.000Z</time>
        <extensions>
          <ns3:TrackPointExtension>
            <ns3:atemp>16.0</ns3:atemp>
            <ns3:hr>83</ns3:hr>
          </ns3:TrackPointExtension>
        </extensions>
      </trkpt>
      <trkpt lat="59.96982500888407230377197265625" lon="30.33666632138192653656005859375">
        <ele>3</ele>
        <time>2026-03-16T15:20:40.000Z</time>
        <extensions>
          <ns3:TrackPointExtension>
            <ns3:atemp>17.0</ns3:atemp>
            <ns3:hr>84</ns3:hr>
          </ns3:TrackPointExtension>
        </extensions>
      </trkpt>
      <trkpt lat="59.9698985181748867034912109375" lon="30.33674092032015323638916015625">
        <ele>3</ele>
        <time>2026-03-16T15:20:42.000Z</time>
        <extensions>
          <ns3:TrackPointExtension>
            <ns3:atemp>17.0</ns3:atemp>
            <ns3:hr>82</ns3:hr>
          </ns3:TrackPointExtension>
        </extensions>
      </trkpt>
      <trkpt lat="59.96996599249541759490966796875" lon="30.3367735259234905242919921875">
        <ele>2.599999904632568359375</ele>
        <time>2026-03-16T15:20:45.000Z</time>
        <extensions>
          <ns3:TrackPointExtension>
            <ns3:atemp>17.0</ns3:atemp>
            <ns3:hr>84</ns3:hr>
          </ns3:TrackPointExtension>
        </extensions>
      </trkpt>
      <trkpt lat="59.96998392976820468902587890625" lon="30.33677595667541027069091796875">
        <ele>2.599999904632568359375</ele>
        <time>2026-03-16T15:20:46.000Z</time>
        <extensions>
          <ns3:TrackPointExtension>
            <ns3:atemp>17.0</ns3:atemp>
            <ns3:hr>87</ns3:hr>
          </ns3:TrackPointExtension>
        </extensions>
      </trkpt>
      <trkpt lat="59.9699977599084377288818359375" lon="30.33675634302198886871337890625">
        <ele>2.599999904632568359375</ele>
        <time>2026-03-16T15:20:48.000Z</time>
        <extensions>
          <ns3:TrackPointExtension>
            <ns3:atemp>17.0</ns3:atemp>
            <ns3:hr>90</ns3:hr>
          </ns3:TrackPointExtension>
        </extensions>
      </trkpt>
      <trkpt lat="59.97813843190670013427734375" lon="30.33204923383891582489013671875">
        <ele>4.599999904632568359375</ele>
        <time>2026-03-16T15:25:40.000Z</time>
        <extensions>
          <ns3:TrackPointExtension>
            <ns3:atemp>17.0</ns3:atemp>
            <ns3:hr>122</ns3:hr>
          </ns3:TrackPointExtension>
        </extensions>
      </trkpt>
      <trkpt lat="59.9781429581344127655029296875" lon="30.33209835179150104522705078125">
        <ele>4.599999904632568359375</ele>
        <time>2026-03-16T15:25:41.000Z</time>
        <extensions>
          <ns3:TrackPointExtension>
            <ns3:atemp>17.0</ns3:atemp>
            <ns3:hr>122</ns3:hr>
          </ns3:TrackPointExtension>
        </extensions>
      </trkpt>
      <trkpt lat="59.978251755237579345703125" lon="30.332385934889316558837890625">
        <ele>4.80000019073486328125</ele>
        <time>2026-03-16T15:25:46.000Z</time>
        <extensions>
          <ns3:TrackPointExtension>
            <ns3:atemp>17.0</ns3:atemp>
            <ns3:hr>121</ns3:hr>
          </ns3:TrackPointExtension>
        </extensions>
      </trkpt>
      <trkpt lat="59.9784815870225429534912109375" lon="30.33283889293670654296875">
        <ele>5.19999980926513671875</ele>
        <time>2026-03-16T15:25:54.000Z</time>
        <extensions>
          <ns3:TrackPointExtension>
            <ns3:atemp>17.0</ns3:atemp>
            <ns3:hr>120</ns3:hr>
          </ns3:TrackPointExtension>
        </extensions>
      </trkpt>
      <trkpt lat="59.97849105857312679290771484375" lon="30.33296252600848674774169921875">
        <ele>5.19999980926513671875</ele>
        <time>2026-03-16T15:25:59.000Z</time>
        <extensions>
          <ns3:TrackPointExtension>
            <ns3:atemp>17.0</ns3:atemp>
            <ns3:hr>120</ns3:hr>
          </ns3:TrackPointExtension>
        </extensions>
      </trkpt>
      <trkpt lat="59.97826776467263698577880859375" lon="30.33310434781014919281005859375">
        <ele>5.19999980926513671875</ele>
        <time>2026-03-16T15:26:01.000Z</time>
        <extensions>
          <ns3:TrackPointExtension>
            <ns3:atemp>17.0</ns3:atemp>
            <ns3:hr>118</ns3:hr>
          </ns3:TrackPointExtension>
        </extensions>
      </trkpt>
      <trkpt lat="59.97826038859784603118896484375" lon="30.3332729078829288482666015625">
        <ele>5.400000095367431640625</ele>
        <time>2026-03-16T15:26:04.000Z</time>
        <extensions>
          <ns3:TrackPointExtension>
            <ns3:atemp>17.0</ns3:atemp>
            <ns3:hr>116</ns3:hr>
          </ns3:TrackPointExtension>
        </extensions>
      </trkpt>
      <trkpt lat="59.97828838415443897247314453125" lon="30.33330467529594898223876953125">
        <ele>5.599999904632568359375</ele>
        <time>2026-03-16T15:26:05.000Z</time>
        <extensions>
          <ns3:TrackPointExtension>
            <ns3:atemp>17.0</ns3:atemp>
            <ns3:hr>120</ns3:hr>
          </ns3:TrackPointExtension>
        </extensions>
      </trkpt>
      <trkpt lat="59.97829743660986423492431640625" lon="30.33337525092065334320068359375">
        <ele>5.400000095367431640625</ele>
        <time>2026-03-16T15:26:06.000Z</time>
        <extensions>
          <ns3:TrackPointExtension>
            <ns3:atemp>17.0</ns3:atemp>
            <ns3:hr>117</ns3:hr>
          </ns3:TrackPointExtension>
        </extensions>
      </trkpt>
      <trkpt lat="59.97838653624057769775390625" lon="30.33344398252665996551513671875">
        <ele>5.400000095367431640625</ele>
        <time>2026-03-16T15:26:10.000Z</time>
        <extensions>
          <ns3:TrackPointExtension>
            <ns3:atemp>17.0</ns3:atemp>
            <ns3:hr>119</ns3:hr>
          </ns3:TrackPointExtension>
        </extensions>
      </trkpt>
      <trkpt lat="59.9786478839814662933349609375" lon="30.3340363316237926483154296875">
        <ele>5.599999904632568359375</ele>
        <time>2026-03-16T15:26:21.000Z</time>
        <extensions>
          <ns3:TrackPointExtension>
            <ns3:atemp>17.0</ns3:atemp>
            <ns3:hr>119</ns3:hr>
          </ns3:TrackPointExtension>
        </extensions>
      </trkpt>
      <trkpt lat="59.97902163304388523101806640625" lon="30.33420883119106292724609375">
        <ele>5.599999904632568359375</ele>
        <time>2026-03-16T15:26:27.000Z</time>
        <extensions>
          <ns3:TrackPointExtension>
            <ns3:atemp>17.0</ns3:atemp>
            <ns3:hr>118</ns3:hr>
          </ns3:TrackPointExtension>
        </extensions>
      </trkpt>
      <trkpt lat="59.97905231080949306488037109375" lon="30.33497150056064128875732421875">
        <ele>5.80000019073486328125</ele>
        <time>2026-03-16T15:26:37.000Z</time>
        <extensions>
          <ns3:TrackPointExtension>
            <ns3:atemp>17.0</ns3:atemp>
            <ns3:hr>118</ns3:hr>
          </ns3:TrackPointExtension>
        </extensions>
      </trkpt>
      <trkpt lat="59.97904811985790729522705078125" lon="30.33555672504007816314697265625">
        <ele>6</ele>
        <time>2026-03-16T15:26:44.000Z</time>
        <extensions>
          <ns3:TrackPointExtension>
            <ns3:atemp>17.0</ns3:atemp>
            <ns3:hr>116</ns3:hr>
          </ns3:TrackPointExtension>
        </extensions>
      </trkpt>
      <trkpt lat="59.9790726788341999053955078125" lon="30.33564724959433078765869140625">
        <ele>5.80000019073486328125</ele>
        <time>2026-03-16T15:26:47.000Z</time>
        <extensions>
          <ns3:TrackPointExtension>
            <ns3:atemp>17.0</ns3:atemp>
            <ns3:hr>113</ns3:hr>
          </ns3:TrackPointExtension>
        </extensions>
      </trkpt>
      <trkpt lat="59.97909455560147762298583984375" lon="30.33568538725376129150390625">
        <ele>5.80000019073486328125</ele>
        <time>2026-03-16T15:26:49.000Z</time>
        <extensions>
          <ns3:TrackPointExtension>
            <ns3:atemp>17.0</ns3:atemp>
            <ns3:hr>110</ns3:hr>
          </ns3:TrackPointExtension>
        </extensions>
      </trkpt>
      <trkpt lat="59.979176111519336700439453125" lon="30.33581874333322048187255859375">
        <ele>5.599999904632568359375</ele>
        <time>2026-03-16T15:26:55.000Z</time>
        <extensions>
          <ns3:TrackPointExtension>
            <ns3:atemp>17.0</ns3:atemp>
            <ns3:hr>108</ns3:hr>
          </ns3:TrackPointExtension>
        </extensions>
      </trkpt>
      <trkpt lat="59.97930209152400493621826171875" lon="30.33591781742870807647705078125">
        <ele>5.599999904632568359375</ele>
        <time>2026-03-16T15:26:59.000Z</time>
        <extensions>
          <ns3:TrackPointExtension>
            <ns3:atemp>17.0</ns3:atemp>
            <ns3:hr>108</ns3:hr>
          </ns3:TrackPointExtension>
        </extensions>
      </trkpt>
      <trkpt lat="59.9793449230492115020751953125" lon="30.3359234333038330078125">
        <ele>5.599999904632568359375</ele>
        <time>2026-03-16T15:27:00.000Z</time>
        <extensions>
          <ns3:TrackPointExtension>
            <ns3:atemp>17.0</ns3:atemp>
            <ns3:hr>106</ns3:hr>
          </ns3:TrackPointExtension>
        </extensions>
      </trkpt>
      <trkpt lat="59.97936210595071315765380859375" lon="30.33595738001167774200439453125">
        <ele>5.599999904632568359375</ele>
        <time>2026-03-16T15:27:01.000Z</time>
        <extensions>
          <ns3:TrackPointExtension>
            <ns3:atemp>17.0</ns3:atemp>
            <ns3:hr>105</ns3:hr>
          </ns3:TrackPointExtension>
        </extensions>
      </trkpt>
      <trkpt lat="59.979424215853214263916015625" lon="30.33599317073822021484375">
        <ele>5.80000019073486328125</ele>
        <time>2026-03-16T15:27:03.000Z</time>
        <extensions>
          <ns3:TrackPointExtension>
            <ns3:atemp>17.0</ns3:atemp>
            <ns3:hr>105</ns3:hr>
          </ns3:TrackPointExtension>
        </extensions>
      </trkpt>
      <trkpt lat="59.97947107069194316864013671875" lon="30.33602896146476268768310546875">
        <ele>5.80000019073486328125</ele>
        <time>2026-03-16T15:27:05.000Z</time>
        <extensions>
          <ns3:TrackPointExtension>
            <ns3:atemp>17.0</ns3:atemp>
            <ns3:hr>107</ns3:hr>
          </ns3:TrackPointExtension>
        </extensions>
      </trkpt>
      <trkpt lat="59.9794086255133152008056640625" lon="30.3360979445278644561767578125">
        <ele>5.80000019073486328125</ele>
        <time>2026-03-16T15:27:07.000Z</time>
        <extensions>
          <ns3:TrackPointExtension>
            <ns3:atemp>17.0</ns3:atemp>
            <ns3:hr>107</ns3:hr>
          </ns3:TrackPointExtension>
        </extensions>
      </trkpt>
      <trkpt lat="59.97936964966356754302978515625" lon="30.336257703602313995361328125">
        <ele>6</ele>
        <time>2026-03-16T15:27:13.000Z</time>
        <extensions>
          <ns3:TrackPointExtension>
            <ns3:atemp>17.0</ns3:atemp>
            <ns3:hr>108</ns3:hr>
          </ns3:TrackPointExtension>
        </extensions>
      </trkpt>
      <trkpt lat="59.97945514507591724395751953125" lon="30.33643363974988460540771484375">
        <ele>6</ele>
        <time>2026-03-16T15:27:19.000Z</time>
        <extensions>
          <ns3:TrackPointExtension>
            <ns3:atemp>17.0</ns3:atemp>
            <ns3:hr>109</ns3:hr>
          </ns3:TrackPointExtension>
        </extensions>
      </trkpt>
      <trkpt lat="59.9794783629477024078369140625" lon="30.33645518124103546142578125">
        <ele>6.19999980926513671875</ele>
        <time>2026-03-16T15:27:21.000Z</time>
        <extensions>
          <ns3:TrackPointExtension>
            <ns3:atemp>17.0</ns3:atemp>
            <ns3:hr>108</ns3:hr>
          </ns3:TrackPointExtension>
        </extensions>
      </trkpt>
      <trkpt lat="59.9794894270598888397216796875" lon="30.33646616153419017791748046875">
        <ele>6.19999980926513671875</ele>
        <time>2026-03-16T15:27:22.000Z</time>
        <extensions>
          <ns3:TrackPointExtension>
            <ns3:atemp>17.0</ns3:atemp>
            <ns3:hr>105</ns3:hr>
          </ns3:TrackPointExtension>
        </extensions>
      </trkpt>
      <trkpt lat="59.97952069155871868133544921875" lon="30.33648108132183551788330078125">
        <ele>6.19999980926513671875</ele>
        <time>2026-03-16T15:27:24.000Z</time>
        <extensions>
          <ns3:TrackPointExtension>
            <ns3:atemp>17.0</ns3:atemp>
            <ns3:hr>105</ns3:hr>
          </ns3:TrackPointExtension>
        </extensions>
      </trkpt>
      <trkpt lat="59.97954499907791614532470703125" lon="30.336495749652385711669921875">
        <ele>6.19999980926513671875</ele>
        <time>2026-03-16T15:27:25.000Z</time>
        <extensions>
          <ns3:TrackPointExtension>
            <ns3:atemp>17.0</ns3:atemp>
            <ns3:hr>105</ns3:hr>
          </ns3:TrackPointExtension>
        </extensions>
      </trkpt>
      <trkpt lat="59.979648850858211517333984375" lon="30.3365317918360233306884765625">
        <ele>6.19999980926513671875</ele>
        <time>2026-03-16T15:27:28.000Z</time>
        <extensions>
          <ns3:TrackPointExtension>
            <ns3:atemp>17.0</ns3:atemp>
            <ns3:hr>105</ns3:hr>
          </ns3:TrackPointExtension>
        </extensions>
      </trkpt>
      <trkpt lat="59.97969587333500385284423828125" lon="30.336542017757892608642578125">
        <ele>6.19999980926513671875</ele>
        <time>2026-03-16T15:27:29.000Z</time>
        <extensions>
          <ns3:TrackPointExtension>
            <ns3:atemp>17.0</ns3:atemp>
            <ns3:hr>102</ns3:hr>
          </ns3:TrackPointExtension>
        </extensions>
      </trkpt>
      <trkpt lat="59.97980601154267787933349609375" lon="30.3365658223628997802734375">
        <ele>6</ele>
        <time>2026-03-16T15:27:32.000Z</time>
        <extensions>
          <ns3:TrackPointExtension>
            <ns3:atemp>17.0</ns3:atemp>
            <ns3:hr>97</ns3:hr>
          </ns3:TrackPointExtension>
        </extensions>
      </trkpt>
      <trkpt lat="59.97990290634334087371826171875" lon="30.33658384345471858978271484375">
        <ele>6.19999980926513671875</ele>
        <time>2026-03-16T15:27:35.000Z</time>
        <extensions>
          <ns3:TrackPointExtension>
            <ns3:atemp>17.0</ns3:atemp>
            <ns3:hr>98</ns3:hr>
          </ns3:TrackPointExtension>
        </extensions>
      </trkpt>
      <trkpt lat="59.979998879134654998779296875" lon="30.33659708686172962188720703125">
        <ele>6.400000095367431640625</ele>
        <time>2026-03-16T15:27:39.000Z</time>
        <extensions>
          <ns3:TrackPointExtension>
            <ns3:atemp>17.0</ns3:atemp>
            <ns3:hr>101</ns3:hr>
          </ns3:TrackPointExtension>
        </extensions>
      </trkpt>
      <trkpt lat="59.9800339154899120330810546875" lon="30.33660731278359889984130859375">
        <ele>6.599999904632568359375</ele>
        <time>2026-03-16T15:27:41.000Z</time>
        <extensions>
          <ns3:TrackPointExtension>
            <ns3:atemp>17.0</ns3:atemp>
            <ns3:hr>101</ns3:hr>
          </ns3:TrackPointExtension>
        </extensions>
      </trkpt>
      <trkpt lat="59.9800875596702098846435546875" lon="30.33671828918159008026123046875">
        <ele>6.400000095367431640625</ele>
        <time>2026-03-16T15:27:44.000Z</time>
        <extensions>
          <ns3:TrackPointExtension>
            <ns3:atemp>17.0</ns3:atemp>
            <ns3:hr>104</ns3:hr>
          </ns3:TrackPointExtension>
        </extensions>
      </trkpt>
      <trkpt lat="59.98009501956403255462646484375" lon="30.3367681615054607391357421875">
        <ele>6.400000095367431640625</ele>
        <time>2026-03-16T15:27:45.000Z</time>
        <extensions>
          <ns3:TrackPointExtension>
            <ns3:atemp>17.0</ns3:atemp>
            <ns3:hr>103</ns3:hr>
          </ns3:TrackPointExtension>
        </extensions>
      </trkpt>
      <trkpt lat="59.98010423965752124786376953125" lon="30.33678752370178699493408203125">
        <ele>6.400000095367431640625</ele>
        <time>2026-03-16T15:27:46.000Z</time>
        <extensions>
          <ns3:TrackPointExtension>
            <ns3:atemp>17.0</ns3:atemp>
            <ns3:hr>103</ns3:hr>
          </ns3:TrackPointExtension>
        </extensions>
      </trkpt>
      <trkpt lat="59.98017129488289356231689453125" lon="30.336785428225994110107421875">
        <ele>6.400000095367431640625</ele>
        <time>2026-03-16T15:27:50.000Z</time>
        <extensions>
          <ns3:TrackPointExtension>
            <ns3:atemp>17.0</ns3:atemp>
            <ns3:hr>106</ns3:hr>
          </ns3:TrackPointExtension>
        </extensions>
      </trkpt>
      <trkpt lat="59.98019635677337646484375" lon="30.33679875545203685760498046875">
        <ele>6.599999904632568359375</ele>
        <time>2026-03-16T15:27:52.000Z</time>
        <extensions>
          <ns3:TrackPointExtension>
            <ns3:atemp>17.0</ns3:atemp>
            <ns3:hr>107</ns3:hr>
          </ns3:TrackPointExtension>
        </extensions>
      </trkpt>
      <trkpt lat="59.98020909726619720458984375" lon="30.3367973305284976959228515625">
        <ele>6.400000095367431640625</ele>
        <time>2026-03-16T15:27:53.000Z</time>
        <extensions>
          <ns3:TrackPointExtension>
            <ns3:atemp>17.0</ns3:atemp>
            <ns3:hr>104</ns3:hr>
          </ns3:TrackPointExtension>
        </extensions>
      </trkpt>
      <trkpt lat="59.980234913527965545654296875" lon="30.3367886133491992950439453125">
        <ele>6.400000095367431640625</ele>
        <time>2026-03-16T15:27:54.000Z</time>
        <extensions>
          <ns3:TrackPointExtension>
            <ns3:atemp>17.0</ns3:atemp>
            <ns3:hr>105</ns3:hr>
          </ns3:TrackPointExtension>
        </extensions>
      </trkpt>
      <trkpt lat="59.980328120291233062744140625" lon="30.33675885759294033050537109375">
        <ele>6.400000095367431640625</ele>
        <time>2026-03-16T15:27:57.000Z</time>
        <extensions>
          <ns3:TrackPointExtension>
            <ns3:atemp>17.0</ns3:atemp>
            <ns3:hr>105</ns3:hr>
          </ns3:TrackPointExtension>
        </extensions>
      </trkpt>
      <trkpt lat="59.98045762069523334503173828125" lon="30.33672650344669818878173828125">
        <ele>6.80000019073486328125</ele>
        <time>2026-03-16T15:28:02.000Z</time>
        <extensions>
          <ns3:TrackPointExtension>
            <ns3:atemp>17.0</ns3:atemp>
            <ns3:hr>106</ns3:hr>
          </ns3:TrackPointExtension>
        </extensions>
      </trkpt>
      <trkpt lat="59.98047321103513240814208984375" lon="30.33671510405838489532470703125">
        <ele>6.80000019073486328125</ele>
        <time>2026-03-16T15:28:03.000Z</time>
        <extensions>
          <ns3:TrackPointExtension>
            <ns3:atemp>17.0</ns3:atemp>
            <ns3:hr>105</ns3:hr>
          </ns3:TrackPointExtension>
        </extensions>
      </trkpt>
      <trkpt lat="59.9805834330618381500244140625" lon="30.33669565804302692413330078125">
        <ele>6.400000095367431640625</ele>
        <time>2026-03-16T15:28:08.000Z</time>
        <extensions>
          <ns3:TrackPointExtension>
            <ns3:atemp>17.0</ns3:atemp>
            <ns3:hr>106</ns3:hr>
          </ns3:TrackPointExtension>
        </extensions>
      </trkpt>
      <trkpt lat="59.98077646829187870025634765625" lon="30.3366374038159847259521484375">
        <ele>6.19999980926513671875</ele>
        <time>2026-03-16T15:28:14.000Z</time>
        <extensions>
          <ns3:TrackPointExtension>
            <ns3:atemp>17.0</ns3:atemp>
            <ns3:hr>110</ns3:hr>
          </ns3:TrackPointExtension>
        </extensions>
      </trkpt>
      <trkpt lat="59.98079474084079265594482421875" lon="30.33663799054920673370361328125">
        <ele>6.400000095367431640625</ele>
        <time>2026-03-16T15:28:15.000Z</time>
        <extensions>
          <ns3:TrackPointExtension>
            <ns3:atemp>17.0</ns3:atemp>
            <ns3:hr>108</ns3:hr>
          </ns3:TrackPointExtension>
        </extensions>
      </trkpt>
      <trkpt lat="59.98086489737033843994140625" lon="30.336627177894115447998046875">
        <ele>6.80000019073486328125</ele>
        <time>2026-03-16T15:28:18.000Z</time>
        <extensions>
          <ns3:TrackPointExtension>
            <ns3:atemp>17.0</ns3:atemp>
            <ns3:hr>105</ns3:hr>
          </ns3:TrackPointExtension>
        </extensions>
      </trkpt>
      <trkpt lat="59.98099104501307010650634765625" lon="30.33655132167041301727294921875">
        <ele>6.80000019073486328125</ele>
        <time>2026-03-16T15:28:22.000Z</time>
        <extensions>
          <ns3:TrackPointExtension>
            <ns3:atemp>17.0</ns3:atemp>
            <ns3:hr>104</ns3:hr>
          </ns3:TrackPointExtension>
        </extensions>
      </trkpt>
      <trkpt lat="59.981225989758968353271484375" lon="30.336476303637027740478515625">
        <ele>6.80000019073486328125</ele>
        <time>2026-03-16T15:28:28.000Z</time>
        <extensions>
          <ns3:TrackPointExtension>
            <ns3:atemp>17.0</ns3:atemp>
            <ns3:hr>103</ns3:hr>
          </ns3:TrackPointExtension>
        </extensions>
      </trkpt>
      <trkpt lat="59.98142941854894161224365234375" lon="30.3363953344523906707763671875">
        <ele>7</ele>
        <time>2026-03-16T15:28:34.000Z</time>
        <extensions>
          <ns3:TrackPointExtension>
            <ns3:atemp>17.0</ns3:atemp>
            <ns3:hr>107</ns3:hr>
          </ns3:TrackPointExtension>
        </extensions>
      </trkpt>
      <trkpt lat="59.98150250874459743499755859375" lon="30.3363619744777679443359375">
        <ele>7</ele>
        <time>2026-03-16T15:28:36.000Z</time>
        <extensions>
          <ns3:TrackPointExtension>
            <ns3:atemp>17.0</ns3:atemp>
            <ns3:hr>113</ns3:hr>
          </ns3:TrackPointExtension>
        </extensions>
      </trkpt>
      <trkpt lat="59.98153318651020526885986328125" lon="30.33634680323302745819091796875">
        <ele>7</ele>
        <time>2026-03-16T15:28:37.000Z</time>
        <extensions>
          <ns3:TrackPointExtension>
            <ns3:atemp>17.0</ns3:atemp>
            <ns3:hr>116</ns3:hr>
          </ns3:TrackPointExtension>
        </extensions>
      </trkpt>
      <trkpt lat="59.98156453482806682586669921875" lon="30.33633624203503131866455078125">
        <ele>7</ele>
        <time>2026-03-16T15:28:38.000Z</time>
        <extensions>
          <ns3:TrackPointExtension>
            <ns3:atemp>17.0</ns3:atemp>
            <ns3:hr>120</ns3:hr>
          </ns3:TrackPointExtension>
        </extensions>
      </trkpt>
      <trkpt lat="59.98163527809083461761474609375" lon="30.33631025813519954681396484375">
        <ele>6.80000019073486328125</ele>
        <time>2026-03-16T15:28:40.000Z</time>
        <extensions>
          <ns3:TrackPointExtension>
            <ns3:atemp>17.0</ns3:atemp>
            <ns3:hr>121</ns3:hr>
          </ns3:TrackPointExtension>
        </extensions>
      </trkpt>
      <trkpt lat="59.98182353563606739044189453125" lon="30.33622291870415210723876953125">
        <ele>6.599999904632568359375</ele>
        <time>2026-03-16T15:28:45.000Z</time>
        <extensions>
          <ns3:TrackPointExtension>
            <ns3:atemp>17.0</ns3:atemp>
            <ns3:hr>117</ns3:hr>
          </ns3:TrackPointExtension>
        </extensions>
      </trkpt>
      <trkpt lat="59.98188941739499568939208984375" lon="30.33620774745941162109375">
        <ele>6.599999904632568359375</ele>
        <time>2026-03-16T15:28:47.000Z</time>
        <extensions>
          <ns3:TrackPointExtension>
            <ns3:atemp>17.0</ns3:atemp>
            <ns3:hr>116</ns3:hr>
          </ns3:TrackPointExtension>
        </extensions>
      </trkpt>
      <trkpt lat="59.9821843765676021575927734375" lon="30.33607070334255695343017578125">
        <ele>6.599999904632568359375</ele>
        <time>2026-03-16T15:28:52.000Z</time>
        <extensions>
          <ns3:TrackPointExtension>
            <ns3:atemp>17.0</ns3:atemp>
            <ns3:hr>116</ns3:hr>
          </ns3:TrackPointExtension>
        </extensions>
      </trkpt>
      <trkpt lat="59.982202313840389251708984375" lon="30.336075983941555023193359375">
        <ele>6.599999904632568359375</ele>
        <time>2026-03-16T15:28:53.000Z</time>
        <extensions>
          <ns3:TrackPointExtension>
            <ns3:atemp>17.0</ns3:atemp>
            <ns3:hr>113</ns3:hr>
          </ns3:TrackPointExtension>
        </extensions>
      </trkpt>
      <trkpt lat="59.98222620226442813873291015625" lon="30.3360843658447265625">
        <ele>6.599999904632568359375</ele>
        <time>2026-03-16T15:28:54.000Z</time>
        <extensions>
          <ns3:TrackPointExtension>
            <ns3:atemp>17.0</ns3:atemp>
            <ns3:hr>116</ns3:hr>
          </ns3:TrackPointExtension>
        </extensions>
      </trkpt>
      <trkpt lat="59.9822936765849590301513671875" lon="30.33611797727644443511962890625">
        <ele>6.80000019073486328125</ele>
        <time>2026-03-16T15:28:57.000Z</time>
        <extensions>
          <ns3:TrackPointExtension>
            <ns3:atemp>17.0</ns3:atemp>
            <ns3:hr>116</ns3:hr>
          </ns3:TrackPointExtension>
        </extensions>
      </trkpt>
      <trkpt lat="59.98245720751583576202392578125" lon="30.33614379353821277618408203125">
        <ele>7</ele>
        <time>2026-03-16T15:29:03.000Z</time>
        <extensions>
          <ns3:TrackPointExtension>
            <ns3:atemp>17.0</ns3:atemp>
            <ns3:hr>118</ns3:hr>
          </ns3:TrackPointExtension>
        </extensions>
      </trkpt>
      <trkpt lat="59.98257338069379329681396484375" lon="30.33616994507610797882080078125">
        <ele>7</ele>
        <time>2026-03-16T15:29:08.000Z</time>
        <extensions>
          <ns3:TrackPointExtension>
            <ns3:atemp>16.0</ns3:atemp>
            <ns3:hr>117</ns3:hr>
          </ns3:TrackPointExtension>
        </extensions>
      </trkpt>
      <trkpt lat="59.9826802499592304229736328125" lon="30.33619123511016368865966796875">
        <ele>6.80000019073486328125</ele>
        <time>2026-03-16T15:29:12.000Z</time>
        <extensions>
          <ns3:TrackPointExtension>
            <ns3:atemp>16.0</ns3:atemp>
            <ns3:hr>120</ns3:hr>
          </ns3:TrackPointExtension>
        </extensions>
      </trkpt>
      <trkpt lat="59.9826943315565586090087890625" lon="30.33621151931583881378173828125">
        <ele>6.80000019073486328125</ele>
        <time>2026-03-16T15:29:13.000Z</time>
        <extensions>
          <ns3:TrackPointExtension>
            <ns3:atemp>16.0</ns3:atemp>
            <ns3:hr>119</ns3:hr>
          </ns3:TrackPointExtension>
        </extensions>
      </trkpt>
      <trkpt lat="59.98283606953918933868408203125" lon="30.3362608887255191802978515625">
        <ele>6.80000019073486328125</ele>
        <time>2026-03-16T15:29:18.000Z</time>
        <extensions>
          <ns3:TrackPointExtension>
            <ns3:atemp>16.0</ns3:atemp>
            <ns3:hr>116</ns3:hr>
          </ns3:TrackPointExtension>
        </extensions>
      </trkpt>
      <trkpt lat="59.9829860217869281768798828125" lon="30.33618151210248470306396484375">
        <ele>7</ele>
        <time>2026-03-16T15:29:23.000Z</time>
        <extensions>
          <ns3:TrackPointExtension>
            <ns3:atemp>16.0</ns3:atemp>
            <ns3:hr>117</ns3:hr>
          </ns3:TrackPointExtension>
        </extensions>
      </trkpt>
      <trkpt lat="59.98316489160060882568359375" lon="30.33611630089581012725830078125">
        <ele>7</ele>
        <time>2026-03-16T15:29:28.000Z</time>
        <extensions>
          <ns3:TrackPointExtension>
            <ns3:atemp>16.0</ns3:atemp>
            <ns3:hr>118</ns3:hr>
          </ns3:TrackPointExtension>
        </extensions>
      </trkpt>
      <trkpt lat="59.98333479277789592742919921875" lon="30.33605955541133880615234375">
        <ele>7</ele>
        <time>2026-03-16T15:29:33.000Z</time>
        <extensions>
          <ns3:TrackPointExtension>
            <ns3:atemp>16.0</ns3:atemp>
            <ns3:hr>120</ns3:hr>
          </ns3:TrackPointExtension>
        </extensions>
      </trkpt>
      <trkpt lat="59.983574934303760528564453125" lon="30.3359051607549190521240234375">
        <ele>6.80000019073486328125</ele>
        <time>2026-03-16T15:29:39.000Z</time>
        <extensions>
          <ns3:TrackPointExtension>
            <ns3:atemp>16.0</ns3:atemp>
            <ns3:hr>118</ns3:hr>
          </ns3:TrackPointExtension>
        </extensions>
      </trkpt>
      <trkpt lat="59.98381021432578563690185546875" lon="30.33555638976395130157470703125">
        <ele>7</ele>
        <time>2026-03-16T15:29:45.000Z</time>
        <extensions>
          <ns3:TrackPointExtension>
            <ns3:atemp>16.0</ns3:atemp>
            <ns3:hr>118</ns3:hr>
          </ns3:TrackPointExtension>
        </extensions>
      </trkpt>
      <trkpt lat="59.98393929563462734222412109375" lon="30.3354126401245594024658203125">
        <ele>7.19999980926513671875</ele>
        <time>2026-03-16T15:29:51.000Z</time>
        <extensions>
          <ns3:TrackPointExtension>
            <ns3:atemp>16.0</ns3:atemp>
            <ns3:hr>116</ns3:hr>
          </ns3:TrackPointExtension>
        </extensions>
      </trkpt>
      <trkpt lat="59.98396125622093677520751953125" lon="30.33539713360369205474853515625">
        <ele>7.19999980926513671875</ele>
        <time>2026-03-16T15:29:52.000Z</time>
        <extensions>
          <ns3:TrackPointExtension>
            <ns3:atemp>16.0</ns3:atemp>
            <ns3:hr>117</ns3:hr>
          </ns3:TrackPointExtension>
        </extensions>
      </trkpt>
      <trkpt lat="59.98402445577085018157958984375" lon="30.33534877002239227294921875">
        <ele>7.400000095367431640625</ele>
        <time>2026-03-16T15:29:57.000Z</time>
        <extensions>
          <ns3:TrackPointExtension>
            <ns3:atemp>16.0</ns3:atemp>
            <ns3:hr>122</ns3:hr>
          </ns3:TrackPointExtension>
        </extensions>
      </trkpt>
      <trkpt lat="59.98403669334948062896728515625" lon="30.33534600399434566497802734375">
        <ele>7.400000095367431640625</ele>
        <time>2026-03-16T15:29:58.000Z</time>
        <extensions>
          <ns3:TrackPointExtension>
            <ns3:atemp>16.0</ns3:atemp>
            <ns3:hr>125</ns3:hr>
          </ns3:TrackPointExtension>
        </extensions>
      </trkpt>
      <trkpt lat="59.98404457233846187591552734375" lon="30.3353435732424259185791015625">
        <ele>7.400000095367431640625</ele>
        <time>2026-03-16T15:29:59.000Z</time>
        <extensions>
          <ns3:TrackPointExtension>
            <ns3:atemp>16.0</ns3:atemp>
            <ns3:hr>127</ns3:hr>
          </ns3:TrackPointExtension>
        </extensions>
      </trkpt>
      <trkpt lat="59.98407491482794284820556640625" lon="30.33528280444443225860595703125">
        <ele>7</ele>
        <time>2026-03-16T15:30:09.000Z</time>
        <extensions>
          <ns3:TrackPointExtension>
            <ns3:atemp>16.0</ns3:atemp>
            <ns3:hr>125</ns3:hr>
          </ns3:TrackPointExtension>
        </extensions>
      </trkpt>
      <trkpt lat="59.98408732004463672637939453125" lon="30.33526905812323093414306640625">
        <ele>7</ele>
        <time>2026-03-16T15:30:13.000Z</time>
        <extensions>
          <ns3:TrackPointExtension>
            <ns3:atemp>16.0</ns3:atemp>
            <ns3:hr>128</ns3:hr>
          </ns3:TrackPointExtension>
        </extensions>
      </trkpt>
      <trkpt lat="59.984087236225605010986328125" lon="30.33526897430419921875">
        <ele>7</ele>
        <time>2026-03-16T15:30:14.000Z</time>
        <extensions>
          <ns3:TrackPointExtension>
            <ns3:atemp>16.0</ns3:atemp>
            <ns3:hr>125</ns3:hr>
          </ns3:TrackPointExtension>
        </extensions>
      </trkpt>
      <trkpt lat="59.98408514074981212615966796875" lon="30.33528381027281284332275390625">
        <ele>6.19999980926513671875</ele>
        <time>2026-03-16T15:30:20.000Z</time>
        <extensions>
          <ns3:TrackPointExtension>
            <ns3:atemp>16.0</ns3:atemp>
            <ns3:hr>121</ns3:hr>
          </ns3:TrackPointExtension>
        </extensions>
      </trkpt>
      <trkpt lat="59.984084554016590118408203125" lon="30.335283391177654266357421875">
        <ele>6</ele>
        <time>2026-03-16T15:30:21.000Z</time>
        <extensions>
          <ns3:TrackPointExtension>
            <ns3:atemp>16.0</ns3:atemp>
            <ns3:hr>122</ns3:hr>
          </ns3:TrackPointExtension>
        </extensions>
      </trkpt>
      <trkpt lat="59.98408245854079723358154296875" lon="30.33527475781738758087158203125">
        <ele>5.80000019073486328125</ele>
        <time>2026-03-16T15:30:30.000Z</time>
        <extensions>
          <ns3:TrackPointExtension>
            <ns3:atemp>17.0</ns3:atemp>
            <ns3:hr>119</ns3:hr>
          </ns3:TrackPointExtension>
        </extensions>
      </trkpt>
      <trkpt lat="59.9840877391397953033447265625" lon="30.33526821993291378021240234375">
        <ele>5.80000019073486328125</ele>
        <time>2026-03-16T15:30:33.000Z</time>
        <extensions>
          <ns3:TrackPointExtension>
            <ns3:atemp>17.0</ns3:atemp>
            <ns3:hr>117</ns3:hr>
          </ns3:TrackPointExtension>
        </extensions>
      </trkpt>
      <trkpt lat="59.9840880744159221649169921875" lon="30.3352637775242328643798828125">
        <ele>5.80000019073486328125</ele>
        <time>2026-03-16T15:30:35.000Z</time>
        <extensions>
          <ns3:TrackPointExtension>
            <ns3:atemp>17.0</ns3:atemp>
            <ns3:hr>114</ns3:hr>
          </ns3:TrackPointExtension>
        </extensions>
      </trkpt>
      <trkpt lat="59.9840880744159221649169921875" lon="30.33526352606713771820068359375">
        <ele>5.599999904632568359375</ele>
        <time>2026-03-16T15:30:36.000Z</time>
        <extensions>
          <ns3:TrackPointExtension>
            <ns3:atemp>17.0</ns3:atemp>
            <ns3:hr>117</ns3:hr>
          </ns3:TrackPointExtension>
        </extensions>
      </trkpt>
      <trkpt lat="59.98409737832844257354736328125" lon="30.3352869115769863128662109375">
        <ele>5.19999980926513671875</ele>
        <time>2026-03-16T15:30:42.000Z</time>
        <extensions>
          <ns3:TrackPointExtension>
            <ns3:atemp>17.0</ns3:atemp>
            <ns3:hr>115</ns3:hr>
          </ns3:TrackPointExtension>
        </extensions>
      </trkpt>
      <trkpt lat="59.984104670584201812744140625" lon="30.3353234566748142242431640625">
        <ele>5.19999980926513671875</ele>
        <time>2026-03-16T15:30:44.000Z</time>
        <extensions>
          <ns3:TrackPointExtension>
            <ns3:atemp>17.0</ns3:atemp>
            <ns3:hr>113</ns3:hr>
          </ns3:TrackPointExtension>
        </extensions>
      </trkpt>
      <trkpt lat="59.984123446047306060791015625" lon="30.33541037701070308685302734375">
        <ele>5</ele>
        <time>2026-03-16T15:30:50.000Z</time>
        <extensions>
          <ns3:TrackPointExtension>
            <ns3:atemp>17.0</ns3:atemp>
            <ns3:hr>109</ns3:hr>
          </ns3:TrackPointExtension>
        </extensions>
      </trkpt>
      <trkpt lat="59.984126128256320953369140625" lon="30.33542781136929988861083984375">
        <ele>5</ele>
        <time>2026-03-16T15:30:51.000Z</time>
        <extensions>
          <ns3:TrackPointExtension>
            <ns3:atemp>17.0</ns3:atemp>
            <ns3:hr>113</ns3:hr>
          </ns3:TrackPointExtension>
        </extensions>
      </trkpt>
      <trkpt lat="59.98413157649338245391845703125" lon="30.33545228652656078338623046875">
        <ele>5</ele>
        <time>2026-03-16T15:30:52.000Z</time>
        <extensions>
          <ns3:TrackPointExtension>
            <ns3:atemp>17.0</ns3:atemp>
            <ns3:hr>113</ns3:hr>
          </ns3:TrackPointExtension>
        </extensions>
      </trkpt>
      <trkpt lat="59.9841494299471378326416015625" lon="30.33550031483173370361328125">
        <ele>4.599999904632568359375</ele>
        <time>2026-03-16T15:30:54.000Z</time>
        <extensions>
          <ns3:TrackPointExtension>
            <ns3:atemp>17.0</ns3:atemp>
            <ns3:hr>117</ns3:hr>
          </ns3:TrackPointExtension>
        </extensions>
      </trkpt>
      <trkpt lat="59.98416879214346408843994140625" lon="30.33554297871887683868408203125">
        <ele>4.599999904632568359375</ele>
        <time>2026-03-16T15:30:56.000Z</time>
        <extensions>
          <ns3:TrackPointExtension>
            <ns3:atemp>17.0</ns3:atemp>
            <ns3:hr>119</ns3:hr>
          </ns3:TrackPointExtension>
        </extensions>
      </trkpt>
      <trkpt lat="59.98419511131942272186279296875" lon="30.33559997566044330596923828125">
        <ele>4.80000019073486328125</ele>
        <time>2026-03-16T15:31:02.000Z</time>
        <extensions>
          <ns3:TrackPointExtension>
            <ns3:atemp>17.0</ns3:atemp>
            <ns3:hr>119</ns3:hr>
          </ns3:TrackPointExtension>
        </extensions>
      </trkpt>
      <trkpt lat="59.9842486716806888580322265625" lon="30.335571058094501495361328125">
        <ele>4.19999980926513671875</ele>
        <time>2026-03-16T15:31:09.000Z</time>
        <extensions>
          <ns3:TrackPointExtension>
            <ns3:atemp>17.0</ns3:atemp>
            <ns3:hr>121</ns3:hr>
          </ns3:TrackPointExtension>
        </extensions>
      </trkpt>
      <trkpt lat="59.9842907488346099853515625" lon="30.335557647049427032470703125">
        <ele>4</ele>
        <time>2026-03-16T15:31:14.000Z</time>
        <extensions>
          <ns3:TrackPointExtension>
            <ns3:atemp>17.0</ns3:atemp>
            <ns3:hr>122</ns3:hr>
          </ns3:TrackPointExtension>
        </extensions>
      </trkpt>
      <trkpt lat="59.98430709354579448699951171875" lon="30.3355611674487590789794921875">
        <ele>4</ele>
        <time>2026-03-16T15:31:16.000Z</time>
        <extensions>
          <ns3:TrackPointExtension>
            <ns3:atemp>17.0</ns3:atemp>
            <ns3:hr>122</ns3:hr>
          </ns3:TrackPointExtension>
        </extensions>
      </trkpt>
      <trkpt lat="59.98431765474379062652587890625" lon="30.33553258515894412994384765625">
        <ele>3.400000095367431640625</ele>
        <time>2026-03-16T15:31:27.000Z</time>
        <extensions>
          <ns3:TrackPointExtension>
            <ns3:atemp>17.0</ns3:atemp>
            <ns3:hr>122</ns3:hr>
          </ns3:TrackPointExtension>
        </extensions>
      </trkpt>
      <trkpt lat="59.984318576753139495849609375" lon="30.33552705310285091400146484375">
        <ele>3</ele>
        <time>2026-03-16T15:31:31.000Z</time>
        <extensions>
          <ns3:TrackPointExtension>
            <ns3:atemp>17.0</ns3:atemp>
            <ns3:hr>119</ns3:hr>
          </ns3:TrackPointExtension>
        </extensions>
      </trkpt>
      <trkpt lat="59.984311200678348541259765625" lon="30.33551967702805995941162109375">
        <ele>2.2000000476837158203125</ele>
        <time>2026-03-16T15:31:38.000Z</time>
        <extensions>
          <ns3:TrackPointExtension>
            <ns3:atemp>17.0</ns3:atemp>
            <ns3:hr>117</ns3:hr>
          </ns3:TrackPointExtension>
        </extensions>
      </trkpt>
      <trkpt lat="59.9842889048159122467041015625" lon="30.33553761430084705352783203125">
        <ele>2</ele>
        <time>2026-03-16T15:31:48.000Z</time>
        <extensions>
          <ns3:TrackPointExtension>
            <ns3:atemp>17.0</ns3:atemp>
            <ns3:hr>121</ns3:hr>
          </ns3:TrackPointExtension>
        </extensions>
      </trkpt>
      <trkpt lat="59.98428739607334136962890625" lon="30.33554649911820888519287109375">
        <ele>1.7999999523162841796875</ele>
        <time>2026-03-16T15:31:49.000Z</time>
        <extensions>
          <ns3:TrackPointExtension>
            <ns3:atemp>17.0</ns3:atemp>
            <ns3:hr>123</ns3:hr>
          </ns3:TrackPointExtension>
        </extensions>
      </trkpt>
      <trkpt lat="59.98428127728402614593505859375" lon="30.335560999810695648193359375">
        <ele>1.39999997615814208984375</ele>
        <time>2026-03-16T15:31:54.000Z</time>
        <extensions>
          <ns3:TrackPointExtension>
            <ns3:atemp>17.0</ns3:atemp>
            <ns3:hr>124</ns3:hr>
          </ns3:TrackPointExtension>
        </extensions>
      </trkpt>
      <trkpt lat="59.9842925928533077239990234375" lon="30.33554591238498687744140625">
        <ele>1.2000000476837158203125</ele>
        <time>2026-03-16T15:31:55.000Z</time>
        <extensions>
          <ns3:TrackPointExtension>
            <ns3:atemp>17.0</ns3:atemp>
            <ns3:hr>123</ns3:hr>
          </ns3:TrackPointExtension>
        </extensions>
      </trkpt>
      <trkpt lat="59.98431011103093624114990234375" lon="30.3355330042541027069091796875">
        <ele>1.2000000476837158203125</ele>
        <time>2026-03-16T15:31:56.000Z</time>
        <extensions>
          <ns3:TrackPointExtension>
            <ns3:atemp>17.0</ns3:atemp>
            <ns3:hr>122</ns3:hr>
          </ns3:TrackPointExtension>
        </extensions>
      </trkpt>
      <trkpt lat="59.984372220933437347412109375" lon="30.33552755601704120635986328125">
        <ele>0.800000011920928955078125</ele>
        <time>2026-03-16T15:32:01.000Z</time>
        <extensions>
          <ns3:TrackPointExtension>
            <ns3:atemp>17.0</ns3:atemp>
            <ns3:hr>120</ns3:hr>
          </ns3:TrackPointExtension>
        </extensions>
      </trkpt>
      <trkpt lat="59.984384290874004364013671875" lon="30.33554725348949432373046875">
        <ele>1</ele>
        <time>2026-03-16T15:32:06.000Z</time>
        <extensions>
          <ns3:TrackPointExtension>
            <ns3:atemp>17.0</ns3:atemp>
            <ns3:hr>119</ns3:hr>
          </ns3:TrackPointExtension>
        </extensions>
      </trkpt>
      <trkpt lat="59.98446014709770679473876953125" lon="30.33545496873557567596435546875">
        <ele>1.2000000476837158203125</ele>
        <time>2026-03-16T15:32:12.000Z</time>
        <extensions>
          <ns3:TrackPointExtension>
            <ns3:atemp>17.0</ns3:atemp>
            <ns3:hr>122</ns3:hr>
          </ns3:TrackPointExtension>
        </extensions>
      </trkpt>
      <trkpt lat="59.98454933054745197296142578125" lon="30.33537852577865123748779296875">
        <ele>1</ele>
        <time>2026-03-16T15:32:16.000Z</time>
        <extensions>
          <ns3:TrackPointExtension>
            <ns3:atemp>17.0</ns3:atemp>
            <ns3:hr>119</ns3:hr>
          </ns3:TrackPointExtension>
        </extensions>
      </trkpt>
      <trkpt lat="59.98457707464694976806640625" lon="30.335355140268802642822265625">
        <ele>1</ele>
        <time>2026-03-16T15:32:18.000Z</time>
        <extensions>
          <ns3:TrackPointExtension>
            <ns3:atemp>17.0</ns3:atemp>
            <ns3:hr>122</ns3:hr>
          </ns3:TrackPointExtension>
        </extensions>
      </trkpt>
      <trkpt lat="59.98471898026764392852783203125" lon="30.3352922759950160980224609375">
        <ele>0.800000011920928955078125</ele>
        <time>2026-03-16T15:32:22.000Z</time>
        <extensions>
          <ns3:TrackPointExtension>
            <ns3:atemp>17.0</ns3:atemp>
            <ns3:hr>119</ns3:hr>
          </ns3:TrackPointExtension>
        </extensions>
      </trkpt>
      <trkpt lat="59.9847569502890110015869140625" lon="30.33527140505611896514892578125">
        <ele>0.800000011920928955078125</ele>
        <time>2026-03-16T15:32:23.000Z</time>
        <extensions>
          <ns3:TrackPointExtension>
            <ns3:atemp>17.0</ns3:atemp>
            <ns3:hr>112</ns3:hr>
          </ns3:TrackPointExtension>
        </extensions>
      </trkpt>
      <trkpt lat="59.98496524058282375335693359375" lon="30.33512807451188564300537109375">
        <ele>1</ele>
        <time>2026-03-16T15:32:30.000Z</time>
        <extensions>
          <ns3:TrackPointExtension>
            <ns3:atemp>17.0</ns3:atemp>
            <ns3:hr>109</ns3:hr>
          </ns3:TrackPointExtension>
        </extensions>
      </trkpt>
      <trkpt lat="59.98494361527264118194580078125" lon="30.33518314361572265625">
        <ele>1.39999997615814208984375</ele>
        <time>2026-03-16T15:32:32.000Z</time>
        <extensions>
          <ns3:TrackPointExtension>
            <ns3:atemp>17.0</ns3:atemp>
            <ns3:hr>112</ns3:hr>
          </ns3:TrackPointExtension>
        </extensions>
      </trkpt>
      <trkpt lat="59.98494395054876804351806640625" lon="30.33519923686981201171875">
        <ele>1.60000002384185791015625</ele>
        <time>2026-03-16T15:32:34.000Z</time>
        <extensions>
          <ns3:TrackPointExtension>
            <ns3:atemp>17.0</ns3:atemp>
            <ns3:hr>112</ns3:hr>
          </ns3:TrackPointExtension>
        </extensions>
      </trkpt>
      <trkpt lat="59.98502927832305431365966796875" lon="30.33515087328851222991943359375">
        <ele>2</ele>
        <time>2026-03-16T15:32:38.000Z</time>
        <extensions>
          <ns3:TrackPointExtension>
            <ns3:atemp>17.0</ns3:atemp>
            <ns3:hr>114</ns3:hr>
          </ns3:TrackPointExtension>
        </extensions>
      </trkpt>
      <trkpt lat="59.98536698520183563232421875" lon="30.335241816937923431396484375">
        <ele>2.7999999523162841796875</ele>
        <time>2026-03-16T15:32:44.000Z</time>
        <extensions>
          <ns3:TrackPointExtension>
            <ns3:atemp>17.0</ns3:atemp>
            <ns3:hr>112</ns3:hr>
          </ns3:TrackPointExtension>
        </extensions>
      </trkpt>
      <trkpt lat="59.98541124165058135986328125" lon="30.3352141566574573516845703125">
        <ele>2.7999999523162841796875</ele>
        <time>2026-03-16T15:32:46.000Z</time>
        <extensions>
          <ns3:TrackPointExtension>
            <ns3:atemp>17.0</ns3:atemp>
            <ns3:hr>113</ns3:hr>
          </ns3:TrackPointExtension>
        </extensions>
      </trkpt>
      <trkpt lat="59.98547553084790706634521484375" lon="30.33516814000904560089111328125">
        <ele>3.2000000476837158203125</ele>
        <time>2026-03-16T15:32:49.000Z</time>
        <extensions>
          <ns3:TrackPointExtension>
            <ns3:atemp>17.0</ns3:atemp>
            <ns3:hr>113</ns3:hr>
          </ns3:TrackPointExtension>
        </extensions>
      </trkpt>
      <trkpt lat="59.98560377396643161773681640625" lon="30.3350844047963619232177734375">
        <ele>3.400000095367431640625</ele>
        <time>2026-03-16T15:32:54.000Z</time>
        <extensions>
          <ns3:TrackPointExtension>
            <ns3:atemp>17.0</ns3:atemp>
            <ns3:hr>113</ns3:hr>
          </ns3:TrackPointExtension>
        </extensions>
      </trkpt>
      <trkpt lat="59.98582522384822368621826171875" lon="30.334934033453464508056640625">
        <ele>3</ele>
        <time>2026-03-16T15:33:02.000Z</time>
        <extensions>
          <ns3:TrackPointExtension>
            <ns3:atemp>17.0</ns3:atemp>
            <ns3:hr>111</ns3:hr>
          </ns3:TrackPointExtension>
        </extensions>
      </trkpt>
      <trkpt lat="59.98599286191165447235107421875" lon="30.33487812615931034088134765625">
        <ele>3</ele>
        <time>2026-03-16T15:33:08.000Z</time>
        <extensions>
          <ns3:TrackPointExtension>
            <ns3:atemp>17.0</ns3:atemp>
            <ns3:hr>109</ns3:hr>
          </ns3:TrackPointExtension>
        </extensions>
      </trkpt>
      <trkpt lat="59.98604399152100086212158203125" lon="30.3348653018474578857421875">
        <ele>3</ele>
        <time>2026-03-16T15:33:10.000Z</time>
        <extensions>
          <ns3:TrackPointExtension>
            <ns3:atemp>17.0</ns3:atemp>
            <ns3:hr>112</ns3:hr>
          </ns3:TrackPointExtension>
        </extensions>
      </trkpt>
      <trkpt lat="59.9861895851790904998779296875" lon="30.33479028381407260894775390625">
        <ele>3</ele>
        <time>2026-03-16T15:33:15.000Z</time>
        <extensions>
          <ns3:TrackPointExtension>
            <ns3:atemp>17.0</ns3:atemp>
            <ns3:hr>113</ns3:hr>
          </ns3:TrackPointExtension>
        </extensions>
      </trkpt>
      <trkpt lat="59.9863716401159763336181640625" lon="30.33469858579337596893310546875">
        <ele>3</ele>
        <time>2026-03-16T15:33:18.000Z</time>
        <extensions>
          <ns3:TrackPointExtension>
            <ns3:atemp>17.0</ns3:atemp>
            <ns3:hr>116</ns3:hr>
          </ns3:TrackPointExtension>
        </extensions>
      </trkpt>
      <trkpt lat="59.98643375001847743988037109375" lon="30.3346441872417926788330078125">
        <ele>3.2000000476837158203125</ele>
        <time>2026-03-16T15:33:21.000Z</time>
        <extensions>
          <ns3:TrackPointExtension>
            <ns3:atemp>17.0</ns3:atemp>
            <ns3:hr>114</ns3:hr>
          </ns3:TrackPointExtension>
        </extensions>
      </trkpt>
      <trkpt lat="59.98650868423283100128173828125" lon="30.33460177481174468994140625">
        <ele>3.400000095367431640625</ele>
        <time>2026-03-16T15:33:24.000Z</time>
        <extensions>
          <ns3:TrackPointExtension>
            <ns3:atemp>17.0</ns3:atemp>
            <ns3:hr>117</ns3:hr>
          </ns3:TrackPointExtension>
        </extensions>
      </trkpt>
      <trkpt lat="59.9865657649934291839599609375" lon="30.3345756232738494873046875">
        <ele>3.400000095367431640625</ele>
        <time>2026-03-16T15:33:26.000Z</time>
        <extensions>
          <ns3:TrackPointExtension>
            <ns3:atemp>17.0</ns3:atemp>
            <ns3:hr>116</ns3:hr>
          </ns3:TrackPointExtension>
        </extensions>
      </trkpt>
      <trkpt lat="59.98674958012998104095458984375" lon="30.33450144343078136444091796875">
        <ele>3.400000095367431640625</ele>
        <time>2026-03-16T15:33:32.000Z</time>
        <extensions>
          <ns3:TrackPointExtension>
            <ns3:atemp>17.0</ns3:atemp>
            <ns3:hr>115</ns3:hr>
          </ns3:TrackPointExtension>
        </extensions>
      </trkpt>
      <trkpt lat="59.9868085049092769622802734375" lon="30.33445484004914760589599609375">
        <ele>3.400000095367431640625</ele>
        <time>2026-03-16T15:33:34.000Z</time>
        <extensions>
          <ns3:TrackPointExtension>
            <ns3:atemp>17.0</ns3:atemp>
            <ns3:hr>118</ns3:hr>
          </ns3:TrackPointExtension>
        </extensions>
      </trkpt>
      <trkpt lat="59.98683926649391651153564453125" lon="30.33443220891058444976806640625">
        <ele>3.400000095367431640625</ele>
        <time>2026-03-16T15:33:35.000Z</time>
        <extensions>
          <ns3:TrackPointExtension>
            <ns3:atemp>17.0</ns3:atemp>
            <ns3:hr>121</ns3:hr>
          </ns3:TrackPointExtension>
        </extensions>
      </trkpt>
      <trkpt lat="59.9869251810014247894287109375" lon="30.33440488390624523162841796875">
        <ele>3.599999904632568359375</ele>
        <time>2026-03-16T15:33:38.000Z</time>
        <extensions>
          <ns3:TrackPointExtension>
            <ns3:atemp>17.0</ns3:atemp>
            <ns3:hr>119</ns3:hr>
          </ns3:TrackPointExtension>
        </extensions>
      </trkpt>
      <trkpt lat="59.98713229782879352569580078125" lon="30.33437152393162250518798828125">
        <ele>3.599999904632568359375</ele>
        <time>2026-03-16T15:33:46.000Z</time>
        <extensions>
          <ns3:TrackPointExtension>
            <ns3:atemp>17.0</ns3:atemp>
            <ns3:hr>118</ns3:hr>
          </ns3:TrackPointExtension>
        </extensions>
      </trkpt>
      <trkpt lat="59.98730965889990329742431640625" lon="30.33413104712963104248046875">
        <ele>4</ele>
        <time>2026-03-16T15:33:52.000Z</time>
        <extensions>
          <ns3:TrackPointExtension>
            <ns3:atemp>17.0</ns3:atemp>
            <ns3:hr>118</ns3:hr>
          </ns3:TrackPointExtension>
        </extensions>
      </trkpt>
      <trkpt lat="59.98765918426215648651123046875" lon="30.33392828889191150665283203125">
        <ele>4.19999980926513671875</ele>
        <time>2026-03-16T15:34:00.000Z</time>
        <extensions>
          <ns3:TrackPointExtension>
            <ns3:atemp>17.0</ns3:atemp>
            <ns3:hr>117</ns3:hr>
          </ns3:TrackPointExtension>
        </extensions>
      </trkpt>
      <trkpt lat="59.98791106045246124267578125" lon="30.3337805159389972686767578125">
        <ele>4.400000095367431640625</ele>
        <time>2026-03-16T15:34:08.000Z</time>
        <extensions>
          <ns3:TrackPointExtension>
            <ns3:atemp>17.0</ns3:atemp>
            <ns3:hr>114</ns3:hr>
          </ns3:TrackPointExtension>
        </extensions>
      </trkpt>
      <trkpt lat="59.98794785700738430023193359375" lon="30.33374355174601078033447265625">
        <ele>4.400000095367431640625</ele>
        <time>2026-03-16T15:34:09.000Z</time>
        <extensions>
          <ns3:TrackPointExtension>
            <ns3:atemp>17.0</ns3:atemp>
            <ns3:hr>114</ns3:hr>
          </ns3:TrackPointExtension>
        </extensions>
      </trkpt>
      <trkpt lat="59.98811616562306880950927734375" lon="30.33359804190695285797119140625">
        <ele>4.400000095367431640625</ele>
        <time>2026-03-16T15:34:15.000Z</time>
        <extensions>
          <ns3:TrackPointExtension>
            <ns3:atemp>17.0</ns3:atemp>
            <ns3:hr>114</ns3:hr>
          </ns3:TrackPointExtension>
        </extensions>
      </trkpt>
      <trkpt lat="59.9883408844470977783203125" lon="30.33365386538207530975341796875">
        <ele>4.599999904632568359375</ele>
        <time>2026-03-16T15:34:20.000Z</time>
        <extensions>
          <ns3:TrackPointExtension>
            <ns3:atemp>17.0</ns3:atemp>
            <ns3:hr>114</ns3:hr>
          </ns3:TrackPointExtension>
        </extensions>
      </trkpt>
      <trkpt lat="59.98837172985076904296875" lon="30.333694182336330413818359375">
        <ele>4.599999904632568359375</ele>
        <time>2026-03-16T15:34:21.000Z</time>
        <extensions>
          <ns3:TrackPointExtension>
            <ns3:atemp>17.0</ns3:atemp>
            <ns3:hr>118</ns3:hr>
          </ns3:TrackPointExtension>
        </extensions>
      </trkpt>
      <trkpt lat="59.9883990548551082611083984375" lon="30.3339122794568538665771484375">
        <ele>4.599999904632568359375</ele>
        <time>2026-03-16T15:34:26.000Z</time>
        <extensions>
          <ns3:TrackPointExtension>
            <ns3:atemp>17.0</ns3:atemp>
            <ns3:hr>118</ns3:hr>
          </ns3:TrackPointExtension>
        </extensions>
      </trkpt>
      <trkpt lat="59.988390505313873291015625" lon="30.33397204242646694183349609375">
        <ele>4.80000019073486328125</ele>
        <time>2026-03-16T15:34:31.000Z</time>
        <extensions>
          <ns3:TrackPointExtension>
            <ns3:atemp>17.0</ns3:atemp>
            <ns3:hr>117</ns3:hr>
          </ns3:TrackPointExtension>
        </extensions>
      </trkpt>
      <trkpt lat="59.98838488943874835968017578125" lon="30.3339759819209575653076171875">
        <ele>5</ele>
        <time>2026-03-16T15:34:32.000Z</time>
        <extensions>
          <ns3:TrackPointExtension>
            <ns3:atemp>17.0</ns3:atemp>
            <ns3:hr>118</ns3:hr>
          </ns3:TrackPointExtension>
        </extensions>
      </trkpt>
      <trkpt lat="59.9883730709552764892578125" lon="30.33397807739675045013427734375">
        <ele>4.599999904632568359375</ele>
        <time>2026-03-16T15:34:37.000Z</time>
        <extensions>
          <ns3:TrackPointExtension>
            <ns3:atemp>17.0</ns3:atemp>
            <ns3:hr>115</ns3:hr>
          </ns3:TrackPointExtension>
        </extensions>
      </trkpt>
      <trkpt lat="59.98836846090853214263916015625" lon="30.3339816816151142120361328125">
        <ele>4.400000095367431640625</ele>
        <time>2026-03-16T15:34:41.000Z</time>
        <extensions>
          <ns3:TrackPointExtension>
            <ns3:atemp>17.0</ns3:atemp>
            <ns3:hr>115</ns3:hr>
          </ns3:TrackPointExtension>
        </extensions>
      </trkpt>
      <trkpt lat="59.98836209066212177276611328125" lon="30.333964414894580841064453125">
        <ele>4</ele>
        <time>2026-03-16T15:34:48.000Z</time>
        <extensions>
          <ns3:TrackPointExtension>
            <ns3:atemp>17.0</ns3:atemp>
            <ns3:hr>113</ns3:hr>
          </ns3:TrackPointExtension>
        </extensions>
      </trkpt>
      <trkpt lat="59.98836209066212177276611328125" lon="30.3339649178087711334228515625">
        <ele>4</ele>
        <time>2026-03-16T15:34:49.000Z</time>
        <extensions>
          <ns3:TrackPointExtension>
            <ns3:atemp>17.0</ns3:atemp>
            <ns3:hr>112</ns3:hr>
          </ns3:TrackPointExtension>
        </extensions>
      </trkpt>
      <trkpt lat="59.9883623421192169189453125" lon="30.3339706175029277801513671875">
        <ele>3.7999999523162841796875</ele>
        <time>2026-03-16T15:34:53.000Z</time>
        <extensions>
          <ns3:TrackPointExtension>
            <ns3:atemp>17.0</ns3:atemp>
            <ns3:hr>108</ns3:hr>
          </ns3:TrackPointExtension>
        </extensions>
      </trkpt>
      <trkpt lat="59.98836033046245574951171875" lon="30.3339853696525096893310546875">
        <ele>3.400000095367431640625</ele>
        <time>2026-03-16T15:34:58.000Z</time>
        <extensions>
          <ns3:TrackPointExtension>
            <ns3:atemp>17.0</ns3:atemp>
            <ns3:hr>111</ns3:hr>
          </ns3:TrackPointExtension>
        </extensions>
      </trkpt>
      <trkpt lat="59.988358654081821441650390625" lon="30.3339843638241291046142578125">
        <ele>3.400000095367431640625</ele>
        <time>2026-03-16T15:34:59.000Z</time>
        <extensions>
          <ns3:TrackPointExtension>
            <ns3:atemp>17.0</ns3:atemp>
            <ns3:hr>112</ns3:hr>
          </ns3:TrackPointExtension>
        </extensions>
      </trkpt>
      <trkpt lat="59.98835220001637935638427734375" lon="30.33398754894733428955078125">
        <ele>3.400000095367431640625</ele>
        <time>2026-03-16T15:35:01.000Z</time>
        <extensions>
          <ns3:TrackPointExtension>
            <ns3:atemp>17.0</ns3:atemp>
            <ns3:hr>109</ns3:hr>
          </ns3:TrackPointExtension>
        </extensions>
      </trkpt>
      <trkpt lat="59.9883682094514369964599609375" lon="30.33398226834833621978759765625">
        <ele>3.400000095367431640625</ele>
        <time>2026-03-16T15:35:04.000Z</time>
        <extensions>
          <ns3:TrackPointExtension>
            <ns3:atemp>17.0</ns3:atemp>
            <ns3:hr>110</ns3:hr>
          </ns3:TrackPointExtension>
        </extensions>
      </trkpt>
      <trkpt lat="59.9884057603776454925537109375" lon="30.3339736349880695343017578125">
        <ele>3.2000000476837158203125</ele>
        <time>2026-03-16T15:35:06.000Z</time>
        <extensions>
          <ns3:TrackPointExtension>
            <ns3:atemp>18.0</ns3:atemp>
            <ns3:hr>108</ns3:hr>
          </ns3:TrackPointExtension>
        </extensions>
      </trkpt>
      <trkpt lat="59.98850156553089618682861328125" lon="30.33396684564650058746337890625">
        <ele>3</ele>
        <time>2026-03-16T15:35:12.000Z</time>
        <extensions>
          <ns3:TrackPointExtension>
            <ns3:atemp>18.0</ns3:atemp>
            <ns3:hr>106</ns3:hr>
          </ns3:TrackPointExtension>
        </extensions>
      </trkpt>
      <trkpt lat="59.98844590969383716583251953125" lon="30.33397682011127471923828125">
        <ele>2.7999999523162841796875</ele>
        <time>2026-03-16T15:35:13.000Z</time>
        <extensions>
          <ns3:TrackPointExtension>
            <ns3:atemp>18.0</ns3:atemp>
            <ns3:hr>107</ns3:hr>
          </ns3:TrackPointExtension>
        </extensions>
      </trkpt>
      <trkpt lat="59.98844741843640804290771484375" lon="30.33405820839107036590576171875">
        <ele>2.400000095367431640625</ele>
        <time>2026-03-16T15:35:15.000Z</time>
        <extensions>
          <ns3:TrackPointExtension>
            <ns3:atemp>18.0</ns3:atemp>
            <ns3:hr>106</ns3:hr>
          </ns3:TrackPointExtension>
        </extensions>
      </trkpt>
      <trkpt lat="59.9883370287716388702392578125" lon="30.33440706320106983184814453125">
        <ele>2.2000000476837158203125</ele>
        <time>2026-03-16T15:35:21.000Z</time>
        <extensions>
          <ns3:TrackPointExtension>
            <ns3:atemp>18.0</ns3:atemp>
            <ns3:hr>106</ns3:hr>
          </ns3:TrackPointExtension>
        </extensions>
      </trkpt>
      <trkpt lat="59.9883276410400867462158203125" lon="30.3344778902828693389892578125">
        <ele>2.2000000476837158203125</ele>
        <time>2026-03-16T15:35:22.000Z</time>
        <extensions>
          <ns3:TrackPointExtension>
            <ns3:atemp>18.0</ns3:atemp>
            <ns3:hr>103</ns3:hr>
          </ns3:TrackPointExtension>
        </extensions>
      </trkpt>
      <trkpt lat="59.98833744786679744720458984375" lon="30.3348205424845218658447265625">
        <ele>2.7999999523162841796875</ele>
        <time>2026-03-16T15:35:28.000Z</time>
        <extensions>
          <ns3:TrackPointExtension>
            <ns3:atemp>18.0</ns3:atemp>
            <ns3:hr>105</ns3:hr>
          </ns3:TrackPointExtension>
        </extensions>
      </trkpt>
      <trkpt lat="59.98837240040302276611328125" lon="30.33498667180538177490234375">
        <ele>3</ele>
        <time>2026-03-16T15:35:31.000Z</time>
        <extensions>
          <ns3:TrackPointExtension>
            <ns3:atemp>18.0</ns3:atemp>
            <ns3:hr>102</ns3:hr>
          </ns3:TrackPointExtension>
        </extensions>
      </trkpt>
      <trkpt lat="59.988417327404022216796875" lon="30.3352372907102108001708984375">
        <ele>3</ele>
        <time>2026-03-16T15:35:35.000Z</time>
        <extensions>
          <ns3:TrackPointExtension>
            <ns3:atemp>18.0</ns3:atemp>
            <ns3:hr>102</ns3:hr>
          </ns3:TrackPointExtension>
        </extensions>
      </trkpt>
      <trkpt lat="59.98850441537797451019287109375" lon="30.33572000451385974884033203125">
        <ele>3.2000000476837158203125</ele>
        <time>2026-03-16T15:35:42.000Z</time>
        <extensions>
          <ns3:TrackPointExtension>
            <ns3:atemp>18.0</ns3:atemp>
            <ns3:hr>103</ns3:hr>
          </ns3:TrackPointExtension>
        </extensions>
      </trkpt>
      <trkpt lat="59.98850391246378421783447265625" lon="30.33593952655792236328125">
        <ele>3.2000000476837158203125</ele>
        <time>2026-03-16T15:35:45.000Z</time>
        <extensions>
          <ns3:TrackPointExtension>
            <ns3:atemp>18.0</ns3:atemp>
            <ns3:hr>107</ns3:hr>
          </ns3:TrackPointExtension>
        </extensions>
      </trkpt>
      <trkpt lat="59.9885140545666217803955078125" lon="30.33618067391216754913330078125">
        <ele>3.400000095367431640625</ele>
        <time>2026-03-16T15:35:49.000Z</time>
        <extensions>
          <ns3:TrackPointExtension>
            <ns3:atemp>18.0</ns3:atemp>
            <ns3:hr>110</ns3:hr>
          </ns3:TrackPointExtension>
        </extensions>
      </trkpt>
      <trkpt lat="59.98852654360234737396240234375" lon="30.33634009771049022674560546875">
        <ele>3.599999904632568359375</ele>
        <time>2026-03-16T15:35:51.000Z</time>
        <extensions>
          <ns3:TrackPointExtension>
            <ns3:atemp>18.0</ns3:atemp>
            <ns3:hr>113</ns3:hr>
          </ns3:TrackPointExtension>
        </extensions>
      </trkpt>
      <trkpt lat="59.9886303953826427459716796875" lon="30.33671778626739978790283203125">
        <ele>4</ele>
        <time>2026-03-16T15:35:56.000Z</time>
        <extensions>
          <ns3:TrackPointExtension>
            <ns3:atemp>18.0</ns3:atemp>
            <ns3:hr>117</ns3:hr>
          </ns3:TrackPointExtension>
        </extensions>
      </trkpt>
      <trkpt lat="59.988647662103176116943359375" lon="30.33678920008242130279541015625">
        <ele>4</ele>
        <time>2026-03-16T15:35:57.000Z</time>
        <extensions>
          <ns3:TrackPointExtension>
            <ns3:atemp>18.0</ns3:atemp>
            <ns3:hr>118</ns3:hr>
          </ns3:TrackPointExtension>
        </extensions>
      </trkpt>
      <trkpt lat="59.9886612407863140106201171875" lon="30.3368563391268253326416015625">
        <ele>4</ele>
        <time>2026-03-16T15:35:58.000Z</time>
        <extensions>
          <ns3:TrackPointExtension>
            <ns3:atemp>18.0</ns3:atemp>
            <ns3:hr>120</ns3:hr>
          </ns3:TrackPointExtension>
        </extensions>
      </trkpt>
      <trkpt lat="59.98869359493255615234375" lon="30.337082482874393463134765625">
        <ele>4.400000095367431640625</ele>
        <time>2026-03-16T15:36:02.000Z</time>
        <extensions>
          <ns3:TrackPointExtension>
            <ns3:atemp>18.0</ns3:atemp>
            <ns3:hr>121</ns3:hr>
          </ns3:TrackPointExtension>
        </extensions>
      </trkpt>
      <trkpt lat="59.98871446587145328521728515625" lon="30.337134115397930145263671875">
        <ele>4.400000095367431640625</ele>
        <time>2026-03-16T15:36:03.000Z</time>
        <extensions>
          <ns3:TrackPointExtension>
            <ns3:atemp>18.0</ns3:atemp>
            <ns3:hr>117</ns3:hr>
          </ns3:TrackPointExtension>
        </extensions>
      </trkpt>
      <trkpt lat="59.98873315751552581787109375" lon="30.337200164794921875">
        <ele>4.599999904632568359375</ele>
        <time>2026-03-16T15:36:04.000Z</time>
        <extensions>
          <ns3:TrackPointExtension>
            <ns3:atemp>18.0</ns3:atemp>
            <ns3:hr>117</ns3:hr>
          </ns3:TrackPointExtension>
        </extensions>
      </trkpt>
      <trkpt lat="59.98880431987345218658447265625" lon="30.33749093301594257354736328125">
        <ele>4.80000019073486328125</ele>
        <time>2026-03-16T15:36:08.000Z</time>
        <extensions>
          <ns3:TrackPointExtension>
            <ns3:atemp>18.0</ns3:atemp>
            <ns3:hr>116</ns3:hr>
          </ns3:TrackPointExtension>
        </extensions>
      </trkpt>
      <trkpt lat="59.9888934195041656494140625" lon="30.3380251117050647735595703125">
        <ele>5</ele>
        <time>2026-03-16T15:36:15.000Z</time>
        <extensions>
          <ns3:TrackPointExtension>
            <ns3:atemp>17.0</ns3:atemp>
            <ns3:hr>119</ns3:hr>
          </ns3:TrackPointExtension>
        </extensions>
      </trkpt>
      <trkpt lat="59.9889068305492401123046875" lon="30.338095687329769134521484375">
        <ele>5</ele>
        <time>2026-03-16T15:36:16.000Z</time>
        <extensions>
          <ns3:TrackPointExtension>
            <ns3:atemp>17.0</ns3:atemp>
            <ns3:hr>119</ns3:hr>
          </ns3:TrackPointExtension>
        </extensions>
      </trkpt>
      <trkpt lat="59.98899207450449466705322265625" lon="30.3385970927774906158447265625">
        <ele>5.80000019073486328125</ele>
        <time>2026-03-16T15:36:23.000Z</time>
        <extensions>
          <ns3:TrackPointExtension>
            <ns3:atemp>17.0</ns3:atemp>
            <ns3:hr>114</ns3:hr>
          </ns3:TrackPointExtension>
        </extensions>
      </trkpt>
      <trkpt lat="59.98900146223604679107666015625" lon="30.33866574056446552276611328125">
        <ele>5.80000019073486328125</ele>
        <time>2026-03-16T15:36:24.000Z</time>
        <extensions>
          <ns3:TrackPointExtension>
            <ns3:atemp>17.0</ns3:atemp>
            <ns3:hr>109</ns3:hr>
          </ns3:TrackPointExtension>
        </extensions>
      </trkpt>
      <trkpt lat="59.9890048988163471221923828125" lon="30.33874536864459514617919921875">
        <ele>5.599999904632568359375</ele>
        <time>2026-03-16T15:36:25.000Z</time>
        <extensions>
          <ns3:TrackPointExtension>
            <ns3:atemp>17.0</ns3:atemp>
            <ns3:hr>104</ns3:hr>
          </ns3:TrackPointExtension>
        </extensions>
      </trkpt>
      <trkpt lat="59.989009760320186614990234375" lon="30.3388250805437564849853515625">
        <ele>5.80000019073486328125</ele>
        <time>2026-03-16T15:36:26.000Z</time>
        <extensions>
          <ns3:TrackPointExtension>
            <ns3:atemp>17.0</ns3:atemp>
            <ns3:hr>99</ns3:hr>
          </ns3:TrackPointExtension>
        </extensions>
      </trkpt>
      <trkpt lat="59.98902015388011932373046875" lon="30.3388951532542705535888671875">
        <ele>5.80000019073486328125</ele>
        <time>2026-03-16T15:36:27.000Z</time>
        <extensions>
          <ns3:TrackPointExtension>
            <ns3:atemp>17.0</ns3:atemp>
            <ns3:hr>94</ns3:hr>
          </ns3:TrackPointExtension>
        </extensions>
      </trkpt>
      <trkpt lat="59.98903063125908374786376953125" lon="30.3389809839427471160888671875">
        <ele>5.80000019073486328125</ele>
        <time>2026-03-16T15:36:28.000Z</time>
        <extensions>
          <ns3:TrackPointExtension>
            <ns3:atemp>17.0</ns3:atemp>
            <ns3:hr>94</ns3:hr>
          </ns3:TrackPointExtension>
        </extensions>
      </trkpt>
      <trkpt lat="59.98905594460666179656982421875" lon="30.33925347961485385894775390625">
        <ele>5.80000019073486328125</ele>
        <time>2026-03-16T15:36:31.000Z</time>
        <extensions>
          <ns3:TrackPointExtension>
            <ns3:atemp>17.0</ns3:atemp>
            <ns3:hr>94</ns3:hr>
          </ns3:TrackPointExtension>
        </extensions>
      </trkpt>
      <trkpt lat="59.9890736304223537445068359375" lon="30.3394845686852931976318359375">
        <ele>5.80000019073486328125</ele>
        <time>2026-03-16T15:36:34.000Z</time>
        <extensions>
          <ns3:TrackPointExtension>
            <ns3:atemp>17.0</ns3:atemp>
            <ns3:hr>97</ns3:hr>
          </ns3:TrackPointExtension>
        </extensions>
      </trkpt>
      <trkpt lat="59.98909248970448970794677734375" lon="30.33962831832468509674072265625">
        <ele>5.599999904632568359375</ele>
        <time>2026-03-16T15:36:36.000Z</time>
        <extensions>
          <ns3:TrackPointExtension>
            <ns3:atemp>17.0</ns3:atemp>
            <ns3:hr>100</ns3:hr>
          </ns3:TrackPointExtension>
        </extensions>
      </trkpt>
      <trkpt lat="59.9890984408557415008544921875" lon="30.3396934457123279571533203125">
        <ele>5.599999904632568359375</ele>
        <time>2026-03-16T15:36:37.000Z</time>
        <extensions>
          <ns3:TrackPointExtension>
            <ns3:atemp>17.0</ns3:atemp>
            <ns3:hr>99</ns3:hr>
          </ns3:TrackPointExtension>
        </extensions>
      </trkpt>
      <trkpt lat="59.98913791961967945098876953125" lon="30.33984457142651081085205078125">
        <ele>6.19999980926513671875</ele>
        <time>2026-03-16T15:36:40.000Z</time>
        <extensions>
          <ns3:TrackPointExtension>
            <ns3:atemp>17.0</ns3:atemp>
            <ns3:hr>98</ns3:hr>
          </ns3:TrackPointExtension>
        </extensions>
      </trkpt>
      <trkpt lat="59.98915049247443675994873046875" lon="30.3398815356194972991943359375">
        <ele>6.19999980926513671875</ele>
        <time>2026-03-16T15:36:41.000Z</time>
        <extensions>
          <ns3:TrackPointExtension>
            <ns3:atemp>17.0</ns3:atemp>
            <ns3:hr>98</ns3:hr>
          </ns3:TrackPointExtension>
        </extensions>
      </trkpt>
      <trkpt lat="59.9891817569732666015625" lon="30.33997197635471820831298828125">
        <ele>6.599999904632568359375</ele>
        <time>2026-03-16T15:36:44.000Z</time>
        <extensions>
          <ns3:TrackPointExtension>
            <ns3:atemp>17.0</ns3:atemp>
            <ns3:hr>101</ns3:hr>
          </ns3:TrackPointExtension>
        </extensions>
      </trkpt>
      <trkpt lat="59.98918569646775722503662109375" lon="30.33999192528426647186279296875">
        <ele>6.80000019073486328125</ele>
        <time>2026-03-16T15:36:45.000Z</time>
        <extensions>
          <ns3:TrackPointExtension>
            <ns3:atemp>17.0</ns3:atemp>
            <ns3:hr>106</ns3:hr>
          </ns3:TrackPointExtension>
        </extensions>
      </trkpt>
      <trkpt lat="59.9891846068203449249267578125" lon="30.34000650979578495025634765625">
        <ele>6.80000019073486328125</ele>
        <time>2026-03-16T15:36:46.000Z</time>
        <extensions>
          <ns3:TrackPointExtension>
            <ns3:atemp>17.0</ns3:atemp>
            <ns3:hr>111</ns3:hr>
          </ns3:TrackPointExtension>
        </extensions>
      </trkpt>
      <trkpt lat="59.98918603174388408660888671875" lon="30.3400018997490406036376953125">
        <ele>6.599999904632568359375</ele>
        <time>2026-03-16T15:36:47.000Z</time>
        <extensions>
          <ns3:TrackPointExtension>
            <ns3:atemp>17.0</ns3:atemp>
            <ns3:hr>114</ns3:hr>
          </ns3:TrackPointExtension>
        </extensions>
      </trkpt>
      <trkpt lat="59.98917312361299991607666015625" lon="30.34009485505521297454833984375">
        <ele>6.400000095367431640625</ele>
        <time>2026-03-16T15:36:51.000Z</time>
        <extensions>
          <ns3:TrackPointExtension>
            <ns3:atemp>17.0</ns3:atemp>
            <ns3:hr>114</ns3:hr>
          </ns3:TrackPointExtension>
        </extensions>
      </trkpt>
      <trkpt lat="59.9891852773725986480712890625" lon="30.34011773765087127685546875">
        <ele>6.400000095367431640625</ele>
        <time>2026-03-16T15:36:57.000Z</time>
        <extensions>
          <ns3:TrackPointExtension>
            <ns3:atemp>17.0</ns3:atemp>
            <ns3:hr>110</ns3:hr>
          </ns3:TrackPointExtension>
        </extensions>
      </trkpt>
      <trkpt lat="59.989185445010662078857421875" lon="30.34011664800345897674560546875">
        <ele>6.400000095367431640625</ele>
        <time>2026-03-16T15:36:58.000Z</time>
        <extensions>
          <ns3:TrackPointExtension>
            <ns3:atemp>17.0</ns3:atemp>
            <ns3:hr>107</ns3:hr>
          </ns3:TrackPointExtension>
        </extensions>
      </trkpt>
      <trkpt lat="59.989181421697139739990234375" lon="30.34011480398476123809814453125">
        <ele>6.400000095367431640625</ele>
        <time>2026-03-16T15:36:59.000Z</time>
        <extensions>
          <ns3:TrackPointExtension>
            <ns3:atemp>17.0</ns3:atemp>
            <ns3:hr>110</ns3:hr>
          </ns3:TrackPointExtension>
        </extensions>
      </trkpt>
      <trkpt lat="59.9891661666333675384521484375" lon="30.34008597023785114288330078125">
        <ele>6.599999904632568359375</ele>
        <time>2026-03-16T15:37:07.000Z</time>
        <extensions>
          <ns3:TrackPointExtension>
            <ns3:atemp>17.0</ns3:atemp>
            <ns3:hr>114</ns3:hr>
          </ns3:TrackPointExtension>
        </extensions>
      </trkpt>
      <trkpt lat="59.98916977085173130035400390625" lon="30.340081192553043365478515625">
        <ele>6.400000095367431640625</ele>
        <time>2026-03-16T15:37:11.000Z</time>
        <extensions>
          <ns3:TrackPointExtension>
            <ns3:atemp>17.0</ns3:atemp>
            <ns3:hr>109</ns3:hr>
          </ns3:TrackPointExtension>
        </extensions>
      </trkpt>
      <trkpt lat="59.98917915858328342437744140625" lon="30.34007859416306018829345703125">
        <ele>6.400000095367431640625</ele>
        <time>2026-03-16T15:37:13.000Z</time>
        <extensions>
          <ns3:TrackPointExtension>
            <ns3:atemp>17.0</ns3:atemp>
            <ns3:hr>105</ns3:hr>
          </ns3:TrackPointExtension>
        </extensions>
      </trkpt>
      <trkpt lat="59.9891792424023151397705078125" lon="30.3400746546685695648193359375">
        <ele>6.19999980926513671875</ele>
        <time>2026-03-16T15:37:18.000Z</time>
        <extensions>
          <ns3:TrackPointExtension>
            <ns3:atemp>17.0</ns3:atemp>
            <ns3:hr>103</ns3:hr>
          </ns3:TrackPointExtension>
        </extensions>
      </trkpt>
      <trkpt lat="59.98918334953486919403076171875" lon="30.3401058353483676910400390625">
        <ele>6</ele>
        <time>2026-03-16T15:37:22.000Z</time>
        <extensions>
          <ns3:TrackPointExtension>
            <ns3:atemp>17.0</ns3:atemp>
            <ns3:hr>101</ns3:hr>
          </ns3:TrackPointExtension>
        </extensions>
      </trkpt>
      <trkpt lat="59.98920095153152942657470703125" lon="30.3402070887386798858642578125">
        <ele>6</ele>
        <time>2026-03-16T15:37:24.000Z</time>
        <extensions>
          <ns3:TrackPointExtension>
            <ns3:atemp>17.0</ns3:atemp>
            <ns3:hr>100</ns3:hr>
          </ns3:TrackPointExtension>
        </extensions>
      </trkpt>
      <trkpt lat="59.98922131955623626708984375" lon="30.34029719419777393341064453125">
        <ele>6</ele>
        <time>2026-03-16T15:37:28.000Z</time>
        <extensions>
          <ns3:TrackPointExtension>
            <ns3:atemp>17.0</ns3:atemp>
            <ns3:hr>103</ns3:hr>
          </ns3:TrackPointExtension>
        </extensions>
      </trkpt>
      <trkpt lat="59.98922643251717090606689453125" lon="30.34031244926154613494873046875">
        <ele>6</ele>
        <time>2026-03-16T15:37:29.000Z</time>
        <extensions>
          <ns3:TrackPointExtension>
            <ns3:atemp>17.0</ns3:atemp>
            <ns3:hr>105</ns3:hr>
          </ns3:TrackPointExtension>
        </extensions>
      </trkpt>
      <trkpt lat="59.98923473060131072998046875" lon="30.34038604237139225006103515625">
        <ele>5.599999904632568359375</ele>
        <time>2026-03-16T15:37:37.000Z</time>
        <extensions>
          <ns3:TrackPointExtension>
            <ns3:atemp>17.0</ns3:atemp>
            <ns3:hr>108</ns3:hr>
          </ns3:TrackPointExtension>
        </extensions>
      </trkpt>
      <trkpt lat="59.9892342276871204376220703125" lon="30.34039090387523174285888671875">
        <ele>5.400000095367431640625</ele>
        <time>2026-03-16T15:37:39.000Z</time>
        <extensions>
          <ns3:TrackPointExtension>
            <ns3:atemp>17.0</ns3:atemp>
            <ns3:hr>114</ns3:hr>
          </ns3:TrackPointExtension>
        </extensions>
      </trkpt>
      <trkpt lat="59.98923481442034244537353515625" lon="30.3403935022652149200439453125">
        <ele>5.400000095367431640625</ele>
        <time>2026-03-16T15:37:41.000Z</time>
        <extensions>
          <ns3:TrackPointExtension>
            <ns3:atemp>17.0</ns3:atemp>
            <ns3:hr>118</ns3:hr>
          </ns3:TrackPointExtension>
        </extensions>
      </trkpt>
      <trkpt lat="59.98923162929713726043701171875" lon="30.34039995633065700531005859375">
        <ele>5.19999980926513671875</ele>
        <time>2026-03-16T15:37:46.000Z</time>
        <extensions>
          <ns3:TrackPointExtension>
            <ns3:atemp>17.0</ns3:atemp>
            <ns3:hr>120</ns3:hr>
          </ns3:TrackPointExtension>
        </extensions>
      </trkpt>
      <trkpt lat="59.98923146165907382965087890625" lon="30.3404008783400058746337890625">
        <ele>5</ele>
        <time>2026-03-16T15:37:47.000Z</time>
        <extensions>
          <ns3:TrackPointExtension>
            <ns3:atemp>17.0</ns3:atemp>
            <ns3:hr>120</ns3:hr>
          </ns3:TrackPointExtension>
        </extensions>
      </trkpt>
      <trkpt lat="59.98923129402101039886474609375" lon="30.340403057634830474853515625">
        <ele>4.80000019073486328125</ele>
        <time>2026-03-16T15:37:51.000Z</time>
        <extensions>
          <ns3:TrackPointExtension>
            <ns3:atemp>17.0</ns3:atemp>
            <ns3:hr>116</ns3:hr>
          </ns3:TrackPointExtension>
        </extensions>
      </trkpt>
      <trkpt lat="59.98923062346875667572021484375" lon="30.3404040634632110595703125">
        <ele>4.599999904632568359375</ele>
        <time>2026-03-16T15:37:53.000Z</time>
        <extensions>
          <ns3:TrackPointExtension>
            <ns3:atemp>17.0</ns3:atemp>
            <ns3:hr>113</ns3:hr>
          </ns3:TrackPointExtension>
        </extensions>
      </trkpt>
      <trkpt lat="59.9892305396497249603271484375" lon="30.34040414728224277496337890625">
        <ele>4.599999904632568359375</ele>
        <time>2026-03-16T15:37:54.000Z</time>
        <extensions>
          <ns3:TrackPointExtension>
            <ns3:atemp>17.0</ns3:atemp>
            <ns3:hr>110</ns3:hr>
          </ns3:TrackPointExtension>
        </extensions>
      </trkpt>
      <trkpt lat="59.98922978527843952178955078125" lon="30.3404049016535282135009765625">
        <ele>4.599999904632568359375</ele>
        <time>2026-03-16T15:37:57.000Z</time>
        <extensions>
          <ns3:TrackPointExtension>
            <ns3:atemp>17.0</ns3:atemp>
            <ns3:hr>107</ns3:hr>
          </ns3:TrackPointExtension>
        </extensions>
      </trkpt>
      <trkpt lat="59.98922861181199550628662109375" lon="30.34040582366287708282470703125">
        <ele>4.400000095367431640625</ele>
        <time>2026-03-16T15:38:00.000Z</time>
        <extensions>
          <ns3:TrackPointExtension>
            <ns3:atemp>17.0</ns3:atemp>
            <ns3:hr>106</ns3:hr>
          </ns3:TrackPointExtension>
        </extensions>
      </trkpt>
      <trkpt lat="59.9892291985452175140380859375" lon="30.34041319973766803741455078125">
        <ele>4</ele>
        <time>2026-03-16T15:38:05.000Z</time>
        <extensions>
          <ns3:TrackPointExtension>
            <ns3:atemp>17.0</ns3:atemp>
            <ns3:hr>107</ns3:hr>
          </ns3:TrackPointExtension>
        </extensions>
      </trkpt>
      <trkpt lat="59.98922961764037609100341796875" lon="30.340417139232158660888671875">
        <ele>4</ele>
        <time>2026-03-16T15:38:09.000Z</time>
        <extensions>
          <ns3:TrackPointExtension>
            <ns3:atemp>17.0</ns3:atemp>
            <ns3:hr>110</ns3:hr>
          </ns3:TrackPointExtension>
        </extensions>
      </trkpt>
      <trkpt lat="59.98922911472618579864501953125" lon="30.3404250182211399078369140625">
        <ele>3.7999999523162841796875</ele>
        <time>2026-03-16T15:38:14.000Z</time>
        <extensions>
          <ns3:TrackPointExtension>
            <ns3:atemp>17.0</ns3:atemp>
            <ns3:hr>107</ns3:hr>
          </ns3:TrackPointExtension>
        </extensions>
      </trkpt>
      <trkpt lat="59.98922911472618579864501953125" lon="30.3404270298779010772705078125">
        <ele>3.7999999523162841796875</ele>
        <time>2026-03-16T15:38:16.000Z</time>
        <extensions>
          <ns3:TrackPointExtension>
            <ns3:atemp>17.0</ns3:atemp>
            <ns3:hr>109</ns3:hr>
          </ns3:TrackPointExtension>
        </extensions>
      </trkpt>
      <trkpt lat="59.98922961764037609100341796875" lon="30.34042996354401111602783203125">
        <ele>3.400000095367431640625</ele>
        <time>2026-03-16T15:38:19.000Z</time>
        <extensions>
          <ns3:TrackPointExtension>
            <ns3:atemp>17.0</ns3:atemp>
            <ns3:hr>104</ns3:hr>
          </ns3:TrackPointExtension>
        </extensions>
      </trkpt>
      <trkpt lat="59.989230372011661529541015625" lon="30.34043423831462860107421875">
        <ele>3.2000000476837158203125</ele>
        <time>2026-03-16T15:38:23.000Z</time>
        <extensions>
          <ns3:TrackPointExtension>
            <ns3:atemp>17.0</ns3:atemp>
            <ns3:hr>101</ns3:hr>
          </ns3:TrackPointExtension>
        </extensions>
      </trkpt>
      <trkpt lat="59.98923045583069324493408203125" lon="30.3404350765049457550048828125">
        <ele>3.2000000476837158203125</ele>
        <time>2026-03-16T15:38:24.000Z</time>
        <extensions>
          <ns3:TrackPointExtension>
            <ns3:atemp>17.0</ns3:atemp>
            <ns3:hr>97</ns3:hr>
          </ns3:TrackPointExtension>
        </extensions>
      </trkpt>
      <trkpt lat="59.98923162929713726043701171875" lon="30.34043968655169010162353515625">
        <ele>3.2000000476837158203125</ele>
        <time>2026-03-16T15:38:27.000Z</time>
        <extensions>
          <ns3:TrackPointExtension>
            <ns3:atemp>17.0</ns3:atemp>
            <ns3:hr>94</ns3:hr>
          </ns3:TrackPointExtension>
        </extensions>
      </trkpt>
      <trkpt lat="59.989231713116168975830078125" lon="30.3404414467513561248779296875">
        <ele>3.2000000476837158203125</ele>
        <time>2026-03-16T15:38:28.000Z</time>
        <extensions>
          <ns3:TrackPointExtension>
            <ns3:atemp>17.0</ns3:atemp>
            <ns3:hr>93</ns3:hr>
          </ns3:TrackPointExtension>
        </extensions>
      </trkpt>
      <trkpt lat="59.98923347331583499908447265625" lon="30.340448319911956787109375">
        <ele>3</ele>
        <time>2026-03-16T15:38:36.000Z</time>
        <extensions>
          <ns3:TrackPointExtension>
            <ns3:atemp>17.0</ns3:atemp>
            <ns3:hr>91</ns3:hr>
          </ns3:TrackPointExtension>
        </extensions>
      </trkpt>
      <trkpt lat="59.98923297040164470672607421875" lon="30.3404561989009380340576171875">
        <ele>2.7999999523162841796875</ele>
        <time>2026-03-16T15:38:39.000Z</time>
        <extensions>
          <ns3:TrackPointExtension>
            <ns3:atemp>17.0</ns3:atemp>
            <ns3:hr>91</ns3:hr>
          </ns3:TrackPointExtension>
        </extensions>
      </trkpt>
      <trkpt lat="59.9892315454781055450439453125" lon="30.3404635749757289886474609375">
        <ele>2.400000095367431640625</ele>
        <time>2026-03-16T15:38:47.000Z</time>
        <extensions>
          <ns3:TrackPointExtension>
            <ns3:atemp>17.0</ns3:atemp>
            <ns3:hr>88</ns3:hr>
          </ns3:TrackPointExtension>
        </extensions>
      </trkpt>
      <trkpt lat="59.98923028819262981414794921875" lon="30.34046508371829986572265625">
        <ele>2.2000000476837158203125</ele>
        <time>2026-03-16T15:38:50.000Z</time>
        <extensions>
          <ns3:TrackPointExtension>
            <ns3:atemp>17.0</ns3:atemp>
            <ns3:hr>91</ns3:hr>
          </ns3:TrackPointExtension>
        </extensions>
      </trkpt>
      <trkpt lat="59.98922810889780521392822265625" lon="30.34046709537506103515625">
        <ele>2</ele>
        <time>2026-03-16T15:38:53.000Z</time>
        <extensions>
          <ns3:TrackPointExtension>
            <ns3:atemp>17.0</ns3:atemp>
            <ns3:hr>93</ns3:hr>
          </ns3:TrackPointExtension>
        </extensions>
      </trkpt>
      <trkpt lat="59.9892298690974712371826171875" lon="30.340466089546680450439453125">
        <ele>2</ele>
        <time>2026-03-16T15:38:56.000Z</time>
        <extensions>
          <ns3:TrackPointExtension>
            <ns3:atemp>17.0</ns3:atemp>
            <ns3:hr>94</ns3:hr>
          </ns3:TrackPointExtension>
        </extensions>
      </trkpt>
      <trkpt lat="59.989237748086452484130859375" lon="30.3404521755874156951904296875">
        <ele>1.60000002384185791015625</ele>
        <time>2026-03-16T15:39:11.000Z</time>
        <extensions>
          <ns3:TrackPointExtension>
            <ns3:atemp>18.0</ns3:atemp>
            <ns3:hr>96</ns3:hr>
          </ns3:TrackPointExtension>
        </extensions>
      </trkpt>
      <trkpt lat="59.98923112638294696807861328125" lon="30.34047304652631282806396484375">
        <ele>1.39999997615814208984375</ele>
        <time>2026-03-16T15:39:18.000Z</time>
        <extensions>
          <ns3:TrackPointExtension>
            <ns3:atemp>18.0</ns3:atemp>
            <ns3:hr>94</ns3:hr>
          </ns3:TrackPointExtension>
        </extensions>
      </trkpt>
      <trkpt lat="59.98918485827744007110595703125" lon="30.3404615633189678192138671875">
        <ele>1.2000000476837158203125</ele>
        <time>2026-03-16T15:39:25.000Z</time>
        <extensions>
          <ns3:TrackPointExtension>
            <ns3:atemp>18.0</ns3:atemp>
            <ns3:hr>98</ns3:hr>
          </ns3:TrackPointExtension>
        </extensions>
      </trkpt>
      <trkpt lat="59.989180751144886016845703125" lon="30.34046902321279048919677734375">
        <ele>1.2000000476837158203125</ele>
        <time>2026-03-16T15:39:26.000Z</time>
        <extensions>
          <ns3:TrackPointExtension>
            <ns3:atemp>18.0</ns3:atemp>
            <ns3:hr>98</ns3:hr>
          </ns3:TrackPointExtension>
        </extensions>
      </trkpt>
      <trkpt lat="59.98917429707944393157958984375" lon="30.34049048088490962982177734375">
        <ele>1.2000000476837158203125</ele>
        <time>2026-03-16T15:39:27.000Z</time>
        <extensions>
          <ns3:TrackPointExtension>
            <ns3:atemp>18.0</ns3:atemp>
            <ns3:hr>99</ns3:hr>
          </ns3:TrackPointExtension>
        </extensions>
      </trkpt>
      <trkpt lat="59.98915552161633968353271484375" lon="30.34064537845551967620849609375">
        <ele>1</ele>
        <time>2026-03-16T15:39:31.000Z</time>
        <extensions>
          <ns3:TrackPointExtension>
            <ns3:atemp>18.0</ns3:atemp>
            <ns3:hr>102</ns3:hr>
          </ns3:TrackPointExtension>
        </extensions>
      </trkpt>
      <trkpt lat="59.9891688488423824310302734375" lon="30.34069902263581752777099609375">
        <ele>0.800000011920928955078125</ele>
        <time>2026-03-16T15:39:32.000Z</time>
        <extensions>
          <ns3:TrackPointExtension>
            <ns3:atemp>18.0</ns3:atemp>
            <ns3:hr>103</ns3:hr>
          </ns3:TrackPointExtension>
        </extensions>
      </trkpt>
      <trkpt lat="59.98923229984939098358154296875" lon="30.3409753739833831787109375">
        <ele>0.800000011920928955078125</ele>
        <time>2026-03-16T15:39:37.000Z</time>
        <extensions>
          <ns3:TrackPointExtension>
            <ns3:atemp>18.0</ns3:atemp>
            <ns3:hr>102</ns3:hr>
          </ns3:TrackPointExtension>
        </extensions>
      </trkpt>
      <trkpt lat="59.98927722685039043426513671875" lon="30.34135700203478336334228515625">
        <ele>1.60000002384185791015625</ele>
        <time>2026-03-16T15:39:43.000Z</time>
        <extensions>
          <ns3:TrackPointExtension>
            <ns3:atemp>18.0</ns3:atemp>
            <ns3:hr>101</ns3:hr>
          </ns3:TrackPointExtension>
        </extensions>
      </trkpt>
      <trkpt lat="59.98930823989212512969970703125" lon="30.34165103919804096221923828125">
        <ele>2</ele>
        <time>2026-03-16T15:39:47.000Z</time>
        <extensions>
          <ns3:TrackPointExtension>
            <ns3:atemp>18.0</ns3:atemp>
            <ns3:hr>103</ns3:hr>
          </ns3:TrackPointExtension>
        </extensions>
      </trkpt>
      <trkpt lat="59.989334307610988616943359375" lon="30.34185958094894886016845703125">
        <ele>2</ele>
        <time>2026-03-16T15:39:50.000Z</time>
        <extensions>
          <ns3:TrackPointExtension>
            <ns3:atemp>18.0</ns3:atemp>
            <ns3:hr>106</ns3:hr>
          </ns3:TrackPointExtension>
        </extensions>
      </trkpt>
      <trkpt lat="59.98934268951416015625" lon="30.34192546270787715911865234375">
        <ele>2</ele>
        <time>2026-03-16T15:39:51.000Z</time>
        <extensions>
          <ns3:TrackPointExtension>
            <ns3:atemp>18.0</ns3:atemp>
            <ns3:hr>108</ns3:hr>
          </ns3:TrackPointExtension>
        </extensions>
      </trkpt>
      <trkpt lat="59.989355765283107757568359375" lon="30.34205974079668521881103515625">
        <ele>2</ele>
        <time>2026-03-16T15:39:53.000Z</time>
        <extensions>
          <ns3:TrackPointExtension>
            <ns3:atemp>18.0</ns3:atemp>
            <ns3:hr>112</ns3:hr>
          </ns3:TrackPointExtension>
        </extensions>
      </trkpt>
      <trkpt lat="59.98936724849045276641845703125" lon="30.342195443809032440185546875">
        <ele>2.599999904632568359375</ele>
        <time>2026-03-16T15:39:55.000Z</time>
        <extensions>
          <ns3:TrackPointExtension>
            <ns3:atemp>18.0</ns3:atemp>
            <ns3:hr>115</ns3:hr>
          </ns3:TrackPointExtension>
        </extensions>
      </trkpt>
      <trkpt lat="59.989388287067413330078125" lon="30.34240842796862125396728515625">
        <ele>2.7999999523162841796875</ele>
        <time>2026-03-16T15:39:58.000Z</time>
        <extensions>
          <ns3:TrackPointExtension>
            <ns3:atemp>18.0</ns3:atemp>
            <ns3:hr>118</ns3:hr>
          </ns3:TrackPointExtension>
        </extensions>
      </trkpt>
      <trkpt lat="59.9893951602280139923095703125" lon="30.34247766248881816864013671875">
        <ele>3</ele>
        <time>2026-03-16T15:39:59.000Z</time>
        <extensions>
          <ns3:TrackPointExtension>
            <ns3:atemp>18.0</ns3:atemp>
            <ns3:hr>118</ns3:hr>
          </ns3:TrackPointExtension>
        </extensions>
      </trkpt>
      <trkpt lat="59.9894110858440399169921875" lon="30.34262049011886119842529296875">
        <ele>3.2000000476837158203125</ele>
        <time>2026-03-16T15:40:01.000Z</time>
        <extensions>
          <ns3:TrackPointExtension>
            <ns3:atemp>18.0</ns3:atemp>
            <ns3:hr>117</ns3:hr>
          </ns3:TrackPointExtension>
        </extensions>
      </trkpt>
      <trkpt lat="59.98943723738193511962890625" lon="30.34291419200599193572998046875">
        <ele>4.19999980926513671875</ele>
        <time>2026-03-16T15:40:05.000Z</time>
        <extensions>
          <ns3:TrackPointExtension>
            <ns3:atemp>18.0</ns3:atemp>
            <ns3:hr>116</ns3:hr>
          </ns3:TrackPointExtension>
        </extensions>
      </trkpt>
      <trkpt lat="59.98948593623936176300048828125" lon="30.343323983252048492431640625">
        <ele>4.80000019073486328125</ele>
        <time>2026-03-16T15:40:11.000Z</time>
        <extensions>
          <ns3:TrackPointExtension>
            <ns3:atemp>18.0</ns3:atemp>
            <ns3:hr>119</ns3:hr>
          </ns3:TrackPointExtension>
        </extensions>
      </trkpt>
      <trkpt lat="59.98949280939996242523193359375" lon="30.34338961355388164520263671875">
        <ele>4.80000019073486328125</ele>
        <time>2026-03-16T15:40:12.000Z</time>
        <extensions>
          <ns3:TrackPointExtension>
            <ns3:atemp>18.0</ns3:atemp>
            <ns3:hr>119</ns3:hr>
          </ns3:TrackPointExtension>
        </extensions>
      </trkpt>
      <trkpt lat="59.98951904475688934326171875" lon="30.343653894960880279541015625">
        <ele>5.19999980926513671875</ele>
        <time>2026-03-16T15:40:16.000Z</time>
        <extensions>
          <ns3:TrackPointExtension>
            <ns3:atemp>18.0</ns3:atemp>
            <ns3:hr>121</ns3:hr>
          </ns3:TrackPointExtension>
        </extensions>
      </trkpt>
      <trkpt lat="59.9895524047315120697021484375" lon="30.343845672905445098876953125">
        <ele>5.599999904632568359375</ele>
        <time>2026-03-16T15:40:20.000Z</time>
        <extensions>
          <ns3:TrackPointExtension>
            <ns3:atemp>18.0</ns3:atemp>
            <ns3:hr>122</ns3:hr>
          </ns3:TrackPointExtension>
        </extensions>
      </trkpt>
      <trkpt lat="59.98955919407308101654052734375" lon="30.34389453940093517303466796875">
        <ele>5.80000019073486328125</ele>
        <time>2026-03-16T15:40:22.000Z</time>
        <extensions>
          <ns3:TrackPointExtension>
            <ns3:atemp>18.0</ns3:atemp>
            <ns3:hr>122</ns3:hr>
          </ns3:TrackPointExtension>
        </extensions>
      </trkpt>
      <trkpt lat="59.989559613168239593505859375" lon="30.34393879584968090057373046875">
        <ele>5.80000019073486328125</ele>
        <time>2026-03-16T15:40:24.000Z</time>
        <extensions>
          <ns3:TrackPointExtension>
            <ns3:atemp>18.0</ns3:atemp>
            <ns3:hr>122</ns3:hr>
          </ns3:TrackPointExtension>
        </extensions>
      </trkpt>
      <trkpt lat="59.98956338502466678619384765625" lon="30.343969054520130157470703125">
        <ele>6</ele>
        <time>2026-03-16T15:40:25.000Z</time>
        <extensions>
          <ns3:TrackPointExtension>
            <ns3:atemp>18.0</ns3:atemp>
            <ns3:hr>123</ns3:hr>
          </ns3:TrackPointExtension>
        </extensions>
      </trkpt>
      <trkpt lat="59.98959657736122608184814453125" lon="30.3441673703491687774658203125">
        <ele>6.19999980926513671875</ele>
        <time>2026-03-16T15:40:29.000Z</time>
        <extensions>
          <ns3:TrackPointExtension>
            <ns3:atemp>18.0</ns3:atemp>
            <ns3:hr>122</ns3:hr>
          </ns3:TrackPointExtension>
        </extensions>
      </trkpt>
      <trkpt lat="59.989604540169239044189453125" lon="30.34422822296619415283203125">
        <ele>6.19999980926513671875</ele>
        <time>2026-03-16T15:40:30.000Z</time>
        <extensions>
          <ns3:TrackPointExtension>
            <ns3:atemp>18.0</ns3:atemp>
            <ns3:hr>120</ns3:hr>
          </ns3:TrackPointExtension>
        </extensions>
      </trkpt>
      <trkpt lat="59.98962205834686756134033203125" lon="30.34436166286468505859375">
        <ele>6.19999980926513671875</ele>
        <time>2026-03-16T15:40:32.000Z</time>
        <extensions>
          <ns3:TrackPointExtension>
            <ns3:atemp>18.0</ns3:atemp>
            <ns3:hr>114</ns3:hr>
          </ns3:TrackPointExtension>
        </extensions>
      </trkpt>
      <trkpt lat="59.98963060788810253143310546875" lon="30.34442947246134281158447265625">
        <ele>6.19999980926513671875</ele>
        <time>2026-03-16T15:40:33.000Z</time>
        <extensions>
          <ns3:TrackPointExtension>
            <ns3:atemp>18.0</ns3:atemp>
            <ns3:hr>110</ns3:hr>
          </ns3:TrackPointExtension>
        </extensions>
      </trkpt>
      <trkpt lat="59.9896395765244960784912109375" lon="30.34449568949639797210693359375">
        <ele>6.400000095367431640625</ele>
        <time>2026-03-16T15:40:34.000Z</time>
        <extensions>
          <ns3:TrackPointExtension>
            <ns3:atemp>18.0</ns3:atemp>
            <ns3:hr>106</ns3:hr>
          </ns3:TrackPointExtension>
        </extensions>
      </trkpt>
      <trkpt lat="59.98964871279895305633544921875" lon="30.3445616550743579864501953125">
        <ele>6.400000095367431640625</ele>
        <time>2026-03-16T15:40:35.000Z</time>
        <extensions>
          <ns3:TrackPointExtension>
            <ns3:atemp>18.0</ns3:atemp>
            <ns3:hr>100</ns3:hr>
          </ns3:TrackPointExtension>
        </extensions>
      </trkpt>
      <trkpt lat="59.989657513797283172607421875" lon="30.3446253575384616851806640625">
        <ele>6.599999904632568359375</ele>
        <time>2026-03-16T15:40:36.000Z</time>
        <extensions>
          <ns3:TrackPointExtension>
            <ns3:atemp>18.0</ns3:atemp>
            <ns3:hr>95</ns3:hr>
          </ns3:TrackPointExtension>
        </extensions>
      </trkpt>
      <trkpt lat="59.989666901528835296630859375" lon="30.34469115547835826873779296875">
        <ele>6.80000019073486328125</ele>
        <time>2026-03-16T15:40:37.000Z</time>
        <extensions>
          <ns3:TrackPointExtension>
            <ns3:atemp>18.0</ns3:atemp>
            <ns3:hr>90</ns3:hr>
          </ns3:TrackPointExtension>
        </extensions>
      </trkpt>
      <trkpt lat="59.989676289260387420654296875" lon="30.344756282866001129150390625">
        <ele>6.80000019073486328125</ele>
        <time>2026-03-16T15:40:38.000Z</time>
        <extensions>
          <ns3:TrackPointExtension>
            <ns3:atemp>18.0</ns3:atemp>
            <ns3:hr>85</ns3:hr>
          </ns3:TrackPointExtension>
        </extensions>
      </trkpt>
      <trkpt lat="59.9896841682493686676025390625" lon="30.34482358954846858978271484375">
        <ele>7</ele>
        <time>2026-03-16T15:40:39.000Z</time>
        <extensions>
          <ns3:TrackPointExtension>
            <ns3:atemp>18.0</ns3:atemp>
            <ns3:hr>80</ns3:hr>
          </ns3:TrackPointExtension>
        </extensions>
      </trkpt>
      <trkpt lat="59.98977712355554103851318359375" lon="30.3454655595123767852783203125">
        <ele>7</ele>
        <time>2026-03-16T15:40:49.000Z</time>
        <extensions>
          <ns3:TrackPointExtension>
            <ns3:atemp>18.0</ns3:atemp>
            <ns3:hr>82</ns3:hr>
          </ns3:TrackPointExtension>
        </extensions>
      </trkpt>
      <trkpt lat="59.989809058606624603271484375" lon="30.34565775655210018157958984375">
        <ele>7.19999980926513671875</ele>
        <time>2026-03-16T15:40:52.000Z</time>
        <extensions>
          <ns3:TrackPointExtension>
            <ns3:atemp>18.0</ns3:atemp>
            <ns3:hr>81</ns3:hr>
          </ns3:TrackPointExtension>
        </extensions>
      </trkpt>
      <trkpt lat="59.98984493315219879150390625" lon="30.345915667712688446044921875">
        <ele>7.599999904632568359375</ele>
        <time>2026-03-16T15:40:56.000Z</time>
        <extensions>
          <ns3:TrackPointExtension>
            <ns3:atemp>18.0</ns3:atemp>
            <ns3:hr>84</ns3:hr>
          </ns3:TrackPointExtension>
        </extensions>
      </trkpt>
      <trkpt lat="59.98985574580729007720947265625" lon="30.346038378775119781494140625">
        <ele>7.80000019073486328125</ele>
        <time>2026-03-16T15:40:58.000Z</time>
        <extensions>
          <ns3:TrackPointExtension>
            <ns3:atemp>18.0</ns3:atemp>
            <ns3:hr>85</ns3:hr>
          </ns3:TrackPointExtension>
        </extensions>
      </trkpt>
      <trkpt lat="59.98989455401897430419921875" lon="30.34640475176274776458740234375">
        <ele>8.3999996185302734375</ele>
        <time>2026-03-16T15:41:04.000Z</time>
        <extensions>
          <ns3:TrackPointExtension>
            <ns3:atemp>17.0</ns3:atemp>
            <ns3:hr>84</ns3:hr>
          </ns3:TrackPointExtension>
        </extensions>
      </trkpt>
      <trkpt lat="59.9899098090827465057373046875" lon="30.346591584384441375732421875">
        <ele>8.6000003814697265625</ele>
        <time>2026-03-16T15:41:08.000Z</time>
        <extensions>
          <ns3:TrackPointExtension>
            <ns3:atemp>17.0</ns3:atemp>
            <ns3:hr>84</ns3:hr>
          </ns3:TrackPointExtension>
        </extensions>
      </trkpt>
      <trkpt lat="59.98991626314818859100341796875" lon="30.3466232679784297943115234375">
        <ele>8.6000003814697265625</ele>
        <time>2026-03-16T15:41:09.000Z</time>
        <extensions>
          <ns3:TrackPointExtension>
            <ns3:atemp>17.0</ns3:atemp>
            <ns3:hr>83</ns3:hr>
          </ns3:TrackPointExtension>
        </extensions>
      </trkpt>
      <trkpt lat="59.98995834030210971832275390625" lon="30.3467044048011302947998046875">
        <ele>8.80000019073486328125</ele>
        <time>2026-03-16T15:41:12.000Z</time>
        <extensions>
          <ns3:TrackPointExtension>
            <ns3:atemp>17.0</ns3:atemp>
            <ns3:hr>87</ns3:hr>
          </ns3:TrackPointExtension>
        </extensions>
      </trkpt>
      <trkpt lat="59.98997342772781848907470703125" lon="30.346729047596454620361328125">
        <ele>9</ele>
        <time>2026-03-16T15:41:13.000Z</time>
        <extensions>
          <ns3:TrackPointExtension>
            <ns3:atemp>17.0</ns3:atemp>
            <ns3:hr>84</ns3:hr>
          </ns3:TrackPointExtension>
        </extensions>
      </trkpt>
      <trkpt lat="59.9900013394653797149658203125" lon="30.34677271731197834014892578125">
        <ele>9.19999980926513671875</ele>
        <time>2026-03-16T15:41:15.000Z</time>
        <extensions>
          <ns3:TrackPointExtension>
            <ns3:atemp>17.0</ns3:atemp>
            <ns3:hr>87</ns3:hr>
          </ns3:TrackPointExtension>
        </extensions>
      </trkpt>
      <trkpt lat="59.9900254793465137481689453125" lon="30.3468012996017932891845703125">
        <ele>9.3999996185302734375</ele>
        <time>2026-03-16T15:41:17.000Z</time>
        <extensions>
          <ns3:TrackPointExtension>
            <ns3:atemp>17.0</ns3:atemp>
            <ns3:hr>89</ns3:hr>
          </ns3:TrackPointExtension>
        </extensions>
      </trkpt>
      <trkpt lat="59.99003562144935131072998046875" lon="30.346816889941692352294921875">
        <ele>9.3999996185302734375</ele>
        <time>2026-03-16T15:41:18.000Z</time>
        <extensions>
          <ns3:TrackPointExtension>
            <ns3:atemp>17.0</ns3:atemp>
            <ns3:hr>86</ns3:hr>
          </ns3:TrackPointExtension>
        </extensions>
      </trkpt>
      <trkpt lat="59.990069903433322906494140625" lon="30.346820913255214691162109375">
        <ele>9.6000003814697265625</ele>
        <time>2026-03-16T15:41:22.000Z</time>
        <extensions>
          <ns3:TrackPointExtension>
            <ns3:atemp>17.0</ns3:atemp>
            <ns3:hr>86</ns3:hr>
          </ns3:TrackPointExtension>
        </extensions>
      </trkpt>
      <trkpt lat="59.990086667239665985107421875" lon="30.346810854971408843994140625">
        <ele>9.6000003814697265625</ele>
        <time>2026-03-16T15:41:23.000Z</time>
        <extensions>
          <ns3:TrackPointExtension>
            <ns3:atemp>17.0</ns3:atemp>
            <ns3:hr>86</ns3:hr>
          </ns3:TrackPointExtension>
        </extensions>
      </trkpt>
      <trkpt lat="59.99012463726103305816650390625" lon="30.3467935882508754730224609375">
        <ele>9.80000019073486328125</ele>
        <time>2026-03-16T15:41:25.000Z</time>
        <extensions>
          <ns3:TrackPointExtension>
            <ns3:atemp>17.0</ns3:atemp>
            <ns3:hr>85</ns3:hr>
          </ns3:TrackPointExtension>
        </extensions>
      </trkpt>
      <trkpt lat="59.9901780299842357635498046875" lon="30.34675762988626956939697265625">
        <ele>10.19999980926513671875</ele>
        <time>2026-03-16T15:41:27.000Z</time>
        <extensions>
          <ns3:TrackPointExtension>
            <ns3:atemp>17.0</ns3:atemp>
            <ns3:hr>86</ns3:hr>
          </ns3:TrackPointExtension>
        </extensions>
      </trkpt>
      <trkpt lat="59.99019085429608821868896484375" lon="30.34675226546823978424072265625">
        <ele>10.3999996185302734375</ele>
        <time>2026-03-16T15:41:28.000Z</time>
        <extensions>
          <ns3:TrackPointExtension>
            <ns3:atemp>17.0</ns3:atemp>
            <ns3:hr>87</ns3:hr>
          </ns3:TrackPointExtension>
        </extensions>
      </trkpt>
      <trkpt lat="59.99019990675151348114013671875" lon="30.3467396087944507598876953125">
        <ele>10.6000003814697265625</ele>
        <time>2026-03-16T15:41:29.000Z</time>
        <extensions>
          <ns3:TrackPointExtension>
            <ns3:atemp>17.0</ns3:atemp>
            <ns3:hr>90</ns3:hr>
          </ns3:TrackPointExtension>
        </extensions>
      </trkpt>
      <trkpt lat="59.990210719406604766845703125" lon="30.34673499874770641326904296875">
        <ele>10.80000019073486328125</ele>
        <time>2026-03-16T15:41:30.000Z</time>
        <extensions>
          <ns3:TrackPointExtension>
            <ns3:atemp>17.0</ns3:atemp>
            <ns3:hr>90</ns3:hr>
          </ns3:TrackPointExtension>
        </extensions>
      </trkpt>
      <trkpt lat="59.9902413971722126007080078125" lon="30.34673885442316532135009765625">
        <ele>10.80000019073486328125</ele>
        <time>2026-03-16T15:41:32.000Z</time>
        <extensions>
          <ns3:TrackPointExtension>
            <ns3:atemp>17.0</ns3:atemp>
            <ns3:hr>86</ns3:hr>
          </ns3:TrackPointExtension>
        </extensions>
      </trkpt>
      <trkpt lat="59.990356899797916412353515625" lon="30.346767939627170562744140625">
        <ele>11.6000003814697265625</ele>
        <time>2026-03-16T15:41:36.000Z</time>
        <extensions>
          <ns3:TrackPointExtension>
            <ns3:atemp>17.0</ns3:atemp>
            <ns3:hr>86</ns3:hr>
          </ns3:TrackPointExtension>
        </extensions>
      </trkpt>
      <trkpt lat="59.99046628363430500030517578125" lon="30.3468351624906063079833984375">
        <ele>12.6000003814697265625</ele>
        <time>2026-03-16T15:41:41.000Z</time>
        <extensions>
          <ns3:TrackPointExtension>
            <ns3:atemp>17.0</ns3:atemp>
            <ns3:hr>84</ns3:hr>
          </ns3:TrackPointExtension>
        </extensions>
      </trkpt>
      <trkpt lat="59.99056016094982624053955078125" lon="30.3469028882682323455810546875">
        <ele>13.80000019073486328125</ele>
        <time>2026-03-16T15:41:45.000Z</time>
        <extensions>
          <ns3:TrackPointExtension>
            <ns3:atemp>17.0</ns3:atemp>
            <ns3:hr>83</ns3:hr>
          </ns3:TrackPointExtension>
        </extensions>
      </trkpt>
      <trkpt lat="59.99057122506201267242431640625" lon="30.3469260223209857940673828125">
        <ele>13.80000019073486328125</ele>
        <time>2026-03-16T15:41:46.000Z</time>
        <extensions>
          <ns3:TrackPointExtension>
            <ns3:atemp>17.0</ns3:atemp>
            <ns3:hr>83</ns3:hr>
          </ns3:TrackPointExtension>
        </extensions>
      </trkpt>
      <trkpt lat="59.9906319938600063323974609375" lon="30.3471285291016101837158203125">
        <ele>14.3999996185302734375</ele>
        <time>2026-03-16T15:41:51.000Z</time>
        <extensions>
          <ns3:TrackPointExtension>
            <ns3:atemp>17.0</ns3:atemp>
            <ns3:hr>87</ns3:hr>
          </ns3:TrackPointExtension>
        </extensions>
      </trkpt>
      <trkpt lat="59.9906430579721927642822265625" lon="30.34716633148491382598876953125">
        <ele>14.6000003814697265625</ele>
        <time>2026-03-16T15:41:52.000Z</time>
        <extensions>
          <ns3:TrackPointExtension>
            <ns3:atemp>17.0</ns3:atemp>
            <ns3:hr>89</ns3:hr>
          </ns3:TrackPointExtension>
        </extensions>
      </trkpt>
      <trkpt lat="59.99065454117953777313232421875" lon="30.34720052964985370635986328125">
        <ele>14.6000003814697265625</ele>
        <time>2026-03-16T15:41:53.000Z</time>
        <extensions>
          <ns3:TrackPointExtension>
            <ns3:atemp>17.0</ns3:atemp>
            <ns3:hr>86</ns3:hr>
          </ns3:TrackPointExtension>
        </extensions>
      </trkpt>
      <trkpt lat="59.99076048843562602996826171875" lon="30.34739465452730655670166015625">
        <ele>14.3999996185302734375</ele>
        <time>2026-03-16T15:41:58.000Z</time>
        <extensions>
          <ns3:TrackPointExtension>
            <ns3:atemp>17.0</ns3:atemp>
            <ns3:hr>92</ns3:hr>
          </ns3:TrackPointExtension>
        </extensions>
      </trkpt>
      <trkpt lat="59.99078102409839630126953125" lon="30.347417034208774566650390625">
        <ele>14.3999996185302734375</ele>
        <time>2026-03-16T15:41:59.000Z</time>
        <extensions>
          <ns3:TrackPointExtension>
            <ns3:atemp>17.0</ns3:atemp>
            <ns3:hr>89</ns3:hr>
          </ns3:TrackPointExtension>
        </extensions>
      </trkpt>
      <trkpt lat="59.9908707104623317718505859375" lon="30.3475157730281352996826171875">
        <ele>14.6000003814697265625</ele>
        <time>2026-03-16T15:42:04.000Z</time>
        <extensions>
          <ns3:TrackPointExtension>
            <ns3:atemp>17.0</ns3:atemp>
            <ns3:hr>89</ns3:hr>
          </ns3:TrackPointExtension>
        </extensions>
      </trkpt>
      <trkpt lat="59.99090281315147876739501953125" lon="30.347517617046833038330078125">
        <ele>14.6000003814697265625</ele>
        <time>2026-03-16T15:42:05.000Z</time>
        <extensions>
          <ns3:TrackPointExtension>
            <ns3:atemp>17.0</ns3:atemp>
            <ns3:hr>86</ns3:hr>
          </ns3:TrackPointExtension>
        </extensions>
      </trkpt>
      <trkpt lat="59.99093181453645229339599609375" lon="30.34751250408589839935302734375">
        <ele>14.80000019073486328125</ele>
        <time>2026-03-16T15:42:06.000Z</time>
        <extensions>
          <ns3:TrackPointExtension>
            <ns3:atemp>17.0</ns3:atemp>
            <ns3:hr>90</ns3:hr>
          </ns3:TrackPointExtension>
        </extensions>
      </trkpt>
      <trkpt lat="59.99093919061124324798583984375" lon="30.34750697202980518341064453125">
        <ele>14.6000003814697265625</ele>
        <time>2026-03-16T15:42:07.000Z</time>
        <extensions>
          <ns3:TrackPointExtension>
            <ns3:atemp>17.0</ns3:atemp>
            <ns3:hr>87</ns3:hr>
          </ns3:TrackPointExtension>
        </extensions>
      </trkpt>
      <trkpt lat="59.99094723723828792572021484375" lon="30.34749842248857021331787109375">
        <ele>14.6000003814697265625</ele>
        <time>2026-03-16T15:42:08.000Z</time>
        <extensions>
          <ns3:TrackPointExtension>
            <ns3:atemp>17.0</ns3:atemp>
            <ns3:hr>90</ns3:hr>
          </ns3:TrackPointExtension>
        </extensions>
      </trkpt>
      <trkpt lat="59.99096148647367954254150390625" lon="30.3474809043109416961669921875">
        <ele>14.6000003814697265625</ele>
        <time>2026-03-16T15:42:09.000Z</time>
        <extensions>
          <ns3:TrackPointExtension>
            <ns3:atemp>17.0</ns3:atemp>
            <ns3:hr>89</ns3:hr>
          </ns3:TrackPointExtension>
        </extensions>
      </trkpt>
      <trkpt lat="59.990987889468669891357421875" lon="30.34746573306620121002197265625">
        <ele>14.80000019073486328125</ele>
        <time>2026-03-16T15:42:10.000Z</time>
        <extensions>
          <ns3:TrackPointExtension>
            <ns3:atemp>17.0</ns3:atemp>
            <ns3:hr>91</ns3:hr>
          </ns3:TrackPointExtension>
        </extensions>
      </trkpt>
      <trkpt lat="59.99104279093444347381591796875" lon="30.3474638052284717559814453125">
        <ele>14.80000019073486328125</ele>
        <time>2026-03-16T15:42:13.000Z</time>
        <extensions>
          <ns3:TrackPointExtension>
            <ns3:atemp>17.0</ns3:atemp>
            <ns3:hr>92</ns3:hr>
          </ns3:TrackPointExtension>
        </extensions>
      </trkpt>
      <trkpt lat="59.99116332270205020904541015625" lon="30.34758877940475940704345703125">
        <ele>15</ele>
        <time>2026-03-16T15:42:19.000Z</time>
        <extensions>
          <ns3:TrackPointExtension>
            <ns3:atemp>17.0</ns3:atemp>
            <ns3:hr>91</ns3:hr>
          </ns3:TrackPointExtension>
        </extensions>
      </trkpt>
      <trkpt lat="59.9913377501070499420166015625" lon="30.3477588482201099395751953125">
        <ele>15.19999980926513671875</ele>
        <time>2026-03-16T15:42:26.000Z</time>
        <extensions>
          <ns3:TrackPointExtension>
            <ns3:atemp>17.0</ns3:atemp>
            <ns3:hr>91</ns3:hr>
          </ns3:TrackPointExtension>
        </extensions>
      </trkpt>
      <trkpt lat="59.99145962297916412353515625" lon="30.34790360368788242340087890625">
        <ele>15.6000003814697265625</ele>
        <time>2026-03-16T15:42:33.000Z</time>
        <extensions>
          <ns3:TrackPointExtension>
            <ns3:atemp>17.0</ns3:atemp>
            <ns3:hr>95</ns3:hr>
          </ns3:TrackPointExtension>
        </extensions>
      </trkpt>
      <trkpt lat="59.99154319055378437042236328125" lon="30.34799362532794475555419921875">
        <ele>15.80000019073486328125</ele>
        <time>2026-03-16T15:42:37.000Z</time>
        <extensions>
          <ns3:TrackPointExtension>
            <ns3:atemp>17.0</ns3:atemp>
            <ns3:hr>96</ns3:hr>
          </ns3:TrackPointExtension>
        </extensions>
      </trkpt>
      <trkpt lat="59.9915851838886737823486328125" lon="30.3480589203536510467529296875">
        <ele>15.80000019073486328125</ele>
        <time>2026-03-16T15:42:39.000Z</time>
        <extensions>
          <ns3:TrackPointExtension>
            <ns3:atemp>17.0</ns3:atemp>
            <ns3:hr>93</ns3:hr>
          </ns3:TrackPointExtension>
        </extensions>
      </trkpt>
      <trkpt lat="59.9916539154946804046630859375" lon="30.34819948486983776092529296875">
        <ele>15.80000019073486328125</ele>
        <time>2026-03-16T15:42:43.000Z</time>
        <extensions>
          <ns3:TrackPointExtension>
            <ns3:atemp>17.0</ns3:atemp>
            <ns3:hr>90</ns3:hr>
          </ns3:TrackPointExtension>
        </extensions>
      </trkpt>
      <trkpt lat="59.99169523827731609344482421875" lon="30.3482463397085666656494140625">
        <ele>16</ele>
        <time>2026-03-16T15:42:45.000Z</time>
        <extensions>
          <ns3:TrackPointExtension>
            <ns3:atemp>17.0</ns3:atemp>
            <ns3:hr>89</ns3:hr>
          </ns3:TrackPointExtension>
        </extensions>
      </trkpt>
      <trkpt lat="59.99182314611971378326416015625" lon="30.34844758920371532440185546875">
        <ele>16.3999996185302734375</ele>
        <time>2026-03-16T15:42:52.000Z</time>
        <extensions>
          <ns3:TrackPointExtension>
            <ns3:atemp>17.0</ns3:atemp>
            <ns3:hr>87</ns3:hr>
          </ns3:TrackPointExtension>
        </extensions>
      </trkpt>
      <trkpt lat="59.99187410809099674224853515625" lon="30.348520092666149139404296875">
        <ele>16.3999996185302734375</ele>
        <time>2026-03-16T15:42:54.000Z</time>
        <extensions>
          <ns3:TrackPointExtension>
            <ns3:atemp>17.0</ns3:atemp>
            <ns3:hr>90</ns3:hr>
          </ns3:TrackPointExtension>
        </extensions>
      </trkpt>
      <trkpt lat="59.991920627653598785400390625" lon="30.348599888384342193603515625">
        <ele>16.6000003814697265625</ele>
        <time>2026-03-16T15:42:57.000Z</time>
        <extensions>
          <ns3:TrackPointExtension>
            <ns3:atemp>17.0</ns3:atemp>
            <ns3:hr>88</ns3:hr>
          </ns3:TrackPointExtension>
        </extensions>
      </trkpt>
      <trkpt lat="59.9920190311968326568603515625" lon="30.34873299300670623779296875">
        <ele>16.799999237060546875</ele>
        <time>2026-03-16T15:43:01.000Z</time>
        <extensions>
          <ns3:TrackPointExtension>
            <ns3:atemp>17.0</ns3:atemp>
            <ns3:hr>90</ns3:hr>
          </ns3:TrackPointExtension>
        </extensions>
      </trkpt>
      <trkpt lat="59.99202816747128963470458984375" lon="30.34877188503742218017578125">
        <ele>16.799999237060546875</ele>
        <time>2026-03-16T15:43:02.000Z</time>
        <extensions>
          <ns3:TrackPointExtension>
            <ns3:atemp>17.0</ns3:atemp>
            <ns3:hr>91</ns3:hr>
          </ns3:TrackPointExtension>
        </extensions>
      </trkpt>
      <trkpt lat="59.9920817278325557708740234375" lon="30.34897363744676113128662109375">
        <ele>16.799999237060546875</ele>
        <time>2026-03-16T15:43:07.000Z</time>
        <extensions>
          <ns3:TrackPointExtension>
            <ns3:atemp>17.0</ns3:atemp>
            <ns3:hr>88</ns3:hr>
          </ns3:TrackPointExtension>
        </extensions>
      </trkpt>
      <trkpt lat="59.9920870922505855560302734375" lon="30.34900163300335407257080078125">
        <ele>16.799999237060546875</ele>
        <time>2026-03-16T15:43:08.000Z</time>
        <extensions>
          <ns3:TrackPointExtension>
            <ns3:atemp>17.0</ns3:atemp>
            <ns3:hr>86</ns3:hr>
          </ns3:TrackPointExtension>
        </extensions>
      </trkpt>
      <trkpt lat="59.99211533926427364349365234375" lon="30.349224172532558441162109375">
        <ele>16.799999237060546875</ele>
        <time>2026-03-16T15:43:16.000Z</time>
        <extensions>
          <ns3:TrackPointExtension>
            <ns3:atemp>17.0</ns3:atemp>
            <ns3:hr>87</ns3:hr>
          </ns3:TrackPointExtension>
        </extensions>
      </trkpt>
      <trkpt lat="59.99211232177913188934326171875" lon="30.3492685966193675994873046875">
        <ele>17</ele>
        <time>2026-03-16T15:43:19.000Z</time>
        <extensions>
          <ns3:TrackPointExtension>
            <ns3:atemp>17.0</ns3:atemp>
            <ns3:hr>90</ns3:hr>
          </ns3:TrackPointExtension>
        </extensions>
      </trkpt>
      <trkpt lat="59.9921040236949920654296875" lon="30.3492863662540912628173828125">
        <ele>16.799999237060546875</ele>
        <time>2026-03-16T15:43:20.000Z</time>
        <extensions>
          <ns3:TrackPointExtension>
            <ns3:atemp>17.0</ns3:atemp>
            <ns3:hr>91</ns3:hr>
          </ns3:TrackPointExtension>
        </extensions>
      </trkpt>
      <trkpt lat="59.99209262430667877197265625" lon="30.34933053888380527496337890625">
        <ele>16.799999237060546875</ele>
        <time>2026-03-16T15:43:23.000Z</time>
        <extensions>
          <ns3:TrackPointExtension>
            <ns3:atemp>17.0</ns3:atemp>
            <ns3:hr>92</ns3:hr>
          </ns3:TrackPointExtension>
        </extensions>
      </trkpt>
      <trkpt lat="59.99208751134574413299560546875" lon="30.34934679977595806121826171875">
        <ele>16.799999237060546875</ele>
        <time>2026-03-16T15:43:24.000Z</time>
        <extensions>
          <ns3:TrackPointExtension>
            <ns3:atemp>17.0</ns3:atemp>
            <ns3:hr>92</ns3:hr>
          </ns3:TrackPointExtension>
        </extensions>
      </trkpt>
      <trkpt lat="59.99202422797679901123046875" lon="30.3494573570787906646728515625">
        <ele>16.200000762939453125</ele>
        <time>2026-03-16T15:43:28.000Z</time>
        <extensions>
          <ns3:TrackPointExtension>
            <ns3:atemp>17.0</ns3:atemp>
            <ns3:hr>92</ns3:hr>
          </ns3:TrackPointExtension>
        </extensions>
      </trkpt>
      <trkpt lat="59.99197519384324550628662109375" lon="30.34954260103404521942138671875">
        <ele>16</ele>
        <time>2026-03-16T15:43:31.000Z</time>
        <extensions>
          <ns3:TrackPointExtension>
            <ns3:atemp>17.0</ns3:atemp>
            <ns3:hr>93</ns3:hr>
          </ns3:TrackPointExtension>
        </extensions>
      </trkpt>
      <trkpt lat="59.99195558018982410430908203125" lon="30.34961116500198841094970703125">
        <ele>16</ele>
        <time>2026-03-16T15:43:33.000Z</time>
        <extensions>
          <ns3:TrackPointExtension>
            <ns3:atemp>17.0</ns3:atemp>
            <ns3:hr>89</ns3:hr>
          </ns3:TrackPointExtension>
        </extensions>
      </trkpt>
      <trkpt lat="59.99194988049566745758056640625" lon="30.349641926586627960205078125">
        <ele>15.80000019073486328125</ele>
        <time>2026-03-16T15:43:34.000Z</time>
        <extensions>
          <ns3:TrackPointExtension>
            <ns3:atemp>17.0</ns3:atemp>
            <ns3:hr>88</ns3:hr>
          </ns3:TrackPointExtension>
        </extensions>
      </trkpt>
      <trkpt lat="59.991923309862613677978515625" lon="30.3498040325939655303955078125">
        <ele>15.80000019073486328125</ele>
        <time>2026-03-16T15:43:37.000Z</time>
        <extensions>
          <ns3:TrackPointExtension>
            <ns3:atemp>17.0</ns3:atemp>
            <ns3:hr>85</ns3:hr>
          </ns3:TrackPointExtension>
        </extensions>
      </trkpt>
      <trkpt lat="59.99190914444625377655029296875" lon="30.34985105507075786590576171875">
        <ele>15.6000003814697265625</ele>
        <time>2026-03-16T15:43:38.000Z</time>
        <extensions>
          <ns3:TrackPointExtension>
            <ns3:atemp>17.0</ns3:atemp>
            <ns3:hr>85</ns3:hr>
          </ns3:TrackPointExtension>
        </extensions>
      </trkpt>
      <trkpt lat="59.9917886964976787567138671875" lon="30.35034206695854663848876953125">
        <ele>15.19999980926513671875</ele>
        <time>2026-03-16T15:43:46.000Z</time>
        <extensions>
          <ns3:TrackPointExtension>
            <ns3:atemp>17.0</ns3:atemp>
            <ns3:hr>87</ns3:hr>
          </ns3:TrackPointExtension>
        </extensions>
      </trkpt>
      <trkpt lat="59.9916301108896732330322265625" lon="30.3508484177291393280029296875">
        <ele>14.80000019073486328125</ele>
        <time>2026-03-16T15:43:54.000Z</time>
        <extensions>
          <ns3:TrackPointExtension>
            <ns3:atemp>17.0</ns3:atemp>
            <ns3:hr>85</ns3:hr>
          </ns3:TrackPointExtension>
        </extensions>
      </trkpt>
      <trkpt lat="59.9915472976863384246826171875" lon="30.351176820695400238037109375">
        <ele>14.6000003814697265625</ele>
        <time>2026-03-16T15:44:00.000Z</time>
        <extensions>
          <ns3:TrackPointExtension>
            <ns3:atemp>17.0</ns3:atemp>
            <ns3:hr>86</ns3:hr>
          </ns3:TrackPointExtension>
        </extensions>
      </trkpt>
      <trkpt lat="59.99144797213375568389892578125" lon="30.3513922356069087982177734375">
        <ele>14.6000003814697265625</ele>
        <time>2026-03-16T15:44:05.000Z</time>
        <extensions>
          <ns3:TrackPointExtension>
            <ns3:atemp>17.0</ns3:atemp>
            <ns3:hr>89</ns3:hr>
          </ns3:TrackPointExtension>
        </extensions>
      </trkpt>
      <trkpt lat="59.99136348254978656768798828125" lon="30.3515581972897052764892578125">
        <ele>14.6000003814697265625</ele>
        <time>2026-03-16T15:44:08.000Z</time>
        <extensions>
          <ns3:TrackPointExtension>
            <ns3:atemp>17.0</ns3:atemp>
            <ns3:hr>90</ns3:hr>
          </ns3:TrackPointExtension>
        </extensions>
      </trkpt>
      <trkpt lat="59.9912881292402744293212890625" lon="30.351895652711391448974609375">
        <ele>15</ele>
        <time>2026-03-16T15:44:14.000Z</time>
        <extensions>
          <ns3:TrackPointExtension>
            <ns3:atemp>17.0</ns3:atemp>
            <ns3:hr>91</ns3:hr>
          </ns3:TrackPointExtension>
        </extensions>
      </trkpt>
      <trkpt lat="59.9912817589938640594482421875" lon="30.35193546675145626068115234375">
        <ele>15</ele>
        <time>2026-03-16T15:44:15.000Z</time>
        <extensions>
          <ns3:TrackPointExtension>
            <ns3:atemp>17.0</ns3:atemp>
            <ns3:hr>91</ns3:hr>
          </ns3:TrackPointExtension>
        </extensions>
      </trkpt>
      <trkpt lat="59.99122685752809047698974609375" lon="30.35203085280954837799072265625">
        <ele>15</ele>
        <time>2026-03-16T15:44:19.000Z</time>
        <extensions>
          <ns3:TrackPointExtension>
            <ns3:atemp>17.0</ns3:atemp>
            <ns3:hr>90</ns3:hr>
          </ns3:TrackPointExtension>
        </extensions>
      </trkpt>
      <trkpt lat="59.9910645000636577606201171875" lon="30.3522538952529430389404296875">
        <ele>15.19999980926513671875</ele>
        <time>2026-03-16T15:44:26.000Z</time>
        <extensions>
          <ns3:TrackPointExtension>
            <ns3:atemp>17.0</ns3:atemp>
            <ns3:hr>87</ns3:hr>
          </ns3:TrackPointExtension>
        </extensions>
      </trkpt>
      <trkpt lat="59.99102854169905185699462890625" lon="30.3524862416088581085205078125">
        <ele>15.3999996185302734375</ele>
        <time>2026-03-16T15:44:30.000Z</time>
        <extensions>
          <ns3:TrackPointExtension>
            <ns3:atemp>16.0</ns3:atemp>
            <ns3:hr>87</ns3:hr>
          </ns3:TrackPointExtension>
        </extensions>
      </trkpt>
      <trkpt lat="59.99111135490238666534423828125" lon="30.352904163300991058349609375">
        <ele>15.19999980926513671875</ele>
        <time>2026-03-16T15:44:37.000Z</time>
        <extensions>
          <ns3:TrackPointExtension>
            <ns3:atemp>16.0</ns3:atemp>
            <ns3:hr>88</ns3:hr>
          </ns3:TrackPointExtension>
        </extensions>
      </trkpt>
      <trkpt lat="59.99118335545063018798828125" lon="30.3531350009143352508544921875">
        <ele>15</ele>
        <time>2026-03-16T15:44:42.000Z</time>
        <extensions>
          <ns3:TrackPointExtension>
            <ns3:atemp>16.0</ns3:atemp>
            <ns3:hr>91</ns3:hr>
          </ns3:TrackPointExtension>
        </extensions>
      </trkpt>
      <trkpt lat="59.991278238594532012939453125" lon="30.35338536836206912994384765625">
        <ele>15</ele>
        <time>2026-03-16T15:44:48.000Z</time>
        <extensions>
          <ns3:TrackPointExtension>
            <ns3:atemp>16.0</ns3:atemp>
            <ns3:hr>88</ns3:hr>
          </ns3:TrackPointExtension>
        </extensions>
      </trkpt>
      <trkpt lat="59.99129324220120906829833984375" lon="30.3534208238124847412109375">
        <ele>15</ele>
        <time>2026-03-16T15:44:49.000Z</time>
        <extensions>
          <ns3:TrackPointExtension>
            <ns3:atemp>16.0</ns3:atemp>
            <ns3:hr>88</ns3:hr>
          </ns3:TrackPointExtension>
        </extensions>
      </trkpt>
      <trkpt lat="59.9913639016449451446533203125" lon="30.3535812534391880035400390625">
        <ele>14.80000019073486328125</ele>
        <time>2026-03-16T15:44:55.000Z</time>
        <extensions>
          <ns3:TrackPointExtension>
            <ns3:atemp>16.0</ns3:atemp>
            <ns3:hr>91</ns3:hr>
          </ns3:TrackPointExtension>
        </extensions>
      </trkpt>
      <trkpt lat="59.991373457014560699462890625" lon="30.3535980172455310821533203125">
        <ele>14.80000019073486328125</ele>
        <time>2026-03-16T15:44:56.000Z</time>
        <extensions>
          <ns3:TrackPointExtension>
            <ns3:atemp>16.0</ns3:atemp>
            <ns3:hr>91</ns3:hr>
          </ns3:TrackPointExtension>
        </extensions>
      </trkpt>
      <trkpt lat="59.991388209164142608642578125" lon="30.3536251746118068695068359375">
        <ele>14.6000003814697265625</ele>
        <time>2026-03-16T15:45:01.000Z</time>
        <extensions>
          <ns3:TrackPointExtension>
            <ns3:atemp>16.0</ns3:atemp>
            <ns3:hr>90</ns3:hr>
          </ns3:TrackPointExtension>
        </extensions>
      </trkpt>
      <trkpt lat="59.9914012849330902099609375" lon="30.35364252515137195587158203125">
        <ele>14.3999996185302734375</ele>
        <time>2026-03-16T15:45:03.000Z</time>
        <extensions>
          <ns3:TrackPointExtension>
            <ns3:atemp>17.0</ns3:atemp>
            <ns3:hr>91</ns3:hr>
          </ns3:TrackPointExtension>
        </extensions>
      </trkpt>
      <trkpt lat="59.9914307892322540283203125" lon="30.35371947102248668670654296875">
        <ele>14.19999980926513671875</ele>
        <time>2026-03-16T15:45:06.000Z</time>
        <extensions>
          <ns3:TrackPointExtension>
            <ns3:atemp>17.0</ns3:atemp>
            <ns3:hr>89</ns3:hr>
          </ns3:TrackPointExtension>
        </extensions>
      </trkpt>
      <trkpt lat="59.99152944423258304595947265625" lon="30.35397444851696491241455078125">
        <ele>14.19999980926513671875</ele>
        <time>2026-03-16T15:45:12.000Z</time>
        <extensions>
          <ns3:TrackPointExtension>
            <ns3:atemp>17.0</ns3:atemp>
            <ns3:hr>92</ns3:hr>
          </ns3:TrackPointExtension>
        </extensions>
      </trkpt>
      <trkpt lat="59.99154067598283290863037109375" lon="30.3540174476802349090576171875">
        <ele>14.19999980926513671875</ele>
        <time>2026-03-16T15:45:13.000Z</time>
        <extensions>
          <ns3:TrackPointExtension>
            <ns3:atemp>17.0</ns3:atemp>
            <ns3:hr>93</ns3:hr>
          </ns3:TrackPointExtension>
        </extensions>
      </trkpt>
      <trkpt lat="59.99162348918616771697998046875" lon="30.3542192839086055755615234375">
        <ele>14</ele>
        <time>2026-03-16T15:45:18.000Z</time>
        <extensions>
          <ns3:TrackPointExtension>
            <ns3:atemp>17.0</ns3:atemp>
            <ns3:hr>95</ns3:hr>
          </ns3:TrackPointExtension>
        </extensions>
      </trkpt>
      <trkpt lat="59.99169766902923583984375" lon="30.35442103631794452667236328125">
        <ele>14</ele>
        <time>2026-03-16T15:45:22.000Z</time>
        <extensions>
          <ns3:TrackPointExtension>
            <ns3:atemp>17.0</ns3:atemp>
            <ns3:hr>91</ns3:hr>
          </ns3:TrackPointExtension>
        </extensions>
      </trkpt>
      <trkpt lat="59.99173454940319061279296875" lon="30.354514159262180328369140625">
        <ele>14</ele>
        <time>2026-03-16T15:45:24.000Z</time>
        <extensions>
          <ns3:TrackPointExtension>
            <ns3:atemp>17.0</ns3:atemp>
            <ns3:hr>95</ns3:hr>
          </ns3:TrackPointExtension>
        </extensions>
      </trkpt>
      <trkpt lat="59.99177352525293827056884765625" lon="30.35459856502711772918701171875">
        <ele>13.80000019073486328125</ele>
        <time>2026-03-16T15:45:26.000Z</time>
        <extensions>
          <ns3:TrackPointExtension>
            <ns3:atemp>17.0</ns3:atemp>
            <ns3:hr>95</ns3:hr>
          </ns3:TrackPointExtension>
        </extensions>
      </trkpt>
      <trkpt lat="59.991822727024555206298828125" lon="30.354744493961334228515625">
        <ele>13.6000003814697265625</ele>
        <time>2026-03-16T15:45:29.000Z</time>
        <extensions>
          <ns3:TrackPointExtension>
            <ns3:atemp>17.0</ns3:atemp>
            <ns3:hr>95</ns3:hr>
          </ns3:TrackPointExtension>
        </extensions>
      </trkpt>
      <trkpt lat="59.991893805563449859619140625" lon="30.35490467213094234466552734375">
        <ele>13.6000003814697265625</ele>
        <time>2026-03-16T15:45:33.000Z</time>
        <extensions>
          <ns3:TrackPointExtension>
            <ns3:atemp>17.0</ns3:atemp>
            <ns3:hr>94</ns3:hr>
          </ns3:TrackPointExtension>
        </extensions>
      </trkpt>
      <trkpt lat="59.99206488020718097686767578125" lon="30.35523693077266216278076171875">
        <ele>13.6000003814697265625</ele>
        <time>2026-03-16T15:45:40.000Z</time>
        <extensions>
          <ns3:TrackPointExtension>
            <ns3:atemp>17.0</ns3:atemp>
            <ns3:hr>95</ns3:hr>
          </ns3:TrackPointExtension>
        </extensions>
      </trkpt>
      <trkpt lat="59.9921092204749584197998046875" lon="30.3553511761128902435302734375">
        <ele>13.3999996185302734375</ele>
        <time>2026-03-16T15:45:42.000Z</time>
        <extensions>
          <ns3:TrackPointExtension>
            <ns3:atemp>17.0</ns3:atemp>
            <ns3:hr>92</ns3:hr>
          </ns3:TrackPointExtension>
        </extensions>
      </trkpt>
      <trkpt lat="59.99219228513538837432861328125" lon="30.35559542477130889892578125">
        <ele>13</ele>
        <time>2026-03-16T15:45:46.000Z</time>
        <extensions>
          <ns3:TrackPointExtension>
            <ns3:atemp>17.0</ns3:atemp>
            <ns3:hr>89</ns3:hr>
          </ns3:TrackPointExtension>
        </extensions>
      </trkpt>
      <trkpt lat="59.9922408163547515869140625" lon="30.35571520216763019561767578125">
        <ele>12.80000019073486328125</ele>
        <time>2026-03-16T15:45:48.000Z</time>
        <extensions>
          <ns3:TrackPointExtension>
            <ns3:atemp>17.0</ns3:atemp>
            <ns3:hr>91</ns3:hr>
          </ns3:TrackPointExtension>
        </extensions>
      </trkpt>
      <trkpt lat="59.99226302839815616607666015625" lon="30.3557692654430866241455078125">
        <ele>12.80000019073486328125</ele>
        <time>2026-03-16T15:45:49.000Z</time>
        <extensions>
          <ns3:TrackPointExtension>
            <ns3:atemp>17.0</ns3:atemp>
            <ns3:hr>88</ns3:hr>
          </ns3:TrackPointExtension>
        </extensions>
      </trkpt>
      <trkpt lat="59.9923895113170146942138671875" lon="30.35603589378297328948974609375">
        <ele>12.80000019073486328125</ele>
        <time>2026-03-16T15:45:54.000Z</time>
        <extensions>
          <ns3:TrackPointExtension>
            <ns3:atemp>17.0</ns3:atemp>
            <ns3:hr>87</ns3:hr>
          </ns3:TrackPointExtension>
        </extensions>
      </trkpt>
      <trkpt lat="59.992515742778778076171875" lon="30.35634837113320827484130859375">
        <ele>12.6000003814697265625</ele>
        <time>2026-03-16T15:46:00.000Z</time>
        <extensions>
          <ns3:TrackPointExtension>
            <ns3:atemp>17.0</ns3:atemp>
            <ns3:hr>87</ns3:hr>
          </ns3:TrackPointExtension>
        </extensions>
      </trkpt>
      <trkpt lat="59.99258237890899181365966796875" lon="30.356503017246723175048828125">
        <ele>12.80000019073486328125</ele>
        <time>2026-03-16T15:46:03.000Z</time>
        <extensions>
          <ns3:TrackPointExtension>
            <ns3:atemp>17.0</ns3:atemp>
            <ns3:hr>85</ns3:hr>
          </ns3:TrackPointExtension>
        </extensions>
      </trkpt>
      <trkpt lat="59.992604590952396392822265625" lon="30.3565497882664203643798828125">
        <ele>12.80000019073486328125</ele>
        <time>2026-03-16T15:46:04.000Z</time>
        <extensions>
          <ns3:TrackPointExtension>
            <ns3:atemp>17.0</ns3:atemp>
            <ns3:hr>89</ns3:hr>
          </ns3:TrackPointExtension>
        </extensions>
      </trkpt>
      <trkpt lat="59.99280952848494052886962890625" lon="30.35701255314052104949951171875">
        <ele>12.6000003814697265625</ele>
        <time>2026-03-16T15:46:13.000Z</time>
        <extensions>
          <ns3:TrackPointExtension>
            <ns3:atemp>17.0</ns3:atemp>
            <ns3:hr>87</ns3:hr>
          </ns3:TrackPointExtension>
        </extensions>
      </trkpt>
      <trkpt lat="59.99287457205355167388916015625" lon="30.3571723960340023040771484375">
        <ele>12.6000003814697265625</ele>
        <time>2026-03-16T15:46:16.000Z</time>
        <extensions>
          <ns3:TrackPointExtension>
            <ns3:atemp>17.0</ns3:atemp>
            <ns3:hr>84</ns3:hr>
          </ns3:TrackPointExtension>
        </extensions>
      </trkpt>
      <trkpt lat="59.99299594201147556304931640625" lon="30.35742745734751224517822265625">
        <ele>13.19999980926513671875</ele>
        <time>2026-03-16T15:46:21.000Z</time>
        <extensions>
          <ns3:TrackPointExtension>
            <ns3:atemp>17.0</ns3:atemp>
            <ns3:hr>83</ns3:hr>
          </ns3:TrackPointExtension>
        </extensions>
      </trkpt>
      <trkpt lat="59.993137679994106292724609375" lon="30.35760431550443172454833984375">
        <ele>13.80000019073486328125</ele>
        <time>2026-03-16T15:46:25.000Z</time>
        <extensions>
          <ns3:TrackPointExtension>
            <ns3:atemp>17.0</ns3:atemp>
            <ns3:hr>86</ns3:hr>
          </ns3:TrackPointExtension>
        </extensions>
      </trkpt>
      <trkpt lat="59.99320180155336856842041015625" lon="30.35776197910308837890625">
        <ele>14</ele>
        <time>2026-03-16T15:46:28.000Z</time>
        <extensions>
          <ns3:TrackPointExtension>
            <ns3:atemp>17.0</ns3:atemp>
            <ns3:hr>85</ns3:hr>
          </ns3:TrackPointExtension>
        </extensions>
      </trkpt>
      <trkpt lat="59.99332870356738567352294921875" lon="30.3580441139638423919677734375">
        <ele>14.3999996185302734375</ele>
        <time>2026-03-16T15:46:33.000Z</time>
        <extensions>
          <ns3:TrackPointExtension>
            <ns3:atemp>17.0</ns3:atemp>
            <ns3:hr>88</ns3:hr>
          </ns3:TrackPointExtension>
        </extensions>
      </trkpt>
      <trkpt lat="59.99338821507990360260009765625" lon="30.3582090698182582855224609375">
        <ele>14.6000003814697265625</ele>
        <time>2026-03-16T15:46:36.000Z</time>
        <extensions>
          <ns3:TrackPointExtension>
            <ns3:atemp>17.0</ns3:atemp>
            <ns3:hr>91</ns3:hr>
          </ns3:TrackPointExtension>
        </extensions>
      </trkpt>
      <trkpt lat="59.99340212903916835784912109375" lon="30.358268581330776214599609375">
        <ele>14.80000019073486328125</ele>
        <time>2026-03-16T15:46:37.000Z</time>
        <extensions>
          <ns3:TrackPointExtension>
            <ns3:atemp>17.0</ns3:atemp>
            <ns3:hr>93</ns3:hr>
          </ns3:TrackPointExtension>
        </extensions>
      </trkpt>
      <trkpt lat="59.99341554008424282073974609375" lon="30.3583250753581523895263671875">
        <ele>15</ele>
        <time>2026-03-16T15:46:38.000Z</time>
        <extensions>
          <ns3:TrackPointExtension>
            <ns3:atemp>17.0</ns3:atemp>
            <ns3:hr>92</ns3:hr>
          </ns3:TrackPointExtension>
        </extensions>
      </trkpt>
      <trkpt lat="59.99352500773966312408447265625" lon="30.3586955554783344268798828125">
        <ele>15.80000019073486328125</ele>
        <time>2026-03-16T15:46:45.000Z</time>
        <extensions>
          <ns3:TrackPointExtension>
            <ns3:atemp>17.0</ns3:atemp>
            <ns3:hr>90</ns3:hr>
          </ns3:TrackPointExtension>
        </extensions>
      </trkpt>
      <trkpt lat="59.99355199746787548065185546875" lon="30.35880200564861297607421875">
        <ele>16</ele>
        <time>2026-03-16T15:46:47.000Z</time>
        <extensions>
          <ns3:TrackPointExtension>
            <ns3:atemp>17.0</ns3:atemp>
            <ns3:hr>91</ns3:hr>
          </ns3:TrackPointExtension>
        </extensions>
      </trkpt>
      <trkpt lat="59.99367085285484790802001953125" lon="30.35916536115109920501708984375">
        <ele>16.799999237060546875</ele>
        <time>2026-03-16T15:46:55.000Z</time>
        <extensions>
          <ns3:TrackPointExtension>
            <ns3:atemp>17.0</ns3:atemp>
            <ns3:hr>92</ns3:hr>
          </ns3:TrackPointExtension>
        </extensions>
      </trkpt>
      <trkpt lat="59.9936860240995883941650390625" lon="30.3592034988105297088623046875">
        <ele>16.799999237060546875</ele>
        <time>2026-03-16T15:46:56.000Z</time>
        <extensions>
          <ns3:TrackPointExtension>
            <ns3:atemp>17.0</ns3:atemp>
            <ns3:hr>92</ns3:hr>
          </ns3:TrackPointExtension>
        </extensions>
      </trkpt>
      <trkpt lat="59.99378786422312259674072265625" lon="30.35938597284257411956787109375">
        <ele>17</ele>
        <time>2026-03-16T15:47:01.000Z</time>
        <extensions>
          <ns3:TrackPointExtension>
            <ns3:atemp>17.0</ns3:atemp>
            <ns3:hr>92</ns3:hr>
          </ns3:TrackPointExtension>
        </extensions>
      </trkpt>
      <trkpt lat="59.99379239045083522796630859375" lon="30.359562076628208160400390625">
        <ele>17.3999996185302734375</ele>
        <time>2026-03-16T15:47:05.000Z</time>
        <extensions>
          <ns3:TrackPointExtension>
            <ns3:atemp>17.0</ns3:atemp>
            <ns3:hr>100</ns3:hr>
          </ns3:TrackPointExtension>
        </extensions>
      </trkpt>
      <trkpt lat="59.99378467909991741180419921875" lon="30.359627120196819305419921875">
        <ele>17.3999996185302734375</ele>
        <time>2026-03-16T15:47:07.000Z</time>
        <extensions>
          <ns3:TrackPointExtension>
            <ns3:atemp>17.0</ns3:atemp>
            <ns3:hr>104</ns3:hr>
          </ns3:TrackPointExtension>
        </extensions>
      </trkpt>
      <trkpt lat="59.99376632273197174072265625" lon="30.35977506078779697418212890625">
        <ele>17.6000003814697265625</ele>
        <time>2026-03-16T15:47:11.000Z</time>
        <extensions>
          <ns3:TrackPointExtension>
            <ns3:atemp>17.0</ns3:atemp>
            <ns3:hr>103</ns3:hr>
          </ns3:TrackPointExtension>
        </extensions>
      </trkpt>
      <trkpt lat="59.99376053921878337860107421875" lon="30.35991487093269824981689453125">
        <ele>18</ele>
        <time>2026-03-16T15:47:14.000Z</time>
        <extensions>
          <ns3:TrackPointExtension>
            <ns3:atemp>17.0</ns3:atemp>
            <ns3:hr>101</ns3:hr>
          </ns3:TrackPointExtension>
        </extensions>
      </trkpt>
      <trkpt lat="59.99375970102846622467041015625" lon="30.35996214486658573150634765625">
        <ele>18</ele>
        <time>2026-03-16T15:47:15.000Z</time>
        <extensions>
          <ns3:TrackPointExtension>
            <ns3:atemp>17.0</ns3:atemp>
            <ns3:hr>105</ns3:hr>
          </ns3:TrackPointExtension>
        </extensions>
      </trkpt>
      <trkpt lat="59.9937544204294681549072265625" lon="30.35999399609863758087158203125">
        <ele>18.200000762939453125</ele>
        <time>2026-03-16T15:47:16.000Z</time>
        <extensions>
          <ns3:TrackPointExtension>
            <ns3:atemp>17.0</ns3:atemp>
            <ns3:hr>110</ns3:hr>
          </ns3:TrackPointExtension>
        </extensions>
      </trkpt>
      <trkpt lat="59.99375500716269016265869140625" lon="30.360031463205814361572265625">
        <ele>18.200000762939453125</ele>
        <time>2026-03-16T15:47:17.000Z</time>
        <extensions>
          <ns3:TrackPointExtension>
            <ns3:atemp>17.0</ns3:atemp>
            <ns3:hr>118</ns3:hr>
          </ns3:TrackPointExtension>
        </extensions>
      </trkpt>
      <trkpt lat="59.99374679289758205413818359375" lon="30.36012257449328899383544921875">
        <ele>18.3999996185302734375</ele>
        <time>2026-03-16T15:47:19.000Z</time>
        <extensions>
          <ns3:TrackPointExtension>
            <ns3:atemp>17.0</ns3:atemp>
            <ns3:hr>121</ns3:hr>
          </ns3:TrackPointExtension>
        </extensions>
      </trkpt>
      <trkpt lat="59.99373011291027069091796875" lon="30.3602968342602252960205078125">
        <ele>18.3999996185302734375</ele>
        <time>2026-03-16T15:47:22.000Z</time>
        <extensions>
          <ns3:TrackPointExtension>
            <ns3:atemp>17.0</ns3:atemp>
            <ns3:hr>124</ns3:hr>
          </ns3:TrackPointExtension>
        </extensions>
      </trkpt>
      <trkpt lat="59.9937148578464984893798828125" lon="30.3604436852037906646728515625">
        <ele>18.3999996185302734375</ele>
        <time>2026-03-16T15:47:24.000Z</time>
        <extensions>
          <ns3:TrackPointExtension>
            <ns3:atemp>17.0</ns3:atemp>
            <ns3:hr>125</ns3:hr>
          </ns3:TrackPointExtension>
        </extensions>
      </trkpt>
      <trkpt lat="59.9936390854418277740478515625" lon="30.36102379672229290008544921875">
        <ele>19</ele>
        <time>2026-03-16T15:47:32.000Z</time>
        <extensions>
          <ns3:TrackPointExtension>
            <ns3:atemp>17.0</ns3:atemp>
            <ns3:hr>128</ns3:hr>
          </ns3:TrackPointExtension>
        </extensions>
      </trkpt>
      <trkpt lat="59.9936182983219623565673828125" lon="30.3611729107797145843505859375">
        <ele>19</ele>
        <time>2026-03-16T15:47:34.000Z</time>
        <extensions>
          <ns3:TrackPointExtension>
            <ns3:atemp>17.0</ns3:atemp>
            <ns3:hr>125</ns3:hr>
          </ns3:TrackPointExtension>
        </extensions>
      </trkpt>
      <trkpt lat="59.99355367384850978851318359375" lon="30.361739359796047210693359375">
        <ele>19.200000762939453125</ele>
        <time>2026-03-16T15:47:42.000Z</time>
        <extensions>
          <ns3:TrackPointExtension>
            <ns3:atemp>17.0</ns3:atemp>
            <ns3:hr>123</ns3:hr>
          </ns3:TrackPointExtension>
        </extensions>
      </trkpt>
      <trkpt lat="59.993489049375057220458984375" lon="30.36229214631021022796630859375">
        <ele>19.3999996185302734375</ele>
        <time>2026-03-16T15:47:51.000Z</time>
        <extensions>
          <ns3:TrackPointExtension>
            <ns3:atemp>17.0</ns3:atemp>
            <ns3:hr>122</ns3:hr>
          </ns3:TrackPointExtension>
        </extensions>
      </trkpt>
      <trkpt lat="59.99345929361879825592041015625" lon="30.36245559342205524444580078125">
        <ele>19.6000003814697265625</ele>
        <time>2026-03-16T15:47:54.000Z</time>
        <extensions>
          <ns3:TrackPointExtension>
            <ns3:atemp>17.0</ns3:atemp>
            <ns3:hr>119</ns3:hr>
          </ns3:TrackPointExtension>
        </extensions>
      </trkpt>
      <trkpt lat="59.9934167973697185516357421875" lon="30.36265910603106021881103515625">
        <ele>19.6000003814697265625</ele>
        <time>2026-03-16T15:47:58.000Z</time>
        <extensions>
          <ns3:TrackPointExtension>
            <ns3:atemp>17.0</ns3:atemp>
            <ns3:hr>116</ns3:hr>
          </ns3:TrackPointExtension>
        </extensions>
      </trkpt>
      <trkpt lat="59.993395842611789703369140625" lon="30.36284141242504119873046875">
        <ele>19.3999996185302734375</ele>
        <time>2026-03-16T15:48:01.000Z</time>
        <extensions>
          <ns3:TrackPointExtension>
            <ns3:atemp>17.0</ns3:atemp>
            <ns3:hr>119</ns3:hr>
          </ns3:TrackPointExtension>
        </extensions>
      </trkpt>
      <trkpt lat="59.99336105771362781524658203125" lon="30.36311944015324115753173828125">
        <ele>19.6000003814697265625</ele>
        <time>2026-03-16T15:48:05.000Z</time>
        <extensions>
          <ns3:TrackPointExtension>
            <ns3:atemp>17.0</ns3:atemp>
            <ns3:hr>126</ns3:hr>
          </ns3:TrackPointExtension>
        </extensions>
      </trkpt>
      <trkpt lat="59.99336306937038898468017578125" lon="30.363185405731201171875">
        <ele>19.6000003814697265625</ele>
        <time>2026-03-16T15:48:06.000Z</time>
        <extensions>
          <ns3:TrackPointExtension>
            <ns3:atemp>17.0</ns3:atemp>
            <ns3:hr>127</ns3:hr>
          </ns3:TrackPointExtension>
        </extensions>
      </trkpt>
      <trkpt lat="59.99328796751797199249267578125" lon="30.36372226662933826446533203125">
        <ele>19.6000003814697265625</ele>
        <time>2026-03-16T15:48:15.000Z</time>
        <extensions>
          <ns3:TrackPointExtension>
            <ns3:atemp>17.0</ns3:atemp>
            <ns3:hr>128</ns3:hr>
          </ns3:TrackPointExtension>
        </extensions>
      </trkpt>
      <trkpt lat="59.99326684512197971343994140625" lon="30.363838858902454376220703125">
        <ele>19.6000003814697265625</ele>
        <time>2026-03-16T15:48:17.000Z</time>
        <extensions>
          <ns3:TrackPointExtension>
            <ns3:atemp>17.0</ns3:atemp>
            <ns3:hr>124</ns3:hr>
          </ns3:TrackPointExtension>
        </extensions>
      </trkpt>
      <trkpt lat="59.99321940355002880096435546875" lon="30.36414488218724727630615234375">
        <ele>19.3999996185302734375</ele>
        <time>2026-03-16T15:48:22.000Z</time>
        <extensions>
          <ns3:TrackPointExtension>
            <ns3:atemp>17.0</ns3:atemp>
            <ns3:hr>122</ns3:hr>
          </ns3:TrackPointExtension>
        </extensions>
      </trkpt>
      <trkpt lat="59.99318554066121578216552734375" lon="30.364296175539493560791015625">
        <ele>19.3999996185302734375</ele>
        <time>2026-03-16T15:48:25.000Z</time>
        <extensions>
          <ns3:TrackPointExtension>
            <ns3:atemp>17.0</ns3:atemp>
            <ns3:hr>125</ns3:hr>
          </ns3:TrackPointExtension>
        </extensions>
      </trkpt>
      <trkpt lat="59.993170537054538726806640625" lon="30.36445476114749908447265625">
        <ele>19</ele>
        <time>2026-03-16T15:48:28.000Z</time>
        <extensions>
          <ns3:TrackPointExtension>
            <ns3:atemp>17.0</ns3:atemp>
            <ns3:hr>121</ns3:hr>
          </ns3:TrackPointExtension>
        </extensions>
      </trkpt>
      <trkpt lat="59.993166513741016387939453125" lon="30.364504046738147735595703125">
        <ele>19</ele>
        <time>2026-03-16T15:48:29.000Z</time>
        <extensions>
          <ns3:TrackPointExtension>
            <ns3:atemp>17.0</ns3:atemp>
            <ns3:hr>126</ns3:hr>
          </ns3:TrackPointExtension>
        </extensions>
      </trkpt>
      <trkpt lat="59.99313524924218654632568359375" lon="30.36464829929172992706298828125">
        <ele>18.799999237060546875</ele>
        <time>2026-03-16T15:48:32.000Z</time>
        <extensions>
          <ns3:TrackPointExtension>
            <ns3:atemp>17.0</ns3:atemp>
            <ns3:hr>122</ns3:hr>
          </ns3:TrackPointExtension>
        </extensions>
      </trkpt>
      <trkpt lat="59.9930922500789165496826171875" lon="30.364842005074024200439453125">
        <ele>18.799999237060546875</ele>
        <time>2026-03-16T15:48:35.000Z</time>
        <extensions>
          <ns3:TrackPointExtension>
            <ns3:atemp>17.0</ns3:atemp>
            <ns3:hr>121</ns3:hr>
          </ns3:TrackPointExtension>
        </extensions>
      </trkpt>
      <trkpt lat="59.99306626617908477783203125" lon="30.3649806417524814605712890625">
        <ele>18.799999237060546875</ele>
        <time>2026-03-16T15:48:37.000Z</time>
        <extensions>
          <ns3:TrackPointExtension>
            <ns3:atemp>17.0</ns3:atemp>
            <ns3:hr>124</ns3:hr>
          </ns3:TrackPointExtension>
        </extensions>
      </trkpt>
      <trkpt lat="59.9930184893310070037841796875" lon="30.36520502530038356781005859375">
        <ele>19</ele>
        <time>2026-03-16T15:48:40.000Z</time>
        <extensions>
          <ns3:TrackPointExtension>
            <ns3:atemp>17.0</ns3:atemp>
            <ns3:hr>121</ns3:hr>
          </ns3:TrackPointExtension>
        </extensions>
      </trkpt>
      <trkpt lat="59.9929899908602237701416015625" lon="30.36539864726364612579345703125">
        <ele>19</ele>
        <time>2026-03-16T15:48:43.000Z</time>
        <extensions>
          <ns3:TrackPointExtension>
            <ns3:atemp>17.0</ns3:atemp>
            <ns3:hr>121</ns3:hr>
          </ns3:TrackPointExtension>
        </extensions>
      </trkpt>
      <trkpt lat="59.99304388649761676788330078125" lon="30.36608822643756866455078125">
        <ele>18.3999996185302734375</ele>
        <time>2026-03-16T15:48:51.000Z</time>
        <extensions>
          <ns3:TrackPointExtension>
            <ns3:atemp>17.0</ns3:atemp>
            <ns3:hr>120</ns3:hr>
          </ns3:TrackPointExtension>
        </extensions>
      </trkpt>
      <trkpt lat="59.993046484887599945068359375" lon="30.36628008820116519927978515625">
        <ele>18.3999996185302734375</ele>
        <time>2026-03-16T15:48:55.000Z</time>
        <extensions>
          <ns3:TrackPointExtension>
            <ns3:atemp>17.0</ns3:atemp>
            <ns3:hr>123</ns3:hr>
          </ns3:TrackPointExtension>
        </extensions>
      </trkpt>
      <trkpt lat="59.993052184581756591796875" lon="30.36637363024055957794189453125">
        <ele>18.3999996185302734375</ele>
        <time>2026-03-16T15:48:57.000Z</time>
        <extensions>
          <ns3:TrackPointExtension>
            <ns3:atemp>17.0</ns3:atemp>
            <ns3:hr>120</ns3:hr>
          </ns3:TrackPointExtension>
        </extensions>
      </trkpt>
      <trkpt lat="59.993060566484928131103515625" lon="30.36672231741249561309814453125">
        <ele>18.3999996185302734375</ele>
        <time>2026-03-16T15:49:02.000Z</time>
        <extensions>
          <ns3:TrackPointExtension>
            <ns3:atemp>17.0</ns3:atemp>
            <ns3:hr>123</ns3:hr>
          </ns3:TrackPointExtension>
        </extensions>
      </trkpt>
      <trkpt lat="59.993068277835845947265625" lon="30.366787277162075042724609375">
        <ele>18.3999996185302734375</ele>
        <time>2026-03-16T15:49:03.000Z</time>
        <extensions>
          <ns3:TrackPointExtension>
            <ns3:atemp>17.0</ns3:atemp>
            <ns3:hr>123</ns3:hr>
          </ns3:TrackPointExtension>
        </extensions>
      </trkpt>
      <trkpt lat="59.99298756010830402374267578125" lon="30.36719891242682933807373046875">
        <ele>17.799999237060546875</ele>
        <time>2026-03-16T15:49:08.000Z</time>
        <extensions>
          <ns3:TrackPointExtension>
            <ns3:atemp>17.0</ns3:atemp>
            <ns3:hr>123</ns3:hr>
          </ns3:TrackPointExtension>
        </extensions>
      </trkpt>
      <trkpt lat="59.992955289781093597412109375" lon="30.3672878444194793701171875">
        <ele>17.799999237060546875</ele>
        <time>2026-03-16T15:49:09.000Z</time>
        <extensions>
          <ns3:TrackPointExtension>
            <ns3:atemp>17.0</ns3:atemp>
            <ns3:hr>123</ns3:hr>
          </ns3:TrackPointExtension>
        </extensions>
      </trkpt>
      <trkpt lat="59.9928297288715839385986328125" lon="30.36770425736904144287109375">
        <ele>17.200000762939453125</ele>
        <time>2026-03-16T15:49:17.000Z</time>
        <extensions>
          <ns3:TrackPointExtension>
            <ns3:atemp>17.0</ns3:atemp>
            <ns3:hr>122</ns3:hr>
          </ns3:TrackPointExtension>
        </extensions>
      </trkpt>
      <trkpt lat="59.992709197103977203369140625" lon="30.368087477982044219970703125">
        <ele>16.799999237060546875</ele>
        <time>2026-03-16T15:49:26.000Z</time>
        <extensions>
          <ns3:TrackPointExtension>
            <ns3:atemp>17.0</ns3:atemp>
            <ns3:hr>121</ns3:hr>
          </ns3:TrackPointExtension>
        </extensions>
      </trkpt>
      <trkpt lat="59.99269469641149044036865234375" lon="30.368085801601409912109375">
        <ele>16.799999237060546875</ele>
        <time>2026-03-16T15:49:27.000Z</time>
        <extensions>
          <ns3:TrackPointExtension>
            <ns3:atemp>17.0</ns3:atemp>
            <ns3:hr>121</ns3:hr>
          </ns3:TrackPointExtension>
        </extensions>
      </trkpt>
      <trkpt lat="59.992628060281276702880859375" lon="30.3682653419673442840576171875">
        <ele>16.200000762939453125</ele>
        <time>2026-03-16T15:49:33.000Z</time>
        <extensions>
          <ns3:TrackPointExtension>
            <ns3:atemp>17.0</ns3:atemp>
            <ns3:hr>121</ns3:hr>
          </ns3:TrackPointExtension>
        </extensions>
      </trkpt>
      <trkpt lat="59.99258858151733875274658203125" lon="30.36839115433394908905029296875">
        <ele>16</ele>
        <time>2026-03-16T15:49:36.000Z</time>
        <extensions>
          <ns3:TrackPointExtension>
            <ns3:atemp>17.0</ns3:atemp>
            <ns3:hr>118</ns3:hr>
          </ns3:TrackPointExtension>
        </extensions>
      </trkpt>
      <trkpt lat="59.992522783577442169189453125" lon="30.368563234806060791015625">
        <ele>16</ele>
        <time>2026-03-16T15:49:40.000Z</time>
        <extensions>
          <ns3:TrackPointExtension>
            <ns3:atemp>17.0</ns3:atemp>
            <ns3:hr>120</ns3:hr>
          </ns3:TrackPointExtension>
        </extensions>
      </trkpt>
      <trkpt lat="59.99248154461383819580078125" lon="30.36870782263576984405517578125">
        <ele>15.80000019073486328125</ele>
        <time>2026-03-16T15:49:43.000Z</time>
        <extensions>
          <ns3:TrackPointExtension>
            <ns3:atemp>17.0</ns3:atemp>
            <ns3:hr>118</ns3:hr>
          </ns3:TrackPointExtension>
        </extensions>
      </trkpt>
      <trkpt lat="59.9923995696008205413818359375" lon="30.36905935965478420257568359375">
        <ele>15.3999996185302734375</ele>
        <time>2026-03-16T15:49:49.000Z</time>
        <extensions>
          <ns3:TrackPointExtension>
            <ns3:atemp>17.0</ns3:atemp>
            <ns3:hr>115</ns3:hr>
          </ns3:TrackPointExtension>
        </extensions>
      </trkpt>
      <trkpt lat="59.992318265140056610107421875" lon="30.369663946330547332763671875">
        <ele>14.80000019073486328125</ele>
        <time>2026-03-16T15:49:57.000Z</time>
        <extensions>
          <ns3:TrackPointExtension>
            <ns3:atemp>17.0</ns3:atemp>
            <ns3:hr>116</ns3:hr>
          </ns3:TrackPointExtension>
        </extensions>
      </trkpt>
      <trkpt lat="59.9923016689717769622802734375" lon="30.36972974427044391632080078125">
        <ele>14.6000003814697265625</ele>
        <time>2026-03-16T15:49:58.000Z</time>
        <extensions>
          <ns3:TrackPointExtension>
            <ns3:atemp>17.0</ns3:atemp>
            <ns3:hr>116</ns3:hr>
          </ns3:TrackPointExtension>
        </extensions>
      </trkpt>
      <trkpt lat="59.99225799925625324249267578125" lon="30.37041437812149524688720703125">
        <ele>14.19999980926513671875</ele>
        <time>2026-03-16T15:50:08.000Z</time>
        <extensions>
          <ns3:TrackPointExtension>
            <ns3:atemp>17.0</ns3:atemp>
            <ns3:hr>115</ns3:hr>
          </ns3:TrackPointExtension>
        </extensions>
      </trkpt>
      <trkpt lat="59.99220988713204860687255859375" lon="30.37069148384034633636474609375">
        <ele>14.19999980926513671875</ele>
        <time>2026-03-16T15:50:12.000Z</time>
        <extensions>
          <ns3:TrackPointExtension>
            <ns3:atemp>17.0</ns3:atemp>
            <ns3:hr>112</ns3:hr>
          </ns3:TrackPointExtension>
        </extensions>
      </trkpt>
      <trkpt lat="59.99216646887362003326416015625" lon="30.3709673322737216949462890625">
        <ele>14.19999980926513671875</ele>
        <time>2026-03-16T15:50:17.000Z</time>
        <extensions>
          <ns3:TrackPointExtension>
            <ns3:atemp>17.0</ns3:atemp>
            <ns3:hr>112</ns3:hr>
          </ns3:TrackPointExtension>
        </extensions>
      </trkpt>
      <trkpt lat="59.99210067093372344970703125" lon="30.3714130818843841552734375">
        <ele>13.80000019073486328125</ele>
        <time>2026-03-16T15:50:26.000Z</time>
        <extensions>
          <ns3:TrackPointExtension>
            <ns3:atemp>17.0</ns3:atemp>
            <ns3:hr>114</ns3:hr>
          </ns3:TrackPointExtension>
        </extensions>
      </trkpt>
      <trkpt lat="59.99203898012638092041015625" lon="30.3717971406877040863037109375">
        <ele>13.6000003814697265625</ele>
        <time>2026-03-16T15:50:32.000Z</time>
        <extensions>
          <ns3:TrackPointExtension>
            <ns3:atemp>17.0</ns3:atemp>
            <ns3:hr>112</ns3:hr>
          </ns3:TrackPointExtension>
        </extensions>
      </trkpt>
      <trkpt lat="59.992032609879970550537109375" lon="30.3718692250549793243408203125">
        <ele>13.6000003814697265625</ele>
        <time>2026-03-16T15:50:33.000Z</time>
        <extensions>
          <ns3:TrackPointExtension>
            <ns3:atemp>17.0</ns3:atemp>
            <ns3:hr>112</ns3:hr>
          </ns3:TrackPointExtension>
        </extensions>
      </trkpt>
      <trkpt lat="59.99195390380918979644775390625" lon="30.37220978178083896636962890625">
        <ele>13</ele>
        <time>2026-03-16T15:50:39.000Z</time>
        <extensions>
          <ns3:TrackPointExtension>
            <ns3:atemp>17.0</ns3:atemp>
            <ns3:hr>112</ns3:hr>
          </ns3:TrackPointExtension>
        </extensions>
      </trkpt>
      <trkpt lat="59.99193009920418262481689453125" lon="30.3723205067217350006103515625">
        <ele>12.6000003814697265625</ele>
        <time>2026-03-16T15:50:41.000Z</time>
        <extensions>
          <ns3:TrackPointExtension>
            <ns3:atemp>17.0</ns3:atemp>
            <ns3:hr>111</ns3:hr>
          </ns3:TrackPointExtension>
        </extensions>
      </trkpt>
      <trkpt lat="59.99190612696111202239990234375" lon="30.37273465655744075775146484375">
        <ele>12.3999996185302734375</ele>
        <time>2026-03-16T15:50:47.000Z</time>
        <extensions>
          <ns3:TrackPointExtension>
            <ns3:atemp>17.0</ns3:atemp>
            <ns3:hr>112</ns3:hr>
          </ns3:TrackPointExtension>
        </extensions>
      </trkpt>
      <trkpt lat="59.9918503873050212860107421875" lon="30.373294986784458160400390625">
        <ele>12.6000003814697265625</ele>
        <time>2026-03-16T15:50:55.000Z</time>
        <extensions>
          <ns3:TrackPointExtension>
            <ns3:atemp>17.0</ns3:atemp>
            <ns3:hr>113</ns3:hr>
          </ns3:TrackPointExtension>
        </extensions>
      </trkpt>
      <trkpt lat="59.99182582832872867584228515625" lon="30.3734772093594074249267578125">
        <ele>12.80000019073486328125</ele>
        <time>2026-03-16T15:50:58.000Z</time>
        <extensions>
          <ns3:TrackPointExtension>
            <ns3:atemp>17.0</ns3:atemp>
            <ns3:hr>116</ns3:hr>
          </ns3:TrackPointExtension>
        </extensions>
      </trkpt>
      <trkpt lat="59.991813339293003082275390625" lon="30.37366940639913082122802734375">
        <ele>13</ele>
        <time>2026-03-16T15:51:01.000Z</time>
        <extensions>
          <ns3:TrackPointExtension>
            <ns3:atemp>17.0</ns3:atemp>
            <ns3:hr>112</ns3:hr>
          </ns3:TrackPointExtension>
        </extensions>
      </trkpt>
      <trkpt lat="59.9918047897517681121826171875" lon="30.3738084621727466583251953125">
        <ele>13</ele>
        <time>2026-03-16T15:51:03.000Z</time>
        <extensions>
          <ns3:TrackPointExtension>
            <ns3:atemp>17.0</ns3:atemp>
            <ns3:hr>114</ns3:hr>
          </ns3:TrackPointExtension>
        </extensions>
      </trkpt>
      <trkpt lat="59.9917886964976787567138671875" lon="30.3740780241787433624267578125">
        <ele>13.3999996185302734375</ele>
        <time>2026-03-16T15:51:07.000Z</time>
        <extensions>
          <ns3:TrackPointExtension>
            <ns3:atemp>17.0</ns3:atemp>
            <ns3:hr>117</ns3:hr>
          </ns3:TrackPointExtension>
        </extensions>
      </trkpt>
      <trkpt lat="59.99179221689701080322265625" lon="30.374216996133327484130859375">
        <ele>13.6000003814697265625</ele>
        <time>2026-03-16T15:51:09.000Z</time>
        <extensions>
          <ns3:TrackPointExtension>
            <ns3:atemp>17.0</ns3:atemp>
            <ns3:hr>120</ns3:hr>
          </ns3:TrackPointExtension>
        </extensions>
      </trkpt>
      <trkpt lat="59.99179749749600887298583984375" lon="30.37435353733599185943603515625">
        <ele>13.6000003814697265625</ele>
        <time>2026-03-16T15:51:11.000Z</time>
        <extensions>
          <ns3:TrackPointExtension>
            <ns3:atemp>17.0</ns3:atemp>
            <ns3:hr>118</ns3:hr>
          </ns3:TrackPointExtension>
        </extensions>
      </trkpt>
      <trkpt lat="59.99180889688432216644287109375" lon="30.37454120814800262451171875">
        <ele>13.6000003814697265625</ele>
        <time>2026-03-16T15:51:14.000Z</time>
        <extensions>
          <ns3:TrackPointExtension>
            <ns3:atemp>17.0</ns3:atemp>
            <ns3:hr>118</ns3:hr>
          </ns3:TrackPointExtension>
        </extensions>
      </trkpt>
      <trkpt lat="59.99183890409767627716064453125" lon="30.3748424537479877471923828125">
        <ele>14.3999996185302734375</ele>
        <time>2026-03-16T15:51:19.000Z</time>
        <extensions>
          <ns3:TrackPointExtension>
            <ns3:atemp>17.0</ns3:atemp>
            <ns3:hr>115</ns3:hr>
          </ns3:TrackPointExtension>
        </extensions>
      </trkpt>
      <trkpt lat="59.991893470287322998046875" lon="30.3751730360090732574462890625">
        <ele>14.80000019073486328125</ele>
        <time>2026-03-16T15:51:24.000Z</time>
        <extensions>
          <ns3:TrackPointExtension>
            <ns3:atemp>17.0</ns3:atemp>
            <ns3:hr>113</ns3:hr>
          </ns3:TrackPointExtension>
        </extensions>
      </trkpt>
      <trkpt lat="59.9919251538813114166259765625" lon="30.37529733963310718536376953125">
        <ele>15</ele>
        <time>2026-03-16T15:51:26.000Z</time>
        <extensions>
          <ns3:TrackPointExtension>
            <ns3:atemp>17.0</ns3:atemp>
            <ns3:hr>114</ns3:hr>
          </ns3:TrackPointExtension>
        </extensions>
      </trkpt>
      <trkpt lat="59.99202682636678218841552734375" lon="30.37565030157566070556640625">
        <ele>15.19999980926513671875</ele>
        <time>2026-03-16T15:51:33.000Z</time>
        <extensions>
          <ns3:TrackPointExtension>
            <ns3:atemp>17.0</ns3:atemp>
            <ns3:hr>112</ns3:hr>
          </ns3:TrackPointExtension>
        </extensions>
      </trkpt>
      <trkpt lat="59.99212455935776233673095703125" lon="30.37589195184409618377685546875">
        <ele>15.80000019073486328125</ele>
        <time>2026-03-16T15:51:39.000Z</time>
        <extensions>
          <ns3:TrackPointExtension>
            <ns3:atemp>17.0</ns3:atemp>
            <ns3:hr>113</ns3:hr>
          </ns3:TrackPointExtension>
        </extensions>
      </trkpt>
      <trkpt lat="59.992144592106342315673828125" lon="30.37594132125377655029296875">
        <ele>15.80000019073486328125</ele>
        <time>2026-03-16T15:51:40.000Z</time>
        <extensions>
          <ns3:TrackPointExtension>
            <ns3:atemp>17.0</ns3:atemp>
            <ns3:hr>113</ns3:hr>
          </ns3:TrackPointExtension>
        </extensions>
      </trkpt>
      <trkpt lat="59.99215071089565753936767578125" lon="30.37598423659801483154296875">
        <ele>15.80000019073486328125</ele>
        <time>2026-03-16T15:51:41.000Z</time>
        <extensions>
          <ns3:TrackPointExtension>
            <ns3:atemp>17.0</ns3:atemp>
            <ns3:hr>113</ns3:hr>
          </ns3:TrackPointExtension>
        </extensions>
      </trkpt>
      <trkpt lat="59.99217133037745952606201171875" lon="30.37613301537930965423583984375">
        <ele>16</ele>
        <time>2026-03-16T15:51:44.000Z</time>
        <extensions>
          <ns3:TrackPointExtension>
            <ns3:atemp>17.0</ns3:atemp>
            <ns3:hr>113</ns3:hr>
          </ns3:TrackPointExtension>
        </extensions>
      </trkpt>
      <trkpt lat="59.99222715385258197784423828125" lon="30.3762998990714550018310546875">
        <ele>15.80000019073486328125</ele>
        <time>2026-03-16T15:51:48.000Z</time>
        <extensions>
          <ns3:TrackPointExtension>
            <ns3:atemp>17.0</ns3:atemp>
            <ns3:hr>109</ns3:hr>
          </ns3:TrackPointExtension>
        </extensions>
      </trkpt>
      <trkpt lat="59.9922730028629302978515625" lon="30.3763833828270435333251953125">
        <ele>15.80000019073486328125</ele>
        <time>2026-03-16T15:51:50.000Z</time>
        <extensions>
          <ns3:TrackPointExtension>
            <ns3:atemp>17.0</ns3:atemp>
            <ns3:hr>109</ns3:hr>
          </ns3:TrackPointExtension>
        </extensions>
      </trkpt>
      <trkpt lat="59.99238498508930206298828125" lon="30.37659670226275920867919921875">
        <ele>16.200000762939453125</ele>
        <time>2026-03-16T15:51:56.000Z</time>
        <extensions>
          <ns3:TrackPointExtension>
            <ns3:atemp>17.0</ns3:atemp>
            <ns3:hr>111</ns3:hr>
          </ns3:TrackPointExtension>
        </extensions>
      </trkpt>
      <trkpt lat="59.99240216799080371856689453125" lon="30.3767297230660915374755859375">
        <ele>16.200000762939453125</ele>
        <time>2026-03-16T15:51:59.000Z</time>
        <extensions>
          <ns3:TrackPointExtension>
            <ns3:atemp>17.0</ns3:atemp>
            <ns3:hr>114</ns3:hr>
          </ns3:TrackPointExtension>
        </extensions>
      </trkpt>
      <trkpt lat="59.99240468256175518035888671875" lon="30.37684229202568531036376953125">
        <ele>16.3999996185302734375</ele>
        <time>2026-03-16T15:52:01.000Z</time>
        <extensions>
          <ns3:TrackPointExtension>
            <ns3:atemp>16.0</ns3:atemp>
            <ns3:hr>115</ns3:hr>
          </ns3:TrackPointExtension>
        </extensions>
      </trkpt>
      <trkpt lat="59.99240987934172153472900390625" lon="30.37707916460931301116943359375">
        <ele>16.3999996185302734375</ele>
        <time>2026-03-16T15:52:05.000Z</time>
        <extensions>
          <ns3:TrackPointExtension>
            <ns3:atemp>16.0</ns3:atemp>
            <ns3:hr>117</ns3:hr>
          </ns3:TrackPointExtension>
        </extensions>
      </trkpt>
      <trkpt lat="59.99249889515340328216552734375" lon="30.37720195949077606201171875">
        <ele>16.3999996185302734375</ele>
        <time>2026-03-16T15:52:06.000Z</time>
        <extensions>
          <ns3:TrackPointExtension>
            <ns3:atemp>16.0</ns3:atemp>
            <ns3:hr>117</ns3:hr>
          </ns3:TrackPointExtension>
        </extensions>
      </trkpt>
      <trkpt lat="59.9925373680889606475830078125" lon="30.37756397388875484466552734375">
        <ele>16.799999237060546875</ele>
        <time>2026-03-16T15:52:11.000Z</time>
        <extensions>
          <ns3:TrackPointExtension>
            <ns3:atemp>16.0</ns3:atemp>
            <ns3:hr>118</ns3:hr>
          </ns3:TrackPointExtension>
        </extensions>
      </trkpt>
      <trkpt lat="59.99254935421049594879150390625" lon="30.3776805661618709564208984375">
        <ele>17</ele>
        <time>2026-03-16T15:52:13.000Z</time>
        <extensions>
          <ns3:TrackPointExtension>
            <ns3:atemp>16.0</ns3:atemp>
            <ns3:hr>119</ns3:hr>
          </ns3:TrackPointExtension>
        </extensions>
      </trkpt>
      <trkpt lat="59.992583133280277252197265625" lon="30.377917774021625518798828125">
        <ele>17</ele>
        <time>2026-03-16T15:52:17.000Z</time>
        <extensions>
          <ns3:TrackPointExtension>
            <ns3:atemp>16.0</ns3:atemp>
            <ns3:hr>117</ns3:hr>
          </ns3:TrackPointExtension>
        </extensions>
      </trkpt>
      <trkpt lat="59.99268044717609882354736328125" lon="30.37810930050909519195556640625">
        <ele>18.200000762939453125</ele>
        <time>2026-03-16T15:52:23.000Z</time>
        <extensions>
          <ns3:TrackPointExtension>
            <ns3:atemp>16.0</ns3:atemp>
            <ns3:hr>116</ns3:hr>
          </ns3:TrackPointExtension>
        </extensions>
      </trkpt>
      <trkpt lat="59.9927656911313533782958984375" lon="30.37823720835149288177490234375">
        <ele>19</ele>
        <time>2026-03-16T15:52:29.000Z</time>
        <extensions>
          <ns3:TrackPointExtension>
            <ns3:atemp>16.0</ns3:atemp>
            <ns3:hr>115</ns3:hr>
          </ns3:TrackPointExtension>
        </extensions>
      </trkpt>
      <trkpt lat="59.99279729090631008148193359375" lon="30.3782795369625091552734375">
        <ele>19.200000762939453125</ele>
        <time>2026-03-16T15:52:31.000Z</time>
        <extensions>
          <ns3:TrackPointExtension>
            <ns3:atemp>16.0</ns3:atemp>
            <ns3:hr>113</ns3:hr>
          </ns3:TrackPointExtension>
        </extensions>
      </trkpt>
      <trkpt lat="59.992880187928676605224609375" lon="30.37841389887034893035888671875">
        <ele>19.6000003814697265625</ele>
        <time>2026-03-16T15:52:36.000Z</time>
        <extensions>
          <ns3:TrackPointExtension>
            <ns3:atemp>16.0</ns3:atemp>
            <ns3:hr>116</ns3:hr>
          </ns3:TrackPointExtension>
        </extensions>
      </trkpt>
      <trkpt lat="59.99292653985321521759033203125" lon="30.37850844673812389373779296875">
        <ele>20.200000762939453125</ele>
        <time>2026-03-16T15:52:40.000Z</time>
        <extensions>
          <ns3:TrackPointExtension>
            <ns3:atemp>16.0</ns3:atemp>
            <ns3:hr>117</ns3:hr>
          </ns3:TrackPointExtension>
        </extensions>
      </trkpt>
      <trkpt lat="59.99294095672667026519775390625" lon="30.378574915230274200439453125">
        <ele>20.3999996185302734375</ele>
        <time>2026-03-16T15:52:42.000Z</time>
        <extensions>
          <ns3:TrackPointExtension>
            <ns3:atemp>16.0</ns3:atemp>
            <ns3:hr>117</ns3:hr>
          </ns3:TrackPointExtension>
        </extensions>
      </trkpt>
      <trkpt lat="59.99296090565621852874755859375" lon="30.37870860658586025238037109375">
        <ele>20.6000003814697265625</ele>
        <time>2026-03-16T15:52:45.000Z</time>
        <extensions>
          <ns3:TrackPointExtension>
            <ns3:atemp>16.0</ns3:atemp>
            <ns3:hr>123</ns3:hr>
          </ns3:TrackPointExtension>
        </extensions>
      </trkpt>
      <trkpt lat="59.99296325258910655975341796875" lon="30.37874288856983184814453125">
        <ele>20.6000003814697265625</ele>
        <time>2026-03-16T15:52:46.000Z</time>
        <extensions>
          <ns3:TrackPointExtension>
            <ns3:atemp>16.0</ns3:atemp>
            <ns3:hr>123</ns3:hr>
          </ns3:TrackPointExtension>
        </extensions>
      </trkpt>
      <trkpt lat="59.99296291731297969818115234375" lon="30.378757305443286895751953125">
        <ele>20.6000003814697265625</ele>
        <time>2026-03-16T15:52:47.000Z</time>
        <extensions>
          <ns3:TrackPointExtension>
            <ns3:atemp>16.0</ns3:atemp>
            <ns3:hr>123</ns3:hr>
          </ns3:TrackPointExtension>
        </extensions>
      </trkpt>
      <trkpt lat="59.99295872636139392852783203125" lon="30.37876141257584095001220703125">
        <ele>20.6000003814697265625</ele>
        <time>2026-03-16T15:52:48.000Z</time>
        <extensions>
          <ns3:TrackPointExtension>
            <ns3:atemp>16.0</ns3:atemp>
            <ns3:hr>123</ns3:hr>
          </ns3:TrackPointExtension>
        </extensions>
      </trkpt>
      <trkpt lat="59.9929864704608917236328125" lon="30.3787544555962085723876953125">
        <ele>20.6000003814697265625</ele>
        <time>2026-03-16T15:52:53.000Z</time>
        <extensions>
          <ns3:TrackPointExtension>
            <ns3:atemp>16.0</ns3:atemp>
            <ns3:hr>120</ns3:hr>
          </ns3:TrackPointExtension>
        </extensions>
      </trkpt>
      <trkpt lat="59.99302259646356105804443359375" lon="30.37876359187066555023193359375">
        <ele>20.799999237060546875</ele>
        <time>2026-03-16T15:52:56.000Z</time>
        <extensions>
          <ns3:TrackPointExtension>
            <ns3:atemp>16.0</ns3:atemp>
            <ns3:hr>121</ns3:hr>
          </ns3:TrackPointExtension>
        </extensions>
      </trkpt>
      <trkpt lat="59.99316290952265262603759765625" lon="30.378799550235271453857421875">
        <ele>20.799999237060546875</ele>
        <time>2026-03-16T15:53:03.000Z</time>
        <extensions>
          <ns3:TrackPointExtension>
            <ns3:atemp>16.0</ns3:atemp>
            <ns3:hr>120</ns3:hr>
          </ns3:TrackPointExtension>
        </extensions>
      </trkpt>
      <trkpt lat="59.9933145381510257720947265625" lon="30.3789130412042140960693359375">
        <ele>20.6000003814697265625</ele>
        <time>2026-03-16T15:53:09.000Z</time>
        <extensions>
          <ns3:TrackPointExtension>
            <ns3:atemp>16.0</ns3:atemp>
            <ns3:hr>116</ns3:hr>
          </ns3:TrackPointExtension>
        </extensions>
      </trkpt>
      <trkpt lat="59.9933433718979358673095703125" lon="30.37892234511673450469970703125">
        <ele>20.6000003814697265625</ele>
        <time>2026-03-16T15:53:10.000Z</time>
        <extensions>
          <ns3:TrackPointExtension>
            <ns3:atemp>16.0</ns3:atemp>
            <ns3:hr>117</ns3:hr>
          </ns3:TrackPointExtension>
        </extensions>
      </trkpt>
      <trkpt lat="59.99351955950260162353515625" lon="30.3789355047047138214111328125">
        <ele>20.6000003814697265625</ele>
        <time>2026-03-16T15:53:16.000Z</time>
        <extensions>
          <ns3:TrackPointExtension>
            <ns3:atemp>16.0</ns3:atemp>
            <ns3:hr>116</ns3:hr>
          </ns3:TrackPointExtension>
        </extensions>
      </trkpt>
      <trkpt lat="59.99357278458774089813232421875" lon="30.3789204172790050506591796875">
        <ele>21</ele>
        <time>2026-03-16T15:53:18.000Z</time>
        <extensions>
          <ns3:TrackPointExtension>
            <ns3:atemp>16.0</ns3:atemp>
            <ns3:hr>121</ns3:hr>
          </ns3:TrackPointExtension>
        </extensions>
      </trkpt>
      <trkpt lat="59.99359977431595325469970703125" lon="30.378921926021575927734375">
        <ele>21</ele>
        <time>2026-03-16T15:53:19.000Z</time>
        <extensions>
          <ns3:TrackPointExtension>
            <ns3:atemp>16.0</ns3:atemp>
            <ns3:hr>118</ns3:hr>
          </ns3:TrackPointExtension>
        </extensions>
      </trkpt>
      <trkpt lat="59.99370555393397808074951171875" lon="30.37888932041823863983154296875">
        <ele>21.200000762939453125</ele>
        <time>2026-03-16T15:53:23.000Z</time>
        <extensions>
          <ns3:TrackPointExtension>
            <ns3:atemp>16.0</ns3:atemp>
            <ns3:hr>118</ns3:hr>
          </ns3:TrackPointExtension>
        </extensions>
      </trkpt>
      <trkpt lat="59.993782751262187957763671875" lon="30.37892720662057399749755859375">
        <ele>21.200000762939453125</ele>
        <time>2026-03-16T15:53:26.000Z</time>
        <extensions>
          <ns3:TrackPointExtension>
            <ns3:atemp>16.0</ns3:atemp>
            <ns3:hr>117</ns3:hr>
          </ns3:TrackPointExtension>
        </extensions>
      </trkpt>
      <trkpt lat="59.993834383785724639892578125" lon="30.37896140478551387786865234375">
        <ele>21.3999996185302734375</ele>
        <time>2026-03-16T15:53:28.000Z</time>
        <extensions>
          <ns3:TrackPointExtension>
            <ns3:atemp>16.0</ns3:atemp>
            <ns3:hr>116</ns3:hr>
          </ns3:TrackPointExtension>
        </extensions>
      </trkpt>
      <trkpt lat="59.9939086474478244781494140625" lon="30.37899912334978580474853515625">
        <ele>21.3999996185302734375</ele>
        <time>2026-03-16T15:53:31.000Z</time>
        <extensions>
          <ns3:TrackPointExtension>
            <ns3:atemp>16.0</ns3:atemp>
            <ns3:hr>120</ns3:hr>
          </ns3:TrackPointExtension>
        </extensions>
      </trkpt>
      <trkpt lat="59.99398835934698581695556640625" lon="30.379053689539432525634765625">
        <ele>21.3999996185302734375</ele>
        <time>2026-03-16T15:53:34.000Z</time>
        <extensions>
          <ns3:TrackPointExtension>
            <ns3:atemp>16.0</ns3:atemp>
            <ns3:hr>120</ns3:hr>
          </ns3:TrackPointExtension>
        </extensions>
      </trkpt>
      <trkpt lat="59.9941398203372955322265625" lon="30.37926432676613330841064453125">
        <ele>21.3999996185302734375</ele>
        <time>2026-03-16T15:53:39.000Z</time>
        <extensions>
          <ns3:TrackPointExtension>
            <ns3:atemp>16.0</ns3:atemp>
            <ns3:hr>121</ns3:hr>
          </ns3:TrackPointExtension>
        </extensions>
      </trkpt>
      <trkpt lat="59.9943793751299381256103515625" lon="30.37949684076011180877685546875">
        <ele>21.200000762939453125</ele>
        <time>2026-03-16T15:53:47.000Z</time>
        <extensions>
          <ns3:TrackPointExtension>
            <ns3:atemp>16.0</ns3:atemp>
            <ns3:hr>118</ns3:hr>
          </ns3:TrackPointExtension>
        </extensions>
      </trkpt>
      <trkpt lat="59.99453268013894557952880859375" lon="30.37961452268064022064208984375">
        <ele>21</ele>
        <time>2026-03-16T15:53:52.000Z</time>
        <extensions>
          <ns3:TrackPointExtension>
            <ns3:atemp>16.0</ns3:atemp>
            <ns3:hr>121</ns3:hr>
          </ns3:TrackPointExtension>
        </extensions>
      </trkpt>
      <trkpt lat="59.99460895545780658721923828125" lon="30.3797153569757938385009765625">
        <ele>21</ele>
        <time>2026-03-16T15:53:55.000Z</time>
        <extensions>
          <ns3:TrackPointExtension>
            <ns3:atemp>16.0</ns3:atemp>
            <ns3:hr>119</ns3:hr>
          </ns3:TrackPointExtension>
        </extensions>
      </trkpt>
      <trkpt lat="59.99465455301105976104736328125" lon="30.37974930368363857269287109375">
        <ele>21</ele>
        <time>2026-03-16T15:53:57.000Z</time>
        <extensions>
          <ns3:TrackPointExtension>
            <ns3:atemp>16.0</ns3:atemp>
            <ns3:hr>116</ns3:hr>
          </ns3:TrackPointExtension>
        </extensions>
      </trkpt>
      <trkpt lat="59.9947800301015377044677734375" lon="30.37985692732036113739013671875">
        <ele>20.799999237060546875</ele>
        <time>2026-03-16T15:54:02.000Z</time>
        <extensions>
          <ns3:TrackPointExtension>
            <ns3:atemp>16.0</ns3:atemp>
            <ns3:hr>117</ns3:hr>
          </ns3:TrackPointExtension>
        </extensions>
      </trkpt>
      <trkpt lat="59.99484549276530742645263671875" lon="30.379946865141391754150390625">
        <ele>20.799999237060546875</ele>
        <time>2026-03-16T15:54:05.000Z</time>
        <extensions>
          <ns3:TrackPointExtension>
            <ns3:atemp>16.0</ns3:atemp>
            <ns3:hr>113</ns3:hr>
          </ns3:TrackPointExtension>
        </extensions>
      </trkpt>
      <trkpt lat="59.99486896209418773651123046875" lon="30.37997444160282611846923828125">
        <ele>20.799999237060546875</ele>
        <time>2026-03-16T15:54:06.000Z</time>
        <extensions>
          <ns3:TrackPointExtension>
            <ns3:atemp>16.0</ns3:atemp>
            <ns3:hr>106</ns3:hr>
          </ns3:TrackPointExtension>
        </extensions>
      </trkpt>
      <trkpt lat="59.99489846639335155487060546875" lon="30.3800083883106708526611328125">
        <ele>20.799999237060546875</ele>
        <time>2026-03-16T15:54:07.000Z</time>
        <extensions>
          <ns3:TrackPointExtension>
            <ns3:atemp>16.0</ns3:atemp>
            <ns3:hr>101</ns3:hr>
          </ns3:TrackPointExtension>
        </extensions>
      </trkpt>
      <trkpt lat="59.9949211813509464263916015625" lon="30.3800486214458942413330078125">
        <ele>20.6000003814697265625</ele>
        <time>2026-03-16T15:54:08.000Z</time>
        <extensions>
          <ns3:TrackPointExtension>
            <ns3:atemp>16.0</ns3:atemp>
            <ns3:hr>96</ns3:hr>
          </ns3:TrackPointExtension>
        </extensions>
      </trkpt>
      <trkpt lat="59.99493970535695552825927734375" lon="30.38008927367627620697021484375">
        <ele>20.799999237060546875</ele>
        <time>2026-03-16T15:54:09.000Z</time>
        <extensions>
          <ns3:TrackPointExtension>
            <ns3:atemp>16.0</ns3:atemp>
            <ns3:hr>92</ns3:hr>
          </ns3:TrackPointExtension>
        </extensions>
      </trkpt>
      <trkpt lat="59.99497926793992519378662109375" lon="30.38012112490832805633544921875">
        <ele>20.799999237060546875</ele>
        <time>2026-03-16T15:54:10.000Z</time>
        <extensions>
          <ns3:TrackPointExtension>
            <ns3:atemp>16.0</ns3:atemp>
            <ns3:hr>88</ns3:hr>
          </ns3:TrackPointExtension>
        </extensions>
      </trkpt>
      <trkpt lat="59.99508253298699855804443359375" lon="30.380389429628849029541015625">
        <ele>20.799999237060546875</ele>
        <time>2026-03-16T15:54:16.000Z</time>
        <extensions>
          <ns3:TrackPointExtension>
            <ns3:atemp>16.0</ns3:atemp>
            <ns3:hr>88</ns3:hr>
          </ns3:TrackPointExtension>
        </extensions>
      </trkpt>
      <trkpt lat="59.99516115523874759674072265625" lon="30.3805887512862682342529296875">
        <ele>20.799999237060546875</ele>
        <time>2026-03-16T15:54:21.000Z</time>
        <extensions>
          <ns3:TrackPointExtension>
            <ns3:atemp>16.0</ns3:atemp>
            <ns3:hr>91</ns3:hr>
          </ns3:TrackPointExtension>
        </extensions>
      </trkpt>
      <trkpt lat="59.99518127180635929107666015625" lon="30.38062387146055698394775390625">
        <ele>20.799999237060546875</ele>
        <time>2026-03-16T15:54:22.000Z</time>
        <extensions>
          <ns3:TrackPointExtension>
            <ns3:atemp>16.0</ns3:atemp>
            <ns3:hr>91</ns3:hr>
          </ns3:TrackPointExtension>
        </extensions>
      </trkpt>
      <trkpt lat="59.99531395733356475830078125" lon="30.380799807608127593994140625">
        <ele>20.6000003814697265625</ele>
        <time>2026-03-16T15:54:28.000Z</time>
        <extensions>
          <ns3:TrackPointExtension>
            <ns3:atemp>16.0</ns3:atemp>
            <ns3:hr>88</ns3:hr>
          </ns3:TrackPointExtension>
        </extensions>
      </trkpt>
      <trkpt lat="59.99538964591920375823974609375" lon="30.3808747418224811553955078125">
        <ele>20.799999237060546875</ele>
        <time>2026-03-16T15:54:32.000Z</time>
        <extensions>
          <ns3:TrackPointExtension>
            <ns3:atemp>16.0</ns3:atemp>
            <ns3:hr>86</ns3:hr>
          </ns3:TrackPointExtension>
        </extensions>
      </trkpt>
      <trkpt lat="59.995405487716197967529296875" lon="30.38089242763817310333251953125">
        <ele>20.799999237060546875</ele>
        <time>2026-03-16T15:54:33.000Z</time>
        <extensions>
          <ns3:TrackPointExtension>
            <ns3:atemp>16.0</ns3:atemp>
            <ns3:hr>89</ns3:hr>
          </ns3:TrackPointExtension>
        </extensions>
      </trkpt>
      <trkpt lat="59.9954401887953281402587890625" lon="30.380929224193096160888671875">
        <ele>21</ele>
        <time>2026-03-16T15:54:36.000Z</time>
        <extensions>
          <ns3:TrackPointExtension>
            <ns3:atemp>16.0</ns3:atemp>
            <ns3:hr>92</ns3:hr>
          </ns3:TrackPointExtension>
        </extensions>
      </trkpt>
      <trkpt lat="59.99545150436460971832275390625" lon="30.38094053976237773895263671875">
        <ele>21</ele>
        <time>2026-03-16T15:54:37.000Z</time>
        <extensions>
          <ns3:TrackPointExtension>
            <ns3:atemp>16.0</ns3:atemp>
            <ns3:hr>95</ns3:hr>
          </ns3:TrackPointExtension>
        </extensions>
      </trkpt>
      <trkpt lat="59.99546156264841556549072265625" lon="30.3809468261897563934326171875">
        <ele>21</ele>
        <time>2026-03-16T15:54:38.000Z</time>
        <extensions>
          <ns3:TrackPointExtension>
            <ns3:atemp>16.0</ns3:atemp>
            <ns3:hr>99</ns3:hr>
          </ns3:TrackPointExtension>
        </extensions>
      </trkpt>
      <trkpt lat="59.99547312967479228973388671875" lon="30.38095629774034023284912109375">
        <ele>21</ele>
        <time>2026-03-16T15:54:39.000Z</time>
        <extensions>
          <ns3:TrackPointExtension>
            <ns3:atemp>16.0</ns3:atemp>
            <ns3:hr>105</ns3:hr>
          </ns3:TrackPointExtension>
        </extensions>
      </trkpt>
      <trkpt lat="59.99549944885075092315673828125" lon="30.3809840418398380279541015625">
        <ele>21</ele>
        <time>2026-03-16T15:54:41.000Z</time>
        <extensions>
          <ns3:TrackPointExtension>
            <ns3:atemp>16.0</ns3:atemp>
            <ns3:hr>108</ns3:hr>
          </ns3:TrackPointExtension>
        </extensions>
      </trkpt>
      <trkpt lat="59.99553389847278594970703125" lon="30.3809947706758975982666015625">
        <ele>20.799999237060546875</ele>
        <time>2026-03-16T15:54:44.000Z</time>
        <extensions>
          <ns3:TrackPointExtension>
            <ns3:atemp>16.0</ns3:atemp>
            <ns3:hr>108</ns3:hr>
          </ns3:TrackPointExtension>
        </extensions>
      </trkpt>
      <trkpt lat="59.99560137279331684112548828125" lon="30.38103089667856693267822265625">
        <ele>20.799999237060546875</ele>
        <time>2026-03-16T15:54:47.000Z</time>
        <extensions>
          <ns3:TrackPointExtension>
            <ns3:atemp>16.0</ns3:atemp>
            <ns3:hr>107</ns3:hr>
          </ns3:TrackPointExtension>
        </extensions>
      </trkpt>
      <trkpt lat="59.99577085487544536590576171875" lon="30.3810403682291507720947265625">
        <ele>21</ele>
        <time>2026-03-16T15:54:53.000Z</time>
        <extensions>
          <ns3:TrackPointExtension>
            <ns3:atemp>16.0</ns3:atemp>
            <ns3:hr>106</ns3:hr>
          </ns3:TrackPointExtension>
        </extensions>
      </trkpt>
      <trkpt lat="59.99598476104438304901123046875" lon="30.38112142123281955718994140625">
        <ele>21</ele>
        <time>2026-03-16T15:54:58.000Z</time>
        <extensions>
          <ns3:TrackPointExtension>
            <ns3:atemp>16.0</ns3:atemp>
            <ns3:hr>106</ns3:hr>
          </ns3:TrackPointExtension>
        </extensions>
      </trkpt>
      <trkpt lat="59.9961503036320209503173828125" lon="30.38119384087622165679931640625">
        <ele>21.3999996185302734375</ele>
        <time>2026-03-16T15:55:03.000Z</time>
        <extensions>
          <ns3:TrackPointExtension>
            <ns3:atemp>16.0</ns3:atemp>
            <ns3:hr>109</ns3:hr>
          </ns3:TrackPointExtension>
        </extensions>
      </trkpt>
      <trkpt lat="59.99618425033986568450927734375" lon="30.38126391358673572540283203125">
        <ele>21.3999996185302734375</ele>
        <time>2026-03-16T15:55:05.000Z</time>
        <extensions>
          <ns3:TrackPointExtension>
            <ns3:atemp>16.0</ns3:atemp>
            <ns3:hr>108</ns3:hr>
          </ns3:TrackPointExtension>
        </extensions>
      </trkpt>
      <trkpt lat="59.9962250702083110809326171875" lon="30.38154034875333309173583984375">
        <ele>21.200000762939453125</ele>
        <time>2026-03-16T15:55:10.000Z</time>
        <extensions>
          <ns3:TrackPointExtension>
            <ns3:atemp>16.0</ns3:atemp>
            <ns3:hr>111</ns3:hr>
          </ns3:TrackPointExtension>
        </extensions>
      </trkpt>
      <trkpt lat="59.99624946154654026031494140625" lon="30.3815759718418121337890625">
        <ele>21</ele>
        <time>2026-03-16T15:55:11.000Z</time>
        <extensions>
          <ns3:TrackPointExtension>
            <ns3:atemp>16.0</ns3:atemp>
            <ns3:hr>111</ns3:hr>
          </ns3:TrackPointExtension>
        </extensions>
      </trkpt>
      <trkpt lat="59.99631500802934169769287109375" lon="30.38157907314598560333251953125">
        <ele>20.799999237060546875</ele>
        <time>2026-03-16T15:55:13.000Z</time>
        <extensions>
          <ns3:TrackPointExtension>
            <ns3:atemp>16.0</ns3:atemp>
            <ns3:hr>111</ns3:hr>
          </ns3:TrackPointExtension>
        </extensions>
      </trkpt>
      <trkpt lat="59.99635591171681880950927734375" lon="30.3815711103379726409912109375">
        <ele>20.799999237060546875</ele>
        <time>2026-03-16T15:55:14.000Z</time>
        <extensions>
          <ns3:TrackPointExtension>
            <ns3:atemp>16.0</ns3:atemp>
            <ns3:hr>108</ns3:hr>
          </ns3:TrackPointExtension>
        </extensions>
      </trkpt>
      <trkpt lat="59.99645121395587921142578125" lon="30.38157253526151180267333984375">
        <ele>21</ele>
        <time>2026-03-16T15:55:17.000Z</time>
        <extensions>
          <ns3:TrackPointExtension>
            <ns3:atemp>16.0</ns3:atemp>
            <ns3:hr>111</ns3:hr>
          </ns3:TrackPointExtension>
        </extensions>
      </trkpt>
      <trkpt lat="59.99644543044269084930419921875" lon="30.38164906203746795654296875">
        <ele>21</ele>
        <time>2026-03-16T15:55:19.000Z</time>
        <extensions>
          <ns3:TrackPointExtension>
            <ns3:atemp>16.0</ns3:atemp>
            <ns3:hr>110</ns3:hr>
          </ns3:TrackPointExtension>
        </extensions>
      </trkpt>
      <trkpt lat="59.99669889919459819793701171875" lon="30.3818430192768573760986328125">
        <ele>21</ele>
        <time>2026-03-16T15:55:27.000Z</time>
        <extensions>
          <ns3:TrackPointExtension>
            <ns3:atemp>16.0</ns3:atemp>
            <ns3:hr>108</ns3:hr>
          </ns3:TrackPointExtension>
        </extensions>
      </trkpt>
      <trkpt lat="59.99689402990043163299560546875" lon="30.3820606134831905364990234375">
        <ele>21</ele>
        <time>2026-03-16T15:55:34.000Z</time>
        <extensions>
          <ns3:TrackPointExtension>
            <ns3:atemp>16.0</ns3:atemp>
            <ns3:hr>110</ns3:hr>
          </ns3:TrackPointExtension>
        </extensions>
      </trkpt>
      <trkpt lat="59.99695790000259876251220703125" lon="30.3821155987679958343505859375">
        <ele>21</ele>
        <time>2026-03-16T15:55:36.000Z</time>
        <extensions>
          <ns3:TrackPointExtension>
            <ns3:atemp>16.0</ns3:atemp>
            <ns3:hr>116</ns3:hr>
          </ns3:TrackPointExtension>
        </extensions>
      </trkpt>
      <trkpt lat="59.9970867298543453216552734375" lon="30.38220235146582126617431640625">
        <ele>20.799999237060546875</ele>
        <time>2026-03-16T15:55:40.000Z</time>
        <extensions>
          <ns3:TrackPointExtension>
            <ns3:atemp>16.0</ns3:atemp>
            <ns3:hr>119</ns3:hr>
          </ns3:TrackPointExtension>
        </extensions>
      </trkpt>
      <trkpt lat="59.9971484206616878509521484375" lon="30.3822634555399417877197265625">
        <ele>20.799999237060546875</ele>
        <time>2026-03-16T15:55:42.000Z</time>
        <extensions>
          <ns3:TrackPointExtension>
            <ns3:atemp>16.0</ns3:atemp>
            <ns3:hr>119</ns3:hr>
          </ns3:TrackPointExtension>
        </extensions>
      </trkpt>
      <trkpt lat="59.99734095297753810882568359375" lon="30.3824186883866786956787109375">
        <ele>20.3999996185302734375</ele>
        <time>2026-03-16T15:55:50.000Z</time>
        <extensions>
          <ns3:TrackPointExtension>
            <ns3:atemp>16.0</ns3:atemp>
            <ns3:hr>119</ns3:hr>
          </ns3:TrackPointExtension>
        </extensions>
      </trkpt>
      <trkpt lat="59.99739409424364566802978515625" lon="30.3824450075626373291015625">
        <ele>20.200000762939453125</ele>
        <time>2026-03-16T15:55:52.000Z</time>
        <extensions>
          <ns3:TrackPointExtension>
            <ns3:atemp>16.0</ns3:atemp>
            <ns3:hr>119</ns3:hr>
          </ns3:TrackPointExtension>
        </extensions>
      </trkpt>
      <trkpt lat="59.99751630239188671112060546875" lon="30.38254357874393463134765625">
        <ele>20.200000762939453125</ele>
        <time>2026-03-16T15:55:56.000Z</time>
        <extensions>
          <ns3:TrackPointExtension>
            <ns3:atemp>16.0</ns3:atemp>
            <ns3:hr>118</ns3:hr>
          </ns3:TrackPointExtension>
        </extensions>
      </trkpt>
      <trkpt lat="59.99770740978419780731201171875" lon="30.38274876773357391357421875">
        <ele>19.6000003814697265625</ele>
        <time>2026-03-16T15:56:03.000Z</time>
        <extensions>
          <ns3:TrackPointExtension>
            <ns3:atemp>16.0</ns3:atemp>
            <ns3:hr>115</ns3:hr>
          </ns3:TrackPointExtension>
        </extensions>
      </trkpt>
      <trkpt lat="59.99776507727801799774169921875" lon="30.38280718959867954254150390625">
        <ele>19.6000003814697265625</ele>
        <time>2026-03-16T15:56:05.000Z</time>
        <extensions>
          <ns3:TrackPointExtension>
            <ns3:atemp>16.0</ns3:atemp>
            <ns3:hr>116</ns3:hr>
          </ns3:TrackPointExtension>
        </extensions>
      </trkpt>
      <trkpt lat="59.99796305783092975616455078125" lon="30.382975749671459197998046875">
        <ele>19.3999996185302734375</ele>
        <time>2026-03-16T15:56:12.000Z</time>
        <extensions>
          <ns3:TrackPointExtension>
            <ns3:atemp>16.0</ns3:atemp>
            <ns3:hr>116</ns3:hr>
          </ns3:TrackPointExtension>
        </extensions>
      </trkpt>
      <trkpt lat="59.998087696731090545654296875" lon="30.38305629976093769073486328125">
        <ele>19.200000762939453125</ele>
        <time>2026-03-16T15:56:16.000Z</time>
        <extensions>
          <ns3:TrackPointExtension>
            <ns3:atemp>16.0</ns3:atemp>
            <ns3:hr>115</ns3:hr>
          </ns3:TrackPointExtension>
        </extensions>
      </trkpt>
      <trkpt lat="59.99814729206264019012451171875" lon="30.38312050513923168182373046875">
        <ele>19.200000762939453125</ele>
        <time>2026-03-16T15:56:18.000Z</time>
        <extensions>
          <ns3:TrackPointExtension>
            <ns3:atemp>16.0</ns3:atemp>
            <ns3:hr>119</ns3:hr>
          </ns3:TrackPointExtension>
        </extensions>
      </trkpt>
      <trkpt lat="59.9982132576406002044677734375" lon="30.383213460445404052734375">
        <ele>19</ele>
        <time>2026-03-16T15:56:21.000Z</time>
        <extensions>
          <ns3:TrackPointExtension>
            <ns3:atemp>16.0</ns3:atemp>
            <ns3:hr>120</ns3:hr>
          </ns3:TrackPointExtension>
        </extensions>
      </trkpt>
      <trkpt lat="59.99837712384760379791259765625" lon="30.38340532220900058746337890625">
        <ele>19</ele>
        <time>2026-03-16T15:56:27.000Z</time>
        <extensions>
          <ns3:TrackPointExtension>
            <ns3:atemp>16.0</ns3:atemp>
            <ns3:hr>117</ns3:hr>
          </ns3:TrackPointExtension>
        </extensions>
      </trkpt>
      <trkpt lat="59.998436383903026580810546875" lon="30.383522920310497283935546875">
        <ele>18.6000003814697265625</ele>
        <time>2026-03-16T15:56:30.000Z</time>
        <extensions>
          <ns3:TrackPointExtension>
            <ns3:atemp>16.0</ns3:atemp>
            <ns3:hr>117</ns3:hr>
          </ns3:TrackPointExtension>
        </extensions>
      </trkpt>
      <trkpt lat="59.99870904721319675445556640625" lon="30.38376976735889911651611328125">
        <ele>18.200000762939453125</ele>
        <time>2026-03-16T15:56:39.000Z</time>
        <extensions>
          <ns3:TrackPointExtension>
            <ns3:atemp>16.0</ns3:atemp>
            <ns3:hr>113</ns3:hr>
          </ns3:TrackPointExtension>
        </extensions>
      </trkpt>
      <trkpt lat="59.99885715544223785400390625" lon="30.3839502297341823577880859375">
        <ele>18.200000762939453125</ele>
        <time>2026-03-16T15:56:44.000Z</time>
        <extensions>
          <ns3:TrackPointExtension>
            <ns3:atemp>16.0</ns3:atemp>
            <ns3:hr>116</ns3:hr>
          </ns3:TrackPointExtension>
        </extensions>
      </trkpt>
      <trkpt lat="59.99896687455475330352783203125" lon="30.38414175622165203094482421875">
        <ele>18</ele>
        <time>2026-03-16T15:56:48.000Z</time>
        <extensions>
          <ns3:TrackPointExtension>
            <ns3:atemp>16.0</ns3:atemp>
            <ns3:hr>117</ns3:hr>
          </ns3:TrackPointExtension>
        </extensions>
      </trkpt>
      <trkpt lat="59.9992100335657596588134765625" lon="30.38444769568741321563720703125">
        <ele>17.799999237060546875</ele>
        <time>2026-03-16T15:56:56.000Z</time>
        <extensions>
          <ns3:TrackPointExtension>
            <ns3:atemp>16.0</ns3:atemp>
            <ns3:hr>116</ns3:hr>
          </ns3:TrackPointExtension>
        </extensions>
      </trkpt>
      <trkpt lat="59.99948076903820037841796875" lon="30.38472044281661510467529296875">
        <ele>17.6000003814697265625</ele>
        <time>2026-03-16T15:57:04.000Z</time>
        <extensions>
          <ns3:TrackPointExtension>
            <ns3:atemp>16.0</ns3:atemp>
            <ns3:hr>115</ns3:hr>
          </ns3:TrackPointExtension>
        </extensions>
      </trkpt>
      <trkpt lat="59.99969174154102802276611328125" lon="30.38486930541694164276123046875">
        <ele>17.3999996185302734375</ele>
        <time>2026-03-16T15:57:10.000Z</time>
        <extensions>
          <ns3:TrackPointExtension>
            <ns3:atemp>16.0</ns3:atemp>
            <ns3:hr>117</ns3:hr>
          </ns3:TrackPointExtension>
        </extensions>
      </trkpt>
      <trkpt lat="59.99980288557708263397216796875" lon="30.38512730039656162261962890625">
        <ele>17.3999996185302734375</ele>
        <time>2026-03-16T15:57:16.000Z</time>
        <extensions>
          <ns3:TrackPointExtension>
            <ns3:atemp>16.0</ns3:atemp>
            <ns3:hr>116</ns3:hr>
          </ns3:TrackPointExtension>
        </extensions>
      </trkpt>
      <trkpt lat="59.99984529800713062286376953125" lon="30.3851884044706821441650390625">
        <ele>17.3999996185302734375</ele>
        <time>2026-03-16T15:57:19.000Z</time>
        <extensions>
          <ns3:TrackPointExtension>
            <ns3:atemp>16.0</ns3:atemp>
            <ns3:hr>113</ns3:hr>
          </ns3:TrackPointExtension>
        </extensions>
      </trkpt>
      <trkpt lat="59.999897517263889312744140625" lon="30.38520692847669124603271484375">
        <ele>17.3999996185302734375</ele>
        <time>2026-03-16T15:57:21.000Z</time>
        <extensions>
          <ns3:TrackPointExtension>
            <ns3:atemp>16.0</ns3:atemp>
            <ns3:hr>112</ns3:hr>
          </ns3:TrackPointExtension>
        </extensions>
      </trkpt>
      <trkpt lat="60.0003653950989246368408203125" lon="30.38596230559051036834716796875">
        <ele>16.6000003814697265625</ele>
        <time>2026-03-16T15:57:41.000Z</time>
        <extensions>
          <ns3:TrackPointExtension>
            <ns3:atemp>16.0</ns3:atemp>
            <ns3:hr>121</ns3:hr>
          </ns3:TrackPointExtension>
        </extensions>
      </trkpt>
      <trkpt lat="60.00041015446186065673828125" lon="30.3859856911003589630126953125">
        <ele>16.3999996185302734375</ele>
        <time>2026-03-16T15:57:43.000Z</time>
        <extensions>
          <ns3:TrackPointExtension>
            <ns3:atemp>16.0</ns3:atemp>
            <ns3:hr>118</ns3:hr>
          </ns3:TrackPointExtension>
        </extensions>
      </trkpt>
      <trkpt lat="60.00057904981076717376708984375" lon="30.38609222508966922760009765625">
        <ele>16.200000762939453125</ele>
        <time>2026-03-16T15:57:48.000Z</time>
        <extensions>
          <ns3:TrackPointExtension>
            <ns3:atemp>16.0</ns3:atemp>
            <ns3:hr>119</ns3:hr>
          </ns3:TrackPointExtension>
        </extensions>
      </trkpt>
      <trkpt lat="60.000669993460178375244140625" lon="30.386213175952434539794921875">
        <ele>16.200000762939453125</ele>
        <time>2026-03-16T15:57:51.000Z</time>
        <extensions>
          <ns3:TrackPointExtension>
            <ns3:atemp>16.0</ns3:atemp>
            <ns3:hr>116</ns3:hr>
          </ns3:TrackPointExtension>
        </extensions>
      </trkpt>
      <trkpt lat="60.00073872506618499755859375" lon="30.3863105736672878265380859375">
        <ele>16.200000762939453125</ele>
        <time>2026-03-16T15:57:53.000Z</time>
        <extensions>
          <ns3:TrackPointExtension>
            <ns3:atemp>16.0</ns3:atemp>
            <ns3:hr>113</ns3:hr>
          </ns3:TrackPointExtension>
        </extensions>
      </trkpt>
      <trkpt lat="60.000791363418102264404296875" lon="30.386219210922718048095703125">
        <ele>16.200000762939453125</ele>
        <time>2026-03-16T15:57:55.000Z</time>
        <extensions>
          <ns3:TrackPointExtension>
            <ns3:atemp>16.0</ns3:atemp>
            <ns3:hr>112</ns3:hr>
          </ns3:TrackPointExtension>
        </extensions>
      </trkpt>
      <trkpt lat="60.0010357797145843505859375" lon="30.3862364776432514190673828125">
        <ele>16.200000762939453125</ele>
        <time>2026-03-16T15:57:58.000Z</time>
        <extensions>
          <ns3:TrackPointExtension>
            <ns3:atemp>16.0</ns3:atemp>
            <ns3:hr>112</ns3:hr>
          </ns3:TrackPointExtension>
        </extensions>
      </trkpt>
      <trkpt lat="60.001185648143291473388671875" lon="30.38631082512438297271728515625">
        <ele>16.3999996185302734375</ele>
        <time>2026-03-16T15:58:02.000Z</time>
        <extensions>
          <ns3:TrackPointExtension>
            <ns3:atemp>16.0</ns3:atemp>
            <ns3:hr>112</ns3:hr>
          </ns3:TrackPointExtension>
        </extensions>
      </trkpt>
      <trkpt lat="60.001405589282512664794921875" lon="30.3864523954689502716064453125">
        <ele>16.200000762939453125</ele>
        <time>2026-03-16T15:58:10.000Z</time>
        <extensions>
          <ns3:TrackPointExtension>
            <ns3:atemp>16.0</ns3:atemp>
            <ns3:hr>112</ns3:hr>
          </ns3:TrackPointExtension>
        </extensions>
      </trkpt>
      <trkpt lat="60.00167221762239933013916015625" lon="30.38651249371469020843505859375">
        <ele>16.3999996185302734375</ele>
        <time>2026-03-16T15:58:17.000Z</time>
        <extensions>
          <ns3:TrackPointExtension>
            <ns3:atemp>16.0</ns3:atemp>
            <ns3:hr>113</ns3:hr>
          </ns3:TrackPointExtension>
        </extensions>
      </trkpt>
      <trkpt lat="60.00172837637364864349365234375" lon="30.38663118146359920501708984375">
        <ele>16.3999996185302734375</ele>
        <time>2026-03-16T15:58:20.000Z</time>
        <extensions>
          <ns3:TrackPointExtension>
            <ns3:atemp>16.0</ns3:atemp>
            <ns3:hr>116</ns3:hr>
          </ns3:TrackPointExtension>
        </extensions>
      </trkpt>
      <trkpt lat="60.00174279324710369110107421875" lon="30.38670293055474758148193359375">
        <ele>16.3999996185302734375</ele>
        <time>2026-03-16T15:58:21.000Z</time>
        <extensions>
          <ns3:TrackPointExtension>
            <ns3:atemp>16.0</ns3:atemp>
            <ns3:hr>119</ns3:hr>
          </ns3:TrackPointExtension>
        </extensions>
      </trkpt>
      <trkpt lat="60.00177833251655101776123046875" lon="30.38678239099681377410888671875">
        <ele>16.6000003814697265625</ele>
        <time>2026-03-16T15:58:23.000Z</time>
        <extensions>
          <ns3:TrackPointExtension>
            <ns3:atemp>16.0</ns3:atemp>
            <ns3:hr>122</ns3:hr>
          </ns3:TrackPointExtension>
        </extensions>
      </trkpt>
      <trkpt lat="60.0017980299890041351318359375" lon="30.3869341872632503509521484375">
        <ele>16.799999237060546875</ele>
        <time>2026-03-16T15:58:27.000Z</time>
        <extensions>
          <ns3:TrackPointExtension>
            <ns3:atemp>16.0</ns3:atemp>
            <ns3:hr>123</ns3:hr>
          </ns3:TrackPointExtension>
        </extensions>
      </trkpt>
      <trkpt lat="60.00179895199835300445556640625" lon="30.3869564831256866455078125">
        <ele>16.799999237060546875</ele>
        <time>2026-03-16T15:58:28.000Z</time>
        <extensions>
          <ns3:TrackPointExtension>
            <ns3:atemp>16.0</ns3:atemp>
            <ns3:hr>121</ns3:hr>
          </ns3:TrackPointExtension>
        </extensions>
      </trkpt>
      <trkpt lat="60.0018513388931751251220703125" lon="30.387030579149723052978515625">
        <ele>17</ele>
        <time>2026-03-16T15:58:32.000Z</time>
        <extensions>
          <ns3:TrackPointExtension>
            <ns3:atemp>16.0</ns3:atemp>
            <ns3:hr>119</ns3:hr>
          </ns3:TrackPointExtension>
        </extensions>
      </trkpt>
      <trkpt lat="60.002055354416370391845703125" lon="30.38709637708961963653564453125">
        <ele>17</ele>
        <time>2026-03-16T15:58:38.000Z</time>
        <extensions>
          <ns3:TrackPointExtension>
            <ns3:atemp>16.0</ns3:atemp>
            <ns3:hr>117</ns3:hr>
          </ns3:TrackPointExtension>
        </extensions>
      </trkpt>
      <trkpt lat="60.0022684223949909210205078125" lon="30.3871608339250087738037109375">
        <ele>16.799999237060546875</ele>
        <time>2026-03-16T15:58:45.000Z</time>
        <extensions>
          <ns3:TrackPointExtension>
            <ns3:atemp>16.0</ns3:atemp>
            <ns3:hr>120</ns3:hr>
          </ns3:TrackPointExtension>
        </extensions>
      </trkpt>
      <trkpt lat="60.00229633413255214691162109375" lon="30.38718002848327159881591796875">
        <ele>16.6000003814697265625</ele>
        <time>2026-03-16T15:58:46.000Z</time>
        <extensions>
          <ns3:TrackPointExtension>
            <ns3:atemp>16.0</ns3:atemp>
            <ns3:hr>120</ns3:hr>
          </ns3:TrackPointExtension>
        </extensions>
      </trkpt>
      <trkpt lat="60.00258182175457477569580078125" lon="30.38744221441447734832763671875">
        <ele>16.3999996185302734375</ele>
        <time>2026-03-16T15:58:54.000Z</time>
        <extensions>
          <ns3:TrackPointExtension>
            <ns3:atemp>16.0</ns3:atemp>
            <ns3:hr>119</ns3:hr>
          </ns3:TrackPointExtension>
        </extensions>
      </trkpt>
      <trkpt lat="60.0026687420904636383056640625" lon="30.38743098266422748565673828125">
        <ele>16.3999996185302734375</ele>
        <time>2026-03-16T15:58:56.000Z</time>
        <extensions>
          <ns3:TrackPointExtension>
            <ns3:atemp>16.0</ns3:atemp>
            <ns3:hr>116</ns3:hr>
          </ns3:TrackPointExtension>
        </extensions>
      </trkpt>
      <trkpt lat="60.0028635375201702117919921875" lon="30.387637428939342498779296875">
        <ele>16.200000762939453125</ele>
        <time>2026-03-16T15:59:02.000Z</time>
        <extensions>
          <ns3:TrackPointExtension>
            <ns3:atemp>16.0</ns3:atemp>
            <ns3:hr>115</ns3:hr>
          </ns3:TrackPointExtension>
        </extensions>
      </trkpt>
      <trkpt lat="60.0028927065432071685791015625" lon="30.3876630775630474090576171875">
        <ele>16.200000762939453125</ele>
        <time>2026-03-16T15:59:03.000Z</time>
        <extensions>
          <ns3:TrackPointExtension>
            <ns3:atemp>16.0</ns3:atemp>
            <ns3:hr>112</ns3:hr>
          </ns3:TrackPointExtension>
        </extensions>
      </trkpt>
      <trkpt lat="60.002912990748882293701171875" lon="30.38774630986154079437255859375">
        <ele>16.200000762939453125</ele>
        <time>2026-03-16T15:59:05.000Z</time>
        <extensions>
          <ns3:TrackPointExtension>
            <ns3:atemp>16.0</ns3:atemp>
            <ns3:hr>115</ns3:hr>
          </ns3:TrackPointExtension>
        </extensions>
      </trkpt>
      <trkpt lat="60.0029728375375270843505859375" lon="30.3878830187022686004638671875">
        <ele>16.200000762939453125</ele>
        <time>2026-03-16T15:59:09.000Z</time>
        <extensions>
          <ns3:TrackPointExtension>
            <ns3:atemp>16.0</ns3:atemp>
            <ns3:hr>116</ns3:hr>
          </ns3:TrackPointExtension>
        </extensions>
      </trkpt>
      <trkpt lat="60.00322119332849979400634765625" lon="30.3881954960525035858154296875">
        <ele>15.3999996185302734375</ele>
        <time>2026-03-16T15:59:18.000Z</time>
        <extensions>
          <ns3:TrackPointExtension>
            <ns3:atemp>16.0</ns3:atemp>
            <ns3:hr>115</ns3:hr>
          </ns3:TrackPointExtension>
        </extensions>
      </trkpt>
      <trkpt lat="60.00340023078024387359619140625" lon="30.388437397778034210205078125">
        <ele>15.6000003814697265625</ele>
        <time>2026-03-16T15:59:24.000Z</time>
        <extensions>
          <ns3:TrackPointExtension>
            <ns3:atemp>16.0</ns3:atemp>
            <ns3:hr>116</ns3:hr>
          </ns3:TrackPointExtension>
        </extensions>
      </trkpt>
      <trkpt lat="60.00363810919225215911865234375" lon="30.3888556547462940216064453125">
        <ele>16.3999996185302734375</ele>
        <time>2026-03-16T15:59:30.000Z</time>
        <extensions>
          <ns3:TrackPointExtension>
            <ns3:atemp>16.0</ns3:atemp>
            <ns3:hr>119</ns3:hr>
          </ns3:TrackPointExtension>
        </extensions>
      </trkpt>
      <trkpt lat="60.0036712177097797393798828125" lon="30.38890150375664234161376953125">
        <ele>16.3999996185302734375</ele>
        <time>2026-03-16T15:59:31.000Z</time>
        <extensions>
          <ns3:TrackPointExtension>
            <ns3:atemp>16.0</ns3:atemp>
            <ns3:hr>117</ns3:hr>
          </ns3:TrackPointExtension>
        </extensions>
      </trkpt>
      <trkpt lat="60.00379887409508228302001953125" lon="30.38901834748685359954833984375">
        <ele>16.799999237060546875</ele>
        <time>2026-03-16T15:59:35.000Z</time>
        <extensions>
          <ns3:TrackPointExtension>
            <ns3:atemp>16.0</ns3:atemp>
            <ns3:hr>113</ns3:hr>
          </ns3:TrackPointExtension>
        </extensions>
      </trkpt>
      <trkpt lat="60.00387146137654781341552734375" lon="30.3890665434300899505615234375">
        <ele>16.799999237060546875</ele>
        <time>2026-03-16T15:59:37.000Z</time>
        <extensions>
          <ns3:TrackPointExtension>
            <ns3:atemp>16.0</ns3:atemp>
            <ns3:hr>110</ns3:hr>
          </ns3:TrackPointExtension>
        </extensions>
      </trkpt>
      <trkpt lat="60.00390666536986827850341796875" lon="30.3890990652143955230712890625">
        <ele>16.799999237060546875</ele>
        <time>2026-03-16T15:59:38.000Z</time>
        <extensions>
          <ns3:TrackPointExtension>
            <ns3:atemp>16.0</ns3:atemp>
            <ns3:hr>109</ns3:hr>
          </ns3:TrackPointExtension>
        </extensions>
      </trkpt>
      <trkpt lat="60.00411294400691986083984375" lon="30.38925924338400363922119140625">
        <ele>16.799999237060546875</ele>
        <time>2026-03-16T15:59:44.000Z</time>
        <extensions>
          <ns3:TrackPointExtension>
            <ns3:atemp>16.0</ns3:atemp>
            <ns3:hr>109</ns3:hr>
          </ns3:TrackPointExtension>
        </extensions>
      </trkpt>
      <trkpt lat="60.00429776497185230255126953125" lon="30.38938279263675212860107421875">
        <ele>16.799999237060546875</ele>
        <time>2026-03-16T15:59:49.000Z</time>
        <extensions>
          <ns3:TrackPointExtension>
            <ns3:atemp>16.0</ns3:atemp>
            <ns3:hr>112</ns3:hr>
          </ns3:TrackPointExtension>
        </extensions>
      </trkpt>
      <trkpt lat="60.00436716713011264801025390625" lon="30.3894589841365814208984375">
        <ele>17</ele>
        <time>2026-03-16T15:59:51.000Z</time>
        <extensions>
          <ns3:TrackPointExtension>
            <ns3:atemp>16.0</ns3:atemp>
            <ns3:hr>113</ns3:hr>
          </ns3:TrackPointExtension>
        </extensions>
      </trkpt>
      <trkpt lat="60.00451519154012203216552734375" lon="30.38965922780334949493408203125">
        <ele>17</ele>
        <time>2026-03-16T15:59:56.000Z</time>
        <extensions>
          <ns3:TrackPointExtension>
            <ns3:atemp>16.0</ns3:atemp>
            <ns3:hr>111</ns3:hr>
          </ns3:TrackPointExtension>
        </extensions>
      </trkpt>
      <trkpt lat="60.00460688956081867218017578125" lon="30.38976333104074001312255859375">
        <ele>17.200000762939453125</ele>
        <time>2026-03-16T15:59:59.000Z</time>
        <extensions>
          <ns3:TrackPointExtension>
            <ns3:atemp>16.0</ns3:atemp>
            <ns3:hr>110</ns3:hr>
          </ns3:TrackPointExtension>
        </extensions>
      </trkpt>
      <trkpt lat="60.0047618709504604339599609375" lon="30.38991604931652545928955078125">
        <ele>17.3999996185302734375</ele>
        <time>2026-03-16T16:00:03.000Z</time>
        <extensions>
          <ns3:TrackPointExtension>
            <ns3:atemp>16.0</ns3:atemp>
            <ns3:hr>110</ns3:hr>
          </ns3:TrackPointExtension>
        </extensions>
      </trkpt>
      <trkpt lat="60.00504559837281703948974609375" lon="30.3902614675462245941162109375">
        <ele>18</ele>
        <time>2026-03-16T16:00:11.000Z</time>
        <extensions>
          <ns3:TrackPointExtension>
            <ns3:atemp>16.0</ns3:atemp>
            <ns3:hr>110</ns3:hr>
          </ns3:TrackPointExtension>
        </extensions>
      </trkpt>
      <trkpt lat="60.00515858642756938934326171875" lon="30.3902701847255229949951171875">
        <ele>18.200000762939453125</ele>
        <time>2026-03-16T16:00:16.000Z</time>
        <extensions>
          <ns3:TrackPointExtension>
            <ns3:atemp>16.0</ns3:atemp>
            <ns3:hr>106</ns3:hr>
          </ns3:TrackPointExtension>
        </extensions>
      </trkpt>
      <trkpt lat="60.00519043765962123870849609375" lon="30.3903084062039852142333984375">
        <ele>18.3999996185302734375</ele>
        <time>2026-03-16T16:00:19.000Z</time>
        <extensions>
          <ns3:TrackPointExtension>
            <ns3:atemp>16.0</ns3:atemp>
            <ns3:hr>108</ns3:hr>
          </ns3:TrackPointExtension>
        </extensions>
      </trkpt>
      <trkpt lat="60.0052030943334102630615234375" lon="30.39032910950481891632080078125">
        <ele>18.799999237060546875</ele>
        <time>2026-03-16T16:00:21.000Z</time>
        <extensions>
          <ns3:TrackPointExtension>
            <ns3:atemp>16.0</ns3:atemp>
            <ns3:hr>107</ns3:hr>
          </ns3:TrackPointExtension>
        </extensions>
      </trkpt>
      <trkpt lat="60.0051960535347461700439453125" lon="30.39033514447510242462158203125">
        <ele>18.799999237060546875</ele>
        <time>2026-03-16T16:00:24.000Z</time>
        <extensions>
          <ns3:TrackPointExtension>
            <ns3:atemp>16.0</ns3:atemp>
            <ns3:hr>104</ns3:hr>
          </ns3:TrackPointExtension>
        </extensions>
      </trkpt>
      <trkpt lat="60.00520401634275913238525390625" lon="30.3902792371809482574462890625">
        <ele>18.3999996185302734375</ele>
        <time>2026-03-16T16:00:27.000Z</time>
        <extensions>
          <ns3:TrackPointExtension>
            <ns3:atemp>16.0</ns3:atemp>
            <ns3:hr>103</ns3:hr>
          </ns3:TrackPointExtension>
        </extensions>
      </trkpt>
      <trkpt lat="60.005133859813213348388671875" lon="30.38986190222203731536865234375">
        <ele>18.3999996185302734375</ele>
        <time>2026-03-16T16:00:35.000Z</time>
        <extensions>
          <ns3:TrackPointExtension>
            <ns3:atemp>16.0</ns3:atemp>
            <ns3:hr>101</ns3:hr>
          </ns3:TrackPointExtension>
        </extensions>
      </trkpt>
      <trkpt lat="60.0051293335855007171630859375" lon="30.3898544423282146453857421875">
        <ele>18.3999996185302734375</ele>
        <time>2026-03-16T16:00:43.000Z</time>
        <extensions>
          <ns3:TrackPointExtension>
            <ns3:atemp>16.0</ns3:atemp>
            <ns3:hr>103</ns3:hr>
          </ns3:TrackPointExtension>
        </extensions>
      </trkpt>
      <trkpt lat="60.005122460424900054931640625" lon="30.38983382284641265869140625">
        <ele>18.3999996185302734375</ele>
        <time>2026-03-16T16:00:50.000Z</time>
        <extensions>
          <ns3:TrackPointExtension>
            <ns3:atemp>16.0</ns3:atemp>
            <ns3:hr>103</ns3:hr>
          </ns3:TrackPointExtension>
        </extensions>
      </trkpt>
      <trkpt lat="60.0051239691674709320068359375" lon="30.389833152294158935546875">
        <ele>18.3999996185302734375</ele>
        <time>2026-03-16T16:00:53.000Z</time>
        <extensions>
          <ns3:TrackPointExtension>
            <ns3:atemp>16.0</ns3:atemp>
            <ns3:hr>106</ns3:hr>
          </ns3:TrackPointExtension>
        </extensions>
      </trkpt>
      <trkpt lat="60.00511734746396541595458984375" lon="30.3898460604250431060791015625">
        <ele>18.3999996185302734375</ele>
        <time>2026-03-16T16:00:56.000Z</time>
        <extensions>
          <ns3:TrackPointExtension>
            <ns3:atemp>16.0</ns3:atemp>
            <ns3:hr>103</ns3:hr>
          </ns3:TrackPointExtension>
        </extensions>
      </trkpt>
      <trkpt lat="60.00511315651237964630126953125" lon="30.389853604137897491455078125">
        <ele>18.3999996185302734375</ele>
        <time>2026-03-16T16:00:58.000Z</time>
        <extensions>
          <ns3:TrackPointExtension>
            <ns3:atemp>16.0</ns3:atemp>
            <ns3:hr>103</ns3:hr>
          </ns3:TrackPointExtension>
        </extensions>
      </trkpt>
      <trkpt lat="60.00510259531438350677490234375" lon="30.38984966464340686798095703125">
        <ele>18.3999996185302734375</ele>
        <time>2026-03-16T16:01:03.000Z</time>
        <extensions>
          <ns3:TrackPointExtension>
            <ns3:atemp>16.0</ns3:atemp>
            <ns3:hr>107</ns3:hr>
          </ns3:TrackPointExtension>
        </extensions>
      </trkpt>
      <trkpt lat="60.005105026066303253173828125" lon="30.389850921928882598876953125">
        <ele>18.3999996185302734375</ele>
        <time>2026-03-16T16:01:05.000Z</time>
        <extensions>
          <ns3:TrackPointExtension>
            <ns3:atemp>16.0</ns3:atemp>
            <ns3:hr>110</ns3:hr>
          </ns3:TrackPointExtension>
        </extensions>
      </trkpt>
      <trkpt lat="60.00513746403157711029052734375" lon="30.38987615145742893218994140625">
        <ele>18.3999996185302734375</ele>
        <time>2026-03-16T16:01:10.000Z</time>
        <extensions>
          <ns3:TrackPointExtension>
            <ns3:atemp>16.0</ns3:atemp>
            <ns3:hr>106</ns3:hr>
          </ns3:TrackPointExtension>
        </extensions>
      </trkpt>
      <trkpt lat="60.0051610171794891357421875" lon="30.3898966871201992034912109375">
        <ele>18.3999996185302734375</ele>
        <time>2026-03-16T16:01:14.000Z</time>
        <extensions>
          <ns3:TrackPointExtension>
            <ns3:atemp>16.0</ns3:atemp>
            <ns3:hr>107</ns3:hr>
          </ns3:TrackPointExtension>
        </extensions>
      </trkpt>
      <trkpt lat="60.00515858642756938934326171875" lon="30.38997329771518707275390625">
        <ele>18.3999996185302734375</ele>
        <time>2026-03-16T16:01:22.000Z</time>
        <extensions>
          <ns3:TrackPointExtension>
            <ns3:atemp>16.0</ns3:atemp>
            <ns3:hr>104</ns3:hr>
          </ns3:TrackPointExtension>
        </extensions>
      </trkpt>
      <trkpt lat="60.00515674240887165069580078125" lon="30.3900609724223613739013671875">
        <ele>18.3999996185302734375</ele>
        <time>2026-03-16T16:01:30.000Z</time>
        <extensions>
          <ns3:TrackPointExtension>
            <ns3:atemp>16.0</ns3:atemp>
            <ns3:hr>104</ns3:hr>
          </ns3:TrackPointExtension>
        </extensions>
      </trkpt>
      <trkpt lat="60.00514735467731952667236328125" lon="30.3900606371462345123291015625">
        <ele>18.3999996185302734375</ele>
        <time>2026-03-16T16:01:33.000Z</time>
        <extensions>
          <ns3:TrackPointExtension>
            <ns3:atemp>16.0</ns3:atemp>
            <ns3:hr>107</ns3:hr>
          </ns3:TrackPointExtension>
        </extensions>
      </trkpt>
      <trkpt lat="60.00514232553541660308837890625" lon="30.39005384780466556549072265625">
        <ele>18.3999996185302734375</ele>
        <time>2026-03-16T16:01:35.000Z</time>
        <extensions>
          <ns3:TrackPointExtension>
            <ns3:atemp>16.0</ns3:atemp>
            <ns3:hr>110</ns3:hr>
          </ns3:TrackPointExtension>
        </extensions>
      </trkpt>
      <trkpt lat="60.00517635606229305267333984375" lon="30.39004898630082607269287109375">
        <ele>18.3999996185302734375</ele>
        <time>2026-03-16T16:01:40.000Z</time>
        <extensions>
          <ns3:TrackPointExtension>
            <ns3:atemp>16.0</ns3:atemp>
            <ns3:hr>111</ns3:hr>
          </ns3:TrackPointExtension>
        </extensions>
      </trkpt>
      <trkpt lat="60.0051745958626270294189453125" lon="30.39009391330182552337646484375">
        <ele>18.3999996185302734375</ele>
        <time>2026-03-16T16:01:43.000Z</time>
        <extensions>
          <ns3:TrackPointExtension>
            <ns3:atemp>16.0</ns3:atemp>
            <ns3:hr>108</ns3:hr>
          </ns3:TrackPointExtension>
        </extensions>
      </trkpt>
      <trkpt lat="60.0051729194819927215576171875" lon="30.3901749663054943084716796875">
        <ele>18.3999996185302734375</ele>
        <time>2026-03-16T16:01:48.000Z</time>
        <extensions>
          <ns3:TrackPointExtension>
            <ns3:atemp>16.0</ns3:atemp>
            <ns3:hr>109</ns3:hr>
          </ns3:TrackPointExtension>
        </extensions>
      </trkpt>
      <trkpt lat="60.00521399080753326416015625" lon="30.3902118466794490814208984375">
        <ele>18.3999996185302734375</ele>
        <time>2026-03-16T16:01:52.000Z</time>
        <extensions>
          <ns3:TrackPointExtension>
            <ns3:atemp>16.0</ns3:atemp>
            <ns3:hr>106</ns3:hr>
          </ns3:TrackPointExtension>
        </extensions>
      </trkpt>
      <trkpt lat="60.0052721612155437469482421875" lon="30.3901994414627552032470703125">
        <ele>18.3999996185302734375</ele>
        <time>2026-03-16T16:01:56.000Z</time>
        <extensions>
          <ns3:TrackPointExtension>
            <ns3:atemp>16.0</ns3:atemp>
            <ns3:hr>107</ns3:hr>
          </ns3:TrackPointExtension>
        </extensions>
      </trkpt>
      <trkpt lat="60.00528481788933277130126953125" lon="30.390179492533206939697265625">
        <ele>18.3999996185302734375</ele>
        <time>2026-03-16T16:01:58.000Z</time>
        <extensions>
          <ns3:TrackPointExtension>
            <ns3:atemp>16.0</ns3:atemp>
            <ns3:hr>104</ns3:hr>
          </ns3:TrackPointExtension>
        </extensions>
      </trkpt>
      <trkpt lat="60.0053036771714687347412109375" lon="30.39022802375257015228271484375">
        <ele>18.3999996185302734375</ele>
        <time>2026-03-16T16:02:03.000Z</time>
        <extensions>
          <ns3:TrackPointExtension>
            <ns3:atemp>16.0</ns3:atemp>
            <ns3:hr>101</ns3:hr>
          </ns3:TrackPointExtension>
        </extensions>
      </trkpt>
      <trkpt lat="60.00530719757080078125" lon="30.3902289457619190216064453125">
        <ele>18.3999996185302734375</ele>
        <time>2026-03-16T16:02:04.000Z</time>
        <extensions>
          <ns3:TrackPointExtension>
            <ns3:atemp>16.0</ns3:atemp>
            <ns3:hr>104</ns3:hr>
          </ns3:TrackPointExtension>
        </extensions>
      </trkpt>
      <trkpt lat="60.005321614444255828857421875" lon="30.3902242518961429595947265625">
        <ele>18.3999996185302734375</ele>
        <time>2026-03-16T16:02:08.000Z</time>
        <extensions>
          <ns3:TrackPointExtension>
            <ns3:atemp>17.0</ns3:atemp>
            <ns3:hr>104</ns3:hr>
          </ns3:TrackPointExtension>
        </extensions>
      </trkpt>
      <trkpt lat="60.005360506474971771240234375" lon="30.39027714170515537261962890625">
        <ele>18.6000003814697265625</ele>
        <time>2026-03-16T16:02:12.000Z</time>
        <extensions>
          <ns3:TrackPointExtension>
            <ns3:atemp>17.0</ns3:atemp>
            <ns3:hr>104</ns3:hr>
          </ns3:TrackPointExtension>
        </extensions>
      </trkpt>
      <trkpt lat="60.00534885562956333160400390625" lon="30.39074770174920558929443359375">
        <ele>18.3999996185302734375</ele>
        <time>2026-03-16T16:02:25.000Z</time>
        <extensions>
          <ns3:TrackPointExtension>
            <ns3:atemp>17.0</ns3:atemp>
            <ns3:hr>101</ns3:hr>
          </ns3:TrackPointExtension>
        </extensions>
      </trkpt>
      <trkpt lat="60.0053717382252216339111328125" lon="30.39069053716957569122314453125">
        <ele>18.200000762939453125</ele>
        <time>2026-03-16T16:02:31.000Z</time>
        <extensions>
          <ns3:TrackPointExtension>
            <ns3:atemp>17.0</ns3:atemp>
            <ns3:hr>104</ns3:hr>
          </ns3:TrackPointExtension>
        </extensions>
      </trkpt>
      <trkpt lat="60.00542647205293178558349609375" lon="30.390569083392620086669921875">
        <ele>18</ele>
        <time>2026-03-16T16:02:34.000Z</time>
        <extensions>
          <ns3:TrackPointExtension>
            <ns3:atemp>17.0</ns3:atemp>
            <ns3:hr>107</ns3:hr>
          </ns3:TrackPointExtension>
        </extensions>
      </trkpt>
      <trkpt lat="60.00537282787263393402099609375" lon="30.39048098959028720855712890625">
        <ele>18</ele>
        <time>2026-03-16T16:02:37.000Z</time>
        <extensions>
          <ns3:TrackPointExtension>
            <ns3:atemp>17.0</ns3:atemp>
            <ns3:hr>110</ns3:hr>
          </ns3:TrackPointExtension>
        </extensions>
      </trkpt>
      <trkpt lat="60.0053717382252216339111328125" lon="30.39043036289513111114501953125">
        <ele>18.200000762939453125</ele>
        <time>2026-03-16T16:02:39.000Z</time>
        <extensions>
          <ns3:TrackPointExtension>
            <ns3:atemp>17.0</ns3:atemp>
            <ns3:hr>111</ns3:hr>
          </ns3:TrackPointExtension>
        </extensions>
      </trkpt>
      <trkpt lat="60.0053714029490947723388671875" lon="30.39040421135723590850830078125">
        <ele>18.200000762939453125</ele>
        <time>2026-03-16T16:02:40.000Z</time>
        <extensions>
          <ns3:TrackPointExtension>
            <ns3:atemp>17.0</ns3:atemp>
            <ns3:hr>108</ns3:hr>
          </ns3:TrackPointExtension>
        </extensions>
      </trkpt>
      <trkpt lat="60.005377940833568572998046875" lon="30.39027881808578968048095703125">
        <ele>17.799999237060546875</ele>
        <time>2026-03-16T16:02:46.000Z</time>
        <extensions>
          <ns3:TrackPointExtension>
            <ns3:atemp>17.0</ns3:atemp>
            <ns3:hr>111</ns3:hr>
          </ns3:TrackPointExtension>
        </extensions>
      </trkpt>
      <trkpt lat="60.0053784437477588653564453125" lon="30.3902493976056575775146484375">
        <ele>17.799999237060546875</ele>
        <time>2026-03-16T16:02:49.000Z</time>
        <extensions>
          <ns3:TrackPointExtension>
            <ns3:atemp>17.0</ns3:atemp>
            <ns3:hr>113</ns3:hr>
          </ns3:TrackPointExtension>
        </extensions>
      </trkpt>
      <trkpt lat="60.00533795915544033050537109375" lon="30.3902314603328704833984375">
        <ele>17.799999237060546875</ele>
        <time>2026-03-16T16:02:56.000Z</time>
        <extensions>
          <ns3:TrackPointExtension>
            <ns3:atemp>17.0</ns3:atemp>
            <ns3:hr>112</ns3:hr>
          </ns3:TrackPointExtension>
        </extensions>
      </trkpt>
      <trkpt lat="60.0053328461945056915283203125" lon="30.390202961862087249755859375">
        <ele>17.799999237060546875</ele>
        <time>2026-03-16T16:02:58.000Z</time>
        <extensions>
          <ns3:TrackPointExtension>
            <ns3:atemp>17.0</ns3:atemp>
            <ns3:hr>110</ns3:hr>
          </ns3:TrackPointExtension>
        </extensions>
      </trkpt>
      <trkpt lat="60.00533510930836200714111328125" lon="30.39023816585540771484375">
        <ele>17.799999237060546875</ele>
        <time>2026-03-16T16:02:59.000Z</time>
        <extensions>
          <ns3:TrackPointExtension>
            <ns3:atemp>17.0</ns3:atemp>
            <ns3:hr>111</ns3:hr>
          </ns3:TrackPointExtension>
        </extensions>
      </trkpt>
      <trkpt lat="60.00535472296178340911865234375" lon="30.39046254940330982208251953125">
        <ele>17.799999237060546875</ele>
        <time>2026-03-16T16:03:05.000Z</time>
        <extensions>
          <ns3:TrackPointExtension>
            <ns3:atemp>17.0</ns3:atemp>
            <ns3:hr>114</ns3:hr>
          </ns3:TrackPointExtension>
        </extensions>
      </trkpt>
      <trkpt lat="60.00533401966094970703125" lon="30.3902601264417171478271484375">
        <ele>17.799999237060546875</ele>
        <time>2026-03-16T16:03:06.000Z</time>
        <extensions>
          <ns3:TrackPointExtension>
            <ns3:atemp>17.0</ns3:atemp>
            <ns3:hr>111</ns3:hr>
          </ns3:TrackPointExtension>
        </extensions>
      </trkpt>
      <trkpt lat="60.0053325109183788299560546875" lon="30.390259288251399993896484375">
        <ele>17.799999237060546875</ele>
        <time>2026-03-16T16:03:07.000Z</time>
        <extensions>
          <ns3:TrackPointExtension>
            <ns3:atemp>17.0</ns3:atemp>
            <ns3:hr>113</ns3:hr>
          </ns3:TrackPointExtension>
        </extensions>
      </trkpt>
      <trkpt lat="60.0053204409778118133544921875" lon="30.3901551850140094757080078125">
        <ele>17.6000003814697265625</ele>
        <time>2026-03-16T16:03:12.000Z</time>
        <extensions>
          <ns3:TrackPointExtension>
            <ns3:atemp>18.0</ns3:atemp>
            <ns3:hr>116</ns3:hr>
          </ns3:TrackPointExtension>
        </extensions>
      </trkpt>
      <trkpt lat="60.0052897632122039794921875" lon="30.3900847770273685455322265625">
        <ele>17.6000003814697265625</ele>
        <time>2026-03-16T16:03:14.000Z</time>
        <extensions>
          <ns3:TrackPointExtension>
            <ns3:atemp>18.0</ns3:atemp>
            <ns3:hr>114</ns3:hr>
          </ns3:TrackPointExtension>
        </extensions>
      </trkpt>
      <trkpt lat="60.0052889250218868255615234375" lon="30.39006558246910572052001953125">
        <ele>17.799999237060546875</ele>
        <time>2026-03-16T16:03:16.000Z</time>
        <extensions>
          <ns3:TrackPointExtension>
            <ns3:atemp>18.0</ns3:atemp>
            <ns3:hr>113</ns3:hr>
          </ns3:TrackPointExtension>
        </extensions>
      </trkpt>
      <trkpt lat="60.00528716482222080230712890625" lon="30.3899077512323856353759765625">
        <ele>17.799999237060546875</ele>
        <time>2026-03-16T16:03:24.000Z</time>
        <extensions>
          <ns3:TrackPointExtension>
            <ns3:atemp>18.0</ns3:atemp>
            <ns3:hr>109</ns3:hr>
          </ns3:TrackPointExtension>
        </extensions>
      </trkpt>
      <trkpt lat="60.00527995638549327850341796875" lon="30.38986491970717906951904296875">
        <ele>17.799999237060546875</ele>
        <time>2026-03-16T16:03:25.000Z</time>
        <extensions>
          <ns3:TrackPointExtension>
            <ns3:atemp>18.0</ns3:atemp>
            <ns3:hr>109</ns3:hr>
          </ns3:TrackPointExtension>
        </extensions>
      </trkpt>
      <trkpt lat="60.00527392141520977020263671875" lon="30.38983306847512722015380859375">
        <ele>17.799999237060546875</ele>
        <time>2026-03-16T16:03:26.000Z</time>
        <extensions>
          <ns3:TrackPointExtension>
            <ns3:atemp>18.0</ns3:atemp>
            <ns3:hr>112</ns3:hr>
          </ns3:TrackPointExtension>
        </extensions>
      </trkpt>
      <trkpt lat="60.00530719757080078125" lon="30.38955629803240299224853515625">
        <ele>17.799999237060546875</ele>
        <time>2026-03-16T16:03:32.000Z</time>
        <extensions>
          <ns3:TrackPointExtension>
            <ns3:atemp>18.0</ns3:atemp>
            <ns3:hr>109</ns3:hr>
          </ns3:TrackPointExtension>
        </extensions>
      </trkpt>
      <trkpt lat="60.00531130470335483551025390625" lon="30.38953014649450778961181640625">
        <ele>17.799999237060546875</ele>
        <time>2026-03-16T16:03:33.000Z</time>
        <extensions>
          <ns3:TrackPointExtension>
            <ns3:atemp>18.0</ns3:atemp>
            <ns3:hr>107</ns3:hr>
          </ns3:TrackPointExtension>
        </extensions>
      </trkpt>
      <trkpt lat="60.0053288228809833526611328125" lon="30.38936602883040904998779296875">
        <ele>17.799999237060546875</ele>
        <time>2026-03-16T16:03:35.000Z</time>
        <extensions>
          <ns3:TrackPointExtension>
            <ns3:atemp>18.0</ns3:atemp>
            <ns3:hr>103</ns3:hr>
          </ns3:TrackPointExtension>
        </extensions>
      </trkpt>
      <trkpt lat="60.00535606406629085540771484375" lon="30.38938245736062526702880859375">
        <ele>17.799999237060546875</ele>
        <time>2026-03-16T16:03:37.000Z</time>
        <extensions>
          <ns3:TrackPointExtension>
            <ns3:atemp>18.0</ns3:atemp>
            <ns3:hr>101</ns3:hr>
          </ns3:TrackPointExtension>
        </extensions>
      </trkpt>
      <trkpt lat="60.00538221560418605804443359375" lon="30.38941548205912113189697265625">
        <ele>17.799999237060546875</ele>
        <time>2026-03-16T16:03:39.000Z</time>
        <extensions>
          <ns3:TrackPointExtension>
            <ns3:atemp>18.0</ns3:atemp>
            <ns3:hr>101</ns3:hr>
          </ns3:TrackPointExtension>
        </extensions>
      </trkpt>
      <trkpt lat="60.00536126084625720977783203125" lon="30.38948521949350833892822265625">
        <ele>18</ele>
        <time>2026-03-16T16:03:44.000Z</time>
        <extensions>
          <ns3:TrackPointExtension>
            <ns3:atemp>18.0</ns3:atemp>
            <ns3:hr>100</ns3:hr>
          </ns3:TrackPointExtension>
        </extensions>
      </trkpt>
      <trkpt lat="60.0053546391427516937255859375" lon="30.3894846327602863311767578125">
        <ele>18</ele>
        <time>2026-03-16T16:03:45.000Z</time>
        <extensions>
          <ns3:TrackPointExtension>
            <ns3:atemp>18.0</ns3:atemp>
            <ns3:hr>99</ns3:hr>
          </ns3:TrackPointExtension>
        </extensions>
      </trkpt>
      <trkpt lat="60.00535547733306884765625" lon="30.38950919173657894134521484375">
        <ele>18</ele>
        <time>2026-03-16T16:03:48.000Z</time>
        <extensions>
          <ns3:TrackPointExtension>
            <ns3:atemp>18.0</ns3:atemp>
            <ns3:hr>100</ns3:hr>
          </ns3:TrackPointExtension>
        </extensions>
      </trkpt>
      <trkpt lat="60.00536981038749217987060546875" lon="30.3895724751055240631103515625">
        <ele>17.799999237060546875</ele>
        <time>2026-03-16T16:03:52.000Z</time>
        <extensions>
          <ns3:TrackPointExtension>
            <ns3:atemp>18.0</ns3:atemp>
            <ns3:hr>99</ns3:hr>
          </ns3:TrackPointExtension>
        </extensions>
      </trkpt>
      <trkpt lat="60.0053707323968410491943359375" lon="30.3896060027182102203369140625">
        <ele>17.799999237060546875</ele>
        <time>2026-03-16T16:03:53.000Z</time>
        <extensions>
          <ns3:TrackPointExtension>
            <ns3:atemp>18.0</ns3:atemp>
            <ns3:hr>99</ns3:hr>
          </ns3:TrackPointExtension>
        </extensions>
      </trkpt>
      <trkpt lat="60.00540132634341716766357421875" lon="30.3896891511976718902587890625">
        <ele>18.200000762939453125</ele>
        <time>2026-03-16T16:03:56.000Z</time>
        <extensions>
          <ns3:TrackPointExtension>
            <ns3:atemp>18.0</ns3:atemp>
            <ns3:hr>103</ns3:hr>
          </ns3:TrackPointExtension>
        </extensions>
      </trkpt>
      <trkpt lat="60.0054240413010120391845703125" lon="30.38968454115092754364013671875">
        <ele>18.200000762939453125</ele>
        <time>2026-03-16T16:03:57.000Z</time>
        <extensions>
          <ns3:TrackPointExtension>
            <ns3:atemp>18.0</ns3:atemp>
            <ns3:hr>106</ns3:hr>
          </ns3:TrackPointExtension>
        </extensions>
      </trkpt>
      <trkpt lat="60.00546502880752086639404296875" lon="30.389682613313198089599609375">
        <ele>18</ele>
        <time>2026-03-16T16:03:59.000Z</time>
        <extensions>
          <ns3:TrackPointExtension>
            <ns3:atemp>18.0</ns3:atemp>
            <ns3:hr>109</ns3:hr>
          </ns3:TrackPointExtension>
        </extensions>
      </trkpt>
      <trkpt lat="60.0054991431534290313720703125" lon="30.3897593915462493896484375">
        <ele>18</ele>
        <time>2026-03-16T16:04:01.000Z</time>
        <extensions>
          <ns3:TrackPointExtension>
            <ns3:atemp>18.0</ns3:atemp>
            <ns3:hr>111</ns3:hr>
          </ns3:TrackPointExtension>
        </extensions>
      </trkpt>
      <trkpt lat="60.00552839599549770355224609375" lon="30.38972762413322925567626953125">
        <ele>18</ele>
        <time>2026-03-16T16:04:02.000Z</time>
        <extensions>
          <ns3:TrackPointExtension>
            <ns3:atemp>18.0</ns3:atemp>
            <ns3:hr>109</ns3:hr>
          </ns3:TrackPointExtension>
        </extensions>
      </trkpt>
      <trkpt lat="60.00560249201953411102294921875" lon="30.389734916388988494873046875">
        <ele>18</ele>
        <time>2026-03-16T16:04:05.000Z</time>
        <extensions>
          <ns3:TrackPointExtension>
            <ns3:atemp>18.0</ns3:atemp>
            <ns3:hr>106</ns3:hr>
          </ns3:TrackPointExtension>
        </extensions>
      </trkpt>
      <trkpt lat="60.00567809678614139556884765625" lon="30.38978445343673229217529296875">
        <ele>18</ele>
        <time>2026-03-16T16:04:08.000Z</time>
        <extensions>
          <ns3:TrackPointExtension>
            <ns3:atemp>18.0</ns3:atemp>
            <ns3:hr>104</ns3:hr>
          </ns3:TrackPointExtension>
        </extensions>
      </trkpt>
      <trkpt lat="60.00571615062654018402099609375" lon="30.38980205543339252471923828125">
        <ele>18</ele>
        <time>2026-03-16T16:04:11.000Z</time>
        <extensions>
          <ns3:TrackPointExtension>
            <ns3:atemp>18.0</ns3:atemp>
            <ns3:hr>101</ns3:hr>
          </ns3:TrackPointExtension>
        </extensions>
      </trkpt>
      <trkpt lat="60.00579762272536754608154296875" lon="30.3898567892611026763916015625">
        <ele>18</ele>
        <time>2026-03-16T16:04:15.000Z</time>
        <extensions>
          <ns3:TrackPointExtension>
            <ns3:atemp>18.0</ns3:atemp>
            <ns3:hr>103</ns3:hr>
          </ns3:TrackPointExtension>
        </extensions>
      </trkpt>
      <trkpt lat="60.005782283842563629150390625" lon="30.389756374061107635498046875">
        <ele>18.200000762939453125</ele>
        <time>2026-03-16T16:04:20.000Z</time>
        <extensions>
          <ns3:TrackPointExtension>
            <ns3:atemp>19.0</ns3:atemp>
            <ns3:hr>100</ns3:hr>
          </ns3:TrackPointExtension>
        </extensions>
      </trkpt>
      <trkpt lat="60.005803070962429046630859375" lon="30.3897676058113574981689453125">
        <ele>18.3999996185302734375</ele>
        <time>2026-03-16T16:04:23.000Z</time>
        <extensions>
          <ns3:TrackPointExtension>
            <ns3:atemp>19.0</ns3:atemp>
            <ns3:hr>100</ns3:hr>
          </ns3:TrackPointExtension>
        </extensions>
      </trkpt>
      <trkpt lat="60.00587305985391139984130859375" lon="30.38969225250184535980224609375">
        <ele>18.799999237060546875</ele>
        <time>2026-03-16T16:04:33.000Z</time>
        <extensions>
          <ns3:TrackPointExtension>
            <ns3:atemp>19.0</ns3:atemp>
            <ns3:hr>99</ns3:hr>
          </ns3:TrackPointExtension>
        </extensions>
      </trkpt>
      <trkpt lat="60.00590256415307521820068359375" lon="30.38977255113422870635986328125">
        <ele>18.6000003814697265625</ele>
        <time>2026-03-16T16:04:36.000Z</time>
        <extensions>
          <ns3:TrackPointExtension>
            <ns3:atemp>19.0</ns3:atemp>
            <ns3:hr>94</ns3:hr>
          </ns3:TrackPointExtension>
        </extensions>
      </trkpt>
      <trkpt lat="60.0059120357036590576171875" lon="30.38978822529315948486328125">
        <ele>18.6000003814697265625</ele>
        <time>2026-03-16T16:04:37.000Z</time>
        <extensions>
          <ns3:TrackPointExtension>
            <ns3:atemp>19.0</ns3:atemp>
            <ns3:hr>94</ns3:hr>
          </ns3:TrackPointExtension>
        </extensions>
      </trkpt>
      <trkpt lat="60.0059168972074985504150390625" lon="30.3897719644010066986083984375">
        <ele>18.6000003814697265625</ele>
        <time>2026-03-16T16:04:39.000Z</time>
        <extensions>
          <ns3:TrackPointExtension>
            <ns3:atemp>19.0</ns3:atemp>
            <ns3:hr>92</ns3:hr>
          </ns3:TrackPointExtension>
        </extensions>
      </trkpt>
      <trkpt lat="60.00592150725424289703369140625" lon="30.38962217979133129119873046875">
        <ele>18.799999237060546875</ele>
        <time>2026-03-16T16:04:47.000Z</time>
        <extensions>
          <ns3:TrackPointExtension>
            <ns3:atemp>19.0</ns3:atemp>
            <ns3:hr>92</ns3:hr>
          </ns3:TrackPointExtension>
        </extensions>
      </trkpt>
      <trkpt lat="60.00590424053370952606201171875" lon="30.3895915858447551727294921875">
        <ele>18.799999237060546875</ele>
        <time>2026-03-16T16:04:55.000Z</time>
        <extensions>
          <ns3:TrackPointExtension>
            <ns3:atemp>19.0</ns3:atemp>
            <ns3:hr>91</ns3:hr>
          </ns3:TrackPointExtension>
        </extensions>
      </trkpt>
      <trkpt lat="60.00593458302319049835205078125" lon="30.38962905295193195343017578125">
        <ele>18.799999237060546875</ele>
        <time>2026-03-16T16:04:58.000Z</time>
        <extensions>
          <ns3:TrackPointExtension>
            <ns3:atemp>19.0</ns3:atemp>
            <ns3:hr>92</ns3:hr>
          </ns3:TrackPointExtension>
        </extensions>
      </trkpt>
      <trkpt lat="60.00584372319281101226806640625" lon="30.38966459222137928009033203125">
        <ele>19</ele>
        <time>2026-03-16T16:05:02.000Z</time>
        <extensions>
          <ns3:TrackPointExtension>
            <ns3:atemp>19.0</ns3:atemp>
            <ns3:hr>90</ns3:hr>
          </ns3:TrackPointExtension>
        </extensions>
      </trkpt>
      <trkpt lat="60.00576945953071117401123046875" lon="30.38981747813522815704345703125">
        <ele>19</ele>
        <time>2026-03-16T16:05:05.000Z</time>
        <extensions>
          <ns3:TrackPointExtension>
            <ns3:atemp>19.0</ns3:atemp>
            <ns3:hr>92</ns3:hr>
          </ns3:TrackPointExtension>
        </extensions>
      </trkpt>
      <trkpt lat="60.005621351301670074462890625" lon="30.390026606619358062744140625">
        <ele>19.200000762939453125</ele>
        <time>2026-03-16T16:05:08.000Z</time>
        <extensions>
          <ns3:TrackPointExtension>
            <ns3:atemp>19.0</ns3:atemp>
            <ns3:hr>94</ns3:hr>
          </ns3:TrackPointExtension>
        </extensions>
      </trkpt>
      <trkpt lat="60.0055675394833087921142578125" lon="30.39017588831484317779541015625">
        <ele>19.200000762939453125</ele>
        <time>2026-03-16T16:05:10.000Z</time>
        <extensions>
          <ns3:TrackPointExtension>
            <ns3:atemp>19.0</ns3:atemp>
            <ns3:hr>94</ns3:hr>
          </ns3:TrackPointExtension>
        </extensions>
      </trkpt>
      <trkpt lat="60.00553610734641551971435546875" lon="30.39036397822201251983642578125">
        <ele>19.200000762939453125</ele>
        <time>2026-03-16T16:05:12.000Z</time>
        <extensions>
          <ns3:TrackPointExtension>
            <ns3:atemp>19.0</ns3:atemp>
            <ns3:hr>93</ns3:hr>
          </ns3:TrackPointExtension>
        </extensions>
      </trkpt>
      <trkpt lat="60.00548279844224452972412109375" lon="30.39055055938661098480224609375">
        <ele>19.200000762939453125</ele>
        <time>2026-03-16T16:05:15.000Z</time>
        <extensions>
          <ns3:TrackPointExtension>
            <ns3:atemp>19.0</ns3:atemp>
            <ns3:hr>91</ns3:hr>
          </ns3:TrackPointExtension>
        </extensions>
      </trkpt>
      <trkpt lat="60.005288757383823394775390625" lon="30.390563718974590301513671875">
        <ele>19.3999996185302734375</ele>
        <time>2026-03-16T16:05:44.000Z</time>
        <extensions>
          <ns3:TrackPointExtension>
            <ns3:atemp>19.0</ns3:atemp>
            <ns3:hr>92</ns3:hr>
          </ns3:TrackPointExtension>
        </extensions>
      </trkpt>
      <trkpt lat="60.0054466724395751953125" lon="30.3903945721685886383056640625">
        <ele>19.3999996185302734375</ele>
        <time>2026-03-16T16:05:48.000Z</time>
        <extensions>
          <ns3:TrackPointExtension>
            <ns3:atemp>20.0</ns3:atemp>
            <ns3:hr>95</ns3:hr>
          </ns3:TrackPointExtension>
        </extensions>
      </trkpt>
      <trkpt lat="60.005466453731060028076171875" lon="30.390353500843048095703125">
        <ele>19.3999996185302734375</ele>
        <time>2026-03-16T16:05:49.000Z</time>
        <extensions>
          <ns3:TrackPointExtension>
            <ns3:atemp>20.0</ns3:atemp>
            <ns3:hr>95</ns3:hr>
          </ns3:TrackPointExtension>
        </extensions>
      </trkpt>
      <trkpt lat="60.0054696388542652130126953125" lon="30.390264987945556640625">
        <ele>19.3999996185302734375</ele>
        <time>2026-03-16T16:05:53.000Z</time>
        <extensions>
          <ns3:TrackPointExtension>
            <ns3:atemp>20.0</ns3:atemp>
            <ns3:hr>92</ns3:hr>
          </ns3:TrackPointExtension>
        </extensions>
      </trkpt>
      <trkpt lat="60.0055390410125255584716796875" lon="30.39054284803569316864013671875">
        <ele>20.3999996185302734375</ele>
        <time>2026-03-16T16:06:22.000Z</time>
        <extensions>
          <ns3:TrackPointExtension>
            <ns3:atemp>20.0</ns3:atemp>
            <ns3:hr>116</ns3:hr>
          </ns3:TrackPointExtension>
        </extensions>
      </trkpt>
      <trkpt lat="60.0055786035954952239990234375" lon="30.3906123340129852294921875">
        <ele>20.3999996185302734375</ele>
        <time>2026-03-16T16:06:24.000Z</time>
        <extensions>
          <ns3:TrackPointExtension>
            <ns3:atemp>20.0</ns3:atemp>
            <ns3:hr>117</ns3:hr>
          </ns3:TrackPointExtension>
        </extensions>
      </trkpt>
      <trkpt lat="60.00557818450033664703369140625" lon="30.390680395066738128662109375">
        <ele>20.3999996185302734375</ele>
        <time>2026-03-16T16:06:25.000Z</time>
        <extensions>
          <ns3:TrackPointExtension>
            <ns3:atemp>20.0</ns3:atemp>
            <ns3:hr>117</ns3:hr>
          </ns3:TrackPointExtension>
        </extensions>
      </trkpt>
      <trkpt lat="60.0056228600442409515380859375" lon="30.39087393321096897125244140625">
        <ele>20.6000003814697265625</ele>
        <time>2026-03-16T16:06:32.000Z</time>
        <extensions>
          <ns3:TrackPointExtension>
            <ns3:atemp>20.0</ns3:atemp>
            <ns3:hr>120</ns3:hr>
          </ns3:TrackPointExtension>
        </extensions>
      </trkpt>
      <trkpt lat="60.00562562607228755950927734375" lon="30.390894301235675811767578125">
        <ele>20.6000003814697265625</ele>
        <time>2026-03-16T16:06:33.000Z</time>
        <extensions>
          <ns3:TrackPointExtension>
            <ns3:atemp>20.0</ns3:atemp>
            <ns3:hr>118</ns3:hr>
          </ns3:TrackPointExtension>
        </extensions>
      </trkpt>
      <trkpt lat="60.0056091137230396270751953125" lon="30.39071023464202880859375">
        <ele>20.6000003814697265625</ele>
        <time>2026-03-16T16:06:41.000Z</time>
        <extensions>
          <ns3:TrackPointExtension>
            <ns3:atemp>20.0</ns3:atemp>
            <ns3:hr>116</ns3:hr>
          </ns3:TrackPointExtension>
        </extensions>
      </trkpt>
      <trkpt lat="60.00560165382921695709228515625" lon="30.39066254161298274993896484375">
        <ele>20.6000003814697265625</ele>
        <time>2026-03-16T16:06:44.000Z</time>
        <extensions>
          <ns3:TrackPointExtension>
            <ns3:atemp>20.0</ns3:atemp>
            <ns3:hr>112</ns3:hr>
          </ns3:TrackPointExtension>
        </extensions>
      </trkpt>
      <trkpt lat="60.0055893324315547943115234375" lon="30.39067469537258148193359375">
        <ele>20.799999237060546875</ele>
        <time>2026-03-16T16:06:45.000Z</time>
        <extensions>
          <ns3:TrackPointExtension>
            <ns3:atemp>20.0</ns3:atemp>
            <ns3:hr>108</ns3:hr>
          </ns3:TrackPointExtension>
        </extensions>
      </trkpt>
      <trkpt lat="60.00556804239749908447265625" lon="30.3906664811074733734130859375">
        <ele>20.799999237060546875</ele>
        <time>2026-03-16T16:06:46.000Z</time>
        <extensions>
          <ns3:TrackPointExtension>
            <ns3:atemp>20.0</ns3:atemp>
            <ns3:hr>105</ns3:hr>
          </ns3:TrackPointExtension>
        </extensions>
      </trkpt>
      <trkpt lat="60.005556643009185791015625" lon="30.390660949051380157470703125">
        <ele>20.799999237060546875</ele>
        <time>2026-03-16T16:06:48.000Z</time>
        <extensions>
          <ns3:TrackPointExtension>
            <ns3:atemp>20.0</ns3:atemp>
            <ns3:hr>101</ns3:hr>
          </ns3:TrackPointExtension>
        </extensions>
      </trkpt>
      <trkpt lat="60.0055507756769657135009765625" lon="30.3906632959842681884765625">
        <ele>20.799999237060546875</ele>
        <time>2026-03-16T16:06:49.000Z</time>
        <extensions>
          <ns3:TrackPointExtension>
            <ns3:atemp>20.0</ns3:atemp>
            <ns3:hr>101</ns3:hr>
          </ns3:TrackPointExtension>
        </extensions>
      </trkpt>
      <trkpt lat="60.00554314814507961273193359375" lon="30.3903922252357006072998046875">
        <ele>20.799999237060546875</ele>
        <time>2026-03-16T16:06:51.000Z</time>
        <extensions>
          <ns3:TrackPointExtension>
            <ns3:atemp>20.0</ns3:atemp>
            <ns3:hr>98</ns3:hr>
          </ns3:TrackPointExtension>
        </extensions>
      </trkpt>
      <trkpt lat="60.0055641867220401763916015625" lon="30.39032978005707263946533203125">
        <ele>20.799999237060546875</ele>
        <time>2026-03-16T16:06:53.000Z</time>
        <extensions>
          <ns3:TrackPointExtension>
            <ns3:atemp>20.0</ns3:atemp>
            <ns3:hr>97</ns3:hr>
          </ns3:TrackPointExtension>
        </extensions>
      </trkpt>
      <trkpt lat="60.0056094489991664886474609375" lon="30.39019634015858173370361328125">
        <ele>20.799999237060546875</ele>
        <time>2026-03-16T16:06:56.000Z</time>
        <extensions>
          <ns3:TrackPointExtension>
            <ns3:atemp>20.0</ns3:atemp>
            <ns3:hr>99</ns3:hr>
          </ns3:TrackPointExtension>
        </extensions>
      </trkpt>
      <trkpt lat="60.00561422668397426605224609375" lon="30.39014093577861785888671875">
        <ele>20.799999237060546875</ele>
        <time>2026-03-16T16:06:58.000Z</time>
        <extensions>
          <ns3:TrackPointExtension>
            <ns3:atemp>20.0</ns3:atemp>
            <ns3:hr>102</ns3:hr>
          </ns3:TrackPointExtension>
        </extensions>
      </trkpt>
      <trkpt lat="60.00558740459382534027099609375" lon="30.390083603560924530029296875">
        <ele>20.799999237060546875</ele>
        <time>2026-03-16T16:07:00.000Z</time>
        <extensions>
          <ns3:TrackPointExtension>
            <ns3:atemp>20.0</ns3:atemp>
            <ns3:hr>106</ns3:hr>
          </ns3:TrackPointExtension>
        </extensions>
      </trkpt>
      <trkpt lat="60.00558556057512760162353515625" lon="30.39007530547678470611572265625">
        <ele>20.799999237060546875</ele>
        <time>2026-03-16T16:07:01.000Z</time>
        <extensions>
          <ns3:TrackPointExtension>
            <ns3:atemp>20.0</ns3:atemp>
            <ns3:hr>111</ns3:hr>
          </ns3:TrackPointExtension>
        </extensions>
      </trkpt>
      <trkpt lat="60.00558556057512760162353515625" lon="30.39007530547678470611572265625">
        <ele>20.799999237060546875</ele>
        <time>2026-03-16T16:07:02.000Z</time>
        <extensions>
          <ns3:TrackPointExtension>
            <ns3:atemp>20.0</ns3:atemp>
            <ns3:hr>106</ns3:hr>
          </ns3:TrackPointExtension>
        </extensions>
      </trkpt>
      <trkpt lat="60.005589835345745086669921875" lon="30.3900825977325439453125">
        <ele>20.799999237060546875</ele>
        <time>2026-03-16T16:07:03.000Z</time>
        <extensions>
          <ns3:TrackPointExtension>
            <ns3:atemp>20.0</ns3:atemp>
            <ns3:hr>109</ns3:hr>
          </ns3:TrackPointExtension>
        </extensions>
      </trkpt>
      <trkpt lat="60.0055410526692867279052734375" lon="30.39005937986075878143310546875">
        <ele>21.200000762939453125</ele>
        <time>2026-03-16T16:07:08.000Z</time>
        <extensions>
          <ns3:TrackPointExtension>
            <ns3:atemp>21.0</ns3:atemp>
            <ns3:hr>112</ns3:hr>
          </ns3:TrackPointExtension>
        </extensions>
      </trkpt>
      <trkpt lat="60.005547590553760528564453125" lon="30.39007564075291156768798828125">
        <ele>21.3999996185302734375</ele>
        <time>2026-03-16T16:07:10.000Z</time>
        <extensions>
          <ns3:TrackPointExtension>
            <ns3:atemp>21.0</ns3:atemp>
            <ns3:hr>109</ns3:hr>
          </ns3:TrackPointExtension>
        </extensions>
      </trkpt>
      <trkpt lat="60.00554281286895275115966796875" lon="30.3900733776390552520751953125">
        <ele>21.3999996185302734375</ele>
        <time>2026-03-16T16:07:11.000Z</time>
        <extensions>
          <ns3:TrackPointExtension>
            <ns3:atemp>21.0</ns3:atemp>
            <ns3:hr>109</ns3:hr>
          </ns3:TrackPointExtension>
        </extensions>
      </trkpt>
      <trkpt lat="60.0054595805704593658447265625" lon="30.3906205482780933380126953125">
        <ele>22</ele>
        <time>2026-03-16T16:08:05.000Z</time>
        <extensions>
          <ns3:TrackPointExtension>
            <ns3:atemp>21.0</ns3:atemp>
            <ns3:hr>104</ns3:hr>
          </ns3:TrackPointExtension>
        </extensions>
      </trkpt>
      <trkpt lat="60.00545698218047618865966796875" lon="30.3905907087028026580810546875">
        <ele>22.200000762939453125</ele>
        <time>2026-03-16T16:08:07.000Z</time>
        <extensions>
          <ns3:TrackPointExtension>
            <ns3:atemp>21.0</ns3:atemp>
            <ns3:hr>102</ns3:hr>
          </ns3:TrackPointExtension>
        </extensions>
      </trkpt>
      <trkpt lat="60.00548128969967365264892578125" lon="30.39058978669345378875732421875">
        <ele>21</ele>
        <time>2026-03-16T16:08:10.000Z</time>
        <extensions>
          <ns3:TrackPointExtension>
            <ns3:atemp>21.0</ns3:atemp>
            <ns3:hr>103</ns3:hr>
          </ns3:TrackPointExtension>
        </extensions>
      </trkpt>
      <trkpt lat="60.0054921023547649383544921875" lon="30.39056715555489063262939453125">
        <ele>21</ele>
        <time>2026-03-16T16:08:14.000Z</time>
        <extensions>
          <ns3:TrackPointExtension>
            <ns3:atemp>21.0</ns3:atemp>
            <ns3:hr>103</ns3:hr>
          </ns3:TrackPointExtension>
        </extensions>
      </trkpt>
      <trkpt lat="60.00549587421119213104248046875" lon="30.39055424742400646209716796875">
        <ele>20.799999237060546875</ele>
        <time>2026-03-16T16:08:15.000Z</time>
        <extensions>
          <ns3:TrackPointExtension>
            <ns3:atemp>21.0</ns3:atemp>
            <ns3:hr>100</ns3:hr>
          </ns3:TrackPointExtension>
        </extensions>
      </trkpt>
      <trkpt lat="60.00548489391803741455078125" lon="30.39057503454387187957763671875">
        <ele>20.799999237060546875</ele>
        <time>2026-03-16T16:08:17.000Z</time>
        <extensions>
          <ns3:TrackPointExtension>
            <ns3:atemp>21.0</ns3:atemp>
            <ns3:hr>103</ns3:hr>
          </ns3:TrackPointExtension>
        </extensions>
      </trkpt>
      <trkpt lat="60.00548061914741992950439453125" lon="30.3905789740383625030517578125">
        <ele>20.799999237060546875</ele>
        <time>2026-03-16T16:08:19.000Z</time>
        <extensions>
          <ns3:TrackPointExtension>
            <ns3:atemp>21.0</ns3:atemp>
            <ns3:hr>106</ns3:hr>
          </ns3:TrackPointExtension>
        </extensions>
      </trkpt>
      <trkpt lat="60.00541171990334987640380859375" lon="30.39060118608176708221435546875">
        <ele>21</ele>
        <time>2026-03-16T16:08:25.000Z</time>
        <extensions>
          <ns3:TrackPointExtension>
            <ns3:atemp>21.0</ns3:atemp>
            <ns3:hr>107</ns3:hr>
          </ns3:TrackPointExtension>
        </extensions>
      </trkpt>
      <trkpt lat="60.00541456975042819976806640625" lon="30.39053480140864849090576171875">
        <ele>21</ele>
        <time>2026-03-16T16:08:26.000Z</time>
        <extensions>
          <ns3:TrackPointExtension>
            <ns3:atemp>21.0</ns3:atemp>
            <ns3:hr>108</ns3:hr>
          </ns3:TrackPointExtension>
        </extensions>
      </trkpt>
      <trkpt lat="60.00537014566361904144287109375" lon="30.3904728591442108154296875">
        <ele>21.200000762939453125</ele>
        <time>2026-03-16T16:08:33.000Z</time>
        <extensions>
          <ns3:TrackPointExtension>
            <ns3:atemp>21.0</ns3:atemp>
            <ns3:hr>108</ns3:hr>
          </ns3:TrackPointExtension>
        </extensions>
      </trkpt>
      <trkpt lat="60.0054029189050197601318359375" lon="30.39062230847775936126708984375">
        <ele>21.3999996185302734375</ele>
        <time>2026-03-16T16:08:44.000Z</time>
        <extensions>
          <ns3:TrackPointExtension>
            <ns3:atemp>22.0</ns3:atemp>
            <ns3:hr>107</ns3:hr>
          </ns3:TrackPointExtension>
        </extensions>
      </trkpt>
      <trkpt lat="60.0054139830172061920166015625" lon="30.39036515168845653533935546875">
        <ele>21.3999996185302734375</ele>
        <time>2026-03-16T16:08:50.000Z</time>
        <extensions>
          <ns3:TrackPointExtension>
            <ns3:atemp>22.0</ns3:atemp>
            <ns3:hr>109</ns3:hr>
          </ns3:TrackPointExtension>
        </extensions>
      </trkpt>
      <trkpt lat="60.0051192753016948699951171875" lon="30.3909725882112979888916015625">
        <ele>21.799999237060546875</ele>
        <time>2026-03-16T16:10:05.000Z</time>
        <extensions>
          <ns3:TrackPointExtension>
            <ns3:atemp>23.0</ns3:atemp>
            <ns3:hr>126</ns3:hr>
          </ns3:TrackPointExtension>
        </extensions>
      </trkpt>
      <trkpt lat="60.0051300041377544403076171875" lon="30.3908891044557094573974609375">
        <ele>21.799999237060546875</ele>
        <time>2026-03-16T16:10:10.000Z</time>
        <extensions>
          <ns3:TrackPointExtension>
            <ns3:atemp>23.0</ns3:atemp>
            <ns3:hr>118</ns3:hr>
          </ns3:TrackPointExtension>
        </extensions>
      </trkpt>
      <trkpt lat="60.00514517538249492645263671875" lon="30.390911735594272613525390625">
        <ele>21.799999237060546875</ele>
        <time>2026-03-16T16:10:12.000Z</time>
        <extensions>
          <ns3:TrackPointExtension>
            <ns3:atemp>23.0</ns3:atemp>
            <ns3:hr>111</ns3:hr>
          </ns3:TrackPointExtension>
        </extensions>
      </trkpt>
      <trkpt lat="60.0051541440188884735107421875" lon="30.39090712554752826690673828125">
        <ele>22</ele>
        <time>2026-03-16T16:10:14.000Z</time>
        <extensions>
          <ns3:TrackPointExtension>
            <ns3:atemp>23.0</ns3:atemp>
            <ns3:hr>105</ns3:hr>
          </ns3:TrackPointExtension>
        </extensions>
      </trkpt>
      <trkpt lat="60.00515171326696872711181640625" lon="30.39091014303267002105712890625">
        <ele>22.200000762939453125</ele>
        <time>2026-03-16T16:10:15.000Z</time>
        <extensions>
          <ns3:TrackPointExtension>
            <ns3:atemp>23.0</ns3:atemp>
            <ns3:hr>101</ns3:hr>
          </ns3:TrackPointExtension>
        </extensions>
      </trkpt>
      <trkpt lat="60.00514634884893894195556640625" lon="30.390921793878078460693359375">
        <ele>22.200000762939453125</ele>
        <time>2026-03-16T16:10:16.000Z</time>
        <extensions>
          <ns3:TrackPointExtension>
            <ns3:atemp>23.0</ns3:atemp>
            <ns3:hr>95</ns3:hr>
          </ns3:TrackPointExtension>
        </extensions>
      </trkpt>
      <trkpt lat="60.00514333136379718780517578125" lon="30.39092020131647586822509765625">
        <ele>22.200000762939453125</ele>
        <time>2026-03-16T16:10:17.000Z</time>
        <extensions>
          <ns3:TrackPointExtension>
            <ns3:atemp>23.0</ns3:atemp>
            <ns3:hr>90</ns3:hr>
          </ns3:TrackPointExtension>
        </extensions>
      </trkpt>
      <trkpt lat="60.00514685176312923431396484375" lon="30.39092020131647586822509765625">
        <ele>22</ele>
        <time>2026-03-16T16:10:18.000Z</time>
        <extensions>
          <ns3:TrackPointExtension>
            <ns3:atemp>23.0</ns3:atemp>
            <ns3:hr>90</ns3:hr>
          </ns3:TrackPointExtension>
        </extensions>
      </trkpt>
      <trkpt lat="60.0051447562873363494873046875" lon="30.390965379774570465087890625">
        <ele>21.799999237060546875</ele>
        <time>2026-03-16T16:10:27.000Z</time>
        <extensions>
          <ns3:TrackPointExtension>
            <ns3:atemp>23.0</ns3:atemp>
            <ns3:hr>90</ns3:hr>
          </ns3:TrackPointExtension>
        </extensions>
      </trkpt>
      <trkpt lat="60.0051135756075382232666015625" lon="30.3910104744136333465576171875">
        <ele>22</ele>
        <time>2026-03-16T16:10:29.000Z</time>
        <extensions>
          <ns3:TrackPointExtension>
            <ns3:atemp>23.0</ns3:atemp>
            <ns3:hr>87</ns3:hr>
          </ns3:TrackPointExtension>
        </extensions>
      </trkpt>
      <trkpt lat="60.0050988234579563140869140625" lon="30.39102313108742237091064453125">
        <ele>22</ele>
        <time>2026-03-16T16:10:30.000Z</time>
        <extensions>
          <ns3:TrackPointExtension>
            <ns3:atemp>23.0</ns3:atemp>
            <ns3:hr>90</ns3:hr>
          </ns3:TrackPointExtension>
        </extensions>
      </trkpt>
      <trkpt lat="60.00510158948600292205810546875" lon="30.3909994103014469146728515625">
        <ele>22</ele>
        <time>2026-03-16T16:10:32.000Z</time>
        <extensions>
          <ns3:TrackPointExtension>
            <ns3:atemp>24.0</ns3:atemp>
            <ns3:hr>93</ns3:hr>
          </ns3:TrackPointExtension>
        </extensions>
      </trkpt>
      <trkpt lat="60.00510192476212978363037109375" lon="30.39103679358959197998046875">
        <ele>22</ele>
        <time>2026-03-16T16:10:34.000Z</time>
        <extensions>
          <ns3:TrackPointExtension>
            <ns3:atemp>24.0</ns3:atemp>
            <ns3:hr>91</ns3:hr>
          </ns3:TrackPointExtension>
        </extensions>
      </trkpt>
      <trkpt lat="60.00507610850036144256591796875" lon="30.39103469811379909515380859375">
        <ele>22.3999996185302734375</ele>
        <time>2026-03-16T16:10:39.000Z</time>
        <extensions>
          <ns3:TrackPointExtension>
            <ns3:atemp>24.0</ns3:atemp>
            <ns3:hr>93</ns3:hr>
          </ns3:TrackPointExtension>
        </extensions>
      </trkpt>
      <trkpt lat="60.00506269745528697967529296875" lon="30.3910450078547000885009765625">
        <ele>22.6000003814697265625</ele>
        <time>2026-03-16T16:10:41.000Z</time>
        <extensions>
          <ns3:TrackPointExtension>
            <ns3:atemp>24.0</ns3:atemp>
            <ns3:hr>96</ns3:hr>
          </ns3:TrackPointExtension>
        </extensions>
      </trkpt>
      <trkpt lat="60.00504626892507076263427734375" lon="30.3910728357732295989990234375">
        <ele>22.6000003814697265625</ele>
        <time>2026-03-16T16:10:43.000Z</time>
        <extensions>
          <ns3:TrackPointExtension>
            <ns3:atemp>24.0</ns3:atemp>
            <ns3:hr>93</ns3:hr>
          </ns3:TrackPointExtension>
        </extensions>
      </trkpt>
      <trkpt lat="60.00503989867866039276123046875" lon="30.39109923876821994781494140625">
        <ele>22.6000003814697265625</ele>
        <time>2026-03-16T16:10:45.000Z</time>
        <extensions>
          <ns3:TrackPointExtension>
            <ns3:atemp>24.0</ns3:atemp>
            <ns3:hr>90</ns3:hr>
          </ns3:TrackPointExtension>
        </extensions>
      </trkpt>
      <trkpt lat="60.0237421877682209014892578125" lon="30.57252503000199794769287109375">
        <ele>23.6000003814697265625</ele>
        <time>2026-03-16T16:12:15.000Z</time>
        <extensions>
          <ns3:TrackPointExtension>
            <ns3:atemp>25.0</ns3:atemp>
            <ns3:hr>104</ns3:hr>
          </ns3:TrackPointExtension>
        </extensions>
      </trkpt>
      <trkpt lat="60.0238826684653759002685546875" lon="30.5753778107464313507080078125">
        <ele>23.6000003814697265625</ele>
        <time>2026-03-16T16:12:16.000Z</time>
        <extensions>
          <ns3:TrackPointExtension>
            <ns3:atemp>25.0</ns3:atemp>
            <ns3:hr>104</ns3:hr>
          </ns3:TrackPointExtension>
        </extensions>
      </trkpt>
      <trkpt lat="60.02441952936351299285888671875" lon="30.57610460557043552398681640625">
        <ele>23.6000003814697265625</ele>
        <time>2026-03-16T16:12:17.000Z</time>
        <extensions>
          <ns3:TrackPointExtension>
            <ns3:atemp>25.0</ns3:atemp>
            <ns3:hr>103</ns3:hr>
          </ns3:TrackPointExtension>
        </extensions>
      </trkpt>
      <trkpt lat="60.02504196949303150177001953125" lon="30.5754884518682956695556640625">
        <ele>23.799999237060546875</ele>
        <time>2026-03-16T16:12:18.000Z</time>
        <extensions>
          <ns3:TrackPointExtension>
            <ns3:atemp>25.0</ns3:atemp>
            <ns3:hr>102</ns3:hr>
          </ns3:TrackPointExtension>
        </extensions>
      </trkpt>
      <trkpt lat="60.0256090052425861358642578125" lon="30.57582565583288669586181640625">
        <ele>23.799999237060546875</ele>
        <time>2026-03-16T16:12:20.000Z</time>
        <extensions>
          <ns3:TrackPointExtension>
            <ns3:atemp>25.0</ns3:atemp>
            <ns3:hr>101</ns3:hr>
          </ns3:TrackPointExtension>
        </extensions>
      </trkpt>
      <trkpt lat="60.02621459774672985076904296875" lon="30.5765888281166553497314453125">
        <ele>23.799999237060546875</ele>
        <time>2026-03-16T16:12:22.000Z</time>
        <extensions>
          <ns3:TrackPointExtension>
            <ns3:atemp>25.0</ns3:atemp>
            <ns3:hr>101</ns3:hr>
          </ns3:TrackPointExtension>
        </extensions>
      </trkpt>
      <trkpt lat="60.02690124325454235076904296875" lon="30.576980598270893096923828125">
        <ele>23.799999237060546875</ele>
        <time>2026-03-16T16:12:24.000Z</time>
        <extensions>
          <ns3:TrackPointExtension>
            <ns3:atemp>25.0</ns3:atemp>
            <ns3:hr>100</ns3:hr>
          </ns3:TrackPointExtension>
        </extensions>
      </trkpt>
      <trkpt lat="60.0272042490541934967041015625" lon="30.57717799209058284759521484375">
        <ele>23.6000003814697265625</ele>
        <time>2026-03-16T16:12:25.000Z</time>
        <extensions>
          <ns3:TrackPointExtension>
            <ns3:atemp>25.0</ns3:atemp>
            <ns3:hr>99</ns3:hr>
          </ns3:TrackPointExtension>
        </extensions>
      </trkpt>
      <trkpt lat="60.02780363894999027252197265625" lon="30.57758602313697338104248046875">
        <ele>23.6000003814697265625</ele>
        <time>2026-03-16T16:12:27.000Z</time>
        <extensions>
          <ns3:TrackPointExtension>
            <ns3:atemp>25.0</ns3:atemp>
            <ns3:hr>100</ns3:hr>
          </ns3:TrackPointExtension>
        </extensions>
      </trkpt>
      <trkpt lat="60.02841685898602008819580078125" lon="30.57787553407251834869384765625">
        <ele>23.6000003814697265625</ele>
        <time>2026-03-16T16:12:29.000Z</time>
        <extensions>
          <ns3:TrackPointExtension>
            <ns3:atemp>25.0</ns3:atemp>
            <ns3:hr>99</ns3:hr>
          </ns3:TrackPointExtension>
        </extensions>
      </trkpt>
      <trkpt lat="60.02873830497264862060546875" lon="30.5779564194381237030029296875">
        <ele>23.6000003814697265625</ele>
        <time>2026-03-16T16:12:30.000Z</time>
        <extensions>
          <ns3:TrackPointExtension>
            <ns3:atemp>25.0</ns3:atemp>
            <ns3:hr>101</ns3:hr>
          </ns3:TrackPointExtension>
        </extensions>
      </trkpt>
      <trkpt lat="60.0293594039976596832275390625" lon="30.57817543856799602508544921875">
        <ele>24</ele>
        <time>2026-03-16T16:12:32.000Z</time>
        <extensions>
          <ns3:TrackPointExtension>
            <ns3:atemp>25.0</ns3:atemp>
            <ns3:hr>99</ns3:hr>
          </ns3:TrackPointExtension>
        </extensions>
      </trkpt>
      <trkpt lat="60.029963068664073944091796875" lon="30.57838398031890392303466796875">
        <ele>24</ele>
        <time>2026-03-16T16:12:34.000Z</time>
        <extensions>
          <ns3:TrackPointExtension>
            <ns3:atemp>25.0</ns3:atemp>
            <ns3:hr>99</ns3:hr>
          </ns3:TrackPointExtension>
        </extensions>
      </trkpt>
      <trkpt lat="60.0302710197865962982177734375" lon="30.57845019735395908355712890625">
        <ele>23.799999237060546875</ele>
        <time>2026-03-16T16:12:35.000Z</time>
        <extensions>
          <ns3:TrackPointExtension>
            <ns3:atemp>25.0</ns3:atemp>
            <ns3:hr>98</ns3:hr>
          </ns3:TrackPointExtension>
        </extensions>
      </trkpt>
      <trkpt lat="60.03090745769441127777099609375" lon="30.57846151292324066162109375">
        <ele>23.6000003814697265625</ele>
        <time>2026-03-16T16:12:37.000Z</time>
        <extensions>
          <ns3:TrackPointExtension>
            <ns3:atemp>25.0</ns3:atemp>
            <ns3:hr>97</ns3:hr>
          </ns3:TrackPointExtension>
        </extensions>
      </trkpt>
      <trkpt lat="60.03121105022728443145751953125" lon="30.57846159674227237701416015625">
        <ele>23.6000003814697265625</ele>
        <time>2026-03-16T16:12:38.000Z</time>
        <extensions>
          <ns3:TrackPointExtension>
            <ns3:atemp>25.0</ns3:atemp>
            <ns3:hr>96</ns3:hr>
          </ns3:TrackPointExtension>
        </extensions>
      </trkpt>
      <trkpt lat="60.03183030523359775543212890625" lon="30.57839085347950458526611328125">
        <ele>23.6000003814697265625</ele>
        <time>2026-03-16T16:12:40.000Z</time>
        <extensions>
          <ns3:TrackPointExtension>
            <ns3:atemp>25.0</ns3:atemp>
            <ns3:hr>97</ns3:hr>
          </ns3:TrackPointExtension>
        </extensions>
      </trkpt>
      <trkpt lat="60.03244704566895961761474609375" lon="30.57822941802442073822021484375">
        <ele>23.6000003814697265625</ele>
        <time>2026-03-16T16:12:42.000Z</time>
        <extensions>
          <ns3:TrackPointExtension>
            <ns3:atemp>25.0</ns3:atemp>
            <ns3:hr>98</ns3:hr>
          </ns3:TrackPointExtension>
        </extensions>
      </trkpt>
      <trkpt lat="60.03306261263787746429443359375" lon="30.57792012579739093780517578125">
        <ele>23.6000003814697265625</ele>
        <time>2026-03-16T16:12:44.000Z</time>
        <extensions>
          <ns3:TrackPointExtension>
            <ns3:atemp>25.0</ns3:atemp>
            <ns3:hr>97</ns3:hr>
          </ns3:TrackPointExtension>
        </extensions>
      </trkpt>
      <trkpt lat="60.03336201421916484832763671875" lon="30.57779288850724697113037109375">
        <ele>23.6000003814697265625</ele>
        <time>2026-03-16T16:12:45.000Z</time>
        <extensions>
          <ns3:TrackPointExtension>
            <ns3:atemp>25.0</ns3:atemp>
            <ns3:hr>95</ns3:hr>
          </ns3:TrackPointExtension>
        </extensions>
      </trkpt>
      <trkpt lat="60.0339617393910884857177734375" lon="30.57745912112295627593994140625">
        <ele>23.6000003814697265625</ele>
        <time>2026-03-16T16:12:47.000Z</time>
        <extensions>
          <ns3:TrackPointExtension>
            <ns3:atemp>25.0</ns3:atemp>
            <ns3:hr>95</ns3:hr>
          </ns3:TrackPointExtension>
        </extensions>
      </trkpt>
      <trkpt lat="60.03455308265984058380126953125" lon="30.57709216140210628509521484375">
        <ele>23.6000003814697265625</ele>
        <time>2026-03-16T16:12:49.000Z</time>
        <extensions>
          <ns3:TrackPointExtension>
            <ns3:atemp>25.0</ns3:atemp>
            <ns3:hr>96</ns3:hr>
          </ns3:TrackPointExtension>
        </extensions>
      </trkpt>
      <trkpt lat="60.03491518087685108184814453125" lon="30.5766129679977893829345703125">
        <ele>23.6000003814697265625</ele>
        <time>2026-03-16T16:12:50.000Z</time>
        <extensions>
          <ns3:TrackPointExtension>
            <ns3:atemp>25.0</ns3:atemp>
            <ns3:hr>96</ns3:hr>
          </ns3:TrackPointExtension>
        </extensions>
      </trkpt>
      <trkpt lat="60.0352458469569683074951171875" lon="30.5761764384806156158447265625">
        <ele>23.6000003814697265625</ele>
        <time>2026-03-16T16:12:51.000Z</time>
        <extensions>
          <ns3:TrackPointExtension>
            <ns3:atemp>25.0</ns3:atemp>
            <ns3:hr>97</ns3:hr>
          </ns3:TrackPointExtension>
        </extensions>
      </trkpt>
      <trkpt lat="60.0355303287506103515625" lon="30.57590092532336711883544921875">
        <ele>23.799999237060546875</ele>
        <time>2026-03-16T16:12:52.000Z</time>
        <extensions>
          <ns3:TrackPointExtension>
            <ns3:atemp>25.0</ns3:atemp>
            <ns3:hr>94</ns3:hr>
          </ns3:TrackPointExtension>
        </extensions>
      </trkpt>
      <trkpt lat="60.03609602339565753936767578125" lon="30.575254261493682861328125">
        <ele>23.799999237060546875</ele>
        <time>2026-03-16T16:12:54.000Z</time>
        <extensions>
          <ns3:TrackPointExtension>
            <ns3:atemp>25.0</ns3:atemp>
            <ns3:hr>96</ns3:hr>
          </ns3:TrackPointExtension>
        </extensions>
      </trkpt>
      <trkpt lat="60.0363767333328723907470703125" lon="30.57488143444061279296875">
        <ele>23.799999237060546875</ele>
        <time>2026-03-16T16:12:55.000Z</time>
        <extensions>
          <ns3:TrackPointExtension>
            <ns3:atemp>25.0</ns3:atemp>
            <ns3:hr>95</ns3:hr>
          </ns3:TrackPointExtension>
        </extensions>
      </trkpt>
      <trkpt lat="60.03689850680530071258544921875" lon="30.5742237903177738189697265625">
        <ele>23.799999237060546875</ele>
        <time>2026-03-16T16:12:57.000Z</time>
        <extensions>
          <ns3:TrackPointExtension>
            <ns3:atemp>25.0</ns3:atemp>
            <ns3:hr>96</ns3:hr>
          </ns3:TrackPointExtension>
        </extensions>
      </trkpt>
      <trkpt lat="60.03740142099559307098388671875" lon="30.573513843119144439697265625">
        <ele>23.799999237060546875</ele>
        <time>2026-03-16T16:12:59.000Z</time>
        <extensions>
          <ns3:TrackPointExtension>
            <ns3:atemp>25.0</ns3:atemp>
            <ns3:hr>93</ns3:hr>
          </ns3:TrackPointExtension>
        </extensions>
      </trkpt>
      <trkpt lat="60.03764994442462921142578125" lon="30.57312852703034877777099609375">
        <ele>23.799999237060546875</ele>
        <time>2026-03-16T16:13:00.000Z</time>
        <extensions>
          <ns3:TrackPointExtension>
            <ns3:atemp>25.0</ns3:atemp>
            <ns3:hr>94</ns3:hr>
          </ns3:TrackPointExtension>
        </extensions>
      </trkpt>
      <trkpt lat="60.03812528215348720550537109375" lon="30.57225060649216175079345703125">
        <ele>23.799999237060546875</ele>
        <time>2026-03-16T16:13:02.000Z</time>
        <extensions>
          <ns3:TrackPointExtension>
            <ns3:atemp>25.0</ns3:atemp>
            <ns3:hr>94</ns3:hr>
          </ns3:TrackPointExtension>
        </extensions>
      </trkpt>
      <trkpt lat="60.0385652482509613037109375" lon="30.57125751860439777374267578125">
        <ele>23.799999237060546875</ele>
        <time>2026-03-16T16:13:04.000Z</time>
        <extensions>
          <ns3:TrackPointExtension>
            <ns3:atemp>25.0</ns3:atemp>
            <ns3:hr>94</ns3:hr>
          </ns3:TrackPointExtension>
        </extensions>
      </trkpt>
      <trkpt lat="60.03898308612406253814697265625" lon="30.57035663165152072906494140625">
        <ele>23.799999237060546875</ele>
        <time>2026-03-16T16:13:06.000Z</time>
        <extensions>
          <ns3:TrackPointExtension>
            <ns3:atemp>25.0</ns3:atemp>
            <ns3:hr>94</ns3:hr>
          </ns3:TrackPointExtension>
        </extensions>
      </trkpt>
      <trkpt lat="60.03938307054340839385986328125" lon="30.56941366754472255706787109375">
        <ele>23.6000003814697265625</ele>
        <time>2026-03-16T16:13:08.000Z</time>
        <extensions>
          <ns3:TrackPointExtension>
            <ns3:atemp>25.0</ns3:atemp>
            <ns3:hr>95</ns3:hr>
          </ns3:TrackPointExtension>
        </extensions>
      </trkpt>
      <trkpt lat="60.03956864587962627410888671875" lon="30.56888736784458160400390625">
        <ele>23.6000003814697265625</ele>
        <time>2026-03-16T16:13:09.000Z</time>
        <extensions>
          <ns3:TrackPointExtension>
            <ns3:atemp>25.0</ns3:atemp>
            <ns3:hr>94</ns3:hr>
          </ns3:TrackPointExtension>
        </extensions>
      </trkpt>
      <trkpt lat="60.03992286510765552520751953125" lon="30.56790777482092380523681640625">
        <ele>23.6000003814697265625</ele>
        <time>2026-03-16T16:13:11.000Z</time>
        <extensions>
          <ns3:TrackPointExtension>
            <ns3:atemp>25.0</ns3:atemp>
            <ns3:hr>94</ns3:hr>
          </ns3:TrackPointExtension>
        </extensions>
      </trkpt>
      <trkpt lat="60.040224529802799224853515625" lon="30.5667840130627155303955078125">
        <ele>23.6000003814697265625</ele>
        <time>2026-03-16T16:13:13.000Z</time>
        <extensions>
          <ns3:TrackPointExtension>
            <ns3:atemp>25.0</ns3:atemp>
            <ns3:hr>91</ns3:hr>
          </ns3:TrackPointExtension>
        </extensions>
      </trkpt>
      <trkpt lat="60.0405227579176425933837890625" lon="30.56569444946944713592529296875">
        <ele>23.6000003814697265625</ele>
        <time>2026-03-16T16:13:15.000Z</time>
        <extensions>
          <ns3:TrackPointExtension>
            <ns3:atemp>25.0</ns3:atemp>
            <ns3:hr>92</ns3:hr>
          </ns3:TrackPointExtension>
        </extensions>
      </trkpt>
      <trkpt lat="60.04081017337739467620849609375" lon="30.56460832245647907257080078125">
        <ele>23.6000003814697265625</ele>
        <time>2026-03-16T16:13:17.000Z</time>
        <extensions>
          <ns3:TrackPointExtension>
            <ns3:atemp>25.0</ns3:atemp>
            <ns3:hr>95</ns3:hr>
          </ns3:TrackPointExtension>
        </extensions>
      </trkpt>
      <trkpt lat="60.04106816835701465606689453125" lon="30.56349839083850383758544921875">
        <ele>23.799999237060546875</ele>
        <time>2026-03-16T16:13:19.000Z</time>
        <extensions>
          <ns3:TrackPointExtension>
            <ns3:atemp>25.0</ns3:atemp>
            <ns3:hr>92</ns3:hr>
          </ns3:TrackPointExtension>
        </extensions>
      </trkpt>
      <trkpt lat="60.0413026101887226104736328125" lon="30.5622162111103534698486328125">
        <ele>24</ele>
        <time>2026-03-16T16:13:21.000Z</time>
        <extensions>
          <ns3:TrackPointExtension>
            <ns3:atemp>25.0</ns3:atemp>
            <ns3:hr>92</ns3:hr>
          </ns3:TrackPointExtension>
        </extensions>
      </trkpt>
      <trkpt lat="60.041270591318607330322265625" lon="30.56137005798518657684326171875">
        <ele>24</ele>
        <time>2026-03-16T16:13:22.000Z</time>
        <extensions>
          <ns3:TrackPointExtension>
            <ns3:atemp>25.0</ns3:atemp>
            <ns3:hr>91</ns3:hr>
          </ns3:TrackPointExtension>
        </extensions>
      </trkpt>
      <trkpt lat="60.0413971580564975738525390625" lon="30.56008972227573394775390625">
        <ele>24</ele>
        <time>2026-03-16T16:13:24.000Z</time>
        <extensions>
          <ns3:TrackPointExtension>
            <ns3:atemp>25.0</ns3:atemp>
            <ns3:hr>91</ns3:hr>
          </ns3:TrackPointExtension>
        </extensions>
      </trkpt>
      <trkpt lat="60.0415044464170932769775390625" lon="30.55872581899166107177734375">
        <ele>24</ele>
        <time>2026-03-16T16:13:26.000Z</time>
        <extensions>
          <ns3:TrackPointExtension>
            <ns3:atemp>25.0</ns3:atemp>
            <ns3:hr>92</ns3:hr>
          </ns3:TrackPointExtension>
        </extensions>
      </trkpt>
      <trkpt lat="60.04157963208854198455810546875" lon="30.55746811442077159881591796875">
        <ele>24</ele>
        <time>2026-03-16T16:13:28.000Z</time>
        <extensions>
          <ns3:TrackPointExtension>
            <ns3:atemp>25.0</ns3:atemp>
            <ns3:hr>89</ns3:hr>
          </ns3:TrackPointExtension>
        </extensions>
      </trkpt>
      <trkpt lat="60.041595138609409332275390625" lon="30.55624016560614109039306640625">
        <ele>24</ele>
        <time>2026-03-16T16:13:30.000Z</time>
        <extensions>
          <ns3:TrackPointExtension>
            <ns3:atemp>25.0</ns3:atemp>
            <ns3:hr>90</ns3:hr>
          </ns3:TrackPointExtension>
        </extensions>
      </trkpt>
      <trkpt lat="60.041557252407073974609375" lon="30.555037446320056915283203125">
        <ele>24</ele>
        <time>2026-03-16T16:13:32.000Z</time>
        <extensions>
          <ns3:TrackPointExtension>
            <ns3:atemp>25.0</ns3:atemp>
            <ns3:hr>91</ns3:hr>
          </ns3:TrackPointExtension>
        </extensions>
      </trkpt>
      <trkpt lat="60.0415051169693470001220703125" lon="30.55447795428335666656494140625">
        <ele>24</ele>
        <time>2026-03-16T16:13:33.000Z</time>
        <extensions>
          <ns3:TrackPointExtension>
            <ns3:atemp>25.0</ns3:atemp>
            <ns3:hr>93</ns3:hr>
          </ns3:TrackPointExtension>
        </extensions>
      </trkpt>
      <trkpt lat="60.04004255868494510650634765625" lon="30.5457249842584133148193359375">
        <ele>23.799999237060546875</ele>
        <time>2026-03-16T16:13:49.000Z</time>
        <extensions>
          <ns3:TrackPointExtension>
            <ns3:atemp>25.0</ns3:atemp>
            <ns3:hr>89</ns3:hr>
          </ns3:TrackPointExtension>
        </extensions>
      </trkpt>
      <trkpt lat="59.048564918339252471923828125" lon="33.861605711281299591064453125">
        <ele>26.6000003814697265625</ele>
        <time>2026-03-16T16:14:57.000Z</time>
        <extensions>
          <ns3:TrackPointExtension>
            <ns3:atemp>25.0</ns3:atemp>
            <ns3:hr>97</ns3:hr>
          </ns3:TrackPointExtension>
        </extensions>
      </trkpt>
    </trkseg>
  </trk>
</gpx>
