<?xml version="1.0" encoding="UTF-8"?>
<gpx creator="Garmin Connect" version="1.1"
  xsi:schemaLocation="http://www.topografix.com/GPX/1/1 http://www.topografix.com/GPX/11.xsd"
  xmlns:ns3="http://www.garmin.com/xmlschemas/TrackPointExtension/v1"
  xmlns="http://www.topografix.com/GPX/1/1"
  xmlns:xsi="http://www.w3.org/2001/XMLSchema-instance" xmlns:ns2="http://www.garmin.com/xmlschemas/GpxExtensions/v3">
  <metadata>
    <link href="connect.garmin.com">
      <text>Garmin Connect</text>
    </link>
    <time>2026-03-16T06:47:13.000Z</time>
  </metadata>
  <trk>
    <name>Петербург Велосипед</name>
    <type>cycling</type>
    <trkseg>
      <trkpt lat="60.00489992089569568634033203125" lon="30.389959551393985748291015625">
        <ele>92.1999969482421875</ele>
        <time>2026-03-16T06:48:19.000Z</time>
        <extensions>
          <ns3:TrackPointExtension>
            <ns3:atemp>25.0</ns3:atemp>
            <ns3:hr>101</ns3:hr>
          </ns3:TrackPointExtension>
        </extensions>
      </trkpt>
      <trkpt lat="60.00457922928035259246826171875" lon="30.3895372711122035980224609375">
        <ele>93.1999969482421875</ele>
        <time>2026-03-16T06:48:27.000Z</time>
        <extensions>
          <ns3:TrackPointExtension>
            <ns3:atemp>25.0</ns3:atemp>
            <ns3:hr>98</ns3:hr>
          </ns3:TrackPointExtension>
        </extensions>
      </trkpt>
      <trkpt lat="60.0045441091060638427734375" lon="30.38951774127781391143798828125">
        <ele>93.40000152587890625</ele>
        <time>2026-03-16T06:48:28.000Z</time>
        <extensions>
          <ns3:TrackPointExtension>
            <ns3:atemp>25.0</ns3:atemp>
            <ns3:hr>99</ns3:hr>
          </ns3:TrackPointExtension>
        </extensions>
      </trkpt>
      <trkpt lat="60.00450898893177509307861328125" lon="30.38949695415794849395751953125">
        <ele>93.1999969482421875</ele>
        <time>2026-03-16T06:48:29.000Z</time>
        <extensions>
          <ns3:TrackPointExtension>
            <ns3:atemp>25.0</ns3:atemp>
            <ns3:hr>100</ns3:hr>
          </ns3:TrackPointExtension>
        </extensions>
      </trkpt>
      <trkpt lat="60.004469342529773712158203125" lon="30.38946912623941898345947265625">
        <ele>93.1999969482421875</ele>
        <time>2026-03-16T06:48:30.000Z</time>
        <extensions>
          <ns3:TrackPointExtension>
            <ns3:atemp>25.0</ns3:atemp>
            <ns3:hr>99</ns3:hr>
          </ns3:TrackPointExtension>
        </extensions>
      </trkpt>
      <trkpt lat="60.004319809377193450927734375" lon="30.38946661166846752166748046875">
        <ele>93.1999969482421875</ele>
        <time>2026-03-16T06:48:32.000Z</time>
        <extensions>
          <ns3:TrackPointExtension>
            <ns3:atemp>25.0</ns3:atemp>
            <ns3:hr>94</ns3:hr>
          </ns3:TrackPointExtension>
        </extensions>
      </trkpt>
      <trkpt lat="60.0042683444917201995849609375" lon="30.3894467465579509735107421875">
        <ele>93.40000152587890625</ele>
        <time>2026-03-16T06:48:33.000Z</time>
        <extensions>
          <ns3:TrackPointExtension>
            <ns3:atemp>25.0</ns3:atemp>
            <ns3:hr>89</ns3:hr>
          </ns3:TrackPointExtension>
        </extensions>
      </trkpt>
      <trkpt lat="60.00411235727369785308837890625" lon="30.3893639333546161651611328125">
        <ele>93.1999969482421875</ele>
        <time>2026-03-16T06:48:36.000Z</time>
        <extensions>
          <ns3:TrackPointExtension>
            <ns3:atemp>25.0</ns3:atemp>
            <ns3:hr>95</ns3:hr>
          </ns3:TrackPointExtension>
        </extensions>
      </trkpt>
      <trkpt lat="60.0040665082633495330810546875" lon="30.38933350704610347747802734375">
        <ele>93.40000152587890625</ele>
        <time>2026-03-16T06:48:37.000Z</time>
        <extensions>
          <ns3:TrackPointExtension>
            <ns3:atemp>25.0</ns3:atemp>
            <ns3:hr>95</ns3:hr>
          </ns3:TrackPointExtension>
        </extensions>
      </trkpt>
      <trkpt lat="60.00377364456653594970703125" lon="30.38909621536731719970703125">
        <ele>94.40000152587890625</ele>
        <time>2026-03-16T06:48:43.000Z</time>
        <extensions>
          <ns3:TrackPointExtension>
            <ns3:atemp>25.0</ns3:atemp>
            <ns3:hr>98</ns3:hr>
          </ns3:TrackPointExtension>
        </extensions>
      </trkpt>
      <trkpt lat="60.003515146672725677490234375" lon="30.38885171525180339813232421875">
        <ele>95</ele>
        <time>2026-03-16T06:48:49.000Z</time>
        <extensions>
          <ns3:TrackPointExtension>
            <ns3:atemp>25.0</ns3:atemp>
            <ns3:hr>101</ns3:hr>
          </ns3:TrackPointExtension>
        </extensions>
      </trkpt>
      <trkpt lat="60.00336301513016223907470703125" lon="30.3887118212878704071044921875">
        <ele>95</ele>
        <time>2026-03-16T06:48:53.000Z</time>
        <extensions>
          <ns3:TrackPointExtension>
            <ns3:atemp>25.0</ns3:atemp>
            <ns3:hr>105</ns3:hr>
          </ns3:TrackPointExtension>
        </extensions>
      </trkpt>
      <trkpt lat="60.003149695694446563720703125" lon="30.38852088153362274169921875">
        <ele>95.40000152587890625</ele>
        <time>2026-03-16T06:48:58.000Z</time>
        <extensions>
          <ns3:TrackPointExtension>
            <ns3:atemp>25.0</ns3:atemp>
            <ns3:hr>110</ns3:hr>
          </ns3:TrackPointExtension>
        </extensions>
      </trkpt>
      <trkpt lat="60.00310887582600116729736328125" lon="30.3884677402675151824951171875">
        <ele>95.40000152587890625</ele>
        <time>2026-03-16T06:48:59.000Z</time>
        <extensions>
          <ns3:TrackPointExtension>
            <ns3:atemp>25.0</ns3:atemp>
            <ns3:hr>109</ns3:hr>
          </ns3:TrackPointExtension>
        </extensions>
      </trkpt>
      <trkpt lat="60.002974681556224822998046875" lon="30.38831762038171291351318359375">
        <ele>95.59999847412109375</ele>
        <time>2026-03-16T06:49:02.000Z</time>
        <extensions>
          <ns3:TrackPointExtension>
            <ns3:atemp>25.0</ns3:atemp>
            <ns3:hr>112</ns3:hr>
          </ns3:TrackPointExtension>
        </extensions>
      </trkpt>
      <trkpt lat="60.00292874872684478759765625" lon="30.38826246745884418487548828125">
        <ele>95.59999847412109375</ele>
        <time>2026-03-16T06:49:03.000Z</time>
        <extensions>
          <ns3:TrackPointExtension>
            <ns3:atemp>25.0</ns3:atemp>
            <ns3:hr>112</ns3:hr>
          </ns3:TrackPointExtension>
        </extensions>
      </trkpt>
      <trkpt lat="60.00259741209447383880615234375" lon="30.38780012167990207672119140625">
        <ele>95.8000030517578125</ele>
        <time>2026-03-16T06:49:11.000Z</time>
        <extensions>
          <ns3:TrackPointExtension>
            <ns3:atemp>24.0</ns3:atemp>
            <ns3:hr>115</ns3:hr>
          </ns3:TrackPointExtension>
        </extensions>
      </trkpt>
      <trkpt lat="60.0023002736270427703857421875" lon="30.38752117194235324859619140625">
        <ele>95.8000030517578125</ele>
        <time>2026-03-16T06:49:18.000Z</time>
        <extensions>
          <ns3:TrackPointExtension>
            <ns3:atemp>24.0</ns3:atemp>
            <ns3:hr>112</ns3:hr>
          </ns3:TrackPointExtension>
        </extensions>
      </trkpt>
      <trkpt lat="60.00225794501602649688720703125" lon="30.38748948834836483001708984375">
        <ele>95.8000030517578125</ele>
        <time>2026-03-16T06:49:19.000Z</time>
        <extensions>
          <ns3:TrackPointExtension>
            <ns3:atemp>24.0</ns3:atemp>
            <ns3:hr>114</ns3:hr>
          </ns3:TrackPointExtension>
        </extensions>
      </trkpt>
      <trkpt lat="60.0021730363368988037109375" lon="30.3874240256845951080322265625">
        <ele>96</ele>
        <time>2026-03-16T06:49:21.000Z</time>
        <extensions>
          <ns3:TrackPointExtension>
            <ns3:atemp>24.0</ns3:atemp>
            <ns3:hr>111</ns3:hr>
          </ns3:TrackPointExtension>
        </extensions>
      </trkpt>
      <trkpt lat="60.00190146267414093017578125" lon="30.38713946007192134857177734375">
        <ele>96</ele>
        <time>2026-03-16T06:49:28.000Z</time>
        <extensions>
          <ns3:TrackPointExtension>
            <ns3:atemp>24.0</ns3:atemp>
            <ns3:hr>114</ns3:hr>
          </ns3:TrackPointExtension>
        </extensions>
      </trkpt>
      <trkpt lat="60.00179593451321125030517578125" lon="30.38701624609529972076416015625">
        <ele>96.1999969482421875</ele>
        <time>2026-03-16T06:49:31.000Z</time>
        <extensions>
          <ns3:TrackPointExtension>
            <ns3:atemp>24.0</ns3:atemp>
            <ns3:hr>117</ns3:hr>
          </ns3:TrackPointExtension>
        </extensions>
      </trkpt>
      <trkpt lat="60.0016974471509456634521484375" lon="30.3869066946208477020263671875">
        <ele>96.40000152587890625</ele>
        <time>2026-03-16T06:49:34.000Z</time>
        <extensions>
          <ns3:TrackPointExtension>
            <ns3:atemp>24.0</ns3:atemp>
            <ns3:hr>116</ns3:hr>
          </ns3:TrackPointExtension>
        </extensions>
      </trkpt>
      <trkpt lat="60.00163869000971317291259765625" lon="30.386721789836883544921875">
        <ele>96.40000152587890625</ele>
        <time>2026-03-16T06:49:38.000Z</time>
        <extensions>
          <ns3:TrackPointExtension>
            <ns3:atemp>24.0</ns3:atemp>
            <ns3:hr>115</ns3:hr>
          </ns3:TrackPointExtension>
        </extensions>
      </trkpt>
      <trkpt lat="60.001607425510883331298828125" lon="30.3866411559283733367919921875">
        <ele>96.59999847412109375</ele>
        <time>2026-03-16T06:49:40.000Z</time>
        <extensions>
          <ns3:TrackPointExtension>
            <ns3:atemp>24.0</ns3:atemp>
            <ns3:hr>118</ns3:hr>
          </ns3:TrackPointExtension>
        </extensions>
      </trkpt>
      <trkpt lat="60.00156727619469165802001953125" lon="30.3865834884345531463623046875">
        <ele>96.40000152587890625</ele>
        <time>2026-03-16T06:49:42.000Z</time>
        <extensions>
          <ns3:TrackPointExtension>
            <ns3:atemp>24.0</ns3:atemp>
            <ns3:hr>116</ns3:hr>
          </ns3:TrackPointExtension>
        </extensions>
      </trkpt>
      <trkpt lat="60.001254715025424957275390625" lon="30.3863977454602718353271484375">
        <ele>97.1999969482421875</ele>
        <time>2026-03-16T06:49:52.000Z</time>
        <extensions>
          <ns3:TrackPointExtension>
            <ns3:atemp>24.0</ns3:atemp>
            <ns3:hr>118</ns3:hr>
          </ns3:TrackPointExtension>
        </extensions>
      </trkpt>
      <trkpt lat="60.001018680632114410400390625" lon="30.38624309934675693511962890625">
        <ele>97.40000152587890625</ele>
        <time>2026-03-16T06:49:57.000Z</time>
        <extensions>
          <ns3:TrackPointExtension>
            <ns3:atemp>24.0</ns3:atemp>
            <ns3:hr>115</ns3:hr>
          </ns3:TrackPointExtension>
        </extensions>
      </trkpt>
      <trkpt lat="60.0009236298501491546630859375" lon="30.38618735969066619873046875">
        <ele>97.59999847412109375</ele>
        <time>2026-03-16T06:49:59.000Z</time>
        <extensions>
          <ns3:TrackPointExtension>
            <ns3:atemp>23.0</ns3:atemp>
            <ns3:hr>120</ns3:hr>
          </ns3:TrackPointExtension>
        </extensions>
      </trkpt>
      <trkpt lat="60.00088079832494258880615234375" lon="30.38615978322923183441162109375">
        <ele>97.59999847412109375</ele>
        <time>2026-03-16T06:50:00.000Z</time>
        <extensions>
          <ns3:TrackPointExtension>
            <ns3:atemp>23.0</ns3:atemp>
            <ns3:hr>127</ns3:hr>
          </ns3:TrackPointExtension>
        </extensions>
      </trkpt>
      <trkpt lat="60.00079982914030551910400390625" lon="30.38611100055277347564697265625">
        <ele>97.59999847412109375</ele>
        <time>2026-03-16T06:50:02.000Z</time>
        <extensions>
          <ns3:TrackPointExtension>
            <ns3:atemp>23.0</ns3:atemp>
            <ns3:hr>134</ns3:hr>
          </ns3:TrackPointExtension>
        </extensions>
      </trkpt>
      <trkpt lat="60.000767223536968231201171875" lon="30.386113263666629791259765625">
        <ele>97.8000030517578125</ele>
        <time>2026-03-16T06:50:03.000Z</time>
        <extensions>
          <ns3:TrackPointExtension>
            <ns3:atemp>23.0</ns3:atemp>
            <ns3:hr>139</ns3:hr>
          </ns3:TrackPointExtension>
        </extensions>
      </trkpt>
      <trkpt lat="60.0007380545139312744140625" lon="30.386097840964794158935546875">
        <ele>97.59999847412109375</ele>
        <time>2026-03-16T06:50:04.000Z</time>
        <extensions>
          <ns3:TrackPointExtension>
            <ns3:atemp>23.0</ns3:atemp>
            <ns3:hr>144</ns3:hr>
          </ns3:TrackPointExtension>
        </extensions>
      </trkpt>
      <trkpt lat="60.00065691769123077392578125" lon="30.38602500222623348236083984375">
        <ele>97.59999847412109375</ele>
        <time>2026-03-16T06:50:06.000Z</time>
        <extensions>
          <ns3:TrackPointExtension>
            <ns3:atemp>23.0</ns3:atemp>
            <ns3:hr>147</ns3:hr>
          </ns3:TrackPointExtension>
        </extensions>
      </trkpt>
      <trkpt lat="60.0005732662975788116455078125" lon="30.3859286941587924957275390625">
        <ele>97.59999847412109375</ele>
        <time>2026-03-16T06:50:08.000Z</time>
        <extensions>
          <ns3:TrackPointExtension>
            <ns3:atemp>23.0</ns3:atemp>
            <ns3:hr>151</ns3:hr>
          </ns3:TrackPointExtension>
        </extensions>
      </trkpt>
      <trkpt lat="60.00047293491661548614501953125" lon="30.3858069889247417449951171875">
        <ele>97.59999847412109375</ele>
        <time>2026-03-16T06:50:11.000Z</time>
        <extensions>
          <ns3:TrackPointExtension>
            <ns3:atemp>23.0</ns3:atemp>
            <ns3:hr>153</ns3:hr>
          </ns3:TrackPointExtension>
        </extensions>
      </trkpt>
      <trkpt lat="60.000385344028472900390625" lon="30.385717637836933135986328125">
        <ele>98</ele>
        <time>2026-03-16T06:50:14.000Z</time>
        <extensions>
          <ns3:TrackPointExtension>
            <ns3:atemp>23.0</ns3:atemp>
            <ns3:hr>153</ns3:hr>
          </ns3:TrackPointExtension>
        </extensions>
      </trkpt>
      <trkpt lat="60.0001752935349941253662109375" lon="30.3855189867317676544189453125">
        <ele>97.8000030517578125</ele>
        <time>2026-03-16T06:50:21.000Z</time>
        <extensions>
          <ns3:TrackPointExtension>
            <ns3:atemp>23.0</ns3:atemp>
            <ns3:hr>153</ns3:hr>
          </ns3:TrackPointExtension>
        </extensions>
      </trkpt>
      <trkpt lat="60.0000110082328319549560546875" lon="30.38532192818820476531982421875">
        <ele>97.40000152587890625</ele>
        <time>2026-03-16T06:50:26.000Z</time>
        <extensions>
          <ns3:TrackPointExtension>
            <ns3:atemp>23.0</ns3:atemp>
            <ns3:hr>156</ns3:hr>
          </ns3:TrackPointExtension>
        </extensions>
      </trkpt>
      <trkpt lat="59.99981445260345935821533203125" lon="30.38508689962327480316162109375">
        <ele>97.1999969482421875</ele>
        <time>2026-03-16T06:50:32.000Z</time>
        <extensions>
          <ns3:TrackPointExtension>
            <ns3:atemp>23.0</ns3:atemp>
            <ns3:hr>154</ns3:hr>
          </ns3:TrackPointExtension>
        </extensions>
      </trkpt>
      <trkpt lat="59.99972308985888957977294921875" lon="30.384763441979885101318359375">
        <ele>96.8000030517578125</ele>
        <time>2026-03-16T06:50:38.000Z</time>
        <extensions>
          <ns3:TrackPointExtension>
            <ns3:atemp>23.0</ns3:atemp>
            <ns3:hr>153</ns3:hr>
          </ns3:TrackPointExtension>
        </extensions>
      </trkpt>
      <trkpt lat="59.99951429665088653564453125" lon="30.384577699005603790283203125">
        <ele>96.59999847412109375</ele>
        <time>2026-03-16T06:50:45.000Z</time>
        <extensions>
          <ns3:TrackPointExtension>
            <ns3:atemp>22.0</ns3:atemp>
            <ns3:hr>152</ns3:hr>
          </ns3:TrackPointExtension>
        </extensions>
      </trkpt>
      <trkpt lat="59.99945252202451229095458984375" lon="30.3845483623445034027099609375">
        <ele>96.59999847412109375</ele>
        <time>2026-03-16T06:50:47.000Z</time>
        <extensions>
          <ns3:TrackPointExtension>
            <ns3:atemp>22.0</ns3:atemp>
            <ns3:hr>147</ns3:hr>
          </ns3:TrackPointExtension>
        </extensions>
      </trkpt>
      <trkpt lat="59.9994034878909587860107421875" lon="30.38453050889074802398681640625">
        <ele>96.59999847412109375</ele>
        <time>2026-03-16T06:50:49.000Z</time>
        <extensions>
          <ns3:TrackPointExtension>
            <ns3:atemp>22.0</ns3:atemp>
            <ns3:hr>144</ns3:hr>
          </ns3:TrackPointExtension>
        </extensions>
      </trkpt>
      <trkpt lat="59.9993567168712615966796875" lon="30.38440704345703125">
        <ele>96.40000152587890625</ele>
        <time>2026-03-16T06:50:52.000Z</time>
        <extensions>
          <ns3:TrackPointExtension>
            <ns3:atemp>22.0</ns3:atemp>
            <ns3:hr>142</ns3:hr>
          </ns3:TrackPointExtension>
        </extensions>
      </trkpt>
      <trkpt lat="59.9993218481540679931640625" lon="30.38417913950979709625244140625">
        <ele>96</ele>
        <time>2026-03-16T06:50:56.000Z</time>
        <extensions>
          <ns3:TrackPointExtension>
            <ns3:atemp>22.0</ns3:atemp>
            <ns3:hr>139</ns3:hr>
          </ns3:TrackPointExtension>
        </extensions>
      </trkpt>
      <trkpt lat="59.99929930083453655242919921875" lon="30.38404888473451137542724609375">
        <ele>95.8000030517578125</ele>
        <time>2026-03-16T06:50:59.000Z</time>
        <extensions>
          <ns3:TrackPointExtension>
            <ns3:atemp>22.0</ns3:atemp>
            <ns3:hr>137</ns3:hr>
          </ns3:TrackPointExtension>
        </extensions>
      </trkpt>
      <trkpt lat="59.99930215068161487579345703125" lon="30.3839787282049655914306640625">
        <ele>96</ele>
        <time>2026-03-16T06:51:04.000Z</time>
        <extensions>
          <ns3:TrackPointExtension>
            <ns3:atemp>22.0</ns3:atemp>
            <ns3:hr>138</ns3:hr>
          </ns3:TrackPointExtension>
        </extensions>
      </trkpt>
      <trkpt lat="59.99930114485323429107666015625" lon="30.38397294469177722930908203125">
        <ele>96</ele>
        <time>2026-03-16T06:51:06.000Z</time>
        <extensions>
          <ns3:TrackPointExtension>
            <ns3:atemp>22.0</ns3:atemp>
            <ns3:hr>140</ns3:hr>
          </ns3:TrackPointExtension>
        </extensions>
      </trkpt>
      <trkpt lat="59.99932922422885894775390625" lon="30.384037904441356658935546875">
        <ele>95.8000030517578125</ele>
        <time>2026-03-16T06:51:14.000Z</time>
        <extensions>
          <ns3:TrackPointExtension>
            <ns3:atemp>22.0</ns3:atemp>
            <ns3:hr>137</ns3:hr>
          </ns3:TrackPointExtension>
        </extensions>
      </trkpt>
      <trkpt lat="59.999340288341045379638671875" lon="30.38405994884669780731201171875">
        <ele>95.8000030517578125</ele>
        <time>2026-03-16T06:51:19.000Z</time>
        <extensions>
          <ns3:TrackPointExtension>
            <ns3:atemp>22.0</ns3:atemp>
            <ns3:hr>140</ns3:hr>
          </ns3:TrackPointExtension>
        </extensions>
      </trkpt>
      <trkpt lat="59.9993485026061534881591796875" lon="30.384056679904460906982421875">
        <ele>95.59999847412109375</ele>
        <time>2026-03-16T06:51:22.000Z</time>
        <extensions>
          <ns3:TrackPointExtension>
            <ns3:atemp>22.0</ns3:atemp>
            <ns3:hr>141</ns3:hr>
          </ns3:TrackPointExtension>
        </extensions>
      </trkpt>
      <trkpt lat="59.9993585608899593353271484375" lon="30.38403916172683238983154296875">
        <ele>95.59999847412109375</ele>
        <time>2026-03-16T06:51:23.000Z</time>
        <extensions>
          <ns3:TrackPointExtension>
            <ns3:atemp>22.0</ns3:atemp>
            <ns3:hr>141</ns3:hr>
          </ns3:TrackPointExtension>
        </extensions>
      </trkpt>
      <trkpt lat="59.999405331909656524658203125" lon="30.38395576179027557373046875">
        <ele>95.59999847412109375</ele>
        <time>2026-03-16T06:51:27.000Z</time>
        <extensions>
          <ns3:TrackPointExtension>
            <ns3:atemp>22.0</ns3:atemp>
            <ns3:hr>141</ns3:hr>
          </ns3:TrackPointExtension>
        </extensions>
      </trkpt>
      <trkpt lat="59.99940809793770313262939453125" lon="30.38393690250813961029052734375">
        <ele>95.59999847412109375</ele>
        <time>2026-03-16T06:51:28.000Z</time>
        <extensions>
          <ns3:TrackPointExtension>
            <ns3:atemp>22.0</ns3:atemp>
            <ns3:hr>138</ns3:hr>
          </ns3:TrackPointExtension>
        </extensions>
      </trkpt>
      <trkpt lat="59.9994065053761005401611328125" lon="30.38389331661164760589599609375">
        <ele>95.1999969482421875</ele>
        <time>2026-03-16T06:51:30.000Z</time>
        <extensions>
          <ns3:TrackPointExtension>
            <ns3:atemp>22.0</ns3:atemp>
            <ns3:hr>134</ns3:hr>
          </ns3:TrackPointExtension>
        </extensions>
      </trkpt>
      <trkpt lat="59.9993538670241832733154296875" lon="30.38386523723602294921875">
        <ele>95</ele>
        <time>2026-03-16T06:51:32.000Z</time>
        <extensions>
          <ns3:TrackPointExtension>
            <ns3:atemp>22.0</ns3:atemp>
            <ns3:hr>137</ns3:hr>
          </ns3:TrackPointExtension>
        </extensions>
      </trkpt>
      <trkpt lat="59.99931044876575469970703125" lon="30.38385157473385334014892578125">
        <ele>95.59999847412109375</ele>
        <time>2026-03-16T06:51:33.000Z</time>
        <extensions>
          <ns3:TrackPointExtension>
            <ns3:atemp>22.0</ns3:atemp>
            <ns3:hr>138</ns3:hr>
          </ns3:TrackPointExtension>
        </extensions>
      </trkpt>
      <trkpt lat="59.99915278516709804534912109375" lon="30.38367421366274356842041015625">
        <ele>95.40000152587890625</ele>
        <time>2026-03-16T06:51:38.000Z</time>
        <extensions>
          <ns3:TrackPointExtension>
            <ns3:atemp>22.0</ns3:atemp>
            <ns3:hr>137</ns3:hr>
          </ns3:TrackPointExtension>
        </extensions>
      </trkpt>
      <trkpt lat="59.998964108526706695556640625" lon="30.3834392689168453216552734375">
        <ele>95.1999969482421875</ele>
        <time>2026-03-16T06:51:43.000Z</time>
        <extensions>
          <ns3:TrackPointExtension>
            <ns3:atemp>22.0</ns3:atemp>
            <ns3:hr>136</ns3:hr>
          </ns3:TrackPointExtension>
        </extensions>
      </trkpt>
      <trkpt lat="59.9987433291971683502197265625" lon="30.38292386569082736968994140625">
        <ele>95</ele>
        <time>2026-03-16T06:51:50.000Z</time>
        <extensions>
          <ns3:TrackPointExtension>
            <ns3:atemp>22.0</ns3:atemp>
            <ns3:hr>138</ns3:hr>
          </ns3:TrackPointExtension>
        </extensions>
      </trkpt>
      <trkpt lat="59.9986792914569377899169921875" lon="30.3828045912086963653564453125">
        <ele>95.40000152587890625</ele>
        <time>2026-03-16T06:51:52.000Z</time>
        <extensions>
          <ns3:TrackPointExtension>
            <ns3:atemp>22.0</ns3:atemp>
            <ns3:hr>141</ns3:hr>
          </ns3:TrackPointExtension>
        </extensions>
      </trkpt>
      <trkpt lat="59.99861164949834346771240234375" lon="30.382712893187999725341796875">
        <ele>95.8000030517578125</ele>
        <time>2026-03-16T06:51:54.000Z</time>
        <extensions>
          <ns3:TrackPointExtension>
            <ns3:atemp>22.0</ns3:atemp>
            <ns3:hr>138</ns3:hr>
          </ns3:TrackPointExtension>
        </extensions>
      </trkpt>
      <trkpt lat="59.998577870428562164306640625" lon="30.3826718218624591827392578125">
        <ele>96</ele>
        <time>2026-03-16T06:51:55.000Z</time>
        <extensions>
          <ns3:TrackPointExtension>
            <ns3:atemp>22.0</ns3:atemp>
            <ns3:hr>139</ns3:hr>
          </ns3:TrackPointExtension>
        </extensions>
      </trkpt>
      <trkpt lat="59.9983772076666355133056640625" lon="30.3823269903659820556640625">
        <ele>96</ele>
        <time>2026-03-16T06:52:01.000Z</time>
        <extensions>
          <ns3:TrackPointExtension>
            <ns3:atemp>22.0</ns3:atemp>
            <ns3:hr>137</ns3:hr>
          </ns3:TrackPointExtension>
        </extensions>
      </trkpt>
      <trkpt lat="59.9982591904699802398681640625" lon="30.38211149163544178009033203125">
        <ele>96</ele>
        <time>2026-03-16T06:52:04.000Z</time>
        <extensions>
          <ns3:TrackPointExtension>
            <ns3:atemp>22.0</ns3:atemp>
            <ns3:hr>139</ns3:hr>
          </ns3:TrackPointExtension>
        </extensions>
      </trkpt>
      <trkpt lat="59.99819389544427394866943359375" lon="30.382009483873844146728515625">
        <ele>96.40000152587890625</ele>
        <time>2026-03-16T06:52:06.000Z</time>
        <extensions>
          <ns3:TrackPointExtension>
            <ns3:atemp>22.0</ns3:atemp>
            <ns3:hr>140</ns3:hr>
          </ns3:TrackPointExtension>
        </extensions>
      </trkpt>
      <trkpt lat="59.998062886297702789306640625" lon="30.38183254189789295196533203125">
        <ele>96.40000152587890625</ele>
        <time>2026-03-16T06:52:10.000Z</time>
        <extensions>
          <ns3:TrackPointExtension>
            <ns3:atemp>22.0</ns3:atemp>
            <ns3:hr>143</ns3:hr>
          </ns3:TrackPointExtension>
        </extensions>
      </trkpt>
      <trkpt lat="59.99801150523126125335693359375" lon="30.3818200528621673583984375">
        <ele>96.1999969482421875</ele>
        <time>2026-03-16T06:52:12.000Z</time>
        <extensions>
          <ns3:TrackPointExtension>
            <ns3:atemp>22.0</ns3:atemp>
            <ns3:hr>141</ns3:hr>
          </ns3:TrackPointExtension>
        </extensions>
      </trkpt>
      <trkpt lat="59.9978162907063961029052734375" lon="30.38175090216100215911865234375">
        <ele>95.8000030517578125</ele>
        <time>2026-03-16T06:52:18.000Z</time>
        <extensions>
          <ns3:TrackPointExtension>
            <ns3:atemp>22.0</ns3:atemp>
            <ns3:hr>140</ns3:hr>
          </ns3:TrackPointExtension>
        </extensions>
      </trkpt>
      <trkpt lat="59.99761889688670635223388671875" lon="30.38163338787853717803955078125">
        <ele>95.8000030517578125</ele>
        <time>2026-03-16T06:52:22.000Z</time>
        <extensions>
          <ns3:TrackPointExtension>
            <ns3:atemp>22.0</ns3:atemp>
            <ns3:hr>139</ns3:hr>
          </ns3:TrackPointExtension>
        </extensions>
      </trkpt>
      <trkpt lat="59.9973542802035808563232421875" lon="30.3815446235239505767822265625">
        <ele>95.40000152587890625</ele>
        <time>2026-03-16T06:52:27.000Z</time>
        <extensions>
          <ns3:TrackPointExtension>
            <ns3:atemp>22.0</ns3:atemp>
            <ns3:hr>136</ns3:hr>
          </ns3:TrackPointExtension>
        </extensions>
      </trkpt>
      <trkpt lat="59.99729116447269916534423828125" lon="30.38143205456435680389404296875">
        <ele>95</ele>
        <time>2026-03-16T06:52:29.000Z</time>
        <extensions>
          <ns3:TrackPointExtension>
            <ns3:atemp>22.0</ns3:atemp>
            <ns3:hr>135</ns3:hr>
          </ns3:TrackPointExtension>
        </extensions>
      </trkpt>
      <trkpt lat="59.99708957970142364501953125" lon="30.381164252758026123046875">
        <ele>94.40000152587890625</ele>
        <time>2026-03-16T06:52:35.000Z</time>
        <extensions>
          <ns3:TrackPointExtension>
            <ns3:atemp>22.0</ns3:atemp>
            <ns3:hr>135</ns3:hr>
          </ns3:TrackPointExtension>
        </extensions>
      </trkpt>
      <trkpt lat="59.997053034603595733642578125" lon="30.3811231814324855804443359375">
        <ele>94.1999969482421875</ele>
        <time>2026-03-16T06:52:36.000Z</time>
        <extensions>
          <ns3:TrackPointExtension>
            <ns3:atemp>22.0</ns3:atemp>
            <ns3:hr>136</ns3:hr>
          </ns3:TrackPointExtension>
        </extensions>
      </trkpt>
      <trkpt lat="59.99685463495552539825439453125" lon="30.38093433715403079986572265625">
        <ele>94.1999969482421875</ele>
        <time>2026-03-16T06:52:41.000Z</time>
        <extensions>
          <ns3:TrackPointExtension>
            <ns3:atemp>22.0</ns3:atemp>
            <ns3:hr>138</ns3:hr>
          </ns3:TrackPointExtension>
        </extensions>
      </trkpt>
      <trkpt lat="59.99680937267839908599853515625" lon="30.38092344067990779876708984375">
        <ele>94.1999969482421875</ele>
        <time>2026-03-16T06:52:42.000Z</time>
        <extensions>
          <ns3:TrackPointExtension>
            <ns3:atemp>22.0</ns3:atemp>
            <ns3:hr>141</ns3:hr>
          </ns3:TrackPointExtension>
        </extensions>
      </trkpt>
      <trkpt lat="59.99664072878658771514892578125" lon="30.38076049648225307464599609375">
        <ele>94</ele>
        <time>2026-03-16T06:52:46.000Z</time>
        <extensions>
          <ns3:TrackPointExtension>
            <ns3:atemp>22.0</ns3:atemp>
            <ns3:hr>141</ns3:hr>
          </ns3:TrackPointExtension>
        </extensions>
      </trkpt>
      <trkpt lat="59.9966047704219818115234375" lon="30.38067148067057132720947265625">
        <ele>94.1999969482421875</ele>
        <time>2026-03-16T06:52:47.000Z</time>
        <extensions>
          <ns3:TrackPointExtension>
            <ns3:atemp>22.0</ns3:atemp>
            <ns3:hr>141</ns3:hr>
          </ns3:TrackPointExtension>
        </extensions>
      </trkpt>
      <trkpt lat="59.99637342989444732666015625" lon="30.3804266452789306640625">
        <ele>94.59999847412109375</ele>
        <time>2026-03-16T06:52:53.000Z</time>
        <extensions>
          <ns3:TrackPointExtension>
            <ns3:atemp>21.0</ns3:atemp>
            <ns3:hr>142</ns3:hr>
          </ns3:TrackPointExtension>
        </extensions>
      </trkpt>
      <trkpt lat="59.99626211822032928466796875" lon="30.3803285770118236541748046875">
        <ele>94.59999847412109375</ele>
        <time>2026-03-16T06:52:58.000Z</time>
        <extensions>
          <ns3:TrackPointExtension>
            <ns3:atemp>21.0</ns3:atemp>
            <ns3:hr>139</ns3:hr>
          </ns3:TrackPointExtension>
        </extensions>
      </trkpt>
      <trkpt lat="59.996211491525173187255859375" lon="30.38031424395740032196044921875">
        <ele>94.59999847412109375</ele>
        <time>2026-03-16T06:53:00.000Z</time>
        <extensions>
          <ns3:TrackPointExtension>
            <ns3:atemp>21.0</ns3:atemp>
            <ns3:hr>142</ns3:hr>
          </ns3:TrackPointExtension>
        </extensions>
      </trkpt>
      <trkpt lat="59.9960460327565670013427734375" lon="30.380095057189464569091796875">
        <ele>94.1999969482421875</ele>
        <time>2026-03-16T06:53:05.000Z</time>
        <extensions>
          <ns3:TrackPointExtension>
            <ns3:atemp>21.0</ns3:atemp>
            <ns3:hr>142</ns3:hr>
          </ns3:TrackPointExtension>
        </extensions>
      </trkpt>
      <trkpt lat="59.9958076514303684234619140625" lon="30.3798915445804595947265625">
        <ele>93.8000030517578125</ele>
        <time>2026-03-16T06:53:10.000Z</time>
        <extensions>
          <ns3:TrackPointExtension>
            <ns3:atemp>21.0</ns3:atemp>
            <ns3:hr>138</ns3:hr>
          </ns3:TrackPointExtension>
        </extensions>
      </trkpt>
      <trkpt lat="59.9957714416086673736572265625" lon="30.37983119487762451171875">
        <ele>93.8000030517578125</ele>
        <time>2026-03-16T06:53:11.000Z</time>
        <extensions>
          <ns3:TrackPointExtension>
            <ns3:atemp>21.0</ns3:atemp>
            <ns3:hr>138</ns3:hr>
          </ns3:TrackPointExtension>
        </extensions>
      </trkpt>
      <trkpt lat="59.99564998783171176910400390625" lon="30.37979473359882831573486328125">
        <ele>93.59999847412109375</ele>
        <time>2026-03-16T06:53:14.000Z</time>
        <extensions>
          <ns3:TrackPointExtension>
            <ns3:atemp>21.0</ns3:atemp>
            <ns3:hr>143</ns3:hr>
          </ns3:TrackPointExtension>
        </extensions>
      </trkpt>
      <trkpt lat="59.9956101737916469573974609375" lon="30.379764139652252197265625">
        <ele>93.59999847412109375</ele>
        <time>2026-03-16T06:53:15.000Z</time>
        <extensions>
          <ns3:TrackPointExtension>
            <ns3:atemp>21.0</ns3:atemp>
            <ns3:hr>143</ns3:hr>
          </ns3:TrackPointExtension>
        </extensions>
      </trkpt>
      <trkpt lat="59.99557605944573879241943359375" lon="30.3797413408756256103515625">
        <ele>93.59999847412109375</ele>
        <time>2026-03-16T06:53:16.000Z</time>
        <extensions>
          <ns3:TrackPointExtension>
            <ns3:atemp>21.0</ns3:atemp>
            <ns3:hr>143</ns3:hr>
          </ns3:TrackPointExtension>
        </extensions>
      </trkpt>
      <trkpt lat="59.9955414421856403350830078125" lon="30.37969733588397502899169921875">
        <ele>93.59999847412109375</ele>
        <time>2026-03-16T06:53:17.000Z</time>
        <extensions>
          <ns3:TrackPointExtension>
            <ns3:atemp>21.0</ns3:atemp>
            <ns3:hr>143</ns3:hr>
          </ns3:TrackPointExtension>
        </extensions>
      </trkpt>
      <trkpt lat="59.99533633701503276824951171875" lon="30.3794048912823200225830078125">
        <ele>93.8000030517578125</ele>
        <time>2026-03-16T06:53:23.000Z</time>
        <extensions>
          <ns3:TrackPointExtension>
            <ns3:atemp>21.0</ns3:atemp>
            <ns3:hr>144</ns3:hr>
          </ns3:TrackPointExtension>
        </extensions>
      </trkpt>
      <trkpt lat="59.99516920186579227447509765625" lon="30.37931143306195735931396484375">
        <ele>93.40000152587890625</ele>
        <time>2026-03-16T06:53:28.000Z</time>
        <extensions>
          <ns3:TrackPointExtension>
            <ns3:atemp>21.0</ns3:atemp>
            <ns3:hr>144</ns3:hr>
          </ns3:TrackPointExtension>
        </extensions>
      </trkpt>
      <trkpt lat="59.9949942715466022491455078125" lon="30.37908093072474002838134765625">
        <ele>93.8000030517578125</ele>
        <time>2026-03-16T06:53:34.000Z</time>
        <extensions>
          <ns3:TrackPointExtension>
            <ns3:atemp>21.0</ns3:atemp>
            <ns3:hr>143</ns3:hr>
          </ns3:TrackPointExtension>
        </extensions>
      </trkpt>
      <trkpt lat="59.99478531070053577423095703125" lon="30.3788466565310955047607421875">
        <ele>93.8000030517578125</ele>
        <time>2026-03-16T06:53:39.000Z</time>
        <extensions>
          <ns3:TrackPointExtension>
            <ns3:atemp>21.0</ns3:atemp>
            <ns3:hr>140</ns3:hr>
          </ns3:TrackPointExtension>
        </extensions>
      </trkpt>
      <trkpt lat="59.99464080668985843658447265625" lon="30.37872235290706157684326171875">
        <ele>93</ele>
        <time>2026-03-16T06:53:42.000Z</time>
        <extensions>
          <ns3:TrackPointExtension>
            <ns3:atemp>21.0</ns3:atemp>
            <ns3:hr>142</ns3:hr>
          </ns3:TrackPointExtension>
        </extensions>
      </trkpt>
      <trkpt lat="59.994539134204387664794921875" lon="30.37864054553210735321044921875">
        <ele>92.8000030517578125</ele>
        <time>2026-03-16T06:53:44.000Z</time>
        <extensions>
          <ns3:TrackPointExtension>
            <ns3:atemp>21.0</ns3:atemp>
            <ns3:hr>139</ns3:hr>
          </ns3:TrackPointExtension>
        </extensions>
      </trkpt>
      <trkpt lat="59.99441483058035373687744140625" lon="30.37850995548069477081298828125">
        <ele>92</ele>
        <time>2026-03-16T06:53:49.000Z</time>
        <extensions>
          <ns3:TrackPointExtension>
            <ns3:atemp>21.0</ns3:atemp>
            <ns3:hr>142</ns3:hr>
          </ns3:TrackPointExtension>
        </extensions>
      </trkpt>
      <trkpt lat="59.9943981505930423736572265625" lon="30.37850442342460155487060546875">
        <ele>91.8000030517578125</ele>
        <time>2026-03-16T06:53:50.000Z</time>
        <extensions>
          <ns3:TrackPointExtension>
            <ns3:atemp>21.0</ns3:atemp>
            <ns3:hr>143</ns3:hr>
          </ns3:TrackPointExtension>
        </extensions>
      </trkpt>
      <trkpt lat="59.9943535588681697845458984375" lon="30.37847860716283321380615234375">
        <ele>91.59999847412109375</ele>
        <time>2026-03-16T06:53:54.000Z</time>
        <extensions>
          <ns3:TrackPointExtension>
            <ns3:atemp>21.0</ns3:atemp>
            <ns3:hr>143</ns3:hr>
          </ns3:TrackPointExtension>
        </extensions>
      </trkpt>
      <trkpt lat="59.994310475885868072509765625" lon="30.37848715670406818389892578125">
        <ele>91.1999969482421875</ele>
        <time>2026-03-16T06:53:58.000Z</time>
        <extensions>
          <ns3:TrackPointExtension>
            <ns3:atemp>21.0</ns3:atemp>
            <ns3:hr>143</ns3:hr>
          </ns3:TrackPointExtension>
        </extensions>
      </trkpt>
      <trkpt lat="59.99427719973027706146240234375" lon="30.3784914314746856689453125">
        <ele>91.1999969482421875</ele>
        <time>2026-03-16T06:54:00.000Z</time>
        <extensions>
          <ns3:TrackPointExtension>
            <ns3:atemp>21.0</ns3:atemp>
            <ns3:hr>143</ns3:hr>
          </ns3:TrackPointExtension>
        </extensions>
      </trkpt>
      <trkpt lat="59.99422875232994556427001953125" lon="30.3785093687474727630615234375">
        <ele>91</ele>
        <time>2026-03-16T06:54:02.000Z</time>
        <extensions>
          <ns3:TrackPointExtension>
            <ns3:atemp>21.0</ns3:atemp>
            <ns3:hr>142</ns3:hr>
          </ns3:TrackPointExtension>
        </extensions>
      </trkpt>
      <trkpt lat="59.9941403232514858245849609375" lon="30.378471650183200836181640625">
        <ele>91.1999969482421875</ele>
        <time>2026-03-16T06:54:05.000Z</time>
        <extensions>
          <ns3:TrackPointExtension>
            <ns3:atemp>21.0</ns3:atemp>
            <ns3:hr>144</ns3:hr>
          </ns3:TrackPointExtension>
        </extensions>
      </trkpt>
      <trkpt lat="59.99391292221844196319580078125" lon="30.3782656230032444000244140625">
        <ele>92</ele>
        <time>2026-03-16T06:54:10.000Z</time>
        <extensions>
          <ns3:TrackPointExtension>
            <ns3:atemp>20.0</ns3:atemp>
            <ns3:hr>144</ns3:hr>
          </ns3:TrackPointExtension>
        </extensions>
      </trkpt>
      <trkpt lat="59.99373069964349269866943359375" lon="30.3780661337077617645263671875">
        <ele>92.8000030517578125</ele>
        <time>2026-03-16T06:54:14.000Z</time>
        <extensions>
          <ns3:TrackPointExtension>
            <ns3:atemp>20.0</ns3:atemp>
            <ns3:hr>141</ns3:hr>
          </ns3:TrackPointExtension>
        </extensions>
      </trkpt>
      <trkpt lat="59.99343448318541049957275390625" lon="30.37777989171445369720458984375">
        <ele>93.59999847412109375</ele>
        <time>2026-03-16T06:54:19.000Z</time>
        <extensions>
          <ns3:TrackPointExtension>
            <ns3:atemp>20.0</ns3:atemp>
            <ns3:hr>141</ns3:hr>
          </ns3:TrackPointExtension>
        </extensions>
      </trkpt>
      <trkpt lat="59.99323130585253238677978515625" lon="30.3775783069431781768798828125">
        <ele>94.40000152587890625</ele>
        <time>2026-03-16T06:54:25.000Z</time>
        <extensions>
          <ns3:TrackPointExtension>
            <ns3:atemp>20.0</ns3:atemp>
            <ns3:hr>149</ns3:hr>
          </ns3:TrackPointExtension>
        </extensions>
      </trkpt>
      <trkpt lat="59.98893809504806995391845703125" lon="30.3696091286838054656982421875">
        <ele>89.40000152587890625</ele>
        <time>2026-03-16T06:56:31.000Z</time>
        <extensions>
          <ns3:TrackPointExtension>
            <ns3:atemp>19.0</ns3:atemp>
            <ns3:hr>152</ns3:hr>
          </ns3:TrackPointExtension>
        </extensions>
      </trkpt>
      <trkpt lat="59.9889522604644298553466796875" lon="30.36960250698029994964599609375">
        <ele>89.40000152587890625</ele>
        <time>2026-03-16T06:56:32.000Z</time>
        <extensions>
          <ns3:TrackPointExtension>
            <ns3:atemp>19.0</ns3:atemp>
            <ns3:hr>152</ns3:hr>
          </ns3:TrackPointExtension>
        </extensions>
      </trkpt>
      <trkpt lat="59.98893641866743564605712890625" lon="30.36956881172955036163330078125">
        <ele>89.40000152587890625</ele>
        <time>2026-03-16T06:56:33.000Z</time>
        <extensions>
          <ns3:TrackPointExtension>
            <ns3:atemp>18.0</ns3:atemp>
            <ns3:hr>151</ns3:hr>
          </ns3:TrackPointExtension>
        </extensions>
      </trkpt>
      <trkpt lat="59.9888553656637668609619140625" lon="30.36938893608748912811279296875">
        <ele>88.8000030517578125</ele>
        <time>2026-03-16T06:56:36.000Z</time>
        <extensions>
          <ns3:TrackPointExtension>
            <ns3:atemp>18.0</ns3:atemp>
            <ns3:hr>151</ns3:hr>
          </ns3:TrackPointExtension>
        </extensions>
      </trkpt>
      <trkpt lat="59.988842122256755828857421875" lon="30.36934719420969486236572265625">
        <ele>88.59999847412109375</ele>
        <time>2026-03-16T06:56:37.000Z</time>
        <extensions>
          <ns3:TrackPointExtension>
            <ns3:atemp>18.0</ns3:atemp>
            <ns3:hr>151</ns3:hr>
          </ns3:TrackPointExtension>
        </extensions>
      </trkpt>
      <trkpt lat="59.9888010509312152862548828125" lon="30.36923839710652828216552734375">
        <ele>88.40000152587890625</ele>
        <time>2026-03-16T06:56:39.000Z</time>
        <extensions>
          <ns3:TrackPointExtension>
            <ns3:atemp>18.0</ns3:atemp>
            <ns3:hr>152</ns3:hr>
          </ns3:TrackPointExtension>
        </extensions>
      </trkpt>
      <trkpt lat="59.988756962120532989501953125" lon="30.36915139295160770416259765625">
        <ele>88.40000152587890625</ele>
        <time>2026-03-16T06:56:43.000Z</time>
        <extensions>
          <ns3:TrackPointExtension>
            <ns3:atemp>18.0</ns3:atemp>
            <ns3:hr>155</ns3:hr>
          </ns3:TrackPointExtension>
        </extensions>
      </trkpt>
      <trkpt lat="59.98869434930384159088134765625" lon="30.368967913091182708740234375">
        <ele>88.1999969482421875</ele>
        <time>2026-03-16T06:56:46.000Z</time>
        <extensions>
          <ns3:TrackPointExtension>
            <ns3:atemp>18.0</ns3:atemp>
            <ns3:hr>158</ns3:hr>
          </ns3:TrackPointExtension>
        </extensions>
      </trkpt>
      <trkpt lat="59.9886386096477508544921875" lon="30.3688135184347629547119140625">
        <ele>88</ele>
        <time>2026-03-16T06:56:48.000Z</time>
        <extensions>
          <ns3:TrackPointExtension>
            <ns3:atemp>18.0</ns3:atemp>
            <ns3:hr>160</ns3:hr>
          </ns3:TrackPointExtension>
        </extensions>
      </trkpt>
      <trkpt lat="59.988502152264118194580078125" lon="30.36835142411291599273681640625">
        <ele>87.8000030517578125</ele>
        <time>2026-03-16T06:56:52.000Z</time>
        <extensions>
          <ns3:TrackPointExtension>
            <ns3:atemp>18.0</ns3:atemp>
            <ns3:hr>160</ns3:hr>
          </ns3:TrackPointExtension>
        </extensions>
      </trkpt>
      <trkpt lat="59.9884590692818164825439453125" lon="30.36818303167819976806640625">
        <ele>87.59999847412109375</ele>
        <time>2026-03-16T06:56:54.000Z</time>
        <extensions>
          <ns3:TrackPointExtension>
            <ns3:atemp>18.0</ns3:atemp>
            <ns3:hr>158</ns3:hr>
          </ns3:TrackPointExtension>
        </extensions>
      </trkpt>
      <trkpt lat="59.98843786306679248809814453125" lon="30.368107259273529052734375">
        <ele>87.59999847412109375</ele>
        <time>2026-03-16T06:56:55.000Z</time>
        <extensions>
          <ns3:TrackPointExtension>
            <ns3:atemp>18.0</ns3:atemp>
            <ns3:hr>158</ns3:hr>
          </ns3:TrackPointExtension>
        </extensions>
      </trkpt>
      <trkpt lat="59.9883725680410861968994140625" lon="30.367931239306926727294921875">
        <ele>87.40000152587890625</ele>
        <time>2026-03-16T06:56:57.000Z</time>
        <extensions>
          <ns3:TrackPointExtension>
            <ns3:atemp>18.0</ns3:atemp>
            <ns3:hr>155</ns3:hr>
          </ns3:TrackPointExtension>
        </extensions>
      </trkpt>
      <trkpt lat="59.9883122183382511138916015625" lon="30.3677624277770519256591796875">
        <ele>87.40000152587890625</ele>
        <time>2026-03-16T06:56:59.000Z</time>
        <extensions>
          <ns3:TrackPointExtension>
            <ns3:atemp>18.0</ns3:atemp>
            <ns3:hr>153</ns3:hr>
          </ns3:TrackPointExtension>
        </extensions>
      </trkpt>
      <trkpt lat="59.98825966380536556243896484375" lon="30.36763259209692478179931640625">
        <ele>87.1999969482421875</ele>
        <time>2026-03-16T06:57:00.000Z</time>
        <extensions>
          <ns3:TrackPointExtension>
            <ns3:atemp>18.0</ns3:atemp>
            <ns3:hr>153</ns3:hr>
          </ns3:TrackPointExtension>
        </extensions>
      </trkpt>
      <trkpt lat="59.9880456738173961639404296875" lon="30.3670194558799266815185546875">
        <ele>86.1999969482421875</ele>
        <time>2026-03-16T06:57:08.000Z</time>
        <extensions>
          <ns3:TrackPointExtension>
            <ns3:atemp>18.0</ns3:atemp>
            <ns3:hr>152</ns3:hr>
          </ns3:TrackPointExtension>
        </extensions>
      </trkpt>
      <trkpt lat="59.9879732541739940643310546875" lon="30.366822145879268646240234375">
        <ele>85.8000030517578125</ele>
        <time>2026-03-16T06:57:11.000Z</time>
        <extensions>
          <ns3:TrackPointExtension>
            <ns3:atemp>18.0</ns3:atemp>
            <ns3:hr>150</ns3:hr>
          </ns3:TrackPointExtension>
        </extensions>
      </trkpt>
      <trkpt lat="59.9877854995429515838623046875" lon="30.3665329702198505401611328125">
        <ele>85</ele>
        <time>2026-03-16T06:57:16.000Z</time>
        <extensions>
          <ns3:TrackPointExtension>
            <ns3:atemp>18.0</ns3:atemp>
            <ns3:hr>148</ns3:hr>
          </ns3:TrackPointExtension>
        </extensions>
      </trkpt>
      <trkpt lat="59.98771249316632747650146484375" lon="30.36642090417444705963134765625">
        <ele>84.59999847412109375</ele>
        <time>2026-03-16T06:57:18.000Z</time>
        <extensions>
          <ns3:TrackPointExtension>
            <ns3:atemp>18.0</ns3:atemp>
            <ns3:hr>148</ns3:hr>
          </ns3:TrackPointExtension>
        </extensions>
      </trkpt>
      <trkpt lat="59.987618029117584228515625" lon="30.36624488420784473419189453125">
        <ele>83.8000030517578125</ele>
        <time>2026-03-16T06:57:21.000Z</time>
        <extensions>
          <ns3:TrackPointExtension>
            <ns3:atemp>18.0</ns3:atemp>
            <ns3:hr>144</ns3:hr>
          </ns3:TrackPointExtension>
        </extensions>
      </trkpt>
      <trkpt lat="59.98754183761775493621826171875" lon="30.36606408655643463134765625">
        <ele>83.40000152587890625</ele>
        <time>2026-03-16T06:57:24.000Z</time>
        <extensions>
          <ns3:TrackPointExtension>
            <ns3:atemp>18.0</ns3:atemp>
            <ns3:hr>142</ns3:hr>
          </ns3:TrackPointExtension>
        </extensions>
      </trkpt>
      <trkpt lat="59.98747612349689006805419921875" lon="30.36594045348465442657470703125">
        <ele>82.8000030517578125</ele>
        <time>2026-03-16T06:57:26.000Z</time>
        <extensions>
          <ns3:TrackPointExtension>
            <ns3:atemp>18.0</ns3:atemp>
            <ns3:hr>141</ns3:hr>
          </ns3:TrackPointExtension>
        </extensions>
      </trkpt>
      <trkpt lat="59.98736263252794742584228515625" lon="30.3657091967761516571044921875">
        <ele>82.40000152587890625</ele>
        <time>2026-03-16T06:57:30.000Z</time>
        <extensions>
          <ns3:TrackPointExtension>
            <ns3:atemp>18.0</ns3:atemp>
            <ns3:hr>144</ns3:hr>
          </ns3:TrackPointExtension>
        </extensions>
      </trkpt>
      <trkpt lat="59.98717873357236385345458984375" lon="30.36547056399285793304443359375">
        <ele>81.59999847412109375</ele>
        <time>2026-03-16T06:57:35.000Z</time>
        <extensions>
          <ns3:TrackPointExtension>
            <ns3:atemp>18.0</ns3:atemp>
            <ns3:hr>144</ns3:hr>
          </ns3:TrackPointExtension>
        </extensions>
      </trkpt>
      <trkpt lat="59.9871353991329669952392578125" lon="30.365446843206882476806640625">
        <ele>81.40000152587890625</ele>
        <time>2026-03-16T06:57:36.000Z</time>
        <extensions>
          <ns3:TrackPointExtension>
            <ns3:atemp>18.0</ns3:atemp>
            <ns3:hr>144</ns3:hr>
          </ns3:TrackPointExtension>
        </extensions>
      </trkpt>
      <trkpt lat="59.98708334751427173614501953125" lon="30.3654205240309238433837890625">
        <ele>81.1999969482421875</ele>
        <time>2026-03-16T06:57:37.000Z</time>
        <extensions>
          <ns3:TrackPointExtension>
            <ns3:atemp>18.0</ns3:atemp>
            <ns3:hr>144</ns3:hr>
          </ns3:TrackPointExtension>
        </extensions>
      </trkpt>
      <trkpt lat="59.98703774996101856231689453125" lon="30.3653846494853496551513671875">
        <ele>81</ele>
        <time>2026-03-16T06:57:38.000Z</time>
        <extensions>
          <ns3:TrackPointExtension>
            <ns3:atemp>18.0</ns3:atemp>
            <ns3:hr>143</ns3:hr>
          </ns3:TrackPointExtension>
        </extensions>
      </trkpt>
      <trkpt lat="59.98690900392830371856689453125" lon="30.36526478826999664306640625">
        <ele>80.8000030517578125</ele>
        <time>2026-03-16T06:57:41.000Z</time>
        <extensions>
          <ns3:TrackPointExtension>
            <ns3:atemp>18.0</ns3:atemp>
            <ns3:hr>143</ns3:hr>
          </ns3:TrackPointExtension>
        </extensions>
      </trkpt>
      <trkpt lat="59.98680875636637210845947265625" lon="30.3651808016002178192138671875">
        <ele>80.59999847412109375</ele>
        <time>2026-03-16T06:57:43.000Z</time>
        <extensions>
          <ns3:TrackPointExtension>
            <ns3:atemp>19.0</ns3:atemp>
            <ns3:hr>143</ns3:hr>
          </ns3:TrackPointExtension>
        </extensions>
      </trkpt>
      <trkpt lat="59.9865855462849140167236328125" lon="30.3650629520416259765625">
        <ele>80.1999969482421875</ele>
        <time>2026-03-16T06:57:47.000Z</time>
        <extensions>
          <ns3:TrackPointExtension>
            <ns3:atemp>19.0</ns3:atemp>
            <ns3:hr>141</ns3:hr>
          </ns3:TrackPointExtension>
        </extensions>
      </trkpt>
      <trkpt lat="59.98630709946155548095703125" lon="30.36489707417786121368408203125">
        <ele>79.40000152587890625</ele>
        <time>2026-03-16T06:57:52.000Z</time>
        <extensions>
          <ns3:TrackPointExtension>
            <ns3:atemp>19.0</ns3:atemp>
            <ns3:hr>141</ns3:hr>
          </ns3:TrackPointExtension>
        </extensions>
      </trkpt>
      <trkpt lat="59.98620308004319667816162109375" lon="30.36484301090240478515625">
        <ele>79</ele>
        <time>2026-03-16T06:57:54.000Z</time>
        <extensions>
          <ns3:TrackPointExtension>
            <ns3:atemp>19.0</ns3:atemp>
            <ns3:hr>142</ns3:hr>
          </ns3:TrackPointExtension>
        </extensions>
      </trkpt>
      <trkpt lat="59.98596520163118839263916015625" lon="30.36465324461460113525390625">
        <ele>78.40000152587890625</ele>
        <time>2026-03-16T06:57:59.000Z</time>
        <extensions>
          <ns3:TrackPointExtension>
            <ns3:atemp>19.0</ns3:atemp>
            <ns3:hr>141</ns3:hr>
          </ns3:TrackPointExtension>
        </extensions>
      </trkpt>
      <trkpt lat="59.98593301512300968170166015625" lon="30.3645964153110980987548828125">
        <ele>78.40000152587890625</ele>
        <time>2026-03-16T06:58:00.000Z</time>
        <extensions>
          <ns3:TrackPointExtension>
            <ns3:atemp>19.0</ns3:atemp>
            <ns3:hr>141</ns3:hr>
          </ns3:TrackPointExtension>
        </extensions>
      </trkpt>
      <trkpt lat="59.98590216971933841705322265625" lon="30.3644120134413242340087890625">
        <ele>78.40000152587890625</ele>
        <time>2026-03-16T06:58:02.000Z</time>
        <extensions>
          <ns3:TrackPointExtension>
            <ns3:atemp>19.0</ns3:atemp>
            <ns3:hr>141</ns3:hr>
          </ns3:TrackPointExtension>
        </extensions>
      </trkpt>
      <trkpt lat="59.98590032570064067840576171875" lon="30.36432073451578617095947265625">
        <ele>78.40000152587890625</ele>
        <time>2026-03-16T06:58:03.000Z</time>
        <extensions>
          <ns3:TrackPointExtension>
            <ns3:atemp>19.0</ns3:atemp>
            <ns3:hr>140</ns3:hr>
          </ns3:TrackPointExtension>
        </extensions>
      </trkpt>
      <trkpt lat="59.98590619303286075592041015625" lon="30.3642383404076099395751953125">
        <ele>78.59999847412109375</ele>
        <time>2026-03-16T06:58:04.000Z</time>
        <extensions>
          <ns3:TrackPointExtension>
            <ns3:atemp>19.0</ns3:atemp>
            <ns3:hr>140</ns3:hr>
          </ns3:TrackPointExtension>
        </extensions>
      </trkpt>
      <trkpt lat="59.98594257049262523651123046875" lon="30.3640676848590373992919921875">
        <ele>78.8000030517578125</ele>
        <time>2026-03-16T06:58:06.000Z</time>
        <extensions>
          <ns3:TrackPointExtension>
            <ns3:atemp>19.0</ns3:atemp>
            <ns3:hr>141</ns3:hr>
          </ns3:TrackPointExtension>
        </extensions>
      </trkpt>
      <trkpt lat="59.985963441431522369384765625" lon="30.3639754839241504669189453125">
        <ele>78.8000030517578125</ele>
        <time>2026-03-16T06:58:07.000Z</time>
        <extensions>
          <ns3:TrackPointExtension>
            <ns3:atemp>19.0</ns3:atemp>
            <ns3:hr>141</ns3:hr>
          </ns3:TrackPointExtension>
        </extensions>
      </trkpt>
      <trkpt lat="59.9859924428164958953857421875" lon="30.36388789303600788116455078125">
        <ele>78.8000030517578125</ele>
        <time>2026-03-16T06:58:08.000Z</time>
        <extensions>
          <ns3:TrackPointExtension>
            <ns3:atemp>19.0</ns3:atemp>
            <ns3:hr>141</ns3:hr>
          </ns3:TrackPointExtension>
        </extensions>
      </trkpt>
      <trkpt lat="59.986126720905303955078125" lon="30.36336201243102550506591796875">
        <ele>79.1999969482421875</ele>
        <time>2026-03-16T06:58:13.000Z</time>
        <extensions>
          <ns3:TrackPointExtension>
            <ns3:atemp>18.0</ns3:atemp>
            <ns3:hr>142</ns3:hr>
          </ns3:TrackPointExtension>
        </extensions>
      </trkpt>
      <trkpt lat="59.98618816025555133819580078125" lon="30.36303712986409664154052734375">
        <ele>79.1999969482421875</ele>
        <time>2026-03-16T06:58:16.000Z</time>
        <extensions>
          <ns3:TrackPointExtension>
            <ns3:atemp>18.0</ns3:atemp>
            <ns3:hr>142</ns3:hr>
          </ns3:TrackPointExtension>
        </extensions>
      </trkpt>
      <trkpt lat="59.986228980123996734619140625" lon="30.3628221340477466583251953125">
        <ele>79.40000152587890625</ele>
        <time>2026-03-16T06:58:18.000Z</time>
        <extensions>
          <ns3:TrackPointExtension>
            <ns3:atemp>18.0</ns3:atemp>
            <ns3:hr>142</ns3:hr>
          </ns3:TrackPointExtension>
        </extensions>
      </trkpt>
      <trkpt lat="59.98626812361180782318115234375" lon="30.3625622950494289398193359375">
        <ele>79.40000152587890625</ele>
        <time>2026-03-16T06:58:21.000Z</time>
        <extensions>
          <ns3:TrackPointExtension>
            <ns3:atemp>18.0</ns3:atemp>
            <ns3:hr>142</ns3:hr>
          </ns3:TrackPointExtension>
        </extensions>
      </trkpt>
      <trkpt lat="59.98629846610128879547119140625" lon="30.36248895339667797088623046875">
        <ele>79.59999847412109375</ele>
        <time>2026-03-16T06:58:22.000Z</time>
        <extensions>
          <ns3:TrackPointExtension>
            <ns3:atemp>18.0</ns3:atemp>
            <ns3:hr>144</ns3:hr>
          </ns3:TrackPointExtension>
        </extensions>
      </trkpt>
      <trkpt lat="59.98636904172599315643310546875" lon="30.36240949295461177825927734375">
        <ele>79.8000030517578125</ele>
        <time>2026-03-16T06:58:24.000Z</time>
        <extensions>
          <ns3:TrackPointExtension>
            <ns3:atemp>18.0</ns3:atemp>
            <ns3:hr>143</ns3:hr>
          </ns3:TrackPointExtension>
        </extensions>
      </trkpt>
      <trkpt lat="59.986420087516307830810546875" lon="30.36227437667548656463623046875">
        <ele>79.8000030517578125</ele>
        <time>2026-03-16T06:58:26.000Z</time>
        <extensions>
          <ns3:TrackPointExtension>
            <ns3:atemp>18.0</ns3:atemp>
            <ns3:hr>145</ns3:hr>
          </ns3:TrackPointExtension>
        </extensions>
      </trkpt>
      <trkpt lat="59.98646677471697330474853515625" lon="30.36187606863677501678466796875">
        <ele>80</ele>
        <time>2026-03-16T06:58:31.000Z</time>
        <extensions>
          <ns3:TrackPointExtension>
            <ns3:atemp>18.0</ns3:atemp>
            <ns3:hr>146</ns3:hr>
          </ns3:TrackPointExtension>
        </extensions>
      </trkpt>
      <trkpt lat="59.98652142472565174102783203125" lon="30.361582450568675994873046875">
        <ele>80</ele>
        <time>2026-03-16T06:58:35.000Z</time>
        <extensions>
          <ns3:TrackPointExtension>
            <ns3:atemp>18.0</ns3:atemp>
            <ns3:hr>147</ns3:hr>
          </ns3:TrackPointExtension>
        </extensions>
      </trkpt>
      <trkpt lat="59.98652662150561809539794921875" lon="30.36149301566183567047119140625">
        <ele>80</ele>
        <time>2026-03-16T06:58:36.000Z</time>
        <extensions>
          <ns3:TrackPointExtension>
            <ns3:atemp>18.0</ns3:atemp>
            <ns3:hr>148</ns3:hr>
          </ns3:TrackPointExtension>
        </extensions>
      </trkpt>
      <trkpt lat="59.98653517104685306549072265625" lon="30.36133208312094211578369140625">
        <ele>80</ele>
        <time>2026-03-16T06:58:38.000Z</time>
        <extensions>
          <ns3:TrackPointExtension>
            <ns3:atemp>18.0</ns3:atemp>
            <ns3:hr>148</ns3:hr>
          </ns3:TrackPointExtension>
        </extensions>
      </trkpt>
      <trkpt lat="59.98655025847256183624267578125" lon="30.36115287803113460540771484375">
        <ele>80</ele>
        <time>2026-03-16T06:58:40.000Z</time>
        <extensions>
          <ns3:TrackPointExtension>
            <ns3:atemp>18.0</ns3:atemp>
            <ns3:hr>149</ns3:hr>
          </ns3:TrackPointExtension>
        </extensions>
      </trkpt>
      <trkpt lat="59.9865754880011081695556640625" lon="30.36091466434299945831298828125">
        <ele>80.1999969482421875</ele>
        <time>2026-03-16T06:58:44.000Z</time>
        <extensions>
          <ns3:TrackPointExtension>
            <ns3:atemp>18.0</ns3:atemp>
            <ns3:hr>147</ns3:hr>
          </ns3:TrackPointExtension>
        </extensions>
      </trkpt>
      <trkpt lat="59.98659552074968814849853515625" lon="30.36054384894669055938720703125">
        <ele>80</ele>
        <time>2026-03-16T06:58:49.000Z</time>
        <extensions>
          <ns3:TrackPointExtension>
            <ns3:atemp>18.0</ns3:atemp>
            <ns3:hr>147</ns3:hr>
          </ns3:TrackPointExtension>
        </extensions>
      </trkpt>
      <trkpt lat="59.9867216683924198150634765625" lon="30.3600691817700862884521484375">
        <ele>79.59999847412109375</ele>
        <time>2026-03-16T06:58:55.000Z</time>
        <extensions>
          <ns3:TrackPointExtension>
            <ns3:atemp>18.0</ns3:atemp>
            <ns3:hr>146</ns3:hr>
          </ns3:TrackPointExtension>
        </extensions>
      </trkpt>
      <trkpt lat="59.98674555681645870208740234375" lon="30.359781347215175628662109375">
        <ele>79.8000030517578125</ele>
        <time>2026-03-16T06:58:59.000Z</time>
        <extensions>
          <ns3:TrackPointExtension>
            <ns3:atemp>18.0</ns3:atemp>
            <ns3:hr>147</ns3:hr>
          </ns3:TrackPointExtension>
        </extensions>
      </trkpt>
      <trkpt lat="59.98676684685051441192626953125" lon="30.35969057120382785797119140625">
        <ele>79.8000030517578125</ele>
        <time>2026-03-16T06:59:01.000Z</time>
        <extensions>
          <ns3:TrackPointExtension>
            <ns3:atemp>18.0</ns3:atemp>
            <ns3:hr>147</ns3:hr>
          </ns3:TrackPointExtension>
        </extensions>
      </trkpt>
      <trkpt lat="59.98681403696537017822265625" lon="30.359396450221538543701171875">
        <ele>79.8000030517578125</ele>
        <time>2026-03-16T06:59:05.000Z</time>
        <extensions>
          <ns3:TrackPointExtension>
            <ns3:atemp>18.0</ns3:atemp>
            <ns3:hr>146</ns3:hr>
          </ns3:TrackPointExtension>
        </extensions>
      </trkpt>
      <trkpt lat="59.98687396757304668426513671875" lon="30.35906888544559478759765625">
        <ele>79.8000030517578125</ele>
        <time>2026-03-16T06:59:10.000Z</time>
        <extensions>
          <ns3:TrackPointExtension>
            <ns3:atemp>18.0</ns3:atemp>
            <ns3:hr>143</ns3:hr>
          </ns3:TrackPointExtension>
        </extensions>
      </trkpt>
      <trkpt lat="59.98687430284917354583740234375" lon="30.358994118869304656982421875">
        <ele>79.8000030517578125</ele>
        <time>2026-03-16T06:59:11.000Z</time>
        <extensions>
          <ns3:TrackPointExtension>
            <ns3:atemp>18.0</ns3:atemp>
            <ns3:hr>141</ns3:hr>
          </ns3:TrackPointExtension>
        </extensions>
      </trkpt>
      <trkpt lat="59.98686390928924083709716796875" lon="30.35883821547031402587890625">
        <ele>79.8000030517578125</ele>
        <time>2026-03-16T06:59:13.000Z</time>
        <extensions>
          <ns3:TrackPointExtension>
            <ns3:atemp>18.0</ns3:atemp>
            <ns3:hr>138</ns3:hr>
          </ns3:TrackPointExtension>
        </extensions>
      </trkpt>
      <trkpt lat="59.98688033781945705413818359375" lon="30.35857695154845714569091796875">
        <ele>79.8000030517578125</ele>
        <time>2026-03-16T06:59:17.000Z</time>
        <extensions>
          <ns3:TrackPointExtension>
            <ns3:atemp>18.0</ns3:atemp>
            <ns3:hr>139</ns3:hr>
          </ns3:TrackPointExtension>
        </extensions>
      </trkpt>
      <trkpt lat="59.98695745132863521575927734375" lon="30.358364470303058624267578125">
        <ele>79.59999847412109375</ele>
        <time>2026-03-16T06:59:21.000Z</time>
        <extensions>
          <ns3:TrackPointExtension>
            <ns3:atemp>18.0</ns3:atemp>
            <ns3:hr>140</ns3:hr>
          </ns3:TrackPointExtension>
        </extensions>
      </trkpt>
      <trkpt lat="59.9869365803897380828857421875" lon="30.357991643249988555908203125">
        <ele>79.59999847412109375</ele>
        <time>2026-03-16T06:59:25.000Z</time>
        <extensions>
          <ns3:TrackPointExtension>
            <ns3:atemp>18.0</ns3:atemp>
            <ns3:hr>140</ns3:hr>
          </ns3:TrackPointExtension>
        </extensions>
      </trkpt>
      <trkpt lat="59.9868755601346492767333984375" lon="30.357587635517120361328125">
        <ele>79.40000152587890625</ele>
        <time>2026-03-16T06:59:29.000Z</time>
        <extensions>
          <ns3:TrackPointExtension>
            <ns3:atemp>18.0</ns3:atemp>
            <ns3:hr>140</ns3:hr>
          </ns3:TrackPointExtension>
        </extensions>
      </trkpt>
      <trkpt lat="59.9868929944932460784912109375" lon="30.35748378373682498931884765625">
        <ele>79.1999969482421875</ele>
        <time>2026-03-16T06:59:30.000Z</time>
        <extensions>
          <ns3:TrackPointExtension>
            <ns3:atemp>18.0</ns3:atemp>
            <ns3:hr>140</ns3:hr>
          </ns3:TrackPointExtension>
        </extensions>
      </trkpt>
      <trkpt lat="59.986926019191741943359375" lon="30.35724791698157787322998046875">
        <ele>79</ele>
        <time>2026-03-16T06:59:33.000Z</time>
        <extensions>
          <ns3:TrackPointExtension>
            <ns3:atemp>18.0</ns3:atemp>
            <ns3:hr>140</ns3:hr>
          </ns3:TrackPointExtension>
        </extensions>
      </trkpt>
      <trkpt lat="59.986956529319286346435546875" lon="30.35711481235921382904052734375">
        <ele>78.8000030517578125</ele>
        <time>2026-03-16T06:59:37.000Z</time>
        <extensions>
          <ns3:TrackPointExtension>
            <ns3:atemp>18.0</ns3:atemp>
            <ns3:hr>139</ns3:hr>
          </ns3:TrackPointExtension>
        </extensions>
      </trkpt>
      <trkpt lat="59.98699584044516086578369140625" lon="30.3570972941815853118896484375">
        <ele>78.40000152587890625</ele>
        <time>2026-03-16T06:59:40.000Z</time>
        <extensions>
          <ns3:TrackPointExtension>
            <ns3:atemp>18.0</ns3:atemp>
            <ns3:hr>139</ns3:hr>
          </ns3:TrackPointExtension>
        </extensions>
      </trkpt>
      <trkpt lat="59.986984692513942718505859375" lon="30.35709486342966556549072265625">
        <ele>77.40000152587890625</ele>
        <time>2026-03-16T06:59:45.000Z</time>
        <extensions>
          <ns3:TrackPointExtension>
            <ns3:atemp>18.0</ns3:atemp>
            <ns3:hr>137</ns3:hr>
          </ns3:TrackPointExtension>
        </extensions>
      </trkpt>
      <trkpt lat="59.98696080408990383148193359375" lon="30.3570637665688991546630859375">
        <ele>77.40000152587890625</ele>
        <time>2026-03-16T06:59:47.000Z</time>
        <extensions>
          <ns3:TrackPointExtension>
            <ns3:atemp>18.0</ns3:atemp>
            <ns3:hr>137</ns3:hr>
          </ns3:TrackPointExtension>
        </extensions>
      </trkpt>
      <trkpt lat="59.98695024289190769195556640625" lon="30.35704155452549457550048828125">
        <ele>77.1999969482421875</ele>
        <time>2026-03-16T06:59:48.000Z</time>
        <extensions>
          <ns3:TrackPointExtension>
            <ns3:atemp>18.0</ns3:atemp>
            <ns3:hr>140</ns3:hr>
          </ns3:TrackPointExtension>
        </extensions>
      </trkpt>
      <trkpt lat="59.986940436065196990966796875" lon="30.3570149838924407958984375">
        <ele>76.8000030517578125</ele>
        <time>2026-03-16T06:59:53.000Z</time>
        <extensions>
          <ns3:TrackPointExtension>
            <ns3:atemp>18.0</ns3:atemp>
            <ns3:hr>140</ns3:hr>
          </ns3:TrackPointExtension>
        </extensions>
      </trkpt>
      <trkpt lat="59.98694085516035556793212890625" lon="30.357011966407299041748046875">
        <ele>76.59999847412109375</ele>
        <time>2026-03-16T06:59:56.000Z</time>
        <extensions>
          <ns3:TrackPointExtension>
            <ns3:atemp>18.0</ns3:atemp>
            <ns3:hr>143</ns3:hr>
          </ns3:TrackPointExtension>
        </extensions>
      </trkpt>
      <trkpt lat="59.98695795424282550811767578125" lon="30.3569993935525417327880859375">
        <ele>76.1999969482421875</ele>
        <time>2026-03-16T07:00:02.000Z</time>
        <extensions>
          <ns3:TrackPointExtension>
            <ns3:atemp>18.0</ns3:atemp>
            <ns3:hr>142</ns3:hr>
          </ns3:TrackPointExtension>
        </extensions>
      </trkpt>
      <trkpt lat="59.9869620613753795623779296875" lon="30.3569946996867656707763671875">
        <ele>76.1999969482421875</ele>
        <time>2026-03-16T07:00:03.000Z</time>
        <extensions>
          <ns3:TrackPointExtension>
            <ns3:atemp>18.0</ns3:atemp>
            <ns3:hr>143</ns3:hr>
          </ns3:TrackPointExtension>
        </extensions>
      </trkpt>
      <trkpt lat="59.9869556911289691925048828125" lon="30.356982462108135223388671875">
        <ele>75.59999847412109375</ele>
        <time>2026-03-16T07:00:05.000Z</time>
        <extensions>
          <ns3:TrackPointExtension>
            <ns3:atemp>18.0</ns3:atemp>
            <ns3:hr>143</ns3:hr>
          </ns3:TrackPointExtension>
        </extensions>
      </trkpt>
      <trkpt lat="59.98691017739474773406982421875" lon="30.3569507785141468048095703125">
        <ele>75.40000152587890625</ele>
        <time>2026-03-16T07:00:07.000Z</time>
        <extensions>
          <ns3:TrackPointExtension>
            <ns3:atemp>18.0</ns3:atemp>
            <ns3:hr>141</ns3:hr>
          </ns3:TrackPointExtension>
        </extensions>
      </trkpt>
      <trkpt lat="59.9868085049092769622802734375" lon="30.35690090619027614593505859375">
        <ele>75.1999969482421875</ele>
        <time>2026-03-16T07:00:10.000Z</time>
        <extensions>
          <ns3:TrackPointExtension>
            <ns3:atemp>18.0</ns3:atemp>
            <ns3:hr>141</ns3:hr>
          </ns3:TrackPointExtension>
        </extensions>
      </trkpt>
      <trkpt lat="59.9867583811283111572265625" lon="30.35689839161932468414306640625">
        <ele>75.1999969482421875</ele>
        <time>2026-03-16T07:00:12.000Z</time>
        <extensions>
          <ns3:TrackPointExtension>
            <ns3:atemp>18.0</ns3:atemp>
            <ns3:hr>139</ns3:hr>
          </ns3:TrackPointExtension>
        </extensions>
      </trkpt>
      <trkpt lat="59.98670917935669422149658203125" lon="30.35685815848410129547119140625">
        <ele>75</ele>
        <time>2026-03-16T07:00:15.000Z</time>
        <extensions>
          <ns3:TrackPointExtension>
            <ns3:atemp>18.0</ns3:atemp>
            <ns3:hr>142</ns3:hr>
          </ns3:TrackPointExtension>
        </extensions>
      </trkpt>
      <trkpt lat="59.9866888113319873809814453125" lon="30.356865115463733673095703125">
        <ele>74.59999847412109375</ele>
        <time>2026-03-16T07:00:16.000Z</time>
        <extensions>
          <ns3:TrackPointExtension>
            <ns3:atemp>18.0</ns3:atemp>
            <ns3:hr>142</ns3:hr>
          </ns3:TrackPointExtension>
        </extensions>
      </trkpt>
      <trkpt lat="59.9866636656224727630615234375" lon="30.3568032570183277130126953125">
        <ele>74.1999969482421875</ele>
        <time>2026-03-16T07:00:22.000Z</time>
        <extensions>
          <ns3:TrackPointExtension>
            <ns3:atemp>18.0</ns3:atemp>
            <ns3:hr>142</ns3:hr>
          </ns3:TrackPointExtension>
        </extensions>
      </trkpt>
      <trkpt lat="59.98666559346020221710205078125" lon="30.35680786706507205963134765625">
        <ele>74.1999969482421875</ele>
        <time>2026-03-16T07:00:23.000Z</time>
        <extensions>
          <ns3:TrackPointExtension>
            <ns3:atemp>18.0</ns3:atemp>
            <ns3:hr>140</ns3:hr>
          </ns3:TrackPointExtension>
        </extensions>
      </trkpt>
      <trkpt lat="59.98666944913566112518310546875" lon="30.356812141835689544677734375">
        <ele>74</ele>
        <time>2026-03-16T07:00:24.000Z</time>
        <extensions>
          <ns3:TrackPointExtension>
            <ns3:atemp>18.0</ns3:atemp>
            <ns3:hr>137</ns3:hr>
          </ns3:TrackPointExtension>
        </extensions>
      </trkpt>
      <trkpt lat="59.9866686947643756866455078125" lon="30.3568076156079769134521484375">
        <ele>73.8000030517578125</ele>
        <time>2026-03-16T07:00:25.000Z</time>
        <extensions>
          <ns3:TrackPointExtension>
            <ns3:atemp>18.0</ns3:atemp>
            <ns3:hr>137</ns3:hr>
          </ns3:TrackPointExtension>
        </extensions>
      </trkpt>
      <trkpt lat="59.98663835227489471435546875" lon="30.35687291063368320465087890625">
        <ele>73.1999969482421875</ele>
        <time>2026-03-16T07:00:31.000Z</time>
        <extensions>
          <ns3:TrackPointExtension>
            <ns3:atemp>18.0</ns3:atemp>
            <ns3:hr>134</ns3:hr>
          </ns3:TrackPointExtension>
        </extensions>
      </trkpt>
      <trkpt lat="59.9866465665400028228759765625" lon="30.35687341354787349700927734375">
        <ele>73.1999969482421875</ele>
        <time>2026-03-16T07:00:32.000Z</time>
        <extensions>
          <ns3:TrackPointExtension>
            <ns3:atemp>18.0</ns3:atemp>
            <ns3:hr>134</ns3:hr>
          </ns3:TrackPointExtension>
        </extensions>
      </trkpt>
      <trkpt lat="59.9866314791142940521240234375" lon="30.3568408079445362091064453125">
        <ele>73.1999969482421875</ele>
        <time>2026-03-16T07:00:33.000Z</time>
        <extensions>
          <ns3:TrackPointExtension>
            <ns3:atemp>18.0</ns3:atemp>
            <ns3:hr>133</ns3:hr>
          </ns3:TrackPointExtension>
        </extensions>
      </trkpt>
      <trkpt lat="59.98658529482781887054443359375" lon="30.3568674623966217041015625">
        <ele>72.40000152587890625</ele>
        <time>2026-03-16T07:00:44.000Z</time>
        <extensions>
          <ns3:TrackPointExtension>
            <ns3:atemp>18.0</ns3:atemp>
            <ns3:hr>133</ns3:hr>
          </ns3:TrackPointExtension>
        </extensions>
      </trkpt>
      <trkpt lat="59.98657188378274440765380859375" lon="30.3568723239004611968994140625">
        <ele>72</ele>
        <time>2026-03-16T07:00:46.000Z</time>
        <extensions>
          <ns3:TrackPointExtension>
            <ns3:atemp>18.0</ns3:atemp>
            <ns3:hr>132</ns3:hr>
          </ns3:TrackPointExtension>
        </extensions>
      </trkpt>
      <trkpt lat="59.98654137365520000457763671875" lon="30.35686855204403400421142578125">
        <ele>71.40000152587890625</ele>
        <time>2026-03-16T07:00:53.000Z</time>
        <extensions>
          <ns3:TrackPointExtension>
            <ns3:atemp>18.0</ns3:atemp>
            <ns3:hr>130</ns3:hr>
          </ns3:TrackPointExtension>
        </extensions>
      </trkpt>
      <trkpt lat="59.98656056821346282958984375" lon="30.3568626008927822113037109375">
        <ele>71</ele>
        <time>2026-03-16T07:00:58.000Z</time>
        <extensions>
          <ns3:TrackPointExtension>
            <ns3:atemp>18.0</ns3:atemp>
            <ns3:hr>127</ns3:hr>
          </ns3:TrackPointExtension>
        </extensions>
      </trkpt>
      <trkpt lat="59.98656593263149261474609375" lon="30.35688011907041072845458984375">
        <ele>71</ele>
        <time>2026-03-16T07:01:01.000Z</time>
        <extensions>
          <ns3:TrackPointExtension>
            <ns3:atemp>18.0</ns3:atemp>
            <ns3:hr>125</ns3:hr>
          </ns3:TrackPointExtension>
        </extensions>
      </trkpt>
      <trkpt lat="59.9865630827844142913818359375" lon="30.35687458701431751251220703125">
        <ele>70.8000030517578125</ele>
        <time>2026-03-16T07:01:03.000Z</time>
        <extensions>
          <ns3:TrackPointExtension>
            <ns3:atemp>18.0</ns3:atemp>
            <ns3:hr>125</ns3:hr>
          </ns3:TrackPointExtension>
        </extensions>
      </trkpt>
      <trkpt lat="59.98653450049459934234619140625" lon="30.35686218179762363433837890625">
        <ele>70.40000152587890625</ele>
        <time>2026-03-16T07:01:05.000Z</time>
        <extensions>
          <ns3:TrackPointExtension>
            <ns3:atemp>18.0</ns3:atemp>
            <ns3:hr>125</ns3:hr>
          </ns3:TrackPointExtension>
        </extensions>
      </trkpt>
      <trkpt lat="59.98649753630161285400390625" lon="30.35683502443134784698486328125">
        <ele>70.1999969482421875</ele>
        <time>2026-03-16T07:01:11.000Z</time>
        <extensions>
          <ns3:TrackPointExtension>
            <ns3:atemp>18.0</ns3:atemp>
            <ns3:hr>124</ns3:hr>
          </ns3:TrackPointExtension>
        </extensions>
      </trkpt>
      <trkpt lat="59.98648789711296558380126953125" lon="30.3568364493548870086669921875">
        <ele>70</ele>
        <time>2026-03-16T07:01:12.000Z</time>
        <extensions>
          <ns3:TrackPointExtension>
            <ns3:atemp>18.0</ns3:atemp>
            <ns3:hr>123</ns3:hr>
          </ns3:TrackPointExtension>
        </extensions>
      </trkpt>
      <trkpt lat="59.986425451934337615966796875" lon="30.3568620979785919189453125">
        <ele>69.8000030517578125</ele>
        <time>2026-03-16T07:01:16.000Z</time>
        <extensions>
          <ns3:TrackPointExtension>
            <ns3:atemp>18.0</ns3:atemp>
            <ns3:hr>124</ns3:hr>
          </ns3:TrackPointExtension>
        </extensions>
      </trkpt>
      <trkpt lat="59.9863619171082973480224609375" lon="30.3568515367805957794189453125">
        <ele>69.1999969482421875</ele>
        <time>2026-03-16T07:01:21.000Z</time>
        <extensions>
          <ns3:TrackPointExtension>
            <ns3:atemp>18.0</ns3:atemp>
            <ns3:hr>124</ns3:hr>
          </ns3:TrackPointExtension>
        </extensions>
      </trkpt>
      <trkpt lat="59.9863102845847606658935546875" lon="30.3567757643759250640869140625">
        <ele>69</ele>
        <time>2026-03-16T07:01:24.000Z</time>
        <extensions>
          <ns3:TrackPointExtension>
            <ns3:atemp>18.0</ns3:atemp>
            <ns3:hr>127</ns3:hr>
          </ns3:TrackPointExtension>
        </extensions>
      </trkpt>
      <trkpt lat="59.9862975440919399261474609375" lon="30.35676344297826290130615234375">
        <ele>69</ele>
        <time>2026-03-16T07:01:25.000Z</time>
        <extensions>
          <ns3:TrackPointExtension>
            <ns3:atemp>18.0</ns3:atemp>
            <ns3:hr>124</ns3:hr>
          </ns3:TrackPointExtension>
        </extensions>
      </trkpt>
      <trkpt lat="59.98629477806389331817626953125" lon="30.35675690509378910064697265625">
        <ele>69</ele>
        <time>2026-03-16T07:01:26.000Z</time>
        <extensions>
          <ns3:TrackPointExtension>
            <ns3:atemp>18.0</ns3:atemp>
            <ns3:hr>126</ns3:hr>
          </ns3:TrackPointExtension>
        </extensions>
      </trkpt>
      <trkpt lat="59.986296705901622772216796875" lon="30.35675455816090106964111328125">
        <ele>68.8000030517578125</ele>
        <time>2026-03-16T07:01:27.000Z</time>
        <extensions>
          <ns3:TrackPointExtension>
            <ns3:atemp>18.0</ns3:atemp>
            <ns3:hr>127</ns3:hr>
          </ns3:TrackPointExtension>
        </extensions>
      </trkpt>
      <trkpt lat="59.98628488741815090179443359375" lon="30.3567526303231716156005859375">
        <ele>68.40000152587890625</ele>
        <time>2026-03-16T07:01:31.000Z</time>
        <extensions>
          <ns3:TrackPointExtension>
            <ns3:atemp>19.0</ns3:atemp>
            <ns3:hr>130</ns3:hr>
          </ns3:TrackPointExtension>
        </extensions>
      </trkpt>
      <trkpt lat="59.98628471978008747100830078125" lon="30.3567479364573955535888671875">
        <ele>68.1999969482421875</ele>
        <time>2026-03-16T07:01:32.000Z</time>
        <extensions>
          <ns3:TrackPointExtension>
            <ns3:atemp>19.0</ns3:atemp>
            <ns3:hr>129</ns3:hr>
          </ns3:TrackPointExtension>
        </extensions>
      </trkpt>
      <trkpt lat="59.98624113388359546661376953125" lon="30.3566936217248439788818359375">
        <ele>67.8000030517578125</ele>
        <time>2026-03-16T07:01:38.000Z</time>
        <extensions>
          <ns3:TrackPointExtension>
            <ns3:atemp>19.0</ns3:atemp>
            <ns3:hr>132</ns3:hr>
          </ns3:TrackPointExtension>
        </extensions>
      </trkpt>
      <trkpt lat="59.9862335063517093658447265625" lon="30.3566837310791015625">
        <ele>67.8000030517578125</ele>
        <time>2026-03-16T07:01:39.000Z</time>
        <extensions>
          <ns3:TrackPointExtension>
            <ns3:atemp>19.0</ns3:atemp>
            <ns3:hr>136</ns3:hr>
          </ns3:TrackPointExtension>
        </extensions>
      </trkpt>
      <trkpt lat="59.98619922436773777008056640625" lon="30.35666906274855136871337890625">
        <ele>67.59999847412109375</ele>
        <time>2026-03-16T07:01:44.000Z</time>
        <extensions>
          <ns3:TrackPointExtension>
            <ns3:atemp>19.0</ns3:atemp>
            <ns3:hr>139</ns3:hr>
          </ns3:TrackPointExtension>
        </extensions>
      </trkpt>
      <trkpt lat="59.98617139644920825958251953125" lon="30.3566621057689189910888671875">
        <ele>67.40000152587890625</ele>
        <time>2026-03-16T07:01:47.000Z</time>
        <extensions>
          <ns3:TrackPointExtension>
            <ns3:atemp>19.0</ns3:atemp>
            <ns3:hr>140</ns3:hr>
          </ns3:TrackPointExtension>
        </extensions>
      </trkpt>
      <trkpt lat="59.98617877252399921417236328125" lon="30.35664458759129047393798828125">
        <ele>67</ele>
        <time>2026-03-16T07:01:54.000Z</time>
        <extensions>
          <ns3:TrackPointExtension>
            <ns3:atemp>19.0</ns3:atemp>
            <ns3:hr>142</ns3:hr>
          </ns3:TrackPointExtension>
        </extensions>
      </trkpt>
      <trkpt lat="59.98619318939745426177978515625" lon="30.35663503222167491912841796875">
        <ele>66.8000030517578125</ele>
        <time>2026-03-16T07:01:56.000Z</time>
        <extensions>
          <ns3:TrackPointExtension>
            <ns3:atemp>19.0</ns3:atemp>
            <ns3:hr>142</ns3:hr>
          </ns3:TrackPointExtension>
        </extensions>
      </trkpt>
      <trkpt lat="59.9861875735223293304443359375" lon="30.35661390982568264007568359375">
        <ele>66.40000152587890625</ele>
        <time>2026-03-16T07:01:59.000Z</time>
        <extensions>
          <ns3:TrackPointExtension>
            <ns3:atemp>19.0</ns3:atemp>
            <ns3:hr>142</ns3:hr>
          </ns3:TrackPointExtension>
        </extensions>
      </trkpt>
      <trkpt lat="59.98618665151298046112060546875" lon="30.356585495173931121826171875">
        <ele>66.40000152587890625</ele>
        <time>2026-03-16T07:02:00.000Z</time>
        <extensions>
          <ns3:TrackPointExtension>
            <ns3:atemp>19.0</ns3:atemp>
            <ns3:hr>141</ns3:hr>
          </ns3:TrackPointExtension>
        </extensions>
      </trkpt>
      <trkpt lat="59.98623057268559932708740234375" lon="30.356352813541889190673828125">
        <ele>66.8000030517578125</ele>
        <time>2026-03-16T07:02:04.000Z</time>
        <extensions>
          <ns3:TrackPointExtension>
            <ns3:atemp>19.0</ns3:atemp>
            <ns3:hr>140</ns3:hr>
          </ns3:TrackPointExtension>
        </extensions>
      </trkpt>
      <trkpt lat="59.9863884039223194122314453125" lon="30.35598778165876865386962890625">
        <ele>66.59999847412109375</ele>
        <time>2026-03-16T07:02:08.000Z</time>
        <extensions>
          <ns3:TrackPointExtension>
            <ns3:atemp>19.0</ns3:atemp>
            <ns3:hr>138</ns3:hr>
          </ns3:TrackPointExtension>
        </extensions>
      </trkpt>
      <trkpt lat="59.9865681119263172149658203125" lon="30.3556633181869983673095703125">
        <ele>66.40000152587890625</ele>
        <time>2026-03-16T07:02:10.000Z</time>
        <extensions>
          <ns3:TrackPointExtension>
            <ns3:atemp>19.0</ns3:atemp>
            <ns3:hr>134</ns3:hr>
          </ns3:TrackPointExtension>
        </extensions>
      </trkpt>
      <trkpt lat="59.98656685464084148406982421875" lon="30.355451591312885284423828125">
        <ele>66.1999969482421875</ele>
        <time>2026-03-16T07:02:12.000Z</time>
        <extensions>
          <ns3:TrackPointExtension>
            <ns3:atemp>19.0</ns3:atemp>
            <ns3:hr>134</ns3:hr>
          </ns3:TrackPointExtension>
        </extensions>
      </trkpt>
      <trkpt lat="59.98644665814936161041259765625" lon="30.3553065843880176544189453125">
        <ele>65.8000030517578125</ele>
        <time>2026-03-16T07:02:14.000Z</time>
        <extensions>
          <ns3:TrackPointExtension>
            <ns3:atemp>19.0</ns3:atemp>
            <ns3:hr>135</ns3:hr>
          </ns3:TrackPointExtension>
        </extensions>
      </trkpt>
      <trkpt lat="59.9863495118916034698486328125" lon="30.3552019782364368438720703125">
        <ele>65.8000030517578125</ele>
        <time>2026-03-16T07:02:16.000Z</time>
        <extensions>
          <ns3:TrackPointExtension>
            <ns3:atemp>19.0</ns3:atemp>
            <ns3:hr>135</ns3:hr>
          </ns3:TrackPointExtension>
        </extensions>
      </trkpt>
      <trkpt lat="59.986337609589099884033203125" lon="30.3549112938344478607177734375">
        <ele>66.1999969482421875</ele>
        <time>2026-03-16T07:02:20.000Z</time>
        <extensions>
          <ns3:TrackPointExtension>
            <ns3:atemp>19.0</ns3:atemp>
            <ns3:hr>136</ns3:hr>
          </ns3:TrackPointExtension>
        </extensions>
      </trkpt>
      <trkpt lat="59.986285306513309478759765625" lon="30.35470870323479175567626953125">
        <ele>66.8000030517578125</ele>
        <time>2026-03-16T07:02:23.000Z</time>
        <extensions>
          <ns3:TrackPointExtension>
            <ns3:atemp>19.0</ns3:atemp>
            <ns3:hr>135</ns3:hr>
          </ns3:TrackPointExtension>
        </extensions>
      </trkpt>
      <trkpt lat="59.9862760864198207855224609375" lon="30.354637205600738525390625">
        <ele>67</ele>
        <time>2026-03-16T07:02:24.000Z</time>
        <extensions>
          <ns3:TrackPointExtension>
            <ns3:atemp>19.0</ns3:atemp>
            <ns3:hr>132</ns3:hr>
          </ns3:TrackPointExtension>
        </extensions>
      </trkpt>
      <trkpt lat="59.98623199760913848876953125" lon="30.3545082919299602508544921875">
        <ele>67.59999847412109375</ele>
        <time>2026-03-16T07:02:26.000Z</time>
        <extensions>
          <ns3:TrackPointExtension>
            <ns3:atemp>19.0</ns3:atemp>
            <ns3:hr>129</ns3:hr>
          </ns3:TrackPointExtension>
        </extensions>
      </trkpt>
      <trkpt lat="59.98622420243918895721435546875" lon="30.35443461500108242034912109375">
        <ele>67.8000030517578125</ele>
        <time>2026-03-16T07:02:27.000Z</time>
        <extensions>
          <ns3:TrackPointExtension>
            <ns3:atemp>19.0</ns3:atemp>
            <ns3:hr>128</ns3:hr>
          </ns3:TrackPointExtension>
        </extensions>
      </trkpt>
      <trkpt lat="59.986206851899623870849609375" lon="30.35424266941845417022705078125">
        <ele>68</ele>
        <time>2026-03-16T07:02:29.000Z</time>
        <extensions>
          <ns3:TrackPointExtension>
            <ns3:atemp>19.0</ns3:atemp>
            <ns3:hr>128</ns3:hr>
          </ns3:TrackPointExtension>
        </extensions>
      </trkpt>
      <trkpt lat="59.98618061654269695281982421875" lon="30.35387285985052585601806640625">
        <ele>68</ele>
        <time>2026-03-16T07:02:33.000Z</time>
        <extensions>
          <ns3:TrackPointExtension>
            <ns3:atemp>19.0</ns3:atemp>
            <ns3:hr>128</ns3:hr>
          </ns3:TrackPointExtension>
        </extensions>
      </trkpt>
      <trkpt lat="59.98611020855605602264404296875" lon="30.353421159088611602783203125">
        <ele>68</ele>
        <time>2026-03-16T07:02:39.000Z</time>
        <extensions>
          <ns3:TrackPointExtension>
            <ns3:atemp>19.0</ns3:atemp>
            <ns3:hr>127</ns3:hr>
          </ns3:TrackPointExtension>
        </extensions>
      </trkpt>
      <trkpt lat="59.986094534397125244140625" lon="30.3533190675079822540283203125">
        <ele>68</ele>
        <time>2026-03-16T07:02:40.000Z</time>
        <extensions>
          <ns3:TrackPointExtension>
            <ns3:atemp>19.0</ns3:atemp>
            <ns3:hr>128</ns3:hr>
          </ns3:TrackPointExtension>
        </extensions>
      </trkpt>
      <trkpt lat="59.986031167209148406982421875" lon="30.3527207672595977783203125">
        <ele>68</ele>
        <time>2026-03-16T07:02:47.000Z</time>
        <extensions>
          <ns3:TrackPointExtension>
            <ns3:atemp>19.0</ns3:atemp>
            <ns3:hr>130</ns3:hr>
          </ns3:TrackPointExtension>
        </extensions>
      </trkpt>
      <trkpt lat="59.9860088713467121124267578125" lon="30.352615155279636383056640625">
        <ele>67.8000030517578125</ele>
        <time>2026-03-16T07:02:51.000Z</time>
        <extensions>
          <ns3:TrackPointExtension>
            <ns3:atemp>19.0</ns3:atemp>
            <ns3:hr>128</ns3:hr>
          </ns3:TrackPointExtension>
        </extensions>
      </trkpt>
      <trkpt lat="59.9859622679650783538818359375" lon="30.35250040702521800994873046875">
        <ele>67.59999847412109375</ele>
        <time>2026-03-16T07:02:56.000Z</time>
        <extensions>
          <ns3:TrackPointExtension>
            <ns3:atemp>19.0</ns3:atemp>
            <ns3:hr>127</ns3:hr>
          </ns3:TrackPointExtension>
        </extensions>
      </trkpt>
      <trkpt lat="59.9859525449573993682861328125" lon="30.35247643478214740753173828125">
        <ele>67.40000152587890625</ele>
        <time>2026-03-16T07:03:00.000Z</time>
        <extensions>
          <ns3:TrackPointExtension>
            <ns3:atemp>19.0</ns3:atemp>
            <ns3:hr>129</ns3:hr>
          </ns3:TrackPointExtension>
        </extensions>
      </trkpt>
      <trkpt lat="59.98592555522918701171875" lon="30.35244860686361789703369140625">
        <ele>66.8000030517578125</ele>
        <time>2026-03-16T07:03:05.000Z</time>
        <extensions>
          <ns3:TrackPointExtension>
            <ns3:atemp>19.0</ns3:atemp>
            <ns3:hr>129</ns3:hr>
          </ns3:TrackPointExtension>
        </extensions>
      </trkpt>
      <trkpt lat="59.98592413030564785003662109375" lon="30.35245045088231563568115234375">
        <ele>66.59999847412109375</ele>
        <time>2026-03-16T07:03:08.000Z</time>
        <extensions>
          <ns3:TrackPointExtension>
            <ns3:atemp>19.0</ns3:atemp>
            <ns3:hr>126</ns3:hr>
          </ns3:TrackPointExtension>
        </extensions>
      </trkpt>
      <trkpt lat="59.9859237112104892730712890625" lon="30.3524507023394107818603515625">
        <ele>66.59999847412109375</ele>
        <time>2026-03-16T07:03:09.000Z</time>
        <extensions>
          <ns3:TrackPointExtension>
            <ns3:atemp>19.0</ns3:atemp>
            <ns3:hr>129</ns3:hr>
          </ns3:TrackPointExtension>
        </extensions>
      </trkpt>
      <trkpt lat="59.98592362739145755767822265625" lon="30.35245078615844249725341796875">
        <ele>66.40000152587890625</ele>
        <time>2026-03-16T07:03:10.000Z</time>
        <extensions>
          <ns3:TrackPointExtension>
            <ns3:atemp>19.0</ns3:atemp>
            <ns3:hr>126</ns3:hr>
          </ns3:TrackPointExtension>
        </extensions>
      </trkpt>
      <trkpt lat="59.9859230406582355499267578125" lon="30.35244994796812534332275390625">
        <ele>66.40000152587890625</ele>
        <time>2026-03-16T07:03:12.000Z</time>
        <extensions>
          <ns3:TrackPointExtension>
            <ns3:atemp>19.0</ns3:atemp>
            <ns3:hr>123</ns3:hr>
          </ns3:TrackPointExtension>
        </extensions>
      </trkpt>
      <trkpt lat="59.98592195101082324981689453125" lon="30.35244944505393505096435546875">
        <ele>65.8000030517578125</ele>
        <time>2026-03-16T07:03:21.000Z</time>
        <extensions>
          <ns3:TrackPointExtension>
            <ns3:atemp>19.0</ns3:atemp>
            <ns3:hr>123</ns3:hr>
          </ns3:TrackPointExtension>
        </extensions>
      </trkpt>
      <trkpt lat="59.98592044226825237274169921875" lon="30.3524476848542690277099609375">
        <ele>65.40000152587890625</ele>
        <time>2026-03-16T07:03:25.000Z</time>
        <extensions>
          <ns3:TrackPointExtension>
            <ns3:atemp>19.0</ns3:atemp>
            <ns3:hr>122</ns3:hr>
          </ns3:TrackPointExtension>
        </extensions>
      </trkpt>
      <trkpt lat="59.9859193526208400726318359375" lon="30.35244659520685672760009765625">
        <ele>65.1999969482421875</ele>
        <time>2026-03-16T07:03:27.000Z</time>
        <extensions>
          <ns3:TrackPointExtension>
            <ns3:atemp>19.0</ns3:atemp>
            <ns3:hr>125</ns3:hr>
          </ns3:TrackPointExtension>
        </extensions>
      </trkpt>
      <trkpt lat="59.9859188497066497802734375" lon="30.35244542174041271209716796875">
        <ele>65.1999969482421875</ele>
        <time>2026-03-16T07:03:28.000Z</time>
        <extensions>
          <ns3:TrackPointExtension>
            <ns3:atemp>19.0</ns3:atemp>
            <ns3:hr>122</ns3:hr>
          </ns3:TrackPointExtension>
        </extensions>
      </trkpt>
      <trkpt lat="59.98591759242117404937744140625" lon="30.35244248807430267333984375">
        <ele>64.59999847412109375</ele>
        <time>2026-03-16T07:03:34.000Z</time>
        <extensions>
          <ns3:TrackPointExtension>
            <ns3:atemp>19.0</ns3:atemp>
            <ns3:hr>122</ns3:hr>
          </ns3:TrackPointExtension>
        </extensions>
      </trkpt>
      <trkpt lat="59.9859161674976348876953125" lon="30.352443158626556396484375">
        <ele>64.1999969482421875</ele>
        <time>2026-03-16T07:03:43.000Z</time>
        <extensions>
          <ns3:TrackPointExtension>
            <ns3:atemp>19.0</ns3:atemp>
            <ns3:hr>118</ns3:hr>
          </ns3:TrackPointExtension>
        </extensions>
      </trkpt>
      <trkpt lat="59.98591574840247631072998046875" lon="30.35244248807430267333984375">
        <ele>64</ele>
        <time>2026-03-16T07:03:45.000Z</time>
        <extensions>
          <ns3:TrackPointExtension>
            <ns3:atemp>19.0</ns3:atemp>
            <ns3:hr>116</ns3:hr>
          </ns3:TrackPointExtension>
        </extensions>
      </trkpt>
      <trkpt lat="59.98591708950698375701904296875" lon="30.3524406440556049346923828125">
        <ele>64</ele>
        <time>2026-03-16T07:03:49.000Z</time>
        <extensions>
          <ns3:TrackPointExtension>
            <ns3:atemp>19.0</ns3:atemp>
            <ns3:hr>113</ns3:hr>
          </ns3:TrackPointExtension>
        </extensions>
      </trkpt>
      <trkpt lat="59.98591708950698375701904296875" lon="30.35244089551270008087158203125">
        <ele>63.799999237060546875</ele>
        <time>2026-03-16T07:03:51.000Z</time>
        <extensions>
          <ns3:TrackPointExtension>
            <ns3:atemp>19.0</ns3:atemp>
            <ns3:hr>117</ns3:hr>
          </ns3:TrackPointExtension>
        </extensions>
      </trkpt>
      <trkpt lat="59.98591725714504718780517578125" lon="30.3524413146078586578369140625">
        <ele>63.799999237060546875</ele>
        <time>2026-03-16T07:03:55.000Z</time>
        <extensions>
          <ns3:TrackPointExtension>
            <ns3:atemp>19.0</ns3:atemp>
            <ns3:hr>122</ns3:hr>
          </ns3:TrackPointExtension>
        </extensions>
      </trkpt>
      <trkpt lat="59.98591725714504718780517578125" lon="30.3524413146078586578369140625">
        <ele>63.59999847412109375</ele>
        <time>2026-03-16T07:03:57.000Z</time>
        <extensions>
          <ns3:TrackPointExtension>
            <ns3:atemp>19.0</ns3:atemp>
            <ns3:hr>125</ns3:hr>
          </ns3:TrackPointExtension>
        </extensions>
      </trkpt>
      <trkpt lat="59.985917173326015472412109375" lon="30.352441482245922088623046875">
        <ele>63.59999847412109375</ele>
        <time>2026-03-16T07:03:59.000Z</time>
        <extensions>
          <ns3:TrackPointExtension>
            <ns3:atemp>19.0</ns3:atemp>
            <ns3:hr>125</ns3:hr>
          </ns3:TrackPointExtension>
        </extensions>
      </trkpt>
      <trkpt lat="59.985919855535030364990234375" lon="30.3524201922118663787841796875">
        <ele>63.200000762939453125</ele>
        <time>2026-03-16T07:04:06.000Z</time>
        <extensions>
          <ns3:TrackPointExtension>
            <ns3:atemp>19.0</ns3:atemp>
            <ns3:hr>125</ns3:hr>
          </ns3:TrackPointExtension>
        </extensions>
      </trkpt>
      <trkpt lat="59.98592044226825237274169921875" lon="30.352420024573802947998046875">
        <ele>62.59999847412109375</ele>
        <time>2026-03-16T07:04:08.000Z</time>
        <extensions>
          <ns3:TrackPointExtension>
            <ns3:atemp>19.0</ns3:atemp>
            <ns3:hr>123</ns3:hr>
          </ns3:TrackPointExtension>
        </extensions>
      </trkpt>
      <trkpt lat="59.98591281473636627197265625" lon="30.3524087928235530853271484375">
        <ele>62</ele>
        <time>2026-03-16T07:04:16.000Z</time>
        <extensions>
          <ns3:TrackPointExtension>
            <ns3:atemp>19.0</ns3:atemp>
            <ns3:hr>122</ns3:hr>
          </ns3:TrackPointExtension>
        </extensions>
      </trkpt>
      <trkpt lat="59.98590937815606594085693359375" lon="30.3522599302232265472412109375">
        <ele>61.59999847412109375</ele>
        <time>2026-03-16T07:04:20.000Z</time>
        <extensions>
          <ns3:TrackPointExtension>
            <ns3:atemp>19.0</ns3:atemp>
            <ns3:hr>122</ns3:hr>
          </ns3:TrackPointExtension>
        </extensions>
      </trkpt>
      <trkpt lat="59.9858999066054821014404296875" lon="30.35220134072005748748779296875">
        <ele>61.59999847412109375</ele>
        <time>2026-03-16T07:04:21.000Z</time>
        <extensions>
          <ns3:TrackPointExtension>
            <ns3:atemp>19.0</ns3:atemp>
            <ns3:hr>122</ns3:hr>
          </ns3:TrackPointExtension>
        </extensions>
      </trkpt>
      <trkpt lat="59.98588004149496555328369140625" lon="30.35213663242757320404052734375">
        <ele>61.59999847412109375</ele>
        <time>2026-03-16T07:04:22.000Z</time>
        <extensions>
          <ns3:TrackPointExtension>
            <ns3:atemp>19.0</ns3:atemp>
            <ns3:hr>119</ns3:hr>
          </ns3:TrackPointExtension>
        </extensions>
      </trkpt>
      <trkpt lat="59.98585020191967487335205078125" lon="30.352000929415225982666015625">
        <ele>61.799999237060546875</ele>
        <time>2026-03-16T07:04:24.000Z</time>
        <extensions>
          <ns3:TrackPointExtension>
            <ns3:atemp>19.0</ns3:atemp>
            <ns3:hr>120</ns3:hr>
          </ns3:TrackPointExtension>
        </extensions>
      </trkpt>
      <trkpt lat="59.98587551526725292205810546875" lon="30.35176095552742481231689453125">
        <ele>62</ele>
        <time>2026-03-16T07:04:28.000Z</time>
        <extensions>
          <ns3:TrackPointExtension>
            <ns3:atemp>19.0</ns3:atemp>
            <ns3:hr>124</ns3:hr>
          </ns3:TrackPointExtension>
        </extensions>
      </trkpt>
      <trkpt lat="59.985872246325016021728515625" lon="30.35170462913811206817626953125">
        <ele>62.200000762939453125</ele>
        <time>2026-03-16T07:04:29.000Z</time>
        <extensions>
          <ns3:TrackPointExtension>
            <ns3:atemp>19.0</ns3:atemp>
            <ns3:hr>128</ns3:hr>
          </ns3:TrackPointExtension>
        </extensions>
      </trkpt>
      <trkpt lat="59.98586721718311309814453125" lon="30.35165886394679546356201171875">
        <ele>62.40000152587890625</ele>
        <time>2026-03-16T07:04:30.000Z</time>
        <extensions>
          <ns3:TrackPointExtension>
            <ns3:atemp>19.0</ns3:atemp>
            <ns3:hr>134</ns3:hr>
          </ns3:TrackPointExtension>
        </extensions>
      </trkpt>
      <trkpt lat="59.98585942201316356658935546875" lon="30.35162533633410930633544921875">
        <ele>62.40000152587890625</ele>
        <time>2026-03-16T07:04:31.000Z</time>
        <extensions>
          <ns3:TrackPointExtension>
            <ns3:atemp>19.0</ns3:atemp>
            <ns3:hr>134</ns3:hr>
          </ns3:TrackPointExtension>
        </extensions>
      </trkpt>
      <trkpt lat="59.9858512915670871734619140625" lon="30.3515987657010555267333984375">
        <ele>62.40000152587890625</ele>
        <time>2026-03-16T07:04:32.000Z</time>
        <extensions>
          <ns3:TrackPointExtension>
            <ns3:atemp>19.0</ns3:atemp>
            <ns3:hr>134</ns3:hr>
          </ns3:TrackPointExtension>
        </extensions>
      </trkpt>
      <trkpt lat="59.98583612032234668731689453125" lon="30.351525507867336273193359375">
        <ele>62.59999847412109375</ele>
        <time>2026-03-16T07:04:34.000Z</time>
        <extensions>
          <ns3:TrackPointExtension>
            <ns3:atemp>19.0</ns3:atemp>
            <ns3:hr>134</ns3:hr>
          </ns3:TrackPointExtension>
        </extensions>
      </trkpt>
      <trkpt lat="59.985810220241546630859375" lon="30.3514120168983936309814453125">
        <ele>62.799999237060546875</ele>
        <time>2026-03-16T07:04:36.000Z</time>
        <extensions>
          <ns3:TrackPointExtension>
            <ns3:atemp>19.0</ns3:atemp>
            <ns3:hr>135</ns3:hr>
          </ns3:TrackPointExtension>
        </extensions>
      </trkpt>
      <trkpt lat="59.98577074147760868072509765625" lon="30.3510096855461597442626953125">
        <ele>63.40000152587890625</ele>
        <time>2026-03-16T07:04:42.000Z</time>
        <extensions>
          <ns3:TrackPointExtension>
            <ns3:atemp>19.0</ns3:atemp>
            <ns3:hr>135</ns3:hr>
          </ns3:TrackPointExtension>
        </extensions>
      </trkpt>
      <trkpt lat="59.98575112782418727874755859375" lon="30.3508608229458332061767578125">
        <ele>63.799999237060546875</ele>
        <time>2026-03-16T07:04:44.000Z</time>
        <extensions>
          <ns3:TrackPointExtension>
            <ns3:atemp>19.0</ns3:atemp>
            <ns3:hr>138</ns3:hr>
          </ns3:TrackPointExtension>
        </extensions>
      </trkpt>
      <trkpt lat="59.98573637567460536956787109375" lon="30.3507220186293125152587890625">
        <ele>63.799999237060546875</ele>
        <time>2026-03-16T07:04:46.000Z</time>
        <extensions>
          <ns3:TrackPointExtension>
            <ns3:atemp>19.0</ns3:atemp>
            <ns3:hr>135</ns3:hr>
          </ns3:TrackPointExtension>
        </extensions>
      </trkpt>
      <trkpt lat="59.98570092022418975830078125" lon="30.3505242057144641876220703125">
        <ele>64.1999969482421875</ele>
        <time>2026-03-16T07:04:49.000Z</time>
        <extensions>
          <ns3:TrackPointExtension>
            <ns3:atemp>19.0</ns3:atemp>
            <ns3:hr>136</ns3:hr>
          </ns3:TrackPointExtension>
        </extensions>
      </trkpt>
      <trkpt lat="59.98568021692335605621337890625" lon="30.35038481466472148895263671875">
        <ele>64.40000152587890625</ele>
        <time>2026-03-16T07:04:51.000Z</time>
        <extensions>
          <ns3:TrackPointExtension>
            <ns3:atemp>19.0</ns3:atemp>
            <ns3:hr>132</ns3:hr>
          </ns3:TrackPointExtension>
        </extensions>
      </trkpt>
      <trkpt lat="59.9856749363243579864501953125" lon="30.350246429443359375">
        <ele>64.8000030517578125</ele>
        <time>2026-03-16T07:04:53.000Z</time>
        <extensions>
          <ns3:TrackPointExtension>
            <ns3:atemp>19.0</ns3:atemp>
            <ns3:hr>131</ns3:hr>
          </ns3:TrackPointExtension>
        </extensions>
      </trkpt>
      <trkpt lat="59.98567569069564342498779296875" lon="30.35019035451114177703857421875">
        <ele>65</ele>
        <time>2026-03-16T07:04:54.000Z</time>
        <extensions>
          <ns3:TrackPointExtension>
            <ns3:atemp>19.0</ns3:atemp>
            <ns3:hr>131</ns3:hr>
          </ns3:TrackPointExtension>
        </extensions>
      </trkpt>
      <trkpt lat="59.98568809591233730316162109375" lon="30.34977679140865802764892578125">
        <ele>65.1999969482421875</ele>
        <time>2026-03-16T07:05:00.000Z</time>
        <extensions>
          <ns3:TrackPointExtension>
            <ns3:atemp>19.0</ns3:atemp>
            <ns3:hr>134</ns3:hr>
          </ns3:TrackPointExtension>
        </extensions>
      </trkpt>
      <trkpt lat="59.9856829829514026641845703125" lon="30.34971945919096469879150390625">
        <ele>65.1999969482421875</ele>
        <time>2026-03-16T07:05:01.000Z</time>
        <extensions>
          <ns3:TrackPointExtension>
            <ns3:atemp>19.0</ns3:atemp>
            <ns3:hr>131</ns3:hr>
          </ns3:TrackPointExtension>
        </extensions>
      </trkpt>
      <trkpt lat="59.9856514669954776763916015625" lon="30.34948795102536678314208984375">
        <ele>65.40000152587890625</ele>
        <time>2026-03-16T07:05:05.000Z</time>
        <extensions>
          <ns3:TrackPointExtension>
            <ns3:atemp>19.0</ns3:atemp>
            <ns3:hr>130</ns3:hr>
          </ns3:TrackPointExtension>
        </extensions>
      </trkpt>
      <trkpt lat="59.98558181338012218475341796875" lon="30.34948593936860561370849609375">
        <ele>65.59999847412109375</ele>
        <time>2026-03-16T07:05:08.000Z</time>
        <extensions>
          <ns3:TrackPointExtension>
            <ns3:atemp>19.0</ns3:atemp>
            <ns3:hr>131</ns3:hr>
          </ns3:TrackPointExtension>
        </extensions>
      </trkpt>
      <trkpt lat="59.98539975844323635101318359375" lon="30.349541343748569488525390625">
        <ele>65.8000030517578125</ele>
        <time>2026-03-16T07:05:13.000Z</time>
        <extensions>
          <ns3:TrackPointExtension>
            <ns3:atemp>19.0</ns3:atemp>
            <ns3:hr>132</ns3:hr>
          </ns3:TrackPointExtension>
        </extensions>
      </trkpt>
      <trkpt lat="59.98536287806928157806396484375" lon="30.34954779781401157379150390625">
        <ele>65.8000030517578125</ele>
        <time>2026-03-16T07:05:14.000Z</time>
        <extensions>
          <ns3:TrackPointExtension>
            <ns3:atemp>19.0</ns3:atemp>
            <ns3:hr>132</ns3:hr>
          </ns3:TrackPointExtension>
        </extensions>
      </trkpt>
      <trkpt lat="59.98512298800051212310791015625" lon="30.3496092371642589569091796875">
        <ele>66</ele>
        <time>2026-03-16T07:05:20.000Z</time>
        <extensions>
          <ns3:TrackPointExtension>
            <ns3:atemp>19.0</ns3:atemp>
            <ns3:hr>130</ns3:hr>
          </ns3:TrackPointExtension>
        </extensions>
      </trkpt>
      <trkpt lat="59.98476390726864337921142578125" lon="30.34976606257259845733642578125">
        <ele>66</ele>
        <time>2026-03-16T07:05:28.000Z</time>
        <extensions>
          <ns3:TrackPointExtension>
            <ns3:atemp>19.0</ns3:atemp>
            <ns3:hr>129</ns3:hr>
          </ns3:TrackPointExtension>
        </extensions>
      </trkpt>
      <trkpt lat="59.98440952040255069732666015625" lon="30.3499079681932926177978515625">
        <ele>66</ele>
        <time>2026-03-16T07:05:36.000Z</time>
        <extensions>
          <ns3:TrackPointExtension>
            <ns3:atemp>19.0</ns3:atemp>
            <ns3:hr>129</ns3:hr>
          </ns3:TrackPointExtension>
        </extensions>
      </trkpt>
      <trkpt lat="59.98419008217751979827880859375" lon="30.349886678159236907958984375">
        <ele>66.1999969482421875</ele>
        <time>2026-03-16T07:05:42.000Z</time>
        <extensions>
          <ns3:TrackPointExtension>
            <ns3:atemp>19.0</ns3:atemp>
            <ns3:hr>131</ns3:hr>
          </ns3:TrackPointExtension>
        </extensions>
      </trkpt>
      <trkpt lat="59.9839931912720203399658203125" lon="30.3499052859842777252197265625">
        <ele>66.59999847412109375</ele>
        <time>2026-03-16T07:05:49.000Z</time>
        <extensions>
          <ns3:TrackPointExtension>
            <ns3:atemp>19.0</ns3:atemp>
            <ns3:hr>130</ns3:hr>
          </ns3:TrackPointExtension>
        </extensions>
      </trkpt>
      <trkpt lat="59.983974583446979522705078125" lon="30.34987854771316051483154296875">
        <ele>66.8000030517578125</ele>
        <time>2026-03-16T07:05:50.000Z</time>
        <extensions>
          <ns3:TrackPointExtension>
            <ns3:atemp>19.0</ns3:atemp>
            <ns3:hr>129</ns3:hr>
          </ns3:TrackPointExtension>
        </extensions>
      </trkpt>
      <trkpt lat="59.98394063673913478851318359375" lon="30.349766649305820465087890625">
        <ele>67.1999969482421875</ele>
        <time>2026-03-16T07:05:54.000Z</time>
        <extensions>
          <ns3:TrackPointExtension>
            <ns3:atemp>19.0</ns3:atemp>
            <ns3:hr>126</ns3:hr>
          </ns3:TrackPointExtension>
        </extensions>
      </trkpt>
      <trkpt lat="59.98394549824297428131103515625" lon="30.34962390549480915069580078125">
        <ele>67</ele>
        <time>2026-03-16T07:05:59.000Z</time>
        <extensions>
          <ns3:TrackPointExtension>
            <ns3:atemp>19.0</ns3:atemp>
            <ns3:hr>125</ns3:hr>
          </ns3:TrackPointExtension>
        </extensions>
      </trkpt>
      <trkpt lat="59.9839542992413043975830078125" lon="30.34957847557961940765380859375">
        <ele>67</ele>
        <time>2026-03-16T07:06:03.000Z</time>
        <extensions>
          <ns3:TrackPointExtension>
            <ns3:atemp>19.0</ns3:atemp>
            <ns3:hr>123</ns3:hr>
          </ns3:TrackPointExtension>
        </extensions>
      </trkpt>
      <trkpt lat="59.9839526228606700897216796875" lon="30.3495203889906406402587890625">
        <ele>67.1999969482421875</ele>
        <time>2026-03-16T07:06:05.000Z</time>
        <extensions>
          <ns3:TrackPointExtension>
            <ns3:atemp>19.0</ns3:atemp>
            <ns3:hr>125</ns3:hr>
          </ns3:TrackPointExtension>
        </extensions>
      </trkpt>
      <trkpt lat="59.9839291535317897796630859375" lon="30.3494345583021640777587890625">
        <ele>67.1999969482421875</ele>
        <time>2026-03-16T07:06:07.000Z</time>
        <extensions>
          <ns3:TrackPointExtension>
            <ns3:atemp>19.0</ns3:atemp>
            <ns3:hr>129</ns3:hr>
          </ns3:TrackPointExtension>
        </extensions>
      </trkpt>
      <trkpt lat="59.9838916026055812835693359375" lon="30.349109172821044921875">
        <ele>67.1999969482421875</ele>
        <time>2026-03-16T07:06:12.000Z</time>
        <extensions>
          <ns3:TrackPointExtension>
            <ns3:atemp>19.0</ns3:atemp>
            <ns3:hr>130</ns3:hr>
          </ns3:TrackPointExtension>
        </extensions>
      </trkpt>
      <trkpt lat="59.98382094316184520721435546875" lon="30.34887020476162433624267578125">
        <ele>67</ele>
        <time>2026-03-16T07:06:17.000Z</time>
        <extensions>
          <ns3:TrackPointExtension>
            <ns3:atemp>19.0</ns3:atemp>
            <ns3:hr>129</ns3:hr>
          </ns3:TrackPointExtension>
        </extensions>
      </trkpt>
      <trkpt lat="59.9837167561054229736328125" lon="30.34875168465077877044677734375">
        <ele>67.1999969482421875</ele>
        <time>2026-03-16T07:06:22.000Z</time>
        <extensions>
          <ns3:TrackPointExtension>
            <ns3:atemp>19.0</ns3:atemp>
            <ns3:hr>130</ns3:hr>
          </ns3:TrackPointExtension>
        </extensions>
      </trkpt>
      <trkpt lat="59.98370091430842876434326171875" lon="30.34873592667281627655029296875">
        <ele>67.1999969482421875</ele>
        <time>2026-03-16T07:06:23.000Z</time>
        <extensions>
          <ns3:TrackPointExtension>
            <ns3:atemp>19.0</ns3:atemp>
            <ns3:hr>131</ns3:hr>
          </ns3:TrackPointExtension>
        </extensions>
      </trkpt>
      <trkpt lat="59.983664117753505706787109375" lon="30.34864523448050022125244140625">
        <ele>67.40000152587890625</ele>
        <time>2026-03-16T07:06:26.000Z</time>
        <extensions>
          <ns3:TrackPointExtension>
            <ns3:atemp>19.0</ns3:atemp>
            <ns3:hr>134</ns3:hr>
          </ns3:TrackPointExtension>
        </extensions>
      </trkpt>
      <trkpt lat="59.9836468510329723358154296875" lon="30.3486298955976963043212890625">
        <ele>67.40000152587890625</ele>
        <time>2026-03-16T07:06:27.000Z</time>
        <extensions>
          <ns3:TrackPointExtension>
            <ns3:atemp>19.0</ns3:atemp>
            <ns3:hr>135</ns3:hr>
          </ns3:TrackPointExtension>
        </extensions>
      </trkpt>
      <trkpt lat="59.98356948606669902801513671875" lon="30.34834348596632480621337890625">
        <ele>67.59999847412109375</ele>
        <time>2026-03-16T07:06:33.000Z</time>
        <extensions>
          <ns3:TrackPointExtension>
            <ns3:atemp>18.0</ns3:atemp>
            <ns3:hr>134</ns3:hr>
          </ns3:TrackPointExtension>
        </extensions>
      </trkpt>
      <trkpt lat="59.98342900536954402923583984375" lon="30.34804475493729114532470703125">
        <ele>67.40000152587890625</ele>
        <time>2026-03-16T07:06:38.000Z</time>
        <extensions>
          <ns3:TrackPointExtension>
            <ns3:atemp>18.0</ns3:atemp>
            <ns3:hr>131</ns3:hr>
          </ns3:TrackPointExtension>
        </extensions>
      </trkpt>
      <trkpt lat="59.98339581303298473358154296875" lon="30.3479667194187641143798828125">
        <ele>67.40000152587890625</ele>
        <time>2026-03-16T07:06:39.000Z</time>
        <extensions>
          <ns3:TrackPointExtension>
            <ns3:atemp>18.0</ns3:atemp>
            <ns3:hr>132</ns3:hr>
          </ns3:TrackPointExtension>
        </extensions>
      </trkpt>
      <trkpt lat="59.9832505546510219573974609375" lon="30.34760772250592708587646484375">
        <ele>67.40000152587890625</ele>
        <time>2026-03-16T07:06:45.000Z</time>
        <extensions>
          <ns3:TrackPointExtension>
            <ns3:atemp>18.0</ns3:atemp>
            <ns3:hr>134</ns3:hr>
          </ns3:TrackPointExtension>
        </extensions>
      </trkpt>
      <trkpt lat="59.983069337904453277587890625" lon="30.3472589515149593353271484375">
        <ele>67.59999847412109375</ele>
        <time>2026-03-16T07:06:51.000Z</time>
        <extensions>
          <ns3:TrackPointExtension>
            <ns3:atemp>18.0</ns3:atemp>
            <ns3:hr>131</ns3:hr>
          </ns3:TrackPointExtension>
        </extensions>
      </trkpt>
      <trkpt lat="59.983047880232334136962890625" lon="30.3471285291016101837158203125">
        <ele>67.59999847412109375</ele>
        <time>2026-03-16T07:06:52.000Z</time>
        <extensions>
          <ns3:TrackPointExtension>
            <ns3:atemp>18.0</ns3:atemp>
            <ns3:hr>131</ns3:hr>
          </ns3:TrackPointExtension>
        </extensions>
      </trkpt>
      <trkpt lat="59.9830125086009502410888671875" lon="30.346859134733676910400390625">
        <ele>67.8000030517578125</ele>
        <time>2026-03-16T07:06:55.000Z</time>
        <extensions>
          <ns3:TrackPointExtension>
            <ns3:atemp>18.0</ns3:atemp>
            <ns3:hr>131</ns3:hr>
          </ns3:TrackPointExtension>
        </extensions>
      </trkpt>
      <trkpt lat="59.98291418887674808502197265625" lon="30.3465146385133266448974609375">
        <ele>67.8000030517578125</ele>
        <time>2026-03-16T07:07:00.000Z</time>
        <extensions>
          <ns3:TrackPointExtension>
            <ns3:atemp>18.0</ns3:atemp>
            <ns3:hr>129</ns3:hr>
          </ns3:TrackPointExtension>
        </extensions>
      </trkpt>
      <trkpt lat="59.98285652138292789459228515625" lon="30.34637256525456905364990234375">
        <ele>68</ele>
        <time>2026-03-16T07:07:02.000Z</time>
        <extensions>
          <ns3:TrackPointExtension>
            <ns3:atemp>18.0</ns3:atemp>
            <ns3:hr>132</ns3:hr>
          </ns3:TrackPointExtension>
        </extensions>
      </trkpt>
      <trkpt lat="59.982778318226337432861328125" lon="30.34614994190633296966552734375">
        <ele>68.1999969482421875</ele>
        <time>2026-03-16T07:07:05.000Z</time>
        <extensions>
          <ns3:TrackPointExtension>
            <ns3:atemp>18.0</ns3:atemp>
            <ns3:hr>134</ns3:hr>
          </ns3:TrackPointExtension>
        </extensions>
      </trkpt>
      <trkpt lat="59.9826336465775966644287109375" lon="30.34578834660351276397705078125">
        <ele>68.40000152587890625</ele>
        <time>2026-03-16T07:07:10.000Z</time>
        <extensions>
          <ns3:TrackPointExtension>
            <ns3:atemp>18.0</ns3:atemp>
            <ns3:hr>135</ns3:hr>
          </ns3:TrackPointExtension>
        </extensions>
      </trkpt>
      <trkpt lat="59.98248553834855556488037109375" lon="30.34534402191638946533203125">
        <ele>68.8000030517578125</ele>
        <time>2026-03-16T07:07:16.000Z</time>
        <extensions>
          <ns3:TrackPointExtension>
            <ns3:atemp>18.0</ns3:atemp>
            <ns3:hr>136</ns3:hr>
          </ns3:TrackPointExtension>
        </extensions>
      </trkpt>
      <trkpt lat="59.98241898603737354278564453125" lon="30.34523732028901576995849609375">
        <ele>68.8000030517578125</ele>
        <time>2026-03-16T07:07:18.000Z</time>
        <extensions>
          <ns3:TrackPointExtension>
            <ns3:atemp>18.0</ns3:atemp>
            <ns3:hr>135</ns3:hr>
          </ns3:TrackPointExtension>
        </extensions>
      </trkpt>
      <trkpt lat="59.9822966940701007843017578125" lon="30.345061384141445159912109375">
        <ele>69</ele>
        <time>2026-03-16T07:07:21.000Z</time>
        <extensions>
          <ns3:TrackPointExtension>
            <ns3:atemp>18.0</ns3:atemp>
            <ns3:hr>136</ns3:hr>
          </ns3:TrackPointExtension>
        </extensions>
      </trkpt>
      <trkpt lat="59.98208002187311649322509765625" lon="30.34465108998119831085205078125">
        <ele>69</ele>
        <time>2026-03-16T07:07:27.000Z</time>
        <extensions>
          <ns3:TrackPointExtension>
            <ns3:atemp>18.0</ns3:atemp>
            <ns3:hr>137</ns3:hr>
          </ns3:TrackPointExtension>
        </extensions>
      </trkpt>
      <trkpt lat="59.982046075165271759033203125" lon="30.3445078432559967041015625">
        <ele>69</ele>
        <time>2026-03-16T07:07:29.000Z</time>
        <extensions>
          <ns3:TrackPointExtension>
            <ns3:atemp>18.0</ns3:atemp>
            <ns3:hr>140</ns3:hr>
          </ns3:TrackPointExtension>
        </extensions>
      </trkpt>
      <trkpt lat="59.981933422386646270751953125" lon="30.34409000538289546966552734375">
        <ele>69</ele>
        <time>2026-03-16T07:07:34.000Z</time>
        <extensions>
          <ns3:TrackPointExtension>
            <ns3:atemp>18.0</ns3:atemp>
            <ns3:hr>138</ns3:hr>
          </ns3:TrackPointExtension>
        </extensions>
      </trkpt>
      <trkpt lat="59.9819325841963291168212890625" lon="30.34394399262964725494384765625">
        <ele>68.59999847412109375</ele>
        <time>2026-03-16T07:07:36.000Z</time>
        <extensions>
          <ns3:TrackPointExtension>
            <ns3:atemp>18.0</ns3:atemp>
            <ns3:hr>137</ns3:hr>
          </ns3:TrackPointExtension>
        </extensions>
      </trkpt>
      <trkpt lat="59.981944151222705841064453125" lon="30.3438874147832393646240234375">
        <ele>68.59999847412109375</ele>
        <time>2026-03-16T07:07:37.000Z</time>
        <extensions>
          <ns3:TrackPointExtension>
            <ns3:atemp>18.0</ns3:atemp>
            <ns3:hr>137</ns3:hr>
          </ns3:TrackPointExtension>
        </extensions>
      </trkpt>
      <trkpt lat="59.98195027001202106475830078125" lon="30.3437693975865840911865234375">
        <ele>68.40000152587890625</ele>
        <time>2026-03-16T07:07:40.000Z</time>
        <extensions>
          <ns3:TrackPointExtension>
            <ns3:atemp>18.0</ns3:atemp>
            <ns3:hr>137</ns3:hr>
          </ns3:TrackPointExtension>
        </extensions>
      </trkpt>
      <trkpt lat="59.98191297054290771484375" lon="30.34367459826171398162841796875">
        <ele>68.40000152587890625</ele>
        <time>2026-03-16T07:07:42.000Z</time>
        <extensions>
          <ns3:TrackPointExtension>
            <ns3:atemp>18.0</ns3:atemp>
            <ns3:hr>136</ns3:hr>
          </ns3:TrackPointExtension>
        </extensions>
      </trkpt>
      <trkpt lat="59.9818494357168674468994140625" lon="30.3434532321989536285400390625">
        <ele>68.1999969482421875</ele>
        <time>2026-03-16T07:07:47.000Z</time>
        <extensions>
          <ns3:TrackPointExtension>
            <ns3:atemp>18.0</ns3:atemp>
            <ns3:hr>136</ns3:hr>
          </ns3:TrackPointExtension>
        </extensions>
      </trkpt>
      <trkpt lat="59.9818048439919948577880859375" lon="30.3433643840253353118896484375">
        <ele>68</ele>
        <time>2026-03-16T07:07:50.000Z</time>
        <extensions>
          <ns3:TrackPointExtension>
            <ns3:atemp>18.0</ns3:atemp>
            <ns3:hr>137</ns3:hr>
          </ns3:TrackPointExtension>
        </extensions>
      </trkpt>
      <trkpt lat="59.98179554007947444915771484375" lon="30.3433372266590595245361328125">
        <ele>68</ele>
        <time>2026-03-16T07:07:51.000Z</time>
        <extensions>
          <ns3:TrackPointExtension>
            <ns3:atemp>18.0</ns3:atemp>
            <ns3:hr>136</ns3:hr>
          </ns3:TrackPointExtension>
        </extensions>
      </trkpt>
      <trkpt lat="59.98178489506244659423828125" lon="30.3433197923004627227783203125">
        <ele>68</ele>
        <time>2026-03-16T07:07:52.000Z</time>
        <extensions>
          <ns3:TrackPointExtension>
            <ns3:atemp>18.0</ns3:atemp>
            <ns3:hr>137</ns3:hr>
          </ns3:TrackPointExtension>
        </extensions>
      </trkpt>
      <trkpt lat="59.98176855035126209259033203125" lon="30.34329808317124843597412109375">
        <ele>67.8000030517578125</ele>
        <time>2026-03-16T07:07:53.000Z</time>
        <extensions>
          <ns3:TrackPointExtension>
            <ns3:atemp>18.0</ns3:atemp>
            <ns3:hr>134</ns3:hr>
          </ns3:TrackPointExtension>
        </extensions>
      </trkpt>
      <trkpt lat="59.981722868978977203369140625" lon="30.34320990554988384246826171875">
        <ele>67.8000030517578125</ele>
        <time>2026-03-16T07:07:55.000Z</time>
        <extensions>
          <ns3:TrackPointExtension>
            <ns3:atemp>18.0</ns3:atemp>
            <ns3:hr>134</ns3:hr>
          </ns3:TrackPointExtension>
        </extensions>
      </trkpt>
      <trkpt lat="59.98159177601337432861328125" lon="30.34284797497093677520751953125">
        <ele>67.1999969482421875</ele>
        <time>2026-03-16T07:08:01.000Z</time>
        <extensions>
          <ns3:TrackPointExtension>
            <ns3:atemp>18.0</ns3:atemp>
            <ns3:hr>133</ns3:hr>
          </ns3:TrackPointExtension>
        </extensions>
      </trkpt>
      <trkpt lat="59.98149387538433074951171875" lon="30.34256315790116786956787109375">
        <ele>67.1999969482421875</ele>
        <time>2026-03-16T07:08:07.000Z</time>
        <extensions>
          <ns3:TrackPointExtension>
            <ns3:atemp>18.0</ns3:atemp>
            <ns3:hr>134</ns3:hr>
          </ns3:TrackPointExtension>
        </extensions>
      </trkpt>
      <trkpt lat="59.98138365335762500762939453125" lon="30.34227557480335235595703125">
        <ele>66.8000030517578125</ele>
        <time>2026-03-16T07:08:11.000Z</time>
        <extensions>
          <ns3:TrackPointExtension>
            <ns3:atemp>18.0</ns3:atemp>
            <ns3:hr>136</ns3:hr>
          </ns3:TrackPointExtension>
        </extensions>
      </trkpt>
      <trkpt lat="59.98135901056230068206787109375" lon="30.342218577861785888671875">
        <ele>66.59999847412109375</ele>
        <time>2026-03-16T07:08:12.000Z</time>
        <extensions>
          <ns3:TrackPointExtension>
            <ns3:atemp>18.0</ns3:atemp>
            <ns3:hr>139</ns3:hr>
          </ns3:TrackPointExtension>
        </extensions>
      </trkpt>
      <trkpt lat="59.981333948671817779541015625" lon="30.34215487539768218994140625">
        <ele>66.40000152587890625</ele>
        <time>2026-03-16T07:08:13.000Z</time>
        <extensions>
          <ns3:TrackPointExtension>
            <ns3:atemp>18.0</ns3:atemp>
            <ns3:hr>143</ns3:hr>
          </ns3:TrackPointExtension>
        </extensions>
      </trkpt>
      <trkpt lat="59.98122238554060459136962890625" lon="30.34191339276731014251708984375">
        <ele>66.1999969482421875</ele>
        <time>2026-03-16T07:08:17.000Z</time>
        <extensions>
          <ns3:TrackPointExtension>
            <ns3:atemp>18.0</ns3:atemp>
            <ns3:hr>146</ns3:hr>
          </ns3:TrackPointExtension>
        </extensions>
      </trkpt>
      <trkpt lat="59.981193132698535919189453125" lon="30.3418418951332569122314453125">
        <ele>66.1999969482421875</ele>
        <time>2026-03-16T07:08:18.000Z</time>
        <extensions>
          <ns3:TrackPointExtension>
            <ns3:atemp>18.0</ns3:atemp>
            <ns3:hr>146</ns3:hr>
          </ns3:TrackPointExtension>
        </extensions>
      </trkpt>
      <trkpt lat="59.9810595251619815826416015625" lon="30.3414640389382839202880859375">
        <ele>65.8000030517578125</ele>
        <time>2026-03-16T07:08:23.000Z</time>
        <extensions>
          <ns3:TrackPointExtension>
            <ns3:atemp>18.0</ns3:atemp>
            <ns3:hr>147</ns3:hr>
          </ns3:TrackPointExtension>
        </extensions>
      </trkpt>
      <trkpt lat="59.9810291826725006103515625" lon="30.34133722074329853057861328125">
        <ele>65.59999847412109375</ele>
        <time>2026-03-16T07:08:25.000Z</time>
        <extensions>
          <ns3:TrackPointExtension>
            <ns3:atemp>18.0</ns3:atemp>
            <ns3:hr>147</ns3:hr>
          </ns3:TrackPointExtension>
        </extensions>
      </trkpt>
      <trkpt lat="59.9809673242270946502685546875" lon="30.34112222492694854736328125">
        <ele>65.40000152587890625</ele>
        <time>2026-03-16T07:08:29.000Z</time>
        <extensions>
          <ns3:TrackPointExtension>
            <ns3:atemp>18.0</ns3:atemp>
            <ns3:hr>146</ns3:hr>
          </ns3:TrackPointExtension>
        </extensions>
      </trkpt>
      <trkpt lat="59.980951063334941864013671875" lon="30.34109280444681644439697265625">
        <ele>65.40000152587890625</ele>
        <time>2026-03-16T07:08:30.000Z</time>
        <extensions>
          <ns3:TrackPointExtension>
            <ns3:atemp>18.0</ns3:atemp>
            <ns3:hr>146</ns3:hr>
          </ns3:TrackPointExtension>
        </extensions>
      </trkpt>
      <trkpt lat="59.98089264146983623504638671875" lon="30.3409802354872226715087890625">
        <ele>65.40000152587890625</ele>
        <time>2026-03-16T07:08:32.000Z</time>
        <extensions>
          <ns3:TrackPointExtension>
            <ns3:atemp>18.0</ns3:atemp>
            <ns3:hr>146</ns3:hr>
          </ns3:TrackPointExtension>
        </extensions>
      </trkpt>
      <trkpt lat="59.98075618408620357513427734375" lon="30.340560637414455413818359375">
        <ele>65</ele>
        <time>2026-03-16T07:08:37.000Z</time>
        <extensions>
          <ns3:TrackPointExtension>
            <ns3:atemp>18.0</ns3:atemp>
            <ns3:hr>144</ns3:hr>
          </ns3:TrackPointExtension>
        </extensions>
      </trkpt>
      <trkpt lat="59.9806612171232700347900390625" lon="30.3403485752642154693603515625">
        <ele>65</ele>
        <time>2026-03-16T07:08:40.000Z</time>
        <extensions>
          <ns3:TrackPointExtension>
            <ns3:atemp>18.0</ns3:atemp>
            <ns3:hr>142</ns3:hr>
          </ns3:TrackPointExtension>
        </extensions>
      </trkpt>
      <trkpt lat="59.9806241691112518310546875" lon="30.34020851366221904754638671875">
        <ele>65.1999969482421875</ele>
        <time>2026-03-16T07:08:42.000Z</time>
        <extensions>
          <ns3:TrackPointExtension>
            <ns3:atemp>18.0</ns3:atemp>
            <ns3:hr>142</ns3:hr>
          </ns3:TrackPointExtension>
        </extensions>
      </trkpt>
      <trkpt lat="59.9805168807506561279296875" lon="30.3399512730538845062255859375">
        <ele>65.40000152587890625</ele>
        <time>2026-03-16T07:08:46.000Z</time>
        <extensions>
          <ns3:TrackPointExtension>
            <ns3:atemp>18.0</ns3:atemp>
            <ns3:hr>145</ns3:hr>
          </ns3:TrackPointExtension>
        </extensions>
      </trkpt>
      <trkpt lat="59.98043867759406566619873046875" lon="30.33974214456975460052490234375">
        <ele>65.40000152587890625</ele>
        <time>2026-03-16T07:08:49.000Z</time>
        <extensions>
          <ns3:TrackPointExtension>
            <ns3:atemp>18.0</ns3:atemp>
            <ns3:hr>142</ns3:hr>
          </ns3:TrackPointExtension>
        </extensions>
      </trkpt>
      <trkpt lat="59.9803782440721988677978515625" lon="30.3395885042846202850341796875">
        <ele>65.59999847412109375</ele>
        <time>2026-03-16T07:08:51.000Z</time>
        <extensions>
          <ns3:TrackPointExtension>
            <ns3:atemp>18.0</ns3:atemp>
            <ns3:hr>139</ns3:hr>
          </ns3:TrackPointExtension>
        </extensions>
      </trkpt>
      <trkpt lat="59.98024505563080310821533203125" lon="30.3392049483954906463623046875">
        <ele>65.40000152587890625</ele>
        <time>2026-03-16T07:08:56.000Z</time>
        <extensions>
          <ns3:TrackPointExtension>
            <ns3:atemp>18.0</ns3:atemp>
            <ns3:hr>137</ns3:hr>
          </ns3:TrackPointExtension>
        </extensions>
      </trkpt>
      <trkpt lat="59.980130977928638458251953125" lon="30.3388683311641216278076171875">
        <ele>66</ele>
        <time>2026-03-16T07:09:00.000Z</time>
        <extensions>
          <ns3:TrackPointExtension>
            <ns3:atemp>18.0</ns3:atemp>
            <ns3:hr>137</ns3:hr>
          </ns3:TrackPointExtension>
        </extensions>
      </trkpt>
      <trkpt lat="59.98007833957672119140625" lon="30.33873296342790126800537109375">
        <ele>66.1999969482421875</ele>
        <time>2026-03-16T07:09:02.000Z</time>
        <extensions>
          <ns3:TrackPointExtension>
            <ns3:atemp>18.0</ns3:atemp>
            <ns3:hr>136</ns3:hr>
          </ns3:TrackPointExtension>
        </extensions>
      </trkpt>
      <trkpt lat="59.980045147240161895751953125" lon="30.338641516864299774169921875">
        <ele>66.40000152587890625</ele>
        <time>2026-03-16T07:09:04.000Z</time>
        <extensions>
          <ns3:TrackPointExtension>
            <ns3:atemp>18.0</ns3:atemp>
            <ns3:hr>137</ns3:hr>
          </ns3:TrackPointExtension>
        </extensions>
      </trkpt>
      <trkpt lat="59.979963004589080810546875" lon="30.33835686743259429931640625">
        <ele>66.40000152587890625</ele>
        <time>2026-03-16T07:09:09.000Z</time>
        <extensions>
          <ns3:TrackPointExtension>
            <ns3:atemp>18.0</ns3:atemp>
            <ns3:hr>138</ns3:hr>
          </ns3:TrackPointExtension>
        </extensions>
      </trkpt>
      <trkpt lat="59.97981858439743518829345703125" lon="30.3378613293170928955078125">
        <ele>66.1999969482421875</ele>
        <time>2026-03-16T07:09:16.000Z</time>
        <extensions>
          <ns3:TrackPointExtension>
            <ns3:atemp>18.0</ns3:atemp>
            <ns3:hr>139</ns3:hr>
          </ns3:TrackPointExtension>
        </extensions>
      </trkpt>
      <trkpt lat="59.97975253500044345855712890625" lon="30.33759302459657192230224609375">
        <ele>66.40000152587890625</ele>
        <time>2026-03-16T07:09:20.000Z</time>
        <extensions>
          <ns3:TrackPointExtension>
            <ns3:atemp>18.0</ns3:atemp>
            <ns3:hr>136</ns3:hr>
          </ns3:TrackPointExtension>
        </extensions>
      </trkpt>
      <trkpt lat="59.97972554527223110198974609375" lon="30.33748774789273738861083984375">
        <ele>66.8000030517578125</ele>
        <time>2026-03-16T07:09:22.000Z</time>
        <extensions>
          <ns3:TrackPointExtension>
            <ns3:atemp>18.0</ns3:atemp>
            <ns3:hr>136</ns3:hr>
          </ns3:TrackPointExtension>
        </extensions>
      </trkpt>
      <trkpt lat="59.97970752418041229248046875" lon="30.33743862994015216827392578125">
        <ele>66.8000030517578125</ele>
        <time>2026-03-16T07:09:23.000Z</time>
        <extensions>
          <ns3:TrackPointExtension>
            <ns3:atemp>18.0</ns3:atemp>
            <ns3:hr>136</ns3:hr>
          </ns3:TrackPointExtension>
        </extensions>
      </trkpt>
      <trkpt lat="59.97954365797340869903564453125" lon="30.33719572238624095916748046875">
        <ele>66.8000030517578125</ele>
        <time>2026-03-16T07:09:26.000Z</time>
        <extensions>
          <ns3:TrackPointExtension>
            <ns3:atemp>18.0</ns3:atemp>
            <ns3:hr>135</ns3:hr>
          </ns3:TrackPointExtension>
        </extensions>
      </trkpt>
      <trkpt lat="59.97937895357608795166015625" lon="30.33697946928441524505615234375">
        <ele>67.1999969482421875</ele>
        <time>2026-03-16T07:09:31.000Z</time>
        <extensions>
          <ns3:TrackPointExtension>
            <ns3:atemp>18.0</ns3:atemp>
            <ns3:hr>134</ns3:hr>
          </ns3:TrackPointExtension>
        </extensions>
      </trkpt>
      <trkpt lat="59.9793509580194950103759765625" lon="30.33691543154418468475341796875">
        <ele>67.1999969482421875</ele>
        <time>2026-03-16T07:09:32.000Z</time>
        <extensions>
          <ns3:TrackPointExtension>
            <ns3:atemp>18.0</ns3:atemp>
            <ns3:hr>134</ns3:hr>
          </ns3:TrackPointExtension>
        </extensions>
      </trkpt>
      <trkpt lat="59.97932321391999721527099609375" lon="30.3365146927535533905029296875">
        <ele>67</ele>
        <time>2026-03-16T07:09:35.000Z</time>
        <extensions>
          <ns3:TrackPointExtension>
            <ns3:atemp>18.0</ns3:atemp>
            <ns3:hr>134</ns3:hr>
          </ns3:TrackPointExtension>
        </extensions>
      </trkpt>
      <trkpt lat="59.97914367355406284332275390625" lon="30.33606198616325855255126953125">
        <ele>67.1999969482421875</ele>
        <time>2026-03-16T07:09:40.000Z</time>
        <extensions>
          <ns3:TrackPointExtension>
            <ns3:atemp>18.0</ns3:atemp>
            <ns3:hr>133</ns3:hr>
          </ns3:TrackPointExtension>
        </extensions>
      </trkpt>
      <trkpt lat="59.9790210463106632232666015625" lon="30.335774235427379608154296875">
        <ele>67.1999969482421875</ele>
        <time>2026-03-16T07:09:45.000Z</time>
        <extensions>
          <ns3:TrackPointExtension>
            <ns3:atemp>17.0</ns3:atemp>
            <ns3:hr>135</ns3:hr>
          </ns3:TrackPointExtension>
        </extensions>
      </trkpt>
      <trkpt lat="59.9790056236088275909423828125" lon="30.33573903143405914306640625">
        <ele>67.1999969482421875</ele>
        <time>2026-03-16T07:09:49.000Z</time>
        <extensions>
          <ns3:TrackPointExtension>
            <ns3:atemp>17.0</ns3:atemp>
            <ns3:hr>137</ns3:hr>
          </ns3:TrackPointExtension>
        </extensions>
      </trkpt>
      <trkpt lat="59.97898290865123271942138671875" lon="30.33569284714758396148681640625">
        <ele>67.1999969482421875</ele>
        <time>2026-03-16T07:09:51.000Z</time>
        <extensions>
          <ns3:TrackPointExtension>
            <ns3:atemp>17.0</ns3:atemp>
            <ns3:hr>136</ns3:hr>
          </ns3:TrackPointExtension>
        </extensions>
      </trkpt>
      <trkpt lat="59.9789700843393802642822265625" lon="30.335642136633396148681640625">
        <ele>67.1999969482421875</ele>
        <time>2026-03-16T07:09:54.000Z</time>
        <extensions>
          <ns3:TrackPointExtension>
            <ns3:atemp>17.0</ns3:atemp>
            <ns3:hr>134</ns3:hr>
          </ns3:TrackPointExtension>
        </extensions>
      </trkpt>
      <trkpt lat="59.97893965803086757659912109375" lon="30.33547751605510711669921875">
        <ele>66.8000030517578125</ele>
        <time>2026-03-16T07:09:59.000Z</time>
        <extensions>
          <ns3:TrackPointExtension>
            <ns3:atemp>17.0</ns3:atemp>
            <ns3:hr>134</ns3:hr>
          </ns3:TrackPointExtension>
        </extensions>
      </trkpt>
      <trkpt lat="59.97864193283021450042724609375" lon="30.33525816164910793304443359375">
        <ele>67</ele>
        <time>2026-03-16T07:10:04.000Z</time>
        <extensions>
          <ns3:TrackPointExtension>
            <ns3:atemp>17.0</ns3:atemp>
            <ns3:hr>132</ns3:hr>
          </ns3:TrackPointExtension>
        </extensions>
      </trkpt>
      <trkpt lat="59.978512935340404510498046875" lon="30.33505883999168872833251953125">
        <ele>67</ele>
        <time>2026-03-16T07:10:07.000Z</time>
        <extensions>
          <ns3:TrackPointExtension>
            <ns3:atemp>17.0</ns3:atemp>
            <ns3:hr>135</ns3:hr>
          </ns3:TrackPointExtension>
        </extensions>
      </trkpt>
      <trkpt lat="59.97844160534441471099853515625" lon="30.33495121635496616363525390625">
        <ele>67</ele>
        <time>2026-03-16T07:10:09.000Z</time>
        <extensions>
          <ns3:TrackPointExtension>
            <ns3:atemp>17.0</ns3:atemp>
            <ns3:hr>134</ns3:hr>
          </ns3:TrackPointExtension>
        </extensions>
      </trkpt>
      <trkpt lat="59.97840799391269683837890625" lon="30.33490628935396671295166015625">
        <ele>67</ele>
        <time>2026-03-16T07:10:10.000Z</time>
        <extensions>
          <ns3:TrackPointExtension>
            <ns3:atemp>17.0</ns3:atemp>
            <ns3:hr>134</ns3:hr>
          </ns3:TrackPointExtension>
        </extensions>
      </trkpt>
      <trkpt lat="59.97833716683089733123779296875" lon="30.33472758717834949493408203125">
        <ele>67</ele>
        <time>2026-03-16T07:10:12.000Z</time>
        <extensions>
          <ns3:TrackPointExtension>
            <ns3:atemp>17.0</ns3:atemp>
            <ns3:hr>135</ns3:hr>
          </ns3:TrackPointExtension>
        </extensions>
      </trkpt>
      <trkpt lat="59.97829022817313671112060546875" lon="30.33455550670623779296875">
        <ele>67</ele>
        <time>2026-03-16T07:10:15.000Z</time>
        <extensions>
          <ns3:TrackPointExtension>
            <ns3:atemp>17.0</ns3:atemp>
            <ns3:hr>137</ns3:hr>
          </ns3:TrackPointExtension>
        </extensions>
      </trkpt>
      <trkpt lat="59.978223256766796112060546875" lon="30.334340594708919525146484375">
        <ele>66.59999847412109375</ele>
        <time>2026-03-16T07:10:19.000Z</time>
        <extensions>
          <ns3:TrackPointExtension>
            <ns3:atemp>17.0</ns3:atemp>
            <ns3:hr>136</ns3:hr>
          </ns3:TrackPointExtension>
        </extensions>
      </trkpt>
      <trkpt lat="59.9782074987888336181640625" lon="30.3342644870281219482421875">
        <ele>66.40000152587890625</ele>
        <time>2026-03-16T07:10:20.000Z</time>
        <extensions>
          <ns3:TrackPointExtension>
            <ns3:atemp>17.0</ns3:atemp>
            <ns3:hr>136</ns3:hr>
          </ns3:TrackPointExtension>
        </extensions>
      </trkpt>
      <trkpt lat="59.97811689041554927825927734375" lon="30.3339783288538455963134765625">
        <ele>66.40000152587890625</ele>
        <time>2026-03-16T07:10:25.000Z</time>
        <extensions>
          <ns3:TrackPointExtension>
            <ns3:atemp>17.0</ns3:atemp>
            <ns3:hr>137</ns3:hr>
          </ns3:TrackPointExtension>
        </extensions>
      </trkpt>
      <trkpt lat="59.9780584685504436492919921875" lon="30.33373315818607807159423828125">
        <ele>66.40000152587890625</ele>
        <time>2026-03-16T07:10:27.000Z</time>
        <extensions>
          <ns3:TrackPointExtension>
            <ns3:atemp>17.0</ns3:atemp>
            <ns3:hr>139</ns3:hr>
          </ns3:TrackPointExtension>
        </extensions>
      </trkpt>
      <trkpt lat="59.9780249409377574920654296875" lon="30.33343769609928131103515625">
        <ele>66.40000152587890625</ele>
        <time>2026-03-16T07:10:29.000Z</time>
        <extensions>
          <ns3:TrackPointExtension>
            <ns3:atemp>17.0</ns3:atemp>
            <ns3:hr>137</ns3:hr>
          </ns3:TrackPointExtension>
        </extensions>
      </trkpt>
      <trkpt lat="59.97813348658382892608642578125" lon="30.333094038069248199462890625">
        <ele>66.40000152587890625</ele>
        <time>2026-03-16T07:10:32.000Z</time>
        <extensions>
          <ns3:TrackPointExtension>
            <ns3:atemp>17.0</ns3:atemp>
            <ns3:hr>138</ns3:hr>
          </ns3:TrackPointExtension>
        </extensions>
      </trkpt>
      <trkpt lat="59.97806794010102748870849609375" lon="30.33289312385022640228271484375">
        <ele>66.59999847412109375</ele>
        <time>2026-03-16T07:10:35.000Z</time>
        <extensions>
          <ns3:TrackPointExtension>
            <ns3:atemp>17.0</ns3:atemp>
            <ns3:hr>140</ns3:hr>
          </ns3:TrackPointExtension>
        </extensions>
      </trkpt>
      <trkpt lat="59.9780326522886753082275390625" lon="30.33281131647527217864990234375">
        <ele>66.59999847412109375</ele>
        <time>2026-03-16T07:10:37.000Z</time>
        <extensions>
          <ns3:TrackPointExtension>
            <ns3:atemp>17.0</ns3:atemp>
            <ns3:hr>139</ns3:hr>
          </ns3:TrackPointExtension>
        </extensions>
      </trkpt>
      <trkpt lat="59.97797071002423763275146484375" lon="30.332755744457244873046875">
        <ele>66.59999847412109375</ele>
        <time>2026-03-16T07:10:38.000Z</time>
        <extensions>
          <ns3:TrackPointExtension>
            <ns3:atemp>17.0</ns3:atemp>
            <ns3:hr>140</ns3:hr>
          </ns3:TrackPointExtension>
        </extensions>
      </trkpt>
      <trkpt lat="59.9778338335454463958740234375" lon="30.33258936367928981781005859375">
        <ele>66.59999847412109375</ele>
        <time>2026-03-16T07:10:40.000Z</time>
        <extensions>
          <ns3:TrackPointExtension>
            <ns3:atemp>17.0</ns3:atemp>
            <ns3:hr>139</ns3:hr>
          </ns3:TrackPointExtension>
        </extensions>
      </trkpt>
      <trkpt lat="59.97759394347667694091796875" lon="30.332277975976467132568359375">
        <ele>66.59999847412109375</ele>
        <time>2026-03-16T07:10:44.000Z</time>
        <extensions>
          <ns3:TrackPointExtension>
            <ns3:atemp>17.0</ns3:atemp>
            <ns3:hr>138</ns3:hr>
          </ns3:TrackPointExtension>
        </extensions>
      </trkpt>
      <trkpt lat="59.97754842974245548248291015625" lon="30.332192145287990570068359375">
        <ele>66.59999847412109375</ele>
        <time>2026-03-16T07:10:45.000Z</time>
        <extensions>
          <ns3:TrackPointExtension>
            <ns3:atemp>17.0</ns3:atemp>
            <ns3:hr>138</ns3:hr>
          </ns3:TrackPointExtension>
        </extensions>
      </trkpt>
      <trkpt lat="59.9775002337992191314697265625" lon="30.3321272693574428558349609375">
        <ele>66.59999847412109375</ele>
        <time>2026-03-16T07:10:46.000Z</time>
        <extensions>
          <ns3:TrackPointExtension>
            <ns3:atemp>17.0</ns3:atemp>
            <ns3:hr>139</ns3:hr>
          </ns3:TrackPointExtension>
        </extensions>
      </trkpt>
      <trkpt lat="59.97734055854380130767822265625" lon="30.33194479532539844512939453125">
        <ele>66.40000152587890625</ele>
        <time>2026-03-16T07:10:49.000Z</time>
        <extensions>
          <ns3:TrackPointExtension>
            <ns3:atemp>17.0</ns3:atemp>
            <ns3:hr>140</ns3:hr>
          </ns3:TrackPointExtension>
        </extensions>
      </trkpt>
      <trkpt lat="59.97727517969906330108642578125" lon="30.33173122443258762359619140625">
        <ele>66.1999969482421875</ele>
        <time>2026-03-16T07:10:52.000Z</time>
        <extensions>
          <ns3:TrackPointExtension>
            <ns3:atemp>17.0</ns3:atemp>
            <ns3:hr>142</ns3:hr>
          </ns3:TrackPointExtension>
        </extensions>
      </trkpt>
      <trkpt lat="59.97714928351342678070068359375" lon="30.33151631243526935577392578125">
        <ele>66.40000152587890625</ele>
        <time>2026-03-16T07:10:55.000Z</time>
        <extensions>
          <ns3:TrackPointExtension>
            <ns3:atemp>17.0</ns3:atemp>
            <ns3:hr>143</ns3:hr>
          </ns3:TrackPointExtension>
        </extensions>
      </trkpt>
      <trkpt lat="59.97707485221326351165771484375" lon="30.3313732333481311798095703125">
        <ele>66.40000152587890625</ele>
        <time>2026-03-16T07:10:57.000Z</time>
        <extensions>
          <ns3:TrackPointExtension>
            <ns3:atemp>17.0</ns3:atemp>
            <ns3:hr>144</ns3:hr>
          </ns3:TrackPointExtension>
        </extensions>
      </trkpt>
      <trkpt lat="59.97698885388672351837158203125" lon="30.331232249736785888671875">
        <ele>66.40000152587890625</ele>
        <time>2026-03-16T07:10:59.000Z</time>
        <extensions>
          <ns3:TrackPointExtension>
            <ns3:atemp>17.0</ns3:atemp>
            <ns3:hr>144</ns3:hr>
          </ns3:TrackPointExtension>
        </extensions>
      </trkpt>
      <trkpt lat="59.97694618999958038330078125" lon="30.33115572296082973480224609375">
        <ele>66.40000152587890625</ele>
        <time>2026-03-16T07:11:00.000Z</time>
        <extensions>
          <ns3:TrackPointExtension>
            <ns3:atemp>17.0</ns3:atemp>
            <ns3:hr>144</ns3:hr>
          </ns3:TrackPointExtension>
        </extensions>
      </trkpt>
      <trkpt lat="59.97668777592480182647705078125" lon="30.3306339494884014129638671875">
        <ele>65.8000030517578125</ele>
        <time>2026-03-16T07:11:07.000Z</time>
        <extensions>
          <ns3:TrackPointExtension>
            <ns3:atemp>17.0</ns3:atemp>
            <ns3:hr>142</ns3:hr>
          </ns3:TrackPointExtension>
        </extensions>
      </trkpt>
      <trkpt lat="59.976664222776889801025390625" lon="30.33056882210075855255126953125">
        <ele>65.8000030517578125</ele>
        <time>2026-03-16T07:11:08.000Z</time>
        <extensions>
          <ns3:TrackPointExtension>
            <ns3:atemp>17.0</ns3:atemp>
            <ns3:hr>142</ns3:hr>
          </ns3:TrackPointExtension>
        </extensions>
      </trkpt>
      <trkpt lat="59.97659079730510711669921875" lon="30.33040135167539119720458984375">
        <ele>65.40000152587890625</ele>
        <time>2026-03-16T07:11:11.000Z</time>
        <extensions>
          <ns3:TrackPointExtension>
            <ns3:atemp>17.0</ns3:atemp>
            <ns3:hr>142</ns3:hr>
          </ns3:TrackPointExtension>
        </extensions>
      </trkpt>
      <trkpt lat="59.97233639471232891082763671875" lon="30.334357358515262603759765625">
        <ele>65.8000030517578125</ele>
        <time>2026-03-16T07:13:57.000Z</time>
        <extensions>
          <ns3:TrackPointExtension>
            <ns3:atemp>17.0</ns3:atemp>
            <ns3:hr>137</ns3:hr>
          </ns3:TrackPointExtension>
        </extensions>
      </trkpt>
      <trkpt lat="59.97232139110565185546875" lon="30.334332548081874847412109375">
        <ele>65.8000030517578125</ele>
        <time>2026-03-16T07:13:58.000Z</time>
        <extensions>
          <ns3:TrackPointExtension>
            <ns3:atemp>17.0</ns3:atemp>
            <ns3:hr>137</ns3:hr>
          </ns3:TrackPointExtension>
        </extensions>
      </trkpt>
      <trkpt lat="59.97228425927460193634033203125" lon="30.3343675844371318817138671875">
        <ele>65.8000030517578125</ele>
        <time>2026-03-16T07:13:59.000Z</time>
        <extensions>
          <ns3:TrackPointExtension>
            <ns3:atemp>17.0</ns3:atemp>
            <ns3:hr>137</ns3:hr>
          </ns3:TrackPointExtension>
        </extensions>
      </trkpt>
      <trkpt lat="59.97225039638578891754150390625" lon="30.334385521709918975830078125">
        <ele>65.8000030517578125</ele>
        <time>2026-03-16T07:14:00.000Z</time>
        <extensions>
          <ns3:TrackPointExtension>
            <ns3:atemp>17.0</ns3:atemp>
            <ns3:hr>137</ns3:hr>
          </ns3:TrackPointExtension>
        </extensions>
      </trkpt>
      <trkpt lat="59.97214511968195438385009765625" lon="30.33445701934397220611572265625">
        <ele>65.8000030517578125</ele>
        <time>2026-03-16T07:14:03.000Z</time>
        <extensions>
          <ns3:TrackPointExtension>
            <ns3:atemp>17.0</ns3:atemp>
            <ns3:hr>136</ns3:hr>
          </ns3:TrackPointExtension>
        </extensions>
      </trkpt>
      <trkpt lat="59.97208108194172382354736328125" lon="30.33452759496867656707763671875">
        <ele>66</ele>
        <time>2026-03-16T07:14:05.000Z</time>
        <extensions>
          <ns3:TrackPointExtension>
            <ns3:atemp>17.0</ns3:atemp>
            <ns3:hr>135</ns3:hr>
          </ns3:TrackPointExtension>
        </extensions>
      </trkpt>
      <trkpt lat="59.97052900493144989013671875" lon="30.3350820578634738922119140625">
        <ele>65.40000152587890625</ele>
        <time>2026-03-16T07:14:45.000Z</time>
        <extensions>
          <ns3:TrackPointExtension>
            <ns3:atemp>17.0</ns3:atemp>
            <ns3:hr>141</ns3:hr>
          </ns3:TrackPointExtension>
        </extensions>
      </trkpt>
      <trkpt lat="59.9704022705554962158203125" lon="30.33519077114760875701904296875">
        <ele>65.40000152587890625</ele>
        <time>2026-03-16T07:14:47.000Z</time>
        <extensions>
          <ns3:TrackPointExtension>
            <ns3:atemp>17.0</ns3:atemp>
            <ns3:hr>141</ns3:hr>
          </ns3:TrackPointExtension>
        </extensions>
      </trkpt>
      <trkpt lat="59.96996314264833927154541015625" lon="30.33550961874425411224365234375">
        <ele>65.40000152587890625</ele>
        <time>2026-03-16T07:14:55.000Z</time>
        <extensions>
          <ns3:TrackPointExtension>
            <ns3:atemp>17.0</ns3:atemp>
            <ns3:hr>144</ns3:hr>
          </ns3:TrackPointExtension>
        </extensions>
      </trkpt>
      <trkpt lat="59.96950984932482242584228515625" lon="30.335838608443737030029296875">
        <ele>65.40000152587890625</ele>
        <time>2026-03-16T07:15:04.000Z</time>
        <extensions>
          <ns3:TrackPointExtension>
            <ns3:atemp>17.0</ns3:atemp>
            <ns3:hr>143</ns3:hr>
          </ns3:TrackPointExtension>
        </extensions>
      </trkpt>
      <trkpt lat="59.96940155513584613800048828125" lon="30.33592016436159610748291015625">
        <ele>65.8000030517578125</ele>
        <time>2026-03-16T07:15:06.000Z</time>
        <extensions>
          <ns3:TrackPointExtension>
            <ns3:atemp>17.0</ns3:atemp>
            <ns3:hr>143</ns3:hr>
          </ns3:TrackPointExtension>
        </extensions>
      </trkpt>
      <trkpt lat="59.9691558815538883209228515625" lon="30.336041115224361419677734375">
        <ele>66.1999969482421875</ele>
        <time>2026-03-16T07:15:11.000Z</time>
        <extensions>
          <ns3:TrackPointExtension>
            <ns3:atemp>17.0</ns3:atemp>
            <ns3:hr>143</ns3:hr>
          </ns3:TrackPointExtension>
        </extensions>
      </trkpt>
      <trkpt lat="59.9691320769488811492919921875" lon="30.3361046500504016876220703125">
        <ele>66.1999969482421875</ele>
        <time>2026-03-16T07:15:12.000Z</time>
        <extensions>
          <ns3:TrackPointExtension>
            <ns3:atemp>17.0</ns3:atemp>
            <ns3:hr>143</ns3:hr>
          </ns3:TrackPointExtension>
        </extensions>
      </trkpt>
      <trkpt lat="59.96905102394521236419677734375" lon="30.3361727111041545867919921875">
        <ele>66.40000152587890625</ele>
        <time>2026-03-16T07:15:14.000Z</time>
        <extensions>
          <ns3:TrackPointExtension>
            <ns3:atemp>17.0</ns3:atemp>
            <ns3:hr>143</ns3:hr>
          </ns3:TrackPointExtension>
        </extensions>
      </trkpt>
      <trkpt lat="59.96893216855823993682861328125" lon="30.33624588511884212493896484375">
        <ele>66.40000152587890625</ele>
        <time>2026-03-16T07:15:17.000Z</time>
        <extensions>
          <ns3:TrackPointExtension>
            <ns3:atemp>17.0</ns3:atemp>
            <ns3:hr>144</ns3:hr>
          </ns3:TrackPointExtension>
        </extensions>
      </trkpt>
      <trkpt lat="59.9688125587999820709228515625" lon="30.33633339218795299530029296875">
        <ele>66.59999847412109375</ele>
        <time>2026-03-16T07:15:20.000Z</time>
        <extensions>
          <ns3:TrackPointExtension>
            <ns3:atemp>17.0</ns3:atemp>
            <ns3:hr>147</ns3:hr>
          </ns3:TrackPointExtension>
        </extensions>
      </trkpt>
      <trkpt lat="59.96871273033320903778076171875" lon="30.3362783230841159820556640625">
        <ele>66.59999847412109375</ele>
        <time>2026-03-16T07:15:23.000Z</time>
        <extensions>
          <ns3:TrackPointExtension>
            <ns3:atemp>17.0</ns3:atemp>
            <ns3:hr>149</ns3:hr>
          </ns3:TrackPointExtension>
        </extensions>
      </trkpt>
      <trkpt lat="59.968626983463764190673828125" lon="30.336274802684783935546875">
        <ele>66.8000030517578125</ele>
        <time>2026-03-16T07:15:25.000Z</time>
        <extensions>
          <ns3:TrackPointExtension>
            <ns3:atemp>17.0</ns3:atemp>
            <ns3:hr>150</ns3:hr>
          </ns3:TrackPointExtension>
        </extensions>
      </trkpt>
      <trkpt lat="59.96852816082537174224853515625" lon="30.33632769249379634857177734375">
        <ele>67.59999847412109375</ele>
        <time>2026-03-16T07:15:28.000Z</time>
        <extensions>
          <ns3:TrackPointExtension>
            <ns3:atemp>17.0</ns3:atemp>
            <ns3:hr>147</ns3:hr>
          </ns3:TrackPointExtension>
        </extensions>
      </trkpt>
      <trkpt lat="59.96840310283005237579345703125" lon="30.3364147804677486419677734375">
        <ele>68</ele>
        <time>2026-03-16T07:15:31.000Z</time>
        <extensions>
          <ns3:TrackPointExtension>
            <ns3:atemp>17.0</ns3:atemp>
            <ns3:hr>145</ns3:hr>
          </ns3:TrackPointExtension>
        </extensions>
      </trkpt>
      <trkpt lat="59.96841005980968475341796875" lon="30.33627279102802276611328125">
        <ele>68.1999969482421875</ele>
        <time>2026-03-16T07:15:33.000Z</time>
        <extensions>
          <ns3:TrackPointExtension>
            <ns3:atemp>17.0</ns3:atemp>
            <ns3:hr>145</ns3:hr>
          </ns3:TrackPointExtension>
        </extensions>
      </trkpt>
      <trkpt lat="59.96838860213756561279296875" lon="30.3362401016056537628173828125">
        <ele>68.59999847412109375</ele>
        <time>2026-03-16T07:15:34.000Z</time>
        <extensions>
          <ns3:TrackPointExtension>
            <ns3:atemp>17.0</ns3:atemp>
            <ns3:hr>146</ns3:hr>
          </ns3:TrackPointExtension>
        </extensions>
      </trkpt>
      <trkpt lat="59.96834979392588138580322265625" lon="30.33607900142669677734375">
        <ele>68.8000030517578125</ele>
        <time>2026-03-16T07:15:37.000Z</time>
        <extensions>
          <ns3:TrackPointExtension>
            <ns3:atemp>17.0</ns3:atemp>
            <ns3:hr>147</ns3:hr>
          </ns3:TrackPointExtension>
        </extensions>
      </trkpt>
      <trkpt lat="59.968332611024379730224609375" lon="30.33591597341001033782958984375">
        <ele>69</ele>
        <time>2026-03-16T07:15:39.000Z</time>
        <extensions>
          <ns3:TrackPointExtension>
            <ns3:atemp>17.0</ns3:atemp>
            <ns3:hr>148</ns3:hr>
          </ns3:TrackPointExtension>
        </extensions>
      </trkpt>
      <trkpt lat="59.96831174008548259735107421875" lon="30.33571715466678142547607421875">
        <ele>69.40000152587890625</ele>
        <time>2026-03-16T07:15:41.000Z</time>
        <extensions>
          <ns3:TrackPointExtension>
            <ns3:atemp>17.0</ns3:atemp>
            <ns3:hr>147</ns3:hr>
          </ns3:TrackPointExtension>
        </extensions>
      </trkpt>
      <trkpt lat="59.968273602426052093505859375" lon="30.335488580167293548583984375">
        <ele>70</ele>
        <time>2026-03-16T07:15:43.000Z</time>
        <extensions>
          <ns3:TrackPointExtension>
            <ns3:atemp>17.0</ns3:atemp>
            <ns3:hr>146</ns3:hr>
          </ns3:TrackPointExtension>
        </extensions>
      </trkpt>
      <trkpt lat="59.9682278372347354888916015625" lon="30.335394032299518585205078125">
        <ele>70.1999969482421875</ele>
        <time>2026-03-16T07:15:44.000Z</time>
        <extensions>
          <ns3:TrackPointExtension>
            <ns3:atemp>17.0</ns3:atemp>
            <ns3:hr>145</ns3:hr>
          </ns3:TrackPointExtension>
        </extensions>
      </trkpt>
      <trkpt lat="59.9681688286364078521728515625" lon="30.3353190980851650238037109375">
        <ele>70.40000152587890625</ele>
        <time>2026-03-16T07:15:45.000Z</time>
        <extensions>
          <ns3:TrackPointExtension>
            <ns3:atemp>17.0</ns3:atemp>
            <ns3:hr>146</ns3:hr>
          </ns3:TrackPointExtension>
        </extensions>
      </trkpt>
      <trkpt lat="59.968013763427734375" lon="30.33470596186816692352294921875">
        <ele>71.40000152587890625</ele>
        <time>2026-03-16T07:15:52.000Z</time>
        <extensions>
          <ns3:TrackPointExtension>
            <ns3:atemp>17.0</ns3:atemp>
            <ns3:hr>144</ns3:hr>
          </ns3:TrackPointExtension>
        </extensions>
      </trkpt>
      <trkpt lat="59.968050308525562286376953125" lon="30.33465550281107425689697265625">
        <ele>71.59999847412109375</ele>
        <time>2026-03-16T07:15:53.000Z</time>
        <extensions>
          <ns3:TrackPointExtension>
            <ns3:atemp>17.0</ns3:atemp>
            <ns3:hr>143</ns3:hr>
          </ns3:TrackPointExtension>
        </extensions>
      </trkpt>
      <trkpt lat="59.9680370651185512542724609375" lon="30.33458459191024303436279296875">
        <ele>71.59999847412109375</ele>
        <time>2026-03-16T07:15:54.000Z</time>
        <extensions>
          <ns3:TrackPointExtension>
            <ns3:atemp>17.0</ns3:atemp>
            <ns3:hr>144</ns3:hr>
          </ns3:TrackPointExtension>
        </extensions>
      </trkpt>
      <trkpt lat="59.96796623803675174713134765625" lon="30.3343441151082515716552734375">
        <ele>71.59999847412109375</ele>
        <time>2026-03-16T07:15:57.000Z</time>
        <extensions>
          <ns3:TrackPointExtension>
            <ns3:atemp>17.0</ns3:atemp>
            <ns3:hr>145</ns3:hr>
          </ns3:TrackPointExtension>
        </extensions>
      </trkpt>
      <trkpt lat="59.96795249171555042266845703125" lon="30.3342497348785400390625">
        <ele>71.59999847412109375</ele>
        <time>2026-03-16T07:15:58.000Z</time>
        <extensions>
          <ns3:TrackPointExtension>
            <ns3:atemp>17.0</ns3:atemp>
            <ns3:hr>146</ns3:hr>
          </ns3:TrackPointExtension>
        </extensions>
      </trkpt>
      <trkpt lat="59.96792994439601898193359375" lon="30.33404714427888393402099609375">
        <ele>71.40000152587890625</ele>
        <time>2026-03-16T07:16:00.000Z</time>
        <extensions>
          <ns3:TrackPointExtension>
            <ns3:atemp>17.0</ns3:atemp>
            <ns3:hr>146</ns3:hr>
          </ns3:TrackPointExtension>
        </extensions>
      </trkpt>
      <trkpt lat="59.967912174761295318603515625" lon="30.33385536633431911468505859375">
        <ele>71.1999969482421875</ele>
        <time>2026-03-16T07:16:02.000Z</time>
        <extensions>
          <ns3:TrackPointExtension>
            <ns3:atemp>17.0</ns3:atemp>
            <ns3:hr>145</ns3:hr>
          </ns3:TrackPointExtension>
        </extensions>
      </trkpt>
      <trkpt lat="59.9679103307425975799560546875" lon="30.33377699553966522216796875">
        <ele>71.1999969482421875</ele>
        <time>2026-03-16T07:16:03.000Z</time>
        <extensions>
          <ns3:TrackPointExtension>
            <ns3:atemp>17.0</ns3:atemp>
            <ns3:hr>143</ns3:hr>
          </ns3:TrackPointExtension>
        </extensions>
      </trkpt>
      <trkpt lat="59.96787437237799167633056640625" lon="30.33352813683450222015380859375">
        <ele>70.8000030517578125</ele>
        <time>2026-03-16T07:16:06.000Z</time>
        <extensions>
          <ns3:TrackPointExtension>
            <ns3:atemp>17.0</ns3:atemp>
            <ns3:hr>146</ns3:hr>
          </ns3:TrackPointExtension>
        </extensions>
      </trkpt>
      <trkpt lat="59.9678731150925159454345703125" lon="30.3334559686481952667236328125">
        <ele>70.59999847412109375</ele>
        <time>2026-03-16T07:16:07.000Z</time>
        <extensions>
          <ns3:TrackPointExtension>
            <ns3:atemp>17.0</ns3:atemp>
            <ns3:hr>150</ns3:hr>
          </ns3:TrackPointExtension>
        </extensions>
      </trkpt>
      <trkpt lat="59.96785492636263370513916015625" lon="30.3332900069653987884521484375">
        <ele>70.40000152587890625</ele>
        <time>2026-03-16T07:16:09.000Z</time>
        <extensions>
          <ns3:TrackPointExtension>
            <ns3:atemp>17.0</ns3:atemp>
            <ns3:hr>155</ns3:hr>
          </ns3:TrackPointExtension>
        </extensions>
      </trkpt>
      <trkpt lat="59.96784746646881103515625" lon="30.33323577605187892913818359375">
        <ele>70.40000152587890625</ele>
        <time>2026-03-16T07:16:10.000Z</time>
        <extensions>
          <ns3:TrackPointExtension>
            <ns3:atemp>17.0</ns3:atemp>
            <ns3:hr>156</ns3:hr>
          </ns3:TrackPointExtension>
        </extensions>
      </trkpt>
      <trkpt lat="59.96784436516463756561279296875" lon="30.3331317566335201263427734375">
        <ele>70</ele>
        <time>2026-03-16T07:16:12.000Z</time>
        <extensions>
          <ns3:TrackPointExtension>
            <ns3:atemp>17.0</ns3:atemp>
            <ns3:hr>157</ns3:hr>
          </ns3:TrackPointExtension>
        </extensions>
      </trkpt>
      <trkpt lat="59.96783296577632427215576171875" lon="30.33288516104221343994140625">
        <ele>68.59999847412109375</ele>
        <time>2026-03-16T07:16:23.000Z</time>
        <extensions>
          <ns3:TrackPointExtension>
            <ns3:atemp>17.0</ns3:atemp>
            <ns3:hr>150</ns3:hr>
          </ns3:TrackPointExtension>
        </extensions>
      </trkpt>
      <trkpt lat="59.96783472597599029541015625" lon="30.33284367062151432037353515625">
        <ele>68.59999847412109375</ele>
        <time>2026-03-16T07:16:26.000Z</time>
        <extensions>
          <ns3:TrackPointExtension>
            <ns3:atemp>17.0</ns3:atemp>
            <ns3:hr>149</ns3:hr>
          </ns3:TrackPointExtension>
        </extensions>
      </trkpt>
      <trkpt lat="59.96782190166413784027099609375" lon="30.3327482007443904876708984375">
        <ele>68.1999969482421875</ele>
        <time>2026-03-16T07:16:28.000Z</time>
        <extensions>
          <ns3:TrackPointExtension>
            <ns3:atemp>17.0</ns3:atemp>
            <ns3:hr>148</ns3:hr>
          </ns3:TrackPointExtension>
        </extensions>
      </trkpt>
      <trkpt lat="59.9678087420761585235595703125" lon="30.33263169229030609130859375">
        <ele>68</ele>
        <time>2026-03-16T07:16:30.000Z</time>
        <extensions>
          <ns3:TrackPointExtension>
            <ns3:atemp>17.0</ns3:atemp>
            <ns3:hr>148</ns3:hr>
          </ns3:TrackPointExtension>
        </extensions>
      </trkpt>
      <trkpt lat="59.9678744561970233917236328125" lon="30.33273219130933284759521484375">
        <ele>67.8000030517578125</ele>
        <time>2026-03-16T07:16:34.000Z</time>
        <extensions>
          <ns3:TrackPointExtension>
            <ns3:atemp>17.0</ns3:atemp>
            <ns3:hr>151</ns3:hr>
          </ns3:TrackPointExtension>
        </extensions>
      </trkpt>
      <trkpt lat="59.96788568794727325439453125" lon="30.332731269299983978271484375">
        <ele>67.8000030517578125</ele>
        <time>2026-03-16T07:16:35.000Z</time>
        <extensions>
          <ns3:TrackPointExtension>
            <ns3:atemp>17.0</ns3:atemp>
            <ns3:hr>150</ns3:hr>
          </ns3:TrackPointExtension>
        </extensions>
      </trkpt>
      <trkpt lat="59.9678925611078739166259765625" lon="30.332723893225193023681640625">
        <ele>67.8000030517578125</ele>
        <time>2026-03-16T07:16:36.000Z</time>
        <extensions>
          <ns3:TrackPointExtension>
            <ns3:atemp>17.0</ns3:atemp>
            <ns3:hr>150</ns3:hr>
          </ns3:TrackPointExtension>
        </extensions>
      </trkpt>
      <trkpt lat="59.9679016135632991790771484375" lon="30.33273537643253803253173828125">
        <ele>67.59999847412109375</ele>
        <time>2026-03-16T07:16:39.000Z</time>
        <extensions>
          <ns3:TrackPointExtension>
            <ns3:atemp>17.0</ns3:atemp>
            <ns3:hr>147</ns3:hr>
          </ns3:TrackPointExtension>
        </extensions>
      </trkpt>
      <trkpt lat="59.96789214201271533966064453125" lon="30.33272816799581050872802734375">
        <ele>67.59999847412109375</ele>
        <time>2026-03-16T07:16:41.000Z</time>
        <extensions>
          <ns3:TrackPointExtension>
            <ns3:atemp>17.0</ns3:atemp>
            <ns3:hr>145</ns3:hr>
          </ns3:TrackPointExtension>
        </extensions>
      </trkpt>
      <trkpt lat="59.9678858555853366851806640625" lon="30.33272682689130306243896484375">
        <ele>67.59999847412109375</ele>
        <time>2026-03-16T07:16:44.000Z</time>
        <extensions>
          <ns3:TrackPointExtension>
            <ns3:atemp>17.0</ns3:atemp>
            <ns3:hr>142</ns3:hr>
          </ns3:TrackPointExtension>
        </extensions>
      </trkpt>
      <trkpt lat="59.96788744814693927764892578125" lon="30.3327300958335399627685546875">
        <ele>67.40000152587890625</ele>
        <time>2026-03-16T07:16:48.000Z</time>
        <extensions>
          <ns3:TrackPointExtension>
            <ns3:atemp>17.0</ns3:atemp>
            <ns3:hr>141</ns3:hr>
          </ns3:TrackPointExtension>
        </extensions>
      </trkpt>
      <trkpt lat="59.9678945727646350860595703125" lon="30.3327589295804500579833984375">
        <ele>67.1999969482421875</ele>
        <time>2026-03-16T07:16:52.000Z</time>
        <extensions>
          <ns3:TrackPointExtension>
            <ns3:atemp>17.0</ns3:atemp>
            <ns3:hr>140</ns3:hr>
          </ns3:TrackPointExtension>
        </extensions>
      </trkpt>
      <trkpt lat="59.96789105236530303955078125" lon="30.33272582106292247772216796875">
        <ele>67.1999969482421875</ele>
        <time>2026-03-16T07:16:53.000Z</time>
        <extensions>
          <ns3:TrackPointExtension>
            <ns3:atemp>17.0</ns3:atemp>
            <ns3:hr>140</ns3:hr>
          </ns3:TrackPointExtension>
        </extensions>
      </trkpt>
      <trkpt lat="59.96789909899234771728515625" lon="30.33269832842051982879638671875">
        <ele>67.1999969482421875</ele>
        <time>2026-03-16T07:16:54.000Z</time>
        <extensions>
          <ns3:TrackPointExtension>
            <ns3:atemp>17.0</ns3:atemp>
            <ns3:hr>141</ns3:hr>
          </ns3:TrackPointExtension>
        </extensions>
      </trkpt>
      <trkpt lat="59.96791251003742218017578125" lon="30.3326935507357120513916015625">
        <ele>67.1999969482421875</ele>
        <time>2026-03-16T07:16:55.000Z</time>
        <extensions>
          <ns3:TrackPointExtension>
            <ns3:atemp>17.0</ns3:atemp>
            <ns3:hr>141</ns3:hr>
          </ns3:TrackPointExtension>
        </extensions>
      </trkpt>
      <trkpt lat="59.96792181394994258880615234375" lon="30.33268374390900135040283203125">
        <ele>66.40000152587890625</ele>
        <time>2026-03-16T07:16:59.000Z</time>
        <extensions>
          <ns3:TrackPointExtension>
            <ns3:atemp>17.0</ns3:atemp>
            <ns3:hr>139</ns3:hr>
          </ns3:TrackPointExtension>
        </extensions>
      </trkpt>
      <trkpt lat="59.96786582283675670623779296875" lon="30.33223749138414859771728515625">
        <ele>64.59999847412109375</ele>
        <time>2026-03-16T07:17:11.000Z</time>
        <extensions>
          <ns3:TrackPointExtension>
            <ns3:atemp>17.0</ns3:atemp>
            <ns3:hr>135</ns3:hr>
          </ns3:TrackPointExtension>
        </extensions>
      </trkpt>
      <trkpt lat="59.96784352697432041168212890625" lon="30.33215601928532123565673828125">
        <ele>64.59999847412109375</ele>
        <time>2026-03-16T07:17:12.000Z</time>
        <extensions>
          <ns3:TrackPointExtension>
            <ns3:atemp>17.0</ns3:atemp>
            <ns3:hr>135</ns3:hr>
          </ns3:TrackPointExtension>
        </extensions>
      </trkpt>
      <trkpt lat="59.96776876039803028106689453125" lon="30.3318955935537815093994140625">
        <ele>64.59999847412109375</ele>
        <time>2026-03-16T07:17:18.000Z</time>
        <extensions>
          <ns3:TrackPointExtension>
            <ns3:atemp>17.0</ns3:atemp>
            <ns3:hr>134</ns3:hr>
          </ns3:TrackPointExtension>
        </extensions>
      </trkpt>
      <trkpt lat="59.9677415192127227783203125" lon="30.3316749818623065948486328125">
        <ele>64.8000030517578125</ele>
        <time>2026-03-16T07:17:22.000Z</time>
        <extensions>
          <ns3:TrackPointExtension>
            <ns3:atemp>17.0</ns3:atemp>
            <ns3:hr>138</ns3:hr>
          </ns3:TrackPointExtension>
        </extensions>
      </trkpt>
      <trkpt lat="59.9677383340895175933837890625" lon="30.33164807595312595367431640625">
        <ele>64.8000030517578125</ele>
        <time>2026-03-16T07:17:23.000Z</time>
        <extensions>
          <ns3:TrackPointExtension>
            <ns3:atemp>17.0</ns3:atemp>
            <ns3:hr>139</ns3:hr>
          </ns3:TrackPointExtension>
        </extensions>
      </trkpt>
      <trkpt lat="59.9677306227385997772216796875" lon="30.33161404542624950408935546875">
        <ele>64.8000030517578125</ele>
        <time>2026-03-16T07:17:27.000Z</time>
        <extensions>
          <ns3:TrackPointExtension>
            <ns3:atemp>17.0</ns3:atemp>
            <ns3:hr>135</ns3:hr>
          </ns3:TrackPointExtension>
        </extensions>
      </trkpt>
      <trkpt lat="59.96773070655763149261474609375" lon="30.331607758998870849609375">
        <ele>64.8000030517578125</ele>
        <time>2026-03-16T07:17:28.000Z</time>
        <extensions>
          <ns3:TrackPointExtension>
            <ns3:atemp>17.0</ns3:atemp>
            <ns3:hr>136</ns3:hr>
          </ns3:TrackPointExtension>
        </extensions>
      </trkpt>
      <trkpt lat="59.96772475540637969970703125" lon="30.331603400409221649169921875">
        <ele>64.40000152587890625</ele>
        <time>2026-03-16T07:17:34.000Z</time>
        <extensions>
          <ns3:TrackPointExtension>
            <ns3:atemp>17.0</ns3:atemp>
            <ns3:hr>134</ns3:hr>
          </ns3:TrackPointExtension>
        </extensions>
      </trkpt>
      <trkpt lat="59.9677192233502864837646484375" lon="30.33158504404127597808837890625">
        <ele>64.1999969482421875</ele>
        <time>2026-03-16T07:17:36.000Z</time>
        <extensions>
          <ns3:TrackPointExtension>
            <ns3:atemp>17.0</ns3:atemp>
            <ns3:hr>136</ns3:hr>
          </ns3:TrackPointExtension>
        </extensions>
      </trkpt>
      <trkpt lat="59.9676851928234100341796875" lon="30.331528969109058380126953125">
        <ele>64</ele>
        <time>2026-03-16T07:17:38.000Z</time>
        <extensions>
          <ns3:TrackPointExtension>
            <ns3:atemp>17.0</ns3:atemp>
            <ns3:hr>134</ns3:hr>
          </ns3:TrackPointExtension>
        </extensions>
      </trkpt>
      <trkpt lat="59.96757580898702144622802734375" lon="30.33150927163660526275634765625">
        <ele>63.799999237060546875</ele>
        <time>2026-03-16T07:17:42.000Z</time>
        <extensions>
          <ns3:TrackPointExtension>
            <ns3:atemp>17.0</ns3:atemp>
            <ns3:hr>135</ns3:hr>
          </ns3:TrackPointExtension>
        </extensions>
      </trkpt>
      <trkpt lat="59.96743080206215381622314453125" lon="30.33156040124595165252685546875">
        <ele>64.1999969482421875</ele>
        <time>2026-03-16T07:17:46.000Z</time>
        <extensions>
          <ns3:TrackPointExtension>
            <ns3:atemp>17.0</ns3:atemp>
            <ns3:hr>133</ns3:hr>
          </ns3:TrackPointExtension>
        </extensions>
      </trkpt>
      <trkpt lat="59.96723902411758899688720703125" lon="30.3316112793982028961181640625">
        <ele>64.1999969482421875</ele>
        <time>2026-03-16T07:17:50.000Z</time>
        <extensions>
          <ns3:TrackPointExtension>
            <ns3:atemp>17.0</ns3:atemp>
            <ns3:hr>134</ns3:hr>
          </ns3:TrackPointExtension>
        </extensions>
      </trkpt>
      <trkpt lat="59.96720717288553714752197265625" lon="30.33160281367599964141845703125">
        <ele>64</ele>
        <time>2026-03-16T07:17:51.000Z</time>
        <extensions>
          <ns3:TrackPointExtension>
            <ns3:atemp>17.0</ns3:atemp>
            <ns3:hr>135</ns3:hr>
          </ns3:TrackPointExtension>
        </extensions>
      </trkpt>
      <trkpt lat="59.96708697639405727386474609375" lon="30.33157029189169406890869140625">
        <ele>63.59999847412109375</ele>
        <time>2026-03-16T07:17:54.000Z</time>
        <extensions>
          <ns3:TrackPointExtension>
            <ns3:atemp>17.0</ns3:atemp>
            <ns3:hr>135</ns3:hr>
          </ns3:TrackPointExtension>
        </extensions>
      </trkpt>
      <trkpt lat="59.9670439772307872772216796875" lon="30.3315472416579723358154296875">
        <ele>63.40000152587890625</ele>
        <time>2026-03-16T07:17:55.000Z</time>
        <extensions>
          <ns3:TrackPointExtension>
            <ns3:atemp>17.0</ns3:atemp>
            <ns3:hr>135</ns3:hr>
          </ns3:TrackPointExtension>
        </extensions>
      </trkpt>
      <trkpt lat="59.9668743275105953216552734375" lon="30.331433080136775970458984375">
        <ele>63</ele>
        <time>2026-03-16T07:17:59.000Z</time>
        <extensions>
          <ns3:TrackPointExtension>
            <ns3:atemp>17.0</ns3:atemp>
            <ns3:hr>135</ns3:hr>
          </ns3:TrackPointExtension>
        </extensions>
      </trkpt>
      <trkpt lat="59.9667925201356410980224609375" lon="30.33138169907033443450927734375">
        <ele>63</ele>
        <time>2026-03-16T07:18:01.000Z</time>
        <extensions>
          <ns3:TrackPointExtension>
            <ns3:atemp>17.0</ns3:atemp>
            <ns3:hr>134</ns3:hr>
          </ns3:TrackPointExtension>
        </extensions>
      </trkpt>
      <trkpt lat="59.96661541052162647247314453125" lon="30.3312766738235950469970703125">
        <ele>62.59999847412109375</ele>
        <time>2026-03-16T07:18:06.000Z</time>
        <extensions>
          <ns3:TrackPointExtension>
            <ns3:atemp>17.0</ns3:atemp>
            <ns3:hr>134</ns3:hr>
          </ns3:TrackPointExtension>
        </extensions>
      </trkpt>
      <trkpt lat="59.96658640913665294647216796875" lon="30.33121858723461627960205078125">
        <ele>62.59999847412109375</ele>
        <time>2026-03-16T07:18:07.000Z</time>
        <extensions>
          <ns3:TrackPointExtension>
            <ns3:atemp>17.0</ns3:atemp>
            <ns3:hr>131</ns3:hr>
          </ns3:TrackPointExtension>
        </extensions>
      </trkpt>
      <trkpt lat="59.9665591679513454437255859375" lon="30.3311435692012310028076171875">
        <ele>62.59999847412109375</ele>
        <time>2026-03-16T07:18:08.000Z</time>
        <extensions>
          <ns3:TrackPointExtension>
            <ns3:atemp>17.0</ns3:atemp>
            <ns3:hr>130</ns3:hr>
          </ns3:TrackPointExtension>
        </extensions>
      </trkpt>
      <trkpt lat="59.966525137424468994140625" lon="30.33100618980824947357177734375">
        <ele>62.799999237060546875</ele>
        <time>2026-03-16T07:18:10.000Z</time>
        <extensions>
          <ns3:TrackPointExtension>
            <ns3:atemp>17.0</ns3:atemp>
            <ns3:hr>129</ns3:hr>
          </ns3:TrackPointExtension>
        </extensions>
      </trkpt>
      <trkpt lat="59.96649169363081455230712890625" lon="30.330883227288722991943359375">
        <ele>62.40000152587890625</ele>
        <time>2026-03-16T07:18:13.000Z</time>
        <extensions>
          <ns3:TrackPointExtension>
            <ns3:atemp>17.0</ns3:atemp>
            <ns3:hr>130</ns3:hr>
          </ns3:TrackPointExtension>
        </extensions>
      </trkpt>
      <trkpt lat="59.96648264117538928985595703125" lon="30.3308793716132640838623046875">
        <ele>62.200000762939453125</ele>
        <time>2026-03-16T07:18:14.000Z</time>
        <extensions>
          <ns3:TrackPointExtension>
            <ns3:atemp>17.0</ns3:atemp>
            <ns3:hr>130</ns3:hr>
          </ns3:TrackPointExtension>
        </extensions>
      </trkpt>
      <trkpt lat="59.96649169363081455230712890625" lon="30.33090711571276187896728515625">
        <ele>62</ele>
        <time>2026-03-16T07:18:15.000Z</time>
        <extensions>
          <ns3:TrackPointExtension>
            <ns3:atemp>17.0</ns3:atemp>
            <ns3:hr>130</ns3:hr>
          </ns3:TrackPointExtension>
        </extensions>
      </trkpt>
      <trkpt lat="59.96644358150660991668701171875" lon="30.3308196924626827239990234375">
        <ele>61.799999237060546875</ele>
        <time>2026-03-16T07:18:16.000Z</time>
        <extensions>
          <ns3:TrackPointExtension>
            <ns3:atemp>17.0</ns3:atemp>
            <ns3:hr>131</ns3:hr>
          </ns3:TrackPointExtension>
        </extensions>
      </trkpt>
      <trkpt lat="59.96638189069926738739013671875" lon="30.33084861002862453460693359375">
        <ele>61.59999847412109375</ele>
        <time>2026-03-16T07:18:18.000Z</time>
        <extensions>
          <ns3:TrackPointExtension>
            <ns3:atemp>17.0</ns3:atemp>
            <ns3:hr>131</ns3:hr>
          </ns3:TrackPointExtension>
        </extensions>
      </trkpt>
      <trkpt lat="59.9662651307880878448486328125" lon="30.3308448381721973419189453125">
        <ele>61.59999847412109375</ele>
        <time>2026-03-16T07:18:21.000Z</time>
        <extensions>
          <ns3:TrackPointExtension>
            <ns3:atemp>17.0</ns3:atemp>
            <ns3:hr>133</ns3:hr>
          </ns3:TrackPointExtension>
        </extensions>
      </trkpt>
      <trkpt lat="59.96623788960278034210205078125" lon="30.33086478710174560546875">
        <ele>61.799999237060546875</ele>
        <time>2026-03-16T07:18:22.000Z</time>
        <extensions>
          <ns3:TrackPointExtension>
            <ns3:atemp>17.0</ns3:atemp>
            <ns3:hr>132</ns3:hr>
          </ns3:TrackPointExtension>
        </extensions>
      </trkpt>
      <trkpt lat="59.96618458069860935211181640625" lon="30.33107257448136806488037109375">
        <ele>61.799999237060546875</ele>
        <time>2026-03-16T07:18:27.000Z</time>
        <extensions>
          <ns3:TrackPointExtension>
            <ns3:atemp>17.0</ns3:atemp>
            <ns3:hr>131</ns3:hr>
          </ns3:TrackPointExtension>
        </extensions>
      </trkpt>
      <trkpt lat="59.9661652185022830963134765625" lon="30.33119947649538516998291015625">
        <ele>61.799999237060546875</ele>
        <time>2026-03-16T07:18:30.000Z</time>
        <extensions>
          <ns3:TrackPointExtension>
            <ns3:atemp>17.0</ns3:atemp>
            <ns3:hr>134</ns3:hr>
          </ns3:TrackPointExtension>
        </extensions>
      </trkpt>
      <trkpt lat="59.96616546995937824249267578125" lon="30.33129972405731678009033203125">
        <ele>61.59999847412109375</ele>
        <time>2026-03-16T07:18:32.000Z</time>
        <extensions>
          <ns3:TrackPointExtension>
            <ns3:atemp>17.0</ns3:atemp>
            <ns3:hr>134</ns3:hr>
          </ns3:TrackPointExtension>
        </extensions>
      </trkpt>
      <trkpt lat="59.96617737226188182830810546875" lon="30.33133543096482753753662109375">
        <ele>61.40000152587890625</ele>
        <time>2026-03-16T07:18:33.000Z</time>
        <extensions>
          <ns3:TrackPointExtension>
            <ns3:atemp>17.0</ns3:atemp>
            <ns3:hr>134</ns3:hr>
          </ns3:TrackPointExtension>
        </extensions>
      </trkpt>
      <trkpt lat="59.9662181921303272247314453125" lon="30.3313542902469635009765625">
        <ele>61.200000762939453125</ele>
        <time>2026-03-16T07:18:35.000Z</time>
        <extensions>
          <ns3:TrackPointExtension>
            <ns3:atemp>17.0</ns3:atemp>
            <ns3:hr>134</ns3:hr>
          </ns3:TrackPointExtension>
        </extensions>
      </trkpt>
      <trkpt lat="59.966367222368717193603515625" lon="30.331493429839611053466796875">
        <ele>61</ele>
        <time>2026-03-16T07:18:40.000Z</time>
        <extensions>
          <ns3:TrackPointExtension>
            <ns3:atemp>17.0</ns3:atemp>
            <ns3:hr>135</ns3:hr>
          </ns3:TrackPointExtension>
        </extensions>
      </trkpt>
      <trkpt lat="59.96641449630260467529296875" lon="30.33157682977616786956787109375">
        <ele>61.200000762939453125</ele>
        <time>2026-03-16T07:18:42.000Z</time>
        <extensions>
          <ns3:TrackPointExtension>
            <ns3:atemp>18.0</ns3:atemp>
            <ns3:hr>138</ns3:hr>
          </ns3:TrackPointExtension>
        </extensions>
      </trkpt>
      <trkpt lat="59.9664357863366603851318359375" lon="30.3316498361527919769287109375">
        <ele>61</ele>
        <time>2026-03-16T07:18:44.000Z</time>
        <extensions>
          <ns3:TrackPointExtension>
            <ns3:atemp>18.0</ns3:atemp>
            <ns3:hr>143</ns3:hr>
          </ns3:TrackPointExtension>
        </extensions>
      </trkpt>
      <trkpt lat="59.96644861064851284027099609375" lon="30.331660397350788116455078125">
        <ele>61</ele>
        <time>2026-03-16T07:18:45.000Z</time>
        <extensions>
          <ns3:TrackPointExtension>
            <ns3:atemp>18.0</ns3:atemp>
            <ns3:hr>146</ns3:hr>
          </ns3:TrackPointExtension>
        </extensions>
      </trkpt>
      <trkpt lat="59.9664512090384960174560546875" lon="30.3316649235785007476806640625">
        <ele>60.799999237060546875</ele>
        <time>2026-03-16T07:18:46.000Z</time>
        <extensions>
          <ns3:TrackPointExtension>
            <ns3:atemp>18.0</ns3:atemp>
            <ns3:hr>147</ns3:hr>
          </ns3:TrackPointExtension>
        </extensions>
      </trkpt>
      <trkpt lat="59.9664626084268093109130859375" lon="30.33169333823025226593017578125">
        <ele>60.799999237060546875</ele>
        <time>2026-03-16T07:18:48.000Z</time>
        <extensions>
          <ns3:TrackPointExtension>
            <ns3:atemp>18.0</ns3:atemp>
            <ns3:hr>148</ns3:hr>
          </ns3:TrackPointExtension>
        </extensions>
      </trkpt>
      <trkpt lat="59.9664495326578617095947265625" lon="30.33173558302223682403564453125">
        <ele>60.59999847412109375</ele>
        <time>2026-03-16T07:18:54.000Z</time>
        <extensions>
          <ns3:TrackPointExtension>
            <ns3:atemp>18.0</ns3:atemp>
            <ns3:hr>147</ns3:hr>
          </ns3:TrackPointExtension>
        </extensions>
      </trkpt>
      <trkpt lat="59.9664616025984287261962890625" lon="30.33173792995512485504150390625">
        <ele>59.799999237060546875</ele>
        <time>2026-03-16T07:19:03.000Z</time>
        <extensions>
          <ns3:TrackPointExtension>
            <ns3:atemp>18.0</ns3:atemp>
            <ns3:hr>147</ns3:hr>
          </ns3:TrackPointExtension>
        </extensions>
      </trkpt>
      <trkpt lat="59.966463111340999603271484375" lon="30.3317380137741565704345703125">
        <ele>59.799999237060546875</ele>
        <time>2026-03-16T07:19:05.000Z</time>
        <extensions>
          <ns3:TrackPointExtension>
            <ns3:atemp>18.0</ns3:atemp>
            <ns3:hr>148</ns3:hr>
          </ns3:TrackPointExtension>
        </extensions>
      </trkpt>
      <trkpt lat="59.966473840177059173583984375" lon="30.331739522516727447509765625">
        <ele>59.40000152587890625</ele>
        <time>2026-03-16T07:19:13.000Z</time>
        <extensions>
          <ns3:TrackPointExtension>
            <ns3:atemp>18.0</ns3:atemp>
            <ns3:hr>148</ns3:hr>
          </ns3:TrackPointExtension>
        </extensions>
      </trkpt>
      <trkpt lat="59.96648331172764301300048828125" lon="30.3317306376993656158447265625">
        <ele>58.799999237060546875</ele>
        <time>2026-03-16T07:19:22.000Z</time>
        <extensions>
          <ns3:TrackPointExtension>
            <ns3:atemp>18.0</ns3:atemp>
            <ns3:hr>145</ns3:hr>
          </ns3:TrackPointExtension>
        </extensions>
      </trkpt>
      <trkpt lat="59.966491274535655975341796875" lon="30.33169903792440891265869140625">
        <ele>58.200000762939453125</ele>
        <time>2026-03-16T07:19:32.000Z</time>
        <extensions>
          <ns3:TrackPointExtension>
            <ns3:atemp>18.0</ns3:atemp>
            <ns3:hr>143</ns3:hr>
          </ns3:TrackPointExtension>
        </extensions>
      </trkpt>
      <trkpt lat="59.96650577522814273834228515625" lon="30.3316815197467803955078125">
        <ele>58</ele>
        <time>2026-03-16T07:19:38.000Z</time>
        <extensions>
          <ns3:TrackPointExtension>
            <ns3:atemp>18.0</ns3:atemp>
            <ns3:hr>141</ns3:hr>
          </ns3:TrackPointExtension>
        </extensions>
      </trkpt>
      <trkpt lat="59.96650761924684047698974609375" lon="30.33168344758450984954833984375">
        <ele>57.799999237060546875</ele>
        <time>2026-03-16T07:19:41.000Z</time>
        <extensions>
          <ns3:TrackPointExtension>
            <ns3:atemp>18.0</ns3:atemp>
            <ns3:hr>141</ns3:hr>
          </ns3:TrackPointExtension>
        </extensions>
      </trkpt>
      <trkpt lat="59.9665236286818981170654296875" lon="30.33167808316648006439208984375">
        <ele>57.40000152587890625</ele>
        <time>2026-03-16T07:19:45.000Z</time>
        <extensions>
          <ns3:TrackPointExtension>
            <ns3:atemp>18.0</ns3:atemp>
            <ns3:hr>142</ns3:hr>
          </ns3:TrackPointExtension>
        </extensions>
      </trkpt>
      <trkpt lat="59.9665326811373233795166015625" lon="30.33166198991239070892333984375">
        <ele>57.200000762939453125</ele>
        <time>2026-03-16T07:19:51.000Z</time>
        <extensions>
          <ns3:TrackPointExtension>
            <ns3:atemp>18.0</ns3:atemp>
            <ns3:hr>140</ns3:hr>
          </ns3:TrackPointExtension>
        </extensions>
      </trkpt>
      <trkpt lat="59.9665398895740509033203125" lon="30.3316629119217395782470703125">
        <ele>56.799999237060546875</ele>
        <time>2026-03-16T07:19:57.000Z</time>
        <extensions>
          <ns3:TrackPointExtension>
            <ns3:atemp>18.0</ns3:atemp>
            <ns3:hr>142</ns3:hr>
          </ns3:TrackPointExtension>
        </extensions>
      </trkpt>
      <trkpt lat="59.96653729118406772613525390625" lon="30.33165981061756610870361328125">
        <ele>56.59999847412109375</ele>
        <time>2026-03-16T07:19:58.000Z</time>
        <extensions>
          <ns3:TrackPointExtension>
            <ns3:atemp>18.0</ns3:atemp>
            <ns3:hr>146</ns3:hr>
          </ns3:TrackPointExtension>
        </extensions>
      </trkpt>
      <trkpt lat="59.96653209440410137176513671875" lon="30.33165939152240753173828125">
        <ele>56.59999847412109375</ele>
        <time>2026-03-16T07:19:59.000Z</time>
        <extensions>
          <ns3:TrackPointExtension>
            <ns3:atemp>18.0</ns3:atemp>
            <ns3:hr>148</ns3:hr>
          </ns3:TrackPointExtension>
        </extensions>
      </trkpt>
      <trkpt lat="59.96653343550860881805419921875" lon="30.33166249282658100128173828125">
        <ele>56.200000762939453125</ele>
        <time>2026-03-16T07:20:08.000Z</time>
        <extensions>
          <ns3:TrackPointExtension>
            <ns3:atemp>18.0</ns3:atemp>
            <ns3:hr>145</ns3:hr>
          </ns3:TrackPointExtension>
        </extensions>
      </trkpt>
      <trkpt lat="59.96653645299375057220458984375" lon="30.33166198991239070892333984375">
        <ele>56</ele>
        <time>2026-03-16T07:20:11.000Z</time>
        <extensions>
          <ns3:TrackPointExtension>
            <ns3:atemp>18.0</ns3:atemp>
            <ns3:hr>147</ns3:hr>
          </ns3:TrackPointExtension>
        </extensions>
      </trkpt>
      <trkpt lat="59.966534860432147979736328125" lon="30.33165763132274150848388671875">
        <ele>55.59999847412109375</ele>
        <time>2026-03-16T07:20:15.000Z</time>
        <extensions>
          <ns3:TrackPointExtension>
            <ns3:atemp>18.0</ns3:atemp>
            <ns3:hr>146</ns3:hr>
          </ns3:TrackPointExtension>
        </extensions>
      </trkpt>
      <trkpt lat="59.96653142385184764862060546875" lon="30.33169350586831569671630859375">
        <ele>55.40000152587890625</ele>
        <time>2026-03-16T07:20:21.000Z</time>
        <extensions>
          <ns3:TrackPointExtension>
            <ns3:atemp>18.0</ns3:atemp>
            <ns3:hr>145</ns3:hr>
          </ns3:TrackPointExtension>
        </extensions>
      </trkpt>
      <trkpt lat="59.96653544716536998748779296875" lon="30.33169551752507686614990234375">
        <ele>55.200000762939453125</ele>
        <time>2026-03-16T07:20:28.000Z</time>
        <extensions>
          <ns3:TrackPointExtension>
            <ns3:atemp>18.0</ns3:atemp>
            <ns3:hr>144</ns3:hr>
          </ns3:TrackPointExtension>
        </extensions>
      </trkpt>
      <trkpt lat="59.96653787791728973388671875" lon="30.3316820226609706878662109375">
        <ele>54.799999237060546875</ele>
        <time>2026-03-16T07:20:36.000Z</time>
        <extensions>
          <ns3:TrackPointExtension>
            <ns3:atemp>18.0</ns3:atemp>
            <ns3:hr>142</ns3:hr>
          </ns3:TrackPointExtension>
        </extensions>
      </trkpt>
      <trkpt lat="59.96653159148991107940673828125" lon="30.331648327410221099853515625">
        <ele>54.59999847412109375</ele>
        <time>2026-03-16T07:20:41.000Z</time>
        <extensions>
          <ns3:TrackPointExtension>
            <ns3:atemp>18.0</ns3:atemp>
            <ns3:hr>141</ns3:hr>
          </ns3:TrackPointExtension>
        </extensions>
      </trkpt>
      <trkpt lat="59.966531507670879364013671875" lon="30.33165176399052143096923828125">
        <ele>54.59999847412109375</ele>
        <time>2026-03-16T07:20:42.000Z</time>
        <extensions>
          <ns3:TrackPointExtension>
            <ns3:atemp>18.0</ns3:atemp>
            <ns3:hr>141</ns3:hr>
          </ns3:TrackPointExtension>
        </extensions>
      </trkpt>
      <trkpt lat="59.96652857400476932525634765625" lon="30.331657044589519500732421875">
        <ele>54.59999847412109375</ele>
        <time>2026-03-16T07:20:44.000Z</time>
        <extensions>
          <ns3:TrackPointExtension>
            <ns3:atemp>18.0</ns3:atemp>
            <ns3:hr>137</ns3:hr>
          </ns3:TrackPointExtension>
        </extensions>
      </trkpt>
      <trkpt lat="59.96653058566153049468994140625" lon="30.33165712840855121612548828125">
        <ele>54.59999847412109375</ele>
        <time>2026-03-16T07:20:45.000Z</time>
        <extensions>
          <ns3:TrackPointExtension>
            <ns3:atemp>18.0</ns3:atemp>
            <ns3:hr>134</ns3:hr>
          </ns3:TrackPointExtension>
        </extensions>
      </trkpt>
      <trkpt lat="59.96652890928089618682861328125" lon="30.33165930770337581634521484375">
        <ele>54.59999847412109375</ele>
        <time>2026-03-16T07:20:47.000Z</time>
        <extensions>
          <ns3:TrackPointExtension>
            <ns3:atemp>18.0</ns3:atemp>
            <ns3:hr>132</ns3:hr>
          </ns3:TrackPointExtension>
        </extensions>
      </trkpt>
      <trkpt lat="59.96653427369892597198486328125" lon="30.33166936598718166351318359375">
        <ele>54.40000152587890625</ele>
        <time>2026-03-16T07:20:51.000Z</time>
        <extensions>
          <ns3:TrackPointExtension>
            <ns3:atemp>19.0</ns3:atemp>
            <ns3:hr>135</ns3:hr>
          </ns3:TrackPointExtension>
        </extensions>
      </trkpt>
      <trkpt lat="59.966525137424468994140625" lon="30.33167523331940174102783203125">
        <ele>54.40000152587890625</ele>
        <time>2026-03-16T07:20:54.000Z</time>
        <extensions>
          <ns3:TrackPointExtension>
            <ns3:atemp>19.0</ns3:atemp>
            <ns3:hr>137</ns3:hr>
          </ns3:TrackPointExtension>
        </extensions>
      </trkpt>
      <trkpt lat="59.96650158427655696868896484375" lon="30.33169115893542766571044921875">
        <ele>53.799999237060546875</ele>
        <time>2026-03-16T07:21:01.000Z</time>
        <extensions>
          <ns3:TrackPointExtension>
            <ns3:atemp>19.0</ns3:atemp>
            <ns3:hr>135</ns3:hr>
          </ns3:TrackPointExtension>
        </extensions>
      </trkpt>
      <trkpt lat="59.96650032699108123779296875" lon="30.33171035349369049072265625">
        <ele>53.799999237060546875</ele>
        <time>2026-03-16T07:21:04.000Z</time>
        <extensions>
          <ns3:TrackPointExtension>
            <ns3:atemp>19.0</ns3:atemp>
            <ns3:hr>138</ns3:hr>
          </ns3:TrackPointExtension>
        </extensions>
      </trkpt>
      <trkpt lat="59.96650175191462039947509765625" lon="30.33179341815412044525146484375">
        <ele>53.799999237060546875</ele>
        <time>2026-03-16T07:21:10.000Z</time>
        <extensions>
          <ns3:TrackPointExtension>
            <ns3:atemp>19.0</ns3:atemp>
            <ns3:hr>138</ns3:hr>
          </ns3:TrackPointExtension>
        </extensions>
      </trkpt>
      <trkpt lat="59.96651398949325084686279296875" lon="30.3317940048873424530029296875">
        <ele>53.59999847412109375</ele>
        <time>2026-03-16T07:21:17.000Z</time>
        <extensions>
          <ns3:TrackPointExtension>
            <ns3:atemp>19.0</ns3:atemp>
            <ns3:hr>137</ns3:hr>
          </ns3:TrackPointExtension>
        </extensions>
      </trkpt>
      <trkpt lat="59.9665092118084430694580078125" lon="30.33179274760186672210693359375">
        <ele>53.40000152587890625</ele>
        <time>2026-03-16T07:21:18.000Z</time>
        <extensions>
          <ns3:TrackPointExtension>
            <ns3:atemp>19.0</ns3:atemp>
            <ns3:hr>137</ns3:hr>
          </ns3:TrackPointExtension>
        </extensions>
      </trkpt>
      <trkpt lat="59.96650728397071361541748046875" lon="30.331782437860965728759765625">
        <ele>53.200000762939453125</ele>
        <time>2026-03-16T07:21:22.000Z</time>
        <extensions>
          <ns3:TrackPointExtension>
            <ns3:atemp>19.0</ns3:atemp>
            <ns3:hr>141</ns3:hr>
          </ns3:TrackPointExtension>
        </extensions>
      </trkpt>
      <trkpt lat="59.9665105529129505157470703125" lon="30.331793837249279022216796875">
        <ele>53.200000762939453125</ele>
        <time>2026-03-16T07:21:23.000Z</time>
        <extensions>
          <ns3:TrackPointExtension>
            <ns3:atemp>19.0</ns3:atemp>
            <ns3:hr>145</ns3:hr>
          </ns3:TrackPointExtension>
        </extensions>
      </trkpt>
      <trkpt lat="59.966514743864536285400390625" lon="30.3318335674703121185302734375">
        <ele>53.200000762939453125</ele>
        <time>2026-03-16T07:21:25.000Z</time>
        <extensions>
          <ns3:TrackPointExtension>
            <ns3:atemp>19.0</ns3:atemp>
            <ns3:hr>148</ns3:hr>
          </ns3:TrackPointExtension>
        </extensions>
      </trkpt>
      <trkpt lat="59.966520108282566070556640625" lon="30.3320685960352420806884765625">
        <ele>52.799999237060546875</ele>
        <time>2026-03-16T07:21:29.000Z</time>
        <extensions>
          <ns3:TrackPointExtension>
            <ns3:atemp>19.0</ns3:atemp>
            <ns3:hr>148</ns3:hr>
          </ns3:TrackPointExtension>
        </extensions>
      </trkpt>
      <trkpt lat="59.96655799448490142822265625" lon="30.33235433511435985565185546875">
        <ele>52.799999237060546875</ele>
        <time>2026-03-16T07:21:33.000Z</time>
        <extensions>
          <ns3:TrackPointExtension>
            <ns3:atemp>19.0</ns3:atemp>
            <ns3:hr>151</ns3:hr>
          </ns3:TrackPointExtension>
        </extensions>
      </trkpt>
      <trkpt lat="59.96656947769224643707275390625" lon="30.3324233181774616241455078125">
        <ele>52.799999237060546875</ele>
        <time>2026-03-16T07:21:34.000Z</time>
        <extensions>
          <ns3:TrackPointExtension>
            <ns3:atemp>19.0</ns3:atemp>
            <ns3:hr>152</ns3:hr>
          </ns3:TrackPointExtension>
        </extensions>
      </trkpt>
      <trkpt lat="59.966578446328639984130859375" lon="30.3324833326041698455810546875">
        <ele>52.799999237060546875</ele>
        <time>2026-03-16T07:21:35.000Z</time>
        <extensions>
          <ns3:TrackPointExtension>
            <ns3:atemp>19.0</ns3:atemp>
            <ns3:hr>154</ns3:hr>
          </ns3:TrackPointExtension>
        </extensions>
      </trkpt>
      <trkpt lat="59.96662513352930545806884765625" lon="30.33269246108829975128173828125">
        <ele>52.40000152587890625</ele>
        <time>2026-03-16T07:21:39.000Z</time>
        <extensions>
          <ns3:TrackPointExtension>
            <ns3:atemp>19.0</ns3:atemp>
            <ns3:hr>154</ns3:hr>
          </ns3:TrackPointExtension>
        </extensions>
      </trkpt>
      <trkpt lat="59.96660116128623485565185546875" lon="30.332876108586788177490234375">
        <ele>52.40000152587890625</ele>
        <time>2026-03-16T07:21:43.000Z</time>
        <extensions>
          <ns3:TrackPointExtension>
            <ns3:atemp>19.0</ns3:atemp>
            <ns3:hr>151</ns3:hr>
          </ns3:TrackPointExtension>
        </extensions>
      </trkpt>
      <trkpt lat="59.96658992953598499298095703125" lon="30.3331280685961246490478515625">
        <ele>52.40000152587890625</ele>
        <time>2026-03-16T07:21:51.000Z</time>
        <extensions>
          <ns3:TrackPointExtension>
            <ns3:atemp>19.0</ns3:atemp>
            <ns3:hr>150</ns3:hr>
          </ns3:TrackPointExtension>
        </extensions>
      </trkpt>
      <trkpt lat="59.96657366864383220672607421875" lon="30.3334522806107997894287109375">
        <ele>52.200000762939453125</ele>
        <time>2026-03-16T07:21:55.000Z</time>
        <extensions>
          <ns3:TrackPointExtension>
            <ns3:atemp>19.0</ns3:atemp>
            <ns3:hr>147</ns3:hr>
          </ns3:TrackPointExtension>
        </extensions>
      </trkpt>
      <trkpt lat="59.96654592454433441162109375" lon="30.33356250263750553131103515625">
        <ele>52.200000762939453125</ele>
        <time>2026-03-16T07:21:57.000Z</time>
        <extensions>
          <ns3:TrackPointExtension>
            <ns3:atemp>19.0</ns3:atemp>
            <ns3:hr>144</ns3:hr>
          </ns3:TrackPointExtension>
        </extensions>
      </trkpt>
      <trkpt lat="59.96652991510927677154541015625" lon="30.33366207964718341827392578125">
        <ele>52.200000762939453125</ele>
        <time>2026-03-16T07:21:58.000Z</time>
        <extensions>
          <ns3:TrackPointExtension>
            <ns3:atemp>19.0</ns3:atemp>
            <ns3:hr>141</ns3:hr>
          </ns3:TrackPointExtension>
        </extensions>
      </trkpt>
      <trkpt lat="59.966515414416790008544921875" lon="30.33369091339409351348876953125">
        <ele>52.200000762939453125</ele>
        <time>2026-03-16T07:21:59.000Z</time>
        <extensions>
          <ns3:TrackPointExtension>
            <ns3:atemp>19.0</ns3:atemp>
            <ns3:hr>138</ns3:hr>
          </ns3:TrackPointExtension>
        </extensions>
      </trkpt>
      <trkpt lat="59.9664897657930850982666015625" lon="30.33374003134667873382568359375">
        <ele>52</ele>
        <time>2026-03-16T07:22:00.000Z</time>
        <extensions>
          <ns3:TrackPointExtension>
            <ns3:atemp>19.0</ns3:atemp>
            <ns3:hr>136</ns3:hr>
          </ns3:TrackPointExtension>
        </extensions>
      </trkpt>
      <trkpt lat="59.9664015881717205047607421875" lon="30.33345689065754413604736328125">
        <ele>51.799999237060546875</ele>
        <time>2026-03-16T07:22:04.000Z</time>
        <extensions>
          <ns3:TrackPointExtension>
            <ns3:atemp>19.0</ns3:atemp>
            <ns3:hr>134</ns3:hr>
          </ns3:TrackPointExtension>
        </extensions>
      </trkpt>
      <trkpt lat="59.96624694205820560455322265625" lon="30.3335796855390071868896484375">
        <ele>51.799999237060546875</ele>
        <time>2026-03-16T07:22:08.000Z</time>
        <extensions>
          <ns3:TrackPointExtension>
            <ns3:atemp>19.0</ns3:atemp>
            <ns3:hr>135</ns3:hr>
          </ns3:TrackPointExtension>
        </extensions>
      </trkpt>
      <trkpt lat="59.96607092209160327911376953125" lon="30.33384279347956180572509765625">
        <ele>51.40000152587890625</ele>
        <time>2026-03-16T07:22:13.000Z</time>
        <extensions>
          <ns3:TrackPointExtension>
            <ns3:atemp>19.0</ns3:atemp>
            <ns3:hr>133</ns3:hr>
          </ns3:TrackPointExtension>
        </extensions>
      </trkpt>
      <trkpt lat="59.9660280905663967132568359375" lon="30.33386307768523693084716796875">
        <ele>51.40000152587890625</ele>
        <time>2026-03-16T07:22:14.000Z</time>
        <extensions>
          <ns3:TrackPointExtension>
            <ns3:atemp>19.0</ns3:atemp>
            <ns3:hr>133</ns3:hr>
          </ns3:TrackPointExtension>
        </extensions>
      </trkpt>
      <trkpt lat="59.9659241549670696258544921875" lon="30.33399702049791812896728515625">
        <ele>51.59999847412109375</ele>
        <time>2026-03-16T07:22:17.000Z</time>
        <extensions>
          <ns3:TrackPointExtension>
            <ns3:atemp>19.0</ns3:atemp>
            <ns3:hr>133</ns3:hr>
          </ns3:TrackPointExtension>
        </extensions>
      </trkpt>
      <trkpt lat="59.96569541282951831817626953125" lon="30.334343947470188140869140625">
        <ele>52.40000152587890625</ele>
        <time>2026-03-16T07:22:23.000Z</time>
        <extensions>
          <ns3:TrackPointExtension>
            <ns3:atemp>19.0</ns3:atemp>
            <ns3:hr>133</ns3:hr>
          </ns3:TrackPointExtension>
        </extensions>
      </trkpt>
      <trkpt lat="59.9656193889677524566650390625" lon="30.33441008068621158599853515625">
        <ele>52.40000152587890625</ele>
        <time>2026-03-16T07:22:25.000Z</time>
        <extensions>
          <ns3:TrackPointExtension>
            <ns3:atemp>19.0</ns3:atemp>
            <ns3:hr>135</ns3:hr>
          </ns3:TrackPointExtension>
        </extensions>
      </trkpt>
      <trkpt lat="59.96553062461316585540771484375" lon="30.33447948284447193145751953125">
        <ele>52.40000152587890625</ele>
        <time>2026-03-16T07:22:27.000Z</time>
        <extensions>
          <ns3:TrackPointExtension>
            <ns3:atemp>19.0</ns3:atemp>
            <ns3:hr>135</ns3:hr>
          </ns3:TrackPointExtension>
        </extensions>
      </trkpt>
      <trkpt lat="59.965484775602817535400390625" lon="30.33451803959906101226806640625">
        <ele>52.59999847412109375</ele>
        <time>2026-03-16T07:22:28.000Z</time>
        <extensions>
          <ns3:TrackPointExtension>
            <ns3:atemp>19.0</ns3:atemp>
            <ns3:hr>135</ns3:hr>
          </ns3:TrackPointExtension>
        </extensions>
      </trkpt>
      <trkpt lat="59.9654152058064937591552734375" lon="30.334575287997722625732421875">
        <ele>52.59999847412109375</ele>
        <time>2026-03-16T07:22:30.000Z</time>
        <extensions>
          <ns3:TrackPointExtension>
            <ns3:atemp>19.0</ns3:atemp>
            <ns3:hr>135</ns3:hr>
          </ns3:TrackPointExtension>
        </extensions>
      </trkpt>
      <trkpt lat="59.9653193168342113494873046875" lon="30.334651730954647064208984375">
        <ele>52.799999237060546875</ele>
        <time>2026-03-16T07:22:32.000Z</time>
        <extensions>
          <ns3:TrackPointExtension>
            <ns3:atemp>19.0</ns3:atemp>
            <ns3:hr>134</ns3:hr>
          </ns3:TrackPointExtension>
        </extensions>
      </trkpt>
      <trkpt lat="59.96506492607295513153076171875" lon="30.33474753610789775848388671875">
        <ele>52.59999847412109375</ele>
        <time>2026-03-16T07:22:38.000Z</time>
        <extensions>
          <ns3:TrackPointExtension>
            <ns3:atemp>20.0</ns3:atemp>
            <ns3:hr>133</ns3:hr>
          </ns3:TrackPointExtension>
        </extensions>
      </trkpt>
      <trkpt lat="59.9648190848529338836669921875" lon="30.3347930498421192169189453125">
        <ele>52.799999237060546875</ele>
        <time>2026-03-16T07:22:44.000Z</time>
        <extensions>
          <ns3:TrackPointExtension>
            <ns3:atemp>20.0</ns3:atemp>
            <ns3:hr>135</ns3:hr>
          </ns3:TrackPointExtension>
        </extensions>
      </trkpt>
      <trkpt lat="59.96466192416846752166748046875" lon="30.33479061909019947052001953125">
        <ele>52.799999237060546875</ele>
        <time>2026-03-16T07:22:49.000Z</time>
        <extensions>
          <ns3:TrackPointExtension>
            <ns3:atemp>20.0</ns3:atemp>
            <ns3:hr>137</ns3:hr>
          </ns3:TrackPointExtension>
        </extensions>
      </trkpt>
      <trkpt lat="59.964426644146442413330078125" lon="30.33481299877166748046875">
        <ele>52.799999237060546875</ele>
        <time>2026-03-16T07:22:55.000Z</time>
        <extensions>
          <ns3:TrackPointExtension>
            <ns3:atemp>20.0</ns3:atemp>
            <ns3:hr>138</ns3:hr>
          </ns3:TrackPointExtension>
        </extensions>
      </trkpt>
      <trkpt lat="59.96426747180521488189697265625" lon="30.33484057523310184478759765625">
        <ele>53</ele>
        <time>2026-03-16T07:22:59.000Z</time>
        <extensions>
          <ns3:TrackPointExtension>
            <ns3:atemp>20.0</ns3:atemp>
            <ns3:hr>138</ns3:hr>
          </ns3:TrackPointExtension>
        </extensions>
      </trkpt>
      <trkpt lat="59.96418558061122894287109375" lon="30.3348557464778423309326171875">
        <ele>53</ele>
        <time>2026-03-16T07:23:01.000Z</time>
        <extensions>
          <ns3:TrackPointExtension>
            <ns3:atemp>20.0</ns3:atemp>
            <ns3:hr>137</ns3:hr>
          </ns3:TrackPointExtension>
        </extensions>
      </trkpt>
      <trkpt lat="59.9640489555895328521728515625" lon="30.33485901542007923126220703125">
        <ele>53.200000762939453125</ele>
        <time>2026-03-16T07:23:04.000Z</time>
        <extensions>
          <ns3:TrackPointExtension>
            <ns3:atemp>20.0</ns3:atemp>
            <ns3:hr>134</ns3:hr>
          </ns3:TrackPointExtension>
        </extensions>
      </trkpt>
      <trkpt lat="59.9639527313411235809326171875" lon="30.33486387692391872406005859375">
        <ele>53.200000762939453125</ele>
        <time>2026-03-16T07:23:06.000Z</time>
        <extensions>
          <ns3:TrackPointExtension>
            <ns3:atemp>20.0</ns3:atemp>
            <ns3:hr>134</ns3:hr>
          </ns3:TrackPointExtension>
        </extensions>
      </trkpt>
      <trkpt lat="59.96390386484563350677490234375" lon="30.3348728455603122711181640625">
        <ele>53.200000762939453125</ele>
        <time>2026-03-16T07:23:07.000Z</time>
        <extensions>
          <ns3:TrackPointExtension>
            <ns3:atemp>20.0</ns3:atemp>
            <ns3:hr>134</ns3:hr>
          </ns3:TrackPointExtension>
        </extensions>
      </trkpt>
      <trkpt lat="59.9637155234813690185546875" lon="30.3348617814481258392333984375">
        <ele>53.200000762939453125</ele>
        <time>2026-03-16T07:23:11.000Z</time>
        <extensions>
          <ns3:TrackPointExtension>
            <ns3:atemp>20.0</ns3:atemp>
            <ns3:hr>136</ns3:hr>
          </ns3:TrackPointExtension>
        </extensions>
      </trkpt>
      <trkpt lat="59.96362558566033840179443359375" lon="30.3348215483129024505615234375">
        <ele>53.40000152587890625</ele>
        <time>2026-03-16T07:23:13.000Z</time>
        <extensions>
          <ns3:TrackPointExtension>
            <ns3:atemp>20.0</ns3:atemp>
            <ns3:hr>138</ns3:hr>
          </ns3:TrackPointExtension>
        </extensions>
      </trkpt>
      <trkpt lat="59.96357537806034088134765625" lon="30.33481224440038204193115234375">
        <ele>53.40000152587890625</ele>
        <time>2026-03-16T07:23:14.000Z</time>
        <extensions>
          <ns3:TrackPointExtension>
            <ns3:atemp>20.0</ns3:atemp>
            <ns3:hr>138</ns3:hr>
          </ns3:TrackPointExtension>
        </extensions>
      </trkpt>
      <trkpt lat="59.96348007582128047943115234375" lon="30.33481291495263576507568359375">
        <ele>53.59999847412109375</ele>
        <time>2026-03-16T07:23:16.000Z</time>
        <extensions>
          <ns3:TrackPointExtension>
            <ns3:atemp>20.0</ns3:atemp>
            <ns3:hr>139</ns3:hr>
          </ns3:TrackPointExtension>
        </extensions>
      </trkpt>
      <trkpt lat="59.963343031704425811767578125" lon="30.334770418703556060791015625">
        <ele>53.59999847412109375</ele>
        <time>2026-03-16T07:23:19.000Z</time>
        <extensions>
          <ns3:TrackPointExtension>
            <ns3:atemp>20.0</ns3:atemp>
            <ns3:hr>140</ns3:hr>
          </ns3:TrackPointExtension>
        </extensions>
      </trkpt>
      <trkpt lat="59.96321386657655239105224609375" lon="30.33474401570856571197509765625">
        <ele>53.59999847412109375</ele>
        <time>2026-03-16T07:23:22.000Z</time>
        <extensions>
          <ns3:TrackPointExtension>
            <ns3:atemp>20.0</ns3:atemp>
            <ns3:hr>139</ns3:hr>
          </ns3:TrackPointExtension>
        </extensions>
      </trkpt>
      <trkpt lat="59.96313415467739105224609375" lon="30.33468752168118953704833984375">
        <ele>53.59999847412109375</ele>
        <time>2026-03-16T07:23:24.000Z</time>
        <extensions>
          <ns3:TrackPointExtension>
            <ns3:atemp>20.0</ns3:atemp>
            <ns3:hr>140</ns3:hr>
          </ns3:TrackPointExtension>
        </extensions>
      </trkpt>
      <trkpt lat="59.96296844445168972015380859375" lon="30.33466572873294353485107421875">
        <ele>53.59999847412109375</ele>
        <time>2026-03-16T07:23:28.000Z</time>
        <extensions>
          <ns3:TrackPointExtension>
            <ns3:atemp>20.0</ns3:atemp>
            <ns3:hr>141</ns3:hr>
          </ns3:TrackPointExtension>
        </extensions>
      </trkpt>
      <trkpt lat="59.9628479965031147003173828125" lon="30.3346587717533111572265625">
        <ele>53.59999847412109375</ele>
        <time>2026-03-16T07:23:31.000Z</time>
        <extensions>
          <ns3:TrackPointExtension>
            <ns3:atemp>20.0</ns3:atemp>
            <ns3:hr>139</ns3:hr>
          </ns3:TrackPointExtension>
        </extensions>
      </trkpt>
      <trkpt lat="59.9626954458653926849365234375" lon="30.33462180756032466888427734375">
        <ele>54</ele>
        <time>2026-03-16T07:23:35.000Z</time>
        <extensions>
          <ns3:TrackPointExtension>
            <ns3:atemp>20.0</ns3:atemp>
            <ns3:hr>136</ns3:hr>
          </ns3:TrackPointExtension>
        </extensions>
      </trkpt>
      <trkpt lat="59.96261506341397762298583984375" lon="30.3345801495015621185302734375">
        <ele>54</ele>
        <time>2026-03-16T07:23:37.000Z</time>
        <extensions>
          <ns3:TrackPointExtension>
            <ns3:atemp>20.0</ns3:atemp>
            <ns3:hr>136</ns3:hr>
          </ns3:TrackPointExtension>
        </extensions>
      </trkpt>
      <trkpt lat="59.962486736476421356201171875" lon="30.3345700912177562713623046875">
        <ele>54</ele>
        <time>2026-03-16T07:23:41.000Z</time>
        <extensions>
          <ns3:TrackPointExtension>
            <ns3:atemp>20.0</ns3:atemp>
            <ns3:hr>136</ns3:hr>
          </ns3:TrackPointExtension>
        </extensions>
      </trkpt>
      <trkpt lat="59.96241691522300243377685546875" lon="30.33456095494329929351806640625">
        <ele>54</ele>
        <time>2026-03-16T07:23:43.000Z</time>
        <extensions>
          <ns3:TrackPointExtension>
            <ns3:atemp>20.0</ns3:atemp>
            <ns3:hr>136</ns3:hr>
          </ns3:TrackPointExtension>
        </extensions>
      </trkpt>
      <trkpt lat="59.9623118899762630462646484375" lon="30.334587357938289642333984375">
        <ele>53.799999237060546875</ele>
        <time>2026-03-16T07:23:46.000Z</time>
        <extensions>
          <ns3:TrackPointExtension>
            <ns3:atemp>20.0</ns3:atemp>
            <ns3:hr>136</ns3:hr>
          </ns3:TrackPointExtension>
        </extensions>
      </trkpt>
      <trkpt lat="59.96210594661533832550048828125" lon="30.33466748893260955810546875">
        <ele>54.59999847412109375</ele>
        <time>2026-03-16T07:23:51.000Z</time>
        <extensions>
          <ns3:TrackPointExtension>
            <ns3:atemp>20.0</ns3:atemp>
            <ns3:hr>137</ns3:hr>
          </ns3:TrackPointExtension>
        </extensions>
      </trkpt>
      <trkpt lat="59.962069652974605560302734375" lon="30.3346901200711727142333984375">
        <ele>54.799999237060546875</ele>
        <time>2026-03-16T07:23:52.000Z</time>
        <extensions>
          <ns3:TrackPointExtension>
            <ns3:atemp>20.0</ns3:atemp>
            <ns3:hr>136</ns3:hr>
          </ns3:TrackPointExtension>
        </extensions>
      </trkpt>
      <trkpt lat="59.96195423416793346405029296875" lon="30.33477477729320526123046875">
        <ele>55</ele>
        <time>2026-03-16T07:23:55.000Z</time>
        <extensions>
          <ns3:TrackPointExtension>
            <ns3:atemp>20.0</ns3:atemp>
            <ns3:hr>135</ns3:hr>
          </ns3:TrackPointExtension>
        </extensions>
      </trkpt>
      <trkpt lat="59.9618535675108432769775390625" lon="30.334786511957645416259765625">
        <ele>55</ele>
        <time>2026-03-16T07:23:57.000Z</time>
        <extensions>
          <ns3:TrackPointExtension>
            <ns3:atemp>20.0</ns3:atemp>
            <ns3:hr>134</ns3:hr>
          </ns3:TrackPointExtension>
        </extensions>
      </trkpt>
      <trkpt lat="59.9615705944597721099853515625" lon="30.33487225882709026336669921875">
        <ele>55</ele>
        <time>2026-03-16T07:24:03.000Z</time>
        <extensions>
          <ns3:TrackPointExtension>
            <ns3:atemp>20.0</ns3:atemp>
            <ns3:hr>137</ns3:hr>
          </ns3:TrackPointExtension>
        </extensions>
      </trkpt>
      <trkpt lat="59.9614452011883258819580078125" lon="30.33489857800304889678955078125">
        <ele>55</ele>
        <time>2026-03-16T07:24:06.000Z</time>
        <extensions>
          <ns3:TrackPointExtension>
            <ns3:atemp>20.0</ns3:atemp>
            <ns3:hr>140</ns3:hr>
          </ns3:TrackPointExtension>
        </extensions>
      </trkpt>
      <trkpt lat="59.96131368912756443023681640625" lon="30.3349442593753337860107421875">
        <ele>55.200000762939453125</ele>
        <time>2026-03-16T07:24:09.000Z</time>
        <extensions>
          <ns3:TrackPointExtension>
            <ns3:atemp>20.0</ns3:atemp>
            <ns3:hr>143</ns3:hr>
          </ns3:TrackPointExtension>
        </extensions>
      </trkpt>
      <trkpt lat="59.9612691812217235565185546875" lon="30.3349484503269195556640625">
        <ele>55.200000762939453125</ele>
        <time>2026-03-16T07:24:10.000Z</time>
        <extensions>
          <ns3:TrackPointExtension>
            <ns3:atemp>20.0</ns3:atemp>
            <ns3:hr>143</ns3:hr>
          </ns3:TrackPointExtension>
        </extensions>
      </trkpt>
      <trkpt lat="59.961081258952617645263671875" lon="30.33503436483442783355712890625">
        <ele>55.40000152587890625</ele>
        <time>2026-03-16T07:24:14.000Z</time>
        <extensions>
          <ns3:TrackPointExtension>
            <ns3:atemp>20.0</ns3:atemp>
            <ns3:hr>145</ns3:hr>
          </ns3:TrackPointExtension>
        </extensions>
      </trkpt>
      <trkpt lat="59.9609969370067119598388671875" lon="30.335080213844776153564453125">
        <ele>55.40000152587890625</ele>
        <time>2026-03-16T07:24:16.000Z</time>
        <extensions>
          <ns3:TrackPointExtension>
            <ns3:atemp>20.0</ns3:atemp>
            <ns3:hr>144</ns3:hr>
          </ns3:TrackPointExtension>
        </extensions>
      </trkpt>
      <trkpt lat="59.9608963541686534881591796875" lon="30.3352007456123828887939453125">
        <ele>55.40000152587890625</ele>
        <time>2026-03-16T07:24:18.000Z</time>
        <extensions>
          <ns3:TrackPointExtension>
            <ns3:atemp>20.0</ns3:atemp>
            <ns3:hr>144</ns3:hr>
          </ns3:TrackPointExtension>
        </extensions>
      </trkpt>
      <trkpt lat="59.9607699550688266754150390625" lon="30.3353056870400905609130859375">
        <ele>55.40000152587890625</ele>
        <time>2026-03-16T07:24:21.000Z</time>
        <extensions>
          <ns3:TrackPointExtension>
            <ns3:atemp>20.0</ns3:atemp>
            <ns3:hr>144</ns3:hr>
          </ns3:TrackPointExtension>
        </extensions>
      </trkpt>
      <trkpt lat="59.96050718240439891815185546875" lon="30.33537450246512889862060546875">
        <ele>55.59999847412109375</ele>
        <time>2026-03-16T07:24:27.000Z</time>
        <extensions>
          <ns3:TrackPointExtension>
            <ns3:atemp>20.0</ns3:atemp>
            <ns3:hr>145</ns3:hr>
          </ns3:TrackPointExtension>
        </extensions>
      </trkpt>
      <trkpt lat="59.96043845079839229583740234375" lon="30.3352718241512775421142578125">
        <ele>55.59999847412109375</ele>
        <time>2026-03-16T07:24:28.000Z</time>
        <extensions>
          <ns3:TrackPointExtension>
            <ns3:atemp>20.0</ns3:atemp>
            <ns3:hr>145</ns3:hr>
          </ns3:TrackPointExtension>
        </extensions>
      </trkpt>
      <trkpt lat="59.96035815216600894927978515625" lon="30.33519026823341846466064453125">
        <ele>55.59999847412109375</ele>
        <time>2026-03-16T07:24:30.000Z</time>
        <extensions>
          <ns3:TrackPointExtension>
            <ns3:atemp>20.0</ns3:atemp>
            <ns3:hr>145</ns3:hr>
          </ns3:TrackPointExtension>
        </extensions>
      </trkpt>
      <trkpt lat="59.96024616993963718414306640625" lon="30.33507878892123699188232421875">
        <ele>55.40000152587890625</ele>
        <time>2026-03-16T07:24:33.000Z</time>
        <extensions>
          <ns3:TrackPointExtension>
            <ns3:atemp>20.0</ns3:atemp>
            <ns3:hr>144</ns3:hr>
          </ns3:TrackPointExtension>
        </extensions>
      </trkpt>
      <trkpt lat="59.96007836423814296722412109375" lon="30.3349968977272510528564453125">
        <ele>55.40000152587890625</ele>
        <time>2026-03-16T07:24:36.000Z</time>
        <extensions>
          <ns3:TrackPointExtension>
            <ns3:atemp>20.0</ns3:atemp>
            <ns3:hr>143</ns3:hr>
          </ns3:TrackPointExtension>
        </extensions>
      </trkpt>
      <trkpt lat="59.9598680622875690460205078125" lon="30.33499647863209247589111328125">
        <ele>55.40000152587890625</ele>
        <time>2026-03-16T07:24:41.000Z</time>
        <extensions>
          <ns3:TrackPointExtension>
            <ns3:atemp>20.0</ns3:atemp>
            <ns3:hr>142</ns3:hr>
          </ns3:TrackPointExtension>
        </extensions>
      </trkpt>
      <trkpt lat="59.95983101427555084228515625" lon="30.33500150777399539947509765625">
        <ele>55.40000152587890625</ele>
        <time>2026-03-16T07:24:42.000Z</time>
        <extensions>
          <ns3:TrackPointExtension>
            <ns3:atemp>20.0</ns3:atemp>
            <ns3:hr>142</ns3:hr>
          </ns3:TrackPointExtension>
        </extensions>
      </trkpt>
      <trkpt lat="59.95974250137805938720703125" lon="30.3349994122982025146484375">
        <ele>55.40000152587890625</ele>
        <time>2026-03-16T07:24:44.000Z</time>
        <extensions>
          <ns3:TrackPointExtension>
            <ns3:atemp>20.0</ns3:atemp>
            <ns3:hr>142</ns3:hr>
          </ns3:TrackPointExtension>
        </extensions>
      </trkpt>
      <trkpt lat="59.95957042090594768524169921875" lon="30.3350203670561313629150390625">
        <ele>55.200000762939453125</ele>
        <time>2026-03-16T07:24:48.000Z</time>
        <extensions>
          <ns3:TrackPointExtension>
            <ns3:atemp>20.0</ns3:atemp>
            <ns3:hr>141</ns3:hr>
          </ns3:TrackPointExtension>
        </extensions>
      </trkpt>
      <trkpt lat="59.959142692387104034423828125" lon="30.335027240216732025146484375">
        <ele>54.40000152587890625</ele>
        <time>2026-03-16T07:24:58.000Z</time>
        <extensions>
          <ns3:TrackPointExtension>
            <ns3:atemp>20.0</ns3:atemp>
            <ns3:hr>142</ns3:hr>
          </ns3:TrackPointExtension>
        </extensions>
      </trkpt>
      <trkpt lat="59.958537518978118896484375" lon="30.33530912362039089202880859375">
        <ele>55.200000762939453125</ele>
        <time>2026-03-16T07:25:14.000Z</time>
        <extensions>
          <ns3:TrackPointExtension>
            <ns3:atemp>20.0</ns3:atemp>
            <ns3:hr>138</ns3:hr>
          </ns3:TrackPointExtension>
        </extensions>
      </trkpt>
      <trkpt lat="59.9584337510168552398681640625" lon="30.33531884662806987762451171875">
        <ele>55.200000762939453125</ele>
        <time>2026-03-16T07:25:17.000Z</time>
        <extensions>
          <ns3:TrackPointExtension>
            <ns3:atemp>20.0</ns3:atemp>
            <ns3:hr>141</ns3:hr>
          </ns3:TrackPointExtension>
        </extensions>
      </trkpt>
      <trkpt lat="59.958270974457263946533203125" lon="30.335424207150936126708984375">
        <ele>55.200000762939453125</ele>
        <time>2026-03-16T07:25:20.000Z</time>
        <extensions>
          <ns3:TrackPointExtension>
            <ns3:atemp>20.0</ns3:atemp>
            <ns3:hr>143</ns3:hr>
          </ns3:TrackPointExtension>
        </extensions>
      </trkpt>
      <trkpt lat="59.95815941132605075836181640625" lon="30.33542781136929988861083984375">
        <ele>55.200000762939453125</ele>
        <time>2026-03-16T07:25:22.000Z</time>
        <extensions>
          <ns3:TrackPointExtension>
            <ns3:atemp>20.0</ns3:atemp>
            <ns3:hr>143</ns3:hr>
          </ns3:TrackPointExtension>
        </extensions>
      </trkpt>
      <trkpt lat="59.95798825286328792572021484375" lon="30.334864296019077301025390625">
        <ele>54.59999847412109375</ele>
        <time>2026-03-16T07:25:31.000Z</time>
        <extensions>
          <ns3:TrackPointExtension>
            <ns3:atemp>20.0</ns3:atemp>
            <ns3:hr>144</ns3:hr>
          </ns3:TrackPointExtension>
        </extensions>
      </trkpt>
      <trkpt lat="59.95754501782357692718505859375" lon="30.33378914929926395416259765625">
        <ele>53.799999237060546875</ele>
        <time>2026-03-16T07:25:58.000Z</time>
        <extensions>
          <ns3:TrackPointExtension>
            <ns3:atemp>20.0</ns3:atemp>
            <ns3:hr>138</ns3:hr>
          </ns3:TrackPointExtension>
        </extensions>
      </trkpt>
      <trkpt lat="59.95747142471373081207275390625" lon="30.33366191200911998748779296875">
        <ele>53.799999237060546875</ele>
        <time>2026-03-16T07:26:00.000Z</time>
        <extensions>
          <ns3:TrackPointExtension>
            <ns3:atemp>20.0</ns3:atemp>
            <ns3:hr>139</ns3:hr>
          </ns3:TrackPointExtension>
        </extensions>
      </trkpt>
      <trkpt lat="59.957329519093036651611328125" lon="30.33330626785755157470703125">
        <ele>53.40000152587890625</ele>
        <time>2026-03-16T07:26:11.000Z</time>
        <extensions>
          <ns3:TrackPointExtension>
            <ns3:atemp>20.0</ns3:atemp>
            <ns3:hr>138</ns3:hr>
          </ns3:TrackPointExtension>
        </extensions>
      </trkpt>
      <trkpt lat="59.95761073194444179534912109375" lon="30.3330226242542266845703125">
        <ele>53.40000152587890625</ele>
        <time>2026-03-16T07:26:14.000Z</time>
        <extensions>
          <ns3:TrackPointExtension>
            <ns3:atemp>20.0</ns3:atemp>
            <ns3:hr>138</ns3:hr>
          </ns3:TrackPointExtension>
        </extensions>
      </trkpt>
      <trkpt lat="59.9577353708446025848388671875" lon="30.3330613486468791961669921875">
        <ele>53.200000762939453125</ele>
        <time>2026-03-16T07:26:20.000Z</time>
        <extensions>
          <ns3:TrackPointExtension>
            <ns3:atemp>20.0</ns3:atemp>
            <ns3:hr>137</ns3:hr>
          </ns3:TrackPointExtension>
        </extensions>
      </trkpt>
      <trkpt lat="59.957755319774150848388671875" lon="30.3330130688846111297607421875">
        <ele>53</ele>
        <time>2026-03-16T07:26:24.000Z</time>
        <extensions>
          <ns3:TrackPointExtension>
            <ns3:atemp>21.0</ns3:atemp>
            <ns3:hr>138</ns3:hr>
          </ns3:TrackPointExtension>
        </extensions>
      </trkpt>
      <trkpt lat="59.95775037445127964019775390625" lon="30.33299270085990428924560546875">
        <ele>52.799999237060546875</ele>
        <time>2026-03-16T07:26:25.000Z</time>
        <extensions>
          <ns3:TrackPointExtension>
            <ns3:atemp>21.0</ns3:atemp>
            <ns3:hr>134</ns3:hr>
          </ns3:TrackPointExtension>
        </extensions>
      </trkpt>
      <trkpt lat="59.957743920385837554931640625" lon="30.33295498229563236236572265625">
        <ele>52.799999237060546875</ele>
        <time>2026-03-16T07:26:27.000Z</time>
        <extensions>
          <ns3:TrackPointExtension>
            <ns3:atemp>21.0</ns3:atemp>
            <ns3:hr>129</ns3:hr>
          </ns3:TrackPointExtension>
        </extensions>
      </trkpt>
      <trkpt lat="59.95773210190236568450927734375" lon="30.332926400005817413330078125">
        <ele>52.799999237060546875</ele>
        <time>2026-03-16T07:26:29.000Z</time>
        <extensions>
          <ns3:TrackPointExtension>
            <ns3:atemp>21.0</ns3:atemp>
            <ns3:hr>126</ns3:hr>
          </ns3:TrackPointExtension>
        </extensions>
      </trkpt>
      <trkpt lat="59.9576652981340885162353515625" lon="30.33306662924587726593017578125">
        <ele>53</ele>
        <time>2026-03-16T07:26:35.000Z</time>
        <extensions>
          <ns3:TrackPointExtension>
            <ns3:atemp>21.0</ns3:atemp>
            <ns3:hr>126</ns3:hr>
          </ns3:TrackPointExtension>
        </extensions>
      </trkpt>
      <trkpt lat="59.95769388042390346527099609375" lon="30.3330476023256778717041015625">
        <ele>52.799999237060546875</ele>
        <time>2026-03-16T07:26:42.000Z</time>
        <extensions>
          <ns3:TrackPointExtension>
            <ns3:atemp>20.0</ns3:atemp>
            <ns3:hr>126</ns3:hr>
          </ns3:TrackPointExtension>
        </extensions>
      </trkpt>
      <trkpt lat="59.957713745534420013427734375" lon="30.333056151866912841796875">
        <ele>53</ele>
        <time>2026-03-16T07:26:48.000Z</time>
        <extensions>
          <ns3:TrackPointExtension>
            <ns3:atemp>21.0</ns3:atemp>
            <ns3:hr>123</ns3:hr>
          </ns3:TrackPointExtension>
        </extensions>
      </trkpt>
      <trkpt lat="59.95770762674510478973388671875" lon="30.3330097161233425140380859375">
        <ele>53</ele>
        <time>2026-03-16T07:26:50.000Z</time>
        <extensions>
          <ns3:TrackPointExtension>
            <ns3:atemp>21.0</ns3:atemp>
            <ns3:hr>120</ns3:hr>
          </ns3:TrackPointExtension>
        </extensions>
      </trkpt>
      <trkpt lat="59.95772187598049640655517578125" lon="30.3329895995557308197021484375">
        <ele>52.59999847412109375</ele>
        <time>2026-03-16T07:26:53.000Z</time>
        <extensions>
          <ns3:TrackPointExtension>
            <ns3:atemp>21.0</ns3:atemp>
            <ns3:hr>117</ns3:hr>
          </ns3:TrackPointExtension>
        </extensions>
      </trkpt>
      <trkpt lat="59.957741238176822662353515625" lon="30.33295213244855403900146484375">
        <ele>52.40000152587890625</ele>
        <time>2026-03-16T07:26:57.000Z</time>
        <extensions>
          <ns3:TrackPointExtension>
            <ns3:atemp>21.0</ns3:atemp>
            <ns3:hr>117</ns3:hr>
          </ns3:TrackPointExtension>
        </extensions>
      </trkpt>
      <trkpt lat="59.95773763395845890045166015625" lon="30.33295749686658382415771484375">
        <ele>52.40000152587890625</ele>
        <time>2026-03-16T07:26:59.000Z</time>
        <extensions>
          <ns3:TrackPointExtension>
            <ns3:atemp>21.0</ns3:atemp>
            <ns3:hr>115</ns3:hr>
          </ns3:TrackPointExtension>
        </extensions>
      </trkpt>
      <trkpt lat="59.9577450938522815704345703125" lon="30.3329832293093204498291015625">
        <ele>52.200000762939453125</ele>
        <time>2026-03-16T07:27:02.000Z</time>
        <extensions>
          <ns3:TrackPointExtension>
            <ns3:atemp>21.0</ns3:atemp>
            <ns3:hr>118</ns3:hr>
          </ns3:TrackPointExtension>
        </extensions>
      </trkpt>
      <trkpt lat="59.957766719162464141845703125" lon="30.33295028842985630035400390625">
        <ele>52.200000762939453125</ele>
        <time>2026-03-16T07:27:03.000Z</time>
        <extensions>
          <ns3:TrackPointExtension>
            <ns3:atemp>21.0</ns3:atemp>
            <ns3:hr>118</ns3:hr>
          </ns3:TrackPointExtension>
        </extensions>
      </trkpt>
      <trkpt lat="59.95778256095945835113525390625" lon="30.3329295851290225982666015625">
        <ele>52.200000762939453125</ele>
        <time>2026-03-16T07:27:04.000Z</time>
        <extensions>
          <ns3:TrackPointExtension>
            <ns3:atemp>21.0</ns3:atemp>
            <ns3:hr>119</ns3:hr>
          </ns3:TrackPointExtension>
        </extensions>
      </trkpt>
      <trkpt lat="59.95773226954042911529541015625" lon="30.33304500393569469451904296875">
        <ele>52.40000152587890625</ele>
        <time>2026-03-16T07:27:09.000Z</time>
        <extensions>
          <ns3:TrackPointExtension>
            <ns3:atemp>21.0</ns3:atemp>
            <ns3:hr>118</ns3:hr>
          </ns3:TrackPointExtension>
        </extensions>
      </trkpt>
      <trkpt lat="59.957713074982166290283203125" lon="30.3330467641353607177734375">
        <ele>52.40000152587890625</ele>
        <time>2026-03-16T07:27:11.000Z</time>
        <extensions>
          <ns3:TrackPointExtension>
            <ns3:atemp>21.0</ns3:atemp>
            <ns3:hr>115</ns3:hr>
          </ns3:TrackPointExtension>
        </extensions>
      </trkpt>
      <trkpt lat="59.95771902613341808319091796875" lon="30.3329808823764324188232421875">
        <ele>52.40000152587890625</ele>
        <time>2026-03-16T07:27:16.000Z</time>
        <extensions>
          <ns3:TrackPointExtension>
            <ns3:atemp>21.0</ns3:atemp>
            <ns3:hr>115</ns3:hr>
          </ns3:TrackPointExtension>
        </extensions>
      </trkpt>
      <trkpt lat="59.957743585109710693359375" lon="30.33296906389296054840087890625">
        <ele>52.200000762939453125</ele>
        <time>2026-03-16T07:27:17.000Z</time>
        <extensions>
          <ns3:TrackPointExtension>
            <ns3:atemp>21.0</ns3:atemp>
            <ns3:hr>112</ns3:hr>
          </ns3:TrackPointExtension>
        </extensions>
      </trkpt>
      <trkpt lat="59.9578597582876682281494140625" lon="30.3329108096659183502197265625">
        <ele>52.200000762939453125</ele>
        <time>2026-03-16T07:27:23.000Z</time>
        <extensions>
          <ns3:TrackPointExtension>
            <ns3:atemp>21.0</ns3:atemp>
            <ns3:hr>111</ns3:hr>
          </ns3:TrackPointExtension>
        </extensions>
      </trkpt>
      <trkpt lat="59.95775942690670490264892578125" lon="30.33305372111499309539794921875">
        <ele>52.40000152587890625</ele>
        <time>2026-03-16T07:27:26.000Z</time>
        <extensions>
          <ns3:TrackPointExtension>
            <ns3:atemp>21.0</ns3:atemp>
            <ns3:hr>112</ns3:hr>
          </ns3:TrackPointExtension>
        </extensions>
      </trkpt>
      <trkpt lat="59.9577303417026996612548828125" lon="30.33310401253402233123779296875">
        <ele>52.200000762939453125</ele>
        <time>2026-03-16T07:27:28.000Z</time>
        <extensions>
          <ns3:TrackPointExtension>
            <ns3:atemp>21.0</ns3:atemp>
            <ns3:hr>112</ns3:hr>
          </ns3:TrackPointExtension>
        </extensions>
      </trkpt>
      <trkpt lat="59.9577165953814983367919921875" lon="30.33310133032500743865966796875">
        <ele>52.200000762939453125</ele>
        <time>2026-03-16T07:27:29.000Z</time>
        <extensions>
          <ns3:TrackPointExtension>
            <ns3:atemp>21.0</ns3:atemp>
            <ns3:hr>113</ns3:hr>
          </ns3:TrackPointExtension>
        </extensions>
      </trkpt>
      <trkpt lat="59.957656748592853546142578125" lon="30.33317408524453639984130859375">
        <ele>52.200000762939453125</ele>
        <time>2026-03-16T07:27:31.000Z</time>
        <extensions>
          <ns3:TrackPointExtension>
            <ns3:atemp>21.0</ns3:atemp>
            <ns3:hr>116</ns3:hr>
          </ns3:TrackPointExtension>
        </extensions>
      </trkpt>
      <trkpt lat="59.95763453654944896697998046875" lon="30.333161763846874237060546875">
        <ele>52.200000762939453125</ele>
        <time>2026-03-16T07:27:32.000Z</time>
        <extensions>
          <ns3:TrackPointExtension>
            <ns3:atemp>21.0</ns3:atemp>
            <ns3:hr>119</ns3:hr>
          </ns3:TrackPointExtension>
        </extensions>
      </trkpt>
      <trkpt lat="59.95756865479052066802978515625" lon="30.33295355737209320068359375">
        <ele>52.40000152587890625</ele>
        <time>2026-03-16T07:27:37.000Z</time>
        <extensions>
          <ns3:TrackPointExtension>
            <ns3:atemp>21.0</ns3:atemp>
            <ns3:hr>121</ns3:hr>
          </ns3:TrackPointExtension>
        </extensions>
      </trkpt>
      <trkpt lat="59.957468323409557342529296875" lon="30.332674272358417510986328125">
        <ele>52</ele>
        <time>2026-03-16T07:27:43.000Z</time>
        <extensions>
          <ns3:TrackPointExtension>
            <ns3:atemp>21.0</ns3:atemp>
            <ns3:hr>120</ns3:hr>
          </ns3:TrackPointExtension>
        </extensions>
      </trkpt>
      <trkpt lat="59.95735156349837779998779296875" lon="30.332495905458927154541015625">
        <ele>52</ele>
        <time>2026-03-16T07:27:49.000Z</time>
        <extensions>
          <ns3:TrackPointExtension>
            <ns3:atemp>21.0</ns3:atemp>
            <ns3:hr>122</ns3:hr>
          </ns3:TrackPointExtension>
        </extensions>
      </trkpt>
      <trkpt lat="59.957243688404560089111328125" lon="30.3323046304285526275634765625">
        <ele>52.40000152587890625</ele>
        <time>2026-03-16T07:27:53.000Z</time>
        <extensions>
          <ns3:TrackPointExtension>
            <ns3:atemp>21.0</ns3:atemp>
            <ns3:hr>125</ns3:hr>
          </ns3:TrackPointExtension>
        </extensions>
      </trkpt>
      <trkpt lat="59.957177303731441497802734375" lon="30.3322756290435791015625">
        <ele>52.40000152587890625</ele>
        <time>2026-03-16T07:27:54.000Z</time>
        <extensions>
          <ns3:TrackPointExtension>
            <ns3:atemp>21.0</ns3:atemp>
            <ns3:hr>125</ns3:hr>
          </ns3:TrackPointExtension>
        </extensions>
      </trkpt>
      <trkpt lat="59.95697370730340480804443359375" lon="30.33193876035511493682861328125">
        <ele>52.40000152587890625</ele>
        <time>2026-03-16T07:28:02.000Z</time>
        <extensions>
          <ns3:TrackPointExtension>
            <ns3:atemp>21.0</ns3:atemp>
            <ns3:hr>128</ns3:hr>
          </ns3:TrackPointExtension>
        </extensions>
      </trkpt>
      <trkpt lat="59.9568086676299571990966796875" lon="30.33164271153509616851806640625">
        <ele>52.40000152587890625</ele>
        <time>2026-03-16T07:28:07.000Z</time>
        <extensions>
          <ns3:TrackPointExtension>
            <ns3:atemp>21.0</ns3:atemp>
            <ns3:hr>127</ns3:hr>
          </ns3:TrackPointExtension>
        </extensions>
      </trkpt>
      <trkpt lat="59.95671160519123077392578125" lon="30.33132688142359256744384765625">
        <ele>52.59999847412109375</ele>
        <time>2026-03-16T07:28:13.000Z</time>
        <extensions>
          <ns3:TrackPointExtension>
            <ns3:atemp>21.0</ns3:atemp>
            <ns3:hr>127</ns3:hr>
          </ns3:TrackPointExtension>
        </extensions>
      </trkpt>
      <trkpt lat="59.9565754830837249755859375" lon="30.33098439686000347137451171875">
        <ele>52.40000152587890625</ele>
        <time>2026-03-16T07:28:19.000Z</time>
        <extensions>
          <ns3:TrackPointExtension>
            <ns3:atemp>21.0</ns3:atemp>
            <ns3:hr>126</ns3:hr>
          </ns3:TrackPointExtension>
        </extensions>
      </trkpt>
      <trkpt lat="59.9563523568212985992431640625" lon="30.33078230917453765869140625">
        <ele>52.40000152587890625</ele>
        <time>2026-03-16T07:28:24.000Z</time>
        <extensions>
          <ns3:TrackPointExtension>
            <ns3:atemp>21.0</ns3:atemp>
            <ns3:hr>127</ns3:hr>
          </ns3:TrackPointExtension>
        </extensions>
      </trkpt>
      <trkpt lat="59.95624867267906665802001953125" lon="30.33051752485334873199462890625">
        <ele>52.59999847412109375</ele>
        <time>2026-03-16T07:28:29.000Z</time>
        <extensions>
          <ns3:TrackPointExtension>
            <ns3:atemp>21.0</ns3:atemp>
            <ns3:hr>127</ns3:hr>
          </ns3:TrackPointExtension>
        </extensions>
      </trkpt>
      <trkpt lat="59.95607617311179637908935546875" lon="30.330313257873058319091796875">
        <ele>52.40000152587890625</ele>
        <time>2026-03-16T07:28:35.000Z</time>
        <extensions>
          <ns3:TrackPointExtension>
            <ns3:atemp>21.0</ns3:atemp>
            <ns3:hr>125</ns3:hr>
          </ns3:TrackPointExtension>
        </extensions>
      </trkpt>
      <trkpt lat="59.95597441680729389190673828125" lon="30.33021326176822185516357421875">
        <ele>52.40000152587890625</ele>
        <time>2026-03-16T07:28:39.000Z</time>
        <extensions>
          <ns3:TrackPointExtension>
            <ns3:atemp>21.0</ns3:atemp>
            <ns3:hr>128</ns3:hr>
          </ns3:TrackPointExtension>
        </extensions>
      </trkpt>
      <trkpt lat="59.95574777014553546905517578125" lon="30.3298602998256683349609375">
        <ele>52.200000762939453125</ele>
        <time>2026-03-16T07:28:45.000Z</time>
        <extensions>
          <ns3:TrackPointExtension>
            <ns3:atemp>21.0</ns3:atemp>
            <ns3:hr>129</ns3:hr>
          </ns3:TrackPointExtension>
        </extensions>
      </trkpt>
      <trkpt lat="59.9556352011859416961669921875" lon="30.329830460250377655029296875">
        <ele>52.200000762939453125</ele>
        <time>2026-03-16T07:28:47.000Z</time>
        <extensions>
          <ns3:TrackPointExtension>
            <ns3:atemp>21.0</ns3:atemp>
            <ns3:hr>127</ns3:hr>
          </ns3:TrackPointExtension>
        </extensions>
      </trkpt>
      <trkpt lat="59.9555295892059803009033203125" lon="30.329838506877422332763671875">
        <ele>52.200000762939453125</ele>
        <time>2026-03-16T07:28:49.000Z</time>
        <extensions>
          <ns3:TrackPointExtension>
            <ns3:atemp>21.0</ns3:atemp>
            <ns3:hr>126</ns3:hr>
          </ns3:TrackPointExtension>
        </extensions>
      </trkpt>
      <trkpt lat="59.95549916289746761322021484375" lon="30.3297987766563892364501953125">
        <ele>52.200000762939453125</ele>
        <time>2026-03-16T07:28:50.000Z</time>
        <extensions>
          <ns3:TrackPointExtension>
            <ns3:atemp>21.0</ns3:atemp>
            <ns3:hr>126</ns3:hr>
          </ns3:TrackPointExtension>
        </extensions>
      </trkpt>
      <trkpt lat="59.95530419982969760894775390625" lon="30.329751335084438323974609375">
        <ele>52.40000152587890625</ele>
        <time>2026-03-16T07:28:54.000Z</time>
        <extensions>
          <ns3:TrackPointExtension>
            <ns3:atemp>21.0</ns3:atemp>
            <ns3:hr>124</ns3:hr>
          </ns3:TrackPointExtension>
        </extensions>
      </trkpt>
      <trkpt lat="59.9550353921949863433837890625" lon="30.32943760044872760772705078125">
        <ele>51.799999237060546875</ele>
        <time>2026-03-16T07:29:04.000Z</time>
        <extensions>
          <ns3:TrackPointExtension>
            <ns3:atemp>21.0</ns3:atemp>
            <ns3:hr>126</ns3:hr>
          </ns3:TrackPointExtension>
        </extensions>
      </trkpt>
      <trkpt lat="59.95528793893754482269287109375" lon="30.32907307147979736328125">
        <ele>51.799999237060546875</ele>
        <time>2026-03-16T07:29:06.000Z</time>
        <extensions>
          <ns3:TrackPointExtension>
            <ns3:atemp>21.0</ns3:atemp>
            <ns3:hr>126</ns3:hr>
          </ns3:TrackPointExtension>
        </extensions>
      </trkpt>
      <trkpt lat="59.95530017651617527008056640625" lon="30.32904415391385555267333984375">
        <ele>51.799999237060546875</ele>
        <time>2026-03-16T07:29:08.000Z</time>
        <extensions>
          <ns3:TrackPointExtension>
            <ns3:atemp>21.0</ns3:atemp>
            <ns3:hr>127</ns3:hr>
          </ns3:TrackPointExtension>
        </extensions>
      </trkpt>
      <trkpt lat="59.9555882625281810760498046875" lon="30.32870602793991565704345703125">
        <ele>51.799999237060546875</ele>
        <time>2026-03-16T07:29:14.000Z</time>
        <extensions>
          <ns3:TrackPointExtension>
            <ns3:atemp>21.0</ns3:atemp>
            <ns3:hr>128</ns3:hr>
          </ns3:TrackPointExtension>
        </extensions>
      </trkpt>
      <trkpt lat="59.9556040205061435699462890625" lon="30.32866897992789745330810546875">
        <ele>51.799999237060546875</ele>
        <time>2026-03-16T07:29:16.000Z</time>
        <extensions>
          <ns3:TrackPointExtension>
            <ns3:atemp>21.0</ns3:atemp>
            <ns3:hr>125</ns3:hr>
          </ns3:TrackPointExtension>
        </extensions>
      </trkpt>
      <trkpt lat="59.95560251176357269287109375" lon="30.32862715423107147216796875">
        <ele>51.59999847412109375</ele>
        <time>2026-03-16T07:29:18.000Z</time>
        <extensions>
          <ns3:TrackPointExtension>
            <ns3:atemp>21.0</ns3:atemp>
            <ns3:hr>122</ns3:hr>
          </ns3:TrackPointExtension>
        </extensions>
      </trkpt>
      <trkpt lat="59.9555991590023040771484375" lon="30.3286008350551128387451171875">
        <ele>51.59999847412109375</ele>
        <time>2026-03-16T07:29:19.000Z</time>
        <extensions>
          <ns3:TrackPointExtension>
            <ns3:atemp>21.0</ns3:atemp>
            <ns3:hr>120</ns3:hr>
          </ns3:TrackPointExtension>
        </extensions>
      </trkpt>
      <trkpt lat="59.95557879097759723663330078125" lon="30.32850536517798900604248046875">
        <ele>51.59999847412109375</ele>
        <time>2026-03-16T07:29:22.000Z</time>
        <extensions>
          <ns3:TrackPointExtension>
            <ns3:atemp>21.0</ns3:atemp>
            <ns3:hr>120</ns3:hr>
          </ns3:TrackPointExtension>
        </extensions>
      </trkpt>
      <trkpt lat="59.95551324449479579925537109375" lon="30.3283473663032054901123046875">
        <ele>51.40000152587890625</ele>
        <time>2026-03-16T07:29:24.000Z</time>
        <extensions>
          <ns3:TrackPointExtension>
            <ns3:atemp>21.0</ns3:atemp>
            <ns3:hr>119</ns3:hr>
          </ns3:TrackPointExtension>
        </extensions>
      </trkpt>
      <trkpt lat="59.9555034376680850982666015625" lon="30.32832917757332324981689453125">
        <ele>51.40000152587890625</ele>
        <time>2026-03-16T07:29:25.000Z</time>
        <extensions>
          <ns3:TrackPointExtension>
            <ns3:atemp>21.0</ns3:atemp>
            <ns3:hr>120</ns3:hr>
          </ns3:TrackPointExtension>
        </extensions>
      </trkpt>
      <trkpt lat="59.9554695747792720794677734375" lon="30.32828978262841701507568359375">
        <ele>51.40000152587890625</ele>
        <time>2026-03-16T07:29:27.000Z</time>
        <extensions>
          <ns3:TrackPointExtension>
            <ns3:atemp>21.0</ns3:atemp>
            <ns3:hr>123</ns3:hr>
          </ns3:TrackPointExtension>
        </extensions>
      </trkpt>
      <trkpt lat="59.95542909018695354461669921875" lon="30.3282414190471172332763671875">
        <ele>51.59999847412109375</ele>
        <time>2026-03-16T07:29:29.000Z</time>
        <extensions>
          <ns3:TrackPointExtension>
            <ns3:atemp>21.0</ns3:atemp>
            <ns3:hr>127</ns3:hr>
          </ns3:TrackPointExtension>
        </extensions>
      </trkpt>
      <trkpt lat="59.955410398542881011962890625" lon="30.328207723796367645263671875">
        <ele>51.59999847412109375</ele>
        <time>2026-03-16T07:29:30.000Z</time>
        <extensions>
          <ns3:TrackPointExtension>
            <ns3:atemp>21.0</ns3:atemp>
            <ns3:hr>129</ns3:hr>
          </ns3:TrackPointExtension>
        </extensions>
      </trkpt>
      <trkpt lat="59.9540131352841854095458984375" lon="30.3244502842426300048828125">
        <ele>50</ele>
        <time>2026-03-16T07:31:16.000Z</time>
        <extensions>
          <ns3:TrackPointExtension>
            <ns3:atemp>21.0</ns3:atemp>
            <ns3:hr>128</ns3:hr>
          </ns3:TrackPointExtension>
        </extensions>
      </trkpt>
      <trkpt lat="59.953995533287525177001953125" lon="30.32443142496049404144287109375">
        <ele>50</ele>
        <time>2026-03-16T07:31:17.000Z</time>
        <extensions>
          <ns3:TrackPointExtension>
            <ns3:atemp>21.0</ns3:atemp>
            <ns3:hr>128</ns3:hr>
          </ns3:TrackPointExtension>
        </extensions>
      </trkpt>
      <trkpt lat="59.95395102538168430328369140625" lon="30.3245232068002223968505859375">
        <ele>50</ele>
        <time>2026-03-16T07:31:20.000Z</time>
        <extensions>
          <ns3:TrackPointExtension>
            <ns3:atemp>21.0</ns3:atemp>
            <ns3:hr>125</ns3:hr>
          </ns3:TrackPointExtension>
        </extensions>
      </trkpt>
      <trkpt lat="59.95366972871124744415283203125" lon="30.32412649132311344146728515625">
        <ele>50</ele>
        <time>2026-03-16T07:31:22.000Z</time>
        <extensions>
          <ns3:TrackPointExtension>
            <ns3:atemp>21.0</ns3:atemp>
            <ns3:hr>128</ns3:hr>
          </ns3:TrackPointExtension>
        </extensions>
      </trkpt>
      <trkpt lat="59.95366872288286685943603515625" lon="30.32402339391410350799560546875">
        <ele>50</ele>
        <time>2026-03-16T07:31:23.000Z</time>
        <extensions>
          <ns3:TrackPointExtension>
            <ns3:atemp>21.0</ns3:atemp>
            <ns3:hr>127</ns3:hr>
          </ns3:TrackPointExtension>
        </extensions>
      </trkpt>
      <trkpt lat="59.95351516641676425933837890625" lon="30.32388634979724884033203125">
        <ele>50</ele>
        <time>2026-03-16T07:31:30.000Z</time>
        <extensions>
          <ns3:TrackPointExtension>
            <ns3:atemp>21.0</ns3:atemp>
            <ns3:hr>127</ns3:hr>
          </ns3:TrackPointExtension>
        </extensions>
      </trkpt>
      <trkpt lat="59.953520111739635467529296875" lon="30.3238757885992527008056640625">
        <ele>50</ele>
        <time>2026-03-16T07:31:35.000Z</time>
        <extensions>
          <ns3:TrackPointExtension>
            <ns3:atemp>21.0</ns3:atemp>
            <ns3:hr>124</ns3:hr>
          </ns3:TrackPointExtension>
        </extensions>
      </trkpt>
      <trkpt lat="59.95345431379973888397216796875" lon="30.323770344257354736328125">
        <ele>50</ele>
        <time>2026-03-16T07:31:42.000Z</time>
        <extensions>
          <ns3:TrackPointExtension>
            <ns3:atemp>21.0</ns3:atemp>
            <ns3:hr>122</ns3:hr>
          </ns3:TrackPointExtension>
        </extensions>
      </trkpt>
      <trkpt lat="59.9533727578818798065185546875" lon="30.32368007116019725799560546875">
        <ele>50</ele>
        <time>2026-03-16T07:31:48.000Z</time>
        <extensions>
          <ns3:TrackPointExtension>
            <ns3:atemp>21.0</ns3:atemp>
            <ns3:hr>123</ns3:hr>
          </ns3:TrackPointExtension>
        </extensions>
      </trkpt>
      <trkpt lat="59.95344735682010650634765625" lon="30.3236816637217998504638671875">
        <ele>50.200000762939453125</ele>
        <time>2026-03-16T07:31:53.000Z</time>
        <extensions>
          <ns3:TrackPointExtension>
            <ns3:atemp>21.0</ns3:atemp>
            <ns3:hr>124</ns3:hr>
          </ns3:TrackPointExtension>
        </extensions>
      </trkpt>
      <trkpt lat="59.95343721471726894378662109375" lon="30.32357831485569477081298828125">
        <ele>50.200000762939453125</ele>
        <time>2026-03-16T07:31:57.000Z</time>
        <extensions>
          <ns3:TrackPointExtension>
            <ns3:atemp>21.0</ns3:atemp>
            <ns3:hr>123</ns3:hr>
          </ns3:TrackPointExtension>
        </extensions>
      </trkpt>
      <trkpt lat="59.9534210376441478729248046875" lon="30.32355249859392642974853515625">
        <ele>50.40000152587890625</ele>
        <time>2026-03-16T07:31:59.000Z</time>
        <extensions>
          <ns3:TrackPointExtension>
            <ns3:atemp>21.0</ns3:atemp>
            <ns3:hr>122</ns3:hr>
          </ns3:TrackPointExtension>
        </extensions>
      </trkpt>
      <trkpt lat="59.9533563293516635894775390625" lon="30.32328997738659381866455078125">
        <ele>50.40000152587890625</ele>
        <time>2026-03-16T07:32:06.000Z</time>
        <extensions>
          <ns3:TrackPointExtension>
            <ns3:atemp>21.0</ns3:atemp>
            <ns3:hr>121</ns3:hr>
          </ns3:TrackPointExtension>
        </extensions>
      </trkpt>
      <trkpt lat="59.95337569154798984527587890625" lon="30.3231120295822620391845703125">
        <ele>50.200000762939453125</ele>
        <time>2026-03-16T07:32:12.000Z</time>
        <extensions>
          <ns3:TrackPointExtension>
            <ns3:atemp>21.0</ns3:atemp>
            <ns3:hr>121</ns3:hr>
          </ns3:TrackPointExtension>
        </extensions>
      </trkpt>
      <trkpt lat="59.9535937048494815826416015625" lon="30.32307640649378299713134765625">
        <ele>50</ele>
        <time>2026-03-16T07:32:15.000Z</time>
        <extensions>
          <ns3:TrackPointExtension>
            <ns3:atemp>21.0</ns3:atemp>
            <ns3:hr>121</ns3:hr>
          </ns3:TrackPointExtension>
        </extensions>
      </trkpt>
      <trkpt lat="59.95370459742844104766845703125" lon="30.322927124798297882080078125">
        <ele>50.40000152587890625</ele>
        <time>2026-03-16T07:32:20.000Z</time>
        <extensions>
          <ns3:TrackPointExtension>
            <ns3:atemp>21.0</ns3:atemp>
            <ns3:hr>123</ns3:hr>
          </ns3:TrackPointExtension>
        </extensions>
      </trkpt>
      <trkpt lat="59.9538449943065643310546875" lon="30.32269469462335109710693359375">
        <ele>50.799999237060546875</ele>
        <time>2026-03-16T07:32:26.000Z</time>
        <extensions>
          <ns3:TrackPointExtension>
            <ns3:atemp>21.0</ns3:atemp>
            <ns3:hr>125</ns3:hr>
          </ns3:TrackPointExtension>
        </extensions>
      </trkpt>
      <trkpt lat="59.9538505263626575469970703125" lon="30.3224528767168521881103515625">
        <ele>50.799999237060546875</ele>
        <time>2026-03-16T07:32:30.000Z</time>
        <extensions>
          <ns3:TrackPointExtension>
            <ns3:atemp>21.0</ns3:atemp>
            <ns3:hr>125</ns3:hr>
          </ns3:TrackPointExtension>
        </extensions>
      </trkpt>
      <trkpt lat="59.95404942892491817474365234375" lon="30.32206119038164615631103515625">
        <ele>51</ele>
        <time>2026-03-16T07:32:36.000Z</time>
        <extensions>
          <ns3:TrackPointExtension>
            <ns3:atemp>21.0</ns3:atemp>
            <ns3:hr>126</ns3:hr>
          </ns3:TrackPointExtension>
        </extensions>
      </trkpt>
      <trkpt lat="59.95410583913326263427734375" lon="30.32194937579333782196044921875">
        <ele>51</ele>
        <time>2026-03-16T07:32:38.000Z</time>
        <extensions>
          <ns3:TrackPointExtension>
            <ns3:atemp>21.0</ns3:atemp>
            <ns3:hr>126</ns3:hr>
          </ns3:TrackPointExtension>
        </extensions>
      </trkpt>
      <trkpt lat="59.9542424641549587249755859375" lon="30.32169632613658905029296875">
        <ele>51.200000762939453125</ele>
        <time>2026-03-16T07:32:42.000Z</time>
        <extensions>
          <ns3:TrackPointExtension>
            <ns3:atemp>21.0</ns3:atemp>
            <ns3:hr>128</ns3:hr>
          </ns3:TrackPointExtension>
        </extensions>
      </trkpt>
      <trkpt lat="59.95435704477131366729736328125" lon="30.32138460315763950347900390625">
        <ele>52</ele>
        <time>2026-03-16T07:32:47.000Z</time>
        <extensions>
          <ns3:TrackPointExtension>
            <ns3:atemp>21.0</ns3:atemp>
            <ns3:hr>131</ns3:hr>
          </ns3:TrackPointExtension>
        </extensions>
      </trkpt>
      <trkpt lat="59.9543584696948528289794921875" lon="30.3212834335863590240478515625">
        <ele>52.200000762939453125</ele>
        <time>2026-03-16T07:32:48.000Z</time>
        <extensions>
          <ns3:TrackPointExtension>
            <ns3:atemp>21.0</ns3:atemp>
            <ns3:hr>131</ns3:hr>
          </ns3:TrackPointExtension>
        </extensions>
      </trkpt>
      <trkpt lat="59.95453122071921825408935546875" lon="30.3210304677486419677734375">
        <ele>52.40000152587890625</ele>
        <time>2026-03-16T07:32:53.000Z</time>
        <extensions>
          <ns3:TrackPointExtension>
            <ns3:atemp>21.0</ns3:atemp>
            <ns3:hr>129</ns3:hr>
          </ns3:TrackPointExtension>
        </extensions>
      </trkpt>
      <trkpt lat="59.95466834865510463714599609375" lon="30.32074288465082645416259765625">
        <ele>52.799999237060546875</ele>
        <time>2026-03-16T07:32:58.000Z</time>
        <extensions>
          <ns3:TrackPointExtension>
            <ns3:atemp>21.0</ns3:atemp>
            <ns3:hr>128</ns3:hr>
          </ns3:TrackPointExtension>
        </extensions>
      </trkpt>
      <trkpt lat="59.9548000283539295196533203125" lon="30.32041012309491634368896484375">
        <ele>53</ele>
        <time>2026-03-16T07:33:03.000Z</time>
        <extensions>
          <ns3:TrackPointExtension>
            <ns3:atemp>21.0</ns3:atemp>
            <ns3:hr>126</ns3:hr>
          </ns3:TrackPointExtension>
        </extensions>
      </trkpt>
      <trkpt lat="59.954820983111858367919921875" lon="30.32024969346821308135986328125">
        <ele>53.200000762939453125</ele>
        <time>2026-03-16T07:33:05.000Z</time>
        <extensions>
          <ns3:TrackPointExtension>
            <ns3:atemp>21.0</ns3:atemp>
            <ns3:hr>125</ns3:hr>
          </ns3:TrackPointExtension>
        </extensions>
      </trkpt>
      <trkpt lat="59.95488359592854976654052734375" lon="30.32005204819142818450927734375">
        <ele>53.40000152587890625</ele>
        <time>2026-03-16T07:33:08.000Z</time>
        <extensions>
          <ns3:TrackPointExtension>
            <ns3:atemp>21.0</ns3:atemp>
            <ns3:hr>124</ns3:hr>
          </ns3:TrackPointExtension>
        </extensions>
      </trkpt>
      <trkpt lat="59.95497965253889560699462890625" lon="30.3197582624852657318115234375">
        <ele>53.799999237060546875</ele>
        <time>2026-03-16T07:33:13.000Z</time>
        <extensions>
          <ns3:TrackPointExtension>
            <ns3:atemp>21.0</ns3:atemp>
            <ns3:hr>127</ns3:hr>
          </ns3:TrackPointExtension>
        </extensions>
      </trkpt>
      <trkpt lat="59.95499105192720890045166015625" lon="30.319701768457889556884765625">
        <ele>53.799999237060546875</ele>
        <time>2026-03-16T07:33:14.000Z</time>
        <extensions>
          <ns3:TrackPointExtension>
            <ns3:atemp>21.0</ns3:atemp>
            <ns3:hr>127</ns3:hr>
          </ns3:TrackPointExtension>
        </extensions>
      </trkpt>
      <trkpt lat="59.95512650348246097564697265625" lon="30.3193867765367031097412109375">
        <ele>54</ele>
        <time>2026-03-16T07:33:20.000Z</time>
        <extensions>
          <ns3:TrackPointExtension>
            <ns3:atemp>21.0</ns3:atemp>
            <ns3:hr>129</ns3:hr>
          </ns3:TrackPointExtension>
        </extensions>
      </trkpt>
      <trkpt lat="59.9552700854837894439697265625" lon="30.31925040297210216522216796875">
        <ele>54.200000762939453125</ele>
        <time>2026-03-16T07:33:25.000Z</time>
        <extensions>
          <ns3:TrackPointExtension>
            <ns3:atemp>21.0</ns3:atemp>
            <ns3:hr>126</ns3:hr>
          </ns3:TrackPointExtension>
        </extensions>
      </trkpt>
      <trkpt lat="59.955335296690464019775390625" lon="30.31922073103487491607666015625">
        <ele>54.200000762939453125</ele>
        <time>2026-03-16T07:33:27.000Z</time>
        <extensions>
          <ns3:TrackPointExtension>
            <ns3:atemp>21.0</ns3:atemp>
            <ns3:hr>126</ns3:hr>
          </ns3:TrackPointExtension>
        </extensions>
      </trkpt>
      <trkpt lat="59.955423139035701751708984375" lon="30.319167338311672210693359375">
        <ele>54.200000762939453125</ele>
        <time>2026-03-16T07:33:29.000Z</time>
        <extensions>
          <ns3:TrackPointExtension>
            <ns3:atemp>21.0</ns3:atemp>
            <ns3:hr>125</ns3:hr>
          </ns3:TrackPointExtension>
        </extensions>
      </trkpt>
      <trkpt lat="59.9555828981101512908935546875" lon="30.31916909851133823394775390625">
        <ele>54.40000152587890625</ele>
        <time>2026-03-16T07:33:33.000Z</time>
        <extensions>
          <ns3:TrackPointExtension>
            <ns3:atemp>21.0</ns3:atemp>
            <ns3:hr>124</ns3:hr>
          </ns3:TrackPointExtension>
        </extensions>
      </trkpt>
      <trkpt lat="59.95582823641598224639892578125" lon="30.31907488591969013214111328125">
        <ele>54.200000762939453125</ele>
        <time>2026-03-16T07:33:40.000Z</time>
        <extensions>
          <ns3:TrackPointExtension>
            <ns3:atemp>21.0</ns3:atemp>
            <ns3:hr>125</ns3:hr>
          </ns3:TrackPointExtension>
        </extensions>
      </trkpt>
      <trkpt lat="59.9558351933956146240234375" lon="30.3188191540539264678955078125">
        <ele>54.40000152587890625</ele>
        <time>2026-03-16T07:33:44.000Z</time>
        <extensions>
          <ns3:TrackPointExtension>
            <ns3:atemp>21.0</ns3:atemp>
            <ns3:hr>125</ns3:hr>
          </ns3:TrackPointExtension>
        </extensions>
      </trkpt>
      <trkpt lat="59.95585321448743343353271484375" lon="30.3184366039931774139404296875">
        <ele>54.799999237060546875</ele>
        <time>2026-03-16T07:33:50.000Z</time>
        <extensions>
          <ns3:TrackPointExtension>
            <ns3:atemp>21.0</ns3:atemp>
            <ns3:hr>126</ns3:hr>
          </ns3:TrackPointExtension>
        </extensions>
      </trkpt>
      <trkpt lat="59.95590769685804843902587890625" lon="30.318226553499698638916015625">
        <ele>54.59999847412109375</ele>
        <time>2026-03-16T07:33:54.000Z</time>
        <extensions>
          <ns3:TrackPointExtension>
            <ns3:atemp>21.0</ns3:atemp>
            <ns3:hr>127</ns3:hr>
          </ns3:TrackPointExtension>
        </extensions>
      </trkpt>
      <trkpt lat="59.95592697523534297943115234375" lon="30.31811633147299289703369140625">
        <ele>54.40000152587890625</ele>
        <time>2026-03-16T07:33:56.000Z</time>
        <extensions>
          <ns3:TrackPointExtension>
            <ns3:atemp>21.0</ns3:atemp>
            <ns3:hr>126</ns3:hr>
          </ns3:TrackPointExtension>
        </extensions>
      </trkpt>
      <trkpt lat="59.95590266771614551544189453125" lon="30.318076349794864654541015625">
        <ele>54.40000152587890625</ele>
        <time>2026-03-16T07:33:58.000Z</time>
        <extensions>
          <ns3:TrackPointExtension>
            <ns3:atemp>21.0</ns3:atemp>
            <ns3:hr>125</ns3:hr>
          </ns3:TrackPointExtension>
        </extensions>
      </trkpt>
      <trkpt lat="59.9558876641094684600830078125" lon="30.31807023100554943084716796875">
        <ele>54.40000152587890625</ele>
        <time>2026-03-16T07:33:59.000Z</time>
        <extensions>
          <ns3:TrackPointExtension>
            <ns3:atemp>21.0</ns3:atemp>
            <ns3:hr>124</ns3:hr>
          </ns3:TrackPointExtension>
        </extensions>
      </trkpt>
      <trkpt lat="59.9558504484593868255615234375" lon="30.31800921075046062469482421875">
        <ele>54.40000152587890625</ele>
        <time>2026-03-16T07:34:02.000Z</time>
        <extensions>
          <ns3:TrackPointExtension>
            <ns3:atemp>21.0</ns3:atemp>
            <ns3:hr>123</ns3:hr>
          </ns3:TrackPointExtension>
        </extensions>
      </trkpt>
      <trkpt lat="59.95583058334887027740478515625" lon="30.3178689815104007720947265625">
        <ele>54.59999847412109375</ele>
        <time>2026-03-16T07:34:06.000Z</time>
        <extensions>
          <ns3:TrackPointExtension>
            <ns3:atemp>21.0</ns3:atemp>
            <ns3:hr>122</ns3:hr>
          </ns3:TrackPointExtension>
        </extensions>
      </trkpt>
      <trkpt lat="59.95591155253350734710693359375" lon="30.31750344671308994293212890625">
        <ele>54.59999847412109375</ele>
        <time>2026-03-16T07:34:12.000Z</time>
        <extensions>
          <ns3:TrackPointExtension>
            <ns3:atemp>21.0</ns3:atemp>
            <ns3:hr>123</ns3:hr>
          </ns3:TrackPointExtension>
        </extensions>
      </trkpt>
      <trkpt lat="59.9559674598276615142822265625" lon="30.3172262571752071380615234375">
        <ele>54.59999847412109375</ele>
        <time>2026-03-16T07:34:16.000Z</time>
        <extensions>
          <ns3:TrackPointExtension>
            <ns3:atemp>21.0</ns3:atemp>
            <ns3:hr>126</ns3:hr>
          </ns3:TrackPointExtension>
        </extensions>
      </trkpt>
      <trkpt lat="59.95599218644201755523681640625" lon="30.3171015344560146331787109375">
        <ele>54.59999847412109375</ele>
        <time>2026-03-16T07:34:18.000Z</time>
        <extensions>
          <ns3:TrackPointExtension>
            <ns3:atemp>21.0</ns3:atemp>
            <ns3:hr>127</ns3:hr>
          </ns3:TrackPointExtension>
        </extensions>
      </trkpt>
      <trkpt lat="59.9560271389782428741455078125" lon="30.31657976098358631134033203125">
        <ele>54.799999237060546875</ele>
        <time>2026-03-16T07:34:25.000Z</time>
        <extensions>
          <ns3:TrackPointExtension>
            <ns3:atemp>21.0</ns3:atemp>
            <ns3:hr>129</ns3:hr>
          </ns3:TrackPointExtension>
        </extensions>
      </trkpt>
      <trkpt lat="59.95610006153583526611328125" lon="30.31635873019695281982421875">
        <ele>54.59999847412109375</ele>
        <time>2026-03-16T07:34:29.000Z</time>
        <extensions>
          <ns3:TrackPointExtension>
            <ns3:atemp>21.0</ns3:atemp>
            <ns3:hr>129</ns3:hr>
          </ns3:TrackPointExtension>
        </extensions>
      </trkpt>
      <trkpt lat="59.9562373571097850799560546875" lon="30.3159503638744354248046875">
        <ele>54.59999847412109375</ele>
        <time>2026-03-16T07:34:36.000Z</time>
        <extensions>
          <ns3:TrackPointExtension>
            <ns3:atemp>21.0</ns3:atemp>
            <ns3:hr>127</ns3:hr>
          </ns3:TrackPointExtension>
        </extensions>
      </trkpt>
      <trkpt lat="59.95629041455686092376708984375" lon="30.31554375775158405303955078125">
        <ele>54.200000762939453125</ele>
        <time>2026-03-16T07:34:41.000Z</time>
        <extensions>
          <ns3:TrackPointExtension>
            <ns3:atemp>21.0</ns3:atemp>
            <ns3:hr>129</ns3:hr>
          </ns3:TrackPointExtension>
        </extensions>
      </trkpt>
      <trkpt lat="59.95635713450610637664794921875" lon="30.3154955618083477020263671875">
        <ele>53.799999237060546875</ele>
        <time>2026-03-16T07:34:45.000Z</time>
        <extensions>
          <ns3:TrackPointExtension>
            <ns3:atemp>21.0</ns3:atemp>
            <ns3:hr>129</ns3:hr>
          </ns3:TrackPointExtension>
        </extensions>
      </trkpt>
      <trkpt lat="59.9563637562096118927001953125" lon="30.31547318212687969207763671875">
        <ele>53.59999847412109375</ele>
        <time>2026-03-16T07:34:46.000Z</time>
        <extensions>
          <ns3:TrackPointExtension>
            <ns3:atemp>21.0</ns3:atemp>
            <ns3:hr>129</ns3:hr>
          </ns3:TrackPointExtension>
        </extensions>
      </trkpt>
      <trkpt lat="59.95636333711445331573486328125" lon="30.3152870200574398040771484375">
        <ele>53.59999847412109375</ele>
        <time>2026-03-16T07:34:49.000Z</time>
        <extensions>
          <ns3:TrackPointExtension>
            <ns3:atemp>21.0</ns3:atemp>
            <ns3:hr>127</ns3:hr>
          </ns3:TrackPointExtension>
        </extensions>
      </trkpt>
      <trkpt lat="59.956353865563869476318359375" lon="30.3148628957569599151611328125">
        <ele>53.40000152587890625</ele>
        <time>2026-03-16T07:34:55.000Z</time>
        <extensions>
          <ns3:TrackPointExtension>
            <ns3:atemp>21.0</ns3:atemp>
            <ns3:hr>128</ns3:hr>
          </ns3:TrackPointExtension>
        </extensions>
      </trkpt>
      <trkpt lat="59.9564298056066036224365234375" lon="30.31456609256565570831298828125">
        <ele>53.59999847412109375</ele>
        <time>2026-03-16T07:34:59.000Z</time>
        <extensions>
          <ns3:TrackPointExtension>
            <ns3:atemp>21.0</ns3:atemp>
            <ns3:hr>128</ns3:hr>
          </ns3:TrackPointExtension>
        </extensions>
      </trkpt>
      <trkpt lat="59.95661948807537555694580078125" lon="30.314187146723270416259765625">
        <ele>54</ele>
        <time>2026-03-16T07:35:06.000Z</time>
        <extensions>
          <ns3:TrackPointExtension>
            <ns3:atemp>21.0</ns3:atemp>
            <ns3:hr>128</ns3:hr>
          </ns3:TrackPointExtension>
        </extensions>
      </trkpt>
      <trkpt lat="59.95677061378955841064453125" lon="30.313991345465183258056640625">
        <ele>53.799999237060546875</ele>
        <time>2026-03-16T07:35:11.000Z</time>
        <extensions>
          <ns3:TrackPointExtension>
            <ns3:atemp>21.0</ns3:atemp>
            <ns3:hr>128</ns3:hr>
          </ns3:TrackPointExtension>
        </extensions>
      </trkpt>
      <trkpt lat="59.956777654588222503662109375" lon="30.31368917785584926605224609375">
        <ele>53.799999237060546875</ele>
        <time>2026-03-16T07:35:16.000Z</time>
        <extensions>
          <ns3:TrackPointExtension>
            <ns3:atemp>21.0</ns3:atemp>
            <ns3:hr>127</ns3:hr>
          </ns3:TrackPointExtension>
        </extensions>
      </trkpt>
      <trkpt lat="59.956724345684051513671875" lon="30.3133310191333293914794921875">
        <ele>53.59999847412109375</ele>
        <time>2026-03-16T07:35:21.000Z</time>
        <extensions>
          <ns3:TrackPointExtension>
            <ns3:atemp>21.0</ns3:atemp>
            <ns3:hr>126</ns3:hr>
          </ns3:TrackPointExtension>
        </extensions>
      </trkpt>
      <trkpt lat="59.9566822685301303863525390625" lon="30.31286305747926235198974609375">
        <ele>53.799999237060546875</ele>
        <time>2026-03-16T07:35:28.000Z</time>
        <extensions>
          <ns3:TrackPointExtension>
            <ns3:atemp>21.0</ns3:atemp>
            <ns3:hr>126</ns3:hr>
          </ns3:TrackPointExtension>
        </extensions>
      </trkpt>
      <trkpt lat="59.956618733704090118408203125" lon="30.31247329898178577423095703125">
        <ele>53.799999237060546875</ele>
        <time>2026-03-16T07:35:34.000Z</time>
        <extensions>
          <ns3:TrackPointExtension>
            <ns3:atemp>21.0</ns3:atemp>
            <ns3:hr>128</ns3:hr>
          </ns3:TrackPointExtension>
        </extensions>
      </trkpt>
      <trkpt lat="59.95654790662229061126708984375" lon="30.31202738173305988311767578125">
        <ele>54</ele>
        <time>2026-03-16T07:35:41.000Z</time>
        <extensions>
          <ns3:TrackPointExtension>
            <ns3:atemp>21.0</ns3:atemp>
            <ns3:hr>128</ns3:hr>
          </ns3:TrackPointExtension>
        </extensions>
      </trkpt>
      <trkpt lat="59.95648202486336231231689453125" lon="30.31166628934442996978759765625">
        <ele>53.59999847412109375</ele>
        <time>2026-03-16T07:35:47.000Z</time>
        <extensions>
          <ns3:TrackPointExtension>
            <ns3:atemp>21.0</ns3:atemp>
            <ns3:hr>130</ns3:hr>
          </ns3:TrackPointExtension>
        </extensions>
      </trkpt>
      <trkpt lat="59.9564656801521778106689453125" lon="30.31147350557148456573486328125">
        <ele>53.799999237060546875</ele>
        <time>2026-03-16T07:35:52.000Z</time>
        <extensions>
          <ns3:TrackPointExtension>
            <ns3:atemp>21.0</ns3:atemp>
            <ns3:hr>129</ns3:hr>
          </ns3:TrackPointExtension>
        </extensions>
      </trkpt>
      <trkpt lat="59.9565441347658634185791015625" lon="30.3114514611661434173583984375">
        <ele>53.799999237060546875</ele>
        <time>2026-03-16T07:35:56.000Z</time>
        <extensions>
          <ns3:TrackPointExtension>
            <ns3:atemp>21.0</ns3:atemp>
            <ns3:hr>129</ns3:hr>
          </ns3:TrackPointExtension>
        </extensions>
      </trkpt>
      <trkpt lat="59.95655746199190616607666015625" lon="30.31147819943726062774658203125">
        <ele>53.799999237060546875</ele>
        <time>2026-03-16T07:35:57.000Z</time>
        <extensions>
          <ns3:TrackPointExtension>
            <ns3:atemp>21.0</ns3:atemp>
            <ns3:hr>129</ns3:hr>
          </ns3:TrackPointExtension>
        </extensions>
      </trkpt>
      <trkpt lat="59.9566018022596836090087890625" lon="30.31149697490036487579345703125">
        <ele>54</ele>
        <time>2026-03-16T07:36:00.000Z</time>
        <extensions>
          <ns3:TrackPointExtension>
            <ns3:atemp>21.0</ns3:atemp>
            <ns3:hr>130</ns3:hr>
          </ns3:TrackPointExtension>
        </extensions>
      </trkpt>
      <trkpt lat="59.95662041008472442626953125" lon="30.31148507259786128997802734375">
        <ele>54</ele>
        <time>2026-03-16T07:36:01.000Z</time>
        <extensions>
          <ns3:TrackPointExtension>
            <ns3:atemp>21.0</ns3:atemp>
            <ns3:hr>129</ns3:hr>
          </ns3:TrackPointExtension>
        </extensions>
      </trkpt>
      <trkpt lat="59.95672845281660556793212890625" lon="30.31146830879151821136474609375">
        <ele>54.200000762939453125</ele>
        <time>2026-03-16T07:36:05.000Z</time>
        <extensions>
          <ns3:TrackPointExtension>
            <ns3:atemp>21.0</ns3:atemp>
            <ns3:hr>128</ns3:hr>
          </ns3:TrackPointExtension>
        </extensions>
      </trkpt>
      <trkpt lat="59.956996254622936248779296875" lon="30.31143897213041782379150390625">
        <ele>54.40000152587890625</ele>
        <time>2026-03-16T07:36:10.000Z</time>
        <extensions>
          <ns3:TrackPointExtension>
            <ns3:atemp>21.0</ns3:atemp>
            <ns3:hr>128</ns3:hr>
          </ns3:TrackPointExtension>
        </extensions>
      </trkpt>
      <trkpt lat="59.95705015026032924652099609375" lon="30.31130167655646800994873046875">
        <ele>54.200000762939453125</ele>
        <time>2026-03-16T07:36:13.000Z</time>
        <extensions>
          <ns3:TrackPointExtension>
            <ns3:atemp>21.0</ns3:atemp>
            <ns3:hr>133</ns3:hr>
          </ns3:TrackPointExtension>
        </extensions>
      </trkpt>
      <trkpt lat="59.957068003714084625244140625" lon="30.3112784586846828460693359375">
        <ele>54.200000762939453125</ele>
        <time>2026-03-16T07:36:14.000Z</time>
        <extensions>
          <ns3:TrackPointExtension>
            <ns3:atemp>21.0</ns3:atemp>
            <ns3:hr>136</ns3:hr>
          </ns3:TrackPointExtension>
        </extensions>
      </trkpt>
      <trkpt lat="59.9571975879371166229248046875" lon="30.3112519718706607818603515625">
        <ele>54.40000152587890625</ele>
        <time>2026-03-16T07:36:20.000Z</time>
        <extensions>
          <ns3:TrackPointExtension>
            <ns3:atemp>20.0</ns3:atemp>
            <ns3:hr>136</ns3:hr>
          </ns3:TrackPointExtension>
        </extensions>
      </trkpt>
      <trkpt lat="59.95741141028702259063720703125" lon="30.311088860034942626953125">
        <ele>54.59999847412109375</ele>
        <time>2026-03-16T07:36:30.000Z</time>
        <extensions>
          <ns3:TrackPointExtension>
            <ns3:atemp>20.0</ns3:atemp>
            <ns3:hr>134</ns3:hr>
          </ns3:TrackPointExtension>
        </extensions>
      </trkpt>
      <trkpt lat="59.957564882934093475341796875" lon="30.3110417537391185760498046875">
        <ele>54.799999237060546875</ele>
        <time>2026-03-16T07:36:36.000Z</time>
        <extensions>
          <ns3:TrackPointExtension>
            <ns3:atemp>20.0</ns3:atemp>
            <ns3:hr>133</ns3:hr>
          </ns3:TrackPointExtension>
        </extensions>
      </trkpt>
      <trkpt lat="59.9579056911170482635498046875" lon="30.31074092723429203033447265625">
        <ele>54.799999237060546875</ele>
        <time>2026-03-16T07:36:47.000Z</time>
        <extensions>
          <ns3:TrackPointExtension>
            <ns3:atemp>20.0</ns3:atemp>
            <ns3:hr>133</ns3:hr>
          </ns3:TrackPointExtension>
        </extensions>
      </trkpt>
      <trkpt lat="59.9579321779310703277587890625" lon="30.3105891309678554534912109375">
        <ele>54.799999237060546875</ele>
        <time>2026-03-16T07:36:48.000Z</time>
        <extensions>
          <ns3:TrackPointExtension>
            <ns3:atemp>20.0</ns3:atemp>
            <ns3:hr>133</ns3:hr>
          </ns3:TrackPointExtension>
        </extensions>
      </trkpt>
      <trkpt lat="59.95788482017815113067626953125" lon="30.31053205020725727081298828125">
        <ele>54.799999237060546875</ele>
        <time>2026-03-16T07:36:49.000Z</time>
        <extensions>
          <ns3:TrackPointExtension>
            <ns3:atemp>20.0</ns3:atemp>
            <ns3:hr>132</ns3:hr>
          </ns3:TrackPointExtension>
        </extensions>
      </trkpt>
      <trkpt lat="59.95783008635044097900390625" lon="30.3101978637278079986572265625">
        <ele>54.799999237060546875</ele>
        <time>2026-03-16T07:36:51.000Z</time>
        <extensions>
          <ns3:TrackPointExtension>
            <ns3:atemp>20.0</ns3:atemp>
            <ns3:hr>131</ns3:hr>
          </ns3:TrackPointExtension>
        </extensions>
      </trkpt>
      <trkpt lat="59.95780670084059238433837890625" lon="30.30989997088909149169921875">
        <ele>54.799999237060546875</ele>
        <time>2026-03-16T07:36:52.000Z</time>
        <extensions>
          <ns3:TrackPointExtension>
            <ns3:atemp>20.0</ns3:atemp>
            <ns3:hr>131</ns3:hr>
          </ns3:TrackPointExtension>
        </extensions>
      </trkpt>
      <trkpt lat="59.9578232131898403167724609375" lon="30.30971883796155452728271484375">
        <ele>54.59999847412109375</ele>
        <time>2026-03-16T07:36:55.000Z</time>
        <extensions>
          <ns3:TrackPointExtension>
            <ns3:atemp>20.0</ns3:atemp>
            <ns3:hr>132</ns3:hr>
          </ns3:TrackPointExtension>
        </extensions>
      </trkpt>
      <trkpt lat="59.95775456540286540985107421875" lon="30.3094914369285106658935546875">
        <ele>54.59999847412109375</ele>
        <time>2026-03-16T07:37:00.000Z</time>
        <extensions>
          <ns3:TrackPointExtension>
            <ns3:atemp>20.0</ns3:atemp>
            <ns3:hr>132</ns3:hr>
          </ns3:TrackPointExtension>
        </extensions>
      </trkpt>
      <trkpt lat="59.9577202834188938140869140625" lon="30.309055410325527191162109375">
        <ele>54.59999847412109375</ele>
        <time>2026-03-16T07:37:06.000Z</time>
        <extensions>
          <ns3:TrackPointExtension>
            <ns3:atemp>20.0</ns3:atemp>
            <ns3:hr>133</ns3:hr>
          </ns3:TrackPointExtension>
        </extensions>
      </trkpt>
      <trkpt lat="59.95774157345294952392578125" lon="30.30861393548548221588134765625">
        <ele>55.200000762939453125</ele>
        <time>2026-03-16T07:37:13.000Z</time>
        <extensions>
          <ns3:TrackPointExtension>
            <ns3:atemp>20.0</ns3:atemp>
            <ns3:hr>130</ns3:hr>
          </ns3:TrackPointExtension>
        </extensions>
      </trkpt>
      <trkpt lat="59.95772891677916049957275390625" lon="30.30856096185743808746337890625">
        <ele>55.40000152587890625</ele>
        <time>2026-03-16T07:37:14.000Z</time>
        <extensions>
          <ns3:TrackPointExtension>
            <ns3:atemp>20.0</ns3:atemp>
            <ns3:hr>130</ns3:hr>
          </ns3:TrackPointExtension>
        </extensions>
      </trkpt>
      <trkpt lat="59.95767326094210147857666015625" lon="30.30832241289317607879638671875">
        <ele>55.799999237060546875</ele>
        <time>2026-03-16T07:37:20.000Z</time>
        <extensions>
          <ns3:TrackPointExtension>
            <ns3:atemp>20.0</ns3:atemp>
            <ns3:hr>127</ns3:hr>
          </ns3:TrackPointExtension>
        </extensions>
      </trkpt>
      <trkpt lat="59.95762431062757968902587890625" lon="30.3081013821065425872802734375">
        <ele>56</ele>
        <time>2026-03-16T07:37:24.000Z</time>
        <extensions>
          <ns3:TrackPointExtension>
            <ns3:atemp>20.0</ns3:atemp>
            <ns3:hr>122</ns3:hr>
          </ns3:TrackPointExtension>
        </extensions>
      </trkpt>
      <trkpt lat="59.95760209858417510986328125" lon="30.30801328830420970916748046875">
        <ele>56.40000152587890625</ele>
        <time>2026-03-16T07:37:26.000Z</time>
        <extensions>
          <ns3:TrackPointExtension>
            <ns3:atemp>20.0</ns3:atemp>
            <ns3:hr>120</ns3:hr>
          </ns3:TrackPointExtension>
        </extensions>
      </trkpt>
      <trkpt lat="59.957594387233257293701171875" lon="30.30798059888184070587158203125">
        <ele>56.40000152587890625</ele>
        <time>2026-03-16T07:37:27.000Z</time>
        <extensions>
          <ns3:TrackPointExtension>
            <ns3:atemp>20.0</ns3:atemp>
            <ns3:hr>119</ns3:hr>
          </ns3:TrackPointExtension>
        </extensions>
      </trkpt>
      <trkpt lat="59.9575315229594707489013671875" lon="30.3078864701092243194580078125">
        <ele>56.59999847412109375</ele>
        <time>2026-03-16T07:37:31.000Z</time>
        <extensions>
          <ns3:TrackPointExtension>
            <ns3:atemp>20.0</ns3:atemp>
            <ns3:hr>119</ns3:hr>
          </ns3:TrackPointExtension>
        </extensions>
      </trkpt>
      <trkpt lat="59.95749036781489849090576171875" lon="30.3078794293105602264404296875">
        <ele>56.59999847412109375</ele>
        <time>2026-03-16T07:37:32.000Z</time>
        <extensions>
          <ns3:TrackPointExtension>
            <ns3:atemp>20.0</ns3:atemp>
            <ns3:hr>120</ns3:hr>
          </ns3:TrackPointExtension>
        </extensions>
      </trkpt>
      <trkpt lat="59.95746321044862270355224609375" lon="30.30788697302341461181640625">
        <ele>56.59999847412109375</ele>
        <time>2026-03-16T07:37:34.000Z</time>
        <extensions>
          <ns3:TrackPointExtension>
            <ns3:atemp>20.0</ns3:atemp>
            <ns3:hr>121</ns3:hr>
          </ns3:TrackPointExtension>
        </extensions>
      </trkpt>
      <trkpt lat="59.9574594385921955108642578125" lon="30.30788789503276348114013671875">
        <ele>56.59999847412109375</ele>
        <time>2026-03-16T07:37:35.000Z</time>
        <extensions>
          <ns3:TrackPointExtension>
            <ns3:atemp>20.0</ns3:atemp>
            <ns3:hr>121</ns3:hr>
          </ns3:TrackPointExtension>
        </extensions>
      </trkpt>
      <trkpt lat="59.95744510553777217864990234375" lon="30.30790382064878940582275390625">
        <ele>57</ele>
        <time>2026-03-16T07:37:40.000Z</time>
        <extensions>
          <ns3:TrackPointExtension>
            <ns3:atemp>20.0</ns3:atemp>
            <ns3:hr>121</ns3:hr>
          </ns3:TrackPointExtension>
        </extensions>
      </trkpt>
      <trkpt lat="59.95742817409336566925048828125" lon="30.307959057390689849853515625">
        <ele>57.200000762939453125</ele>
        <time>2026-03-16T07:37:46.000Z</time>
        <extensions>
          <ns3:TrackPointExtension>
            <ns3:atemp>20.0</ns3:atemp>
            <ns3:hr>120</ns3:hr>
          </ns3:TrackPointExtension>
        </extensions>
      </trkpt>
      <trkpt lat="59.9574453569948673248291015625" lon="30.3079531900584697723388671875">
        <ele>57.200000762939453125</ele>
        <time>2026-03-16T07:37:53.000Z</time>
        <extensions>
          <ns3:TrackPointExtension>
            <ns3:atemp>20.0</ns3:atemp>
            <ns3:hr>120</ns3:hr>
          </ns3:TrackPointExtension>
        </extensions>
      </trkpt>
      <trkpt lat="59.957433454692363739013671875" lon="30.30794858001172542572021484375">
        <ele>57.40000152587890625</ele>
        <time>2026-03-16T07:38:00.000Z</time>
        <extensions>
          <ns3:TrackPointExtension>
            <ns3:atemp>20.0</ns3:atemp>
            <ns3:hr>121</ns3:hr>
          </ns3:TrackPointExtension>
        </extensions>
      </trkpt>
      <trkpt lat="59.9574745260179042816162109375" lon="30.307920165359973907470703125">
        <ele>57.40000152587890625</ele>
        <time>2026-03-16T07:38:05.000Z</time>
        <extensions>
          <ns3:TrackPointExtension>
            <ns3:atemp>20.0</ns3:atemp>
            <ns3:hr>120</ns3:hr>
          </ns3:TrackPointExtension>
        </extensions>
      </trkpt>
      <trkpt lat="59.9574815668165683746337890625" lon="30.3079163096845149993896484375">
        <ele>57.40000152587890625</ele>
        <time>2026-03-16T07:38:06.000Z</time>
        <extensions>
          <ns3:TrackPointExtension>
            <ns3:atemp>20.0</ns3:atemp>
            <ns3:hr>119</ns3:hr>
          </ns3:TrackPointExtension>
        </extensions>
      </trkpt>
      <trkpt lat="59.95747201144695281982421875" lon="30.3079230152070522308349609375">
        <ele>57.59999847412109375</ele>
        <time>2026-03-16T07:38:10.000Z</time>
        <extensions>
          <ns3:TrackPointExtension>
            <ns3:atemp>20.0</ns3:atemp>
            <ns3:hr>118</ns3:hr>
          </ns3:TrackPointExtension>
        </extensions>
      </trkpt>
      <trkpt lat="59.95749413967132568359375" lon="30.30795478262007236480712890625">
        <ele>57.799999237060546875</ele>
        <time>2026-03-16T07:38:16.000Z</time>
        <extensions>
          <ns3:TrackPointExtension>
            <ns3:atemp>20.0</ns3:atemp>
            <ns3:hr>119</ns3:hr>
          </ns3:TrackPointExtension>
        </extensions>
      </trkpt>
      <trkpt lat="59.9575100652873516082763671875" lon="30.30795897357165813446044921875">
        <ele>58.200000762939453125</ele>
        <time>2026-03-16T07:38:21.000Z</time>
        <extensions>
          <ns3:TrackPointExtension>
            <ns3:atemp>20.0</ns3:atemp>
            <ns3:hr>120</ns3:hr>
          </ns3:TrackPointExtension>
        </extensions>
      </trkpt>
      <trkpt lat="59.95749305002391338348388671875" lon="30.30796987004578113555908203125">
        <ele>58.200000762939453125</ele>
        <time>2026-03-16T07:38:26.000Z</time>
        <extensions>
          <ns3:TrackPointExtension>
            <ns3:atemp>20.0</ns3:atemp>
            <ns3:hr>121</ns3:hr>
          </ns3:TrackPointExtension>
        </extensions>
      </trkpt>
      <trkpt lat="59.95749237947165966033935546875" lon="30.30797691084444522857666015625">
        <ele>58.200000762939453125</ele>
        <time>2026-03-16T07:38:33.000Z</time>
        <extensions>
          <ns3:TrackPointExtension>
            <ns3:atemp>20.0</ns3:atemp>
            <ns3:hr>121</ns3:hr>
          </ns3:TrackPointExtension>
        </extensions>
      </trkpt>
      <trkpt lat="59.95749321766197681427001953125" lon="30.30798529274761676788330078125">
        <ele>58.200000762939453125</ele>
        <time>2026-03-16T07:38:36.000Z</time>
        <extensions>
          <ns3:TrackPointExtension>
            <ns3:atemp>20.0</ns3:atemp>
            <ns3:hr>116</ns3:hr>
          </ns3:TrackPointExtension>
        </extensions>
      </trkpt>
      <trkpt lat="59.957487769424915313720703125" lon="30.307988561689853668212890625">
        <ele>58.40000152587890625</ele>
        <time>2026-03-16T07:38:38.000Z</time>
        <extensions>
          <ns3:TrackPointExtension>
            <ns3:atemp>20.0</ns3:atemp>
            <ns3:hr>114</ns3:hr>
          </ns3:TrackPointExtension>
        </extensions>
      </trkpt>
      <trkpt lat="59.95750478468835353851318359375" lon="30.30798847787082195281982421875">
        <ele>58.200000762939453125</ele>
        <time>2026-03-16T07:38:45.000Z</time>
        <extensions>
          <ns3:TrackPointExtension>
            <ns3:atemp>20.0</ns3:atemp>
            <ns3:hr>113</ns3:hr>
          </ns3:TrackPointExtension>
        </extensions>
      </trkpt>
      <trkpt lat="59.9575184471905231475830078125" lon="30.3080209158360958099365234375">
        <ele>58.40000152587890625</ele>
        <time>2026-03-16T07:38:51.000Z</time>
        <extensions>
          <ns3:TrackPointExtension>
            <ns3:atemp>20.0</ns3:atemp>
            <ns3:hr>113</ns3:hr>
          </ns3:TrackPointExtension>
        </extensions>
      </trkpt>
      <trkpt lat="59.95750646106898784637451171875" lon="30.308087803423404693603515625">
        <ele>58.40000152587890625</ele>
        <time>2026-03-16T07:38:55.000Z</time>
        <extensions>
          <ns3:TrackPointExtension>
            <ns3:atemp>20.0</ns3:atemp>
            <ns3:hr>115</ns3:hr>
          </ns3:TrackPointExtension>
        </extensions>
      </trkpt>
      <trkpt lat="59.957519955933094024658203125" lon="30.30809727497398853302001953125">
        <ele>58.200000762939453125</ele>
        <time>2026-03-16T07:38:58.000Z</time>
        <extensions>
          <ns3:TrackPointExtension>
            <ns3:atemp>20.0</ns3:atemp>
            <ns3:hr>112</ns3:hr>
          </ns3:TrackPointExtension>
        </extensions>
      </trkpt>
      <trkpt lat="59.95754485018551349639892578125" lon="30.3081156313419342041015625">
        <ele>58.40000152587890625</ele>
        <time>2026-03-16T07:39:00.000Z</time>
        <extensions>
          <ns3:TrackPointExtension>
            <ns3:atemp>20.0</ns3:atemp>
            <ns3:hr>116</ns3:hr>
          </ns3:TrackPointExtension>
        </extensions>
      </trkpt>
      <trkpt lat="59.9575633741915225982666015625" lon="30.3081416152417659759521484375">
        <ele>58.40000152587890625</ele>
        <time>2026-03-16T07:39:02.000Z</time>
        <extensions>
          <ns3:TrackPointExtension>
            <ns3:atemp>20.0</ns3:atemp>
            <ns3:hr>118</ns3:hr>
          </ns3:TrackPointExtension>
        </extensions>
      </trkpt>
      <trkpt lat="59.957612492144107818603515625" lon="30.30817019753158092498779296875">
        <ele>58.799999237060546875</ele>
        <time>2026-03-16T07:39:06.000Z</time>
        <extensions>
          <ns3:TrackPointExtension>
            <ns3:atemp>20.0</ns3:atemp>
            <ns3:hr>121</ns3:hr>
          </ns3:TrackPointExtension>
        </extensions>
      </trkpt>
      <trkpt lat="59.957615844905376434326171875" lon="30.30816667713224887847900390625">
        <ele>58.799999237060546875</ele>
        <time>2026-03-16T07:39:07.000Z</time>
        <extensions>
          <ns3:TrackPointExtension>
            <ns3:atemp>20.0</ns3:atemp>
            <ns3:hr>121</ns3:hr>
          </ns3:TrackPointExtension>
        </extensions>
      </trkpt>
      <trkpt lat="59.95758340694010257720947265625" lon="30.3081416152417659759521484375">
        <ele>59</ele>
        <time>2026-03-16T07:39:10.000Z</time>
        <extensions>
          <ns3:TrackPointExtension>
            <ns3:atemp>20.0</ns3:atemp>
            <ns3:hr>121</ns3:hr>
          </ns3:TrackPointExtension>
        </extensions>
      </trkpt>
      <trkpt lat="59.95758558623492717742919921875" lon="30.30816055834293365478515625">
        <ele>59</ele>
        <time>2026-03-16T07:39:11.000Z</time>
        <extensions>
          <ns3:TrackPointExtension>
            <ns3:atemp>20.0</ns3:atemp>
            <ns3:hr>121</ns3:hr>
          </ns3:TrackPointExtension>
        </extensions>
      </trkpt>
      <trkpt lat="59.95753261260688304901123046875" lon="30.307930894196033477783203125">
        <ele>63.40000152587890625</ele>
        <time>2026-03-16T07:49:53.000Z</time>
        <extensions>
          <ns3:TrackPointExtension>
            <ns3:atemp>27.0</ns3:atemp>
            <ns3:hr>110</ns3:hr>
          </ns3:TrackPointExtension>
        </extensions>
      </trkpt>
      <trkpt lat="59.95750294066965579986572265625" lon="30.30794003047049045562744140625">
        <ele>63.40000152587890625</ele>
        <time>2026-03-16T07:49:55.000Z</time>
        <extensions>
          <ns3:TrackPointExtension>
            <ns3:atemp>27.0</ns3:atemp>
            <ns3:hr>110</ns3:hr>
          </ns3:TrackPointExtension>
        </extensions>
      </trkpt>
      <trkpt lat="59.95745030231773853302001953125" lon="30.30794003047049045562744140625">
        <ele>63.200000762939453125</ele>
        <time>2026-03-16T07:49:58.000Z</time>
        <extensions>
          <ns3:TrackPointExtension>
            <ns3:atemp>27.0</ns3:atemp>
            <ns3:hr>109</ns3:hr>
          </ns3:TrackPointExtension>
        </extensions>
      </trkpt>
      <trkpt lat="59.95735961012542247772216796875" lon="30.30797489918768405914306640625">
        <ele>63</ele>
        <time>2026-03-16T07:50:04.000Z</time>
        <extensions>
          <ns3:TrackPointExtension>
            <ns3:atemp>27.0</ns3:atemp>
            <ns3:hr>111</ns3:hr>
          </ns3:TrackPointExtension>
        </extensions>
      </trkpt>
      <trkpt lat="59.9573801457881927490234375" lon="30.30797925777733325958251953125">
        <ele>63.200000762939453125</ele>
        <time>2026-03-16T07:50:05.000Z</time>
        <extensions>
          <ns3:TrackPointExtension>
            <ns3:atemp>27.0</ns3:atemp>
            <ns3:hr>111</ns3:hr>
          </ns3:TrackPointExtension>
        </extensions>
      </trkpt>
      <trkpt lat="59.95730630122125148773193359375" lon="30.30800742097198963165283203125">
        <ele>63.200000762939453125</ele>
        <time>2026-03-16T07:50:09.000Z</time>
        <extensions>
          <ns3:TrackPointExtension>
            <ns3:atemp>27.0</ns3:atemp>
            <ns3:hr>112</ns3:hr>
          </ns3:TrackPointExtension>
        </extensions>
      </trkpt>
      <trkpt lat="59.957277216017246246337890625" lon="30.30800892971456050872802734375">
        <ele>63</ele>
        <time>2026-03-16T07:50:11.000Z</time>
        <extensions>
          <ns3:TrackPointExtension>
            <ns3:atemp>27.0</ns3:atemp>
            <ns3:hr>110</ns3:hr>
          </ns3:TrackPointExtension>
        </extensions>
      </trkpt>
      <trkpt lat="59.95722868479788303375244140625" lon="30.30801882036030292510986328125">
        <ele>63</ele>
        <time>2026-03-16T07:50:15.000Z</time>
        <extensions>
          <ns3:TrackPointExtension>
            <ns3:atemp>26.0</ns3:atemp>
            <ns3:hr>110</ns3:hr>
          </ns3:TrackPointExtension>
        </extensions>
      </trkpt>
      <trkpt lat="59.957220889627933502197265625" lon="30.3080028109252452850341796875">
        <ele>63</ele>
        <time>2026-03-16T07:50:19.000Z</time>
        <extensions>
          <ns3:TrackPointExtension>
            <ns3:atemp>26.0</ns3:atemp>
            <ns3:hr>107</ns3:hr>
          </ns3:TrackPointExtension>
        </extensions>
      </trkpt>
      <trkpt lat="59.95722181163728237152099609375" lon="30.30800105072557926177978515625">
        <ele>63</ele>
        <time>2026-03-16T07:50:20.000Z</time>
        <extensions>
          <ns3:TrackPointExtension>
            <ns3:atemp>26.0</ns3:atemp>
            <ns3:hr>109</ns3:hr>
          </ns3:TrackPointExtension>
        </extensions>
      </trkpt>
      <trkpt lat="59.95721762068569660186767578125" lon="30.307997949421405792236328125">
        <ele>63</ele>
        <time>2026-03-16T07:50:21.000Z</time>
        <extensions>
          <ns3:TrackPointExtension>
            <ns3:atemp>26.0</ns3:atemp>
            <ns3:hr>108</ns3:hr>
          </ns3:TrackPointExtension>
        </extensions>
      </trkpt>
      <trkpt lat="59.9571975879371166229248046875" lon="30.3080192394554615020751953125">
        <ele>63</ele>
        <time>2026-03-16T07:50:24.000Z</time>
        <extensions>
          <ns3:TrackPointExtension>
            <ns3:atemp>26.0</ns3:atemp>
            <ns3:hr>111</ns3:hr>
          </ns3:TrackPointExtension>
        </extensions>
      </trkpt>
      <trkpt lat="59.95718828402459621429443359375" lon="30.30802116729319095611572265625">
        <ele>63</ele>
        <time>2026-03-16T07:50:25.000Z</time>
        <extensions>
          <ns3:TrackPointExtension>
            <ns3:atemp>26.0</ns3:atemp>
            <ns3:hr>112</ns3:hr>
          </ns3:TrackPointExtension>
        </extensions>
      </trkpt>
      <trkpt lat="59.9572621285915374755859375" lon="30.307986550033092498779296875">
        <ele>63.200000762939453125</ele>
        <time>2026-03-16T07:50:30.000Z</time>
        <extensions>
          <ns3:TrackPointExtension>
            <ns3:atemp>26.0</ns3:atemp>
            <ns3:hr>112</ns3:hr>
          </ns3:TrackPointExtension>
        </extensions>
      </trkpt>
      <trkpt lat="59.95745055377483367919921875" lon="30.3079377673566341400146484375">
        <ele>63.200000762939453125</ele>
        <time>2026-03-16T07:50:37.000Z</time>
        <extensions>
          <ns3:TrackPointExtension>
            <ns3:atemp>26.0</ns3:atemp>
            <ns3:hr>111</ns3:hr>
          </ns3:TrackPointExtension>
        </extensions>
      </trkpt>
      <trkpt lat="59.95741057209670543670654296875" lon="30.30795847065746784210205078125">
        <ele>63.40000152587890625</ele>
        <time>2026-03-16T07:50:43.000Z</time>
        <extensions>
          <ns3:TrackPointExtension>
            <ns3:atemp>26.0</ns3:atemp>
            <ns3:hr>109</ns3:hr>
          </ns3:TrackPointExtension>
        </extensions>
      </trkpt>
      <trkpt lat="59.95740093290805816650390625" lon="30.3079193271696567535400390625">
        <ele>63.59999847412109375</ele>
        <time>2026-03-16T07:50:47.000Z</time>
        <extensions>
          <ns3:TrackPointExtension>
            <ns3:atemp>26.0</ns3:atemp>
            <ns3:hr>108</ns3:hr>
          </ns3:TrackPointExtension>
        </extensions>
      </trkpt>
      <trkpt lat="59.95741476304829120635986328125" lon="30.307962410151958465576171875">
        <ele>64</ele>
        <time>2026-03-16T07:50:53.000Z</time>
        <extensions>
          <ns3:TrackPointExtension>
            <ns3:atemp>26.0</ns3:atemp>
            <ns3:hr>107</ns3:hr>
          </ns3:TrackPointExtension>
        </extensions>
      </trkpt>
      <trkpt lat="59.957418702542781829833984375" lon="30.30798621475696563720703125">
        <ele>64</ele>
        <time>2026-03-16T07:50:58.000Z</time>
        <extensions>
          <ns3:TrackPointExtension>
            <ns3:atemp>26.0</ns3:atemp>
            <ns3:hr>110</ns3:hr>
          </ns3:TrackPointExtension>
        </extensions>
      </trkpt>
      <trkpt lat="59.95743177831172943115234375" lon="30.30798755586147308349609375">
        <ele>64</ele>
        <time>2026-03-16T07:50:59.000Z</time>
        <extensions>
          <ns3:TrackPointExtension>
            <ns3:atemp>26.0</ns3:atemp>
            <ns3:hr>107</ns3:hr>
          </ns3:TrackPointExtension>
        </extensions>
      </trkpt>
      <trkpt lat="59.95745994150638580322265625" lon="30.30797741375863552093505859375">
        <ele>64</ele>
        <time>2026-03-16T07:51:00.000Z</time>
        <extensions>
          <ns3:TrackPointExtension>
            <ns3:atemp>26.0</ns3:atemp>
            <ns3:hr>109</ns3:hr>
          </ns3:TrackPointExtension>
        </extensions>
      </trkpt>
      <trkpt lat="59.95747896842658519744873046875" lon="30.3079666011035442352294921875">
        <ele>64.1999969482421875</ele>
        <time>2026-03-16T07:51:04.000Z</time>
        <extensions>
          <ns3:TrackPointExtension>
            <ns3:atemp>26.0</ns3:atemp>
            <ns3:hr>106</ns3:hr>
          </ns3:TrackPointExtension>
        </extensions>
      </trkpt>
      <trkpt lat="59.95748735032975673675537109375" lon="30.30796048231422901153564453125">
        <ele>64.1999969482421875</ele>
        <time>2026-03-16T07:51:05.000Z</time>
        <extensions>
          <ns3:TrackPointExtension>
            <ns3:atemp>26.0</ns3:atemp>
            <ns3:hr>106</ns3:hr>
          </ns3:TrackPointExtension>
        </extensions>
      </trkpt>
      <trkpt lat="59.95749036781489849090576171875" lon="30.30795930884778499603271484375">
        <ele>64.1999969482421875</ele>
        <time>2026-03-16T07:51:07.000Z</time>
        <extensions>
          <ns3:TrackPointExtension>
            <ns3:atemp>26.0</ns3:atemp>
            <ns3:hr>107</ns3:hr>
          </ns3:TrackPointExtension>
        </extensions>
      </trkpt>
      <trkpt lat="59.95748617686331272125244140625" lon="30.30796609818935394287109375">
        <ele>64</ele>
        <time>2026-03-16T07:51:09.000Z</time>
        <extensions>
          <ns3:TrackPointExtension>
            <ns3:atemp>26.0</ns3:atemp>
            <ns3:hr>102</ns3:hr>
          </ns3:TrackPointExtension>
        </extensions>
      </trkpt>
      <trkpt lat="59.957489110529422760009765625" lon="30.3079609014093875885009765625">
        <ele>64.1999969482421875</ele>
        <time>2026-03-16T07:51:10.000Z</time>
        <extensions>
          <ns3:TrackPointExtension>
            <ns3:atemp>26.0</ns3:atemp>
            <ns3:hr>98</ns3:hr>
          </ns3:TrackPointExtension>
        </extensions>
      </trkpt>
      <trkpt lat="59.95747444219887256622314453125" lon="30.30797355808317661285400390625">
        <ele>64.1999969482421875</ele>
        <time>2026-03-16T07:51:13.000Z</time>
        <extensions>
          <ns3:TrackPointExtension>
            <ns3:atemp>26.0</ns3:atemp>
            <ns3:hr>96</ns3:hr>
          </ns3:TrackPointExtension>
        </extensions>
      </trkpt>
      <trkpt lat="59.95748064480721950531005859375" lon="30.307986550033092498779296875">
        <ele>64.59999847412109375</ele>
        <time>2026-03-16T07:51:19.000Z</time>
        <extensions>
          <ns3:TrackPointExtension>
            <ns3:atemp>26.0</ns3:atemp>
            <ns3:hr>96</ns3:hr>
          </ns3:TrackPointExtension>
        </extensions>
      </trkpt>
      <trkpt lat="59.95748600922524929046630859375" lon="30.3079803474247455596923828125">
        <ele>64.59999847412109375</ele>
        <time>2026-03-16T07:51:22.000Z</time>
        <extensions>
          <ns3:TrackPointExtension>
            <ns3:atemp>26.0</ns3:atemp>
            <ns3:hr>95</ns3:hr>
          </ns3:TrackPointExtension>
        </extensions>
      </trkpt>
      <trkpt lat="59.957466311752796173095703125" lon="30.307971797883510589599609375">
        <ele>64.8000030517578125</ele>
        <time>2026-03-16T07:51:24.000Z</time>
        <extensions>
          <ns3:TrackPointExtension>
            <ns3:atemp>26.0</ns3:atemp>
            <ns3:hr>95</ns3:hr>
          </ns3:TrackPointExtension>
        </extensions>
      </trkpt>
      <trkpt lat="59.95748198591172695159912109375" lon="30.3079706244170665740966796875">
        <ele>65</ele>
        <time>2026-03-16T07:51:32.000Z</time>
        <extensions>
          <ns3:TrackPointExtension>
            <ns3:atemp>26.0</ns3:atemp>
            <ns3:hr>96</ns3:hr>
          </ns3:TrackPointExtension>
        </extensions>
      </trkpt>
      <trkpt lat="59.9574886076152324676513671875" lon="30.30809442512691020965576171875">
        <ele>64.8000030517578125</ele>
        <time>2026-03-16T07:51:37.000Z</time>
        <extensions>
          <ns3:TrackPointExtension>
            <ns3:atemp>26.0</ns3:atemp>
            <ns3:hr>96</ns3:hr>
          </ns3:TrackPointExtension>
        </extensions>
      </trkpt>
      <trkpt lat="59.95749606750905513763427734375" lon="30.3079686127603054046630859375">
        <ele>65</ele>
        <time>2026-03-16T07:51:42.000Z</time>
        <extensions>
          <ns3:TrackPointExtension>
            <ns3:atemp>26.0</ns3:atemp>
            <ns3:hr>98</ns3:hr>
          </ns3:TrackPointExtension>
        </extensions>
      </trkpt>
      <trkpt lat="59.95748198591172695159912109375" lon="30.307896696031093597412109375">
        <ele>65.1999969482421875</ele>
        <time>2026-03-16T07:51:50.000Z</time>
        <extensions>
          <ns3:TrackPointExtension>
            <ns3:atemp>26.0</ns3:atemp>
            <ns3:hr>98</ns3:hr>
          </ns3:TrackPointExtension>
        </extensions>
      </trkpt>
      <trkpt lat="59.95746505446732044219970703125" lon="30.3078837879002094268798828125">
        <ele>65.1999969482421875</ele>
        <time>2026-03-16T07:51:51.000Z</time>
        <extensions>
          <ns3:TrackPointExtension>
            <ns3:atemp>26.0</ns3:atemp>
            <ns3:hr>98</ns3:hr>
          </ns3:TrackPointExtension>
        </extensions>
      </trkpt>
      <trkpt lat="59.957467652857303619384765625" lon="30.30785889364778995513916015625">
        <ele>65.1999969482421875</ele>
        <time>2026-03-16T07:51:53.000Z</time>
        <extensions>
          <ns3:TrackPointExtension>
            <ns3:atemp>26.0</ns3:atemp>
            <ns3:hr>98</ns3:hr>
          </ns3:TrackPointExtension>
        </extensions>
      </trkpt>
      <trkpt lat="59.95751358568668365478515625" lon="30.30781229026615619659423828125">
        <ele>65</ele>
        <time>2026-03-16T07:51:54.000Z</time>
        <extensions>
          <ns3:TrackPointExtension>
            <ns3:atemp>26.0</ns3:atemp>
            <ns3:hr>98</ns3:hr>
          </ns3:TrackPointExtension>
        </extensions>
      </trkpt>
      <trkpt lat="59.957464300096035003662109375" lon="30.30767667107284069061279296875">
        <ele>64.8000030517578125</ele>
        <time>2026-03-16T07:51:57.000Z</time>
        <extensions>
          <ns3:TrackPointExtension>
            <ns3:atemp>26.0</ns3:atemp>
            <ns3:hr>99</ns3:hr>
          </ns3:TrackPointExtension>
        </extensions>
      </trkpt>
      <trkpt lat="59.9573843367397785186767578125" lon="30.3076340071856975555419921875">
        <ele>64.8000030517578125</ele>
        <time>2026-03-16T07:51:59.000Z</time>
        <extensions>
          <ns3:TrackPointExtension>
            <ns3:atemp>26.0</ns3:atemp>
            <ns3:hr>98</ns3:hr>
          </ns3:TrackPointExtension>
        </extensions>
      </trkpt>
      <trkpt lat="59.95732909999787807464599609375" lon="30.3076319955289363861083984375">
        <ele>64.8000030517578125</ele>
        <time>2026-03-16T07:52:00.000Z</time>
        <extensions>
          <ns3:TrackPointExtension>
            <ns3:atemp>26.0</ns3:atemp>
            <ns3:hr>95</ns3:hr>
          </ns3:TrackPointExtension>
        </extensions>
      </trkpt>
      <trkpt lat="59.957293979823589324951171875" lon="30.30768019147217273712158203125">
        <ele>64.59999847412109375</ele>
        <time>2026-03-16T07:52:01.000Z</time>
        <extensions>
          <ns3:TrackPointExtension>
            <ns3:atemp>26.0</ns3:atemp>
            <ns3:hr>98</ns3:hr>
          </ns3:TrackPointExtension>
        </extensions>
      </trkpt>
      <trkpt lat="59.95717026293277740478515625" lon="30.3077929280698299407958984375">
        <ele>64.8000030517578125</ele>
        <time>2026-03-16T07:52:05.000Z</time>
        <extensions>
          <ns3:TrackPointExtension>
            <ns3:atemp>26.0</ns3:atemp>
            <ns3:hr>97</ns3:hr>
          </ns3:TrackPointExtension>
        </extensions>
      </trkpt>
      <trkpt lat="59.95706590823829174041748046875" lon="30.3080058284103870391845703125">
        <ele>65</ele>
        <time>2026-03-16T07:52:11.000Z</time>
        <extensions>
          <ns3:TrackPointExtension>
            <ns3:atemp>26.0</ns3:atemp>
            <ns3:hr>103</ns3:hr>
          </ns3:TrackPointExtension>
        </extensions>
      </trkpt>
      <trkpt lat="59.957056604325771331787109375" lon="30.30803717672824859619140625">
        <ele>65</ele>
        <time>2026-03-16T07:52:12.000Z</time>
        <extensions>
          <ns3:TrackPointExtension>
            <ns3:atemp>26.0</ns3:atemp>
            <ns3:hr>107</ns3:hr>
          </ns3:TrackPointExtension>
        </extensions>
      </trkpt>
      <trkpt lat="59.95703623630106449127197265625" lon="30.3080324828624725341796875">
        <ele>65</ele>
        <time>2026-03-16T07:52:13.000Z</time>
        <extensions>
          <ns3:TrackPointExtension>
            <ns3:atemp>26.0</ns3:atemp>
            <ns3:hr>111</ns3:hr>
          </ns3:TrackPointExtension>
        </extensions>
      </trkpt>
      <trkpt lat="59.95702542364597320556640625" lon="30.30806039460003376007080078125">
        <ele>65</ele>
        <time>2026-03-16T07:52:14.000Z</time>
        <extensions>
          <ns3:TrackPointExtension>
            <ns3:atemp>26.0</ns3:atemp>
            <ns3:hr>114</ns3:hr>
          </ns3:TrackPointExtension>
        </extensions>
      </trkpt>
      <trkpt lat="59.9570081569254398345947265625" lon="30.30812577344477176666259765625">
        <ele>64.8000030517578125</ele>
        <time>2026-03-16T07:52:15.000Z</time>
        <extensions>
          <ns3:TrackPointExtension>
            <ns3:atemp>26.0</ns3:atemp>
            <ns3:hr>117</ns3:hr>
          </ns3:TrackPointExtension>
        </extensions>
      </trkpt>
      <trkpt lat="59.95697446167469024658203125" lon="30.30824429355561733245849609375">
        <ele>64.59999847412109375</ele>
        <time>2026-03-16T07:52:17.000Z</time>
        <extensions>
          <ns3:TrackPointExtension>
            <ns3:atemp>26.0</ns3:atemp>
            <ns3:hr>118</ns3:hr>
          </ns3:TrackPointExtension>
        </extensions>
      </trkpt>
      <trkpt lat="59.9564583040773868560791015625" lon="30.30937752686440944671630859375">
        <ele>65.59999847412109375</ele>
        <time>2026-03-16T07:52:58.000Z</time>
        <extensions>
          <ns3:TrackPointExtension>
            <ns3:atemp>26.0</ns3:atemp>
            <ns3:hr>126</ns3:hr>
          </ns3:TrackPointExtension>
        </extensions>
      </trkpt>
      <trkpt lat="59.956371299922466278076171875" lon="30.3095564804971218109130859375">
        <ele>65.8000030517578125</ele>
        <time>2026-03-16T07:53:04.000Z</time>
        <extensions>
          <ns3:TrackPointExtension>
            <ns3:atemp>26.0</ns3:atemp>
            <ns3:hr>124</ns3:hr>
          </ns3:TrackPointExtension>
        </extensions>
      </trkpt>
      <trkpt lat="59.95636367239058017730712890625" lon="30.3095601685345172882080078125">
        <ele>65.8000030517578125</ele>
        <time>2026-03-16T07:53:05.000Z</time>
        <extensions>
          <ns3:TrackPointExtension>
            <ns3:atemp>26.0</ns3:atemp>
            <ns3:hr>125</ns3:hr>
          </ns3:TrackPointExtension>
        </extensions>
      </trkpt>
      <trkpt lat="59.95505022816359996795654296875" lon="30.30791840516030788421630859375">
        <ele>65.8000030517578125</ele>
        <time>2026-03-16T07:53:45.000Z</time>
        <extensions>
          <ns3:TrackPointExtension>
            <ns3:atemp>25.0</ns3:atemp>
            <ns3:hr>119</ns3:hr>
          </ns3:TrackPointExtension>
        </extensions>
      </trkpt>
      <trkpt lat="59.9550605379045009613037109375" lon="30.30785076320171356201171875">
        <ele>66</ele>
        <time>2026-03-16T07:53:51.000Z</time>
        <extensions>
          <ns3:TrackPointExtension>
            <ns3:atemp>25.0</ns3:atemp>
            <ns3:hr>118</ns3:hr>
          </ns3:TrackPointExtension>
        </extensions>
      </trkpt>
      <trkpt lat="59.95509448461234569549560546875" lon="30.30784280039370059967041015625">
        <ele>65.8000030517578125</ele>
        <time>2026-03-16T07:54:01.000Z</time>
        <extensions>
          <ns3:TrackPointExtension>
            <ns3:atemp>25.0</ns3:atemp>
            <ns3:hr>118</ns3:hr>
          </ns3:TrackPointExtension>
        </extensions>
      </trkpt>
      <trkpt lat="59.9550716020166873931884765625" lon="30.3079974465072154998779296875">
        <ele>66</ele>
        <time>2026-03-16T07:54:07.000Z</time>
        <extensions>
          <ns3:TrackPointExtension>
            <ns3:atemp>25.0</ns3:atemp>
            <ns3:hr>118</ns3:hr>
          </ns3:TrackPointExtension>
        </extensions>
      </trkpt>
      <trkpt lat="59.95503698475658893585205078125" lon="30.30815561302006244659423828125">
        <ele>65.8000030517578125</ele>
        <time>2026-03-16T07:54:10.000Z</time>
        <extensions>
          <ns3:TrackPointExtension>
            <ns3:atemp>25.0</ns3:atemp>
            <ns3:hr>121</ns3:hr>
          </ns3:TrackPointExtension>
        </extensions>
      </trkpt>
      <trkpt lat="59.95500312186777591705322265625" lon="30.3082519210875034332275390625">
        <ele>65.59999847412109375</ele>
        <time>2026-03-16T07:54:14.000Z</time>
        <extensions>
          <ns3:TrackPointExtension>
            <ns3:atemp>25.0</ns3:atemp>
            <ns3:hr>121</ns3:hr>
          </ns3:TrackPointExtension>
        </extensions>
      </trkpt>
      <trkpt lat="59.95491611771285533905029296875" lon="30.3083893842995166778564453125">
        <ele>65.59999847412109375</ele>
        <time>2026-03-16T07:54:19.000Z</time>
        <extensions>
          <ns3:TrackPointExtension>
            <ns3:atemp>25.0</ns3:atemp>
            <ns3:hr>115</ns3:hr>
          </ns3:TrackPointExtension>
        </extensions>
      </trkpt>
      <trkpt lat="59.95490488596260547637939453125" lon="30.30838862992823123931884765625">
        <ele>65.59999847412109375</ele>
        <time>2026-03-16T07:54:20.000Z</time>
        <extensions>
          <ns3:TrackPointExtension>
            <ns3:atemp>25.0</ns3:atemp>
            <ns3:hr>112</ns3:hr>
          </ns3:TrackPointExtension>
        </extensions>
      </trkpt>
      <trkpt lat="59.954892732203006744384765625" lon="30.30835610814392566680908203125">
        <ele>65.59999847412109375</ele>
        <time>2026-03-16T07:54:21.000Z</time>
        <extensions>
          <ns3:TrackPointExtension>
            <ns3:atemp>25.0</ns3:atemp>
            <ns3:hr>112</ns3:hr>
          </ns3:TrackPointExtension>
        </extensions>
      </trkpt>
      <trkpt lat="59.95486113242805004119873046875" lon="30.30828335322439670562744140625">
        <ele>65.40000152587890625</ele>
        <time>2026-03-16T07:54:23.000Z</time>
        <extensions>
          <ns3:TrackPointExtension>
            <ns3:atemp>25.0</ns3:atemp>
            <ns3:hr>109</ns3:hr>
          </ns3:TrackPointExtension>
        </extensions>
      </trkpt>
      <trkpt lat="59.95483917184174060821533203125" lon="30.30824630521237850189208984375">
        <ele>65.40000152587890625</ele>
        <time>2026-03-16T07:54:24.000Z</time>
        <extensions>
          <ns3:TrackPointExtension>
            <ns3:atemp>25.0</ns3:atemp>
            <ns3:hr>109</ns3:hr>
          </ns3:TrackPointExtension>
        </extensions>
      </trkpt>
      <trkpt lat="59.954615794122219085693359375" lon="30.30798043124377727508544921875">
        <ele>66</ele>
        <time>2026-03-16T07:54:30.000Z</time>
        <extensions>
          <ns3:TrackPointExtension>
            <ns3:atemp>25.0</ns3:atemp>
            <ns3:hr>111</ns3:hr>
          </ns3:TrackPointExtension>
        </extensions>
      </trkpt>
      <trkpt lat="59.9544962681829929351806640625" lon="30.3077858872711658477783203125">
        <ele>66.1999969482421875</ele>
        <time>2026-03-16T07:54:35.000Z</time>
        <extensions>
          <ns3:TrackPointExtension>
            <ns3:atemp>25.0</ns3:atemp>
            <ns3:hr>112</ns3:hr>
          </ns3:TrackPointExtension>
        </extensions>
      </trkpt>
      <trkpt lat="59.95438747107982635498046875" lon="30.3076759167015552520751953125">
        <ele>66</ele>
        <time>2026-03-16T07:54:38.000Z</time>
        <extensions>
          <ns3:TrackPointExtension>
            <ns3:atemp>25.0</ns3:atemp>
            <ns3:hr>116</ns3:hr>
          </ns3:TrackPointExtension>
        </extensions>
      </trkpt>
      <trkpt lat="59.95431840419769287109375" lon="30.3076014854013919830322265625">
        <ele>65.8000030517578125</ele>
        <time>2026-03-16T07:54:41.000Z</time>
        <extensions>
          <ns3:TrackPointExtension>
            <ns3:atemp>24.0</ns3:atemp>
            <ns3:hr>118</ns3:hr>
          </ns3:TrackPointExtension>
        </extensions>
      </trkpt>
      <trkpt lat="59.9541177414357662200927734375" lon="30.307521186769008636474609375">
        <ele>65.8000030517578125</ele>
        <time>2026-03-16T07:54:46.000Z</time>
        <extensions>
          <ns3:TrackPointExtension>
            <ns3:atemp>24.0</ns3:atemp>
            <ns3:hr>120</ns3:hr>
          </ns3:TrackPointExtension>
        </extensions>
      </trkpt>
      <trkpt lat="59.95401321910321712493896484375" lon="30.30733720399439334869384765625">
        <ele>65.8000030517578125</ele>
        <time>2026-03-16T07:54:51.000Z</time>
        <extensions>
          <ns3:TrackPointExtension>
            <ns3:atemp>24.0</ns3:atemp>
            <ns3:hr>118</ns3:hr>
          </ns3:TrackPointExtension>
        </extensions>
      </trkpt>
      <trkpt lat="59.95384700596332550048828125" lon="30.30707694590091705322265625">
        <ele>65.59999847412109375</ele>
        <time>2026-03-16T07:54:57.000Z</time>
        <extensions>
          <ns3:TrackPointExtension>
            <ns3:atemp>24.0</ns3:atemp>
            <ns3:hr>120</ns3:hr>
          </ns3:TrackPointExtension>
        </extensions>
      </trkpt>
      <trkpt lat="59.953705854713916778564453125" lon="30.30692414380609989166259765625">
        <ele>65.40000152587890625</ele>
        <time>2026-03-16T07:55:01.000Z</time>
        <extensions>
          <ns3:TrackPointExtension>
            <ns3:atemp>24.0</ns3:atemp>
            <ns3:hr>120</ns3:hr>
          </ns3:TrackPointExtension>
        </extensions>
      </trkpt>
      <trkpt lat="59.95363268069922924041748046875" lon="30.3068772889673709869384765625">
        <ele>65.40000152587890625</ele>
        <time>2026-03-16T07:55:03.000Z</time>
        <extensions>
          <ns3:TrackPointExtension>
            <ns3:atemp>24.0</ns3:atemp>
            <ns3:hr>120</ns3:hr>
          </ns3:TrackPointExtension>
        </extensions>
      </trkpt>
      <trkpt lat="59.95343486778438091278076171875" lon="30.3066726028919219970703125">
        <ele>65.1999969482421875</ele>
        <time>2026-03-16T07:55:10.000Z</time>
        <extensions>
          <ns3:TrackPointExtension>
            <ns3:atemp>24.0</ns3:atemp>
            <ns3:hr>123</ns3:hr>
          </ns3:TrackPointExtension>
        </extensions>
      </trkpt>
      <trkpt lat="59.95324510149657726287841796875" lon="30.3065557591617107391357421875">
        <ele>65</ele>
        <time>2026-03-16T07:55:16.000Z</time>
        <extensions>
          <ns3:TrackPointExtension>
            <ns3:atemp>24.0</ns3:atemp>
            <ns3:hr>123</ns3:hr>
          </ns3:TrackPointExtension>
        </extensions>
      </trkpt>
      <trkpt lat="59.953052066266536712646484375" lon="30.30641670338809490203857421875">
        <ele>64.8000030517578125</ele>
        <time>2026-03-16T07:55:22.000Z</time>
        <extensions>
          <ns3:TrackPointExtension>
            <ns3:atemp>24.0</ns3:atemp>
            <ns3:hr>126</ns3:hr>
          </ns3:TrackPointExtension>
        </extensions>
      </trkpt>
      <trkpt lat="59.9530089832842350006103515625" lon="30.30639658682048320770263671875">
        <ele>64.59999847412109375</ele>
        <time>2026-03-16T07:55:23.000Z</time>
        <extensions>
          <ns3:TrackPointExtension>
            <ns3:atemp>24.0</ns3:atemp>
            <ns3:hr>126</ns3:hr>
          </ns3:TrackPointExtension>
        </extensions>
      </trkpt>
      <trkpt lat="59.95286825112998485565185546875" lon="30.30635786242783069610595703125">
        <ele>64.40000152587890625</ele>
        <time>2026-03-16T07:55:26.000Z</time>
        <extensions>
          <ns3:TrackPointExtension>
            <ns3:atemp>24.0</ns3:atemp>
            <ns3:hr>123</ns3:hr>
          </ns3:TrackPointExtension>
        </extensions>
      </trkpt>
      <trkpt lat="59.95276565663516521453857421875" lon="30.30630740337073802947998046875">
        <ele>64.1999969482421875</ele>
        <time>2026-03-16T07:55:29.000Z</time>
        <extensions>
          <ns3:TrackPointExtension>
            <ns3:atemp>24.0</ns3:atemp>
            <ns3:hr>121</ns3:hr>
          </ns3:TrackPointExtension>
        </extensions>
      </trkpt>
      <trkpt lat="59.9525499902665615081787109375" lon="30.30613792128860950469970703125">
        <ele>64</ele>
        <time>2026-03-16T07:55:35.000Z</time>
        <extensions>
          <ns3:TrackPointExtension>
            <ns3:atemp>24.0</ns3:atemp>
            <ns3:hr>120</ns3:hr>
          </ns3:TrackPointExtension>
        </extensions>
      </trkpt>
      <trkpt lat="59.95235075242817401885986328125" lon="30.30603381805121898651123046875">
        <ele>63.59999847412109375</ele>
        <time>2026-03-16T07:55:41.000Z</time>
        <extensions>
          <ns3:TrackPointExtension>
            <ns3:atemp>23.0</ns3:atemp>
            <ns3:hr>119</ns3:hr>
          </ns3:TrackPointExtension>
        </extensions>
      </trkpt>
      <trkpt lat="59.95212712325155735015869140625" lon="30.30597950331866741180419921875">
        <ele>63.200000762939453125</ele>
        <time>2026-03-16T07:55:47.000Z</time>
        <extensions>
          <ns3:TrackPointExtension>
            <ns3:atemp>23.0</ns3:atemp>
            <ns3:hr>119</ns3:hr>
          </ns3:TrackPointExtension>
        </extensions>
      </trkpt>
      <trkpt lat="59.95191874913871288299560546875" lon="30.305960476398468017578125">
        <ele>63</ele>
        <time>2026-03-16T07:55:52.000Z</time>
        <extensions>
          <ns3:TrackPointExtension>
            <ns3:atemp>23.0</ns3:atemp>
            <ns3:hr>119</ns3:hr>
          </ns3:TrackPointExtension>
        </extensions>
      </trkpt>
      <trkpt lat="59.95166259817779064178466796875" lon="30.306072793900966644287109375">
        <ele>62.59999847412109375</ele>
        <time>2026-03-16T07:55:58.000Z</time>
        <extensions>
          <ns3:TrackPointExtension>
            <ns3:atemp>23.0</ns3:atemp>
            <ns3:hr>120</ns3:hr>
          </ns3:TrackPointExtension>
        </extensions>
      </trkpt>
      <trkpt lat="59.951570816338062286376953125" lon="30.30608243308961391448974609375">
        <ele>62.40000152587890625</ele>
        <time>2026-03-16T07:56:00.000Z</time>
        <extensions>
          <ns3:TrackPointExtension>
            <ns3:atemp>23.0</ns3:atemp>
            <ns3:hr>122</ns3:hr>
          </ns3:TrackPointExtension>
        </extensions>
      </trkpt>
      <trkpt lat="59.95152421295642852783203125" lon="30.30609148554503917694091796875">
        <ele>62.40000152587890625</ele>
        <time>2026-03-16T07:56:01.000Z</time>
        <extensions>
          <ns3:TrackPointExtension>
            <ns3:atemp>23.0</ns3:atemp>
            <ns3:hr>122</ns3:hr>
          </ns3:TrackPointExtension>
        </extensions>
      </trkpt>
      <trkpt lat="59.9514650367200374603271484375" lon="30.30613004229962825775146484375">
        <ele>62.40000152587890625</ele>
        <time>2026-03-16T07:56:03.000Z</time>
        <extensions>
          <ns3:TrackPointExtension>
            <ns3:atemp>23.0</ns3:atemp>
            <ns3:hr>123</ns3:hr>
          </ns3:TrackPointExtension>
        </extensions>
      </trkpt>
      <trkpt lat="59.95133302174508571624755859375" lon="30.30627421103417873382568359375">
        <ele>63</ele>
        <time>2026-03-16T07:56:08.000Z</time>
        <extensions>
          <ns3:TrackPointExtension>
            <ns3:atemp>23.0</ns3:atemp>
            <ns3:hr>125</ns3:hr>
          </ns3:TrackPointExtension>
        </extensions>
      </trkpt>
      <trkpt lat="59.9511901102960109710693359375" lon="30.306353755295276641845703125">
        <ele>63.40000152587890625</ele>
        <time>2026-03-16T07:56:13.000Z</time>
        <extensions>
          <ns3:TrackPointExtension>
            <ns3:atemp>23.0</ns3:atemp>
            <ns3:hr>124</ns3:hr>
          </ns3:TrackPointExtension>
        </extensions>
      </trkpt>
      <trkpt lat="59.95100830681622028350830078125" lon="30.3065001033246517181396484375">
        <ele>63.59999847412109375</ele>
        <time>2026-03-16T07:56:19.000Z</time>
        <extensions>
          <ns3:TrackPointExtension>
            <ns3:atemp>23.0</ns3:atemp>
            <ns3:hr>123</ns3:hr>
          </ns3:TrackPointExtension>
        </extensions>
      </trkpt>
      <trkpt lat="59.9509916268289089202880859375" lon="30.30652047134935855865478515625">
        <ele>63.59999847412109375</ele>
        <time>2026-03-16T07:56:20.000Z</time>
        <extensions>
          <ns3:TrackPointExtension>
            <ns3:atemp>23.0</ns3:atemp>
            <ns3:hr>122</ns3:hr>
          </ns3:TrackPointExtension>
        </extensions>
      </trkpt>
      <trkpt lat="59.9508622102439403533935546875" lon="30.30651058070361614227294921875">
        <ele>63.59999847412109375</ele>
        <time>2026-03-16T07:56:25.000Z</time>
        <extensions>
          <ns3:TrackPointExtension>
            <ns3:atemp>23.0</ns3:atemp>
            <ns3:hr>122</ns3:hr>
          </ns3:TrackPointExtension>
        </extensions>
      </trkpt>
      <trkpt lat="59.9506504833698272705078125" lon="30.30654008500277996063232421875">
        <ele>63.799999237060546875</ele>
        <time>2026-03-16T07:56:30.000Z</time>
        <extensions>
          <ns3:TrackPointExtension>
            <ns3:atemp>22.0</ns3:atemp>
            <ns3:hr>124</ns3:hr>
          </ns3:TrackPointExtension>
        </extensions>
      </trkpt>
      <trkpt lat="59.95038201101124286651611328125" lon="30.30660848133265972137451171875">
        <ele>63.799999237060546875</ele>
        <time>2026-03-16T07:56:35.000Z</time>
        <extensions>
          <ns3:TrackPointExtension>
            <ns3:atemp>22.0</ns3:atemp>
            <ns3:hr>123</ns3:hr>
          </ns3:TrackPointExtension>
        </extensions>
      </trkpt>
    </trkseg>
  </trk>
</gpx>
