<?xml version="1.0" encoding="UTF-8"?>
<gpx creator="Garmin Connect" version="1.1"
  xsi:schemaLocation="http://www.topografix.com/GPX/1/1 http://www.topografix.com/GPX/11.xsd"
  xmlns:ns3="http://www.garmin.com/xmlschemas/TrackPointExtension/v1"
  xmlns="http://www.topografix.com/GPX/1/1"
  xmlns:xsi="http://www.w3.org/2001/XMLSchema-instance" xmlns:ns2="http://www.garmin.com/xmlschemas/GpxExtensions/v3">
  <metadata>
    <link href="connect.garmin.com">
      <text>Garmin Connect</text>
    </link>
    <time>2025-09-18T06:44:00.000Z</time>
  </metadata>
  <trk>
    <name>Петербург Велосипед</name>
    <type>cycling</type>
    <trkseg>
      <trkpt lat="60.00396667979657649993896484375" lon="30.388806201517581939697265625">
        <ele>14</ele>
        <time>2025-09-18T06:44:16.000Z</time>
        <extensions>
          <ns3:TrackPointExtension>
            <ns3:atemp>24.0</ns3:atemp>
            <ns3:hr>77</ns3:hr>
          </ns3:TrackPointExtension>
        </extensions>
      </trkpt>
      <trkpt lat="60.00390901230275630950927734375" lon="30.38870302028954029083251953125">
        <ele>14</ele>
        <time>2025-09-18T06:44:17.000Z</time>
        <extensions>
          <ns3:TrackPointExtension>
            <ns3:atemp>24.0</ns3:atemp>
            <ns3:hr>78</ns3:hr>
          </ns3:TrackPointExtension>
        </extensions>
      </trkpt>
      <trkpt lat="60.0038770772516727447509765625" lon="30.38861668668687343597412109375">
        <ele>14</ele>
        <time>2025-09-18T06:44:18.000Z</time>
        <extensions>
          <ns3:TrackPointExtension>
            <ns3:atemp>24.0</ns3:atemp>
            <ns3:hr>81</ns3:hr>
          </ns3:TrackPointExtension>
        </extensions>
      </trkpt>
      <trkpt lat="60.003805495798587799072265625" lon="30.3885056264698505401611328125">
        <ele>14</ele>
        <time>2025-09-18T06:44:20.000Z</time>
        <extensions>
          <ns3:TrackPointExtension>
            <ns3:atemp>24.0</ns3:atemp>
            <ns3:hr>84</ns3:hr>
          </ns3:TrackPointExtension>
        </extensions>
      </trkpt>
      <trkpt lat="60.00376752577722072601318359375" lon="30.38846598006784915924072265625">
        <ele>14</ele>
        <time>2025-09-18T06:44:21.000Z</time>
        <extensions>
          <ns3:TrackPointExtension>
            <ns3:atemp>24.0</ns3:atemp>
            <ns3:hr>85</ns3:hr>
          </ns3:TrackPointExtension>
        </extensions>
      </trkpt>
      <trkpt lat="60.00370466150343418121337890625" lon="30.3883520700037479400634765625">
        <ele>14</ele>
        <time>2025-09-18T06:44:23.000Z</time>
        <extensions>
          <ns3:TrackPointExtension>
            <ns3:atemp>24.0</ns3:atemp>
            <ns3:hr>88</ns3:hr>
          </ns3:TrackPointExtension>
        </extensions>
      </trkpt>
      <trkpt lat="60.00350014306604862213134765625" lon="30.3881217353045940399169921875">
        <ele>14.19999980926513671875</ele>
        <time>2025-09-18T06:44:29.000Z</time>
        <extensions>
          <ns3:TrackPointExtension>
            <ns3:atemp>24.0</ns3:atemp>
            <ns3:hr>89</ns3:hr>
          </ns3:TrackPointExtension>
        </extensions>
      </trkpt>
      <trkpt lat="60.0033290684223175048828125" lon="30.38766332902014255523681640625">
        <ele>14.19999980926513671875</ele>
        <time>2025-09-18T06:44:36.000Z</time>
        <extensions>
          <ns3:TrackPointExtension>
            <ns3:atemp>24.0</ns3:atemp>
            <ns3:hr>86</ns3:hr>
          </ns3:TrackPointExtension>
        </extensions>
      </trkpt>
      <trkpt lat="60.00319571234285831451416015625" lon="30.38743634708225727081298828125">
        <ele>15.19999980926513671875</ele>
        <time>2025-09-18T06:44:41.000Z</time>
        <extensions>
          <ns3:TrackPointExtension>
            <ns3:atemp>24.0</ns3:atemp>
            <ns3:hr>84</ns3:hr>
          </ns3:TrackPointExtension>
        </extensions>
      </trkpt>
      <trkpt lat="60.003018267452716827392578125" lon="30.387212298810482025146484375">
        <ele>15.3999996185302734375</ele>
        <time>2025-09-18T06:44:47.000Z</time>
        <extensions>
          <ns3:TrackPointExtension>
            <ns3:atemp>24.0</ns3:atemp>
            <ns3:hr>84</ns3:hr>
          </ns3:TrackPointExtension>
        </extensions>
      </trkpt>
      <trkpt lat="60.00289346091449260711669921875" lon="30.38710425607860088348388671875">
        <ele>15.6000003814697265625</ele>
        <time>2025-09-18T06:44:51.000Z</time>
        <extensions>
          <ns3:TrackPointExtension>
            <ns3:atemp>24.0</ns3:atemp>
            <ns3:hr>88</ns3:hr>
          </ns3:TrackPointExtension>
        </extensions>
      </trkpt>
      <trkpt lat="60.0027813948690891265869140625" lon="30.386942736804485321044921875">
        <ele>16</ele>
        <time>2025-09-18T06:44:55.000Z</time>
        <extensions>
          <ns3:TrackPointExtension>
            <ns3:atemp>24.0</ns3:atemp>
            <ns3:hr>92</ns3:hr>
          </ns3:TrackPointExtension>
        </extensions>
      </trkpt>
      <trkpt lat="60.0027575902640819549560546875" lon="30.38690241985023021697998046875">
        <ele>16.200000762939453125</ele>
        <time>2025-09-18T06:44:56.000Z</time>
        <extensions>
          <ns3:TrackPointExtension>
            <ns3:atemp>24.0</ns3:atemp>
            <ns3:hr>91</ns3:hr>
          </ns3:TrackPointExtension>
        </extensions>
      </trkpt>
      <trkpt lat="60.002540834248065948486328125" lon="30.3866150043904781341552734375">
        <ele>16.6000003814697265625</ele>
        <time>2025-09-18T06:45:04.000Z</time>
        <extensions>
          <ns3:TrackPointExtension>
            <ns3:atemp>24.0</ns3:atemp>
            <ns3:hr>91</ns3:hr>
          </ns3:TrackPointExtension>
        </extensions>
      </trkpt>
      <trkpt lat="60.0024182908236980438232421875" lon="30.38645021617412567138671875">
        <ele>16.6000003814697265625</ele>
        <time>2025-09-18T06:45:09.000Z</time>
        <extensions>
          <ns3:TrackPointExtension>
            <ns3:atemp>23.0</ns3:atemp>
            <ns3:hr>94</ns3:hr>
          </ns3:TrackPointExtension>
        </extensions>
      </trkpt>
      <trkpt lat="60.0022964179515838623046875" lon="30.38634720258414745330810546875">
        <ele>16.6000003814697265625</ele>
        <time>2025-09-18T06:45:13.000Z</time>
        <extensions>
          <ns3:TrackPointExtension>
            <ns3:atemp>23.0</ns3:atemp>
            <ns3:hr>95</ns3:hr>
          </ns3:TrackPointExtension>
        </extensions>
      </trkpt>
      <trkpt lat="60.00213992781937122344970703125" lon="30.38623069413006305694580078125">
        <ele>16.6000003814697265625</ele>
        <time>2025-09-18T06:45:18.000Z</time>
        <extensions>
          <ns3:TrackPointExtension>
            <ns3:atemp>23.0</ns3:atemp>
            <ns3:hr>99</ns3:hr>
          </ns3:TrackPointExtension>
        </extensions>
      </trkpt>
      <trkpt lat="60.00201989896595478057861328125" lon="30.38624712266027927398681640625">
        <ele>16.6000003814697265625</ele>
        <time>2025-09-18T06:45:21.000Z</time>
        <extensions>
          <ns3:TrackPointExtension>
            <ns3:atemp>23.0</ns3:atemp>
            <ns3:hr>97</ns3:hr>
          </ns3:TrackPointExtension>
        </extensions>
      </trkpt>
      <trkpt lat="60.00179794616997241973876953125" lon="30.38619029335677623748779296875">
        <ele>17</ele>
        <time>2025-09-18T06:45:28.000Z</time>
        <extensions>
          <ns3:TrackPointExtension>
            <ns3:atemp>23.0</ns3:atemp>
            <ns3:hr>97</ns3:hr>
          </ns3:TrackPointExtension>
        </extensions>
      </trkpt>
      <trkpt lat="60.00173742882907390594482421875" lon="30.3861013613641262054443359375">
        <ele>17</ele>
        <time>2025-09-18T06:45:31.000Z</time>
        <extensions>
          <ns3:TrackPointExtension>
            <ns3:atemp>23.0</ns3:atemp>
            <ns3:hr>96</ns3:hr>
          </ns3:TrackPointExtension>
        </extensions>
      </trkpt>
      <trkpt lat="60.00172150321304798126220703125" lon="30.38610043935477733612060546875">
        <ele>17.200000762939453125</ele>
        <time>2025-09-18T06:45:32.000Z</time>
        <extensions>
          <ns3:TrackPointExtension>
            <ns3:atemp>23.0</ns3:atemp>
            <ns3:hr>97</ns3:hr>
          </ns3:TrackPointExtension>
        </extensions>
      </trkpt>
      <trkpt lat="60.00171010382473468780517578125" lon="30.3861187957227230072021484375">
        <ele>17</ele>
        <time>2025-09-18T06:45:33.000Z</time>
        <extensions>
          <ns3:TrackPointExtension>
            <ns3:atemp>23.0</ns3:atemp>
            <ns3:hr>98</ns3:hr>
          </ns3:TrackPointExtension>
        </extensions>
      </trkpt>
      <trkpt lat="60.00164128839969635009765625" lon="30.386185012757778167724609375">
        <ele>17</ele>
        <time>2025-09-18T06:45:38.000Z</time>
        <extensions>
          <ns3:TrackPointExtension>
            <ns3:atemp>23.0</ns3:atemp>
            <ns3:hr>97</ns3:hr>
          </ns3:TrackPointExtension>
        </extensions>
      </trkpt>
      <trkpt lat="60.0015402026474475860595703125" lon="30.38612055592238903045654296875">
        <ele>16.6000003814697265625</ele>
        <time>2025-09-18T06:45:42.000Z</time>
        <extensions>
          <ns3:TrackPointExtension>
            <ns3:atemp>23.0</ns3:atemp>
            <ns3:hr>94</ns3:hr>
          </ns3:TrackPointExtension>
        </extensions>
      </trkpt>
      <trkpt lat="60.00149971805512905120849609375" lon="30.38613966666162014007568359375">
        <ele>16.6000003814697265625</ele>
        <time>2025-09-18T06:45:43.000Z</time>
        <extensions>
          <ns3:TrackPointExtension>
            <ns3:atemp>23.0</ns3:atemp>
            <ns3:hr>94</ns3:hr>
          </ns3:TrackPointExtension>
        </extensions>
      </trkpt>
      <trkpt lat="60.00138086266815662384033203125" lon="30.3860316239297389984130859375">
        <ele>17</ele>
        <time>2025-09-18T06:45:47.000Z</time>
        <extensions>
          <ns3:TrackPointExtension>
            <ns3:atemp>23.0</ns3:atemp>
            <ns3:hr>94</ns3:hr>
          </ns3:TrackPointExtension>
        </extensions>
      </trkpt>
      <trkpt lat="60.00123552046716213226318359375" lon="30.38589323870837688446044921875">
        <ele>17</ele>
        <time>2025-09-18T06:45:51.000Z</time>
        <extensions>
          <ns3:TrackPointExtension>
            <ns3:atemp>23.0</ns3:atemp>
            <ns3:hr>91</ns3:hr>
          </ns3:TrackPointExtension>
        </extensions>
      </trkpt>
      <trkpt lat="60.001095794141292572021484375" lon="30.38576759397983551025390625">
        <ele>17.200000762939453125</ele>
        <time>2025-09-18T06:45:55.000Z</time>
        <extensions>
          <ns3:TrackPointExtension>
            <ns3:atemp>23.0</ns3:atemp>
            <ns3:hr>92</ns3:hr>
          </ns3:TrackPointExtension>
        </extensions>
      </trkpt>
      <trkpt lat="60.000893287360668182373046875" lon="30.38562367670238018035888671875">
        <ele>17</ele>
        <time>2025-09-18T06:46:00.000Z</time>
        <extensions>
          <ns3:TrackPointExtension>
            <ns3:atemp>23.0</ns3:atemp>
            <ns3:hr>95</ns3:hr>
          </ns3:TrackPointExtension>
        </extensions>
      </trkpt>
      <trkpt lat="60.0007885135710239410400390625" lon="30.38552560843527317047119140625">
        <ele>17</ele>
        <time>2025-09-18T06:46:03.000Z</time>
        <extensions>
          <ns3:TrackPointExtension>
            <ns3:atemp>23.0</ns3:atemp>
            <ns3:hr>98</ns3:hr>
          </ns3:TrackPointExtension>
        </extensions>
      </trkpt>
      <trkpt lat="60.00060838647186756134033203125" lon="30.3852708823978900909423828125">
        <ele>17</ele>
        <time>2025-09-18T06:46:09.000Z</time>
        <extensions>
          <ns3:TrackPointExtension>
            <ns3:atemp>23.0</ns3:atemp>
            <ns3:hr>97</ns3:hr>
          </ns3:TrackPointExtension>
        </extensions>
      </trkpt>
      <trkpt lat="60.000329352915287017822265625" lon="30.38503660820424556732177734375">
        <ele>16.799999237060546875</ele>
        <time>2025-09-18T06:46:17.000Z</time>
        <extensions>
          <ns3:TrackPointExtension>
            <ns3:atemp>23.0</ns3:atemp>
            <ns3:hr>99</ns3:hr>
          </ns3:TrackPointExtension>
        </extensions>
      </trkpt>
      <trkpt lat="60.0000713579356670379638671875" lon="30.3848092071712017059326171875">
        <ele>16.799999237060546875</ele>
        <time>2025-09-18T06:46:25.000Z</time>
        <extensions>
          <ns3:TrackPointExtension>
            <ns3:atemp>23.0</ns3:atemp>
            <ns3:hr>99</ns3:hr>
          </ns3:TrackPointExtension>
        </extensions>
      </trkpt>
      <trkpt lat="59.9998473934829235076904296875" lon="30.38448390550911426544189453125">
        <ele>16.6000003814697265625</ele>
        <time>2025-09-18T06:46:33.000Z</time>
        <extensions>
          <ns3:TrackPointExtension>
            <ns3:atemp>23.0</ns3:atemp>
            <ns3:hr>97</ns3:hr>
          </ns3:TrackPointExtension>
        </extensions>
      </trkpt>
      <trkpt lat="59.99962653033435344696044921875" lon="30.3841510601341724395751953125">
        <ele>16.6000003814697265625</ele>
        <time>2025-09-18T06:46:41.000Z</time>
        <extensions>
          <ns3:TrackPointExtension>
            <ns3:atemp>23.0</ns3:atemp>
            <ns3:hr>96</ns3:hr>
          </ns3:TrackPointExtension>
        </extensions>
      </trkpt>
      <trkpt lat="59.99944414012134075164794921875" lon="30.38392332382500171661376953125">
        <ele>17</ele>
        <time>2025-09-18T06:46:46.000Z</time>
        <extensions>
          <ns3:TrackPointExtension>
            <ns3:atemp>23.0</ns3:atemp>
            <ns3:hr>101</ns3:hr>
          </ns3:TrackPointExtension>
        </extensions>
      </trkpt>
      <trkpt lat="59.99940826557576656341552734375" lon="30.383877642452716827392578125">
        <ele>17</ele>
        <time>2025-09-18T06:46:47.000Z</time>
        <extensions>
          <ns3:TrackPointExtension>
            <ns3:atemp>23.0</ns3:atemp>
            <ns3:hr>104</ns3:hr>
          </ns3:TrackPointExtension>
        </extensions>
      </trkpt>
      <trkpt lat="59.999371469020843505859375" lon="30.3838317096233367919921875">
        <ele>17</ele>
        <time>2025-09-18T06:46:48.000Z</time>
        <extensions>
          <ns3:TrackPointExtension>
            <ns3:atemp>23.0</ns3:atemp>
            <ns3:hr>104</ns3:hr>
          </ns3:TrackPointExtension>
        </extensions>
      </trkpt>
      <trkpt lat="59.99929494224488735198974609375" lon="30.3837500698864459991455078125">
        <ele>17</ele>
        <time>2025-09-18T06:46:50.000Z</time>
        <extensions>
          <ns3:TrackPointExtension>
            <ns3:atemp>23.0</ns3:atemp>
            <ns3:hr>106</ns3:hr>
          </ns3:TrackPointExtension>
        </extensions>
      </trkpt>
      <trkpt lat="59.99916954897344112396240234375" lon="30.38361352868378162384033203125">
        <ele>16.799999237060546875</ele>
        <time>2025-09-18T06:46:53.000Z</time>
        <extensions>
          <ns3:TrackPointExtension>
            <ns3:atemp>23.0</ns3:atemp>
            <ns3:hr>104</ns3:hr>
          </ns3:TrackPointExtension>
        </extensions>
      </trkpt>
      <trkpt lat="59.999015070497989654541015625" lon="30.38344270549714565277099609375">
        <ele>16.6000003814697265625</ele>
        <time>2025-09-18T06:46:57.000Z</time>
        <extensions>
          <ns3:TrackPointExtension>
            <ns3:atemp>23.0</ns3:atemp>
            <ns3:hr>100</ns3:hr>
          </ns3:TrackPointExtension>
        </extensions>
      </trkpt>
      <trkpt lat="59.998986236751079559326171875" lon="30.383402220904827117919921875">
        <ele>16.6000003814697265625</ele>
        <time>2025-09-18T06:46:58.000Z</time>
        <extensions>
          <ns3:TrackPointExtension>
            <ns3:atemp>23.0</ns3:atemp>
            <ns3:hr>103</ns3:hr>
          </ns3:TrackPointExtension>
        </extensions>
      </trkpt>
      <trkpt lat="59.99896067194640636444091796875" lon="30.3833671845495700836181640625">
        <ele>16.6000003814697265625</ele>
        <time>2025-09-18T06:46:59.000Z</time>
        <extensions>
          <ns3:TrackPointExtension>
            <ns3:atemp>23.0</ns3:atemp>
            <ns3:hr>104</ns3:hr>
          </ns3:TrackPointExtension>
        </extensions>
      </trkpt>
      <trkpt lat="59.9987879209220409393310546875" lon="30.38312100805342197418212890625">
        <ele>16.200000762939453125</ele>
        <time>2025-09-18T06:47:04.000Z</time>
        <extensions>
          <ns3:TrackPointExtension>
            <ns3:atemp>23.0</ns3:atemp>
            <ns3:hr>103</ns3:hr>
          </ns3:TrackPointExtension>
        </extensions>
      </trkpt>
      <trkpt lat="59.9987567402422428131103515625" lon="30.38305663503706455230712890625">
        <ele>16</ele>
        <time>2025-09-18T06:47:05.000Z</time>
        <extensions>
          <ns3:TrackPointExtension>
            <ns3:atemp>23.0</ns3:atemp>
            <ns3:hr>103</ns3:hr>
          </ns3:TrackPointExtension>
        </extensions>
      </trkpt>
      <trkpt lat="59.99857191927731037139892578125" lon="30.3828760050237178802490234375">
        <ele>16</ele>
        <time>2025-09-18T06:47:10.000Z</time>
        <extensions>
          <ns3:TrackPointExtension>
            <ns3:atemp>23.0</ns3:atemp>
            <ns3:hr>106</ns3:hr>
          </ns3:TrackPointExtension>
        </extensions>
      </trkpt>
      <trkpt lat="59.99851978383958339691162109375" lon="30.38289821706712245941162109375">
        <ele>16</ele>
        <time>2025-09-18T06:47:11.000Z</time>
        <extensions>
          <ns3:TrackPointExtension>
            <ns3:atemp>23.0</ns3:atemp>
            <ns3:hr>106</ns3:hr>
          </ns3:TrackPointExtension>
        </extensions>
      </trkpt>
      <trkpt lat="59.99838651157915592193603515625" lon="30.38277617655694484710693359375">
        <ele>16.200000762939453125</ele>
        <time>2025-09-18T06:47:15.000Z</time>
        <extensions>
          <ns3:TrackPointExtension>
            <ns3:atemp>23.0</ns3:atemp>
            <ns3:hr>103</ns3:hr>
          </ns3:TrackPointExtension>
        </extensions>
      </trkpt>
      <trkpt lat="59.99832046218216419219970703125" lon="30.38268598727881908416748046875">
        <ele>16.200000762939453125</ele>
        <time>2025-09-18T06:47:17.000Z</time>
        <extensions>
          <ns3:TrackPointExtension>
            <ns3:atemp>23.0</ns3:atemp>
            <ns3:hr>102</ns3:hr>
          </ns3:TrackPointExtension>
        </extensions>
      </trkpt>
      <trkpt lat="59.9981336295604705810546875" lon="30.3825564868748188018798828125">
        <ele>16</ele>
        <time>2025-09-18T06:47:21.000Z</time>
        <extensions>
          <ns3:TrackPointExtension>
            <ns3:atemp>23.0</ns3:atemp>
            <ns3:hr>106</ns3:hr>
          </ns3:TrackPointExtension>
        </extensions>
      </trkpt>
      <trkpt lat="59.99802432954311370849609375" lon="30.38243302144110202789306640625">
        <ele>16</ele>
        <time>2025-09-18T06:47:24.000Z</time>
        <extensions>
          <ns3:TrackPointExtension>
            <ns3:atemp>23.0</ns3:atemp>
            <ns3:hr>105</ns3:hr>
          </ns3:TrackPointExtension>
        </extensions>
      </trkpt>
      <trkpt lat="59.99786599539220333099365234375" lon="30.38228809833526611328125">
        <ele>15.80000019073486328125</ele>
        <time>2025-09-18T06:47:28.000Z</time>
        <extensions>
          <ns3:TrackPointExtension>
            <ns3:atemp>23.0</ns3:atemp>
            <ns3:hr>102</ns3:hr>
          </ns3:TrackPointExtension>
        </extensions>
      </trkpt>
      <trkpt lat="59.997691400349140167236328125" lon="30.38209523074328899383544921875">
        <ele>15.80000019073486328125</ele>
        <time>2025-09-18T06:47:33.000Z</time>
        <extensions>
          <ns3:TrackPointExtension>
            <ns3:atemp>23.0</ns3:atemp>
            <ns3:hr>105</ns3:hr>
          </ns3:TrackPointExtension>
        </extensions>
      </trkpt>
      <trkpt lat="59.99752233736217021942138671875" lon="30.38183991797268390655517578125">
        <ele>15.80000019073486328125</ele>
        <time>2025-09-18T06:47:39.000Z</time>
        <extensions>
          <ns3:TrackPointExtension>
            <ns3:atemp>23.0</ns3:atemp>
            <ns3:hr>104</ns3:hr>
          </ns3:TrackPointExtension>
        </extensions>
      </trkpt>
      <trkpt lat="59.99741010367870330810546875" lon="30.38165702484548091888427734375">
        <ele>15.80000019073486328125</ele>
        <time>2025-09-18T06:47:43.000Z</time>
        <extensions>
          <ns3:TrackPointExtension>
            <ns3:atemp>23.0</ns3:atemp>
            <ns3:hr>100</ns3:hr>
          </ns3:TrackPointExtension>
        </extensions>
      </trkpt>
      <trkpt lat="59.99740515835583209991455078125" lon="30.381608493626117706298828125">
        <ele>15.80000019073486328125</ele>
        <time>2025-09-18T06:47:44.000Z</time>
        <extensions>
          <ns3:TrackPointExtension>
            <ns3:atemp>23.0</ns3:atemp>
            <ns3:hr>101</ns3:hr>
          </ns3:TrackPointExtension>
        </extensions>
      </trkpt>
      <trkpt lat="59.9973824433982372283935546875" lon="30.3815151192247867584228515625">
        <ele>15.80000019073486328125</ele>
        <time>2025-09-18T06:47:46.000Z</time>
        <extensions>
          <ns3:TrackPointExtension>
            <ns3:atemp>23.0</ns3:atemp>
            <ns3:hr>99</ns3:hr>
          </ns3:TrackPointExtension>
        </extensions>
      </trkpt>
      <trkpt lat="59.99731195159256458282470703125" lon="30.38143171928822994232177734375">
        <ele>15.80000019073486328125</ele>
        <time>2025-09-18T06:47:48.000Z</time>
        <extensions>
          <ns3:TrackPointExtension>
            <ns3:atemp>23.0</ns3:atemp>
            <ns3:hr>99</ns3:hr>
          </ns3:TrackPointExtension>
        </extensions>
      </trkpt>
      <trkpt lat="59.9972114525735378265380859375" lon="30.38133080117404460906982421875">
        <ele>15.80000019073486328125</ele>
        <time>2025-09-18T06:47:51.000Z</time>
        <extensions>
          <ns3:TrackPointExtension>
            <ns3:atemp>23.0</ns3:atemp>
            <ns3:hr>96</ns3:hr>
          </ns3:TrackPointExtension>
        </extensions>
      </trkpt>
      <trkpt lat="59.99703786335885524749755859375" lon="30.38113231770694255828857421875">
        <ele>15.80000019073486328125</ele>
        <time>2025-09-18T06:47:56.000Z</time>
        <extensions>
          <ns3:TrackPointExtension>
            <ns3:atemp>23.0</ns3:atemp>
            <ns3:hr>95</ns3:hr>
          </ns3:TrackPointExtension>
        </extensions>
      </trkpt>
      <trkpt lat="59.99683435074985027313232421875" lon="30.3808485902845859527587890625">
        <ele>15.80000019073486328125</ele>
        <time>2025-09-18T06:48:03.000Z</time>
        <extensions>
          <ns3:TrackPointExtension>
            <ns3:atemp>23.0</ns3:atemp>
            <ns3:hr>98</ns3:hr>
          </ns3:TrackPointExtension>
        </extensions>
      </trkpt>
      <trkpt lat="59.99675002880394458770751953125" lon="30.38078949786722660064697265625">
        <ele>15.80000019073486328125</ele>
        <time>2025-09-18T06:48:06.000Z</time>
        <extensions>
          <ns3:TrackPointExtension>
            <ns3:atemp>23.0</ns3:atemp>
            <ns3:hr>101</ns3:hr>
          </ns3:TrackPointExtension>
        </extensions>
      </trkpt>
      <trkpt lat="59.99668297357857227325439453125" lon="30.38074557669460773468017578125">
        <ele>16</ele>
        <time>2025-09-18T06:48:08.000Z</time>
        <extensions>
          <ns3:TrackPointExtension>
            <ns3:atemp>23.0</ns3:atemp>
            <ns3:hr>101</ns3:hr>
          </ns3:TrackPointExtension>
        </extensions>
      </trkpt>
      <trkpt lat="59.9964507110416889190673828125" lon="30.3805465064942836761474609375">
        <ele>15.80000019073486328125</ele>
        <time>2025-09-18T06:48:15.000Z</time>
        <extensions>
          <ns3:TrackPointExtension>
            <ns3:atemp>23.0</ns3:atemp>
            <ns3:hr>102</ns3:hr>
          </ns3:TrackPointExtension>
        </extensions>
      </trkpt>
      <trkpt lat="59.9962936341762542724609375" lon="30.380524210631847381591796875">
        <ele>16</ele>
        <time>2025-09-18T06:48:20.000Z</time>
        <extensions>
          <ns3:TrackPointExtension>
            <ns3:atemp>23.0</ns3:atemp>
            <ns3:hr>100</ns3:hr>
          </ns3:TrackPointExtension>
        </extensions>
      </trkpt>
      <trkpt lat="59.996277876198291778564453125" lon="30.3804744221270084381103515625">
        <ele>16</ele>
        <time>2025-09-18T06:48:21.000Z</time>
        <extensions>
          <ns3:TrackPointExtension>
            <ns3:atemp>23.0</ns3:atemp>
            <ns3:hr>103</ns3:hr>
          </ns3:TrackPointExtension>
        </extensions>
      </trkpt>
      <trkpt lat="59.99625080265104770660400390625" lon="30.38037358783185482025146484375">
        <ele>16</ele>
        <time>2025-09-18T06:48:24.000Z</time>
        <extensions>
          <ns3:TrackPointExtension>
            <ns3:atemp>23.0</ns3:atemp>
            <ns3:hr>102</ns3:hr>
          </ns3:TrackPointExtension>
        </extensions>
      </trkpt>
      <trkpt lat="59.99623940326273441314697265625" lon="30.380378030240535736083984375">
        <ele>15.6000003814697265625</ele>
        <time>2025-09-18T06:48:32.000Z</time>
        <extensions>
          <ns3:TrackPointExtension>
            <ns3:atemp>23.0</ns3:atemp>
            <ns3:hr>99</ns3:hr>
          </ns3:TrackPointExtension>
        </extensions>
      </trkpt>
      <trkpt lat="59.99622230418026447296142578125" lon="30.3803339414298534393310546875">
        <ele>15.6000003814697265625</ele>
        <time>2025-09-18T06:48:38.000Z</time>
        <extensions>
          <ns3:TrackPointExtension>
            <ns3:atemp>23.0</ns3:atemp>
            <ns3:hr>97</ns3:hr>
          </ns3:TrackPointExtension>
        </extensions>
      </trkpt>
      <trkpt lat="59.99620503745973110198974609375" lon="30.3803379647433757781982421875">
        <ele>15.6000003814697265625</ele>
        <time>2025-09-18T06:48:39.000Z</time>
        <extensions>
          <ns3:TrackPointExtension>
            <ns3:atemp>23.0</ns3:atemp>
            <ns3:hr>97</ns3:hr>
          </ns3:TrackPointExtension>
        </extensions>
      </trkpt>
      <trkpt lat="59.99610789120197296142578125" lon="30.3803352825343608856201171875">
        <ele>15.19999980926513671875</ele>
        <time>2025-09-18T06:48:45.000Z</time>
        <extensions>
          <ns3:TrackPointExtension>
            <ns3:atemp>23.0</ns3:atemp>
            <ns3:hr>94</ns3:hr>
          </ns3:TrackPointExtension>
        </extensions>
      </trkpt>
      <trkpt lat="59.99607109464704990386962890625" lon="30.380339138209819793701171875">
        <ele>15.19999980926513671875</ele>
        <time>2025-09-18T06:48:47.000Z</time>
        <extensions>
          <ns3:TrackPointExtension>
            <ns3:atemp>23.0</ns3:atemp>
            <ns3:hr>93</ns3:hr>
          </ns3:TrackPointExtension>
        </extensions>
      </trkpt>
      <trkpt lat="59.99597922898828983306884765625" lon="30.38026445545256137847900390625">
        <ele>15.19999980926513671875</ele>
        <time>2025-09-18T06:48:50.000Z</time>
        <extensions>
          <ns3:TrackPointExtension>
            <ns3:atemp>23.0</ns3:atemp>
            <ns3:hr>96</ns3:hr>
          </ns3:TrackPointExtension>
        </extensions>
      </trkpt>
      <trkpt lat="59.99595408327877521514892578125" lon="30.3802214562892913818359375">
        <ele>15</ele>
        <time>2025-09-18T06:48:51.000Z</time>
        <extensions>
          <ns3:TrackPointExtension>
            <ns3:atemp>23.0</ns3:atemp>
            <ns3:hr>99</ns3:hr>
          </ns3:TrackPointExtension>
        </extensions>
      </trkpt>
      <trkpt lat="59.9957898817956447601318359375" lon="30.3800848312675952911376953125">
        <ele>14.6000003814697265625</ele>
        <time>2025-09-18T06:48:56.000Z</time>
        <extensions>
          <ns3:TrackPointExtension>
            <ns3:atemp>23.0</ns3:atemp>
            <ns3:hr>100</ns3:hr>
          </ns3:TrackPointExtension>
        </extensions>
      </trkpt>
      <trkpt lat="59.99564127065241336822509765625" lon="30.37996706552803516387939453125">
        <ele>14.6000003814697265625</ele>
        <time>2025-09-18T06:49:00.000Z</time>
        <extensions>
          <ns3:TrackPointExtension>
            <ns3:atemp>23.0</ns3:atemp>
            <ns3:hr>97</ns3:hr>
          </ns3:TrackPointExtension>
        </extensions>
      </trkpt>
      <trkpt lat="59.99557874165475368499755859375" lon="30.37987821735441684722900390625">
        <ele>14.3999996185302734375</ele>
        <time>2025-09-18T06:49:02.000Z</time>
        <extensions>
          <ns3:TrackPointExtension>
            <ns3:atemp>23.0</ns3:atemp>
            <ns3:hr>98</ns3:hr>
          </ns3:TrackPointExtension>
        </extensions>
      </trkpt>
      <trkpt lat="59.99555510468780994415283203125" lon="30.37983127869665622711181640625">
        <ele>14.19999980926513671875</ele>
        <time>2025-09-18T06:49:03.000Z</time>
        <extensions>
          <ns3:TrackPointExtension>
            <ns3:atemp>23.0</ns3:atemp>
            <ns3:hr>102</ns3:hr>
          </ns3:TrackPointExtension>
        </extensions>
      </trkpt>
      <trkpt lat="59.9955327250063419342041015625" lon="30.37979423068463802337646484375">
        <ele>14.19999980926513671875</ele>
        <time>2025-09-18T06:49:04.000Z</time>
        <extensions>
          <ns3:TrackPointExtension>
            <ns3:atemp>23.0</ns3:atemp>
            <ns3:hr>102</ns3:hr>
          </ns3:TrackPointExtension>
        </extensions>
      </trkpt>
      <trkpt lat="59.99542937614023685455322265625" lon="30.3797274269163608551025390625">
        <ele>14</ele>
        <time>2025-09-18T06:49:07.000Z</time>
        <extensions>
          <ns3:TrackPointExtension>
            <ns3:atemp>23.0</ns3:atemp>
            <ns3:hr>102</ns3:hr>
          </ns3:TrackPointExtension>
        </extensions>
      </trkpt>
      <trkpt lat="59.99537087045609951019287109375" lon="30.37969633005559444427490234375">
        <ele>14</ele>
        <time>2025-09-18T06:49:08.000Z</time>
        <extensions>
          <ns3:TrackPointExtension>
            <ns3:atemp>23.0</ns3:atemp>
            <ns3:hr>105</ns3:hr>
          </ns3:TrackPointExtension>
        </extensions>
      </trkpt>
      <trkpt lat="59.99531588517129421234130859375" lon="30.37966280244290828704833984375">
        <ele>13.80000019073486328125</ele>
        <time>2025-09-18T06:49:09.000Z</time>
        <extensions>
          <ns3:TrackPointExtension>
            <ns3:atemp>23.0</ns3:atemp>
            <ns3:hr>105</ns3:hr>
          </ns3:TrackPointExtension>
        </extensions>
      </trkpt>
      <trkpt lat="59.99512075446546077728271484375" lon="30.37954260595142841339111328125">
        <ele>13.3999996185302734375</ele>
        <time>2025-09-18T06:49:13.000Z</time>
        <extensions>
          <ns3:TrackPointExtension>
            <ns3:atemp>23.0</ns3:atemp>
            <ns3:hr>109</ns3:hr>
          </ns3:TrackPointExtension>
        </extensions>
      </trkpt>
      <trkpt lat="59.99501715414226055145263671875" lon="30.379488207399845123291015625">
        <ele>13</ele>
        <time>2025-09-18T06:49:15.000Z</time>
        <extensions>
          <ns3:TrackPointExtension>
            <ns3:atemp>23.0</ns3:atemp>
            <ns3:hr>109</ns3:hr>
          </ns3:TrackPointExtension>
        </extensions>
      </trkpt>
      <trkpt lat="59.99493450857698917388916015625" lon="30.37940447218716144561767578125">
        <ele>12.80000019073486328125</ele>
        <time>2025-09-18T06:49:17.000Z</time>
        <extensions>
          <ns3:TrackPointExtension>
            <ns3:atemp>23.0</ns3:atemp>
            <ns3:hr>111</ns3:hr>
          </ns3:TrackPointExtension>
        </extensions>
      </trkpt>
      <trkpt lat="59.99470987357199192047119140625" lon="30.379114039242267608642578125">
        <ele>12.6000003814697265625</ele>
        <time>2025-09-18T06:49:24.000Z</time>
        <extensions>
          <ns3:TrackPointExtension>
            <ns3:atemp>23.0</ns3:atemp>
            <ns3:hr>110</ns3:hr>
          </ns3:TrackPointExtension>
        </extensions>
      </trkpt>
      <trkpt lat="59.99456293880939483642578125" lon="30.3789287991821765899658203125">
        <ele>12.3999996185302734375</ele>
        <time>2025-09-18T06:49:30.000Z</time>
        <extensions>
          <ns3:TrackPointExtension>
            <ns3:atemp>23.0</ns3:atemp>
            <ns3:hr>111</ns3:hr>
          </ns3:TrackPointExtension>
        </extensions>
      </trkpt>
      <trkpt lat="59.994308464229106903076171875" lon="30.37875470705330371856689453125">
        <ele>13</ele>
        <time>2025-09-18T06:49:37.000Z</time>
        <extensions>
          <ns3:TrackPointExtension>
            <ns3:atemp>22.0</ns3:atemp>
            <ns3:hr>111</ns3:hr>
          </ns3:TrackPointExtension>
        </extensions>
      </trkpt>
      <trkpt lat="59.994177706539630889892578125" lon="30.37854163907468318939208984375">
        <ele>13</ele>
        <time>2025-09-18T06:49:42.000Z</time>
        <extensions>
          <ns3:TrackPointExtension>
            <ns3:atemp>22.0</ns3:atemp>
            <ns3:hr>112</ns3:hr>
          </ns3:TrackPointExtension>
        </extensions>
      </trkpt>
      <trkpt lat="59.994164295494556427001953125" lon="30.3785130567848682403564453125">
        <ele>13.19999980926513671875</ele>
        <time>2025-09-18T06:49:46.000Z</time>
        <extensions>
          <ns3:TrackPointExtension>
            <ns3:atemp>22.0</ns3:atemp>
            <ns3:hr>109</ns3:hr>
          </ns3:TrackPointExtension>
        </extensions>
      </trkpt>
      <trkpt lat="59.99415918253362178802490234375" lon="30.3785170800983905792236328125">
        <ele>13.19999980926513671875</ele>
        <time>2025-09-18T06:49:47.000Z</time>
        <extensions>
          <ns3:TrackPointExtension>
            <ns3:atemp>22.0</ns3:atemp>
            <ns3:hr>111</ns3:hr>
          </ns3:TrackPointExtension>
        </extensions>
      </trkpt>
      <trkpt lat="59.99414342455565929412841796875" lon="30.37852822802960872650146484375">
        <ele>13.19999980926513671875</ele>
        <time>2025-09-18T06:49:48.000Z</time>
        <extensions>
          <ns3:TrackPointExtension>
            <ns3:atemp>22.0</ns3:atemp>
            <ns3:hr>108</ns3:hr>
          </ns3:TrackPointExtension>
        </extensions>
      </trkpt>
      <trkpt lat="59.99408307485282421112060546875" lon="30.37857667542994022369384765625">
        <ele>13.19999980926513671875</ele>
        <time>2025-09-18T06:49:51.000Z</time>
        <extensions>
          <ns3:TrackPointExtension>
            <ns3:atemp>22.0</ns3:atemp>
            <ns3:hr>106</ns3:hr>
          </ns3:TrackPointExtension>
        </extensions>
      </trkpt>
      <trkpt lat="59.99402507208287715911865234375" lon="30.378527306020259857177734375">
        <ele>13.19999980926513671875</ele>
        <time>2025-09-18T06:49:53.000Z</time>
        <extensions>
          <ns3:TrackPointExtension>
            <ns3:atemp>22.0</ns3:atemp>
            <ns3:hr>107</ns3:hr>
          </ns3:TrackPointExtension>
        </extensions>
      </trkpt>
      <trkpt lat="59.99394242651760578155517578125" lon="30.3784751705825328826904296875">
        <ele>13.19999980926513671875</ele>
        <time>2025-09-18T06:49:55.000Z</time>
        <extensions>
          <ns3:TrackPointExtension>
            <ns3:atemp>22.0</ns3:atemp>
            <ns3:hr>104</ns3:hr>
          </ns3:TrackPointExtension>
        </extensions>
      </trkpt>
      <trkpt lat="59.99389515258371829986572265625" lon="30.3784473426640033721923828125">
        <ele>13.19999980926513671875</ele>
        <time>2025-09-18T06:49:56.000Z</time>
        <extensions>
          <ns3:TrackPointExtension>
            <ns3:atemp>22.0</ns3:atemp>
            <ns3:hr>99</ns3:hr>
          </ns3:TrackPointExtension>
        </extensions>
      </trkpt>
      <trkpt lat="59.993851818144321441650390625" lon="30.37841004319489002227783203125">
        <ele>13.19999980926513671875</ele>
        <time>2025-09-18T06:49:57.000Z</time>
        <extensions>
          <ns3:TrackPointExtension>
            <ns3:atemp>22.0</ns3:atemp>
            <ns3:hr>102</ns3:hr>
          </ns3:TrackPointExtension>
        </extensions>
      </trkpt>
      <trkpt lat="59.99381334520876407623291015625" lon="30.378361679613590240478515625">
        <ele>13.19999980926513671875</ele>
        <time>2025-09-18T06:49:58.000Z</time>
        <extensions>
          <ns3:TrackPointExtension>
            <ns3:atemp>22.0</ns3:atemp>
            <ns3:hr>106</ns3:hr>
          </ns3:TrackPointExtension>
        </extensions>
      </trkpt>
      <trkpt lat="59.99376892112195491790771484375" lon="30.3783336840569972991943359375">
        <ele>13.3999996185302734375</ele>
        <time>2025-09-18T06:49:59.000Z</time>
        <extensions>
          <ns3:TrackPointExtension>
            <ns3:atemp>22.0</ns3:atemp>
            <ns3:hr>105</ns3:hr>
          </ns3:TrackPointExtension>
        </extensions>
      </trkpt>
      <trkpt lat="59.9935180507600307464599609375" lon="30.3780917823314666748046875">
        <ele>13.80000019073486328125</ele>
        <time>2025-09-18T06:50:06.000Z</time>
        <extensions>
          <ns3:TrackPointExtension>
            <ns3:atemp>22.0</ns3:atemp>
            <ns3:hr>108</ns3:hr>
          </ns3:TrackPointExtension>
        </extensions>
      </trkpt>
      <trkpt lat="59.99346365220844745635986328125" lon="30.37800771184265613555908203125">
        <ele>13.80000019073486328125</ele>
        <time>2025-09-18T06:50:08.000Z</time>
        <extensions>
          <ns3:TrackPointExtension>
            <ns3:atemp>22.0</ns3:atemp>
            <ns3:hr>108</ns3:hr>
          </ns3:TrackPointExtension>
        </extensions>
      </trkpt>
      <trkpt lat="59.993375726044178009033203125" lon="30.37788466550409793853759765625">
        <ele>13.80000019073486328125</ele>
        <time>2025-09-18T06:50:11.000Z</time>
        <extensions>
          <ns3:TrackPointExtension>
            <ns3:atemp>22.0</ns3:atemp>
            <ns3:hr>111</ns3:hr>
          </ns3:TrackPointExtension>
        </extensions>
      </trkpt>
      <trkpt lat="59.99329852871596813201904296875" lon="30.37775851786136627197265625">
        <ele>14</ele>
        <time>2025-09-18T06:50:14.000Z</time>
        <extensions>
          <ns3:TrackPointExtension>
            <ns3:atemp>22.0</ns3:atemp>
            <ns3:hr>109</ns3:hr>
          </ns3:TrackPointExtension>
        </extensions>
      </trkpt>
      <trkpt lat="59.99327589757740497589111328125" lon="30.37772021256387233734130859375">
        <ele>14</ele>
        <time>2025-09-18T06:50:15.000Z</time>
        <extensions>
          <ns3:TrackPointExtension>
            <ns3:atemp>22.0</ns3:atemp>
            <ns3:hr>110</ns3:hr>
          </ns3:TrackPointExtension>
        </extensions>
      </trkpt>
      <trkpt lat="59.9931232631206512451171875" lon="30.3774869441986083984375">
        <ele>14</ele>
        <time>2025-09-18T06:50:21.000Z</time>
        <extensions>
          <ns3:TrackPointExtension>
            <ns3:atemp>22.0</ns3:atemp>
            <ns3:hr>107</ns3:hr>
          </ns3:TrackPointExtension>
        </extensions>
      </trkpt>
      <trkpt lat="59.99309065751731395721435546875" lon="30.37744780071079730987548828125">
        <ele>14</ele>
        <time>2025-09-18T06:50:22.000Z</time>
        <extensions>
          <ns3:TrackPointExtension>
            <ns3:atemp>22.0</ns3:atemp>
            <ns3:hr>108</ns3:hr>
          </ns3:TrackPointExtension>
        </extensions>
      </trkpt>
      <trkpt lat="59.99281682074069976806640625" lon="30.3771411068737506866455078125">
        <ele>14.80000019073486328125</ele>
        <time>2025-09-18T06:50:30.000Z</time>
        <extensions>
          <ns3:TrackPointExtension>
            <ns3:atemp>22.0</ns3:atemp>
            <ns3:hr>107</ns3:hr>
          </ns3:TrackPointExtension>
        </extensions>
      </trkpt>
      <trkpt lat="59.99275387264788150787353515625" lon="30.3770703636109828948974609375">
        <ele>15</ele>
        <time>2025-09-18T06:50:32.000Z</time>
        <extensions>
          <ns3:TrackPointExtension>
            <ns3:atemp>22.0</ns3:atemp>
            <ns3:hr>107</ns3:hr>
          </ns3:TrackPointExtension>
        </extensions>
      </trkpt>
      <trkpt lat="59.9925916828215122222900390625" lon="30.3768561221659183502197265625">
        <ele>15</ele>
        <time>2025-09-18T06:50:37.000Z</time>
        <extensions>
          <ns3:TrackPointExtension>
            <ns3:atemp>22.0</ns3:atemp>
            <ns3:hr>109</ns3:hr>
          </ns3:TrackPointExtension>
        </extensions>
      </trkpt>
      <trkpt lat="59.99236562289297580718994140625" lon="30.376612879335880279541015625">
        <ele>15.6000003814697265625</ele>
        <time>2025-09-18T06:50:44.000Z</time>
        <extensions>
          <ns3:TrackPointExtension>
            <ns3:atemp>22.0</ns3:atemp>
            <ns3:hr>108</ns3:hr>
          </ns3:TrackPointExtension>
        </extensions>
      </trkpt>
      <trkpt lat="59.9921035207808017730712890625" lon="30.37638262845575809478759765625">
        <ele>16</ele>
        <time>2025-09-18T06:50:51.000Z</time>
        <extensions>
          <ns3:TrackPointExtension>
            <ns3:atemp>22.0</ns3:atemp>
            <ns3:hr>107</ns3:hr>
          </ns3:TrackPointExtension>
        </extensions>
      </trkpt>
      <trkpt lat="59.99206605367362499237060546875" lon="30.376364775002002716064453125">
        <ele>16.200000762939453125</ele>
        <time>2025-09-18T06:50:52.000Z</time>
        <extensions>
          <ns3:TrackPointExtension>
            <ns3:atemp>22.0</ns3:atemp>
            <ns3:hr>108</ns3:hr>
          </ns3:TrackPointExtension>
        </extensions>
      </trkpt>
      <trkpt lat="59.99190160073339939117431640625" lon="30.37619068287312984466552734375">
        <ele>16.200000762939453125</ele>
        <time>2025-09-18T06:50:57.000Z</time>
        <extensions>
          <ns3:TrackPointExtension>
            <ns3:atemp>22.0</ns3:atemp>
            <ns3:hr>105</ns3:hr>
          </ns3:TrackPointExtension>
        </extensions>
      </trkpt>
      <trkpt lat="59.9917856790125370025634765625" lon="30.37608054466545581817626953125">
        <ele>16.200000762939453125</ele>
        <time>2025-09-18T06:51:01.000Z</time>
        <extensions>
          <ns3:TrackPointExtension>
            <ns3:atemp>22.0</ns3:atemp>
            <ns3:hr>104</ns3:hr>
          </ns3:TrackPointExtension>
        </extensions>
      </trkpt>
      <trkpt lat="59.99171175062656402587890625" lon="30.376016087830066680908203125">
        <ele>16</ele>
        <time>2025-09-18T06:51:03.000Z</time>
        <extensions>
          <ns3:TrackPointExtension>
            <ns3:atemp>22.0</ns3:atemp>
            <ns3:hr>104</ns3:hr>
          </ns3:TrackPointExtension>
        </extensions>
      </trkpt>
      <trkpt lat="59.99167830683290958404541015625" lon="30.37599052302539348602294921875">
        <ele>16</ele>
        <time>2025-09-18T06:51:04.000Z</time>
        <extensions>
          <ns3:TrackPointExtension>
            <ns3:atemp>22.0</ns3:atemp>
            <ns3:hr>101</ns3:hr>
          </ns3:TrackPointExtension>
        </extensions>
      </trkpt>
      <trkpt lat="59.99160253442823886871337890625" lon="30.37592732347548007965087890625">
        <ele>16.200000762939453125</ele>
        <time>2025-09-18T06:51:06.000Z</time>
        <extensions>
          <ns3:TrackPointExtension>
            <ns3:atemp>22.0</ns3:atemp>
            <ns3:hr>104</ns3:hr>
          </ns3:TrackPointExtension>
        </extensions>
      </trkpt>
      <trkpt lat="59.9914777278900146484375" lon="30.37580897100269794464111328125">
        <ele>16.200000762939453125</ele>
        <time>2025-09-18T06:51:09.000Z</time>
        <extensions>
          <ns3:TrackPointExtension>
            <ns3:atemp>22.0</ns3:atemp>
            <ns3:hr>107</ns3:hr>
          </ns3:TrackPointExtension>
        </extensions>
      </trkpt>
      <trkpt lat="59.99139768071472644805908203125" lon="30.37574158050119876861572265625">
        <ele>16.200000762939453125</ele>
        <time>2025-09-18T06:51:11.000Z</time>
        <extensions>
          <ns3:TrackPointExtension>
            <ns3:atemp>22.0</ns3:atemp>
            <ns3:hr>105</ns3:hr>
          </ns3:TrackPointExtension>
        </extensions>
      </trkpt>
      <trkpt lat="59.991192407906055450439453125" lon="30.37554292939603328704833984375">
        <ele>16.200000762939453125</ele>
        <time>2025-09-18T06:51:16.000Z</time>
        <extensions>
          <ns3:TrackPointExtension>
            <ns3:atemp>22.0</ns3:atemp>
            <ns3:hr>101</ns3:hr>
          </ns3:TrackPointExtension>
        </extensions>
      </trkpt>
      <trkpt lat="59.991119988262653350830078125" lon="30.37543597631156444549560546875">
        <ele>15.80000019073486328125</ele>
        <time>2025-09-18T06:51:17.000Z</time>
        <extensions>
          <ns3:TrackPointExtension>
            <ns3:atemp>22.0</ns3:atemp>
            <ns3:hr>104</ns3:hr>
          </ns3:TrackPointExtension>
        </extensions>
      </trkpt>
      <trkpt lat="59.9910675175487995147705078125" lon="30.3753693401813507080078125">
        <ele>15.6000003814697265625</ele>
        <time>2025-09-18T06:51:18.000Z</time>
        <extensions>
          <ns3:TrackPointExtension>
            <ns3:atemp>22.0</ns3:atemp>
            <ns3:hr>102</ns3:hr>
          </ns3:TrackPointExtension>
        </extensions>
      </trkpt>
      <trkpt lat="59.99096886254847049713134765625" lon="30.37523548118770122528076171875">
        <ele>15.3999996185302734375</ele>
        <time>2025-09-18T06:51:20.000Z</time>
        <extensions>
          <ns3:TrackPointExtension>
            <ns3:atemp>22.0</ns3:atemp>
            <ns3:hr>105</ns3:hr>
          </ns3:TrackPointExtension>
        </extensions>
      </trkpt>
      <trkpt lat="59.9908277951180934906005859375" lon="30.37502308376133441925048828125">
        <ele>15</ele>
        <time>2025-09-18T06:51:23.000Z</time>
        <extensions>
          <ns3:TrackPointExtension>
            <ns3:atemp>22.0</ns3:atemp>
            <ns3:hr>104</ns3:hr>
          </ns3:TrackPointExtension>
        </extensions>
      </trkpt>
      <trkpt lat="59.9906477518379688262939453125" lon="30.37477347068488597869873046875">
        <ele>14.19999980926513671875</ele>
        <time>2025-09-18T06:51:27.000Z</time>
        <extensions>
          <ns3:TrackPointExtension>
            <ns3:atemp>22.0</ns3:atemp>
            <ns3:hr>105</ns3:hr>
          </ns3:TrackPointExtension>
        </extensions>
      </trkpt>
      <trkpt lat="59.9906024895608425140380859375" lon="30.37471060641109943389892578125">
        <ele>14</ele>
        <time>2025-09-18T06:51:28.000Z</time>
        <extensions>
          <ns3:TrackPointExtension>
            <ns3:atemp>22.0</ns3:atemp>
            <ns3:hr>105</ns3:hr>
          </ns3:TrackPointExtension>
        </extensions>
      </trkpt>
      <trkpt lat="59.99036938883364200592041015625" lon="30.37430810742080211639404296875">
        <ele>13</ele>
        <time>2025-09-18T06:51:33.000Z</time>
        <extensions>
          <ns3:TrackPointExtension>
            <ns3:atemp>22.0</ns3:atemp>
            <ns3:hr>106</ns3:hr>
          </ns3:TrackPointExtension>
        </extensions>
      </trkpt>
      <trkpt lat="59.99031675048172473907470703125" lon="30.374194197356700897216796875">
        <ele>12.80000019073486328125</ele>
        <time>2025-09-18T06:51:34.000Z</time>
        <extensions>
          <ns3:TrackPointExtension>
            <ns3:atemp>22.0</ns3:atemp>
            <ns3:hr>106</ns3:hr>
          </ns3:TrackPointExtension>
        </extensions>
      </trkpt>
      <trkpt lat="59.99015531502664089202880859375" lon="30.37382782436907291412353515625">
        <ele>11.80000019073486328125</ele>
        <time>2025-09-18T06:51:37.000Z</time>
        <extensions>
          <ns3:TrackPointExtension>
            <ns3:atemp>22.0</ns3:atemp>
            <ns3:hr>105</ns3:hr>
          </ns3:TrackPointExtension>
        </extensions>
      </trkpt>
      <trkpt lat="59.99005707912147045135498046875" lon="30.37358039058744907379150390625">
        <ele>10.19999980926513671875</ele>
        <time>2025-09-18T06:51:39.000Z</time>
        <extensions>
          <ns3:TrackPointExtension>
            <ns3:atemp>22.0</ns3:atemp>
            <ns3:hr>106</ns3:hr>
          </ns3:TrackPointExtension>
        </extensions>
      </trkpt>
      <trkpt lat="59.990015923976898193359375" lon="30.37346421740949153900146484375">
        <ele>9.19999980926513671875</ele>
        <time>2025-09-18T06:51:40.000Z</time>
        <extensions>
          <ns3:TrackPointExtension>
            <ns3:atemp>22.0</ns3:atemp>
            <ns3:hr>108</ns3:hr>
          </ns3:TrackPointExtension>
        </extensions>
      </trkpt>
      <trkpt lat="59.98998709022998809814453125" lon="30.3733598627150058746337890625">
        <ele>8.6000003814697265625</ele>
        <time>2025-09-18T06:51:41.000Z</time>
        <extensions>
          <ns3:TrackPointExtension>
            <ns3:atemp>22.0</ns3:atemp>
            <ns3:hr>107</ns3:hr>
          </ns3:TrackPointExtension>
        </extensions>
      </trkpt>
      <trkpt lat="59.98994174413383007049560546875" lon="30.373178981244564056396484375">
        <ele>8.19999980926513671875</ele>
        <time>2025-09-18T06:51:43.000Z</time>
        <extensions>
          <ns3:TrackPointExtension>
            <ns3:atemp>22.0</ns3:atemp>
            <ns3:hr>106</ns3:hr>
          </ns3:TrackPointExtension>
        </extensions>
      </trkpt>
      <trkpt lat="59.989939816296100616455078125" lon="30.3730068169534206390380859375">
        <ele>8.19999980926513671875</ele>
        <time>2025-09-18T06:51:45.000Z</time>
        <extensions>
          <ns3:TrackPointExtension>
            <ns3:atemp>22.0</ns3:atemp>
            <ns3:hr>103</ns3:hr>
          </ns3:TrackPointExtension>
        </extensions>
      </trkpt>
      <trkpt lat="59.98997912742197513580322265625" lon="30.3728006221354007720947265625">
        <ele>8.80000019073486328125</ele>
        <time>2025-09-18T06:51:48.000Z</time>
        <extensions>
          <ns3:TrackPointExtension>
            <ns3:atemp>22.0</ns3:atemp>
            <ns3:hr>106</ns3:hr>
          </ns3:TrackPointExtension>
        </extensions>
      </trkpt>
      <trkpt lat="59.98999035917222499847412109375" lon="30.37276214919984340667724609375">
        <ele>9</ele>
        <time>2025-09-18T06:51:49.000Z</time>
        <extensions>
          <ns3:TrackPointExtension>
            <ns3:atemp>22.0</ns3:atemp>
            <ns3:hr>109</ns3:hr>
          </ns3:TrackPointExtension>
        </extensions>
      </trkpt>
      <trkpt lat="59.98994861729443073272705078125" lon="30.37267246283590793609619140625">
        <ele>9</ele>
        <time>2025-09-18T06:51:52.000Z</time>
        <extensions>
          <ns3:TrackPointExtension>
            <ns3:atemp>22.0</ns3:atemp>
            <ns3:hr>112</ns3:hr>
          </ns3:TrackPointExtension>
        </extensions>
      </trkpt>
      <trkpt lat="59.989904947578907012939453125" lon="30.3726390190422534942626953125">
        <ele>9</ele>
        <time>2025-09-18T06:51:54.000Z</time>
        <extensions>
          <ns3:TrackPointExtension>
            <ns3:atemp>22.0</ns3:atemp>
            <ns3:hr>110</ns3:hr>
          </ns3:TrackPointExtension>
        </extensions>
      </trkpt>
      <trkpt lat="59.98986194841563701629638671875" lon="30.3725126199424266815185546875">
        <ele>9.19999980926513671875</ele>
        <time>2025-09-18T06:51:57.000Z</time>
        <extensions>
          <ns3:TrackPointExtension>
            <ns3:atemp>22.0</ns3:atemp>
            <ns3:hr>109</ns3:hr>
          </ns3:TrackPointExtension>
        </extensions>
      </trkpt>
      <trkpt lat="59.98974971473217010498046875" lon="30.372106768190860748291015625">
        <ele>9.6000003814697265625</ele>
        <time>2025-09-18T06:52:05.000Z</time>
        <extensions>
          <ns3:TrackPointExtension>
            <ns3:atemp>21.0</ns3:atemp>
            <ns3:hr>113</ns3:hr>
          </ns3:TrackPointExtension>
        </extensions>
      </trkpt>
      <trkpt lat="59.98967704363167285919189453125" lon="30.371853299438953399658203125">
        <ele>9.6000003814697265625</ele>
        <time>2025-09-18T06:52:09.000Z</time>
        <extensions>
          <ns3:TrackPointExtension>
            <ns3:atemp>21.0</ns3:atemp>
            <ns3:hr>110</ns3:hr>
          </ns3:TrackPointExtension>
        </extensions>
      </trkpt>
      <trkpt lat="59.9895855970680713653564453125" lon="30.37154593504965305328369140625">
        <ele>9</ele>
        <time>2025-09-18T06:52:13.000Z</time>
        <extensions>
          <ns3:TrackPointExtension>
            <ns3:atemp>21.0</ns3:atemp>
            <ns3:hr>111</ns3:hr>
          </ns3:TrackPointExtension>
        </extensions>
      </trkpt>
      <trkpt lat="59.9893904663622379302978515625" lon="30.37107034586369991302490234375">
        <ele>8</ele>
        <time>2025-09-18T06:52:19.000Z</time>
        <extensions>
          <ns3:TrackPointExtension>
            <ns3:atemp>21.0</ns3:atemp>
            <ns3:hr>112</ns3:hr>
          </ns3:TrackPointExtension>
        </extensions>
      </trkpt>
      <trkpt lat="59.98932592570781707763671875" lon="30.370903126895427703857421875">
        <ele>8.19999980926513671875</ele>
        <time>2025-09-18T06:52:20.000Z</time>
        <extensions>
          <ns3:TrackPointExtension>
            <ns3:atemp>21.0</ns3:atemp>
            <ns3:hr>111</ns3:hr>
          </ns3:TrackPointExtension>
        </extensions>
      </trkpt>
      <trkpt lat="59.98922743834555149078369140625" lon="30.370506830513477325439453125">
        <ele>7.400000095367431640625</ele>
        <time>2025-09-18T06:52:28.000Z</time>
        <extensions>
          <ns3:TrackPointExtension>
            <ns3:atemp>21.0</ns3:atemp>
            <ns3:hr>112</ns3:hr>
          </ns3:TrackPointExtension>
        </extensions>
      </trkpt>
      <trkpt lat="59.989149570465087890625" lon="30.37026098929345607757568359375">
        <ele>7</ele>
        <time>2025-09-18T06:52:32.000Z</time>
        <extensions>
          <ns3:TrackPointExtension>
            <ns3:atemp>21.0</ns3:atemp>
            <ns3:hr>112</ns3:hr>
          </ns3:TrackPointExtension>
        </extensions>
      </trkpt>
      <trkpt lat="59.98906549997627735137939453125" lon="30.3700506873428821563720703125">
        <ele>6.80000019073486328125</ele>
        <time>2025-09-18T06:52:35.000Z</time>
        <extensions>
          <ns3:TrackPointExtension>
            <ns3:atemp>21.0</ns3:atemp>
            <ns3:hr>111</ns3:hr>
          </ns3:TrackPointExtension>
        </extensions>
      </trkpt>
      <trkpt lat="59.9888245202600955963134765625" lon="30.36952145397663116455078125">
        <ele>6.19999980926513671875</ele>
        <time>2025-09-18T06:52:40.000Z</time>
        <extensions>
          <ns3:TrackPointExtension>
            <ns3:atemp>21.0</ns3:atemp>
            <ns3:hr>111</ns3:hr>
          </ns3:TrackPointExtension>
        </extensions>
      </trkpt>
      <trkpt lat="59.988789819180965423583984375" lon="30.369443334639072418212890625">
        <ele>6.19999980926513671875</ele>
        <time>2025-09-18T06:52:41.000Z</time>
        <extensions>
          <ns3:TrackPointExtension>
            <ns3:atemp>22.0</ns3:atemp>
            <ns3:hr>111</ns3:hr>
          </ns3:TrackPointExtension>
        </extensions>
      </trkpt>
      <trkpt lat="59.98873374424874782562255859375" lon="30.36927745677530765533447265625">
        <ele>6</ele>
        <time>2025-09-18T06:52:43.000Z</time>
        <extensions>
          <ns3:TrackPointExtension>
            <ns3:atemp>22.0</ns3:atemp>
            <ns3:hr>112</ns3:hr>
          </ns3:TrackPointExtension>
        </extensions>
      </trkpt>
      <trkpt lat="59.988687895238399505615234375" lon="30.3691052086651325225830078125">
        <ele>5.80000019073486328125</ele>
        <time>2025-09-18T06:52:45.000Z</time>
        <extensions>
          <ns3:TrackPointExtension>
            <ns3:atemp>22.0</ns3:atemp>
            <ns3:hr>113</ns3:hr>
          </ns3:TrackPointExtension>
        </extensions>
      </trkpt>
      <trkpt lat="59.98863031156361103057861328125" lon="30.36891971714794635772705078125">
        <ele>5.599999904632568359375</ele>
        <time>2025-09-18T06:52:47.000Z</time>
        <extensions>
          <ns3:TrackPointExtension>
            <ns3:atemp>22.0</ns3:atemp>
            <ns3:hr>115</ns3:hr>
          </ns3:TrackPointExtension>
        </extensions>
      </trkpt>
      <trkpt lat="59.98853039927780628204345703125" lon="30.36865602247416973114013671875">
        <ele>5</ele>
        <time>2025-09-18T06:52:50.000Z</time>
        <extensions>
          <ns3:TrackPointExtension>
            <ns3:atemp>22.0</ns3:atemp>
            <ns3:hr>113</ns3:hr>
          </ns3:TrackPointExtension>
        </extensions>
      </trkpt>
      <trkpt lat="59.98850324191153049468994140625" lon="30.368579328060150146484375">
        <ele>4.80000019073486328125</ele>
        <time>2025-09-18T06:52:51.000Z</time>
        <extensions>
          <ns3:TrackPointExtension>
            <ns3:atemp>22.0</ns3:atemp>
            <ns3:hr>111</ns3:hr>
          </ns3:TrackPointExtension>
        </extensions>
      </trkpt>
      <trkpt lat="59.98834733851253986358642578125" lon="30.36811958067119121551513671875">
        <ele>4.400000095367431640625</ele>
        <time>2025-09-18T06:52:57.000Z</time>
        <extensions>
          <ns3:TrackPointExtension>
            <ns3:atemp>22.0</ns3:atemp>
            <ns3:hr>111</ns3:hr>
          </ns3:TrackPointExtension>
        </extensions>
      </trkpt>
      <trkpt lat="59.98826636932790279388427734375" lon="30.3678945265710353851318359375">
        <ele>3.7999999523162841796875</ele>
        <time>2025-09-18T06:53:00.000Z</time>
        <extensions>
          <ns3:TrackPointExtension>
            <ns3:atemp>22.0</ns3:atemp>
            <ns3:hr>113</ns3:hr>
          </ns3:TrackPointExtension>
        </extensions>
      </trkpt>
      <trkpt lat="59.98823602683842182159423828125" lon="30.36780928261578083038330078125">
        <ele>3.599999904632568359375</ele>
        <time>2025-09-18T06:53:01.000Z</time>
        <extensions>
          <ns3:TrackPointExtension>
            <ns3:atemp>22.0</ns3:atemp>
            <ns3:hr>109</ns3:hr>
          </ns3:TrackPointExtension>
        </extensions>
      </trkpt>
      <trkpt lat="59.988164193928241729736328125" lon="30.367646254599094390869140625">
        <ele>3.400000095367431640625</ele>
        <time>2025-09-18T06:53:03.000Z</time>
        <extensions>
          <ns3:TrackPointExtension>
            <ns3:atemp>22.0</ns3:atemp>
            <ns3:hr>112</ns3:hr>
          </ns3:TrackPointExtension>
        </extensions>
      </trkpt>
      <trkpt lat="59.98808900825679302215576171875" lon="30.3674935363233089447021484375">
        <ele>3</ele>
        <time>2025-09-18T06:53:05.000Z</time>
        <extensions>
          <ns3:TrackPointExtension>
            <ns3:atemp>22.0</ns3:atemp>
            <ns3:hr>111</ns3:hr>
          </ns3:TrackPointExtension>
        </extensions>
      </trkpt>
      <trkpt lat="59.98799865134060382843017578125" lon="30.36722145974636077880859375">
        <ele>2.7999999523162841796875</ele>
        <time>2025-09-18T06:53:08.000Z</time>
        <extensions>
          <ns3:TrackPointExtension>
            <ns3:atemp>22.0</ns3:atemp>
            <ns3:hr>110</ns3:hr>
          </ns3:TrackPointExtension>
        </extensions>
      </trkpt>
      <trkpt lat="59.9879293330013751983642578125" lon="30.36706144921481609344482421875">
        <ele>2.599999904632568359375</ele>
        <time>2025-09-18T06:53:10.000Z</time>
        <extensions>
          <ns3:TrackPointExtension>
            <ns3:atemp>22.0</ns3:atemp>
            <ns3:hr>109</ns3:hr>
          </ns3:TrackPointExtension>
        </extensions>
      </trkpt>
      <trkpt lat="59.9878897704184055328369140625" lon="30.3669872693717479705810546875">
        <ele>2.400000095367431640625</ele>
        <time>2025-09-18T06:53:11.000Z</time>
        <extensions>
          <ns3:TrackPointExtension>
            <ns3:atemp>22.0</ns3:atemp>
            <ns3:hr>112</ns3:hr>
          </ns3:TrackPointExtension>
        </extensions>
      </trkpt>
      <trkpt lat="59.987856410443782806396484375" lon="30.36691510118544101715087890625">
        <ele>2.2000000476837158203125</ele>
        <time>2025-09-18T06:53:12.000Z</time>
        <extensions>
          <ns3:TrackPointExtension>
            <ns3:atemp>22.0</ns3:atemp>
            <ns3:hr>111</ns3:hr>
          </ns3:TrackPointExtension>
        </extensions>
      </trkpt>
      <trkpt lat="59.98761828057467937469482421875" lon="30.3663881309330463409423828125">
        <ele>1.7999999523162841796875</ele>
        <time>2025-09-18T06:53:19.000Z</time>
        <extensions>
          <ns3:TrackPointExtension>
            <ns3:atemp>22.0</ns3:atemp>
            <ns3:hr>111</ns3:hr>
          </ns3:TrackPointExtension>
        </extensions>
      </trkpt>
      <trkpt lat="59.9875846691429615020751953125" lon="30.366314537823200225830078125">
        <ele>1.7999999523162841796875</ele>
        <time>2025-09-18T06:53:20.000Z</time>
        <extensions>
          <ns3:TrackPointExtension>
            <ns3:atemp>22.0</ns3:atemp>
            <ns3:hr>112</ns3:hr>
          </ns3:TrackPointExtension>
        </extensions>
      </trkpt>
      <trkpt lat="59.98736917041242122650146484375" lon="30.36590793170034885406494140625">
        <ele>1.2000000476837158203125</ele>
        <time>2025-09-18T06:53:26.000Z</time>
        <extensions>
          <ns3:TrackPointExtension>
            <ns3:atemp>22.0</ns3:atemp>
            <ns3:hr>113</ns3:hr>
          </ns3:TrackPointExtension>
        </extensions>
      </trkpt>
      <trkpt lat="59.98732927255332469940185546875" lon="30.365855209529399871826171875">
        <ele>1.2000000476837158203125</ele>
        <time>2025-09-18T06:53:27.000Z</time>
        <extensions>
          <ns3:TrackPointExtension>
            <ns3:atemp>22.0</ns3:atemp>
            <ns3:hr>110</ns3:hr>
          </ns3:TrackPointExtension>
        </extensions>
      </trkpt>
      <trkpt lat="59.987161718308925628662109375" lon="30.36562344990670680999755859375">
        <ele>0.800000011920928955078125</ele>
        <time>2025-09-18T06:53:31.000Z</time>
        <extensions>
          <ns3:TrackPointExtension>
            <ns3:atemp>22.0</ns3:atemp>
            <ns3:hr>107</ns3:hr>
          </ns3:TrackPointExtension>
        </extensions>
      </trkpt>
      <trkpt lat="59.9871263466775417327880859375" lon="30.36556720733642578125">
        <ele>0.800000011920928955078125</ele>
        <time>2025-09-18T06:53:32.000Z</time>
        <extensions>
          <ns3:TrackPointExtension>
            <ns3:atemp>22.0</ns3:atemp>
            <ns3:hr>107</ns3:hr>
          </ns3:TrackPointExtension>
        </extensions>
      </trkpt>
      <trkpt lat="59.987055100500583648681640625" lon="30.36545522511005401611328125">
        <ele>0.60000002384185791015625</ele>
        <time>2025-09-18T06:53:34.000Z</time>
        <extensions>
          <ns3:TrackPointExtension>
            <ns3:atemp>22.0</ns3:atemp>
            <ns3:hr>107</ns3:hr>
          </ns3:TrackPointExtension>
        </extensions>
      </trkpt>
      <trkpt lat="59.9869328923523426055908203125" lon="30.3653739206492900848388671875">
        <ele>0.60000002384185791015625</ele>
        <time>2025-09-18T06:53:37.000Z</time>
        <extensions>
          <ns3:TrackPointExtension>
            <ns3:atemp>22.0</ns3:atemp>
            <ns3:hr>106</ns3:hr>
          </ns3:TrackPointExtension>
        </extensions>
      </trkpt>
      <trkpt lat="59.9868440441787242889404296875" lon="30.36531575024127960205078125">
        <ele>0.20000000298023223876953125</ele>
        <time>2025-09-18T06:53:39.000Z</time>
        <extensions>
          <ns3:TrackPointExtension>
            <ns3:atemp>22.0</ns3:atemp>
            <ns3:hr>105</ns3:hr>
          </ns3:TrackPointExtension>
        </extensions>
      </trkpt>
      <trkpt lat="59.98677053488790988922119140625" lon="30.36522849462926387786865234375">
        <ele>0</ele>
        <time>2025-09-18T06:53:41.000Z</time>
        <extensions>
          <ns3:TrackPointExtension>
            <ns3:atemp>22.0</ns3:atemp>
            <ns3:hr>101</ns3:hr>
          </ns3:TrackPointExtension>
        </extensions>
      </trkpt>
      <trkpt lat="59.986688978970050811767578125" lon="30.36517434753477573394775390625">
        <ele>-0.20000000298023223876953125</ele>
        <time>2025-09-18T06:53:43.000Z</time>
        <extensions>
          <ns3:TrackPointExtension>
            <ns3:atemp>22.0</ns3:atemp>
            <ns3:hr>101</ns3:hr>
          </ns3:TrackPointExtension>
        </extensions>
      </trkpt>
      <trkpt lat="59.9865526892244815826416015625" lon="30.365092121064662933349609375">
        <ele>-0.4000000059604644775390625</ele>
        <time>2025-09-18T06:53:46.000Z</time>
        <extensions>
          <ns3:TrackPointExtension>
            <ns3:atemp>22.0</ns3:atemp>
            <ns3:hr>101</ns3:hr>
          </ns3:TrackPointExtension>
        </extensions>
      </trkpt>
      <trkpt lat="59.98646677471697330474853515625" lon="30.3650379739701747894287109375">
        <ele>-0.60000002384185791015625</ele>
        <time>2025-09-18T06:53:48.000Z</time>
        <extensions>
          <ns3:TrackPointExtension>
            <ns3:atemp>22.0</ns3:atemp>
            <ns3:hr>104</ns3:hr>
          </ns3:TrackPointExtension>
        </extensions>
      </trkpt>
      <trkpt lat="59.9863840453326702117919921875" lon="30.36497754044830799102783203125">
        <ele>-0.800000011920928955078125</ele>
        <time>2025-09-18T06:53:50.000Z</time>
        <extensions>
          <ns3:TrackPointExtension>
            <ns3:atemp>22.0</ns3:atemp>
            <ns3:hr>105</ns3:hr>
          </ns3:TrackPointExtension>
        </extensions>
      </trkpt>
      <trkpt lat="59.986251778900623321533203125" lon="30.3648948110640048980712890625">
        <ele>-1.2000000476837158203125</ele>
        <time>2025-09-18T06:53:53.000Z</time>
        <extensions>
          <ns3:TrackPointExtension>
            <ns3:atemp>22.0</ns3:atemp>
            <ns3:hr>108</ns3:hr>
          </ns3:TrackPointExtension>
        </extensions>
      </trkpt>
      <trkpt lat="59.9861074425280094146728515625" lon="30.364809818565845489501953125">
        <ele>-1.39999997615814208984375</ele>
        <time>2025-09-18T06:53:56.000Z</time>
        <extensions>
          <ns3:TrackPointExtension>
            <ns3:atemp>22.0</ns3:atemp>
            <ns3:hr>109</ns3:hr>
          </ns3:TrackPointExtension>
        </extensions>
      </trkpt>
      <trkpt lat="59.98602001927793025970458984375" lon="30.3647291846573352813720703125">
        <ele>-1.39999997615814208984375</ele>
        <time>2025-09-18T06:53:58.000Z</time>
        <extensions>
          <ns3:TrackPointExtension>
            <ns3:atemp>22.0</ns3:atemp>
            <ns3:hr>105</ns3:hr>
          </ns3:TrackPointExtension>
        </extensions>
      </trkpt>
      <trkpt lat="59.98584936372935771942138671875" lon="30.364606641232967376708984375">
        <ele>-2</ele>
        <time>2025-09-18T06:54:02.000Z</time>
        <extensions>
          <ns3:TrackPointExtension>
            <ns3:atemp>22.0</ns3:atemp>
            <ns3:hr>106</ns3:hr>
          </ns3:TrackPointExtension>
        </extensions>
      </trkpt>
      <trkpt lat="59.98580074869096279144287109375" lon="30.3644876182079315185546875">
        <ele>-2</ele>
        <time>2025-09-18T06:54:04.000Z</time>
        <extensions>
          <ns3:TrackPointExtension>
            <ns3:atemp>22.0</ns3:atemp>
            <ns3:hr>108</ns3:hr>
          </ns3:TrackPointExtension>
        </extensions>
      </trkpt>
      <trkpt lat="59.98576571233570575714111328125" lon="30.36406056024134159088134765625">
        <ele>-2</ele>
        <time>2025-09-18T06:54:09.000Z</time>
        <extensions>
          <ns3:TrackPointExtension>
            <ns3:atemp>22.0</ns3:atemp>
            <ns3:hr>108</ns3:hr>
          </ns3:TrackPointExtension>
        </extensions>
      </trkpt>
      <trkpt lat="59.9858120642602443695068359375" lon="30.36386341787874698638916015625">
        <ele>-2.400000095367431640625</ele>
        <time>2025-09-18T06:54:11.000Z</time>
        <extensions>
          <ns3:TrackPointExtension>
            <ns3:atemp>22.0</ns3:atemp>
            <ns3:hr>107</ns3:hr>
          </ns3:TrackPointExtension>
        </extensions>
      </trkpt>
      <trkpt lat="59.98587501235306262969970703125" lon="30.3636921755969524383544921875">
        <ele>-2.599999904632568359375</ele>
        <time>2025-09-18T06:54:13.000Z</time>
        <extensions>
          <ns3:TrackPointExtension>
            <ns3:atemp>22.0</ns3:atemp>
            <ns3:hr>107</ns3:hr>
          </ns3:TrackPointExtension>
        </extensions>
      </trkpt>
      <trkpt lat="59.9860316701233386993408203125" lon="30.36331616342067718505859375">
        <ele>-3</ele>
        <time>2025-09-18T06:54:18.000Z</time>
        <extensions>
          <ns3:TrackPointExtension>
            <ns3:atemp>22.0</ns3:atemp>
            <ns3:hr>104</ns3:hr>
          </ns3:TrackPointExtension>
        </extensions>
      </trkpt>
      <trkpt lat="59.986086823046207427978515625" lon="30.3631580807268619537353515625">
        <ele>-3</ele>
        <time>2025-09-18T06:54:20.000Z</time>
        <extensions>
          <ns3:TrackPointExtension>
            <ns3:atemp>22.0</ns3:atemp>
            <ns3:hr>104</ns3:hr>
          </ns3:TrackPointExtension>
        </extensions>
      </trkpt>
      <trkpt lat="59.9861714802682399749755859375" lon="30.3628134168684482574462890625">
        <ele>-3.2000000476837158203125</ele>
        <time>2025-09-18T06:54:24.000Z</time>
        <extensions>
          <ns3:TrackPointExtension>
            <ns3:atemp>22.0</ns3:atemp>
            <ns3:hr>107</ns3:hr>
          </ns3:TrackPointExtension>
        </extensions>
      </trkpt>
      <trkpt lat="59.98623023740947246551513671875" lon="30.36266480572521686553955078125">
        <ele>-3.2000000476837158203125</ele>
        <time>2025-09-18T06:54:26.000Z</time>
        <extensions>
          <ns3:TrackPointExtension>
            <ns3:atemp>22.0</ns3:atemp>
            <ns3:hr>106</ns3:hr>
          </ns3:TrackPointExtension>
        </extensions>
      </trkpt>
      <trkpt lat="59.9862442351877689361572265625" lon="30.36257260479032993316650390625">
        <ele>-3.400000095367431640625</ele>
        <time>2025-09-18T06:54:27.000Z</time>
        <extensions>
          <ns3:TrackPointExtension>
            <ns3:atemp>22.0</ns3:atemp>
            <ns3:hr>106</ns3:hr>
          </ns3:TrackPointExtension>
        </extensions>
      </trkpt>
      <trkpt lat="59.98626820743083953857421875" lon="30.362498760223388671875">
        <ele>-3.7999999523162841796875</ele>
        <time>2025-09-18T06:54:28.000Z</time>
        <extensions>
          <ns3:TrackPointExtension>
            <ns3:atemp>22.0</ns3:atemp>
            <ns3:hr>105</ns3:hr>
          </ns3:TrackPointExtension>
        </extensions>
      </trkpt>
      <trkpt lat="59.9862915091216564178466796875" lon="30.362438075244426727294921875">
        <ele>-3.7999999523162841796875</ele>
        <time>2025-09-18T06:54:29.000Z</time>
        <extensions>
          <ns3:TrackPointExtension>
            <ns3:atemp>22.0</ns3:atemp>
            <ns3:hr>108</ns3:hr>
          </ns3:TrackPointExtension>
        </extensions>
      </trkpt>
      <trkpt lat="59.98635470867156982421875" lon="30.36233246326446533203125">
        <ele>-4</ele>
        <time>2025-09-18T06:54:31.000Z</time>
        <extensions>
          <ns3:TrackPointExtension>
            <ns3:atemp>22.0</ns3:atemp>
            <ns3:hr>109</ns3:hr>
          </ns3:TrackPointExtension>
        </extensions>
      </trkpt>
      <trkpt lat="59.986479766666889190673828125" lon="30.36193750798702239990234375">
        <ele>-3.400000095367431640625</ele>
        <time>2025-09-18T06:54:37.000Z</time>
        <extensions>
          <ns3:TrackPointExtension>
            <ns3:atemp>22.0</ns3:atemp>
            <ns3:hr>105</ns3:hr>
          </ns3:TrackPointExtension>
        </extensions>
      </trkpt>
      <trkpt lat="59.98649158515036106109619140625" lon="30.3617678582668304443359375">
        <ele>-3.400000095367431640625</ele>
        <time>2025-09-18T06:54:39.000Z</time>
        <extensions>
          <ns3:TrackPointExtension>
            <ns3:atemp>22.0</ns3:atemp>
            <ns3:hr>108</ns3:hr>
          </ns3:TrackPointExtension>
        </extensions>
      </trkpt>
      <trkpt lat="59.9865245260298252105712890625" lon="30.3616285510361194610595703125">
        <ele>-3.599999904632568359375</ele>
        <time>2025-09-18T06:54:41.000Z</time>
        <extensions>
          <ns3:TrackPointExtension>
            <ns3:atemp>22.0</ns3:atemp>
            <ns3:hr>105</ns3:hr>
          </ns3:TrackPointExtension>
        </extensions>
      </trkpt>
      <trkpt lat="59.9865597300231456756591796875" lon="30.3615239448845386505126953125">
        <ele>-3.7999999523162841796875</ele>
        <time>2025-09-18T06:54:43.000Z</time>
        <extensions>
          <ns3:TrackPointExtension>
            <ns3:atemp>22.0</ns3:atemp>
            <ns3:hr>105</ns3:hr>
          </ns3:TrackPointExtension>
        </extensions>
      </trkpt>
      <trkpt lat="59.98652913607656955718994140625" lon="30.36104827187955379486083984375">
        <ele>-4</ele>
        <time>2025-09-18T06:54:48.000Z</time>
        <extensions>
          <ns3:TrackPointExtension>
            <ns3:atemp>22.0</ns3:atemp>
            <ns3:hr>103</ns3:hr>
          </ns3:TrackPointExtension>
        </extensions>
      </trkpt>
      <trkpt lat="59.986534751951694488525390625" lon="30.360886417329311370849609375">
        <ele>-4</ele>
        <time>2025-09-18T06:54:50.000Z</time>
        <extensions>
          <ns3:TrackPointExtension>
            <ns3:atemp>22.0</ns3:atemp>
            <ns3:hr>100</ns3:hr>
          </ns3:TrackPointExtension>
        </extensions>
      </trkpt>
      <trkpt lat="59.9865717999637126922607421875" lon="30.3606840781867504119873046875">
        <ele>-4</ele>
        <time>2025-09-18T06:54:53.000Z</time>
        <extensions>
          <ns3:TrackPointExtension>
            <ns3:atemp>22.0</ns3:atemp>
            <ns3:hr>99</ns3:hr>
          </ns3:TrackPointExtension>
        </extensions>
      </trkpt>
      <trkpt lat="59.98661865480244159698486328125" lon="30.360297001898288726806640625">
        <ele>-4</ele>
        <time>2025-09-18T06:54:58.000Z</time>
        <extensions>
          <ns3:TrackPointExtension>
            <ns3:atemp>22.0</ns3:atemp>
            <ns3:hr>98</ns3:hr>
          </ns3:TrackPointExtension>
        </extensions>
      </trkpt>
      <trkpt lat="59.98662502504885196685791015625" lon="30.36013565026223659515380859375">
        <ele>-4</ele>
        <time>2025-09-18T06:55:00.000Z</time>
        <extensions>
          <ns3:TrackPointExtension>
            <ns3:atemp>22.0</ns3:atemp>
            <ns3:hr>97</ns3:hr>
          </ns3:TrackPointExtension>
        </extensions>
      </trkpt>
      <trkpt lat="59.9866385199129581451416015625" lon="30.35990305244922637939453125">
        <ele>-4</ele>
        <time>2025-09-18T06:55:03.000Z</time>
        <extensions>
          <ns3:TrackPointExtension>
            <ns3:atemp>22.0</ns3:atemp>
            <ns3:hr>94</ns3:hr>
          </ns3:TrackPointExtension>
        </extensions>
      </trkpt>
      <trkpt lat="59.98669979162514209747314453125" lon="30.359700210392475128173828125">
        <ele>-3.7999999523162841796875</ele>
        <time>2025-09-18T06:55:07.000Z</time>
        <extensions>
          <ns3:TrackPointExtension>
            <ns3:atemp>22.0</ns3:atemp>
            <ns3:hr>94</ns3:hr>
          </ns3:TrackPointExtension>
        </extensions>
      </trkpt>
      <trkpt lat="59.98677958734333515167236328125" lon="30.35926996730268001556396484375">
        <ele>-4.400000095367431640625</ele>
        <time>2025-09-18T06:55:13.000Z</time>
        <extensions>
          <ns3:TrackPointExtension>
            <ns3:atemp>22.0</ns3:atemp>
            <ns3:hr>91</ns3:hr>
          </ns3:TrackPointExtension>
        </extensions>
      </trkpt>
      <trkpt lat="59.98679216019809246063232421875" lon="30.3591900877654552459716796875">
        <ele>-4.400000095367431640625</ele>
        <time>2025-09-18T06:55:14.000Z</time>
        <extensions>
          <ns3:TrackPointExtension>
            <ns3:atemp>22.0</ns3:atemp>
            <ns3:hr>92</ns3:hr>
          </ns3:TrackPointExtension>
        </extensions>
      </trkpt>
      <trkpt lat="59.98680205084383487701416015625" lon="30.3591124713420867919921875">
        <ele>-4.599999904632568359375</ele>
        <time>2025-09-18T06:55:15.000Z</time>
        <extensions>
          <ns3:TrackPointExtension>
            <ns3:atemp>22.0</ns3:atemp>
            <ns3:hr>89</ns3:hr>
          </ns3:TrackPointExtension>
        </extensions>
      </trkpt>
      <trkpt lat="59.98683826066553592681884765625" lon="30.35889646969735622406005859375">
        <ele>-4.599999904632568359375</ele>
        <time>2025-09-18T06:55:18.000Z</time>
        <extensions>
          <ns3:TrackPointExtension>
            <ns3:atemp>22.0</ns3:atemp>
            <ns3:hr>92</ns3:hr>
          </ns3:TrackPointExtension>
        </extensions>
      </trkpt>
      <trkpt lat="59.9868591316044330596923828125" lon="30.3587555699050426483154296875">
        <ele>-4.400000095367431640625</ele>
        <time>2025-09-18T06:55:20.000Z</time>
        <extensions>
          <ns3:TrackPointExtension>
            <ns3:atemp>22.0</ns3:atemp>
            <ns3:hr>96</ns3:hr>
          </ns3:TrackPointExtension>
        </extensions>
      </trkpt>
      <trkpt lat="59.98684890568256378173828125" lon="30.35858533345162868499755859375">
        <ele>-4.400000095367431640625</ele>
        <time>2025-09-18T06:55:22.000Z</time>
        <extensions>
          <ns3:TrackPointExtension>
            <ns3:atemp>22.0</ns3:atemp>
            <ns3:hr>99</ns3:hr>
          </ns3:TrackPointExtension>
        </extensions>
      </trkpt>
      <trkpt lat="59.9868252687156200408935546875" lon="30.35828123800456523895263671875">
        <ele>-4.400000095367431640625</ele>
        <time>2025-09-18T06:55:26.000Z</time>
        <extensions>
          <ns3:TrackPointExtension>
            <ns3:atemp>22.0</ns3:atemp>
            <ns3:hr>102</ns3:hr>
          </ns3:TrackPointExtension>
        </extensions>
      </trkpt>
      <trkpt lat="59.9868222512304782867431640625" lon="30.358109660446643829345703125">
        <ele>-4.19999980926513671875</ele>
        <time>2025-09-18T06:55:28.000Z</time>
        <extensions>
          <ns3:TrackPointExtension>
            <ns3:atemp>22.0</ns3:atemp>
            <ns3:hr>105</ns3:hr>
          </ns3:TrackPointExtension>
        </extensions>
      </trkpt>
      <trkpt lat="59.98682283796370029449462890625" lon="30.3577150404453277587890625">
        <ele>-4.19999980926513671875</ele>
        <time>2025-09-18T06:55:32.000Z</time>
        <extensions>
          <ns3:TrackPointExtension>
            <ns3:atemp>22.0</ns3:atemp>
            <ns3:hr>103</ns3:hr>
          </ns3:TrackPointExtension>
        </extensions>
      </trkpt>
      <trkpt lat="59.986863993108272552490234375" lon="30.35753876902163028717041015625">
        <ele>-4.400000095367431640625</ele>
        <time>2025-09-18T06:55:34.000Z</time>
        <extensions>
          <ns3:TrackPointExtension>
            <ns3:atemp>22.0</ns3:atemp>
            <ns3:hr>102</ns3:hr>
          </ns3:TrackPointExtension>
        </extensions>
      </trkpt>
      <trkpt lat="59.986926019191741943359375" lon="30.3573158942162990570068359375">
        <ele>-4.80000019073486328125</ele>
        <time>2025-09-18T06:55:37.000Z</time>
        <extensions>
          <ns3:TrackPointExtension>
            <ns3:atemp>22.0</ns3:atemp>
            <ns3:hr>100</ns3:hr>
          </ns3:TrackPointExtension>
        </extensions>
      </trkpt>
      <trkpt lat="59.9869637377560138702392578125" lon="30.357117243111133575439453125">
        <ele>-4.80000019073486328125</ele>
        <time>2025-09-18T06:55:40.000Z</time>
        <extensions>
          <ns3:TrackPointExtension>
            <ns3:atemp>22.0</ns3:atemp>
            <ns3:hr>101</ns3:hr>
          </ns3:TrackPointExtension>
        </extensions>
      </trkpt>
      <trkpt lat="59.98696164228022098541259765625" lon="30.3570091165602207183837890625">
        <ele>-4.80000019073486328125</ele>
        <time>2025-09-18T06:55:42.000Z</time>
        <extensions>
          <ns3:TrackPointExtension>
            <ns3:atemp>22.0</ns3:atemp>
            <ns3:hr>97</ns3:hr>
          </ns3:TrackPointExtension>
        </extensions>
      </trkpt>
      <trkpt lat="59.9869654141366481781005859375" lon="30.356971062719821929931640625">
        <ele>-4.80000019073486328125</ele>
        <time>2025-09-18T06:55:43.000Z</time>
        <extensions>
          <ns3:TrackPointExtension>
            <ns3:atemp>22.0</ns3:atemp>
            <ns3:hr>100</ns3:hr>
          </ns3:TrackPointExtension>
        </extensions>
      </trkpt>
      <trkpt lat="59.98697404749691486358642578125" lon="30.35695237107574939727783203125">
        <ele>-5</ele>
        <time>2025-09-18T06:55:44.000Z</time>
        <extensions>
          <ns3:TrackPointExtension>
            <ns3:atemp>22.0</ns3:atemp>
            <ns3:hr>98</ns3:hr>
          </ns3:TrackPointExtension>
        </extensions>
      </trkpt>
      <trkpt lat="59.986988715827465057373046875" lon="30.35693694837391376495361328125">
        <ele>-5.19999980926513671875</ele>
        <time>2025-09-18T06:55:48.000Z</time>
        <extensions>
          <ns3:TrackPointExtension>
            <ns3:atemp>22.0</ns3:atemp>
            <ns3:hr>95</ns3:hr>
          </ns3:TrackPointExtension>
        </extensions>
      </trkpt>
      <trkpt lat="59.98698695562779903411865234375" lon="30.35693108104169368743896484375">
        <ele>-5.19999980926513671875</ele>
        <time>2025-09-18T06:55:49.000Z</time>
        <extensions>
          <ns3:TrackPointExtension>
            <ns3:atemp>22.0</ns3:atemp>
            <ns3:hr>94</ns3:hr>
          </ns3:TrackPointExtension>
        </extensions>
      </trkpt>
      <trkpt lat="59.98699064366519451141357421875" lon="30.35694952122867107391357421875">
        <ele>-5.19999980926513671875</ele>
        <time>2025-09-18T06:55:52.000Z</time>
        <extensions>
          <ns3:TrackPointExtension>
            <ns3:atemp>22.0</ns3:atemp>
            <ns3:hr>97</ns3:hr>
          </ns3:TrackPointExtension>
        </extensions>
      </trkpt>
      <trkpt lat="59.9869623966515064239501953125" lon="30.3569004870951175689697265625">
        <ele>-5.19999980926513671875</ele>
        <time>2025-09-18T06:55:56.000Z</time>
        <extensions>
          <ns3:TrackPointExtension>
            <ns3:atemp>22.0</ns3:atemp>
            <ns3:hr>94</ns3:hr>
          </ns3:TrackPointExtension>
        </extensions>
      </trkpt>
      <trkpt lat="59.98695175163447856903076171875" lon="30.35689084790647029876708984375">
        <ele>-5.19999980926513671875</ele>
        <time>2025-09-18T06:55:58.000Z</time>
        <extensions>
          <ns3:TrackPointExtension>
            <ns3:atemp>22.0</ns3:atemp>
            <ns3:hr>91</ns3:hr>
          </ns3:TrackPointExtension>
        </extensions>
      </trkpt>
      <trkpt lat="59.9869526736438274383544921875" lon="30.3568978048861026763916015625">
        <ele>-5.19999980926513671875</ele>
        <time>2025-09-18T06:56:00.000Z</time>
        <extensions>
          <ns3:TrackPointExtension>
            <ns3:atemp>22.0</ns3:atemp>
            <ns3:hr>93</ns3:hr>
          </ns3:TrackPointExtension>
        </extensions>
      </trkpt>
      <trkpt lat="59.986943118274211883544921875" lon="30.35689051263034343719482421875">
        <ele>-5.400000095367431640625</ele>
        <time>2025-09-18T06:56:02.000Z</time>
        <extensions>
          <ns3:TrackPointExtension>
            <ns3:atemp>22.0</ns3:atemp>
            <ns3:hr>91</ns3:hr>
          </ns3:TrackPointExtension>
        </extensions>
      </trkpt>
      <trkpt lat="59.9869033880531787872314453125" lon="30.3567965514957904815673828125">
        <ele>-5.400000095367431640625</ele>
        <time>2025-09-18T06:56:04.000Z</time>
        <extensions>
          <ns3:TrackPointExtension>
            <ns3:atemp>22.0</ns3:atemp>
            <ns3:hr>89</ns3:hr>
          </ns3:TrackPointExtension>
        </extensions>
      </trkpt>
      <trkpt lat="59.98682132922112941741943359375" lon="30.35659848712384700775146484375">
        <ele>-5.19999980926513671875</ele>
        <time>2025-09-18T06:56:08.000Z</time>
        <extensions>
          <ns3:TrackPointExtension>
            <ns3:atemp>22.0</ns3:atemp>
            <ns3:hr>95</ns3:hr>
          </ns3:TrackPointExtension>
        </extensions>
      </trkpt>
      <trkpt lat="59.9867756478488445281982421875" lon="30.35648147575557231903076171875">
        <ele>-5.19999980926513671875</ele>
        <time>2025-09-18T06:56:10.000Z</time>
        <extensions>
          <ns3:TrackPointExtension>
            <ns3:atemp>22.0</ns3:atemp>
            <ns3:hr>99</ns3:hr>
          </ns3:TrackPointExtension>
        </extensions>
      </trkpt>
      <trkpt lat="59.9867334030568599700927734375" lon="30.35625415854156017303466796875">
        <ele>-5.400000095367431640625</ele>
        <time>2025-09-18T06:56:13.000Z</time>
        <extensions>
          <ns3:TrackPointExtension>
            <ns3:atemp>22.0</ns3:atemp>
            <ns3:hr>102</ns3:hr>
          </ns3:TrackPointExtension>
        </extensions>
      </trkpt>
      <trkpt lat="59.98673097230494022369384765625" lon="30.35619531758129596710205078125">
        <ele>-5.400000095367431640625</ele>
        <time>2025-09-18T06:56:14.000Z</time>
        <extensions>
          <ns3:TrackPointExtension>
            <ns3:atemp>22.0</ns3:atemp>
            <ns3:hr>105</ns3:hr>
          </ns3:TrackPointExtension>
        </extensions>
      </trkpt>
      <trkpt lat="59.98672912828624248504638671875" lon="30.356153659522533416748046875">
        <ele>-5.400000095367431640625</ele>
        <time>2025-09-18T06:56:15.000Z</time>
        <extensions>
          <ns3:TrackPointExtension>
            <ns3:atemp>22.0</ns3:atemp>
            <ns3:hr>105</ns3:hr>
          </ns3:TrackPointExtension>
        </extensions>
      </trkpt>
      <trkpt lat="59.98672426678240299224853515625" lon="30.35609238781034946441650390625">
        <ele>-6</ele>
        <time>2025-09-18T06:56:17.000Z</time>
        <extensions>
          <ns3:TrackPointExtension>
            <ns3:atemp>22.0</ns3:atemp>
            <ns3:hr>108</ns3:hr>
          </ns3:TrackPointExtension>
        </extensions>
      </trkpt>
      <trkpt lat="59.9867179803550243377685546875" lon="30.35588736645877361297607421875">
        <ele>-6.599999904632568359375</ele>
        <time>2025-09-18T06:56:20.000Z</time>
        <extensions>
          <ns3:TrackPointExtension>
            <ns3:atemp>22.0</ns3:atemp>
            <ns3:hr>109</ns3:hr>
          </ns3:TrackPointExtension>
        </extensions>
      </trkpt>
      <trkpt lat="59.9866965226829051971435546875" lon="30.35574562847614288330078125">
        <ele>-6.80000019073486328125</ele>
        <time>2025-09-18T06:56:22.000Z</time>
        <extensions>
          <ns3:TrackPointExtension>
            <ns3:atemp>22.0</ns3:atemp>
            <ns3:hr>106</ns3:hr>
          </ns3:TrackPointExtension>
        </extensions>
      </trkpt>
      <trkpt lat="59.98660641722381114959716796875" lon="30.35538579337298870086669921875">
        <ele>-6.599999904632568359375</ele>
        <time>2025-09-18T06:56:27.000Z</time>
        <extensions>
          <ns3:TrackPointExtension>
            <ns3:atemp>21.0</ns3:atemp>
            <ns3:hr>105</ns3:hr>
          </ns3:TrackPointExtension>
        </extensions>
      </trkpt>
      <trkpt lat="59.9865640886127948760986328125" lon="30.355228967964649200439453125">
        <ele>-6.19999980926513671875</ele>
        <time>2025-09-18T06:56:29.000Z</time>
        <extensions>
          <ns3:TrackPointExtension>
            <ns3:atemp>21.0</ns3:atemp>
            <ns3:hr>107</ns3:hr>
          </ns3:TrackPointExtension>
        </extensions>
      </trkpt>
      <trkpt lat="59.98649594374001026153564453125" lon="30.35487114451825618743896484375">
        <ele>-6.400000095367431640625</ele>
        <time>2025-09-18T06:56:33.000Z</time>
        <extensions>
          <ns3:TrackPointExtension>
            <ns3:atemp>21.0</ns3:atemp>
            <ns3:hr>108</ns3:hr>
          </ns3:TrackPointExtension>
        </extensions>
      </trkpt>
      <trkpt lat="59.98645168729126453399658203125" lon="30.3545210324227809906005859375">
        <ele>-6.80000019073486328125</ele>
        <time>2025-09-18T06:56:37.000Z</time>
        <extensions>
          <ns3:TrackPointExtension>
            <ns3:atemp>21.0</ns3:atemp>
            <ns3:hr>105</ns3:hr>
          </ns3:TrackPointExtension>
        </extensions>
      </trkpt>
      <trkpt lat="59.98644297011196613311767578125" lon="30.35444098524749279022216796875">
        <ele>-7</ele>
        <time>2025-09-18T06:56:38.000Z</time>
        <extensions>
          <ns3:TrackPointExtension>
            <ns3:atemp>21.0</ns3:atemp>
            <ns3:hr>106</ns3:hr>
          </ns3:TrackPointExtension>
        </extensions>
      </trkpt>
      <trkpt lat="59.98645327985286712646484375" lon="30.35428374074399471282958984375">
        <ele>-7.19999980926513671875</ele>
        <time>2025-09-18T06:56:40.000Z</time>
        <extensions>
          <ns3:TrackPointExtension>
            <ns3:atemp>21.0</ns3:atemp>
            <ns3:hr>105</ns3:hr>
          </ns3:TrackPointExtension>
        </extensions>
      </trkpt>
      <trkpt lat="59.98643307946622371673583984375" lon="30.35391460172832012176513671875">
        <ele>-7</ele>
        <time>2025-09-18T06:56:45.000Z</time>
        <extensions>
          <ns3:TrackPointExtension>
            <ns3:atemp>21.0</ns3:atemp>
            <ns3:hr>103</ns3:hr>
          </ns3:TrackPointExtension>
        </extensions>
      </trkpt>
      <trkpt lat="59.98637356795370578765869140625" lon="30.35351671278476715087890625">
        <ele>-7</ele>
        <time>2025-09-18T06:56:50.000Z</time>
        <extensions>
          <ns3:TrackPointExtension>
            <ns3:atemp>21.0</ns3:atemp>
            <ns3:hr>101</ns3:hr>
          </ns3:TrackPointExtension>
        </extensions>
      </trkpt>
      <trkpt lat="59.9863649345934391021728515625" lon="30.35334547050297260284423828125">
        <ele>-7</ele>
        <time>2025-09-18T06:56:52.000Z</time>
        <extensions>
          <ns3:TrackPointExtension>
            <ns3:atemp>21.0</ns3:atemp>
            <ns3:hr>99</ns3:hr>
          </ns3:TrackPointExtension>
        </extensions>
      </trkpt>
      <trkpt lat="59.98630969785153865814208984375" lon="30.35288865678012371063232421875">
        <ele>-7</ele>
        <time>2025-09-18T06:56:57.000Z</time>
        <extensions>
          <ns3:TrackPointExtension>
            <ns3:atemp>21.0</ns3:atemp>
            <ns3:hr>97</ns3:hr>
          </ns3:TrackPointExtension>
        </extensions>
      </trkpt>
      <trkpt lat="59.98627960681915283203125" lon="30.35263250581920146942138671875">
        <ele>-7.599999904632568359375</ele>
        <time>2025-09-18T06:57:00.000Z</time>
        <extensions>
          <ns3:TrackPointExtension>
            <ns3:atemp>21.0</ns3:atemp>
            <ns3:hr>101</ns3:hr>
          </ns3:TrackPointExtension>
        </extensions>
      </trkpt>
      <trkpt lat="59.9862723983824253082275390625" lon="30.35252085886895656585693359375">
        <ele>-7.80000019073486328125</ele>
        <time>2025-09-18T06:57:02.000Z</time>
        <extensions>
          <ns3:TrackPointExtension>
            <ns3:atemp>21.0</ns3:atemp>
            <ns3:hr>106</ns3:hr>
          </ns3:TrackPointExtension>
        </extensions>
      </trkpt>
      <trkpt lat="59.98626912944018840789794921875" lon="30.35247492603957653045654296875">
        <ele>-8.19999980926513671875</ele>
        <time>2025-09-18T06:57:03.000Z</time>
        <extensions>
          <ns3:TrackPointExtension>
            <ns3:atemp>21.0</ns3:atemp>
            <ns3:hr>107</ns3:hr>
          </ns3:TrackPointExtension>
        </extensions>
      </trkpt>
      <trkpt lat="59.9862677045166492462158203125" lon="30.3524299152195453643798828125">
        <ele>-8.3999996185302734375</ele>
        <time>2025-09-18T06:57:04.000Z</time>
        <extensions>
          <ns3:TrackPointExtension>
            <ns3:atemp>21.0</ns3:atemp>
            <ns3:hr>103</ns3:hr>
          </ns3:TrackPointExtension>
        </extensions>
      </trkpt>
      <trkpt lat="59.98622856102883815765380859375" lon="30.35227325744926929473876953125">
        <ele>-8.6000003814697265625</ele>
        <time>2025-09-18T06:57:07.000Z</time>
        <extensions>
          <ns3:TrackPointExtension>
            <ns3:atemp>21.0</ns3:atemp>
            <ns3:hr>102</ns3:hr>
          </ns3:TrackPointExtension>
        </extensions>
      </trkpt>
      <trkpt lat="59.9861825443804264068603515625" lon="30.35189925692975521087646484375">
        <ele>-9</ele>
        <time>2025-09-18T06:57:12.000Z</time>
        <extensions>
          <ns3:TrackPointExtension>
            <ns3:atemp>21.0</ns3:atemp>
            <ns3:hr>101</ns3:hr>
          </ns3:TrackPointExtension>
        </extensions>
      </trkpt>
      <trkpt lat="59.98618480749428272247314453125" lon="30.35173631273210048675537109375">
        <ele>-9</ele>
        <time>2025-09-18T06:57:14.000Z</time>
        <extensions>
          <ns3:TrackPointExtension>
            <ns3:atemp>21.0</ns3:atemp>
            <ns3:hr>105</ns3:hr>
          </ns3:TrackPointExtension>
        </extensions>
      </trkpt>
      <trkpt lat="59.9861818738281726837158203125" lon="30.35156917758285999298095703125">
        <ele>-9.19999980926513671875</ele>
        <time>2025-09-18T06:57:16.000Z</time>
        <extensions>
          <ns3:TrackPointExtension>
            <ns3:atemp>21.0</ns3:atemp>
            <ns3:hr>106</ns3:hr>
          </ns3:TrackPointExtension>
        </extensions>
      </trkpt>
      <trkpt lat="59.9861624278128147125244140625" lon="30.35139785148203372955322265625">
        <ele>-9.19999980926513671875</ele>
        <time>2025-09-18T06:57:18.000Z</time>
        <extensions>
          <ns3:TrackPointExtension>
            <ns3:atemp>21.0</ns3:atemp>
            <ns3:hr>105</ns3:hr>
          </ns3:TrackPointExtension>
        </extensions>
      </trkpt>
      <trkpt lat="59.98615421354770660400390625" lon="30.35132576711475849151611328125">
        <ele>-9.19999980926513671875</ele>
        <time>2025-09-18T06:57:19.000Z</time>
        <extensions>
          <ns3:TrackPointExtension>
            <ns3:atemp>21.0</ns3:atemp>
            <ns3:hr>104</ns3:hr>
          </ns3:TrackPointExtension>
        </extensions>
      </trkpt>
      <trkpt lat="59.9860715679824352264404296875" lon="30.35115544684231281280517578125">
        <ele>-9.3999996185302734375</ele>
        <time>2025-09-18T06:57:23.000Z</time>
        <extensions>
          <ns3:TrackPointExtension>
            <ns3:atemp>21.0</ns3:atemp>
            <ns3:hr>104</ns3:hr>
          </ns3:TrackPointExtension>
        </extensions>
      </trkpt>
      <trkpt lat="59.98602873645722866058349609375" lon="30.3510636650025844573974609375">
        <ele>-9.6000003814697265625</ele>
        <time>2025-09-18T06:57:25.000Z</time>
        <extensions>
          <ns3:TrackPointExtension>
            <ns3:atemp>21.0</ns3:atemp>
            <ns3:hr>105</ns3:hr>
          </ns3:TrackPointExtension>
        </extensions>
      </trkpt>
      <trkpt lat="59.9860273115336894989013671875" lon="30.35098261199891567230224609375">
        <ele>-9.80000019073486328125</ele>
        <time>2025-09-18T06:57:26.000Z</time>
        <extensions>
          <ns3:TrackPointExtension>
            <ns3:atemp>21.0</ns3:atemp>
            <ns3:hr>108</ns3:hr>
          </ns3:TrackPointExtension>
        </extensions>
      </trkpt>
      <trkpt lat="59.98599923215806484222412109375" lon="30.35059603862464427947998046875">
        <ele>-10.19999980926513671875</ele>
        <time>2025-09-18T06:57:31.000Z</time>
        <extensions>
          <ns3:TrackPointExtension>
            <ns3:atemp>21.0</ns3:atemp>
            <ns3:hr>105</ns3:hr>
          </ns3:TrackPointExtension>
        </extensions>
      </trkpt>
      <trkpt lat="59.985990934073925018310546875" lon="30.3505037538707256317138671875">
        <ele>-10.19999980926513671875</ele>
        <time>2025-09-18T06:57:33.000Z</time>
        <extensions>
          <ns3:TrackPointExtension>
            <ns3:atemp>21.0</ns3:atemp>
            <ns3:hr>102</ns3:hr>
          </ns3:TrackPointExtension>
        </extensions>
      </trkpt>
      <trkpt lat="59.98599118553102016448974609375" lon="30.35047081299126148223876953125">
        <ele>-9.80000019073486328125</ele>
        <time>2025-09-18T06:57:34.000Z</time>
        <extensions>
          <ns3:TrackPointExtension>
            <ns3:atemp>21.0</ns3:atemp>
            <ns3:hr>99</ns3:hr>
          </ns3:TrackPointExtension>
        </extensions>
      </trkpt>
      <trkpt lat="59.9859847314655780792236328125" lon="30.35039252601563930511474609375">
        <ele>-9.19999980926513671875</ele>
        <time>2025-09-18T06:57:36.000Z</time>
        <extensions>
          <ns3:TrackPointExtension>
            <ns3:atemp>21.0</ns3:atemp>
            <ns3:hr>97</ns3:hr>
          </ns3:TrackPointExtension>
        </extensions>
      </trkpt>
      <trkpt lat="59.985967464745044708251953125" lon="30.35006211139261722564697265625">
        <ele>-9</ele>
        <time>2025-09-18T06:57:41.000Z</time>
        <extensions>
          <ns3:TrackPointExtension>
            <ns3:atemp>21.0</ns3:atemp>
            <ns3:hr>95</ns3:hr>
          </ns3:TrackPointExtension>
        </extensions>
      </trkpt>
      <trkpt lat="59.98595765791833400726318359375" lon="30.34991450607776641845703125">
        <ele>-9</ele>
        <time>2025-09-18T06:57:43.000Z</time>
        <extensions>
          <ns3:TrackPointExtension>
            <ns3:atemp>21.0</ns3:atemp>
            <ns3:hr>95</ns3:hr>
          </ns3:TrackPointExtension>
        </extensions>
      </trkpt>
      <trkpt lat="59.98595438897609710693359375" lon="30.34983999095857143402099609375">
        <ele>-9</ele>
        <time>2025-09-18T06:57:44.000Z</time>
        <extensions>
          <ns3:TrackPointExtension>
            <ns3:atemp>21.0</ns3:atemp>
            <ns3:hr>92</ns3:hr>
          </ns3:TrackPointExtension>
        </extensions>
      </trkpt>
      <trkpt lat="59.98593050055205821990966796875" lon="30.34959004260599613189697265625">
        <ele>-9</ele>
        <time>2025-09-18T06:57:47.000Z</time>
        <extensions>
          <ns3:TrackPointExtension>
            <ns3:atemp>21.0</ns3:atemp>
            <ns3:hr>95</ns3:hr>
          </ns3:TrackPointExtension>
        </extensions>
      </trkpt>
      <trkpt lat="59.9859210290014743804931640625" lon="30.34949834458529949188232421875">
        <ele>-9</ele>
        <time>2025-09-18T06:57:48.000Z</time>
        <extensions>
          <ns3:TrackPointExtension>
            <ns3:atemp>21.0</ns3:atemp>
            <ns3:hr>94</ns3:hr>
          </ns3:TrackPointExtension>
        </extensions>
      </trkpt>
      <trkpt lat="59.98586294241249561309814453125" lon="30.34889216534793376922607421875">
        <ele>-8.3999996185302734375</ele>
        <time>2025-09-18T06:57:54.000Z</time>
        <extensions>
          <ns3:TrackPointExtension>
            <ns3:atemp>21.0</ns3:atemp>
            <ns3:hr>97</ns3:hr>
          </ns3:TrackPointExtension>
        </extensions>
      </trkpt>
      <trkpt lat="59.985850788652896881103515625" lon="30.34878253005445003509521484375">
        <ele>-8.6000003814697265625</ele>
        <time>2025-09-18T06:57:55.000Z</time>
        <extensions>
          <ns3:TrackPointExtension>
            <ns3:atemp>21.0</ns3:atemp>
            <ns3:hr>99</ns3:hr>
          </ns3:TrackPointExtension>
        </extensions>
      </trkpt>
      <trkpt lat="59.9858160875737667083740234375" lon="30.3484381176531314849853515625">
        <ele>-9</ele>
        <time>2025-09-18T06:57:58.000Z</time>
        <extensions>
          <ns3:TrackPointExtension>
            <ns3:atemp>21.0</ns3:atemp>
            <ns3:hr>103</ns3:hr>
          </ns3:TrackPointExtension>
        </extensions>
      </trkpt>
      <trkpt lat="59.98578079976141452789306640625" lon="30.348088927567005157470703125">
        <ele>-9.19999980926513671875</ele>
        <time>2025-09-18T06:58:01.000Z</time>
        <extensions>
          <ns3:TrackPointExtension>
            <ns3:atemp>21.0</ns3:atemp>
            <ns3:hr>108</ns3:hr>
          </ns3:TrackPointExtension>
        </extensions>
      </trkpt>
      <trkpt lat="59.98575816862285137176513671875" lon="30.34785431809723377227783203125">
        <ele>-9.19999980926513671875</ele>
        <time>2025-09-18T06:58:03.000Z</time>
        <extensions>
          <ns3:TrackPointExtension>
            <ns3:atemp>21.0</ns3:atemp>
            <ns3:hr>111</ns3:hr>
          </ns3:TrackPointExtension>
        </extensions>
      </trkpt>
      <trkpt lat="59.98574811033904552459716796875" lon="30.3477350436151027679443359375">
        <ele>-9.19999980926513671875</ele>
        <time>2025-09-18T06:58:04.000Z</time>
        <extensions>
          <ns3:TrackPointExtension>
            <ns3:atemp>21.0</ns3:atemp>
            <ns3:hr>117</ns3:hr>
          </ns3:TrackPointExtension>
        </extensions>
      </trkpt>
      <trkpt lat="59.98573469929397106170654296875" lon="30.34761291928589344024658203125">
        <ele>-9.19999980926513671875</ele>
        <time>2025-09-18T06:58:05.000Z</time>
        <extensions>
          <ns3:TrackPointExtension>
            <ns3:atemp>21.0</ns3:atemp>
            <ns3:hr>123</ns3:hr>
          </ns3:TrackPointExtension>
        </extensions>
      </trkpt>
      <trkpt lat="59.98572195880115032196044921875" lon="30.3474876098334789276123046875">
        <ele>-9.3999996185302734375</ele>
        <time>2025-09-18T06:58:06.000Z</time>
        <extensions>
          <ns3:TrackPointExtension>
            <ns3:atemp>21.0</ns3:atemp>
            <ns3:hr>126</ns3:hr>
          </ns3:TrackPointExtension>
        </extensions>
      </trkpt>
      <trkpt lat="59.98571030795574188232421875" lon="30.34736213274300098419189453125">
        <ele>-9.3999996185302734375</ele>
        <time>2025-09-18T06:58:07.000Z</time>
        <extensions>
          <ns3:TrackPointExtension>
            <ns3:atemp>21.0</ns3:atemp>
            <ns3:hr>131</ns3:hr>
          </ns3:TrackPointExtension>
        </extensions>
      </trkpt>
      <trkpt lat="59.985696561634540557861328125" lon="30.3472368232905864715576171875">
        <ele>-9.3999996185302734375</ele>
        <time>2025-09-18T06:58:08.000Z</time>
        <extensions>
          <ns3:TrackPointExtension>
            <ns3:atemp>21.0</ns3:atemp>
            <ns3:hr>137</ns3:hr>
          </ns3:TrackPointExtension>
        </extensions>
      </trkpt>
      <trkpt lat="59.9856836535036563873291015625" lon="30.34711235202848911285400390625">
        <ele>-9</ele>
        <time>2025-09-18T06:58:09.000Z</time>
        <extensions>
          <ns3:TrackPointExtension>
            <ns3:atemp>21.0</ns3:atemp>
            <ns3:hr>144</ns3:hr>
          </ns3:TrackPointExtension>
        </extensions>
      </trkpt>
      <trkpt lat="59.98563579283654689788818359375" lon="30.3466296382248401641845703125">
        <ele>-8.19999980926513671875</ele>
        <time>2025-09-18T06:58:13.000Z</time>
        <extensions>
          <ns3:TrackPointExtension>
            <ns3:atemp>21.0</ns3:atemp>
            <ns3:hr>148</ns3:hr>
          </ns3:TrackPointExtension>
        </extensions>
      </trkpt>
      <trkpt lat="59.98561106622219085693359375" lon="30.34638849087059497833251953125">
        <ele>-8.19999980926513671875</ele>
        <time>2025-09-18T06:58:15.000Z</time>
        <extensions>
          <ns3:TrackPointExtension>
            <ns3:atemp>21.0</ns3:atemp>
            <ns3:hr>149</ns3:hr>
          </ns3:TrackPointExtension>
        </extensions>
      </trkpt>
      <trkpt lat="59.98551174066960811614990234375" lon="30.34548307769000530242919921875">
        <ele>-8.3999996185302734375</ele>
        <time>2025-09-18T06:58:23.000Z</time>
        <extensions>
          <ns3:TrackPointExtension>
            <ns3:atemp>21.0</ns3:atemp>
            <ns3:hr>147</ns3:hr>
          </ns3:TrackPointExtension>
        </extensions>
      </trkpt>
      <trkpt lat="59.98541853390634059906005859375" lon="30.34450055100023746490478515625">
        <ele>-8</ele>
        <time>2025-09-18T06:58:32.000Z</time>
        <extensions>
          <ns3:TrackPointExtension>
            <ns3:atemp>21.0</ns3:atemp>
            <ns3:hr>144</ns3:hr>
          </ns3:TrackPointExtension>
        </extensions>
      </trkpt>
      <trkpt lat="59.9854057095944881439208984375" lon="30.344382114708423614501953125">
        <ele>-8</ele>
        <time>2025-09-18T06:58:33.000Z</time>
        <extensions>
          <ns3:TrackPointExtension>
            <ns3:atemp>21.0</ns3:atemp>
            <ns3:hr>146</ns3:hr>
          </ns3:TrackPointExtension>
        </extensions>
      </trkpt>
      <trkpt lat="59.98529213480651378631591796875" lon="30.34326388500630855560302734375">
        <ele>-8.6000003814697265625</ele>
        <time>2025-09-18T06:58:43.000Z</time>
        <extensions>
          <ns3:TrackPointExtension>
            <ns3:atemp>21.0</ns3:atemp>
            <ns3:hr>147</ns3:hr>
          </ns3:TrackPointExtension>
        </extensions>
      </trkpt>
      <trkpt lat="59.985249973833560943603515625" lon="30.342668183147907257080078125">
        <ele>-8.19999980926513671875</ele>
        <time>2025-09-18T06:58:50.000Z</time>
        <extensions>
          <ns3:TrackPointExtension>
            <ns3:atemp>21.0</ns3:atemp>
            <ns3:hr>146</ns3:hr>
          </ns3:TrackPointExtension>
        </extensions>
      </trkpt>
      <trkpt lat="59.98524494469165802001953125" lon="30.34260590560734272003173828125">
        <ele>-8.3999996185302734375</ele>
        <time>2025-09-18T06:58:52.000Z</time>
        <extensions>
          <ns3:TrackPointExtension>
            <ns3:atemp>21.0</ns3:atemp>
            <ns3:hr>143</ns3:hr>
          </ns3:TrackPointExtension>
        </extensions>
      </trkpt>
      <trkpt lat="59.9852456152439117431640625" lon="30.34260414540767669677734375">
        <ele>-8.3999996185302734375</ele>
        <time>2025-09-18T06:58:53.000Z</time>
        <extensions>
          <ns3:TrackPointExtension>
            <ns3:atemp>21.0</ns3:atemp>
            <ns3:hr>143</ns3:hr>
          </ns3:TrackPointExtension>
        </extensions>
      </trkpt>
      <trkpt lat="59.985245279967784881591796875" lon="30.34260691143572330474853515625">
        <ele>-9</ele>
        <time>2025-09-18T06:59:04.000Z</time>
        <extensions>
          <ns3:TrackPointExtension>
            <ns3:atemp>21.0</ns3:atemp>
            <ns3:hr>141</ns3:hr>
          </ns3:TrackPointExtension>
        </extensions>
      </trkpt>
      <trkpt lat="59.9852464534342288970947265625" lon="30.34260825254023075103759765625">
        <ele>-9</ele>
        <time>2025-09-18T06:59:19.000Z</time>
        <extensions>
          <ns3:TrackPointExtension>
            <ns3:atemp>21.0</ns3:atemp>
            <ns3:hr>138</ns3:hr>
          </ns3:TrackPointExtension>
        </extensions>
      </trkpt>
      <trkpt lat="59.98524620197713375091552734375" lon="30.3426083363592624664306640625">
        <ele>-9</ele>
        <time>2025-09-18T06:59:23.000Z</time>
        <extensions>
          <ns3:TrackPointExtension>
            <ns3:atemp>21.0</ns3:atemp>
            <ns3:hr>135</ns3:hr>
          </ns3:TrackPointExtension>
        </extensions>
      </trkpt>
      <trkpt lat="59.98524636961519718170166015625" lon="30.34260825254023075103759765625">
        <ele>-9</ele>
        <time>2025-09-18T06:59:24.000Z</time>
        <extensions>
          <ns3:TrackPointExtension>
            <ns3:atemp>21.0</ns3:atemp>
            <ns3:hr>134</ns3:hr>
          </ns3:TrackPointExtension>
        </extensions>
      </trkpt>
      <trkpt lat="59.9852491356432437896728515625" lon="30.34257975406944751739501953125">
        <ele>-9</ele>
        <time>2025-09-18T06:59:28.000Z</time>
        <extensions>
          <ns3:TrackPointExtension>
            <ns3:atemp>20.0</ns3:atemp>
            <ns3:hr>133</ns3:hr>
          </ns3:TrackPointExtension>
        </extensions>
      </trkpt>
      <trkpt lat="59.9852491356432437896728515625" lon="30.34249509684741497039794921875">
        <ele>-9</ele>
        <time>2025-09-18T06:59:30.000Z</time>
        <extensions>
          <ns3:TrackPointExtension>
            <ns3:atemp>20.0</ns3:atemp>
            <ns3:hr>133</ns3:hr>
          </ns3:TrackPointExtension>
        </extensions>
      </trkpt>
      <trkpt lat="59.98523731715977191925048828125" lon="30.34216384403407573699951171875">
        <ele>-8.80000019073486328125</ele>
        <time>2025-09-18T06:59:34.000Z</time>
        <extensions>
          <ns3:TrackPointExtension>
            <ns3:atemp>20.0</ns3:atemp>
            <ns3:hr>136</ns3:hr>
          </ns3:TrackPointExtension>
        </extensions>
      </trkpt>
      <trkpt lat="59.98522323556244373321533203125" lon="30.34206912852823734283447265625">
        <ele>-8.80000019073486328125</ele>
        <time>2025-09-18T06:59:35.000Z</time>
        <extensions>
          <ns3:TrackPointExtension>
            <ns3:atemp>20.0</ns3:atemp>
            <ns3:hr>138</ns3:hr>
          </ns3:TrackPointExtension>
        </extensions>
      </trkpt>
      <trkpt lat="59.9851690046489238739013671875" lon="30.3416303358972072601318359375">
        <ele>-8.19999980926513671875</ele>
        <time>2025-09-18T06:59:39.000Z</time>
        <extensions>
          <ns3:TrackPointExtension>
            <ns3:atemp>20.0</ns3:atemp>
            <ns3:hr>140</ns3:hr>
          </ns3:TrackPointExtension>
        </extensions>
      </trkpt>
      <trkpt lat="59.9851572699844837188720703125" lon="30.34150435589253902435302734375">
        <ele>-8.19999980926513671875</ele>
        <time>2025-09-18T06:59:40.000Z</time>
        <extensions>
          <ns3:TrackPointExtension>
            <ns3:atemp>20.0</ns3:atemp>
            <ns3:hr>142</ns3:hr>
          </ns3:TrackPointExtension>
        </extensions>
      </trkpt>
      <trkpt lat="59.98510052450001239776611328125" lon="30.34100362099707126617431640625">
        <ele>-8.6000003814697265625</ele>
        <time>2025-09-18T06:59:44.000Z</time>
        <extensions>
          <ns3:TrackPointExtension>
            <ns3:atemp>20.0</ns3:atemp>
            <ns3:hr>135</ns3:hr>
          </ns3:TrackPointExtension>
        </extensions>
      </trkpt>
      <trkpt lat="59.9850858561694622039794921875" lon="30.34088811837136745452880859375">
        <ele>-8.6000003814697265625</ele>
        <time>2025-09-18T06:59:45.000Z</time>
        <extensions>
          <ns3:TrackPointExtension>
            <ns3:atemp>20.0</ns3:atemp>
            <ns3:hr>130</ns3:hr>
          </ns3:TrackPointExtension>
        </extensions>
      </trkpt>
      <trkpt lat="59.9850419349968433380126953125" lon="30.34056424163281917572021484375">
        <ele>-8.6000003814697265625</ele>
        <time>2025-09-18T06:59:48.000Z</time>
        <extensions>
          <ns3:TrackPointExtension>
            <ns3:atemp>20.0</ns3:atemp>
            <ns3:hr>128</ns3:hr>
          </ns3:TrackPointExtension>
        </extensions>
      </trkpt>
      <trkpt lat="59.9849859438836574554443359375" lon="30.33977349288761615753173828125">
        <ele>-8.80000019073486328125</ele>
        <time>2025-09-18T06:59:55.000Z</time>
        <extensions>
          <ns3:TrackPointExtension>
            <ns3:atemp>20.0</ns3:atemp>
            <ns3:hr>127</ns3:hr>
          </ns3:TrackPointExtension>
        </extensions>
      </trkpt>
      <trkpt lat="59.98490740545094013214111328125" lon="30.33901861868798732757568359375">
        <ele>-9</ele>
        <time>2025-09-18T07:00:01.000Z</time>
        <extensions>
          <ns3:TrackPointExtension>
            <ns3:atemp>20.0</ns3:atemp>
            <ns3:hr>130</ns3:hr>
          </ns3:TrackPointExtension>
        </extensions>
      </trkpt>
      <trkpt lat="59.98489751480519771575927734375" lon="30.3388859331607818603515625">
        <ele>-9</ele>
        <time>2025-09-18T07:00:02.000Z</time>
        <extensions>
          <ns3:TrackPointExtension>
            <ns3:atemp>20.0</ns3:atemp>
            <ns3:hr>128</ns3:hr>
          </ns3:TrackPointExtension>
        </extensions>
      </trkpt>
      <trkpt lat="59.98487421311438083648681640625" lon="30.33862768672406673431396484375">
        <ele>-9</ele>
        <time>2025-09-18T07:00:04.000Z</time>
        <extensions>
          <ns3:TrackPointExtension>
            <ns3:atemp>20.0</ns3:atemp>
            <ns3:hr>131</ns3:hr>
          </ns3:TrackPointExtension>
        </extensions>
      </trkpt>
      <trkpt lat="59.98484906740486621856689453125" lon="30.33838310278952121734619140625">
        <ele>-9</ele>
        <time>2025-09-18T07:00:06.000Z</time>
        <extensions>
          <ns3:TrackPointExtension>
            <ns3:atemp>20.0</ns3:atemp>
            <ns3:hr>134</ns3:hr>
          </ns3:TrackPointExtension>
        </extensions>
      </trkpt>
      <trkpt lat="59.98481688089668750762939453125" lon="30.33813692629337310791015625">
        <ele>-9</ele>
        <time>2025-09-18T07:00:08.000Z</time>
        <extensions>
          <ns3:TrackPointExtension>
            <ns3:atemp>20.0</ns3:atemp>
            <ns3:hr>135</ns3:hr>
          </ns3:TrackPointExtension>
        </extensions>
      </trkpt>
      <trkpt lat="59.9847562797367572784423828125" lon="30.33762487582862377166748046875">
        <ele>-9</ele>
        <time>2025-09-18T07:00:12.000Z</time>
        <extensions>
          <ns3:TrackPointExtension>
            <ns3:atemp>21.0</ns3:atemp>
            <ns3:hr>138</ns3:hr>
          </ns3:TrackPointExtension>
        </extensions>
      </trkpt>
      <trkpt lat="59.9847157113254070281982421875" lon="30.33737115561962127685546875">
        <ele>-9.19999980926513671875</ele>
        <time>2025-09-18T07:00:14.000Z</time>
        <extensions>
          <ns3:TrackPointExtension>
            <ns3:atemp>21.0</ns3:atemp>
            <ns3:hr>138</ns3:hr>
          </ns3:TrackPointExtension>
        </extensions>
      </trkpt>
      <trkpt lat="59.98469249345362186431884765625" lon="30.33713084645569324493408203125">
        <ele>-9.19999980926513671875</ele>
        <time>2025-09-18T07:00:16.000Z</time>
        <extensions>
          <ns3:TrackPointExtension>
            <ns3:atemp>21.0</ns3:atemp>
            <ns3:hr>135</ns3:hr>
          </ns3:TrackPointExtension>
        </extensions>
      </trkpt>
      <trkpt lat="59.9846603907644748687744140625" lon="30.33688190393149852752685546875">
        <ele>-9.19999980926513671875</ele>
        <time>2025-09-18T07:00:18.000Z</time>
        <extensions>
          <ns3:TrackPointExtension>
            <ns3:atemp>21.0</ns3:atemp>
            <ns3:hr>137</ns3:hr>
          </ns3:TrackPointExtension>
        </extensions>
      </trkpt>
      <trkpt lat="59.98458654619753360748291015625" lon="30.336369685828685760498046875">
        <ele>-9.80000019073486328125</ele>
        <time>2025-09-18T07:00:22.000Z</time>
        <extensions>
          <ns3:TrackPointExtension>
            <ns3:atemp>21.0</ns3:atemp>
            <ns3:hr>136</ns3:hr>
          </ns3:TrackPointExtension>
        </extensions>
      </trkpt>
      <trkpt lat="59.9845509231090545654296875" lon="30.335986800491809844970703125">
        <ele>-9.6000003814697265625</ele>
        <time>2025-09-18T07:00:25.000Z</time>
        <extensions>
          <ns3:TrackPointExtension>
            <ns3:atemp>21.0</ns3:atemp>
            <ns3:hr>133</ns3:hr>
          </ns3:TrackPointExtension>
        </extensions>
      </trkpt>
      <trkpt lat="59.9845085106790065765380859375" lon="30.3355943597853183746337890625">
        <ele>-9.19999980926513671875</ele>
        <time>2025-09-18T07:00:28.000Z</time>
        <extensions>
          <ns3:TrackPointExtension>
            <ns3:atemp>21.0</ns3:atemp>
            <ns3:hr>133</ns3:hr>
          </ns3:TrackPointExtension>
        </extensions>
      </trkpt>
      <trkpt lat="59.98447724618017673492431640625" lon="30.33533460460603237152099609375">
        <ele>-9.19999980926513671875</ele>
        <time>2025-09-18T07:00:30.000Z</time>
        <extensions>
          <ns3:TrackPointExtension>
            <ns3:atemp>21.0</ns3:atemp>
            <ns3:hr>136</ns3:hr>
          </ns3:TrackPointExtension>
        </extensions>
      </trkpt>
      <trkpt lat="59.98438001610338687896728515625" lon="30.33481811173260211944580078125">
        <ele>-9.3999996185302734375</ele>
        <time>2025-09-18T07:00:34.000Z</time>
        <extensions>
          <ns3:TrackPointExtension>
            <ns3:atemp>21.0</ns3:atemp>
            <ns3:hr>134</ns3:hr>
          </ns3:TrackPointExtension>
        </extensions>
      </trkpt>
      <trkpt lat="59.98434481211006641387939453125" lon="30.334703363478183746337890625">
        <ele>-9.6000003814697265625</ele>
        <time>2025-09-18T07:00:35.000Z</time>
        <extensions>
          <ns3:TrackPointExtension>
            <ns3:atemp>21.0</ns3:atemp>
            <ns3:hr>134</ns3:hr>
          </ns3:TrackPointExtension>
        </extensions>
      </trkpt>
      <trkpt lat="59.9842436425387859344482421875" lon="30.33435911871492862701416015625">
        <ele>-9.6000003814697265625</ele>
        <time>2025-09-18T07:00:38.000Z</time>
        <extensions>
          <ns3:TrackPointExtension>
            <ns3:atemp>21.0</ns3:atemp>
            <ns3:hr>131</ns3:hr>
          </ns3:TrackPointExtension>
        </extensions>
      </trkpt>
      <trkpt lat="59.9840562231838703155517578125" lon="30.333835668861865997314453125">
        <ele>-9.80000019073486328125</ele>
        <time>2025-09-18T07:00:43.000Z</time>
        <extensions>
          <ns3:TrackPointExtension>
            <ns3:atemp>21.0</ns3:atemp>
            <ns3:hr>131</ns3:hr>
          </ns3:TrackPointExtension>
        </extensions>
      </trkpt>
      <trkpt lat="59.9838704802095890045166015625" lon="30.33337038941681385040283203125">
        <ele>-10.3999996185302734375</ele>
        <time>2025-09-18T07:00:48.000Z</time>
        <extensions>
          <ns3:TrackPointExtension>
            <ns3:atemp>21.0</ns3:atemp>
            <ns3:hr>131</ns3:hr>
          </ns3:TrackPointExtension>
        </extensions>
      </trkpt>
      <trkpt lat="59.983805604279041290283203125" lon="30.3332189284265041351318359375">
        <ele>-10.80000019073486328125</ele>
        <time>2025-09-18T07:00:50.000Z</time>
        <extensions>
          <ns3:TrackPointExtension>
            <ns3:atemp>21.0</ns3:atemp>
            <ns3:hr>131</ns3:hr>
          </ns3:TrackPointExtension>
        </extensions>
      </trkpt>
      <trkpt lat="59.9836947955191135406494140625" lon="30.3329996578395366668701171875">
        <ele>-11</ele>
        <time>2025-09-18T07:00:55.000Z</time>
        <extensions>
          <ns3:TrackPointExtension>
            <ns3:atemp>20.0</ns3:atemp>
            <ns3:hr>130</ns3:hr>
          </ns3:TrackPointExtension>
        </extensions>
      </trkpt>
      <trkpt lat="59.983558841049671173095703125" lon="30.3327441774308681488037109375">
        <ele>-10.80000019073486328125</ele>
        <time>2025-09-18T07:01:00.000Z</time>
        <extensions>
          <ns3:TrackPointExtension>
            <ns3:atemp>20.0</ns3:atemp>
            <ns3:hr>130</ns3:hr>
          </ns3:TrackPointExtension>
        </extensions>
      </trkpt>
      <trkpt lat="59.98331987299025058746337890625" lon="30.3322295285761356353759765625">
        <ele>-10.6000003814697265625</ele>
        <time>2025-09-18T07:01:07.000Z</time>
        <extensions>
          <ns3:TrackPointExtension>
            <ns3:atemp>20.0</ns3:atemp>
            <ns3:hr>132</ns3:hr>
          </ns3:TrackPointExtension>
        </extensions>
      </trkpt>
      <trkpt lat="59.9829793162643909454345703125" lon="30.33139863051474094390869140625">
        <ele>-11</ele>
        <time>2025-09-18T07:01:17.000Z</time>
        <extensions>
          <ns3:TrackPointExtension>
            <ns3:atemp>20.0</ns3:atemp>
            <ns3:hr>130</ns3:hr>
          </ns3:TrackPointExtension>
        </extensions>
      </trkpt>
      <trkpt lat="59.9829139374196529388427734375" lon="30.331372730433940887451171875">
        <ele>-11</ele>
        <time>2025-09-18T07:01:18.000Z</time>
        <extensions>
          <ns3:TrackPointExtension>
            <ns3:atemp>20.0</ns3:atemp>
            <ns3:hr>130</ns3:hr>
          </ns3:TrackPointExtension>
        </extensions>
      </trkpt>
      <trkpt lat="59.98279801569879055023193359375" lon="30.331136025488376617431640625">
        <ele>-11.19999980926513671875</ele>
        <time>2025-09-18T07:01:21.000Z</time>
        <extensions>
          <ns3:TrackPointExtension>
            <ns3:atemp>20.0</ns3:atemp>
            <ns3:hr>131</ns3:hr>
          </ns3:TrackPointExtension>
        </extensions>
      </trkpt>
      <trkpt lat="59.98266206122934818267822265625" lon="30.33089119009673595428466796875">
        <ele>-11.6000003814697265625</ele>
        <time>2025-09-18T07:01:24.000Z</time>
        <extensions>
          <ns3:TrackPointExtension>
            <ns3:atemp>20.0</ns3:atemp>
            <ns3:hr>131</ns3:hr>
          </ns3:TrackPointExtension>
        </extensions>
      </trkpt>
      <trkpt lat="59.9823761545121669769287109375" lon="30.3301384113729000091552734375">
        <ele>-11</ele>
        <time>2025-09-18T07:01:32.000Z</time>
        <extensions>
          <ns3:TrackPointExtension>
            <ns3:atemp>20.0</ns3:atemp>
            <ns3:hr>131</ns3:hr>
          </ns3:TrackPointExtension>
        </extensions>
      </trkpt>
      <trkpt lat="59.98209611512720584869384765625" lon="30.32938378863036632537841796875">
        <ele>-11.6000003814697265625</ele>
        <time>2025-09-18T07:01:41.000Z</time>
        <extensions>
          <ns3:TrackPointExtension>
            <ns3:atemp>20.0</ns3:atemp>
            <ns3:hr>131</ns3:hr>
          </ns3:TrackPointExtension>
        </extensions>
      </trkpt>
      <trkpt lat="59.981849603354930877685546875" lon="30.32887467183172702789306640625">
        <ele>-12.19999980926513671875</ele>
        <time>2025-09-18T07:01:48.000Z</time>
        <extensions>
          <ns3:TrackPointExtension>
            <ns3:atemp>20.0</ns3:atemp>
            <ns3:hr>132</ns3:hr>
          </ns3:TrackPointExtension>
        </extensions>
      </trkpt>
      <trkpt lat="59.98161792755126953125" lon="30.32839522697031497955322265625">
        <ele>-12</ele>
        <time>2025-09-18T07:01:55.000Z</time>
        <extensions>
          <ns3:TrackPointExtension>
            <ns3:atemp>20.0</ns3:atemp>
            <ns3:hr>137</ns3:hr>
          </ns3:TrackPointExtension>
        </extensions>
      </trkpt>
      <trkpt lat="59.98159051872789859771728515625" lon="30.3283366374671459197998046875">
        <ele>-12.19999980926513671875</ele>
        <time>2025-09-18T07:01:56.000Z</time>
        <extensions>
          <ns3:TrackPointExtension>
            <ns3:atemp>20.0</ns3:atemp>
            <ns3:hr>137</ns3:hr>
          </ns3:TrackPointExtension>
        </extensions>
      </trkpt>
      <trkpt lat="59.9815280735492706298828125" lon="30.32820663414895534515380859375">
        <ele>-12.6000003814697265625</ele>
        <time>2025-09-18T07:01:58.000Z</time>
        <extensions>
          <ns3:TrackPointExtension>
            <ns3:atemp>20.0</ns3:atemp>
            <ns3:hr>139</ns3:hr>
          </ns3:TrackPointExtension>
        </extensions>
      </trkpt>
      <trkpt lat="59.9814154207706451416015625" lon="30.32800965942442417144775390625">
        <ele>-13</ele>
        <time>2025-09-18T07:02:01.000Z</time>
        <extensions>
          <ns3:TrackPointExtension>
            <ns3:atemp>20.0</ns3:atemp>
            <ns3:hr>139</ns3:hr>
          </ns3:TrackPointExtension>
        </extensions>
      </trkpt>
      <trkpt lat="59.9811889417469501495361328125" lon="30.3275160491466522216796875">
        <ele>-12.80000019073486328125</ele>
        <time>2025-09-18T07:02:07.000Z</time>
        <extensions>
          <ns3:TrackPointExtension>
            <ns3:atemp>20.0</ns3:atemp>
            <ns3:hr>136</ns3:hr>
          </ns3:TrackPointExtension>
        </extensions>
      </trkpt>
      <trkpt lat="59.981148876249790191650390625" lon="30.32742342911660671234130859375">
        <ele>-12.80000019073486328125</ele>
        <time>2025-09-18T07:02:08.000Z</time>
        <extensions>
          <ns3:TrackPointExtension>
            <ns3:atemp>21.0</ns3:atemp>
            <ns3:hr>139</ns3:hr>
          </ns3:TrackPointExtension>
        </extensions>
      </trkpt>
      <trkpt lat="59.9811148457229137420654296875" lon="30.32733541913330554962158203125">
        <ele>-12.80000019073486328125</ele>
        <time>2025-09-18T07:02:09.000Z</time>
        <extensions>
          <ns3:TrackPointExtension>
            <ns3:atemp>20.0</ns3:atemp>
            <ns3:hr>136</ns3:hr>
          </ns3:TrackPointExtension>
        </extensions>
      </trkpt>
      <trkpt lat="59.98087487183511257171630859375" lon="30.32674265094101428985595703125">
        <ele>-13.3999996185302734375</ele>
        <time>2025-09-18T07:02:16.000Z</time>
        <extensions>
          <ns3:TrackPointExtension>
            <ns3:atemp>20.0</ns3:atemp>
            <ns3:hr>134</ns3:hr>
          </ns3:TrackPointExtension>
        </extensions>
      </trkpt>
      <trkpt lat="59.98071980662643909454345703125" lon="30.3262661397457122802734375">
        <ele>-13.6000003814697265625</ele>
        <time>2025-09-18T07:02:22.000Z</time>
        <extensions>
          <ns3:TrackPointExtension>
            <ns3:atemp>20.0</ns3:atemp>
            <ns3:hr>138</ns3:hr>
          </ns3:TrackPointExtension>
        </extensions>
      </trkpt>
      <trkpt lat="59.9805254302918910980224609375" lon="30.32582231797277927398681640625">
        <ele>-12.6000003814697265625</ele>
        <time>2025-09-18T07:02:29.000Z</time>
        <extensions>
          <ns3:TrackPointExtension>
            <ns3:atemp>20.0</ns3:atemp>
            <ns3:hr>138</ns3:hr>
          </ns3:TrackPointExtension>
        </extensions>
      </trkpt>
      <trkpt lat="59.98039148747920989990234375" lon="30.32549592666327953338623046875">
        <ele>-11.3999996185302734375</ele>
        <time>2025-09-18T07:02:34.000Z</time>
        <extensions>
          <ns3:TrackPointExtension>
            <ns3:atemp>20.0</ns3:atemp>
            <ns3:hr>139</ns3:hr>
          </ns3:TrackPointExtension>
        </extensions>
      </trkpt>
      <trkpt lat="59.98033625073730945587158203125" lon="30.325360558927059173583984375">
        <ele>-10.80000019073486328125</ele>
        <time>2025-09-18T07:02:36.000Z</time>
        <extensions>
          <ns3:TrackPointExtension>
            <ns3:atemp>20.0</ns3:atemp>
            <ns3:hr>138</ns3:hr>
          </ns3:TrackPointExtension>
        </extensions>
      </trkpt>
      <trkpt lat="59.980305992066860198974609375" lon="30.3252919949591159820556640625">
        <ele>-10.3999996185302734375</ele>
        <time>2025-09-18T07:02:37.000Z</time>
        <extensions>
          <ns3:TrackPointExtension>
            <ns3:atemp>20.0</ns3:atemp>
            <ns3:hr>136</ns3:hr>
          </ns3:TrackPointExtension>
        </extensions>
      </trkpt>
      <trkpt lat="59.98019828461110591888427734375" lon="30.32503056339919567108154296875">
        <ele>-9.80000019073486328125</ele>
        <time>2025-09-18T07:02:41.000Z</time>
        <extensions>
          <ns3:TrackPointExtension>
            <ns3:atemp>20.0</ns3:atemp>
            <ns3:hr>139</ns3:hr>
          </ns3:TrackPointExtension>
        </extensions>
      </trkpt>
      <trkpt lat="59.980096779763698577880859375" lon="30.32480559311807155609130859375">
        <ele>-9.3999996185302734375</ele>
        <time>2025-09-18T07:02:45.000Z</time>
        <extensions>
          <ns3:TrackPointExtension>
            <ns3:atemp>20.0</ns3:atemp>
            <ns3:hr>142</ns3:hr>
          </ns3:TrackPointExtension>
        </extensions>
      </trkpt>
      <trkpt lat="59.98007096350193023681640625" lon="30.32474867999553680419921875">
        <ele>-9.3999996185302734375</ele>
        <time>2025-09-18T07:02:46.000Z</time>
        <extensions>
          <ns3:TrackPointExtension>
            <ns3:atemp>20.0</ns3:atemp>
            <ns3:hr>142</ns3:hr>
          </ns3:TrackPointExtension>
        </extensions>
      </trkpt>
      <trkpt lat="59.9799682013690471649169921875" lon="30.3245322592556476593017578125">
        <ele>-8.6000003814697265625</ele>
        <time>2025-09-18T07:02:50.000Z</time>
        <extensions>
          <ns3:TrackPointExtension>
            <ns3:atemp>20.0</ns3:atemp>
            <ns3:hr>139</ns3:hr>
          </ns3:TrackPointExtension>
        </extensions>
      </trkpt>
      <trkpt lat="59.97992235235869884490966796875" lon="30.32442589290440082550048828125">
        <ele>-8.3999996185302734375</ele>
        <time>2025-09-18T07:02:52.000Z</time>
        <extensions>
          <ns3:TrackPointExtension>
            <ns3:atemp>20.0</ns3:atemp>
            <ns3:hr>138</ns3:hr>
          </ns3:TrackPointExtension>
        </extensions>
      </trkpt>
      <trkpt lat="59.97989955358207225799560546875" lon="30.32437392510473728179931640625">
        <ele>-8.19999980926513671875</ele>
        <time>2025-09-18T07:02:53.000Z</time>
        <extensions>
          <ns3:TrackPointExtension>
            <ns3:atemp>20.0</ns3:atemp>
            <ns3:hr>138</ns3:hr>
          </ns3:TrackPointExtension>
        </extensions>
      </trkpt>
      <trkpt lat="59.97970341704785823822021484375" lon="30.3239716775715351104736328125">
        <ele>-7.80000019073486328125</ele>
        <time>2025-09-18T07:03:01.000Z</time>
        <extensions>
          <ns3:TrackPointExtension>
            <ns3:atemp>20.0</ns3:atemp>
            <ns3:hr>138</ns3:hr>
          </ns3:TrackPointExtension>
        </extensions>
      </trkpt>
      <trkpt lat="59.97962865047156810760498046875" lon="30.32382105477154254913330078125">
        <ele>-7.599999904632568359375</ele>
        <time>2025-09-18T07:03:04.000Z</time>
        <extensions>
          <ns3:TrackPointExtension>
            <ns3:atemp>20.0</ns3:atemp>
            <ns3:hr>142</ns3:hr>
          </ns3:TrackPointExtension>
        </extensions>
      </trkpt>
      <trkpt lat="59.97954919002950191497802734375" lon="30.32366364262998104095458984375">
        <ele>-7.19999980926513671875</ele>
        <time>2025-09-18T07:03:07.000Z</time>
        <extensions>
          <ns3:TrackPointExtension>
            <ns3:atemp>20.0</ns3:atemp>
            <ns3:hr>141</ns3:hr>
          </ns3:TrackPointExtension>
        </extensions>
      </trkpt>
      <trkpt lat="59.9794756807386875152587890625" lon="30.3235250897705554962158203125">
        <ele>-7.19999980926513671875</ele>
        <time>2025-09-18T07:03:10.000Z</time>
        <extensions>
          <ns3:TrackPointExtension>
            <ns3:atemp>20.0</ns3:atemp>
            <ns3:hr>139</ns3:hr>
          </ns3:TrackPointExtension>
        </extensions>
      </trkpt>
      <trkpt lat="59.97928641736507415771484375" lon="30.323130302131175994873046875">
        <ele>-6.599999904632568359375</ele>
        <time>2025-09-18T07:03:18.000Z</time>
        <extensions>
          <ns3:TrackPointExtension>
            <ns3:atemp>20.0</ns3:atemp>
            <ns3:hr>139</ns3:hr>
          </ns3:TrackPointExtension>
        </extensions>
      </trkpt>
      <trkpt lat="59.97917703352868556976318359375" lon="30.32290927134454250335693359375">
        <ele>-6.19999980926513671875</ele>
        <time>2025-09-18T07:03:22.000Z</time>
        <extensions>
          <ns3:TrackPointExtension>
            <ns3:atemp>20.0</ns3:atemp>
            <ns3:hr>138</ns3:hr>
          </ns3:TrackPointExtension>
        </extensions>
      </trkpt>
      <trkpt lat="59.9790465272963047027587890625" lon="30.322680361568927764892578125">
        <ele>-5.599999904632568359375</ele>
        <time>2025-09-18T07:03:27.000Z</time>
        <extensions>
          <ns3:TrackPointExtension>
            <ns3:atemp>20.0</ns3:atemp>
            <ns3:hr>140</ns3:hr>
          </ns3:TrackPointExtension>
        </extensions>
      </trkpt>
      <trkpt lat="59.97886606492102146148681640625" lon="30.3223405592143535614013671875">
        <ele>-5.400000095367431640625</ele>
        <time>2025-09-18T07:03:34.000Z</time>
        <extensions>
          <ns3:TrackPointExtension>
            <ns3:atemp>20.0</ns3:atemp>
            <ns3:hr>140</ns3:hr>
          </ns3:TrackPointExtension>
        </extensions>
      </trkpt>
      <trkpt lat="59.97878878377377986907958984375" lon="30.32216462306678295135498046875">
        <ele>-5.400000095367431640625</ele>
        <time>2025-09-18T07:03:37.000Z</time>
        <extensions>
          <ns3:TrackPointExtension>
            <ns3:atemp>20.0</ns3:atemp>
            <ns3:hr>143</ns3:hr>
          </ns3:TrackPointExtension>
        </extensions>
      </trkpt>
      <trkpt lat="59.97867981903254985809326171875" lon="30.321960859000682830810546875">
        <ele>-5.400000095367431640625</ele>
        <time>2025-09-18T07:03:41.000Z</time>
        <extensions>
          <ns3:TrackPointExtension>
            <ns3:atemp>20.0</ns3:atemp>
            <ns3:hr>138</ns3:hr>
          </ns3:TrackPointExtension>
        </extensions>
      </trkpt>
      <trkpt lat="59.9786044657230377197265625" lon="30.3218272514641284942626953125">
        <ele>-5.400000095367431640625</ele>
        <time>2025-09-18T07:03:44.000Z</time>
        <extensions>
          <ns3:TrackPointExtension>
            <ns3:atemp>20.0</ns3:atemp>
            <ns3:hr>138</ns3:hr>
          </ns3:TrackPointExtension>
        </extensions>
      </trkpt>
      <trkpt lat="59.97851754538714885711669921875" lon="30.3216257505118846893310546875">
        <ele>-5.80000019073486328125</ele>
        <time>2025-09-18T07:03:48.000Z</time>
        <extensions>
          <ns3:TrackPointExtension>
            <ns3:atemp>20.0</ns3:atemp>
            <ns3:hr>141</ns3:hr>
          </ns3:TrackPointExtension>
        </extensions>
      </trkpt>
      <trkpt lat="59.97838192619383335113525390625" lon="30.32135124318301677703857421875">
        <ele>-6</ele>
        <time>2025-09-18T07:03:53.000Z</time>
        <extensions>
          <ns3:TrackPointExtension>
            <ns3:atemp>20.0</ns3:atemp>
            <ns3:hr>140</ns3:hr>
          </ns3:TrackPointExtension>
        </extensions>
      </trkpt>
      <trkpt lat="59.978226609528064727783203125" lon="30.32106977887451648712158203125">
        <ele>-6.19999980926513671875</ele>
        <time>2025-09-18T07:03:58.000Z</time>
        <extensions>
          <ns3:TrackPointExtension>
            <ns3:atemp>20.0</ns3:atemp>
            <ns3:hr>143</ns3:hr>
          </ns3:TrackPointExtension>
        </extensions>
      </trkpt>
      <trkpt lat="59.9781644158065319061279296875" lon="30.320947654545307159423828125">
        <ele>-6.19999980926513671875</ele>
        <time>2025-09-18T07:04:00.000Z</time>
        <extensions>
          <ns3:TrackPointExtension>
            <ns3:atemp>20.0</ns3:atemp>
            <ns3:hr>144</ns3:hr>
          </ns3:TrackPointExtension>
        </extensions>
      </trkpt>
      <trkpt lat="59.97800893150269985198974609375" lon="30.32063224352896213531494140625">
        <ele>-6.400000095367431640625</ele>
        <time>2025-09-18T07:04:05.000Z</time>
        <extensions>
          <ns3:TrackPointExtension>
            <ns3:atemp>20.0</ns3:atemp>
            <ns3:hr>140</ns3:hr>
          </ns3:TrackPointExtension>
        </extensions>
      </trkpt>
      <trkpt lat="59.9778797663748264312744140625" lon="30.320378355681896209716796875">
        <ele>-6.80000019073486328125</ele>
        <time>2025-09-18T07:04:09.000Z</time>
        <extensions>
          <ns3:TrackPointExtension>
            <ns3:atemp>20.0</ns3:atemp>
            <ns3:hr>139</ns3:hr>
          </ns3:TrackPointExtension>
        </extensions>
      </trkpt>
      <trkpt lat="59.97776770032942295074462890625" lon="30.320185907185077667236328125">
        <ele>-7.599999904632568359375</ele>
        <time>2025-09-18T07:04:12.000Z</time>
        <extensions>
          <ns3:TrackPointExtension>
            <ns3:atemp>20.0</ns3:atemp>
            <ns3:hr>139</ns3:hr>
          </ns3:TrackPointExtension>
        </extensions>
      </trkpt>
      <trkpt lat="59.9776286445558071136474609375" lon="30.31989698298275470733642578125">
        <ele>-9</ele>
        <time>2025-09-18T07:04:16.000Z</time>
        <extensions>
          <ns3:TrackPointExtension>
            <ns3:atemp>20.0</ns3:atemp>
            <ns3:hr>138</ns3:hr>
          </ns3:TrackPointExtension>
        </extensions>
      </trkpt>
      <trkpt lat="59.9775920994579792022705078125" lon="30.31982054002583026885986328125">
        <ele>-9</ele>
        <time>2025-09-18T07:04:17.000Z</time>
        <extensions>
          <ns3:TrackPointExtension>
            <ns3:atemp>20.0</ns3:atemp>
            <ns3:hr>139</ns3:hr>
          </ns3:TrackPointExtension>
        </extensions>
      </trkpt>
      <trkpt lat="59.97720292769372463226318359375" lon="30.31904404051601886749267578125">
        <ele>-9.6000003814697265625</ele>
        <time>2025-09-18T07:04:26.000Z</time>
        <extensions>
          <ns3:TrackPointExtension>
            <ns3:atemp>20.0</ns3:atemp>
            <ns3:hr>137</ns3:hr>
          </ns3:TrackPointExtension>
        </extensions>
      </trkpt>
      <trkpt lat="59.9771562404930591583251953125" lon="30.3189713694155216217041015625">
        <ele>-9.80000019073486328125</ele>
        <time>2025-09-18T07:04:27.000Z</time>
        <extensions>
          <ns3:TrackPointExtension>
            <ns3:atemp>20.0</ns3:atemp>
            <ns3:hr>137</ns3:hr>
          </ns3:TrackPointExtension>
        </extensions>
      </trkpt>
      <trkpt lat="59.97711022384464740753173828125" lon="30.31890439800918102264404296875">
        <ele>-10</ele>
        <time>2025-09-18T07:04:28.000Z</time>
        <extensions>
          <ns3:TrackPointExtension>
            <ns3:atemp>20.0</ns3:atemp>
            <ns3:hr>135</ns3:hr>
          </ns3:TrackPointExtension>
        </extensions>
      </trkpt>
      <trkpt lat="59.9767448566854000091552734375" lon="30.318429060280323028564453125">
        <ele>-10.80000019073486328125</ele>
        <time>2025-09-18T07:04:35.000Z</time>
        <extensions>
          <ns3:TrackPointExtension>
            <ns3:atemp>20.0</ns3:atemp>
            <ns3:hr>132</ns3:hr>
          </ns3:TrackPointExtension>
        </extensions>
      </trkpt>
      <trkpt lat="59.97669062577188014984130859375" lon="30.31837063841521739959716796875">
        <ele>-11</ele>
        <time>2025-09-18T07:04:36.000Z</time>
        <extensions>
          <ns3:TrackPointExtension>
            <ns3:atemp>20.0</ns3:atemp>
            <ns3:hr>133</ns3:hr>
          </ns3:TrackPointExtension>
        </extensions>
      </trkpt>
      <trkpt lat="59.9764826707541942596435546875" lon="30.31814374029636383056640625">
        <ele>-12</ele>
        <time>2025-09-18T07:04:40.000Z</time>
        <extensions>
          <ns3:TrackPointExtension>
            <ns3:atemp>20.0</ns3:atemp>
            <ns3:hr>132</ns3:hr>
          </ns3:TrackPointExtension>
        </extensions>
      </trkpt>
      <trkpt lat="59.97635417617857456207275390625" lon="30.3180161677300930023193359375">
        <ele>-12.19999980926513671875</ele>
        <time>2025-09-18T07:04:43.000Z</time>
        <extensions>
          <ns3:TrackPointExtension>
            <ns3:atemp>20.0</ns3:atemp>
            <ns3:hr>131</ns3:hr>
          </ns3:TrackPointExtension>
        </extensions>
      </trkpt>
      <trkpt lat="59.97618980705738067626953125" lon="30.31791047193109989166259765625">
        <ele>-12.3999996185302734375</ele>
        <time>2025-09-18T07:04:47.000Z</time>
        <extensions>
          <ns3:TrackPointExtension>
            <ns3:atemp>20.0</ns3:atemp>
            <ns3:hr>128</ns3:hr>
          </ns3:TrackPointExtension>
        </extensions>
      </trkpt>
      <trkpt lat="59.976138509809970855712890625" lon="30.3178760223090648651123046875">
        <ele>-12.80000019073486328125</ele>
        <time>2025-09-18T07:04:48.000Z</time>
        <extensions>
          <ns3:TrackPointExtension>
            <ns3:atemp>20.0</ns3:atemp>
            <ns3:hr>128</ns3:hr>
          </ns3:TrackPointExtension>
        </extensions>
      </trkpt>
      <trkpt lat="59.9760877154767513275146484375" lon="30.31783654354512691497802734375">
        <ele>-13.19999980926513671875</ele>
        <time>2025-09-18T07:04:49.000Z</time>
        <extensions>
          <ns3:TrackPointExtension>
            <ns3:atemp>20.0</ns3:atemp>
            <ns3:hr>127</ns3:hr>
          </ns3:TrackPointExtension>
        </extensions>
      </trkpt>
      <trkpt lat="59.9757242761552333831787109375" lon="30.317480899393558502197265625">
        <ele>-13.19999980926513671875</ele>
        <time>2025-09-18T07:04:54.000Z</time>
        <extensions>
          <ns3:TrackPointExtension>
            <ns3:atemp>20.0</ns3:atemp>
            <ns3:hr>127</ns3:hr>
          </ns3:TrackPointExtension>
        </extensions>
      </trkpt>
      <trkpt lat="59.9754607491195201873779296875" lon="30.31727478839457035064697265625">
        <ele>-12.80000019073486328125</ele>
        <time>2025-09-18T07:04:59.000Z</time>
        <extensions>
          <ns3:TrackPointExtension>
            <ns3:atemp>20.0</ns3:atemp>
            <ns3:hr>124</ns3:hr>
          </ns3:TrackPointExtension>
        </extensions>
      </trkpt>
      <trkpt lat="59.9750854074954986572265625" lon="30.31697295606136322021484375">
        <ele>-13.19999980926513671875</ele>
        <time>2025-09-18T07:05:06.000Z</time>
        <extensions>
          <ns3:TrackPointExtension>
            <ns3:atemp>19.0</ns3:atemp>
            <ns3:hr>125</ns3:hr>
          </ns3:TrackPointExtension>
        </extensions>
      </trkpt>
      <trkpt lat="59.9750456772744655609130859375" lon="30.316947810351848602294921875">
        <ele>-13.3999996185302734375</ele>
        <time>2025-09-18T07:05:07.000Z</time>
        <extensions>
          <ns3:TrackPointExtension>
            <ns3:atemp>19.0</ns3:atemp>
            <ns3:hr>122</ns3:hr>
          </ns3:TrackPointExtension>
        </extensions>
      </trkpt>
      <trkpt lat="59.97500418685376644134521484375" lon="30.316917635500431060791015625">
        <ele>-13.6000003814697265625</ele>
        <time>2025-09-18T07:05:08.000Z</time>
        <extensions>
          <ns3:TrackPointExtension>
            <ns3:atemp>19.0</ns3:atemp>
            <ns3:hr>126</ns3:hr>
          </ns3:TrackPointExtension>
        </extensions>
      </trkpt>
      <trkpt lat="59.97495054267346858978271484375" lon="30.31687513925135135650634765625">
        <ele>-13.80000019073486328125</ele>
        <time>2025-09-18T07:05:09.000Z</time>
        <extensions>
          <ns3:TrackPointExtension>
            <ns3:atemp>19.0</ns3:atemp>
            <ns3:hr>123</ns3:hr>
          </ns3:TrackPointExtension>
        </extensions>
      </trkpt>
      <trkpt lat="59.97485800646245479583740234375" lon="30.31681537628173828125">
        <ele>-14</ele>
        <time>2025-09-18T07:05:12.000Z</time>
        <extensions>
          <ns3:TrackPointExtension>
            <ns3:atemp>19.0</ns3:atemp>
            <ns3:hr>122</ns3:hr>
          </ns3:TrackPointExtension>
        </extensions>
      </trkpt>
      <trkpt lat="59.9748200364410877227783203125" lon="30.3167689405381679534912109375">
        <ele>-14.3999996185302734375</ele>
        <time>2025-09-18T07:05:14.000Z</time>
        <extensions>
          <ns3:TrackPointExtension>
            <ns3:atemp>19.0</ns3:atemp>
            <ns3:hr>122</ns3:hr>
          </ns3:TrackPointExtension>
        </extensions>
      </trkpt>
      <trkpt lat="59.97478139586746692657470703125" lon="30.31678612343966960906982421875">
        <ele>-14.80000019073486328125</ele>
        <time>2025-09-18T07:05:17.000Z</time>
        <extensions>
          <ns3:TrackPointExtension>
            <ns3:atemp>20.0</ns3:atemp>
            <ns3:hr>125</ns3:hr>
          </ns3:TrackPointExtension>
        </extensions>
      </trkpt>
      <trkpt lat="59.97470059432089328765869140625" lon="30.316819734871387481689453125">
        <ele>-15</ele>
        <time>2025-09-18T07:05:20.000Z</time>
        <extensions>
          <ns3:TrackPointExtension>
            <ns3:atemp>20.0</ns3:atemp>
            <ns3:hr>128</ns3:hr>
          </ns3:TrackPointExtension>
        </extensions>
      </trkpt>
      <trkpt lat="59.974620379507541656494140625" lon="30.3167830221354961395263671875">
        <ele>-15</ele>
        <time>2025-09-18T07:05:22.000Z</time>
        <extensions>
          <ns3:TrackPointExtension>
            <ns3:atemp>20.0</ns3:atemp>
            <ns3:hr>129</ns3:hr>
          </ns3:TrackPointExtension>
        </extensions>
      </trkpt>
      <trkpt lat="59.97426272369921207427978515625" lon="30.316474400460720062255859375">
        <ele>-14.80000019073486328125</ele>
        <time>2025-09-18T07:05:29.000Z</time>
        <extensions>
          <ns3:TrackPointExtension>
            <ns3:atemp>20.0</ns3:atemp>
            <ns3:hr>130</ns3:hr>
          </ns3:TrackPointExtension>
        </extensions>
      </trkpt>
      <trkpt lat="59.97411511838436126708984375" lon="30.3163870610296726226806640625">
        <ele>-14.80000019073486328125</ele>
        <time>2025-09-18T07:05:32.000Z</time>
        <extensions>
          <ns3:TrackPointExtension>
            <ns3:atemp>20.0</ns3:atemp>
            <ns3:hr>133</ns3:hr>
          </ns3:TrackPointExtension>
        </extensions>
      </trkpt>
      <trkpt lat="59.97385972179472446441650390625" lon="30.31621380709111690521240234375">
        <ele>-15</ele>
        <time>2025-09-18T07:05:37.000Z</time>
        <extensions>
          <ns3:TrackPointExtension>
            <ns3:atemp>20.0</ns3:atemp>
            <ns3:hr>133</ns3:hr>
          </ns3:TrackPointExtension>
        </extensions>
      </trkpt>
      <trkpt lat="59.97376014478504657745361328125" lon="30.316143147647380828857421875">
        <ele>-15.19999980926513671875</ele>
        <time>2025-09-18T07:05:39.000Z</time>
        <extensions>
          <ns3:TrackPointExtension>
            <ns3:atemp>20.0</ns3:atemp>
            <ns3:hr>136</ns3:hr>
          </ns3:TrackPointExtension>
        </extensions>
      </trkpt>
      <trkpt lat="59.97371287085115909576416015625" lon="30.316125042736530303955078125">
        <ele>-15.3999996185302734375</ele>
        <time>2025-09-18T07:05:40.000Z</time>
        <extensions>
          <ns3:TrackPointExtension>
            <ns3:atemp>20.0</ns3:atemp>
            <ns3:hr>136</ns3:hr>
          </ns3:TrackPointExtension>
        </extensions>
      </trkpt>
      <trkpt lat="59.97357574291527271270751953125" lon="30.3160527907311916351318359375">
        <ele>-15.6000003814697265625</ele>
        <time>2025-09-18T07:05:43.000Z</time>
        <extensions>
          <ns3:TrackPointExtension>
            <ns3:atemp>20.0</ns3:atemp>
            <ns3:hr>136</ns3:hr>
          </ns3:TrackPointExtension>
        </extensions>
      </trkpt>
      <trkpt lat="59.97328220866620540618896484375" lon="30.3158462606370449066162109375">
        <ele>-15.3999996185302734375</ele>
        <time>2025-09-18T07:05:50.000Z</time>
        <extensions>
          <ns3:TrackPointExtension>
            <ns3:atemp>20.0</ns3:atemp>
            <ns3:hr>135</ns3:hr>
          </ns3:TrackPointExtension>
        </extensions>
      </trkpt>
      <trkpt lat="59.973144493997097015380859375" lon="30.31580619513988494873046875">
        <ele>-15.19999980926513671875</ele>
        <time>2025-09-18T07:05:53.000Z</time>
        <extensions>
          <ns3:TrackPointExtension>
            <ns3:atemp>20.0</ns3:atemp>
            <ns3:hr>138</ns3:hr>
          </ns3:TrackPointExtension>
        </extensions>
      </trkpt>
      <trkpt lat="59.9729793705046176910400390625" lon="30.31568960286676883697509765625">
        <ele>-15.3999996185302734375</ele>
        <time>2025-09-18T07:05:57.000Z</time>
        <extensions>
          <ns3:TrackPointExtension>
            <ns3:atemp>20.0</ns3:atemp>
            <ns3:hr>135</ns3:hr>
          </ns3:TrackPointExtension>
        </extensions>
      </trkpt>
      <trkpt lat="59.972938634455204010009765625" lon="30.31565791927278041839599609375">
        <ele>-15.6000003814697265625</ele>
        <time>2025-09-18T07:05:58.000Z</time>
        <extensions>
          <ns3:TrackPointExtension>
            <ns3:atemp>20.0</ns3:atemp>
            <ns3:hr>134</ns3:hr>
          </ns3:TrackPointExtension>
        </extensions>
      </trkpt>
      <trkpt lat="59.97260830365121364593505859375" lon="30.315417945384979248046875">
        <ele>-16.3999996185302734375</ele>
        <time>2025-09-18T07:06:06.000Z</time>
        <extensions>
          <ns3:TrackPointExtension>
            <ns3:atemp>20.0</ns3:atemp>
            <ns3:hr>137</ns3:hr>
          </ns3:TrackPointExtension>
        </extensions>
      </trkpt>
      <trkpt lat="59.9725663103163242340087890625" lon="30.3153929673135280609130859375">
        <ele>-16.200000762939453125</ele>
        <time>2025-09-18T07:06:07.000Z</time>
        <extensions>
          <ns3:TrackPointExtension>
            <ns3:atemp>20.0</ns3:atemp>
            <ns3:hr>138</ns3:hr>
          </ns3:TrackPointExtension>
        </extensions>
      </trkpt>
      <trkpt lat="59.972522892057895660400390625" lon="30.31536497175693511962890625">
        <ele>-16.200000762939453125</ele>
        <time>2025-09-18T07:06:08.000Z</time>
        <extensions>
          <ns3:TrackPointExtension>
            <ns3:atemp>20.0</ns3:atemp>
            <ns3:hr>135</ns3:hr>
          </ns3:TrackPointExtension>
        </extensions>
      </trkpt>
      <trkpt lat="59.97213858179748058319091796875" lon="30.31504956074059009552001953125">
        <ele>-16.200000762939453125</ele>
        <time>2025-09-18T07:06:17.000Z</time>
        <extensions>
          <ns3:TrackPointExtension>
            <ns3:atemp>20.0</ns3:atemp>
            <ns3:hr>134</ns3:hr>
          </ns3:TrackPointExtension>
        </extensions>
      </trkpt>
      <trkpt lat="59.97171881608664989471435546875" lon="30.31504738144576549530029296875">
        <ele>-15.80000019073486328125</ele>
        <time>2025-09-18T07:06:25.000Z</time>
        <extensions>
          <ns3:TrackPointExtension>
            <ns3:atemp>20.0</ns3:atemp>
            <ns3:hr>134</ns3:hr>
          </ns3:TrackPointExtension>
        </extensions>
      </trkpt>
      <trkpt lat="59.971673972904682159423828125" lon="30.31503899954259395599365234375">
        <ele>-15.80000019073486328125</ele>
        <time>2025-09-18T07:06:26.000Z</time>
        <extensions>
          <ns3:TrackPointExtension>
            <ns3:atemp>20.0</ns3:atemp>
            <ns3:hr>133</ns3:hr>
          </ns3:TrackPointExtension>
        </extensions>
      </trkpt>
      <trkpt lat="59.9715068377554416656494140625" lon="30.3149121813476085662841796875">
        <ele>-16.200000762939453125</ele>
        <time>2025-09-18T07:06:30.000Z</time>
        <extensions>
          <ns3:TrackPointExtension>
            <ns3:atemp>20.0</ns3:atemp>
            <ns3:hr>133</ns3:hr>
          </ns3:TrackPointExtension>
        </extensions>
      </trkpt>
      <trkpt lat="59.97130759991705417633056640625" lon="30.3147314675152301788330078125">
        <ele>-16.3999996185302734375</ele>
        <time>2025-09-18T07:06:34.000Z</time>
        <extensions>
          <ns3:TrackPointExtension>
            <ns3:atemp>20.0</ns3:atemp>
            <ns3:hr>137</ns3:hr>
          </ns3:TrackPointExtension>
        </extensions>
      </trkpt>
      <trkpt lat="59.97126066125929355621337890625" lon="30.31468645669519901275634765625">
        <ele>-16.3999996185302734375</ele>
        <time>2025-09-18T07:06:35.000Z</time>
        <extensions>
          <ns3:TrackPointExtension>
            <ns3:atemp>20.0</ns3:atemp>
            <ns3:hr>145</ns3:hr>
          </ns3:TrackPointExtension>
        </extensions>
      </trkpt>
      <trkpt lat="59.9712131358683109283447265625" lon="30.31463901512324810028076171875">
        <ele>-16.3999996185302734375</ele>
        <time>2025-09-18T07:06:36.000Z</time>
        <extensions>
          <ns3:TrackPointExtension>
            <ns3:atemp>20.0</ns3:atemp>
            <ns3:hr>146</ns3:hr>
          </ns3:TrackPointExtension>
        </extensions>
      </trkpt>
      <trkpt lat="59.97102630324661731719970703125" lon="30.314434580504894256591796875">
        <ele>-16.3999996185302734375</ele>
        <time>2025-09-18T07:06:40.000Z</time>
        <extensions>
          <ns3:TrackPointExtension>
            <ns3:atemp>20.0</ns3:atemp>
            <ns3:hr>147</ns3:hr>
          </ns3:TrackPointExtension>
        </extensions>
      </trkpt>
      <trkpt lat="59.97095723636448383331298828125" lon="30.31430189497768878936767578125">
        <ele>-16</ele>
        <time>2025-09-18T07:06:42.000Z</time>
        <extensions>
          <ns3:TrackPointExtension>
            <ns3:atemp>20.0</ns3:atemp>
            <ns3:hr>147</ns3:hr>
          </ns3:TrackPointExtension>
        </extensions>
      </trkpt>
      <trkpt lat="59.97093460522592067718505859375" lon="30.3141192533075809478759765625">
        <ele>-16</ele>
        <time>2025-09-18T07:06:44.000Z</time>
        <extensions>
          <ns3:TrackPointExtension>
            <ns3:atemp>20.0</ns3:atemp>
            <ns3:hr>148</ns3:hr>
          </ns3:TrackPointExtension>
        </extensions>
      </trkpt>
      <trkpt lat="59.97096025384962558746337890625" lon="30.313975252211093902587890625">
        <ele>-16</ele>
        <time>2025-09-18T07:06:45.000Z</time>
        <extensions>
          <ns3:TrackPointExtension>
            <ns3:atemp>20.0</ns3:atemp>
            <ns3:hr>149</ns3:hr>
          </ns3:TrackPointExtension>
        </extensions>
      </trkpt>
      <trkpt lat="59.97098020277917385101318359375" lon="30.3137509524822235107421875">
        <ele>-16.200000762939453125</ele>
        <time>2025-09-18T07:06:47.000Z</time>
        <extensions>
          <ns3:TrackPointExtension>
            <ns3:atemp>20.0</ns3:atemp>
            <ns3:hr>145</ns3:hr>
          </ns3:TrackPointExtension>
        </extensions>
      </trkpt>
      <trkpt lat="59.970991350710391998291015625" lon="30.31360133551061153411865234375">
        <ele>-16.3999996185302734375</ele>
        <time>2025-09-18T07:06:49.000Z</time>
        <extensions>
          <ns3:TrackPointExtension>
            <ns3:atemp>20.0</ns3:atemp>
            <ns3:hr>147</ns3:hr>
          </ns3:TrackPointExtension>
        </extensions>
      </trkpt>
      <trkpt lat="59.971000738441944122314453125" lon="30.31353461556136608123779296875">
        <ele>-16.6000003814697265625</ele>
        <time>2025-09-18T07:06:50.000Z</time>
        <extensions>
          <ns3:TrackPointExtension>
            <ns3:atemp>20.0</ns3:atemp>
            <ns3:hr>146</ns3:hr>
          </ns3:TrackPointExtension>
        </extensions>
      </trkpt>
      <trkpt lat="59.97103133238852024078369140625" lon="30.31309850513935089111328125">
        <ele>-16.799999237060546875</ele>
        <time>2025-09-18T07:06:57.000Z</time>
        <extensions>
          <ns3:TrackPointExtension>
            <ns3:atemp>20.0</ns3:atemp>
            <ns3:hr>145</ns3:hr>
          </ns3:TrackPointExtension>
        </extensions>
      </trkpt>
      <trkpt lat="59.9710361100733280181884765625" lon="30.31282936222851276397705078125">
        <ele>-17</ele>
        <time>2025-09-18T07:07:04.000Z</time>
        <extensions>
          <ns3:TrackPointExtension>
            <ns3:atemp>20.0</ns3:atemp>
            <ns3:hr>141</ns3:hr>
          </ns3:TrackPointExtension>
        </extensions>
      </trkpt>
      <trkpt lat="59.97103569097816944122314453125" lon="30.31279952265322208404541015625">
        <ele>-17.200000762939453125</ele>
        <time>2025-09-18T07:07:05.000Z</time>
        <extensions>
          <ns3:TrackPointExtension>
            <ns3:atemp>20.0</ns3:atemp>
            <ns3:hr>139</ns3:hr>
          </ns3:TrackPointExtension>
        </extensions>
      </trkpt>
      <trkpt lat="59.97105496935546398162841796875" lon="30.31274688430130481719970703125">
        <ele>-17.200000762939453125</ele>
        <time>2025-09-18T07:07:07.000Z</time>
        <extensions>
          <ns3:TrackPointExtension>
            <ns3:atemp>20.0</ns3:atemp>
            <ns3:hr>138</ns3:hr>
          </ns3:TrackPointExtension>
        </extensions>
      </trkpt>
      <trkpt lat="59.9710984714329242706298828125" lon="30.312686450779438018798828125">
        <ele>-17.200000762939453125</ele>
        <time>2025-09-18T07:07:10.000Z</time>
        <extensions>
          <ns3:TrackPointExtension>
            <ns3:atemp>20.0</ns3:atemp>
            <ns3:hr>137</ns3:hr>
          </ns3:TrackPointExtension>
        </extensions>
      </trkpt>
      <trkpt lat="59.9711035005748271942138671875" lon="30.312416218221187591552734375">
        <ele>-17.200000762939453125</ele>
        <time>2025-09-18T07:07:15.000Z</time>
        <extensions>
          <ns3:TrackPointExtension>
            <ns3:atemp>20.0</ns3:atemp>
            <ns3:hr>135</ns3:hr>
          </ns3:TrackPointExtension>
        </extensions>
      </trkpt>
      <trkpt lat="59.97114197351038455963134765625" lon="30.31209829263389110565185546875">
        <ele>-17</ele>
        <time>2025-09-18T07:07:20.000Z</time>
        <extensions>
          <ns3:TrackPointExtension>
            <ns3:atemp>20.0</ns3:atemp>
            <ns3:hr>132</ns3:hr>
          </ns3:TrackPointExtension>
        </extensions>
      </trkpt>
      <trkpt lat="59.97113292105495929718017578125" lon="30.31199050135910511016845703125">
        <ele>-17</ele>
        <time>2025-09-18T07:07:21.000Z</time>
        <extensions>
          <ns3:TrackPointExtension>
            <ns3:atemp>20.0</ns3:atemp>
            <ns3:hr>131</ns3:hr>
          </ns3:TrackPointExtension>
        </extensions>
      </trkpt>
      <trkpt lat="59.9711159057915210723876953125" lon="30.31158506870269775390625">
        <ele>-17</ele>
        <time>2025-09-18T07:07:26.000Z</time>
        <extensions>
          <ns3:TrackPointExtension>
            <ns3:atemp>20.0</ns3:atemp>
            <ns3:hr>128</ns3:hr>
          </ns3:TrackPointExtension>
        </extensions>
      </trkpt>
      <trkpt lat="59.97111347503960132598876953125" lon="30.3115010820329189300537109375">
        <ele>-17</ele>
        <time>2025-09-18T07:07:27.000Z</time>
        <extensions>
          <ns3:TrackPointExtension>
            <ns3:atemp>20.0</ns3:atemp>
            <ns3:hr>129</ns3:hr>
          </ns3:TrackPointExtension>
        </extensions>
      </trkpt>
      <trkpt lat="59.97109218500554561614990234375" lon="30.31129815615713596343994140625">
        <ele>-16.799999237060546875</ele>
        <time>2025-09-18T07:07:29.000Z</time>
        <extensions>
          <ns3:TrackPointExtension>
            <ns3:atemp>20.0</ns3:atemp>
            <ns3:hr>132</ns3:hr>
          </ns3:TrackPointExtension>
        </extensions>
      </trkpt>
      <trkpt lat="59.97108145616948604583740234375" lon="30.311030857264995574951171875">
        <ele>-17</ele>
        <time>2025-09-18T07:07:32.000Z</time>
        <extensions>
          <ns3:TrackPointExtension>
            <ns3:atemp>20.0</ns3:atemp>
            <ns3:hr>135</ns3:hr>
          </ns3:TrackPointExtension>
        </extensions>
      </trkpt>
      <trkpt lat="59.97107659466564655303955078125" lon="30.3109478764235973358154296875">
        <ele>-17</ele>
        <time>2025-09-18T07:07:33.000Z</time>
        <extensions>
          <ns3:TrackPointExtension>
            <ns3:atemp>20.0</ns3:atemp>
            <ns3:hr>134</ns3:hr>
          </ns3:TrackPointExtension>
        </extensions>
      </trkpt>
      <trkpt lat="59.97107860632240772247314453125" lon="30.31056188978254795074462890625">
        <ele>-17.200000762939453125</ele>
        <time>2025-09-18T07:07:38.000Z</time>
        <extensions>
          <ns3:TrackPointExtension>
            <ns3:atemp>20.0</ns3:atemp>
            <ns3:hr>135</ns3:hr>
          </ns3:TrackPointExtension>
        </extensions>
      </trkpt>
      <trkpt lat="59.97111816890537738800048828125" lon="30.31040900386869907379150390625">
        <ele>-17.200000762939453125</ele>
        <time>2025-09-18T07:07:42.000Z</time>
        <extensions>
          <ns3:TrackPointExtension>
            <ns3:atemp>20.0</ns3:atemp>
            <ns3:hr>136</ns3:hr>
          </ns3:TrackPointExtension>
        </extensions>
      </trkpt>
      <trkpt lat="59.97115789912641048431396484375" lon="30.3101898171007633209228515625">
        <ele>-17</ele>
        <time>2025-09-18T07:07:46.000Z</time>
        <extensions>
          <ns3:TrackPointExtension>
            <ns3:atemp>20.0</ns3:atemp>
            <ns3:hr>134</ns3:hr>
          </ns3:TrackPointExtension>
        </extensions>
      </trkpt>
      <trkpt lat="59.97116443701088428497314453125" lon="30.31013307161629199981689453125">
        <ele>-17.200000762939453125</ele>
        <time>2025-09-18T07:07:47.000Z</time>
        <extensions>
          <ns3:TrackPointExtension>
            <ns3:atemp>20.0</ns3:atemp>
            <ns3:hr>137</ns3:hr>
          </ns3:TrackPointExtension>
        </extensions>
      </trkpt>
      <trkpt lat="59.9711702205240726470947265625" lon="30.310071967542171478271484375">
        <ele>-17.200000762939453125</ele>
        <time>2025-09-18T07:07:48.000Z</time>
        <extensions>
          <ns3:TrackPointExtension>
            <ns3:atemp>20.0</ns3:atemp>
            <ns3:hr>134</ns3:hr>
          </ns3:TrackPointExtension>
        </extensions>
      </trkpt>
      <trkpt lat="59.9711908400058746337890625" lon="30.30977449379861354827880859375">
        <ele>-17.3999996185302734375</ele>
        <time>2025-09-18T07:07:52.000Z</time>
        <extensions>
          <ns3:TrackPointExtension>
            <ns3:atemp>20.0</ns3:atemp>
            <ns3:hr>131</ns3:hr>
          </ns3:TrackPointExtension>
        </extensions>
      </trkpt>
      <trkpt lat="59.97119192965328693389892578125" lon="30.309682376682758331298828125">
        <ele>-17.3999996185302734375</ele>
        <time>2025-09-18T07:07:53.000Z</time>
        <extensions>
          <ns3:TrackPointExtension>
            <ns3:atemp>20.0</ns3:atemp>
            <ns3:hr>132</ns3:hr>
          </ns3:TrackPointExtension>
        </extensions>
      </trkpt>
      <trkpt lat="59.97119192965328693389892578125" lon="30.30905884690582752227783203125">
        <ele>-17.3999996185302734375</ele>
        <time>2025-09-18T07:08:00.000Z</time>
        <extensions>
          <ns3:TrackPointExtension>
            <ns3:atemp>20.0</ns3:atemp>
            <ns3:hr>132</ns3:hr>
          </ns3:TrackPointExtension>
        </extensions>
      </trkpt>
      <trkpt lat="59.9711618386209011077880859375" lon="30.30865182168781757354736328125">
        <ele>-17.3999996185302734375</ele>
        <time>2025-09-18T07:08:05.000Z</time>
        <extensions>
          <ns3:TrackPointExtension>
            <ns3:atemp>20.0</ns3:atemp>
            <ns3:hr>133</ns3:hr>
          </ns3:TrackPointExtension>
        </extensions>
      </trkpt>
      <trkpt lat="59.97115907259285449981689453125" lon="30.3083758056163787841796875">
        <ele>-17.6000003814697265625</ele>
        <time>2025-09-18T07:08:09.000Z</time>
        <extensions>
          <ns3:TrackPointExtension>
            <ns3:atemp>20.0</ns3:atemp>
            <ns3:hr>135</ns3:hr>
          </ns3:TrackPointExtension>
        </extensions>
      </trkpt>
      <trkpt lat="59.97117063961923122406005859375" lon="30.30824563466012477874755859375">
        <ele>-17.799999237060546875</ele>
        <time>2025-09-18T07:08:11.000Z</time>
        <extensions>
          <ns3:TrackPointExtension>
            <ns3:atemp>20.0</ns3:atemp>
            <ns3:hr>135</ns3:hr>
          </ns3:TrackPointExtension>
        </extensions>
      </trkpt>
      <trkpt lat="59.97119042091071605682373046875" lon="30.30770416371524333953857421875">
        <ele>-18</ele>
        <time>2025-09-18T07:08:18.000Z</time>
        <extensions>
          <ns3:TrackPointExtension>
            <ns3:atemp>20.0</ns3:atemp>
            <ns3:hr>137</ns3:hr>
          </ns3:TrackPointExtension>
        </extensions>
      </trkpt>
      <trkpt lat="59.97120131738483905792236328125" lon="30.3071934543550014495849609375">
        <ele>-18</ele>
        <time>2025-09-18T07:08:25.000Z</time>
        <extensions>
          <ns3:TrackPointExtension>
            <ns3:atemp>20.0</ns3:atemp>
            <ns3:hr>138</ns3:hr>
          </ns3:TrackPointExtension>
        </extensions>
      </trkpt>
      <trkpt lat="59.97124976478517055511474609375" lon="30.30681266449391841888427734375">
        <ele>-18.3999996185302734375</ele>
        <time>2025-09-18T07:08:31.000Z</time>
        <extensions>
          <ns3:TrackPointExtension>
            <ns3:atemp>20.0</ns3:atemp>
            <ns3:hr>138</ns3:hr>
          </ns3:TrackPointExtension>
        </extensions>
      </trkpt>
      <trkpt lat="59.97122780419886112213134765625" lon="30.30665877275168895721435546875">
        <ele>-18.6000003814697265625</ele>
        <time>2025-09-18T07:08:35.000Z</time>
        <extensions>
          <ns3:TrackPointExtension>
            <ns3:atemp>20.0</ns3:atemp>
            <ns3:hr>136</ns3:hr>
          </ns3:TrackPointExtension>
        </extensions>
      </trkpt>
      <trkpt lat="59.97122763656079769134521484375" lon="30.306636728346347808837890625">
        <ele>-18.3999996185302734375</ele>
        <time>2025-09-18T07:08:40.000Z</time>
        <extensions>
          <ns3:TrackPointExtension>
            <ns3:atemp>20.0</ns3:atemp>
            <ns3:hr>136</ns3:hr>
          </ns3:TrackPointExtension>
        </extensions>
      </trkpt>
      <trkpt lat="59.97122503817081451416015625" lon="30.3066365607082843780517578125">
        <ele>-18.3999996185302734375</ele>
        <time>2025-09-18T07:08:45.000Z</time>
        <extensions>
          <ns3:TrackPointExtension>
            <ns3:atemp>20.0</ns3:atemp>
            <ns3:hr>133</ns3:hr>
          </ns3:TrackPointExtension>
        </extensions>
      </trkpt>
      <trkpt lat="59.971227385103702545166015625" lon="30.30663974583148956298828125">
        <ele>-18.3999996185302734375</ele>
        <time>2025-09-18T07:08:47.000Z</time>
        <extensions>
          <ns3:TrackPointExtension>
            <ns3:atemp>20.0</ns3:atemp>
            <ns3:hr>136</ns3:hr>
          </ns3:TrackPointExtension>
        </extensions>
      </trkpt>
      <trkpt lat="59.971230067312717437744140625" lon="30.30665474943816661834716796875">
        <ele>-18.3999996185302734375</ele>
        <time>2025-09-18T07:08:53.000Z</time>
        <extensions>
          <ns3:TrackPointExtension>
            <ns3:atemp>20.0</ns3:atemp>
            <ns3:hr>129</ns3:hr>
          </ns3:TrackPointExtension>
        </extensions>
      </trkpt>
      <trkpt lat="59.9712298996746540069580078125" lon="30.30665625818073749542236328125">
        <ele>-18.3999996185302734375</ele>
        <time>2025-09-18T07:08:54.000Z</time>
        <extensions>
          <ns3:TrackPointExtension>
            <ns3:atemp>20.0</ns3:atemp>
            <ns3:hr>125</ns3:hr>
          </ns3:TrackPointExtension>
        </extensions>
      </trkpt>
      <trkpt lat="59.97122981585562229156494140625" lon="30.30665743164718151092529296875">
        <ele>-18.3999996185302734375</ele>
        <time>2025-09-18T07:08:55.000Z</time>
        <extensions>
          <ns3:TrackPointExtension>
            <ns3:atemp>20.0</ns3:atemp>
            <ns3:hr>122</ns3:hr>
          </ns3:TrackPointExtension>
        </extensions>
      </trkpt>
      <trkpt lat="59.9712298996746540069580078125" lon="30.3066583536565303802490234375">
        <ele>-18.3999996185302734375</ele>
        <time>2025-09-18T07:08:56.000Z</time>
        <extensions>
          <ns3:TrackPointExtension>
            <ns3:atemp>20.0</ns3:atemp>
            <ns3:hr>119</ns3:hr>
          </ns3:TrackPointExtension>
        </extensions>
      </trkpt>
      <trkpt lat="59.97122981585562229156494140625" lon="30.30665927566587924957275390625">
        <ele>-18.6000003814697265625</ele>
        <time>2025-09-18T07:08:57.000Z</time>
        <extensions>
          <ns3:TrackPointExtension>
            <ns3:atemp>20.0</ns3:atemp>
            <ns3:hr>116</ns3:hr>
          </ns3:TrackPointExtension>
        </extensions>
      </trkpt>
      <trkpt lat="59.97122981585562229156494140625" lon="30.30665961094200611114501953125">
        <ele>-18.3999996185302734375</ele>
        <time>2025-09-18T07:08:58.000Z</time>
        <extensions>
          <ns3:TrackPointExtension>
            <ns3:atemp>20.0</ns3:atemp>
            <ns3:hr>113</ns3:hr>
          </ns3:TrackPointExtension>
        </extensions>
      </trkpt>
      <trkpt lat="59.97122964821755886077880859375" lon="30.306660197675228118896484375">
        <ele>-18.3999996185302734375</ele>
        <time>2025-09-18T07:08:59.000Z</time>
        <extensions>
          <ns3:TrackPointExtension>
            <ns3:atemp>20.0</ns3:atemp>
            <ns3:hr>116</ns3:hr>
          </ns3:TrackPointExtension>
        </extensions>
      </trkpt>
      <trkpt lat="59.9712285585701465606689453125" lon="30.3066566772758960723876953125">
        <ele>-18.3999996185302734375</ele>
        <time>2025-09-18T07:09:02.000Z</time>
        <extensions>
          <ns3:TrackPointExtension>
            <ns3:atemp>20.0</ns3:atemp>
            <ns3:hr>113</ns3:hr>
          </ns3:TrackPointExtension>
        </extensions>
      </trkpt>
      <trkpt lat="59.97122428379952907562255859375" lon="30.3066496364772319793701171875">
        <ele>-18.3999996185302734375</ele>
        <time>2025-09-18T07:09:04.000Z</time>
        <extensions>
          <ns3:TrackPointExtension>
            <ns3:atemp>20.0</ns3:atemp>
            <ns3:hr>112</ns3:hr>
          </ns3:TrackPointExtension>
        </extensions>
      </trkpt>
      <trkpt lat="59.9712154828011989593505859375" lon="30.30667352490127086639404296875">
        <ele>-18.3999996185302734375</ele>
        <time>2025-09-18T07:09:12.000Z</time>
        <extensions>
          <ns3:TrackPointExtension>
            <ns3:atemp>20.0</ns3:atemp>
            <ns3:hr>113</ns3:hr>
          </ns3:TrackPointExtension>
        </extensions>
      </trkpt>
      <trkpt lat="59.97119192965328693389892578125" lon="30.30663765035569667816162109375">
        <ele>-18.6000003814697265625</ele>
        <time>2025-09-18T07:09:18.000Z</time>
        <extensions>
          <ns3:TrackPointExtension>
            <ns3:atemp>20.0</ns3:atemp>
            <ns3:hr>113</ns3:hr>
          </ns3:TrackPointExtension>
        </extensions>
      </trkpt>
      <trkpt lat="59.971213303506374359130859375" lon="30.30665977858006954193115234375">
        <ele>-18.3999996185302734375</ele>
        <time>2025-09-18T07:09:24.000Z</time>
        <extensions>
          <ns3:TrackPointExtension>
            <ns3:atemp>20.0</ns3:atemp>
            <ns3:hr>110</ns3:hr>
          </ns3:TrackPointExtension>
        </extensions>
      </trkpt>
      <trkpt lat="59.97123367153108119964599609375" lon="30.30661602504551410675048828125">
        <ele>-18.200000762939453125</ele>
        <time>2025-09-18T07:09:27.000Z</time>
        <extensions>
          <ns3:TrackPointExtension>
            <ns3:atemp>20.0</ns3:atemp>
            <ns3:hr>111</ns3:hr>
          </ns3:TrackPointExtension>
        </extensions>
      </trkpt>
      <trkpt lat="59.9712362699210643768310546875" lon="30.30660663731396198272705078125">
        <ele>-18.6000003814697265625</ele>
        <time>2025-09-18T07:09:38.000Z</time>
        <extensions>
          <ns3:TrackPointExtension>
            <ns3:atemp>20.0</ns3:atemp>
            <ns3:hr>108</ns3:hr>
          </ns3:TrackPointExtension>
        </extensions>
      </trkpt>
      <trkpt lat="59.97123735956847667694091796875" lon="30.30660227872431278228759765625">
        <ele>-18.6000003814697265625</ele>
        <time>2025-09-18T07:09:40.000Z</time>
        <extensions>
          <ns3:TrackPointExtension>
            <ns3:atemp>20.0</ns3:atemp>
            <ns3:hr>110</ns3:hr>
          </ns3:TrackPointExtension>
        </extensions>
      </trkpt>
      <trkpt lat="59.97123710811138153076171875" lon="30.30660177581012248992919921875">
        <ele>-18.6000003814697265625</ele>
        <time>2025-09-18T07:09:41.000Z</time>
        <extensions>
          <ns3:TrackPointExtension>
            <ns3:atemp>20.0</ns3:atemp>
            <ns3:hr>107</ns3:hr>
          </ns3:TrackPointExtension>
        </extensions>
      </trkpt>
      <trkpt lat="59.97123719193041324615478515625" lon="30.306600518524646759033203125">
        <ele>-18.799999237060546875</ele>
        <time>2025-09-18T07:09:42.000Z</time>
        <extensions>
          <ns3:TrackPointExtension>
            <ns3:atemp>20.0</ns3:atemp>
            <ns3:hr>113</ns3:hr>
          </ns3:TrackPointExtension>
        </extensions>
      </trkpt>
      <trkpt lat="59.9712369404733180999755859375" lon="30.3066001832485198974609375">
        <ele>-18.799999237060546875</ele>
        <time>2025-09-18T07:09:43.000Z</time>
        <extensions>
          <ns3:TrackPointExtension>
            <ns3:atemp>20.0</ns3:atemp>
            <ns3:hr>118</ns3:hr>
          </ns3:TrackPointExtension>
        </extensions>
      </trkpt>
      <trkpt lat="59.97123668901622295379638671875" lon="30.3065996803343296051025390625">
        <ele>-18.799999237060546875</ele>
        <time>2025-09-18T07:09:44.000Z</time>
        <extensions>
          <ns3:TrackPointExtension>
            <ns3:atemp>19.0</ns3:atemp>
            <ns3:hr>123</ns3:hr>
          </ns3:TrackPointExtension>
        </extensions>
      </trkpt>
      <trkpt lat="59.971236772835254669189453125" lon="30.3065986745059490203857421875">
        <ele>-18.799999237060546875</ele>
        <time>2025-09-18T07:09:45.000Z</time>
        <extensions>
          <ns3:TrackPointExtension>
            <ns3:atemp>19.0</ns3:atemp>
            <ns3:hr>126</ns3:hr>
          </ns3:TrackPointExtension>
        </extensions>
      </trkpt>
      <trkpt lat="59.97123702429234981536865234375" lon="30.30659842304885387420654296875">
        <ele>-18.799999237060546875</ele>
        <time>2025-09-18T07:09:46.000Z</time>
        <extensions>
          <ns3:TrackPointExtension>
            <ns3:atemp>19.0</ns3:atemp>
            <ns3:hr>130</ns3:hr>
          </ns3:TrackPointExtension>
        </extensions>
      </trkpt>
      <trkpt lat="59.9712382815778255462646484375" lon="30.3065939806401729583740234375">
        <ele>-18.6000003814697265625</ele>
        <time>2025-09-18T07:09:54.000Z</time>
        <extensions>
          <ns3:TrackPointExtension>
            <ns3:atemp>19.0</ns3:atemp>
            <ns3:hr>128</ns3:hr>
          </ns3:TrackPointExtension>
        </extensions>
      </trkpt>
      <trkpt lat="59.97123434208333492279052734375" lon="30.30657512135803699493408203125">
        <ele>-18.6000003814697265625</ele>
        <time>2025-09-18T07:10:00.000Z</time>
        <extensions>
          <ns3:TrackPointExtension>
            <ns3:atemp>19.0</ns3:atemp>
            <ns3:hr>125</ns3:hr>
          </ns3:TrackPointExtension>
        </extensions>
      </trkpt>
      <trkpt lat="59.97122210450470447540283203125" lon="30.3064982593059539794921875">
        <ele>-19</ele>
        <time>2025-09-18T07:10:03.000Z</time>
        <extensions>
          <ns3:TrackPointExtension>
            <ns3:atemp>19.0</ns3:atemp>
            <ns3:hr>125</ns3:hr>
          </ns3:TrackPointExtension>
        </extensions>
      </trkpt>
      <trkpt lat="59.971217326819896697998046875" lon="30.30646883882582187652587890625">
        <ele>-19</ele>
        <time>2025-09-18T07:10:04.000Z</time>
        <extensions>
          <ns3:TrackPointExtension>
            <ns3:atemp>19.0</ns3:atemp>
            <ns3:hr>125</ns3:hr>
          </ns3:TrackPointExtension>
        </extensions>
      </trkpt>
      <trkpt lat="59.9712121300399303436279296875" lon="30.30630153603851795196533203125">
        <ele>-19.200000762939453125</ele>
        <time>2025-09-18T07:10:08.000Z</time>
        <extensions>
          <ns3:TrackPointExtension>
            <ns3:atemp>19.0</ns3:atemp>
            <ns3:hr>128</ns3:hr>
          </ns3:TrackPointExtension>
        </extensions>
      </trkpt>
      <trkpt lat="59.9712134711444377899169921875" lon="30.30597388744354248046875">
        <ele>-18.6000003814697265625</ele>
        <time>2025-09-18T07:10:12.000Z</time>
        <extensions>
          <ns3:TrackPointExtension>
            <ns3:atemp>19.0</ns3:atemp>
            <ns3:hr>125</ns3:hr>
          </ns3:TrackPointExtension>
        </extensions>
      </trkpt>
      <trkpt lat="59.97122176922857761383056640625" lon="30.30587824992835521697998046875">
        <ele>-18.799999237060546875</ele>
        <time>2025-09-18T07:10:14.000Z</time>
        <extensions>
          <ns3:TrackPointExtension>
            <ns3:atemp>19.0</ns3:atemp>
            <ns3:hr>123</ns3:hr>
          </ns3:TrackPointExtension>
        </extensions>
      </trkpt>
      <trkpt lat="59.9712713062763214111328125" lon="30.30584690161049365997314453125">
        <ele>-19</ele>
        <time>2025-09-18T07:10:19.000Z</time>
        <extensions>
          <ns3:TrackPointExtension>
            <ns3:atemp>19.0</ns3:atemp>
            <ns3:hr>121</ns3:hr>
          </ns3:TrackPointExtension>
        </extensions>
      </trkpt>
      <trkpt lat="59.97125948779284954071044921875" lon="30.3058577142655849456787109375">
        <ele>-19.200000762939453125</ele>
        <time>2025-09-18T07:10:20.000Z</time>
        <extensions>
          <ns3:TrackPointExtension>
            <ns3:atemp>19.0</ns3:atemp>
            <ns3:hr>121</ns3:hr>
          </ns3:TrackPointExtension>
        </extensions>
      </trkpt>
      <trkpt lat="59.9711881577968597412109375" lon="30.3058345802128314971923828125">
        <ele>-19.200000762939453125</ele>
        <time>2025-09-18T07:10:23.000Z</time>
        <extensions>
          <ns3:TrackPointExtension>
            <ns3:atemp>19.0</ns3:atemp>
            <ns3:hr>119</ns3:hr>
          </ns3:TrackPointExtension>
        </extensions>
      </trkpt>
      <trkpt lat="59.9712087772786617279052734375" lon="30.3057547844946384429931640625">
        <ele>-18.799999237060546875</ele>
        <time>2025-09-18T07:10:25.000Z</time>
        <extensions>
          <ns3:TrackPointExtension>
            <ns3:atemp>19.0</ns3:atemp>
            <ns3:hr>118</ns3:hr>
          </ns3:TrackPointExtension>
        </extensions>
      </trkpt>
      <trkpt lat="59.971232749521732330322265625" lon="30.3056833706796169281005859375">
        <ele>-18.799999237060546875</ele>
        <time>2025-09-18T07:10:27.000Z</time>
        <extensions>
          <ns3:TrackPointExtension>
            <ns3:atemp>19.0</ns3:atemp>
            <ns3:hr>118</ns3:hr>
          </ns3:TrackPointExtension>
        </extensions>
      </trkpt>
      <trkpt lat="59.97139426879584789276123046875" lon="30.30519210733473300933837890625">
        <ele>-19</ele>
        <time>2025-09-18T07:10:30.000Z</time>
        <extensions>
          <ns3:TrackPointExtension>
            <ns3:atemp>19.0</ns3:atemp>
            <ns3:hr>119</ns3:hr>
          </ns3:TrackPointExtension>
        </extensions>
      </trkpt>
      <trkpt lat="59.97144087217748165130615234375" lon="30.3051234595477581024169921875">
        <ele>-19</ele>
        <time>2025-09-18T07:10:32.000Z</time>
        <extensions>
          <ns3:TrackPointExtension>
            <ns3:atemp>19.0</ns3:atemp>
            <ns3:hr>121</ns3:hr>
          </ns3:TrackPointExtension>
        </extensions>
      </trkpt>
      <trkpt lat="59.97144154272973537445068359375" lon="30.30509051866829395294189453125">
        <ele>-19</ele>
        <time>2025-09-18T07:10:33.000Z</time>
        <extensions>
          <ns3:TrackPointExtension>
            <ns3:atemp>19.0</ns3:atemp>
            <ns3:hr>120</ns3:hr>
          </ns3:TrackPointExtension>
        </extensions>
      </trkpt>
      <trkpt lat="59.97145495377480983734130859375" lon="30.30511231161653995513916015625">
        <ele>-19</ele>
        <time>2025-09-18T07:10:35.000Z</time>
        <extensions>
          <ns3:TrackPointExtension>
            <ns3:atemp>19.0</ns3:atemp>
            <ns3:hr>124</ns3:hr>
          </ns3:TrackPointExtension>
        </extensions>
      </trkpt>
      <trkpt lat="59.97144707478582859039306640625" lon="30.30507157556712627410888671875">
        <ele>-19</ele>
        <time>2025-09-18T07:10:36.000Z</time>
        <extensions>
          <ns3:TrackPointExtension>
            <ns3:atemp>19.0</ns3:atemp>
            <ns3:hr>123</ns3:hr>
          </ns3:TrackPointExtension>
        </extensions>
      </trkpt>
      <trkpt lat="59.97143835760653018951416015625" lon="30.30483151786029338836669921875">
        <ele>-19.200000762939453125</ele>
        <time>2025-09-18T07:10:39.000Z</time>
        <extensions>
          <ns3:TrackPointExtension>
            <ns3:atemp>19.0</ns3:atemp>
            <ns3:hr>120</ns3:hr>
          </ns3:TrackPointExtension>
        </extensions>
      </trkpt>
      <trkpt lat="59.9715775810182094573974609375" lon="30.3046953119337558746337890625">
        <ele>-19.200000762939453125</ele>
        <time>2025-09-18T07:10:40.000Z</time>
        <extensions>
          <ns3:TrackPointExtension>
            <ns3:atemp>19.0</ns3:atemp>
            <ns3:hr>119</ns3:hr>
          </ns3:TrackPointExtension>
        </extensions>
      </trkpt>
      <trkpt lat="59.97170657850801944732666015625" lon="30.30455298721790313720703125">
        <ele>-19.200000762939453125</ele>
        <time>2025-09-18T07:10:41.000Z</time>
        <extensions>
          <ns3:TrackPointExtension>
            <ns3:atemp>19.0</ns3:atemp>
            <ns3:hr>122</ns3:hr>
          </ns3:TrackPointExtension>
        </extensions>
      </trkpt>
      <trkpt lat="59.97181789018213748931884765625" lon="30.30443840660154819488525390625">
        <ele>-19.3999996185302734375</ele>
        <time>2025-09-18T07:10:43.000Z</time>
        <extensions>
          <ns3:TrackPointExtension>
            <ns3:atemp>19.0</ns3:atemp>
            <ns3:hr>122</ns3:hr>
          </ns3:TrackPointExtension>
        </extensions>
      </trkpt>
      <trkpt lat="59.97186030261218547821044921875" lon="30.30443756841123104095458984375">
        <ele>-19.3999996185302734375</ele>
        <time>2025-09-18T07:10:44.000Z</time>
        <extensions>
          <ns3:TrackPointExtension>
            <ns3:atemp>19.0</ns3:atemp>
            <ns3:hr>122</ns3:hr>
          </ns3:TrackPointExtension>
        </extensions>
      </trkpt>
      <trkpt lat="59.97186935506761074066162109375" lon="30.30442382209002971649169921875">
        <ele>-19.3999996185302734375</ele>
        <time>2025-09-18T07:10:45.000Z</time>
        <extensions>
          <ns3:TrackPointExtension>
            <ns3:atemp>19.0</ns3:atemp>
            <ns3:hr>122</ns3:hr>
          </ns3:TrackPointExtension>
        </extensions>
      </trkpt>
      <trkpt lat="59.97186700813472270965576171875" lon="30.3044153563678264617919921875">
        <ele>-19.6000003814697265625</ele>
        <time>2025-09-18T07:10:46.000Z</time>
        <extensions>
          <ns3:TrackPointExtension>
            <ns3:atemp>20.0</ns3:atemp>
            <ns3:hr>122</ns3:hr>
          </ns3:TrackPointExtension>
        </extensions>
      </trkpt>
      <trkpt lat="59.97185669839382171630859375" lon="30.30438459478318691253662109375">
        <ele>-19.799999237060546875</ele>
        <time>2025-09-18T07:10:47.000Z</time>
        <extensions>
          <ns3:TrackPointExtension>
            <ns3:atemp>20.0</ns3:atemp>
            <ns3:hr>121</ns3:hr>
          </ns3:TrackPointExtension>
        </extensions>
      </trkpt>
      <trkpt lat="59.97184974141418933868408203125" lon="30.30427227728068828582763671875">
        <ele>-19.799999237060546875</ele>
        <time>2025-09-18T07:10:49.000Z</time>
        <extensions>
          <ns3:TrackPointExtension>
            <ns3:atemp>20.0</ns3:atemp>
            <ns3:hr>123</ns3:hr>
          </ns3:TrackPointExtension>
        </extensions>
      </trkpt>
      <trkpt lat="59.97184722684323787689208984375" lon="30.304145626723766326904296875">
        <ele>-19.6000003814697265625</ele>
        <time>2025-09-18T07:10:51.000Z</time>
        <extensions>
          <ns3:TrackPointExtension>
            <ns3:atemp>20.0</ns3:atemp>
            <ns3:hr>124</ns3:hr>
          </ns3:TrackPointExtension>
        </extensions>
      </trkpt>
      <trkpt lat="59.97184823267161846160888671875" lon="30.304081924259662628173828125">
        <ele>-19.6000003814697265625</ele>
        <time>2025-09-18T07:10:52.000Z</time>
        <extensions>
          <ns3:TrackPointExtension>
            <ns3:atemp>20.0</ns3:atemp>
            <ns3:hr>127</ns3:hr>
          </ns3:TrackPointExtension>
        </extensions>
      </trkpt>
      <trkpt lat="59.97184504754841327667236328125" lon="30.3039610572159290313720703125">
        <ele>-19.3999996185302734375</ele>
        <time>2025-09-18T07:10:54.000Z</time>
        <extensions>
          <ns3:TrackPointExtension>
            <ns3:atemp>20.0</ns3:atemp>
            <ns3:hr>130</ns3:hr>
          </ns3:TrackPointExtension>
        </extensions>
      </trkpt>
      <trkpt lat="59.97182719409465789794921875" lon="30.3038410283625125885009765625">
        <ele>-19.3999996185302734375</ele>
        <time>2025-09-18T07:10:57.000Z</time>
        <extensions>
          <ns3:TrackPointExtension>
            <ns3:atemp>20.0</ns3:atemp>
            <ns3:hr>133</ns3:hr>
          </ns3:TrackPointExtension>
        </extensions>
      </trkpt>
      <trkpt lat="59.97189232148230075836181640625" lon="30.3037883900105953216552734375">
        <ele>-19.6000003814697265625</ele>
        <time>2025-09-18T07:11:00.000Z</time>
        <extensions>
          <ns3:TrackPointExtension>
            <ns3:atemp>20.0</ns3:atemp>
            <ns3:hr>135</ns3:hr>
          </ns3:TrackPointExtension>
        </extensions>
      </trkpt>
      <trkpt lat="59.97200556099414825439453125" lon="30.30376768670976161956787109375">
        <ele>-19.6000003814697265625</ele>
        <time>2025-09-18T07:11:04.000Z</time>
        <extensions>
          <ns3:TrackPointExtension>
            <ns3:atemp>20.0</ns3:atemp>
            <ns3:hr>136</ns3:hr>
          </ns3:TrackPointExtension>
        </extensions>
      </trkpt>
      <trkpt lat="59.9720194749534130096435546875" lon="30.303761065006256103515625">
        <ele>-19.6000003814697265625</ele>
        <time>2025-09-18T07:11:05.000Z</time>
        <extensions>
          <ns3:TrackPointExtension>
            <ns3:atemp>20.0</ns3:atemp>
            <ns3:hr>136</ns3:hr>
          </ns3:TrackPointExtension>
        </extensions>
      </trkpt>
      <trkpt lat="59.97203850187361240386962890625" lon="30.303743295371532440185546875">
        <ele>-19.799999237060546875</ele>
        <time>2025-09-18T07:11:07.000Z</time>
        <extensions>
          <ns3:TrackPointExtension>
            <ns3:atemp>20.0</ns3:atemp>
            <ns3:hr>136</ns3:hr>
          </ns3:TrackPointExtension>
        </extensions>
      </trkpt>
      <trkpt lat="59.97202861122786998748779296875" lon="30.30364547856152057647705078125">
        <ele>-20</ele>
        <time>2025-09-18T07:11:11.000Z</time>
        <extensions>
          <ns3:TrackPointExtension>
            <ns3:atemp>20.0</ns3:atemp>
            <ns3:hr>136</ns3:hr>
          </ns3:TrackPointExtension>
        </extensions>
      </trkpt>
      <trkpt lat="59.97202844358980655670166015625" lon="30.3035996295511722564697265625">
        <ele>-20.200000762939453125</ele>
        <time>2025-09-18T07:11:13.000Z</time>
        <extensions>
          <ns3:TrackPointExtension>
            <ns3:atemp>20.0</ns3:atemp>
            <ns3:hr>140</ns3:hr>
          </ns3:TrackPointExtension>
        </extensions>
      </trkpt>
      <trkpt lat="59.972028024494647979736328125" lon="30.30333199538290500640869140625">
        <ele>-20</ele>
        <time>2025-09-18T07:11:17.000Z</time>
        <extensions>
          <ns3:TrackPointExtension>
            <ns3:atemp>20.0</ns3:atemp>
            <ns3:hr>142</ns3:hr>
          </ns3:TrackPointExtension>
        </extensions>
      </trkpt>
      <trkpt lat="59.97198653407394886016845703125" lon="30.30303879640996456146240234375">
        <ele>-19.6000003814697265625</ele>
        <time>2025-09-18T07:11:21.000Z</time>
        <extensions>
          <ns3:TrackPointExtension>
            <ns3:atemp>20.0</ns3:atemp>
            <ns3:hr>139</ns3:hr>
          </ns3:TrackPointExtension>
        </extensions>
      </trkpt>
      <trkpt lat="59.97197681106626987457275390625" lon="30.302968807518482208251953125">
        <ele>-19.6000003814697265625</ele>
        <time>2025-09-18T07:11:22.000Z</time>
        <extensions>
          <ns3:TrackPointExtension>
            <ns3:atemp>20.0</ns3:atemp>
            <ns3:hr>138</ns3:hr>
          </ns3:TrackPointExtension>
        </extensions>
      </trkpt>
      <trkpt lat="59.9719131924211978912353515625" lon="30.3027208708226680755615234375">
        <ele>-19.6000003814697265625</ele>
        <time>2025-09-18T07:11:26.000Z</time>
        <extensions>
          <ns3:TrackPointExtension>
            <ns3:atemp>20.0</ns3:atemp>
            <ns3:hr>133</ns3:hr>
          </ns3:TrackPointExtension>
        </extensions>
      </trkpt>
      <trkpt lat="59.97186181135475635528564453125" lon="30.30254510231316089630126953125">
        <ele>-19.6000003814697265625</ele>
        <time>2025-09-18T07:11:29.000Z</time>
        <extensions>
          <ns3:TrackPointExtension>
            <ns3:atemp>20.0</ns3:atemp>
            <ns3:hr>133</ns3:hr>
          </ns3:TrackPointExtension>
        </extensions>
      </trkpt>
      <trkpt lat="59.97180799953639507293701171875" lon="30.302181579172611236572265625">
        <ele>-20</ele>
        <time>2025-09-18T07:11:35.000Z</time>
        <extensions>
          <ns3:TrackPointExtension>
            <ns3:atemp>20.0</ns3:atemp>
            <ns3:hr>133</ns3:hr>
          </ns3:TrackPointExtension>
        </extensions>
      </trkpt>
      <trkpt lat="59.9718219973146915435791015625" lon="30.3021136857569217681884765625">
        <ele>-20.200000762939453125</ele>
        <time>2025-09-18T07:11:36.000Z</time>
        <extensions>
          <ns3:TrackPointExtension>
            <ns3:atemp>20.0</ns3:atemp>
            <ns3:hr>133</ns3:hr>
          </ns3:TrackPointExtension>
        </extensions>
      </trkpt>
      <trkpt lat="59.97187270782887935638427734375" lon="30.3020432777702808380126953125">
        <ele>-20.200000762939453125</ele>
        <time>2025-09-18T07:11:38.000Z</time>
        <extensions>
          <ns3:TrackPointExtension>
            <ns3:atemp>20.0</ns3:atemp>
            <ns3:hr>134</ns3:hr>
          </ns3:TrackPointExtension>
        </extensions>
      </trkpt>
      <trkpt lat="59.972117878496646881103515625" lon="30.301840938627719879150390625">
        <ele>-20.6000003814697265625</ele>
        <time>2025-09-18T07:11:45.000Z</time>
        <extensions>
          <ns3:TrackPointExtension>
            <ns3:atemp>20.0</ns3:atemp>
            <ns3:hr>133</ns3:hr>
          </ns3:TrackPointExtension>
        </extensions>
      </trkpt>
      <trkpt lat="59.9723306111991405487060546875" lon="30.301430225372314453125">
        <ele>-20.799999237060546875</ele>
        <time>2025-09-18T07:11:53.000Z</time>
        <extensions>
          <ns3:TrackPointExtension>
            <ns3:atemp>20.0</ns3:atemp>
            <ns3:hr>134</ns3:hr>
          </ns3:TrackPointExtension>
        </extensions>
      </trkpt>
      <trkpt lat="59.972353242337703704833984375" lon="30.3013874776661396026611328125">
        <ele>-21</ele>
        <time>2025-09-18T07:11:54.000Z</time>
        <extensions>
          <ns3:TrackPointExtension>
            <ns3:atemp>20.0</ns3:atemp>
            <ns3:hr>134</ns3:hr>
          </ns3:TrackPointExtension>
        </extensions>
      </trkpt>
      <trkpt lat="59.9723825789988040924072265625" lon="30.30134950764477252960205078125">
        <ele>-21</ele>
        <time>2025-09-18T07:11:56.000Z</time>
        <extensions>
          <ns3:TrackPointExtension>
            <ns3:atemp>20.0</ns3:atemp>
            <ns3:hr>132</ns3:hr>
          </ns3:TrackPointExtension>
        </extensions>
      </trkpt>
      <trkpt lat="59.97237461619079113006591796875" lon="30.3013100288808345794677734375">
        <ele>-21</ele>
        <time>2025-09-18T07:11:58.000Z</time>
        <extensions>
          <ns3:TrackPointExtension>
            <ns3:atemp>20.0</ns3:atemp>
            <ns3:hr>132</ns3:hr>
          </ns3:TrackPointExtension>
        </extensions>
      </trkpt>
      <trkpt lat="59.972394816577434539794921875" lon="30.3013499267399311065673828125">
        <ele>-20.6000003814697265625</ele>
        <time>2025-09-18T07:12:02.000Z</time>
        <extensions>
          <ns3:TrackPointExtension>
            <ns3:atemp>20.0</ns3:atemp>
            <ns3:hr>130</ns3:hr>
          </ns3:TrackPointExtension>
        </extensions>
      </trkpt>
      <trkpt lat="59.97241032309830188751220703125" lon="30.30138186179101467132568359375">
        <ele>-20.6000003814697265625</ele>
        <time>2025-09-18T07:12:03.000Z</time>
        <extensions>
          <ns3:TrackPointExtension>
            <ns3:atemp>20.0</ns3:atemp>
            <ns3:hr>129</ns3:hr>
          </ns3:TrackPointExtension>
        </extensions>
      </trkpt>
      <trkpt lat="59.97246983461081981658935546875" lon="30.301780588924884796142578125">
        <ele>-20.6000003814697265625</ele>
        <time>2025-09-18T07:12:06.000Z</time>
        <extensions>
          <ns3:TrackPointExtension>
            <ns3:atemp>20.0</ns3:atemp>
            <ns3:hr>125</ns3:hr>
          </ns3:TrackPointExtension>
        </extensions>
      </trkpt>
      <trkpt lat="59.9724952317774295806884765625" lon="30.30179559253156185150146484375">
        <ele>-20.6000003814697265625</ele>
        <time>2025-09-18T07:12:07.000Z</time>
        <extensions>
          <ns3:TrackPointExtension>
            <ns3:atemp>20.0</ns3:atemp>
            <ns3:hr>123</ns3:hr>
          </ns3:TrackPointExtension>
        </extensions>
      </trkpt>
      <trkpt lat="59.972545690834522247314453125" lon="30.30182844959199428558349609375">
        <ele>-20.6000003814697265625</ele>
        <time>2025-09-18T07:12:10.000Z</time>
        <extensions>
          <ns3:TrackPointExtension>
            <ns3:atemp>20.0</ns3:atemp>
            <ns3:hr>120</ns3:hr>
          </ns3:TrackPointExtension>
        </extensions>
      </trkpt>
      <trkpt lat="59.9725180305540561676025390625" lon="30.30200765468180179595947265625">
        <ele>-20.6000003814697265625</ele>
        <time>2025-09-18T07:12:15.000Z</time>
        <extensions>
          <ns3:TrackPointExtension>
            <ns3:atemp>20.0</ns3:atemp>
            <ns3:hr>120</ns3:hr>
          </ns3:TrackPointExtension>
        </extensions>
      </trkpt>
      <trkpt lat="59.9725197069346904754638671875" lon="30.3020281903445720672607421875">
        <ele>-21</ele>
        <time>2025-09-18T07:12:22.000Z</time>
        <extensions>
          <ns3:TrackPointExtension>
            <ns3:atemp>20.0</ns3:atemp>
            <ns3:hr>119</ns3:hr>
          </ns3:TrackPointExtension>
        </extensions>
      </trkpt>
      <trkpt lat="59.97250503860414028167724609375" lon="30.30206699855625629425048828125">
        <ele>-20.799999237060546875</ele>
        <time>2025-09-18T07:12:28.000Z</time>
        <extensions>
          <ns3:TrackPointExtension>
            <ns3:atemp>20.0</ns3:atemp>
            <ns3:hr>116</ns3:hr>
          </ns3:TrackPointExtension>
        </extensions>
      </trkpt>
      <trkpt lat="59.97250352986156940460205078125" lon="30.30209180898964405059814453125">
        <ele>-20.799999237060546875</ele>
        <time>2025-09-18T07:12:31.000Z</time>
        <extensions>
          <ns3:TrackPointExtension>
            <ns3:atemp>20.0</ns3:atemp>
            <ns3:hr>113</ns3:hr>
          </ns3:TrackPointExtension>
        </extensions>
      </trkpt>
      <trkpt lat="59.97252230532467365264892578125" lon="30.30211946927011013031005859375">
        <ele>-20.799999237060546875</ele>
        <time>2025-09-18T07:12:34.000Z</time>
        <extensions>
          <ns3:TrackPointExtension>
            <ns3:atemp>20.0</ns3:atemp>
            <ns3:hr>116</ns3:hr>
          </ns3:TrackPointExtension>
        </extensions>
      </trkpt>
      <trkpt lat="59.97252465225756168365478515625" lon="30.3021368198096752166748046875">
        <ele>-21</ele>
        <time>2025-09-18T07:12:36.000Z</time>
        <extensions>
          <ns3:TrackPointExtension>
            <ns3:atemp>20.0</ns3:atemp>
            <ns3:hr>118</ns3:hr>
          </ns3:TrackPointExtension>
        </extensions>
      </trkpt>
      <trkpt lat="59.97253797948360443115234375" lon="30.302162803709506988525390625">
        <ele>-20.799999237060546875</ele>
        <time>2025-09-18T07:12:41.000Z</time>
        <extensions>
          <ns3:TrackPointExtension>
            <ns3:atemp>20.0</ns3:atemp>
            <ns3:hr>115</ns3:hr>
          </ns3:TrackPointExtension>
        </extensions>
      </trkpt>
      <trkpt lat="59.97256924398243427276611328125" lon="30.30218191444873809814453125">
        <ele>-21</ele>
        <time>2025-09-18T07:12:45.000Z</time>
        <extensions>
          <ns3:TrackPointExtension>
            <ns3:atemp>20.0</ns3:atemp>
            <ns3:hr>115</ns3:hr>
          </ns3:TrackPointExtension>
        </extensions>
      </trkpt>
      <trkpt lat="59.9725837446749210357666015625" lon="30.3021985106170177459716796875">
        <ele>-21.200000762939453125</ele>
        <time>2025-09-18T07:12:47.000Z</time>
        <extensions>
          <ns3:TrackPointExtension>
            <ns3:atemp>20.0</ns3:atemp>
            <ns3:hr>114</ns3:hr>
          </ns3:TrackPointExtension>
        </extensions>
      </trkpt>
      <trkpt lat="59.972614757716655731201171875" lon="30.30222256667912006378173828125">
        <ele>-20.6000003814697265625</ele>
        <time>2025-09-18T07:12:53.000Z</time>
        <extensions>
          <ns3:TrackPointExtension>
            <ns3:atemp>20.0</ns3:atemp>
            <ns3:hr>114</ns3:hr>
          </ns3:TrackPointExtension>
        </extensions>
      </trkpt>
      <trkpt lat="59.97261148877441883087158203125" lon="30.3022434376180171966552734375">
        <ele>-20.6000003814697265625</ele>
        <time>2025-09-18T07:12:54.000Z</time>
        <extensions>
          <ns3:TrackPointExtension>
            <ns3:atemp>20.0</ns3:atemp>
            <ns3:hr>114</ns3:hr>
          </ns3:TrackPointExtension>
        </extensions>
      </trkpt>
      <trkpt lat="59.9726095609366893768310546875" lon="30.3022518195211887359619140625">
        <ele>-20.3999996185302734375</ele>
        <time>2025-09-18T07:12:56.000Z</time>
        <extensions>
          <ns3:TrackPointExtension>
            <ns3:atemp>20.0</ns3:atemp>
            <ns3:hr>118</ns3:hr>
          </ns3:TrackPointExtension>
        </extensions>
      </trkpt>
      <trkpt lat="59.97260947711765766143798828125" lon="30.3022451139986515045166015625">
        <ele>-20.3999996185302734375</ele>
        <time>2025-09-18T07:12:57.000Z</time>
        <extensions>
          <ns3:TrackPointExtension>
            <ns3:atemp>20.0</ns3:atemp>
            <ns3:hr>118</ns3:hr>
          </ns3:TrackPointExtension>
        </extensions>
      </trkpt>
      <trkpt lat="59.9726085551083087921142578125" lon="30.30226464383304119110107421875">
        <ele>-19.6000003814697265625</ele>
        <time>2025-09-18T07:13:03.000Z</time>
        <extensions>
          <ns3:TrackPointExtension>
            <ns3:atemp>20.0</ns3:atemp>
            <ns3:hr>119</ns3:hr>
          </ns3:TrackPointExtension>
        </extensions>
      </trkpt>
      <trkpt lat="59.97259891591966152191162109375" lon="30.30225961469113826751708984375">
        <ele>-19.3999996185302734375</ele>
        <time>2025-09-18T07:13:05.000Z</time>
        <extensions>
          <ns3:TrackPointExtension>
            <ns3:atemp>20.0</ns3:atemp>
            <ns3:hr>119</ns3:hr>
          </ns3:TrackPointExtension>
        </extensions>
      </trkpt>
      <trkpt lat="59.97256102971732616424560546875" lon="30.3022903762757778167724609375">
        <ele>-19</ele>
        <time>2025-09-18T07:13:12.000Z</time>
        <extensions>
          <ns3:TrackPointExtension>
            <ns3:atemp>20.0</ns3:atemp>
            <ns3:hr>122</ns3:hr>
          </ns3:TrackPointExtension>
        </extensions>
      </trkpt>
      <trkpt lat="59.97227084822952747344970703125" lon="30.301773212850093841552734375">
        <ele>-18.799999237060546875</ele>
        <time>2025-09-18T07:13:34.000Z</time>
        <extensions>
          <ns3:TrackPointExtension>
            <ns3:atemp>20.0</ns3:atemp>
            <ns3:hr>115</ns3:hr>
          </ns3:TrackPointExtension>
        </extensions>
      </trkpt>
      <trkpt lat="59.972431696951389312744140625" lon="30.3018756397068500518798828125">
        <ele>-19</ele>
        <time>2025-09-18T07:13:36.000Z</time>
        <extensions>
          <ns3:TrackPointExtension>
            <ns3:atemp>20.0</ns3:atemp>
            <ns3:hr>116</ns3:hr>
          </ns3:TrackPointExtension>
        </extensions>
      </trkpt>
      <trkpt lat="59.97247536666691303253173828125" lon="30.30180514790117740631103515625">
        <ele>-20.200000762939453125</ele>
        <time>2025-09-18T07:13:40.000Z</time>
        <extensions>
          <ns3:TrackPointExtension>
            <ns3:atemp>20.0</ns3:atemp>
            <ns3:hr>119</ns3:hr>
          </ns3:TrackPointExtension>
        </extensions>
      </trkpt>
      <trkpt lat="59.972477965056896209716796875" lon="30.30179743655025959014892578125">
        <ele>-20.3999996185302734375</ele>
        <time>2025-09-18T07:13:42.000Z</time>
        <extensions>
          <ns3:TrackPointExtension>
            <ns3:atemp>20.0</ns3:atemp>
            <ns3:hr>120</ns3:hr>
          </ns3:TrackPointExtension>
        </extensions>
      </trkpt>
      <trkpt lat="59.97248031198978424072265625" lon="30.30177681706845760345458984375">
        <ele>-20.3999996185302734375</ele>
        <time>2025-09-18T07:13:44.000Z</time>
        <extensions>
          <ns3:TrackPointExtension>
            <ns3:atemp>20.0</ns3:atemp>
            <ns3:hr>119</ns3:hr>
          </ns3:TrackPointExtension>
        </extensions>
      </trkpt>
      <trkpt lat="59.97251325286924839019775390625" lon="30.3018417768180370330810546875">
        <ele>-20.799999237060546875</ele>
        <time>2025-09-18T07:13:48.000Z</time>
        <extensions>
          <ns3:TrackPointExtension>
            <ns3:atemp>20.0</ns3:atemp>
            <ns3:hr>120</ns3:hr>
          </ns3:TrackPointExtension>
        </extensions>
      </trkpt>
      <trkpt lat="59.97249933890998363494873046875" lon="30.3019976802170276641845703125">
        <ele>-20.799999237060546875</ele>
        <time>2025-09-18T07:13:53.000Z</time>
        <extensions>
          <ns3:TrackPointExtension>
            <ns3:atemp>20.0</ns3:atemp>
            <ns3:hr>119</ns3:hr>
          </ns3:TrackPointExtension>
        </extensions>
      </trkpt>
      <trkpt lat="59.9724781326949596405029296875" lon="30.30211410485208034515380859375">
        <ele>-20.6000003814697265625</ele>
        <time>2025-09-18T07:13:59.000Z</time>
        <extensions>
          <ns3:TrackPointExtension>
            <ns3:atemp>19.0</ns3:atemp>
            <ns3:hr>116</ns3:hr>
          </ns3:TrackPointExtension>
        </extensions>
      </trkpt>
      <trkpt lat="59.97247603721916675567626953125" lon="30.30213095247745513916015625">
        <ele>-20.6000003814697265625</ele>
        <time>2025-09-18T07:14:00.000Z</time>
        <extensions>
          <ns3:TrackPointExtension>
            <ns3:atemp>19.0</ns3:atemp>
            <ns3:hr>115</ns3:hr>
          </ns3:TrackPointExtension>
        </extensions>
      </trkpt>
      <trkpt lat="59.97249330393970012664794921875" lon="30.30214838683605194091796875">
        <ele>-20.3999996185302734375</ele>
        <time>2025-09-18T07:14:09.000Z</time>
        <extensions>
          <ns3:TrackPointExtension>
            <ns3:atemp>19.0</ns3:atemp>
            <ns3:hr>113</ns3:hr>
          </ns3:TrackPointExtension>
        </extensions>
      </trkpt>
      <trkpt lat="59.97249238193035125732421875" lon="30.3021398372948169708251953125">
        <ele>-20.200000762939453125</ele>
        <time>2025-09-18T07:14:11.000Z</time>
        <extensions>
          <ns3:TrackPointExtension>
            <ns3:atemp>19.0</ns3:atemp>
            <ns3:hr>116</ns3:hr>
          </ns3:TrackPointExtension>
        </extensions>
      </trkpt>
      <trkpt lat="59.97249665670096874237060546875" lon="30.30213363468647003173828125">
        <ele>-20.200000762939453125</ele>
        <time>2025-09-18T07:14:14.000Z</time>
        <extensions>
          <ns3:TrackPointExtension>
            <ns3:atemp>19.0</ns3:atemp>
            <ns3:hr>119</ns3:hr>
          </ns3:TrackPointExtension>
        </extensions>
      </trkpt>
      <trkpt lat="59.97249548323452472686767578125" lon="30.30215383507311344146728515625">
        <ele>-20.3999996185302734375</ele>
        <time>2025-09-18T07:14:16.000Z</time>
        <extensions>
          <ns3:TrackPointExtension>
            <ns3:atemp>19.0</ns3:atemp>
            <ns3:hr>119</ns3:hr>
          </ns3:TrackPointExtension>
        </extensions>
      </trkpt>
      <trkpt lat="59.97255851514637470245361328125" lon="30.3021254204213619232177734375">
        <ele>-20.200000762939453125</ele>
        <time>2025-09-18T07:14:22.000Z</time>
        <extensions>
          <ns3:TrackPointExtension>
            <ns3:atemp>20.0</ns3:atemp>
            <ns3:hr>120</ns3:hr>
          </ns3:TrackPointExtension>
        </extensions>
      </trkpt>
      <trkpt lat="59.97255616821348667144775390625" lon="30.302140675485134124755859375">
        <ele>-20</ele>
        <time>2025-09-18T07:14:27.000Z</time>
        <extensions>
          <ns3:TrackPointExtension>
            <ns3:atemp>20.0</ns3:atemp>
            <ns3:hr>118</ns3:hr>
          </ns3:TrackPointExtension>
        </extensions>
      </trkpt>
      <trkpt lat="59.9725632928311824798583984375" lon="30.30202366411685943603515625">
        <ele>-19.799999237060546875</ele>
        <time>2025-09-18T07:14:33.000Z</time>
        <extensions>
          <ns3:TrackPointExtension>
            <ns3:atemp>20.0</ns3:atemp>
            <ns3:hr>115</ns3:hr>
          </ns3:TrackPointExtension>
        </extensions>
      </trkpt>
      <trkpt lat="59.972532950341701507568359375" lon="30.30198879539966583251953125">
        <ele>-19.799999237060546875</ele>
        <time>2025-09-18T07:14:34.000Z</time>
        <extensions>
          <ns3:TrackPointExtension>
            <ns3:atemp>20.0</ns3:atemp>
            <ns3:hr>116</ns3:hr>
          </ns3:TrackPointExtension>
        </extensions>
      </trkpt>
      <trkpt lat="59.97246296145021915435791015625" lon="30.3018250130116939544677734375">
        <ele>-20.200000762939453125</ele>
        <time>2025-09-18T07:14:41.000Z</time>
        <extensions>
          <ns3:TrackPointExtension>
            <ns3:atemp>20.0</ns3:atemp>
            <ns3:hr>115</ns3:hr>
          </ns3:TrackPointExtension>
        </extensions>
      </trkpt>
      <trkpt lat="59.97241032309830188751220703125" lon="30.30165779404342174530029296875">
        <ele>-20.3999996185302734375</ele>
        <time>2025-09-18T07:14:47.000Z</time>
        <extensions>
          <ns3:TrackPointExtension>
            <ns3:atemp>20.0</ns3:atemp>
            <ns3:hr>112</ns3:hr>
          </ns3:TrackPointExtension>
        </extensions>
      </trkpt>
      <trkpt lat="59.97241149656474590301513671875" lon="30.30167036689817905426025390625">
        <ele>-20.6000003814697265625</ele>
        <time>2025-09-18T07:14:48.000Z</time>
        <extensions>
          <ns3:TrackPointExtension>
            <ns3:atemp>20.0</ns3:atemp>
            <ns3:hr>114</ns3:hr>
          </ns3:TrackPointExtension>
        </extensions>
      </trkpt>
      <trkpt lat="59.972487352788448333740234375" lon="30.30161588452756404876708984375">
        <ele>-20.799999237060546875</ele>
        <time>2025-09-18T07:14:53.000Z</time>
        <extensions>
          <ns3:TrackPointExtension>
            <ns3:atemp>20.0</ns3:atemp>
            <ns3:hr>110</ns3:hr>
          </ns3:TrackPointExtension>
        </extensions>
      </trkpt>
      <trkpt lat="59.97256237082183361053466796875" lon="30.3015675209462642669677734375">
        <ele>-20.6000003814697265625</ele>
        <time>2025-09-18T07:14:55.000Z</time>
        <extensions>
          <ns3:TrackPointExtension>
            <ns3:atemp>20.0</ns3:atemp>
            <ns3:hr>111</ns3:hr>
          </ns3:TrackPointExtension>
        </extensions>
      </trkpt>
      <trkpt lat="59.97260981239378452301025390625" lon="30.3015396930277347564697265625">
        <ele>-20.6000003814697265625</ele>
        <time>2025-09-18T07:15:00.000Z</time>
        <extensions>
          <ns3:TrackPointExtension>
            <ns3:atemp>20.0</ns3:atemp>
            <ns3:hr>108</ns3:hr>
          </ns3:TrackPointExtension>
        </extensions>
      </trkpt>
      <trkpt lat="59.9726135842502117156982421875" lon="30.30152770690619945526123046875">
        <ele>-20.6000003814697265625</ele>
        <time>2025-09-18T07:15:02.000Z</time>
        <extensions>
          <ns3:TrackPointExtension>
            <ns3:atemp>20.0</ns3:atemp>
            <ns3:hr>108</ns3:hr>
          </ns3:TrackPointExtension>
        </extensions>
      </trkpt>
      <trkpt lat="59.9726313538849353790283203125" lon="30.30149468220770359039306640625">
        <ele>-16.200000762939453125</ele>
        <time>2025-09-18T07:15:04.000Z</time>
        <extensions>
          <ns3:TrackPointExtension>
            <ns3:atemp>20.0</ns3:atemp>
            <ns3:hr>109</ns3:hr>
          </ns3:TrackPointExtension>
        </extensions>
      </trkpt>
      <trkpt lat="59.972625486552715301513671875" lon="30.30150122009217739105224609375">
        <ele>-18.200000762939453125</ele>
        <time>2025-09-18T07:15:08.000Z</time>
        <extensions>
          <ns3:TrackPointExtension>
            <ns3:atemp>20.0</ns3:atemp>
            <ns3:hr>108</ns3:hr>
          </ns3:TrackPointExtension>
        </extensions>
      </trkpt>
      <trkpt lat="59.972624480724334716796875" lon="30.301509015262126922607421875">
        <ele>-19.3999996185302734375</ele>
        <time>2025-09-18T07:15:09.000Z</time>
        <extensions>
          <ns3:TrackPointExtension>
            <ns3:atemp>20.0</ns3:atemp>
            <ns3:hr>107</ns3:hr>
          </ns3:TrackPointExtension>
        </extensions>
      </trkpt>
      <trkpt lat="59.97262489981949329376220703125" lon="30.30150172300636768341064453125">
        <ele>-20.3999996185302734375</ele>
        <time>2025-09-18T07:15:11.000Z</time>
        <extensions>
          <ns3:TrackPointExtension>
            <ns3:atemp>20.0</ns3:atemp>
            <ns3:hr>106</ns3:hr>
          </ns3:TrackPointExtension>
        </extensions>
      </trkpt>
      <trkpt lat="59.97264166362583637237548828125" lon="30.3014857135713100433349609375">
        <ele>-20.799999237060546875</ele>
        <time>2025-09-18T07:15:13.000Z</time>
        <extensions>
          <ns3:TrackPointExtension>
            <ns3:atemp>20.0</ns3:atemp>
            <ns3:hr>110</ns3:hr>
          </ns3:TrackPointExtension>
        </extensions>
      </trkpt>
      <trkpt lat="59.97265306301414966583251953125" lon="30.3015433810651302337646484375">
        <ele>-21</ele>
        <time>2025-09-18T07:15:17.000Z</time>
        <extensions>
          <ns3:TrackPointExtension>
            <ns3:atemp>20.0</ns3:atemp>
            <ns3:hr>114</ns3:hr>
          </ns3:TrackPointExtension>
        </extensions>
      </trkpt>
      <trkpt lat="59.9726621992886066436767578125" lon="30.30164220370352268218994140625">
        <ele>-21</ele>
        <time>2025-09-18T07:15:18.000Z</time>
        <extensions>
          <ns3:TrackPointExtension>
            <ns3:atemp>20.0</ns3:atemp>
            <ns3:hr>116</ns3:hr>
          </ns3:TrackPointExtension>
        </extensions>
      </trkpt>
      <trkpt lat="59.97275012545287609100341796875" lon="30.30171453952789306640625">
        <ele>-20.799999237060546875</ele>
        <time>2025-09-18T07:15:20.000Z</time>
        <extensions>
          <ns3:TrackPointExtension>
            <ns3:atemp>20.0</ns3:atemp>
            <ns3:hr>116</ns3:hr>
          </ns3:TrackPointExtension>
        </extensions>
      </trkpt>
      <trkpt lat="59.9727872572839260101318359375" lon="30.3017465583980083465576171875">
        <ele>-20.799999237060546875</ele>
        <time>2025-09-18T07:15:23.000Z</time>
        <extensions>
          <ns3:TrackPointExtension>
            <ns3:atemp>20.0</ns3:atemp>
            <ns3:hr>119</ns3:hr>
          </ns3:TrackPointExtension>
        </extensions>
      </trkpt>
      <trkpt lat="59.97288524173200130462646484375" lon="30.3018340654671192169189453125">
        <ele>-21.200000762939453125</ele>
        <time>2025-09-18T07:15:28.000Z</time>
        <extensions>
          <ns3:TrackPointExtension>
            <ns3:atemp>20.0</ns3:atemp>
            <ns3:hr>122</ns3:hr>
          </ns3:TrackPointExtension>
        </extensions>
      </trkpt>
      <trkpt lat="59.9729166738688945770263671875" lon="30.3018665872514247894287109375">
        <ele>-21.200000762939453125</ele>
        <time>2025-09-18T07:15:30.000Z</time>
        <extensions>
          <ns3:TrackPointExtension>
            <ns3:atemp>20.0</ns3:atemp>
            <ns3:hr>123</ns3:hr>
          </ns3:TrackPointExtension>
        </extensions>
      </trkpt>
      <trkpt lat="59.97202928178012371063232421875" lon="30.3021163679659366607666015625">
        <ele>-17.6000003814697265625</ele>
        <time>2025-09-18T07:29:49.000Z</time>
        <extensions>
          <ns3:TrackPointExtension>
            <ns3:atemp>24.0</ns3:atemp>
            <ns3:hr>112</ns3:hr>
          </ns3:TrackPointExtension>
        </extensions>
      </trkpt>
      <trkpt lat="59.97199617326259613037109375" lon="30.30213036574423313140869140625">
        <ele>-17.3999996185302734375</ele>
        <time>2025-09-18T07:29:50.000Z</time>
        <extensions>
          <ns3:TrackPointExtension>
            <ns3:atemp>24.0</ns3:atemp>
            <ns3:hr>114</ns3:hr>
          </ns3:TrackPointExtension>
        </extensions>
      </trkpt>
      <trkpt lat="59.97190925292670726776123046875" lon="30.302103124558925628662109375">
        <ele>-17.200000762939453125</ele>
        <time>2025-09-18T07:29:52.000Z</time>
        <extensions>
          <ns3:TrackPointExtension>
            <ns3:atemp>24.0</ns3:atemp>
            <ns3:hr>117</ns3:hr>
          </ns3:TrackPointExtension>
        </extensions>
      </trkpt>
      <trkpt lat="59.97179442085325717926025390625" lon="30.3021123446524143218994140625">
        <ele>-16.799999237060546875</ele>
        <time>2025-09-18T07:29:55.000Z</time>
        <extensions>
          <ns3:TrackPointExtension>
            <ns3:atemp>24.0</ns3:atemp>
            <ns3:hr>120</ns3:hr>
          </ns3:TrackPointExtension>
        </extensions>
      </trkpt>
      <trkpt lat="59.97176416218280792236328125" lon="30.3021240793168544769287109375">
        <ele>-16.3999996185302734375</ele>
        <time>2025-09-18T07:29:56.000Z</time>
        <extensions>
          <ns3:TrackPointExtension>
            <ns3:atemp>24.0</ns3:atemp>
            <ns3:hr>120</ns3:hr>
          </ns3:TrackPointExtension>
        </extensions>
      </trkpt>
      <trkpt lat="59.971672631800174713134765625" lon="30.302154757082462310791015625">
        <ele>-15.19999980926513671875</ele>
        <time>2025-09-18T07:29:59.000Z</time>
        <extensions>
          <ns3:TrackPointExtension>
            <ns3:atemp>24.0</ns3:atemp>
            <ns3:hr>119</ns3:hr>
          </ns3:TrackPointExtension>
        </extensions>
      </trkpt>
      <trkpt lat="59.9716124497354030609130859375" lon="30.30221083201467990875244140625">
        <ele>-14.6000003814697265625</ele>
        <time>2025-09-18T07:30:02.000Z</time>
        <extensions>
          <ns3:TrackPointExtension>
            <ns3:atemp>24.0</ns3:atemp>
            <ns3:hr>116</ns3:hr>
          </ns3:TrackPointExtension>
        </extensions>
      </trkpt>
      <trkpt lat="59.97159493155777454376220703125" lon="30.30223396606743335723876953125">
        <ele>-14.6000003814697265625</ele>
        <time>2025-09-18T07:30:03.000Z</time>
        <extensions>
          <ns3:TrackPointExtension>
            <ns3:atemp>24.0</ns3:atemp>
            <ns3:hr>116</ns3:hr>
          </ns3:TrackPointExtension>
        </extensions>
      </trkpt>
      <trkpt lat="59.9715282954275608062744140625" lon="30.3023135103285312652587890625">
        <ele>-15</ele>
        <time>2025-09-18T07:30:08.000Z</time>
        <extensions>
          <ns3:TrackPointExtension>
            <ns3:atemp>24.0</ns3:atemp>
            <ns3:hr>116</ns3:hr>
          </ns3:TrackPointExtension>
        </extensions>
      </trkpt>
      <trkpt lat="59.9715158902108669281005859375" lon="30.3023007698357105255126953125">
        <ele>-15</ele>
        <time>2025-09-18T07:30:09.000Z</time>
        <extensions>
          <ns3:TrackPointExtension>
            <ns3:atemp>24.0</ns3:atemp>
            <ns3:hr>117</ns3:hr>
          </ns3:TrackPointExtension>
        </extensions>
      </trkpt>
      <trkpt lat="59.97149183414876461029052734375" lon="30.302245616912841796875">
        <ele>-15</ele>
        <time>2025-09-18T07:30:11.000Z</time>
        <extensions>
          <ns3:TrackPointExtension>
            <ns3:atemp>24.0</ns3:atemp>
            <ns3:hr>114</ns3:hr>
          </ns3:TrackPointExtension>
        </extensions>
      </trkpt>
      <trkpt lat="59.97147976420819759368896484375" lon="30.30223815701901912689208984375">
        <ele>-14.80000019073486328125</ele>
        <time>2025-09-18T07:30:12.000Z</time>
        <extensions>
          <ns3:TrackPointExtension>
            <ns3:atemp>24.0</ns3:atemp>
            <ns3:hr>113</ns3:hr>
          </ns3:TrackPointExtension>
        </extensions>
      </trkpt>
      <trkpt lat="59.9714478291571140289306640625" lon="30.30224503017961978912353515625">
        <ele>-14.6000003814697265625</ele>
        <time>2025-09-18T07:30:14.000Z</time>
        <extensions>
          <ns3:TrackPointExtension>
            <ns3:atemp>24.0</ns3:atemp>
            <ns3:hr>115</ns3:hr>
          </ns3:TrackPointExtension>
        </extensions>
      </trkpt>
      <trkpt lat="59.971434585750102996826171875" lon="30.3022630512714385986328125">
        <ele>-14.6000003814697265625</ele>
        <time>2025-09-18T07:30:15.000Z</time>
        <extensions>
          <ns3:TrackPointExtension>
            <ns3:atemp>24.0</ns3:atemp>
            <ns3:hr>112</ns3:hr>
          </ns3:TrackPointExtension>
        </extensions>
      </trkpt>
      <trkpt lat="59.97138219885528087615966796875" lon="30.30223958194255828857421875">
        <ele>-14.19999980926513671875</ele>
        <time>2025-09-18T07:30:17.000Z</time>
        <extensions>
          <ns3:TrackPointExtension>
            <ns3:atemp>24.0</ns3:atemp>
            <ns3:hr>112</ns3:hr>
          </ns3:TrackPointExtension>
        </extensions>
      </trkpt>
      <trkpt lat="59.97134917415678501129150390625" lon="30.30226715840399265289306640625">
        <ele>-14</ele>
        <time>2025-09-18T07:30:19.000Z</time>
        <extensions>
          <ns3:TrackPointExtension>
            <ns3:atemp>24.0</ns3:atemp>
            <ns3:hr>109</ns3:hr>
          </ns3:TrackPointExtension>
        </extensions>
      </trkpt>
      <trkpt lat="59.971295781433582305908203125" lon="30.302180238068103790283203125">
        <ele>-14.19999980926513671875</ele>
        <time>2025-09-18T07:30:22.000Z</time>
        <extensions>
          <ns3:TrackPointExtension>
            <ns3:atemp>24.0</ns3:atemp>
            <ns3:hr>109</ns3:hr>
          </ns3:TrackPointExtension>
        </extensions>
      </trkpt>
      <trkpt lat="59.97128379531204700469970703125" lon="30.30216422863304615020751953125">
        <ele>-14.3999996185302734375</ele>
        <time>2025-09-18T07:30:31.000Z</time>
        <extensions>
          <ns3:TrackPointExtension>
            <ns3:atemp>24.0</ns3:atemp>
            <ns3:hr>108</ns3:hr>
          </ns3:TrackPointExtension>
        </extensions>
      </trkpt>
      <trkpt lat="59.9712624214589595794677734375" lon="30.3021525777876377105712890625">
        <ele>-14.6000003814697265625</ele>
        <time>2025-09-18T07:30:33.000Z</time>
        <extensions>
          <ns3:TrackPointExtension>
            <ns3:atemp>24.0</ns3:atemp>
            <ns3:hr>105</ns3:hr>
          </ns3:TrackPointExtension>
        </extensions>
      </trkpt>
      <trkpt lat="59.97124741785228252410888671875" lon="30.30215567909181118011474609375">
        <ele>-14.6000003814697265625</ele>
        <time>2025-09-18T07:30:34.000Z</time>
        <extensions>
          <ns3:TrackPointExtension>
            <ns3:atemp>24.0</ns3:atemp>
            <ns3:hr>107</ns3:hr>
          </ns3:TrackPointExtension>
        </extensions>
      </trkpt>
      <trkpt lat="59.97116267681121826171875" lon="30.30212768353521823883056640625">
        <ele>-14.6000003814697265625</ele>
        <time>2025-09-18T07:30:38.000Z</time>
        <extensions>
          <ns3:TrackPointExtension>
            <ns3:atemp>24.0</ns3:atemp>
            <ns3:hr>104</ns3:hr>
          </ns3:TrackPointExtension>
        </extensions>
      </trkpt>
      <trkpt lat="59.971111714839935302734375" lon="30.30210153199732303619384765625">
        <ele>-14.3999996185302734375</ele>
        <time>2025-09-18T07:30:40.000Z</time>
        <extensions>
          <ns3:TrackPointExtension>
            <ns3:atemp>24.0</ns3:atemp>
            <ns3:hr>103</ns3:hr>
          </ns3:TrackPointExtension>
        </extensions>
      </trkpt>
      <trkpt lat="59.97093510814011096954345703125" lon="30.30206431634724140167236328125">
        <ele>-14</ele>
        <time>2025-09-18T07:30:48.000Z</time>
        <extensions>
          <ns3:TrackPointExtension>
            <ns3:atemp>24.0</ns3:atemp>
            <ns3:hr>103</ns3:hr>
          </ns3:TrackPointExtension>
        </extensions>
      </trkpt>
      <trkpt lat="59.970883391797542572021484375" lon="30.30203841626644134521484375">
        <ele>-14.19999980926513671875</ele>
        <time>2025-09-18T07:30:50.000Z</time>
        <extensions>
          <ns3:TrackPointExtension>
            <ns3:atemp>24.0</ns3:atemp>
            <ns3:hr>106</ns3:hr>
          </ns3:TrackPointExtension>
        </extensions>
      </trkpt>
      <trkpt lat="59.97073092497885227203369140625" lon="30.301919393241405487060546875">
        <ele>-14.19999980926513671875</ele>
        <time>2025-09-18T07:30:54.000Z</time>
        <extensions>
          <ns3:TrackPointExtension>
            <ns3:atemp>24.0</ns3:atemp>
            <ns3:hr>111</ns3:hr>
          </ns3:TrackPointExtension>
        </extensions>
      </trkpt>
      <trkpt lat="59.97060050256550312042236328125" lon="30.30187857337296009063720703125">
        <ele>-14.19999980926513671875</ele>
        <time>2025-09-18T07:30:58.000Z</time>
        <extensions>
          <ns3:TrackPointExtension>
            <ns3:atemp>24.0</ns3:atemp>
            <ns3:hr>108</ns3:hr>
          </ns3:TrackPointExtension>
        </extensions>
      </trkpt>
      <trkpt lat="59.970502518117427825927734375" lon="30.30180950649082660675048828125">
        <ele>-14.19999980926513671875</ele>
        <time>2025-09-18T07:31:01.000Z</time>
        <extensions>
          <ns3:TrackPointExtension>
            <ns3:atemp>24.0</ns3:atemp>
            <ns3:hr>109</ns3:hr>
          </ns3:TrackPointExtension>
        </extensions>
      </trkpt>
      <trkpt lat="59.9704557470977306365966796875" lon="30.30178050510585308074951171875">
        <ele>-14.19999980926513671875</ele>
        <time>2025-09-18T07:31:03.000Z</time>
        <extensions>
          <ns3:TrackPointExtension>
            <ns3:atemp>24.0</ns3:atemp>
            <ns3:hr>112</ns3:hr>
          </ns3:TrackPointExtension>
        </extensions>
      </trkpt>
      <trkpt lat="59.9703880213201045989990234375" lon="30.30175183899700641632080078125">
        <ele>-14.19999980926513671875</ele>
        <time>2025-09-18T07:31:06.000Z</time>
        <extensions>
          <ns3:TrackPointExtension>
            <ns3:atemp>24.0</ns3:atemp>
            <ns3:hr>115</ns3:hr>
          </ns3:TrackPointExtension>
        </extensions>
      </trkpt>
      <trkpt lat="59.9703808128833770751953125" lon="30.3017432056367397308349609375">
        <ele>-14.19999980926513671875</ele>
        <time>2025-09-18T07:31:07.000Z</time>
        <extensions>
          <ns3:TrackPointExtension>
            <ns3:atemp>24.0</ns3:atemp>
            <ns3:hr>116</ns3:hr>
          </ns3:TrackPointExtension>
        </extensions>
      </trkpt>
      <trkpt lat="59.97036010958254337310791015625" lon="30.301724262535572052001953125">
        <ele>-13.6000003814697265625</ele>
        <time>2025-09-18T07:31:17.000Z</time>
        <extensions>
          <ns3:TrackPointExtension>
            <ns3:atemp>24.0</ns3:atemp>
            <ns3:hr>118</ns3:hr>
          </ns3:TrackPointExtension>
        </extensions>
      </trkpt>
      <trkpt lat="59.97036128304898738861083984375" lon="30.30172065831720829010009765625">
        <ele>-14</ele>
        <time>2025-09-18T07:31:24.000Z</time>
        <extensions>
          <ns3:TrackPointExtension>
            <ns3:atemp>24.0</ns3:atemp>
            <ns3:hr>109</ns3:hr>
          </ns3:TrackPointExtension>
        </extensions>
      </trkpt>
      <trkpt lat="59.970362372696399688720703125" lon="30.301716886460781097412109375">
        <ele>-14.19999980926513671875</ele>
        <time>2025-09-18T07:31:30.000Z</time>
        <extensions>
          <ns3:TrackPointExtension>
            <ns3:atemp>24.0</ns3:atemp>
            <ns3:hr>106</ns3:hr>
          </ns3:TrackPointExtension>
        </extensions>
      </trkpt>
      <trkpt lat="59.97036195360124111175537109375" lon="30.30171713791787624359130859375">
        <ele>-14</ele>
        <time>2025-09-18T07:31:34.000Z</time>
        <extensions>
          <ns3:TrackPointExtension>
            <ns3:atemp>24.0</ns3:atemp>
            <ns3:hr>106</ns3:hr>
          </ns3:TrackPointExtension>
        </extensions>
      </trkpt>
      <trkpt lat="59.97036136686801910400390625" lon="30.30171831138432025909423828125">
        <ele>-14</ele>
        <time>2025-09-18T07:31:37.000Z</time>
        <extensions>
          <ns3:TrackPointExtension>
            <ns3:atemp>24.0</ns3:atemp>
            <ns3:hr>102</ns3:hr>
          </ns3:TrackPointExtension>
        </extensions>
      </trkpt>
      <trkpt lat="59.9703611992299556732177734375" lon="30.30172099359333515167236328125">
        <ele>-13.6000003814697265625</ele>
        <time>2025-09-18T07:31:43.000Z</time>
        <extensions>
          <ns3:TrackPointExtension>
            <ns3:atemp>24.0</ns3:atemp>
            <ns3:hr>99</ns3:hr>
          </ns3:TrackPointExtension>
        </extensions>
      </trkpt>
      <trkpt lat="59.970361031591892242431640625" lon="30.30172602273523807525634765625">
        <ele>-13.19999980926513671875</ele>
        <time>2025-09-18T07:31:54.000Z</time>
        <extensions>
          <ns3:TrackPointExtension>
            <ns3:atemp>24.0</ns3:atemp>
            <ns3:hr>96</ns3:hr>
          </ns3:TrackPointExtension>
        </extensions>
      </trkpt>
      <trkpt lat="59.9703611992299556732177734375" lon="30.30172635801136493682861328125">
        <ele>-13.19999980926513671875</ele>
        <time>2025-09-18T07:31:55.000Z</time>
        <extensions>
          <ns3:TrackPointExtension>
            <ns3:atemp>24.0</ns3:atemp>
            <ns3:hr>98</ns3:hr>
          </ns3:TrackPointExtension>
        </extensions>
      </trkpt>
      <trkpt lat="59.9703611992299556732177734375" lon="30.301726944744586944580078125">
        <ele>-13</ele>
        <time>2025-09-18T07:31:56.000Z</time>
        <extensions>
          <ns3:TrackPointExtension>
            <ns3:atemp>24.0</ns3:atemp>
            <ns3:hr>95</ns3:hr>
          </ns3:TrackPointExtension>
        </extensions>
      </trkpt>
      <trkpt lat="59.9703618697822093963623046875" lon="30.30173189006745815277099609375">
        <ele>-12.80000019073486328125</ele>
        <time>2025-09-18T07:32:05.000Z</time>
        <extensions>
          <ns3:TrackPointExtension>
            <ns3:atemp>23.0</ns3:atemp>
            <ns3:hr>95</ns3:hr>
          </ns3:TrackPointExtension>
        </extensions>
      </trkpt>
      <trkpt lat="59.97036228887736797332763671875" lon="30.3017319738864898681640625">
        <ele>-12.80000019073486328125</ele>
        <time>2025-09-18T07:32:10.000Z</time>
        <extensions>
          <ns3:TrackPointExtension>
            <ns3:atemp>23.0</ns3:atemp>
            <ns3:hr>92</ns3:hr>
          </ns3:TrackPointExtension>
        </extensions>
      </trkpt>
      <trkpt lat="59.970362372696399688720703125" lon="30.3017319738864898681640625">
        <ele>-12.6000003814697265625</ele>
        <time>2025-09-18T07:32:11.000Z</time>
        <extensions>
          <ns3:TrackPointExtension>
            <ns3:atemp>23.0</ns3:atemp>
            <ns3:hr>95</ns3:hr>
          </ns3:TrackPointExtension>
        </extensions>
      </trkpt>
      <trkpt lat="59.970362372696399688720703125" lon="30.30173189006745815277099609375">
        <ele>-12.80000019073486328125</ele>
        <time>2025-09-18T07:32:13.000Z</time>
        <extensions>
          <ns3:TrackPointExtension>
            <ns3:atemp>23.0</ns3:atemp>
            <ns3:hr>92</ns3:hr>
          </ns3:TrackPointExtension>
        </extensions>
      </trkpt>
      <trkpt lat="59.9703625403344631195068359375" lon="30.3017319738864898681640625">
        <ele>-12.80000019073486328125</ele>
        <time>2025-09-18T07:32:24.000Z</time>
        <extensions>
          <ns3:TrackPointExtension>
            <ns3:atemp>23.0</ns3:atemp>
            <ns3:hr>95</ns3:hr>
          </ns3:TrackPointExtension>
        </extensions>
      </trkpt>
      <trkpt lat="59.97035692445933818817138671875" lon="30.30173608101904392242431640625">
        <ele>-13</ele>
        <time>2025-09-18T07:32:35.000Z</time>
        <extensions>
          <ns3:TrackPointExtension>
            <ns3:atemp>23.0</ns3:atemp>
            <ns3:hr>96</ns3:hr>
          </ns3:TrackPointExtension>
        </extensions>
      </trkpt>
      <trkpt lat="59.9703477881848812103271484375" lon="30.30173574574291706085205078125">
        <ele>-13</ele>
        <time>2025-09-18T07:32:39.000Z</time>
        <extensions>
          <ns3:TrackPointExtension>
            <ns3:atemp>23.0</ns3:atemp>
            <ns3:hr>100</ns3:hr>
          </ns3:TrackPointExtension>
        </extensions>
      </trkpt>
      <trkpt lat="59.9703417532145977020263671875" lon="30.30174697749316692352294921875">
        <ele>-13</ele>
        <time>2025-09-18T07:32:40.000Z</time>
        <extensions>
          <ns3:TrackPointExtension>
            <ns3:atemp>23.0</ns3:atemp>
            <ns3:hr>103</ns3:hr>
          </ns3:TrackPointExtension>
        </extensions>
      </trkpt>
      <trkpt lat="59.9703280068933963775634765625" lon="30.3017797507345676422119140625">
        <ele>-13</ele>
        <time>2025-09-18T07:32:42.000Z</time>
        <extensions>
          <ns3:TrackPointExtension>
            <ns3:atemp>23.0</ns3:atemp>
            <ns3:hr>106</ns3:hr>
          </ns3:TrackPointExtension>
        </extensions>
      </trkpt>
      <trkpt lat="59.970300011336803436279296875" lon="30.30181520618498325347900390625">
        <ele>-13</ele>
        <time>2025-09-18T07:32:44.000Z</time>
        <extensions>
          <ns3:TrackPointExtension>
            <ns3:atemp>23.0</ns3:atemp>
            <ns3:hr>110</ns3:hr>
          </ns3:TrackPointExtension>
        </extensions>
      </trkpt>
      <trkpt lat="59.97027645818889141082763671875" lon="30.3017991967499256134033203125">
        <ele>-13</ele>
        <time>2025-09-18T07:32:45.000Z</time>
        <extensions>
          <ns3:TrackPointExtension>
            <ns3:atemp>23.0</ns3:atemp>
            <ns3:hr>112</ns3:hr>
          </ns3:TrackPointExtension>
        </extensions>
      </trkpt>
      <trkpt lat="59.9702120013535022735595703125" lon="30.3016917407512664794921875">
        <ele>-13.19999980926513671875</ele>
        <time>2025-09-18T07:32:48.000Z</time>
        <extensions>
          <ns3:TrackPointExtension>
            <ns3:atemp>23.0</ns3:atemp>
            <ns3:hr>113</ns3:hr>
          </ns3:TrackPointExtension>
        </extensions>
      </trkpt>
      <trkpt lat="59.97020370326936244964599609375" lon="30.30164890922605991363525390625">
        <ele>-13</ele>
        <time>2025-09-18T07:32:49.000Z</time>
        <extensions>
          <ns3:TrackPointExtension>
            <ns3:atemp>23.0</ns3:atemp>
            <ns3:hr>114</ns3:hr>
          </ns3:TrackPointExtension>
        </extensions>
      </trkpt>
      <trkpt lat="59.97019330970942974090576171875" lon="30.30160398222506046295166015625">
        <ele>-12.80000019073486328125</ele>
        <time>2025-09-18T07:32:50.000Z</time>
        <extensions>
          <ns3:TrackPointExtension>
            <ns3:atemp>23.0</ns3:atemp>
            <ns3:hr>111</ns3:hr>
          </ns3:TrackPointExtension>
        </extensions>
      </trkpt>
      <trkpt lat="59.9701420962810516357421875" lon="30.3015195764601230621337890625">
        <ele>-12.19999980926513671875</ele>
        <time>2025-09-18T07:32:54.000Z</time>
        <extensions>
          <ns3:TrackPointExtension>
            <ns3:atemp>23.0</ns3:atemp>
            <ns3:hr>111</ns3:hr>
          </ns3:TrackPointExtension>
        </extensions>
      </trkpt>
      <trkpt lat="59.97012457810342311859130859375" lon="30.301508344709873199462890625">
        <ele>-12.19999980926513671875</ele>
        <time>2025-09-18T07:32:55.000Z</time>
        <extensions>
          <ns3:TrackPointExtension>
            <ns3:atemp>23.0</ns3:atemp>
            <ns3:hr>111</ns3:hr>
          </ns3:TrackPointExtension>
        </extensions>
      </trkpt>
      <trkpt lat="59.97007093392312526702880859375" lon="30.3014625795185565948486328125">
        <ele>-12.3999996185302734375</ele>
        <time>2025-09-18T07:32:58.000Z</time>
        <extensions>
          <ns3:TrackPointExtension>
            <ns3:atemp>23.0</ns3:atemp>
            <ns3:hr>107</ns3:hr>
          </ns3:TrackPointExtension>
        </extensions>
      </trkpt>
      <trkpt lat="59.9700299464166164398193359375" lon="30.3014194965362548828125">
        <ele>-12.3999996185302734375</ele>
        <time>2025-09-18T07:33:01.000Z</time>
        <extensions>
          <ns3:TrackPointExtension>
            <ns3:atemp>23.0</ns3:atemp>
            <ns3:hr>104</ns3:hr>
          </ns3:TrackPointExtension>
        </extensions>
      </trkpt>
      <trkpt lat="59.9700158648192882537841796875" lon="30.30141002498567104339599609375">
        <ele>-12.6000003814697265625</ele>
        <time>2025-09-18T07:33:02.000Z</time>
        <extensions>
          <ns3:TrackPointExtension>
            <ns3:atemp>23.0</ns3:atemp>
            <ns3:hr>103</ns3:hr>
          </ns3:TrackPointExtension>
        </extensions>
      </trkpt>
      <trkpt lat="59.9699773080646991729736328125" lon="30.30145729891955852508544921875">
        <ele>-13</ele>
        <time>2025-09-18T07:33:07.000Z</time>
        <extensions>
          <ns3:TrackPointExtension>
            <ns3:atemp>23.0</ns3:atemp>
            <ns3:hr>102</ns3:hr>
          </ns3:TrackPointExtension>
        </extensions>
      </trkpt>
      <trkpt lat="59.96997286565601825714111328125" lon="30.30147355981171131134033203125">
        <ele>-13</ele>
        <time>2025-09-18T07:33:08.000Z</time>
        <extensions>
          <ns3:TrackPointExtension>
            <ns3:atemp>23.0</ns3:atemp>
            <ns3:hr>101</ns3:hr>
          </ns3:TrackPointExtension>
        </extensions>
      </trkpt>
      <trkpt lat="59.969958364963531494140625" lon="30.3014910779893398284912109375">
        <ele>-13.19999980926513671875</ele>
        <time>2025-09-18T07:33:10.000Z</time>
        <extensions>
          <ns3:TrackPointExtension>
            <ns3:atemp>23.0</ns3:atemp>
            <ns3:hr>100</ns3:hr>
          </ns3:TrackPointExtension>
        </extensions>
      </trkpt>
      <trkpt lat="59.96994302608072757720947265625" lon="30.3014853782951831817626953125">
        <ele>-13.19999980926513671875</ele>
        <time>2025-09-18T07:33:11.000Z</time>
        <extensions>
          <ns3:TrackPointExtension>
            <ns3:atemp>23.0</ns3:atemp>
            <ns3:hr>100</ns3:hr>
          </ns3:TrackPointExtension>
        </extensions>
      </trkpt>
      <trkpt lat="59.96990748681128025054931640625" lon="30.301470123231410980224609375">
        <ele>-13.3999996185302734375</ele>
        <time>2025-09-18T07:33:13.000Z</time>
        <extensions>
          <ns3:TrackPointExtension>
            <ns3:atemp>23.0</ns3:atemp>
            <ns3:hr>101</ns3:hr>
          </ns3:TrackPointExtension>
        </extensions>
      </trkpt>
      <trkpt lat="59.96987932361662387847900390625" lon="30.30129552818834781646728515625">
        <ele>-13.6000003814697265625</ele>
        <time>2025-09-18T07:33:17.000Z</time>
        <extensions>
          <ns3:TrackPointExtension>
            <ns3:atemp>23.0</ns3:atemp>
            <ns3:hr>98</ns3:hr>
          </ns3:TrackPointExtension>
        </extensions>
      </trkpt>
      <trkpt lat="59.9698609672486782073974609375" lon="30.3011695481836795806884765625">
        <ele>-13.6000003814697265625</ele>
        <time>2025-09-18T07:33:19.000Z</time>
        <extensions>
          <ns3:TrackPointExtension>
            <ns3:atemp>23.0</ns3:atemp>
            <ns3:hr>98</ns3:hr>
          </ns3:TrackPointExtension>
        </extensions>
      </trkpt>
      <trkpt lat="59.96983054094016551971435546875" lon="30.30106217600405216217041015625">
        <ele>-13.6000003814697265625</ele>
        <time>2025-09-18T07:33:21.000Z</time>
        <extensions>
          <ns3:TrackPointExtension>
            <ns3:atemp>23.0</ns3:atemp>
            <ns3:hr>95</ns3:hr>
          </ns3:TrackPointExtension>
        </extensions>
      </trkpt>
      <trkpt lat="59.9698190577328205108642578125" lon="30.3010126389563083648681640625">
        <ele>-13.80000019073486328125</ele>
        <time>2025-09-18T07:33:22.000Z</time>
        <extensions>
          <ns3:TrackPointExtension>
            <ns3:atemp>23.0</ns3:atemp>
            <ns3:hr>94</ns3:hr>
          </ns3:TrackPointExtension>
        </extensions>
      </trkpt>
      <trkpt lat="59.9697781540453433990478515625" lon="30.3009355254471302032470703125">
        <ele>-14.19999980926513671875</ele>
        <time>2025-09-18T07:33:24.000Z</time>
        <extensions>
          <ns3:TrackPointExtension>
            <ns3:atemp>24.0</ns3:atemp>
            <ns3:hr>92</ns3:hr>
          </ns3:TrackPointExtension>
        </extensions>
      </trkpt>
      <trkpt lat="59.96971520595252513885498046875" lon="30.30089847743511199951171875">
        <ele>-14.3999996185302734375</ele>
        <time>2025-09-18T07:33:26.000Z</time>
        <extensions>
          <ns3:TrackPointExtension>
            <ns3:atemp>24.0</ns3:atemp>
            <ns3:hr>92</ns3:hr>
          </ns3:TrackPointExtension>
        </extensions>
      </trkpt>
      <trkpt lat="59.9695803411304950714111328125" lon="30.3009006567299365997314453125">
        <ele>-14.19999980926513671875</ele>
        <time>2025-09-18T07:33:31.000Z</time>
        <extensions>
          <ns3:TrackPointExtension>
            <ns3:atemp>24.0</ns3:atemp>
            <ns3:hr>95</ns3:hr>
          </ns3:TrackPointExtension>
        </extensions>
      </trkpt>
      <trkpt lat="59.96955804526805877685546875" lon="30.30090627260506153106689453125">
        <ele>-14.3999996185302734375</ele>
        <time>2025-09-18T07:33:32.000Z</time>
        <extensions>
          <ns3:TrackPointExtension>
            <ns3:atemp>24.0</ns3:atemp>
            <ns3:hr>96</ns3:hr>
          </ns3:TrackPointExtension>
        </extensions>
      </trkpt>
      <trkpt lat="59.96948788873851299285888671875" lon="30.30100031755864620208740234375">
        <ele>-14.6000003814697265625</ele>
        <time>2025-09-18T07:33:34.000Z</time>
        <extensions>
          <ns3:TrackPointExtension>
            <ns3:atemp>24.0</ns3:atemp>
            <ns3:hr>99</ns3:hr>
          </ns3:TrackPointExtension>
        </extensions>
      </trkpt>
      <trkpt lat="59.96943625621497631072998046875" lon="30.30104490928351879119873046875">
        <ele>-14.80000019073486328125</ele>
        <time>2025-09-18T07:33:35.000Z</time>
        <extensions>
          <ns3:TrackPointExtension>
            <ns3:atemp>24.0</ns3:atemp>
            <ns3:hr>102</ns3:hr>
          </ns3:TrackPointExtension>
        </extensions>
      </trkpt>
      <trkpt lat="59.9693774990737438201904296875" lon="30.30098221264779567718505859375">
        <ele>-15</ele>
        <time>2025-09-18T07:33:37.000Z</time>
        <extensions>
          <ns3:TrackPointExtension>
            <ns3:atemp>24.0</ns3:atemp>
            <ns3:hr>103</ns3:hr>
          </ns3:TrackPointExtension>
        </extensions>
      </trkpt>
      <trkpt lat="59.96934690512716770172119140625" lon="30.30094801448285579681396484375">
        <ele>-15</ele>
        <time>2025-09-18T07:33:38.000Z</time>
        <extensions>
          <ns3:TrackPointExtension>
            <ns3:atemp>24.0</ns3:atemp>
            <ns3:hr>106</ns3:hr>
          </ns3:TrackPointExtension>
        </extensions>
      </trkpt>
      <trkpt lat="59.96918295510113239288330078125" lon="30.3008227050304412841796875">
        <ele>-14.6000003814697265625</ele>
        <time>2025-09-18T07:33:42.000Z</time>
        <extensions>
          <ns3:TrackPointExtension>
            <ns3:atemp>24.0</ns3:atemp>
            <ns3:hr>103</ns3:hr>
          </ns3:TrackPointExtension>
        </extensions>
      </trkpt>
      <trkpt lat="59.96898581273853778839111328125" lon="30.30074751935899257659912109375">
        <ele>-14.3999996185302734375</ele>
        <time>2025-09-18T07:33:47.000Z</time>
        <extensions>
          <ns3:TrackPointExtension>
            <ns3:atemp>24.0</ns3:atemp>
            <ns3:hr>107</ns3:hr>
          </ns3:TrackPointExtension>
        </extensions>
      </trkpt>
      <trkpt lat="59.96887684799730777740478515625" lon="30.300669483840465545654296875">
        <ele>-14.3999996185302734375</ele>
        <time>2025-09-18T07:33:50.000Z</time>
        <extensions>
          <ns3:TrackPointExtension>
            <ns3:atemp>24.0</ns3:atemp>
            <ns3:hr>106</ns3:hr>
          </ns3:TrackPointExtension>
        </extensions>
      </trkpt>
      <trkpt lat="59.9687636084854602813720703125" lon="30.3005814738571643829345703125">
        <ele>-14.3999996185302734375</ele>
        <time>2025-09-18T07:33:54.000Z</time>
        <extensions>
          <ns3:TrackPointExtension>
            <ns3:atemp>24.0</ns3:atemp>
            <ns3:hr>109</ns3:hr>
          </ns3:TrackPointExtension>
        </extensions>
      </trkpt>
      <trkpt lat="59.96871591545641422271728515625" lon="30.30052707530558109283447265625">
        <ele>-14.3999996185302734375</ele>
        <time>2025-09-18T07:33:56.000Z</time>
        <extensions>
          <ns3:TrackPointExtension>
            <ns3:atemp>24.0</ns3:atemp>
            <ns3:hr>108</ns3:hr>
          </ns3:TrackPointExtension>
        </extensions>
      </trkpt>
      <trkpt lat="59.968524388968944549560546875" lon="30.30034049414098262786865234375">
        <ele>-14.6000003814697265625</ele>
        <time>2025-09-18T07:34:02.000Z</time>
        <extensions>
          <ns3:TrackPointExtension>
            <ns3:atemp>24.0</ns3:atemp>
            <ns3:hr>107</ns3:hr>
          </ns3:TrackPointExtension>
        </extensions>
      </trkpt>
      <trkpt lat="59.96830017305910587310791015625" lon="30.3001318685710430145263671875">
        <ele>-15</ele>
        <time>2025-09-18T07:34:09.000Z</time>
        <extensions>
          <ns3:TrackPointExtension>
            <ns3:atemp>24.0</ns3:atemp>
            <ns3:hr>110</ns3:hr>
          </ns3:TrackPointExtension>
        </extensions>
      </trkpt>
      <trkpt lat="59.9682673998177051544189453125" lon="30.30010588467121124267578125">
        <ele>-15</ele>
        <time>2025-09-18T07:34:10.000Z</time>
        <extensions>
          <ns3:TrackPointExtension>
            <ns3:atemp>24.0</ns3:atemp>
            <ns3:hr>110</ns3:hr>
          </ns3:TrackPointExtension>
        </extensions>
      </trkpt>
      <trkpt lat="59.9680900387465953826904296875" lon="30.29995626769959926605224609375">
        <ele>-15</ele>
        <time>2025-09-18T07:34:16.000Z</time>
        <extensions>
          <ns3:TrackPointExtension>
            <ns3:atemp>24.0</ns3:atemp>
            <ns3:hr>111</ns3:hr>
          </ns3:TrackPointExtension>
        </extensions>
      </trkpt>
      <trkpt lat="59.96798836626112461090087890625" lon="30.2996735461056232452392578125">
        <ele>-15</ele>
        <time>2025-09-18T07:34:20.000Z</time>
        <extensions>
          <ns3:TrackPointExtension>
            <ns3:atemp>24.0</ns3:atemp>
            <ns3:hr>111</ns3:hr>
          </ns3:TrackPointExtension>
        </extensions>
      </trkpt>
      <trkpt lat="59.9679096601903438568115234375" lon="30.29977287165820598602294921875">
        <ele>-15.19999980926513671875</ele>
        <time>2025-09-18T07:34:25.000Z</time>
        <extensions>
          <ns3:TrackPointExtension>
            <ns3:atemp>24.0</ns3:atemp>
            <ns3:hr>111</ns3:hr>
          </ns3:TrackPointExtension>
        </extensions>
      </trkpt>
      <trkpt lat="59.96788895688951015472412109375" lon="30.30011686496436595916748046875">
        <ele>-15.19999980926513671875</ele>
        <time>2025-09-18T07:34:32.000Z</time>
        <extensions>
          <ns3:TrackPointExtension>
            <ns3:atemp>24.0</ns3:atemp>
            <ns3:hr>110</ns3:hr>
          </ns3:TrackPointExtension>
        </extensions>
      </trkpt>
      <trkpt lat="59.96789482422173023223876953125" lon="30.30015223659574985504150390625">
        <ele>-15.19999980926513671875</ele>
        <time>2025-09-18T07:34:33.000Z</time>
        <extensions>
          <ns3:TrackPointExtension>
            <ns3:atemp>24.0</ns3:atemp>
            <ns3:hr>107</ns3:hr>
          </ns3:TrackPointExtension>
        </extensions>
      </trkpt>
      <trkpt lat="59.96789507567882537841796875" lon="30.30021241866052150726318359375">
        <ele>-15.3999996185302734375</ele>
        <time>2025-09-18T07:34:34.000Z</time>
        <extensions>
          <ns3:TrackPointExtension>
            <ns3:atemp>24.0</ns3:atemp>
            <ns3:hr>109</ns3:hr>
          </ns3:TrackPointExtension>
        </extensions>
      </trkpt>
      <trkpt lat="59.96788828633725643157958984375" lon="30.30039598233997821807861328125">
        <ele>-15.3999996185302734375</ele>
        <time>2025-09-18T07:34:38.000Z</time>
        <extensions>
          <ns3:TrackPointExtension>
            <ns3:atemp>24.0</ns3:atemp>
            <ns3:hr>105</ns3:hr>
          </ns3:TrackPointExtension>
        </extensions>
      </trkpt>
      <trkpt lat="59.96779851615428924560546875" lon="30.3006912767887115478515625">
        <ele>-15.3999996185302734375</ele>
        <time>2025-09-18T07:34:45.000Z</time>
        <extensions>
          <ns3:TrackPointExtension>
            <ns3:atemp>24.0</ns3:atemp>
            <ns3:hr>104</ns3:hr>
          </ns3:TrackPointExtension>
        </extensions>
      </trkpt>
      <trkpt lat="59.9676789902150630950927734375" lon="30.30100316740572452545166015625">
        <ele>-15.6000003814697265625</ele>
        <time>2025-09-18T07:34:51.000Z</time>
        <extensions>
          <ns3:TrackPointExtension>
            <ns3:atemp>24.0</ns3:atemp>
            <ns3:hr>103</ns3:hr>
          </ns3:TrackPointExtension>
        </extensions>
      </trkpt>
      <trkpt lat="59.96764563024044036865234375" lon="30.3011001460254192352294921875">
        <ele>-15.80000019073486328125</ele>
        <time>2025-09-18T07:34:53.000Z</time>
        <extensions>
          <ns3:TrackPointExtension>
            <ns3:atemp>24.0</ns3:atemp>
            <ns3:hr>100</ns3:hr>
          </ns3:TrackPointExtension>
        </extensions>
      </trkpt>
      <trkpt lat="59.9675123579800128936767578125" lon="30.30114146880805492401123046875">
        <ele>-16</ele>
        <time>2025-09-18T07:34:57.000Z</time>
        <extensions>
          <ns3:TrackPointExtension>
            <ns3:atemp>24.0</ns3:atemp>
            <ns3:hr>100</ns3:hr>
          </ns3:TrackPointExtension>
        </extensions>
      </trkpt>
      <trkpt lat="59.9674768187105655670166015625" lon="30.30113643966615200042724609375">
        <ele>-16.200000762939453125</ele>
        <time>2025-09-18T07:34:59.000Z</time>
        <extensions>
          <ns3:TrackPointExtension>
            <ns3:atemp>24.0</ns3:atemp>
            <ns3:hr>103</ns3:hr>
          </ns3:TrackPointExtension>
        </extensions>
      </trkpt>
      <trkpt lat="59.96744739823043346405029296875" lon="30.301105678081512451171875">
        <ele>-16</ele>
        <time>2025-09-18T07:35:01.000Z</time>
        <extensions>
          <ns3:TrackPointExtension>
            <ns3:atemp>24.0</ns3:atemp>
            <ns3:hr>106</ns3:hr>
          </ns3:TrackPointExtension>
        </extensions>
      </trkpt>
      <trkpt lat="59.967431724071502685546875" lon="30.30108883045613765716552734375">
        <ele>-16</ele>
        <time>2025-09-18T07:35:02.000Z</time>
        <extensions>
          <ns3:TrackPointExtension>
            <ns3:atemp>24.0</ns3:atemp>
            <ns3:hr>107</ns3:hr>
          </ns3:TrackPointExtension>
        </extensions>
      </trkpt>
      <trkpt lat="59.9673158861696720123291015625" lon="30.30094097368419170379638671875">
        <ele>-16</ele>
        <time>2025-09-18T07:35:06.000Z</time>
        <extensions>
          <ns3:TrackPointExtension>
            <ns3:atemp>24.0</ns3:atemp>
            <ns3:hr>108</ns3:hr>
          </ns3:TrackPointExtension>
        </extensions>
      </trkpt>
      <trkpt lat="59.96723868884146213531494140625" lon="30.30078540556132793426513671875">
        <ele>-16.200000762939453125</ele>
        <time>2025-09-18T07:35:09.000Z</time>
        <extensions>
          <ns3:TrackPointExtension>
            <ns3:atemp>24.0</ns3:atemp>
            <ns3:hr>113</ns3:hr>
          </ns3:TrackPointExtension>
        </extensions>
      </trkpt>
      <trkpt lat="59.967102147638797760009765625" lon="30.300578288733959197998046875">
        <ele>-15.80000019073486328125</ele>
        <time>2025-09-18T07:35:14.000Z</time>
        <extensions>
          <ns3:TrackPointExtension>
            <ns3:atemp>24.0</ns3:atemp>
            <ns3:hr>111</ns3:hr>
          </ns3:TrackPointExtension>
        </extensions>
      </trkpt>
      <trkpt lat="59.96703919954597949981689453125" lon="30.3004205413162708282470703125">
        <ele>-16</ele>
        <time>2025-09-18T07:35:17.000Z</time>
        <extensions>
          <ns3:TrackPointExtension>
            <ns3:atemp>24.0</ns3:atemp>
            <ns3:hr>114</ns3:hr>
          </ns3:TrackPointExtension>
        </extensions>
      </trkpt>
      <trkpt lat="59.96696644462645053863525390625" lon="30.30028693377971649169921875">
        <ele>-16.200000762939453125</ele>
        <time>2025-09-18T07:35:20.000Z</time>
        <extensions>
          <ns3:TrackPointExtension>
            <ns3:atemp>24.0</ns3:atemp>
            <ns3:hr>116</ns3:hr>
          </ns3:TrackPointExtension>
        </extensions>
      </trkpt>
      <trkpt lat="59.966916739940643310546875" lon="30.300204455852508544921875">
        <ele>-16.3999996185302734375</ele>
        <time>2025-09-18T07:35:22.000Z</time>
        <extensions>
          <ns3:TrackPointExtension>
            <ns3:atemp>24.0</ns3:atemp>
            <ns3:hr>116</ns3:hr>
          </ns3:TrackPointExtension>
        </extensions>
      </trkpt>
      <trkpt lat="59.9667633511126041412353515625" lon="30.29994587413966655731201171875">
        <ele>-16.6000003814697265625</ele>
        <time>2025-09-18T07:35:28.000Z</time>
        <extensions>
          <ns3:TrackPointExtension>
            <ns3:atemp>24.0</ns3:atemp>
            <ns3:hr>117</ns3:hr>
          </ns3:TrackPointExtension>
        </extensions>
      </trkpt>
      <trkpt lat="59.966707527637481689453125" lon="30.29985233210027217864990234375">
        <ele>-16.6000003814697265625</ele>
        <time>2025-09-18T07:35:30.000Z</time>
        <extensions>
          <ns3:TrackPointExtension>
            <ns3:atemp>24.0</ns3:atemp>
            <ns3:hr>120</ns3:hr>
          </ns3:TrackPointExtension>
        </extensions>
      </trkpt>
      <trkpt lat="59.966681711375713348388671875" lon="30.299803130328655242919921875">
        <ele>-16.6000003814697265625</ele>
        <time>2025-09-18T07:35:31.000Z</time>
        <extensions>
          <ns3:TrackPointExtension>
            <ns3:atemp>24.0</ns3:atemp>
            <ns3:hr>119</ns3:hr>
          </ns3:TrackPointExtension>
        </extensions>
      </trkpt>
      <trkpt lat="59.96661993674933910369873046875" lon="30.29967530630528926849365234375">
        <ele>-16.799999237060546875</ele>
        <time>2025-09-18T07:35:34.000Z</time>
        <extensions>
          <ns3:TrackPointExtension>
            <ns3:atemp>24.0</ns3:atemp>
            <ns3:hr>118</ns3:hr>
          </ns3:TrackPointExtension>
        </extensions>
      </trkpt>
      <trkpt lat="59.96642589569091796875" lon="30.29942787252366542816162109375">
        <ele>-16.799999237060546875</ele>
        <time>2025-09-18T07:35:41.000Z</time>
        <extensions>
          <ns3:TrackPointExtension>
            <ns3:atemp>24.0</ns3:atemp>
            <ns3:hr>118</ns3:hr>
          </ns3:TrackPointExtension>
        </extensions>
      </trkpt>
      <trkpt lat="59.96638155542314052581787109375" lon="30.2993359230458736419677734375">
        <ele>-16.799999237060546875</ele>
        <time>2025-09-18T07:35:43.000Z</time>
        <extensions>
          <ns3:TrackPointExtension>
            <ns3:atemp>24.0</ns3:atemp>
            <ns3:hr>115</ns3:hr>
          </ns3:TrackPointExtension>
        </extensions>
      </trkpt>
      <trkpt lat="59.96634383685886859893798828125" lon="30.29909879900515079498291015625">
        <ele>-17</ele>
        <time>2025-09-18T07:35:47.000Z</time>
        <extensions>
          <ns3:TrackPointExtension>
            <ns3:atemp>24.0</ns3:atemp>
            <ns3:hr>113</ns3:hr>
          </ns3:TrackPointExtension>
        </extensions>
      </trkpt>
      <trkpt lat="59.96634165756404399871826171875" lon="30.29880107380449771881103515625">
        <ele>-17.200000762939453125</ele>
        <time>2025-09-18T07:35:53.000Z</time>
        <extensions>
          <ns3:TrackPointExtension>
            <ns3:atemp>24.0</ns3:atemp>
            <ns3:hr>110</ns3:hr>
          </ns3:TrackPointExtension>
        </extensions>
      </trkpt>
      <trkpt lat="59.96626420877873897552490234375" lon="30.29885119758546352386474609375">
        <ele>-17.200000762939453125</ele>
        <time>2025-09-18T07:36:00.000Z</time>
        <extensions>
          <ns3:TrackPointExtension>
            <ns3:atemp>24.0</ns3:atemp>
            <ns3:hr>110</ns3:hr>
          </ns3:TrackPointExtension>
        </extensions>
      </trkpt>
      <trkpt lat="59.96626722626388072967529296875" lon="30.29885237105190753936767578125">
        <ele>-17.3999996185302734375</ele>
        <time>2025-09-18T07:36:04.000Z</time>
        <extensions>
          <ns3:TrackPointExtension>
            <ns3:atemp>24.0</ns3:atemp>
            <ns3:hr>106</ns3:hr>
          </ns3:TrackPointExtension>
        </extensions>
      </trkpt>
      <trkpt lat="59.9662711657583713531494140625" lon="30.29885102994740009307861328125">
        <ele>-17.6000003814697265625</ele>
        <time>2025-09-18T07:36:12.000Z</time>
        <extensions>
          <ns3:TrackPointExtension>
            <ns3:atemp>24.0</ns3:atemp>
            <ns3:hr>103</ns3:hr>
          </ns3:TrackPointExtension>
        </extensions>
      </trkpt>
      <trkpt lat="59.96626471169292926788330078125" lon="30.298836864531040191650390625">
        <ele>-17.6000003814697265625</ele>
        <time>2025-09-18T07:36:20.000Z</time>
        <extensions>
          <ns3:TrackPointExtension>
            <ns3:atemp>24.0</ns3:atemp>
            <ns3:hr>101</ns3:hr>
          </ns3:TrackPointExtension>
        </extensions>
      </trkpt>
      <trkpt lat="59.96619866229593753814697265625" lon="30.29879503883421421051025390625">
        <ele>-17.3999996185302734375</ele>
        <time>2025-09-18T07:36:24.000Z</time>
        <extensions>
          <ns3:TrackPointExtension>
            <ns3:atemp>24.0</ns3:atemp>
            <ns3:hr>101</ns3:hr>
          </ns3:TrackPointExtension>
        </extensions>
      </trkpt>
      <trkpt lat="59.96612557210028171539306640625" lon="30.298785902559757232666015625">
        <ele>-17.6000003814697265625</ele>
        <time>2025-09-18T07:36:27.000Z</time>
        <extensions>
          <ns3:TrackPointExtension>
            <ns3:atemp>24.0</ns3:atemp>
            <ns3:hr>101</ns3:hr>
          </ns3:TrackPointExtension>
        </extensions>
      </trkpt>
      <trkpt lat="59.96611216105520725250244140625" lon="30.29882135801017284393310546875">
        <ele>-17.6000003814697265625</ele>
        <time>2025-09-18T07:36:28.000Z</time>
        <extensions>
          <ns3:TrackPointExtension>
            <ns3:atemp>24.0</ns3:atemp>
            <ns3:hr>100</ns3:hr>
          </ns3:TrackPointExtension>
        </extensions>
      </trkpt>
      <trkpt lat="59.96606891043484210968017578125" lon="30.298919677734375">
        <ele>-17.200000762939453125</ele>
        <time>2025-09-18T07:36:33.000Z</time>
        <extensions>
          <ns3:TrackPointExtension>
            <ns3:atemp>24.0</ns3:atemp>
            <ns3:hr>98</ns3:hr>
          </ns3:TrackPointExtension>
        </extensions>
      </trkpt>
      <trkpt lat="59.96600470505654811859130859375" lon="30.29906661249697208404541015625">
        <ele>-17.200000762939453125</ele>
        <time>2025-09-18T07:36:40.000Z</time>
        <extensions>
          <ns3:TrackPointExtension>
            <ns3:atemp>23.0</ns3:atemp>
            <ns3:hr>97</ns3:hr>
          </ns3:TrackPointExtension>
        </extensions>
      </trkpt>
      <trkpt lat="59.96600738726556301116943359375" lon="30.2990640141069889068603515625">
        <ele>-17.200000762939453125</ele>
        <time>2025-09-18T07:36:46.000Z</time>
        <extensions>
          <ns3:TrackPointExtension>
            <ns3:atemp>23.0</ns3:atemp>
            <ns3:hr>94</ns3:hr>
          </ns3:TrackPointExtension>
        </extensions>
      </trkpt>
      <trkpt lat="59.96600948274135589599609375" lon="30.29907147400081157684326171875">
        <ele>-17</ele>
        <time>2025-09-18T07:36:51.000Z</time>
        <extensions>
          <ns3:TrackPointExtension>
            <ns3:atemp>23.0</ns3:atemp>
            <ns3:hr>95</ns3:hr>
          </ns3:TrackPointExtension>
        </extensions>
      </trkpt>
      <trkpt lat="59.96600001119077205657958984375" lon="30.29907549731433391571044921875">
        <ele>-17</ele>
        <time>2025-09-18T07:36:52.000Z</time>
        <extensions>
          <ns3:TrackPointExtension>
            <ns3:atemp>23.0</ns3:atemp>
            <ns3:hr>94</ns3:hr>
          </ns3:TrackPointExtension>
        </extensions>
      </trkpt>
      <trkpt lat="59.9659566767513751983642578125" lon="30.299039371311664581298828125">
        <ele>-16.799999237060546875</ele>
        <time>2025-09-18T07:36:54.000Z</time>
        <extensions>
          <ns3:TrackPointExtension>
            <ns3:atemp>23.0</ns3:atemp>
            <ns3:hr>93</ns3:hr>
          </ns3:TrackPointExtension>
        </extensions>
      </trkpt>
      <trkpt lat="59.965883754193782806396484375" lon="30.29890215955674648284912109375">
        <ele>-16.799999237060546875</ele>
        <time>2025-09-18T07:36:57.000Z</time>
        <extensions>
          <ns3:TrackPointExtension>
            <ns3:atemp>23.0</ns3:atemp>
            <ns3:hr>96</ns3:hr>
          </ns3:TrackPointExtension>
        </extensions>
      </trkpt>
      <trkpt lat="59.965834803879261016845703125" lon="30.298806689679622650146484375">
        <ele>-17</ele>
        <time>2025-09-18T07:36:59.000Z</time>
        <extensions>
          <ns3:TrackPointExtension>
            <ns3:atemp>23.0</ns3:atemp>
            <ns3:hr>99</ns3:hr>
          </ns3:TrackPointExtension>
        </extensions>
      </trkpt>
      <trkpt lat="59.96578979305922985076904296875" lon="30.29870971105992794036865234375">
        <ele>-17</ele>
        <time>2025-09-18T07:37:01.000Z</time>
        <extensions>
          <ns3:TrackPointExtension>
            <ns3:atemp>23.0</ns3:atemp>
            <ns3:hr>98</ns3:hr>
          </ns3:TrackPointExtension>
        </extensions>
      </trkpt>
      <trkpt lat="59.9656720273196697235107421875" lon="30.298582054674625396728515625">
        <ele>-16.200000762939453125</ele>
        <time>2025-09-18T07:37:06.000Z</time>
        <extensions>
          <ns3:TrackPointExtension>
            <ns3:atemp>23.0</ns3:atemp>
            <ns3:hr>96</ns3:hr>
          </ns3:TrackPointExtension>
        </extensions>
      </trkpt>
      <trkpt lat="59.96564327739179134368896484375" lon="30.29854953289031982421875">
        <ele>-16</ele>
        <time>2025-09-18T07:37:07.000Z</time>
        <extensions>
          <ns3:TrackPointExtension>
            <ns3:atemp>23.0</ns3:atemp>
            <ns3:hr>96</ns3:hr>
          </ns3:TrackPointExtension>
        </extensions>
      </trkpt>
      <trkpt lat="59.9655017070472240447998046875" lon="30.29836781322956085205078125">
        <ele>-15.3999996185302734375</ele>
        <time>2025-09-18T07:37:13.000Z</time>
        <extensions>
          <ns3:TrackPointExtension>
            <ns3:atemp>23.0</ns3:atemp>
            <ns3:hr>95</ns3:hr>
          </ns3:TrackPointExtension>
        </extensions>
      </trkpt>
      <trkpt lat="59.9654406867921352386474609375" lon="30.29827234335243701934814453125">
        <ele>-15.19999980926513671875</ele>
        <time>2025-09-18T07:37:16.000Z</time>
        <extensions>
          <ns3:TrackPointExtension>
            <ns3:atemp>23.0</ns3:atemp>
            <ns3:hr>95</ns3:hr>
          </ns3:TrackPointExtension>
        </extensions>
      </trkpt>
      <trkpt lat="59.9653773196041584014892578125" lon="30.2981554158031940460205078125">
        <ele>-14.3999996185302734375</ele>
        <time>2025-09-18T07:37:20.000Z</time>
        <extensions>
          <ns3:TrackPointExtension>
            <ns3:atemp>23.0</ns3:atemp>
            <ns3:hr>94</ns3:hr>
          </ns3:TrackPointExtension>
        </extensions>
      </trkpt>
      <trkpt lat="59.9653444625437259674072265625" lon="30.2980977483093738555908203125">
        <ele>-14.19999980926513671875</ele>
        <time>2025-09-18T07:37:22.000Z</time>
        <extensions>
          <ns3:TrackPointExtension>
            <ns3:atemp>23.0</ns3:atemp>
            <ns3:hr>94</ns3:hr>
          </ns3:TrackPointExtension>
        </extensions>
      </trkpt>
      <trkpt lat="59.9652961827814579010009765625" lon="30.29802155680954456329345703125">
        <ele>-14.19999980926513671875</ele>
        <time>2025-09-18T07:37:26.000Z</time>
        <extensions>
          <ns3:TrackPointExtension>
            <ns3:atemp>23.0</ns3:atemp>
            <ns3:hr>93</ns3:hr>
          </ns3:TrackPointExtension>
        </extensions>
      </trkpt>
      <trkpt lat="59.96520993299782276153564453125" lon="30.29790471307933330535888671875">
        <ele>-14</ele>
        <time>2025-09-18T07:37:31.000Z</time>
        <extensions>
          <ns3:TrackPointExtension>
            <ns3:atemp>23.0</ns3:atemp>
            <ns3:hr>90</ns3:hr>
          </ns3:TrackPointExtension>
        </extensions>
      </trkpt>
      <trkpt lat="59.96517187915742397308349609375" lon="30.297884680330753326416015625">
        <ele>-14</ele>
        <time>2025-09-18T07:37:32.000Z</time>
        <extensions>
          <ns3:TrackPointExtension>
            <ns3:atemp>23.0</ns3:atemp>
            <ns3:hr>92</ns3:hr>
          </ns3:TrackPointExtension>
        </extensions>
      </trkpt>
      <trkpt lat="59.96501061134040355682373046875" lon="30.29765174724161624908447265625">
        <ele>-13.80000019073486328125</ele>
        <time>2025-09-18T07:37:37.000Z</time>
        <extensions>
          <ns3:TrackPointExtension>
            <ns3:atemp>23.0</ns3:atemp>
            <ns3:hr>91</ns3:hr>
          </ns3:TrackPointExtension>
        </extensions>
      </trkpt>
      <trkpt lat="59.9649753235280513763427734375" lon="30.2975837700068950653076171875">
        <ele>-13.80000019073486328125</ele>
        <time>2025-09-18T07:37:38.000Z</time>
        <extensions>
          <ns3:TrackPointExtension>
            <ns3:atemp>23.0</ns3:atemp>
            <ns3:hr>92</ns3:hr>
          </ns3:TrackPointExtension>
        </extensions>
      </trkpt>
      <trkpt lat="59.9647493474185466766357421875" lon="30.29723399318754673004150390625">
        <ele>-13.19999980926513671875</ele>
        <time>2025-09-18T07:37:43.000Z</time>
        <extensions>
          <ns3:TrackPointExtension>
            <ns3:atemp>23.0</ns3:atemp>
            <ns3:hr>91</ns3:hr>
          </ns3:TrackPointExtension>
        </extensions>
      </trkpt>
      <trkpt lat="59.96470249257981777191162109375" lon="30.29716207645833492279052734375">
        <ele>-13.3999996185302734375</ele>
        <time>2025-09-18T07:37:44.000Z</time>
        <extensions>
          <ns3:TrackPointExtension>
            <ns3:atemp>23.0</ns3:atemp>
            <ns3:hr>88</ns3:hr>
          </ns3:TrackPointExtension>
        </extensions>
      </trkpt>
      <trkpt lat="59.96452295221388339996337890625" lon="30.2968503534793853759765625">
        <ele>-13</ele>
        <time>2025-09-18T07:37:48.000Z</time>
        <extensions>
          <ns3:TrackPointExtension>
            <ns3:atemp>23.0</ns3:atemp>
            <ns3:hr>91</ns3:hr>
          </ns3:TrackPointExtension>
        </extensions>
      </trkpt>
      <trkpt lat="59.96443100273609161376953125" lon="30.29668606817722320556640625">
        <ele>-13</ele>
        <time>2025-09-18T07:37:50.000Z</time>
        <extensions>
          <ns3:TrackPointExtension>
            <ns3:atemp>23.0</ns3:atemp>
            <ns3:hr>90</ns3:hr>
          </ns3:TrackPointExtension>
        </extensions>
      </trkpt>
      <trkpt lat="59.96415431611239910125732421875" lon="30.29620553366839885711669921875">
        <ele>-13</ele>
        <time>2025-09-18T07:37:56.000Z</time>
        <extensions>
          <ns3:TrackPointExtension>
            <ns3:atemp>23.0</ns3:atemp>
            <ns3:hr>94</ns3:hr>
          </ns3:TrackPointExtension>
        </extensions>
      </trkpt>
      <trkpt lat="59.96406312100589275360107421875" lon="30.29607511125504970550537109375">
        <ele>-13.19999980926513671875</ele>
        <time>2025-09-18T07:37:58.000Z</time>
        <extensions>
          <ns3:TrackPointExtension>
            <ns3:atemp>23.0</ns3:atemp>
            <ns3:hr>98</ns3:hr>
          </ns3:TrackPointExtension>
        </extensions>
      </trkpt>
      <trkpt lat="59.96394820511341094970703125" lon="30.2958862669765949249267578125">
        <ele>-13.6000003814697265625</ele>
        <time>2025-09-18T07:38:01.000Z</time>
        <extensions>
          <ns3:TrackPointExtension>
            <ns3:atemp>23.0</ns3:atemp>
            <ns3:hr>101</ns3:hr>
          </ns3:TrackPointExtension>
        </extensions>
      </trkpt>
      <trkpt lat="59.96390369720757007598876953125" lon="30.295816697180271148681640625">
        <ele>-13.80000019073486328125</ele>
        <time>2025-09-18T07:38:03.000Z</time>
        <extensions>
          <ns3:TrackPointExtension>
            <ns3:atemp>23.0</ns3:atemp>
            <ns3:hr>106</ns3:hr>
          </ns3:TrackPointExtension>
        </extensions>
      </trkpt>
      <trkpt lat="59.9638900347054004669189453125" lon="30.29579297639429569244384765625">
        <ele>-13.6000003814697265625</ele>
        <time>2025-09-18T07:38:04.000Z</time>
        <extensions>
          <ns3:TrackPointExtension>
            <ns3:atemp>23.0</ns3:atemp>
            <ns3:hr>106</ns3:hr>
          </ns3:TrackPointExtension>
        </extensions>
      </trkpt>
      <trkpt lat="59.96379531919956207275390625" lon="30.295586027204990386962890625">
        <ele>-13.3999996185302734375</ele>
        <time>2025-09-18T07:38:08.000Z</time>
        <extensions>
          <ns3:TrackPointExtension>
            <ns3:atemp>23.0</ns3:atemp>
            <ns3:hr>110</ns3:hr>
          </ns3:TrackPointExtension>
        </extensions>
      </trkpt>
      <trkpt lat="59.9636982567608356475830078125" lon="30.2953992784023284912109375">
        <ele>-13.19999980926513671875</ele>
        <time>2025-09-18T07:38:11.000Z</time>
        <extensions>
          <ns3:TrackPointExtension>
            <ns3:atemp>22.0</ns3:atemp>
            <ns3:hr>113</ns3:hr>
          </ns3:TrackPointExtension>
        </extensions>
      </trkpt>
      <trkpt lat="59.96365693397819995880126953125" lon="30.29532761313021183013916015625">
        <ele>-13.3999996185302734375</ele>
        <time>2025-09-18T07:38:12.000Z</time>
        <extensions>
          <ns3:TrackPointExtension>
            <ns3:atemp>22.0</ns3:atemp>
            <ns3:hr>120</ns3:hr>
          </ns3:TrackPointExtension>
        </extensions>
      </trkpt>
      <trkpt lat="59.9636154435575008392333984375" lon="30.29526139609515666961669921875">
        <ele>-13.3999996185302734375</ele>
        <time>2025-09-18T07:38:13.000Z</time>
        <extensions>
          <ns3:TrackPointExtension>
            <ns3:atemp>22.0</ns3:atemp>
            <ns3:hr>121</ns3:hr>
          </ns3:TrackPointExtension>
        </extensions>
      </trkpt>
      <trkpt lat="59.9632513336837291717529296875" lon="30.29472713358700275421142578125">
        <ele>-12.6000003814697265625</ele>
        <time>2025-09-18T07:38:22.000Z</time>
        <extensions>
          <ns3:TrackPointExtension>
            <ns3:atemp>22.0</ns3:atemp>
            <ns3:hr>119</ns3:hr>
          </ns3:TrackPointExtension>
        </extensions>
      </trkpt>
      <trkpt lat="59.962914548814296722412109375" lon="30.294228829443454742431640625">
        <ele>-12</ele>
        <time>2025-09-18T07:38:30.000Z</time>
        <extensions>
          <ns3:TrackPointExtension>
            <ns3:atemp>22.0</ns3:atemp>
            <ns3:hr>120</ns3:hr>
          </ns3:TrackPointExtension>
        </extensions>
      </trkpt>
      <trkpt lat="59.962788484990596771240234375" lon="30.294031016528606414794921875">
        <ele>-11.80000019073486328125</ele>
        <time>2025-09-18T07:38:33.000Z</time>
        <extensions>
          <ns3:TrackPointExtension>
            <ns3:atemp>22.0</ns3:atemp>
            <ns3:hr>120</ns3:hr>
          </ns3:TrackPointExtension>
        </extensions>
      </trkpt>
      <trkpt lat="59.96259880252182483673095703125" lon="30.29370269738137722015380859375">
        <ele>-12.3999996185302734375</ele>
        <time>2025-09-18T07:38:39.000Z</time>
        <extensions>
          <ns3:TrackPointExtension>
            <ns3:atemp>22.0</ns3:atemp>
            <ns3:hr>121</ns3:hr>
          </ns3:TrackPointExtension>
        </extensions>
      </trkpt>
      <trkpt lat="59.9625388719141483306884765625" lon="30.29356456361711025238037109375">
        <ele>-12.6000003814697265625</ele>
        <time>2025-09-18T07:38:41.000Z</time>
        <extensions>
          <ns3:TrackPointExtension>
            <ns3:atemp>22.0</ns3:atemp>
            <ns3:hr>120</ns3:hr>
          </ns3:TrackPointExtension>
        </extensions>
      </trkpt>
      <trkpt lat="59.96240065433084964752197265625" lon="30.29333489947021007537841796875">
        <ele>-12.80000019073486328125</ele>
        <time>2025-09-18T07:38:45.000Z</time>
        <extensions>
          <ns3:TrackPointExtension>
            <ns3:atemp>22.0</ns3:atemp>
            <ns3:hr>118</ns3:hr>
          </ns3:TrackPointExtension>
        </extensions>
      </trkpt>
      <trkpt lat="59.96236997656524181365966796875" lon="30.29329231940209865570068359375">
        <ele>-12.80000019073486328125</ele>
        <time>2025-09-18T07:38:46.000Z</time>
        <extensions>
          <ns3:TrackPointExtension>
            <ns3:atemp>22.0</ns3:atemp>
            <ns3:hr>123</ns3:hr>
          </ns3:TrackPointExtension>
        </extensions>
      </trkpt>
      <trkpt lat="59.96232504956424236297607421875" lon="30.29321738518774509429931640625">
        <ele>-13.19999980926513671875</ele>
        <time>2025-09-18T07:38:49.000Z</time>
        <extensions>
          <ns3:TrackPointExtension>
            <ns3:atemp>22.0</ns3:atemp>
            <ns3:hr>120</ns3:hr>
          </ns3:TrackPointExtension>
        </extensions>
      </trkpt>
      <trkpt lat="59.96227542869746685028076171875" lon="30.29309366829693317413330078125">
        <ele>-13.3999996185302734375</ele>
        <time>2025-09-18T07:38:55.000Z</time>
        <extensions>
          <ns3:TrackPointExtension>
            <ns3:atemp>22.0</ns3:atemp>
            <ns3:hr>121</ns3:hr>
          </ns3:TrackPointExtension>
        </extensions>
      </trkpt>
      <trkpt lat="59.9621519632637500762939453125" lon="30.29286266304552555084228515625">
        <ele>-13.19999980926513671875</ele>
        <time>2025-09-18T07:38:59.000Z</time>
        <extensions>
          <ns3:TrackPointExtension>
            <ns3:atemp>22.0</ns3:atemp>
            <ns3:hr>120</ns3:hr>
          </ns3:TrackPointExtension>
        </extensions>
      </trkpt>
      <trkpt lat="59.96211365796625614166259765625" lon="30.29279979877173900604248046875">
        <ele>-13.19999980926513671875</ele>
        <time>2025-09-18T07:39:00.000Z</time>
        <extensions>
          <ns3:TrackPointExtension>
            <ns3:atemp>22.0</ns3:atemp>
            <ns3:hr>116</ns3:hr>
          </ns3:TrackPointExtension>
        </extensions>
      </trkpt>
      <trkpt lat="59.96176178567111492156982421875" lon="30.2922813780605792999267578125">
        <ele>-13.3999996185302734375</ele>
        <time>2025-09-18T07:39:09.000Z</time>
        <extensions>
          <ns3:TrackPointExtension>
            <ns3:atemp>22.0</ns3:atemp>
            <ns3:hr>119</ns3:hr>
          </ns3:TrackPointExtension>
        </extensions>
      </trkpt>
      <trkpt lat="59.9616513960063457489013671875" lon="30.29209186322987079620361328125">
        <ele>-13.3999996185302734375</ele>
        <time>2025-09-18T07:39:13.000Z</time>
        <extensions>
          <ns3:TrackPointExtension>
            <ns3:atemp>22.0</ns3:atemp>
            <ns3:hr>119</ns3:hr>
          </ns3:TrackPointExtension>
        </extensions>
      </trkpt>
      <trkpt lat="59.961447380483150482177734375" lon="30.2918005920946598052978515625">
        <ele>-13.6000003814697265625</ele>
        <time>2025-09-18T07:39:18.000Z</time>
        <extensions>
          <ns3:TrackPointExtension>
            <ns3:atemp>22.0</ns3:atemp>
            <ns3:hr>120</ns3:hr>
          </ns3:TrackPointExtension>
        </extensions>
      </trkpt>
      <trkpt lat="59.96119835413992404937744140625" lon="30.291407816112041473388671875">
        <ele>-12.80000019073486328125</ele>
        <time>2025-09-18T07:39:24.000Z</time>
        <extensions>
          <ns3:TrackPointExtension>
            <ns3:atemp>22.0</ns3:atemp>
            <ns3:hr>117</ns3:hr>
          </ns3:TrackPointExtension>
        </extensions>
      </trkpt>
      <trkpt lat="59.961142949759960174560546875" lon="30.291276387870311737060546875">
        <ele>-13</ele>
        <time>2025-09-18T07:39:28.000Z</time>
        <extensions>
          <ns3:TrackPointExtension>
            <ns3:atemp>22.0</ns3:atemp>
            <ns3:hr>113</ns3:hr>
          </ns3:TrackPointExtension>
        </extensions>
      </trkpt>
      <trkpt lat="59.96109760366380214691162109375" lon="30.29120723716914653778076171875">
        <ele>-13.3999996185302734375</ele>
        <time>2025-09-18T07:39:30.000Z</time>
        <extensions>
          <ns3:TrackPointExtension>
            <ns3:atemp>22.0</ns3:atemp>
            <ns3:hr>116</ns3:hr>
          </ns3:TrackPointExtension>
        </extensions>
      </trkpt>
      <trkpt lat="59.96105100028216838836669921875" lon="30.29112777672708034515380859375">
        <ele>-13.6000003814697265625</ele>
        <time>2025-09-18T07:39:32.000Z</time>
        <extensions>
          <ns3:TrackPointExtension>
            <ns3:atemp>22.0</ns3:atemp>
            <ns3:hr>113</ns3:hr>
          </ns3:TrackPointExtension>
        </extensions>
      </trkpt>
      <trkpt lat="59.9610244296491146087646484375" lon="30.2910807542502880096435546875">
        <ele>-13.3999996185302734375</ele>
        <time>2025-09-18T07:39:33.000Z</time>
        <extensions>
          <ns3:TrackPointExtension>
            <ns3:atemp>22.0</ns3:atemp>
            <ns3:hr>113</ns3:hr>
          </ns3:TrackPointExtension>
        </extensions>
      </trkpt>
      <trkpt lat="59.96091688983142375946044921875" lon="30.2909198217093944549560546875">
        <ele>-13.19999980926513671875</ele>
        <time>2025-09-18T07:39:36.000Z</time>
        <extensions>
          <ns3:TrackPointExtension>
            <ns3:atemp>22.0</ns3:atemp>
            <ns3:hr>110</ns3:hr>
          </ns3:TrackPointExtension>
        </extensions>
      </trkpt>
      <trkpt lat="59.960797615349292755126953125" lon="30.29075427912175655364990234375">
        <ele>-13.19999980926513671875</ele>
        <time>2025-09-18T07:39:39.000Z</time>
        <extensions>
          <ns3:TrackPointExtension>
            <ns3:atemp>22.0</ns3:atemp>
            <ns3:hr>112</ns3:hr>
          </ns3:TrackPointExtension>
        </extensions>
      </trkpt>
      <trkpt lat="59.9607625789940357208251953125" lon="30.2907062508165836334228515625">
        <ele>-13.19999980926513671875</ele>
        <time>2025-09-18T07:39:40.000Z</time>
        <extensions>
          <ns3:TrackPointExtension>
            <ns3:atemp>22.0</ns3:atemp>
            <ns3:hr>108</ns3:hr>
          </ns3:TrackPointExtension>
        </extensions>
      </trkpt>
      <trkpt lat="59.96055227704346179962158203125" lon="30.290391258895397186279296875">
        <ele>-13.3999996185302734375</ele>
        <time>2025-09-18T07:39:46.000Z</time>
        <extensions>
          <ns3:TrackPointExtension>
            <ns3:atemp>22.0</ns3:atemp>
            <ns3:hr>108</ns3:hr>
          </ns3:TrackPointExtension>
        </extensions>
      </trkpt>
      <trkpt lat="59.96036837808787822723388671875" lon="30.290153212845325469970703125">
        <ele>-13.19999980926513671875</ele>
        <time>2025-09-18T07:39:51.000Z</time>
        <extensions>
          <ns3:TrackPointExtension>
            <ns3:atemp>22.0</ns3:atemp>
            <ns3:hr>105</ns3:hr>
          </ns3:TrackPointExtension>
        </extensions>
      </trkpt>
      <trkpt lat="59.96023275889456272125244140625" lon="30.2899763546884059906005859375">
        <ele>-13.3999996185302734375</ele>
        <time>2025-09-18T07:39:55.000Z</time>
        <extensions>
          <ns3:TrackPointExtension>
            <ns3:atemp>22.0</ns3:atemp>
            <ns3:hr>104</ns3:hr>
          </ns3:TrackPointExtension>
        </extensions>
      </trkpt>
      <trkpt lat="59.96011189185082912445068359375" lon="30.289783738553524017333984375">
        <ele>-14</ele>
        <time>2025-09-18T07:40:00.000Z</time>
        <extensions>
          <ns3:TrackPointExtension>
            <ns3:atemp>22.0</ns3:atemp>
            <ns3:hr>102</ns3:hr>
          </ns3:TrackPointExtension>
        </extensions>
      </trkpt>
      <trkpt lat="59.96010820381343364715576171875" lon="30.2897644601762294769287109375">
        <ele>-14.19999980926513671875</ele>
        <time>2025-09-18T07:40:01.000Z</time>
        <extensions>
          <ns3:TrackPointExtension>
            <ns3:atemp>22.0</ns3:atemp>
            <ns3:hr>100</ns3:hr>
          </ns3:TrackPointExtension>
        </extensions>
      </trkpt>
      <trkpt lat="59.96006445027887821197509765625" lon="30.28968826867640018463134765625">
        <ele>-14.6000003814697265625</ele>
        <time>2025-09-18T07:40:04.000Z</time>
        <extensions>
          <ns3:TrackPointExtension>
            <ns3:atemp>22.0</ns3:atemp>
            <ns3:hr>103</ns3:hr>
          </ns3:TrackPointExtension>
        </extensions>
      </trkpt>
      <trkpt lat="59.96002874337136745452880859375" lon="30.2896494604647159576416015625">
        <ele>-14.6000003814697265625</ele>
        <time>2025-09-18T07:40:05.000Z</time>
        <extensions>
          <ns3:TrackPointExtension>
            <ns3:atemp>22.0</ns3:atemp>
            <ns3:hr>101</ns3:hr>
          </ns3:TrackPointExtension>
        </extensions>
      </trkpt>
      <trkpt lat="59.959808886051177978515625" lon="30.28936053626239299774169921875">
        <ele>-14.19999980926513671875</ele>
        <time>2025-09-18T07:40:10.000Z</time>
        <extensions>
          <ns3:TrackPointExtension>
            <ns3:atemp>22.0</ns3:atemp>
            <ns3:hr>101</ns3:hr>
          </ns3:TrackPointExtension>
        </extensions>
      </trkpt>
      <trkpt lat="59.9597217142581939697265625" lon="30.2892407588660717010498046875">
        <ele>-14.19999980926513671875</ele>
        <time>2025-09-18T07:40:12.000Z</time>
        <extensions>
          <ns3:TrackPointExtension>
            <ns3:atemp>22.0</ns3:atemp>
            <ns3:hr>96</ns3:hr>
          </ns3:TrackPointExtension>
        </extensions>
      </trkpt>
      <trkpt lat="59.9596290104091167449951171875" lon="30.28912232257425785064697265625">
        <ele>-14.19999980926513671875</ele>
        <time>2025-09-18T07:40:14.000Z</time>
        <extensions>
          <ns3:TrackPointExtension>
            <ns3:atemp>22.0</ns3:atemp>
            <ns3:hr>92</ns3:hr>
          </ns3:TrackPointExtension>
        </extensions>
      </trkpt>
      <trkpt lat="59.9594617076218128204345703125" lon="30.2888712845742702484130859375">
        <ele>-14.3999996185302734375</ele>
        <time>2025-09-18T07:40:18.000Z</time>
        <extensions>
          <ns3:TrackPointExtension>
            <ns3:atemp>22.0</ns3:atemp>
            <ns3:hr>92</ns3:hr>
          </ns3:TrackPointExtension>
        </extensions>
      </trkpt>
      <trkpt lat="59.95934075675904750823974609375" lon="30.28867322020232677459716796875">
        <ele>-14.6000003814697265625</ele>
        <time>2025-09-18T07:40:21.000Z</time>
        <extensions>
          <ns3:TrackPointExtension>
            <ns3:atemp>22.0</ns3:atemp>
            <ns3:hr>89</ns3:hr>
          </ns3:TrackPointExtension>
        </extensions>
      </trkpt>
      <trkpt lat="59.95918066240847110748291015625" lon="30.28844808228313922882080078125">
        <ele>-14.6000003814697265625</ele>
        <time>2025-09-18T07:40:25.000Z</time>
        <extensions>
          <ns3:TrackPointExtension>
            <ns3:atemp>22.0</ns3:atemp>
            <ns3:hr>91</ns3:hr>
          </ns3:TrackPointExtension>
        </extensions>
      </trkpt>
      <trkpt lat="59.9590898863971233367919921875" lon="30.28836376033723354339599609375">
        <ele>-14.6000003814697265625</ele>
        <time>2025-09-18T07:40:27.000Z</time>
        <extensions>
          <ns3:TrackPointExtension>
            <ns3:atemp>22.0</ns3:atemp>
            <ns3:hr>88</ns3:hr>
          </ns3:TrackPointExtension>
        </extensions>
      </trkpt>
      <trkpt lat="59.958970360457897186279296875" lon="30.2882372774183750152587890625">
        <ele>-14.80000019073486328125</ele>
        <time>2025-09-18T07:40:30.000Z</time>
        <extensions>
          <ns3:TrackPointExtension>
            <ns3:atemp>22.0</ns3:atemp>
            <ns3:hr>91</ns3:hr>
          </ns3:TrackPointExtension>
        </extensions>
      </trkpt>
      <trkpt lat="59.9589286185801029205322265625" lon="30.28818639926612377166748046875">
        <ele>-15</ele>
        <time>2025-09-18T07:40:31.000Z</time>
        <extensions>
          <ns3:TrackPointExtension>
            <ns3:atemp>22.0</ns3:atemp>
            <ns3:hr>90</ns3:hr>
          </ns3:TrackPointExtension>
        </extensions>
      </trkpt>
      <trkpt lat="59.9588411115109920501708984375" lon="30.28808690607547760009765625">
        <ele>-15.19999980926513671875</ele>
        <time>2025-09-18T07:40:33.000Z</time>
        <extensions>
          <ns3:TrackPointExtension>
            <ns3:atemp>22.0</ns3:atemp>
            <ns3:hr>89</ns3:hr>
          </ns3:TrackPointExtension>
        </extensions>
      </trkpt>
      <trkpt lat="59.95861102826893329620361328125" lon="30.28780334629118442535400390625">
        <ele>-15.6000003814697265625</ele>
        <time>2025-09-18T07:40:38.000Z</time>
        <extensions>
          <ns3:TrackPointExtension>
            <ns3:atemp>22.0</ns3:atemp>
            <ns3:hr>93</ns3:hr>
          </ns3:TrackPointExtension>
        </extensions>
      </trkpt>
      <trkpt lat="59.95856677182018756866455078125" lon="30.2877289988100528717041015625">
        <ele>-15.6000003814697265625</ele>
        <time>2025-09-18T07:40:39.000Z</time>
        <extensions>
          <ns3:TrackPointExtension>
            <ns3:atemp>22.0</ns3:atemp>
            <ns3:hr>97</ns3:hr>
          </ns3:TrackPointExtension>
        </extensions>
      </trkpt>
      <trkpt lat="59.95848127640783786773681640625" lon="30.28758524917066097259521484375">
        <ele>-15.80000019073486328125</ele>
        <time>2025-09-18T07:40:41.000Z</time>
        <extensions>
          <ns3:TrackPointExtension>
            <ns3:atemp>22.0</ns3:atemp>
            <ns3:hr>101</ns3:hr>
          </ns3:TrackPointExtension>
        </extensions>
      </trkpt>
      <trkpt lat="59.9583717249333858489990234375" lon="30.28749807737767696380615234375">
        <ele>-15.6000003814697265625</ele>
        <time>2025-09-18T07:40:43.000Z</time>
        <extensions>
          <ns3:TrackPointExtension>
            <ns3:atemp>22.0</ns3:atemp>
            <ns3:hr>105</ns3:hr>
          </ns3:TrackPointExtension>
        </extensions>
      </trkpt>
      <trkpt lat="59.958270974457263946533203125" lon="30.2873974107205867767333984375">
        <ele>-15.3999996185302734375</ele>
        <time>2025-09-18T07:40:45.000Z</time>
        <extensions>
          <ns3:TrackPointExtension>
            <ns3:atemp>22.0</ns3:atemp>
            <ns3:hr>106</ns3:hr>
          </ns3:TrackPointExtension>
        </extensions>
      </trkpt>
      <trkpt lat="59.9579730816185474395751953125" lon="30.2869789861142635345458984375">
        <ele>-15.6000003814697265625</ele>
        <time>2025-09-18T07:40:52.000Z</time>
        <extensions>
          <ns3:TrackPointExtension>
            <ns3:atemp>22.0</ns3:atemp>
            <ns3:hr>109</ns3:hr>
          </ns3:TrackPointExtension>
        </extensions>
      </trkpt>
      <trkpt lat="59.95789638720452785491943359375" lon="30.2868586219847202301025390625">
        <ele>-16.200000762939453125</ele>
        <time>2025-09-18T07:40:54.000Z</time>
        <extensions>
          <ns3:TrackPointExtension>
            <ns3:atemp>22.0</ns3:atemp>
            <ns3:hr>110</ns3:hr>
          </ns3:TrackPointExtension>
        </extensions>
      </trkpt>
      <trkpt lat="59.95785950683057308197021484375" lon="30.286797769367694854736328125">
        <ele>-16.200000762939453125</ele>
        <time>2025-09-18T07:40:55.000Z</time>
        <extensions>
          <ns3:TrackPointExtension>
            <ns3:atemp>22.0</ns3:atemp>
            <ns3:hr>111</ns3:hr>
          </ns3:TrackPointExtension>
        </extensions>
      </trkpt>
      <trkpt lat="59.9576334469020366668701171875" lon="30.28655142523348331451416015625">
        <ele>-16.200000762939453125</ele>
        <time>2025-09-18T07:41:01.000Z</time>
        <extensions>
          <ns3:TrackPointExtension>
            <ns3:atemp>22.0</ns3:atemp>
            <ns3:hr>112</ns3:hr>
          </ns3:TrackPointExtension>
        </extensions>
      </trkpt>
      <trkpt lat="59.95762011967599391937255859375" lon="30.28646173886954784393310546875">
        <ele>-16.3999996185302734375</ele>
        <time>2025-09-18T07:41:03.000Z</time>
        <extensions>
          <ns3:TrackPointExtension>
            <ns3:atemp>22.0</ns3:atemp>
            <ns3:hr>112</ns3:hr>
          </ns3:TrackPointExtension>
        </extensions>
      </trkpt>
      <trkpt lat="59.95762431062757968902587890625" lon="30.28636501170694828033447265625">
        <ele>-16.6000003814697265625</ele>
        <time>2025-09-18T07:41:05.000Z</time>
        <extensions>
          <ns3:TrackPointExtension>
            <ns3:atemp>22.0</ns3:atemp>
            <ns3:hr>111</ns3:hr>
          </ns3:TrackPointExtension>
        </extensions>
      </trkpt>
      <trkpt lat="59.95762196369469165802001953125" lon="30.286348164081573486328125">
        <ele>-17</ele>
        <time>2025-09-18T07:41:09.000Z</time>
        <extensions>
          <ns3:TrackPointExtension>
            <ns3:atemp>22.0</ns3:atemp>
            <ns3:hr>110</ns3:hr>
          </ns3:TrackPointExtension>
        </extensions>
      </trkpt>
      <trkpt lat="59.9576367996633052825927734375" lon="30.2863412909209728240966796875">
        <ele>-16.799999237060546875</ele>
        <time>2025-09-18T07:41:15.000Z</time>
        <extensions>
          <ns3:TrackPointExtension>
            <ns3:atemp>22.0</ns3:atemp>
            <ns3:hr>112</ns3:hr>
          </ns3:TrackPointExtension>
        </extensions>
      </trkpt>
      <trkpt lat="59.95763554237782955169677734375" lon="30.2863449789583683013916015625">
        <ele>-16.799999237060546875</ele>
        <time>2025-09-18T07:41:19.000Z</time>
        <extensions>
          <ns3:TrackPointExtension>
            <ns3:atemp>22.0</ns3:atemp>
            <ns3:hr>109</ns3:hr>
          </ns3:TrackPointExtension>
        </extensions>
      </trkpt>
      <trkpt lat="59.957636632025241851806640625" lon="30.28633408248424530029296875">
        <ele>-16.799999237060546875</ele>
        <time>2025-09-18T07:41:26.000Z</time>
        <extensions>
          <ns3:TrackPointExtension>
            <ns3:atemp>22.0</ns3:atemp>
            <ns3:hr>107</ns3:hr>
          </ns3:TrackPointExtension>
        </extensions>
      </trkpt>
      <trkpt lat="59.95763453654944896697998046875" lon="30.28632871806621551513671875">
        <ele>-16.799999237060546875</ele>
        <time>2025-09-18T07:41:30.000Z</time>
        <extensions>
          <ns3:TrackPointExtension>
            <ns3:atemp>22.0</ns3:atemp>
            <ns3:hr>106</ns3:hr>
          </ns3:TrackPointExtension>
        </extensions>
      </trkpt>
      <trkpt lat="59.95763503946363925933837890625" lon="30.286329053342342376708984375">
        <ele>-16.799999237060546875</ele>
        <time>2025-09-18T07:41:36.000Z</time>
        <extensions>
          <ns3:TrackPointExtension>
            <ns3:atemp>22.0</ns3:atemp>
            <ns3:hr>103</ns3:hr>
          </ns3:TrackPointExtension>
        </extensions>
      </trkpt>
      <trkpt lat="59.957635961472988128662109375" lon="30.286328382790088653564453125">
        <ele>-16.799999237060546875</ele>
        <time>2025-09-18T07:41:40.000Z</time>
        <extensions>
          <ns3:TrackPointExtension>
            <ns3:atemp>22.0</ns3:atemp>
            <ns3:hr>104</ns3:hr>
          </ns3:TrackPointExtension>
        </extensions>
      </trkpt>
      <trkpt lat="59.957636632025241851806640625" lon="30.28632737696170806884765625">
        <ele>-16.799999237060546875</ele>
        <time>2025-09-18T07:41:44.000Z</time>
        <extensions>
          <ns3:TrackPointExtension>
            <ns3:atemp>21.0</ns3:atemp>
            <ns3:hr>101</ns3:hr>
          </ns3:TrackPointExtension>
        </extensions>
      </trkpt>
      <trkpt lat="59.9576376378536224365234375" lon="30.28632611967623233795166015625">
        <ele>-16.799999237060546875</ele>
        <time>2025-09-18T07:41:50.000Z</time>
        <extensions>
          <ns3:TrackPointExtension>
            <ns3:atemp>21.0</ns3:atemp>
            <ns3:hr>106</ns3:hr>
          </ns3:TrackPointExtension>
        </extensions>
      </trkpt>
      <trkpt lat="59.95763805694878101348876953125" lon="30.2863265387713909149169921875">
        <ele>-16.799999237060546875</ele>
        <time>2025-09-18T07:41:52.000Z</time>
        <extensions>
          <ns3:TrackPointExtension>
            <ns3:atemp>21.0</ns3:atemp>
            <ns3:hr>109</ns3:hr>
          </ns3:TrackPointExtension>
        </extensions>
      </trkpt>
      <trkpt lat="59.957639314234256744384765625" lon="30.28632008470594882965087890625">
        <ele>-16.799999237060546875</ele>
        <time>2025-09-18T07:42:01.000Z</time>
        <extensions>
          <ns3:TrackPointExtension>
            <ns3:atemp>21.0</ns3:atemp>
            <ns3:hr>108</ns3:hr>
          </ns3:TrackPointExtension>
        </extensions>
      </trkpt>
      <trkpt lat="59.9576247297227382659912109375" lon="30.28617004863917827606201171875">
        <ele>-16.6000003814697265625</ele>
        <time>2025-09-18T07:42:06.000Z</time>
        <extensions>
          <ns3:TrackPointExtension>
            <ns3:atemp>21.0</ns3:atemp>
            <ns3:hr>108</ns3:hr>
          </ns3:TrackPointExtension>
        </extensions>
      </trkpt>
      <trkpt lat="59.9575925432145595550537109375" lon="30.2861585654318332672119140625">
        <ele>-17</ele>
        <time>2025-09-18T07:42:08.000Z</time>
        <extensions>
          <ns3:TrackPointExtension>
            <ns3:atemp>21.0</ns3:atemp>
            <ns3:hr>106</ns3:hr>
          </ns3:TrackPointExtension>
        </extensions>
      </trkpt>
      <trkpt lat="59.957563541829586029052734375" lon="30.286218412220478057861328125">
        <ele>-17.3999996185302734375</ele>
        <time>2025-09-18T07:42:10.000Z</time>
        <extensions>
          <ns3:TrackPointExtension>
            <ns3:atemp>21.0</ns3:atemp>
            <ns3:hr>103</ns3:hr>
          </ns3:TrackPointExtension>
        </extensions>
      </trkpt>
      <trkpt lat="59.95748232118785381317138671875" lon="30.28644782491028308868408203125">
        <ele>-17</ele>
        <time>2025-09-18T07:42:14.000Z</time>
        <extensions>
          <ns3:TrackPointExtension>
            <ns3:atemp>21.0</ns3:atemp>
            <ns3:hr>103</ns3:hr>
          </ns3:TrackPointExtension>
        </extensions>
      </trkpt>
      <trkpt lat="59.9574047885835170745849609375" lon="30.2866413630545139312744140625">
        <ele>-17</ele>
        <time>2025-09-18T07:42:17.000Z</time>
        <extensions>
          <ns3:TrackPointExtension>
            <ns3:atemp>21.0</ns3:atemp>
            <ns3:hr>104</ns3:hr>
          </ns3:TrackPointExtension>
        </extensions>
      </trkpt>
      <trkpt lat="59.9573065526783466339111328125" lon="30.2869126014411449432373046875">
        <ele>-18.3999996185302734375</ele>
        <time>2025-09-18T07:42:21.000Z</time>
        <extensions>
          <ns3:TrackPointExtension>
            <ns3:atemp>21.0</ns3:atemp>
            <ns3:hr>102</ns3:hr>
          </ns3:TrackPointExtension>
        </extensions>
      </trkpt>
      <trkpt lat="59.9571234919130802154541015625" lon="30.28753344900906085968017578125">
        <ele>-18.200000762939453125</ele>
        <time>2025-09-18T07:42:29.000Z</time>
        <extensions>
          <ns3:TrackPointExtension>
            <ns3:atemp>21.0</ns3:atemp>
            <ns3:hr>101</ns3:hr>
          </ns3:TrackPointExtension>
        </extensions>
      </trkpt>
      <trkpt lat="59.95699499733746051788330078125" lon="30.2878810465335845947265625">
        <ele>-17.200000762939453125</ele>
        <time>2025-09-18T07:42:34.000Z</time>
        <extensions>
          <ns3:TrackPointExtension>
            <ns3:atemp>21.0</ns3:atemp>
            <ns3:hr>103</ns3:hr>
          </ns3:TrackPointExtension>
        </extensions>
      </trkpt>
      <trkpt lat="59.95694654993712902069091796875" lon="30.28801490552723407745361328125">
        <ele>-17</ele>
        <time>2025-09-18T07:42:36.000Z</time>
        <extensions>
          <ns3:TrackPointExtension>
            <ns3:atemp>21.0</ns3:atemp>
            <ns3:hr>107</ns3:hr>
          </ns3:TrackPointExtension>
        </extensions>
      </trkpt>
      <trkpt lat="59.95689039118587970733642578125" lon="30.2881490997970104217529296875">
        <ele>-16.6000003814697265625</ele>
        <time>2025-09-18T07:42:38.000Z</time>
        <extensions>
          <ns3:TrackPointExtension>
            <ns3:atemp>21.0</ns3:atemp>
            <ns3:hr>108</ns3:hr>
          </ns3:TrackPointExtension>
        </extensions>
      </trkpt>
      <trkpt lat="59.95683322660624980926513671875" lon="30.2882872335612773895263671875">
        <ele>-16.3999996185302734375</ele>
        <time>2025-09-18T07:42:40.000Z</time>
        <extensions>
          <ns3:TrackPointExtension>
            <ns3:atemp>21.0</ns3:atemp>
            <ns3:hr>111</ns3:hr>
          </ns3:TrackPointExtension>
        </extensions>
      </trkpt>
      <trkpt lat="59.95680640451610088348388671875" lon="30.2883569709956645965576171875">
        <ele>-16.3999996185302734375</ele>
        <time>2025-09-18T07:42:41.000Z</time>
        <extensions>
          <ns3:TrackPointExtension>
            <ns3:atemp>21.0</ns3:atemp>
            <ns3:hr>114</ns3:hr>
          </ns3:TrackPointExtension>
        </extensions>
      </trkpt>
      <trkpt lat="59.95675376616418361663818359375" lon="30.28849099762737751007080078125">
        <ele>-16</ele>
        <time>2025-09-18T07:42:43.000Z</time>
        <extensions>
          <ns3:TrackPointExtension>
            <ns3:atemp>21.0</ns3:atemp>
            <ns3:hr>117</ns3:hr>
          </ns3:TrackPointExtension>
        </extensions>
      </trkpt>
      <trkpt lat="59.95660297572612762451171875" lon="30.28885812498629093170166015625">
        <ele>-15.80000019073486328125</ele>
        <time>2025-09-18T07:42:48.000Z</time>
        <extensions>
          <ns3:TrackPointExtension>
            <ns3:atemp>21.0</ns3:atemp>
            <ns3:hr>116</ns3:hr>
          </ns3:TrackPointExtension>
        </extensions>
      </trkpt>
      <trkpt lat="59.95651253499090671539306640625" lon="30.28905493207275867462158203125">
        <ele>-15.80000019073486328125</ele>
        <time>2025-09-18T07:42:51.000Z</time>
        <extensions>
          <ns3:TrackPointExtension>
            <ns3:atemp>21.0</ns3:atemp>
            <ns3:hr>119</ns3:hr>
          </ns3:TrackPointExtension>
        </extensions>
      </trkpt>
      <trkpt lat="59.95639217086136341094970703125" lon="30.2893106639385223388671875">
        <ele>-15.80000019073486328125</ele>
        <time>2025-09-18T07:42:55.000Z</time>
        <extensions>
          <ns3:TrackPointExtension>
            <ns3:atemp>21.0</ns3:atemp>
            <ns3:hr>122</ns3:hr>
          </ns3:TrackPointExtension>
        </extensions>
      </trkpt>
      <trkpt lat="59.9563459865748882293701171875" lon="30.28945173136889934539794921875">
        <ele>-16</ele>
        <time>2025-09-18T07:42:57.000Z</time>
        <extensions>
          <ns3:TrackPointExtension>
            <ns3:atemp>21.0</ns3:atemp>
            <ns3:hr>125</ns3:hr>
          </ns3:TrackPointExtension>
        </extensions>
      </trkpt>
      <trkpt lat="59.9562618322670459747314453125" lon="30.28975188732147216796875">
        <ele>-16</ele>
        <time>2025-09-18T07:43:01.000Z</time>
        <extensions>
          <ns3:TrackPointExtension>
            <ns3:atemp>21.0</ns3:atemp>
            <ns3:hr>130</ns3:hr>
          </ns3:TrackPointExtension>
        </extensions>
      </trkpt>
      <trkpt lat="59.95620240457355976104736328125" lon="30.28997777961194515228271484375">
        <ele>-15.80000019073486328125</ele>
        <time>2025-09-18T07:43:04.000Z</time>
        <extensions>
          <ns3:TrackPointExtension>
            <ns3:atemp>21.0</ns3:atemp>
            <ns3:hr>130</ns3:hr>
          </ns3:TrackPointExtension>
        </extensions>
      </trkpt>
      <trkpt lat="59.95610517449676990509033203125" lon="30.2902737446129322052001953125">
        <ele>-16</ele>
        <time>2025-09-18T07:43:09.000Z</time>
        <extensions>
          <ns3:TrackPointExtension>
            <ns3:atemp>21.0</ns3:atemp>
            <ns3:hr>129</ns3:hr>
          </ns3:TrackPointExtension>
        </extensions>
      </trkpt>
      <trkpt lat="59.95605756528675556182861328125" lon="30.29039888642728328704833984375">
        <ele>-16.200000762939453125</ele>
        <time>2025-09-18T07:43:11.000Z</time>
        <extensions>
          <ns3:TrackPointExtension>
            <ns3:atemp>21.0</ns3:atemp>
            <ns3:hr>127</ns3:hr>
          </ns3:TrackPointExtension>
        </extensions>
      </trkpt>
      <trkpt lat="59.9560083635151386260986328125" lon="30.29047147370874881744384765625">
        <ele>-16.200000762939453125</ele>
        <time>2025-09-18T07:43:12.000Z</time>
        <extensions>
          <ns3:TrackPointExtension>
            <ns3:atemp>21.0</ns3:atemp>
            <ns3:hr>130</ns3:hr>
          </ns3:TrackPointExtension>
        </extensions>
      </trkpt>
      <trkpt lat="59.95593368075788021087646484375" lon="30.29062603600323200225830078125">
        <ele>-16.200000762939453125</ele>
        <time>2025-09-18T07:43:14.000Z</time>
        <extensions>
          <ns3:TrackPointExtension>
            <ns3:atemp>21.0</ns3:atemp>
            <ns3:hr>130</ns3:hr>
          </ns3:TrackPointExtension>
        </extensions>
      </trkpt>
      <trkpt lat="59.9558645300567150115966796875" lon="30.29079250060021877288818359375">
        <ele>-16.200000762939453125</ele>
        <time>2025-09-18T07:43:16.000Z</time>
        <extensions>
          <ns3:TrackPointExtension>
            <ns3:atemp>21.0</ns3:atemp>
            <ns3:hr>127</ns3:hr>
          </ns3:TrackPointExtension>
        </extensions>
      </trkpt>
      <trkpt lat="59.9556844867765903472900390625" lon="30.2912135235965251922607421875">
        <ele>-16</ele>
        <time>2025-09-18T07:43:21.000Z</time>
        <extensions>
          <ns3:TrackPointExtension>
            <ns3:atemp>21.0</ns3:atemp>
            <ns3:hr>126</ns3:hr>
          </ns3:TrackPointExtension>
        </extensions>
      </trkpt>
      <trkpt lat="59.95565875433385372161865234375" lon="30.2912949956953525543212890625">
        <ele>-16</ele>
        <time>2025-09-18T07:43:22.000Z</time>
        <extensions>
          <ns3:TrackPointExtension>
            <ns3:atemp>21.0</ns3:atemp>
            <ns3:hr>121</ns3:hr>
          </ns3:TrackPointExtension>
        </extensions>
      </trkpt>
      <trkpt lat="59.955614246428012847900390625" lon="30.2913774736225605010986328125">
        <ele>-16</ele>
        <time>2025-09-18T07:43:23.000Z</time>
        <extensions>
          <ns3:TrackPointExtension>
            <ns3:atemp>21.0</ns3:atemp>
            <ns3:hr>114</ns3:hr>
          </ns3:TrackPointExtension>
        </extensions>
      </trkpt>
      <trkpt lat="59.95557292364537715911865234375" lon="30.29144645668566226959228515625">
        <ele>-16</ele>
        <time>2025-09-18T07:43:24.000Z</time>
        <extensions>
          <ns3:TrackPointExtension>
            <ns3:atemp>21.0</ns3:atemp>
            <ns3:hr>110</ns3:hr>
          </ns3:TrackPointExtension>
        </extensions>
      </trkpt>
      <trkpt lat="59.95553545653820037841796875" lon="30.29151736758649349212646484375">
        <ele>-15.80000019073486328125</ele>
        <time>2025-09-18T07:43:25.000Z</time>
        <extensions>
          <ns3:TrackPointExtension>
            <ns3:atemp>21.0</ns3:atemp>
            <ns3:hr>104</ns3:hr>
          </ns3:TrackPointExtension>
        </extensions>
      </trkpt>
      <trkpt lat="59.9554987438023090362548828125" lon="30.29159096069633960723876953125">
        <ele>-15.80000019073486328125</ele>
        <time>2025-09-18T07:43:26.000Z</time>
        <extensions>
          <ns3:TrackPointExtension>
            <ns3:atemp>21.0</ns3:atemp>
            <ns3:hr>100</ns3:hr>
          </ns3:TrackPointExtension>
        </extensions>
      </trkpt>
      <trkpt lat="59.9554645456373691558837890625" lon="30.29164376668632030487060546875">
        <ele>-15.80000019073486328125</ele>
        <time>2025-09-18T07:43:27.000Z</time>
        <extensions>
          <ns3:TrackPointExtension>
            <ns3:atemp>21.0</ns3:atemp>
            <ns3:hr>98</ns3:hr>
          </ns3:TrackPointExtension>
        </extensions>
      </trkpt>
      <trkpt lat="59.95538382790982723236083984375" lon="30.29181249439716339111328125">
        <ele>-16</ele>
        <time>2025-09-18T07:43:30.000Z</time>
        <extensions>
          <ns3:TrackPointExtension>
            <ns3:atemp>21.0</ns3:atemp>
            <ns3:hr>102</ns3:hr>
          </ns3:TrackPointExtension>
        </extensions>
      </trkpt>
      <trkpt lat="59.9553659744560718536376953125" lon="30.29183261096477508544921875">
        <ele>-16.200000762939453125</ele>
        <time>2025-09-18T07:43:31.000Z</time>
        <extensions>
          <ns3:TrackPointExtension>
            <ns3:atemp>21.0</ns3:atemp>
            <ns3:hr>102</ns3:hr>
          </ns3:TrackPointExtension>
        </extensions>
      </trkpt>
      <trkpt lat="59.95533454231917858123779296875" lon="30.29183663427829742431640625">
        <ele>-16.200000762939453125</ele>
        <time>2025-09-18T07:43:34.000Z</time>
        <extensions>
          <ns3:TrackPointExtension>
            <ns3:atemp>21.0</ns3:atemp>
            <ns3:hr>107</ns3:hr>
          </ns3:TrackPointExtension>
        </extensions>
      </trkpt>
      <trkpt lat="59.9553368054330348968505859375" lon="30.2918270789086818695068359375">
        <ele>-16.200000762939453125</ele>
        <time>2025-09-18T07:43:35.000Z</time>
        <extensions>
          <ns3:TrackPointExtension>
            <ns3:atemp>21.0</ns3:atemp>
            <ns3:hr>106</ns3:hr>
          </ns3:TrackPointExtension>
        </extensions>
      </trkpt>
      <trkpt lat="59.95534091256558895111083984375" lon="30.29182263650000095367431640625">
        <ele>-16.6000003814697265625</ele>
        <time>2025-09-18T07:43:42.000Z</time>
        <extensions>
          <ns3:TrackPointExtension>
            <ns3:atemp>21.0</ns3:atemp>
            <ns3:hr>103</ns3:hr>
          </ns3:TrackPointExtension>
        </extensions>
      </trkpt>
      <trkpt lat="59.95534091256558895111083984375" lon="30.29182246886193752288818359375">
        <ele>-16.6000003814697265625</ele>
        <time>2025-09-18T07:43:43.000Z</time>
        <extensions>
          <ns3:TrackPointExtension>
            <ns3:atemp>21.0</ns3:atemp>
            <ns3:hr>100</ns3:hr>
          </ns3:TrackPointExtension>
        </extensions>
      </trkpt>
      <trkpt lat="59.95534099638462066650390625" lon="30.29182213358581066131591796875">
        <ele>-16.6000003814697265625</ele>
        <time>2025-09-18T07:43:44.000Z</time>
        <extensions>
          <ns3:TrackPointExtension>
            <ns3:atemp>21.0</ns3:atemp>
            <ns3:hr>94</ns3:hr>
          </ns3:TrackPointExtension>
        </extensions>
      </trkpt>
      <trkpt lat="59.95534108020365238189697265625" lon="30.29182255268096923828125">
        <ele>-16.6000003814697265625</ele>
        <time>2025-09-18T07:43:47.000Z</time>
        <extensions>
          <ns3:TrackPointExtension>
            <ns3:atemp>21.0</ns3:atemp>
            <ns3:hr>91</ns3:hr>
          </ns3:TrackPointExtension>
        </extensions>
      </trkpt>
      <trkpt lat="59.9553416669368743896484375" lon="30.291822217404842376708984375">
        <ele>-16.799999237060546875</ele>
        <time>2025-09-18T07:43:48.000Z</time>
        <extensions>
          <ns3:TrackPointExtension>
            <ns3:atemp>21.0</ns3:atemp>
            <ns3:hr>91</ns3:hr>
          </ns3:TrackPointExtension>
        </extensions>
      </trkpt>
      <trkpt lat="59.95534074492752552032470703125" lon="30.29181919991970062255859375">
        <ele>-17</ele>
        <time>2025-09-18T07:43:56.000Z</time>
        <extensions>
          <ns3:TrackPointExtension>
            <ns3:atemp>21.0</ns3:atemp>
            <ns3:hr>89</ns3:hr>
          </ns3:TrackPointExtension>
        </extensions>
      </trkpt>
      <trkpt lat="59.9553394876420497894287109375" lon="30.29181995429098606109619140625">
        <ele>-17</ele>
        <time>2025-09-18T07:43:58.000Z</time>
        <extensions>
          <ns3:TrackPointExtension>
            <ns3:atemp>21.0</ns3:atemp>
            <ns3:hr>92</ns3:hr>
          </ns3:TrackPointExtension>
        </extensions>
      </trkpt>
      <trkpt lat="59.95533353649079799652099609375" lon="30.29184426181018352508544921875">
        <ele>-17</ele>
        <time>2025-09-18T07:44:00.000Z</time>
        <extensions>
          <ns3:TrackPointExtension>
            <ns3:atemp>21.0</ns3:atemp>
            <ns3:hr>93</ns3:hr>
          </ns3:TrackPointExtension>
        </extensions>
      </trkpt>
      <trkpt lat="59.95531727559864521026611328125" lon="30.29187728650867938995361328125">
        <ele>-17</ele>
        <time>2025-09-18T07:44:02.000Z</time>
        <extensions>
          <ns3:TrackPointExtension>
            <ns3:atemp>21.0</ns3:atemp>
            <ns3:hr>92</ns3:hr>
          </ns3:TrackPointExtension>
        </extensions>
      </trkpt>
      <trkpt lat="59.955292381346225738525390625" lon="30.29187711887061595916748046875">
        <ele>-17.200000762939453125</ele>
        <time>2025-09-18T07:44:05.000Z</time>
        <extensions>
          <ns3:TrackPointExtension>
            <ns3:atemp>21.0</ns3:atemp>
            <ns3:hr>92</ns3:hr>
          </ns3:TrackPointExtension>
        </extensions>
      </trkpt>
      <trkpt lat="59.95527134276926517486572265625" lon="30.2918802201747894287109375">
        <ele>-17.200000762939453125</ele>
        <time>2025-09-18T07:44:09.000Z</time>
        <extensions>
          <ns3:TrackPointExtension>
            <ns3:atemp>21.0</ns3:atemp>
            <ns3:hr>92</ns3:hr>
          </ns3:TrackPointExtension>
        </extensions>
      </trkpt>
      <trkpt lat="59.95526111684739589691162109375" lon="30.29190192930400371551513671875">
        <ele>-17.3999996185302734375</ele>
        <time>2025-09-18T07:44:11.000Z</time>
        <extensions>
          <ns3:TrackPointExtension>
            <ns3:atemp>21.0</ns3:atemp>
            <ns3:hr>89</ns3:hr>
          </ns3:TrackPointExtension>
        </extensions>
      </trkpt>
      <trkpt lat="59.95525307022035121917724609375" lon="30.29191534034907817840576171875">
        <ele>-17.3999996185302734375</ele>
        <time>2025-09-18T07:44:12.000Z</time>
        <extensions>
          <ns3:TrackPointExtension>
            <ns3:atemp>21.0</ns3:atemp>
            <ns3:hr>89</ns3:hr>
          </ns3:TrackPointExtension>
        </extensions>
      </trkpt>
      <trkpt lat="59.95525491423904895782470703125" lon="30.291953645646572113037109375">
        <ele>-17.3999996185302734375</ele>
        <time>2025-09-18T07:44:14.000Z</time>
        <extensions>
          <ns3:TrackPointExtension>
            <ns3:atemp>21.0</ns3:atemp>
            <ns3:hr>90</ns3:hr>
          </ns3:TrackPointExtension>
        </extensions>
      </trkpt>
      <trkpt lat="59.955241419374942779541015625" lon="30.2920007519423961639404296875">
        <ele>-17.3999996185302734375</ele>
        <time>2025-09-18T07:44:15.000Z</time>
        <extensions>
          <ns3:TrackPointExtension>
            <ns3:atemp>21.0</ns3:atemp>
            <ns3:hr>89</ns3:hr>
          </ns3:TrackPointExtension>
        </extensions>
      </trkpt>
      <trkpt lat="59.95515617541968822479248046875" lon="30.29224106110632419586181640625">
        <ele>-16.799999237060546875</ele>
        <time>2025-09-18T07:44:19.000Z</time>
        <extensions>
          <ns3:TrackPointExtension>
            <ns3:atemp>21.0</ns3:atemp>
            <ns3:hr>92</ns3:hr>
          </ns3:TrackPointExtension>
        </extensions>
      </trkpt>
      <trkpt lat="59.955136813223361968994140625" lon="30.29230065643787384033203125">
        <ele>-16.799999237060546875</ele>
        <time>2025-09-18T07:44:20.000Z</time>
        <extensions>
          <ns3:TrackPointExtension>
            <ns3:atemp>21.0</ns3:atemp>
            <ns3:hr>95</ns3:hr>
          </ns3:TrackPointExtension>
        </extensions>
      </trkpt>
      <trkpt lat="59.955117367208003997802734375" lon="30.29236108995974063873291015625">
        <ele>-16.799999237060546875</ele>
        <time>2025-09-18T07:44:21.000Z</time>
        <extensions>
          <ns3:TrackPointExtension>
            <ns3:atemp>21.0</ns3:atemp>
            <ns3:hr>96</ns3:hr>
          </ns3:TrackPointExtension>
        </extensions>
      </trkpt>
      <trkpt lat="59.95510420762002468109130859375" lon="30.29240685515105724334716796875">
        <ele>-17</ele>
        <time>2025-09-18T07:44:22.000Z</time>
        <extensions>
          <ns3:TrackPointExtension>
            <ns3:atemp>21.0</ns3:atemp>
            <ns3:hr>99</ns3:hr>
          </ns3:TrackPointExtension>
        </extensions>
      </trkpt>
      <trkpt lat="59.95506548322737216949462890625" lon="30.29259343631565570831298828125">
        <ele>-17</ele>
        <time>2025-09-18T07:44:25.000Z</time>
        <extensions>
          <ns3:TrackPointExtension>
            <ns3:atemp>21.0</ns3:atemp>
            <ns3:hr>102</ns3:hr>
          </ns3:TrackPointExtension>
        </extensions>
      </trkpt>
      <trkpt lat="59.955061040818691253662109375" lon="30.29279686510562896728515625">
        <ele>-17</ele>
        <time>2025-09-18T07:44:28.000Z</time>
        <extensions>
          <ns3:TrackPointExtension>
            <ns3:atemp>21.0</ns3:atemp>
            <ns3:hr>107</ns3:hr>
          </ns3:TrackPointExtension>
        </extensions>
      </trkpt>
      <trkpt lat="59.95506129227578639984130859375" lon="30.2928600646555423736572265625">
        <ele>-17</ele>
        <time>2025-09-18T07:44:29.000Z</time>
        <extensions>
          <ns3:TrackPointExtension>
            <ns3:atemp>21.0</ns3:atemp>
            <ns3:hr>107</ns3:hr>
          </ns3:TrackPointExtension>
        </extensions>
      </trkpt>
      <trkpt lat="59.95504595339298248291015625" lon="30.29303097166121006011962890625">
        <ele>-17.200000762939453125</ele>
        <time>2025-09-18T07:44:32.000Z</time>
        <extensions>
          <ns3:TrackPointExtension>
            <ns3:atemp>21.0</ns3:atemp>
            <ns3:hr>104</ns3:hr>
          </ns3:TrackPointExtension>
        </extensions>
      </trkpt>
      <trkpt lat="59.955032207071781158447265625" lon="30.2931167185306549072265625">
        <ele>-17.200000762939453125</ele>
        <time>2025-09-18T07:44:34.000Z</time>
        <extensions>
          <ns3:TrackPointExtension>
            <ns3:atemp>21.0</ns3:atemp>
            <ns3:hr>107</ns3:hr>
          </ns3:TrackPointExtension>
        </extensions>
      </trkpt>
      <trkpt lat="59.95502809993922710418701171875" lon="30.2931584604084491729736328125">
        <ele>-17.200000762939453125</ele>
        <time>2025-09-18T07:44:35.000Z</time>
        <extensions>
          <ns3:TrackPointExtension>
            <ns3:atemp>21.0</ns3:atemp>
            <ns3:hr>104</ns3:hr>
          </ns3:TrackPointExtension>
        </extensions>
      </trkpt>
      <trkpt lat="59.95500546880066394805908203125" lon="30.29319995082914829254150390625">
        <ele>-17.3999996185302734375</ele>
        <time>2025-09-18T07:44:36.000Z</time>
        <extensions>
          <ns3:TrackPointExtension>
            <ns3:atemp>21.0</ns3:atemp>
            <ns3:hr>107</ns3:hr>
          </ns3:TrackPointExtension>
        </extensions>
      </trkpt>
      <trkpt lat="59.95499172247946262359619140625" lon="30.293227024376392364501953125">
        <ele>-17.3999996185302734375</ele>
        <time>2025-09-18T07:44:37.000Z</time>
        <extensions>
          <ns3:TrackPointExtension>
            <ns3:atemp>21.0</ns3:atemp>
            <ns3:hr>106</ns3:hr>
          </ns3:TrackPointExtension>
        </extensions>
      </trkpt>
      <trkpt lat="59.95497294701635837554931640625" lon="30.2933002822101116180419921875">
        <ele>-17.3999996185302734375</ele>
        <time>2025-09-18T07:44:41.000Z</time>
        <extensions>
          <ns3:TrackPointExtension>
            <ns3:atemp>21.0</ns3:atemp>
            <ns3:hr>108</ns3:hr>
          </ns3:TrackPointExtension>
        </extensions>
      </trkpt>
      <trkpt lat="59.9549626372754573822021484375" lon="30.293332636356353759765625">
        <ele>-17.3999996185302734375</ele>
        <time>2025-09-18T07:44:42.000Z</time>
        <extensions>
          <ns3:TrackPointExtension>
            <ns3:atemp>21.0</ns3:atemp>
            <ns3:hr>110</ns3:hr>
          </ns3:TrackPointExtension>
        </extensions>
      </trkpt>
      <trkpt lat="59.95493439026176929473876953125" lon="30.29337513260543346405029296875">
        <ele>-17.6000003814697265625</ele>
        <time>2025-09-18T07:44:43.000Z</time>
        <extensions>
          <ns3:TrackPointExtension>
            <ns3:atemp>21.0</ns3:atemp>
            <ns3:hr>107</ns3:hr>
          </ns3:TrackPointExtension>
        </extensions>
      </trkpt>
      <trkpt lat="59.95483783073723316192626953125" lon="30.29354779981076717376708984375">
        <ele>-17.799999237060546875</ele>
        <time>2025-09-18T07:44:46.000Z</time>
        <extensions>
          <ns3:TrackPointExtension>
            <ns3:atemp>21.0</ns3:atemp>
            <ns3:hr>107</ns3:hr>
          </ns3:TrackPointExtension>
        </extensions>
      </trkpt>
      <trkpt lat="59.9547215737402439117431640625" lon="30.29386513866484165191650390625">
        <ele>-17.6000003814697265625</ele>
        <time>2025-09-18T07:44:52.000Z</time>
        <extensions>
          <ns3:TrackPointExtension>
            <ns3:atemp>21.0</ns3:atemp>
            <ns3:hr>107</ns3:hr>
          </ns3:TrackPointExtension>
        </extensions>
      </trkpt>
      <trkpt lat="59.95466968975961208343505859375" lon="30.293955914676189422607421875">
        <ele>-17.200000762939453125</ele>
        <time>2025-09-18T07:44:56.000Z</time>
        <extensions>
          <ns3:TrackPointExtension>
            <ns3:atemp>21.0</ns3:atemp>
            <ns3:hr>108</ns3:hr>
          </ns3:TrackPointExtension>
        </extensions>
      </trkpt>
      <trkpt lat="59.9546565301716327667236328125" lon="30.2939057908952236175537109375">
        <ele>-17</ele>
        <time>2025-09-18T07:44:57.000Z</time>
        <extensions>
          <ns3:TrackPointExtension>
            <ns3:atemp>21.0</ns3:atemp>
            <ns3:hr>107</ns3:hr>
          </ns3:TrackPointExtension>
        </extensions>
      </trkpt>
      <trkpt lat="59.954630546271800994873046875" lon="30.293877124786376953125">
        <ele>-17</ele>
        <time>2025-09-18T07:44:58.000Z</time>
        <extensions>
          <ns3:TrackPointExtension>
            <ns3:atemp>21.0</ns3:atemp>
            <ns3:hr>109</ns3:hr>
          </ns3:TrackPointExtension>
        </extensions>
      </trkpt>
      <trkpt lat="59.9546065740287303924560546875" lon="30.29384694993495941162109375">
        <ele>-16.799999237060546875</ele>
        <time>2025-09-18T07:44:59.000Z</time>
        <extensions>
          <ns3:TrackPointExtension>
            <ns3:atemp>21.0</ns3:atemp>
            <ns3:hr>106</ns3:hr>
          </ns3:TrackPointExtension>
        </extensions>
      </trkpt>
      <trkpt lat="59.95454379357397556304931640625" lon="30.29375550337135791778564453125">
        <ele>-16.799999237060546875</ele>
        <time>2025-09-18T07:45:01.000Z</time>
        <extensions>
          <ns3:TrackPointExtension>
            <ns3:atemp>21.0</ns3:atemp>
            <ns3:hr>106</ns3:hr>
          </ns3:TrackPointExtension>
        </extensions>
      </trkpt>
      <trkpt lat="59.95442904531955718994140625" lon="30.29357965104281902313232421875">
        <ele>-16.6000003814697265625</ele>
        <time>2025-09-18T07:45:04.000Z</time>
        <extensions>
          <ns3:TrackPointExtension>
            <ns3:atemp>21.0</ns3:atemp>
            <ns3:hr>103</ns3:hr>
          </ns3:TrackPointExtension>
        </extensions>
      </trkpt>
      <trkpt lat="59.95429317466914653778076171875" lon="30.2933515794575214385986328125">
        <ele>-16.6000003814697265625</ele>
        <time>2025-09-18T07:45:08.000Z</time>
        <extensions>
          <ns3:TrackPointExtension>
            <ns3:atemp>21.0</ns3:atemp>
            <ns3:hr>101</ns3:hr>
          </ns3:TrackPointExtension>
        </extensions>
      </trkpt>
      <trkpt lat="59.95396460406482219696044921875" lon="30.292978249490261077880859375">
        <ele>-16.799999237060546875</ele>
        <time>2025-09-18T07:45:16.000Z</time>
        <extensions>
          <ns3:TrackPointExtension>
            <ns3:atemp>21.0</ns3:atemp>
            <ns3:hr>99</ns3:hr>
          </ns3:TrackPointExtension>
        </extensions>
      </trkpt>
      <trkpt lat="59.953703843057155609130859375" lon="30.292719416320323944091796875">
        <ele>-17</ele>
        <time>2025-09-18T07:45:24.000Z</time>
        <extensions>
          <ns3:TrackPointExtension>
            <ns3:atemp>21.0</ns3:atemp>
            <ns3:hr>98</ns3:hr>
          </ns3:TrackPointExtension>
        </extensions>
      </trkpt>
      <trkpt lat="59.95364173315465450286865234375" lon="30.29254917986690998077392578125">
        <ele>-17</ele>
        <time>2025-09-18T07:45:29.000Z</time>
        <extensions>
          <ns3:TrackPointExtension>
            <ns3:atemp>21.0</ns3:atemp>
            <ns3:hr>96</ns3:hr>
          </ns3:TrackPointExtension>
        </extensions>
      </trkpt>
      <trkpt lat="59.9535035155713558197021484375" lon="30.2924087829887866973876953125">
        <ele>-16.799999237060546875</ele>
        <time>2025-09-18T07:45:34.000Z</time>
        <extensions>
          <ns3:TrackPointExtension>
            <ns3:atemp>21.0</ns3:atemp>
            <ns3:hr>99</ns3:hr>
          </ns3:TrackPointExtension>
        </extensions>
      </trkpt>
      <trkpt lat="59.95346789248287677764892578125" lon="30.29238237999379634857177734375">
        <ele>-16.799999237060546875</ele>
        <time>2025-09-18T07:45:35.000Z</time>
        <extensions>
          <ns3:TrackPointExtension>
            <ns3:atemp>21.0</ns3:atemp>
            <ns3:hr>100</ns3:hr>
          </ns3:TrackPointExtension>
        </extensions>
      </trkpt>
      <trkpt lat="59.9534116499125957489013671875" lon="30.29229797422885894775390625">
        <ele>-16.799999237060546875</ele>
        <time>2025-09-18T07:45:37.000Z</time>
        <extensions>
          <ns3:TrackPointExtension>
            <ns3:atemp>21.0</ns3:atemp>
            <ns3:hr>104</ns3:hr>
          </ns3:TrackPointExtension>
        </extensions>
      </trkpt>
      <trkpt lat="59.953287430107593536376953125" lon="30.29216252267360687255859375">
        <ele>-17</ele>
        <time>2025-09-18T07:45:41.000Z</time>
        <extensions>
          <ns3:TrackPointExtension>
            <ns3:atemp>21.0</ns3:atemp>
            <ns3:hr>108</ns3:hr>
          </ns3:TrackPointExtension>
        </extensions>
      </trkpt>
      <trkpt lat="59.953237809240818023681640625" lon="30.2921073697507381439208984375">
        <ele>-17</ele>
        <time>2025-09-18T07:45:43.000Z</time>
        <extensions>
          <ns3:TrackPointExtension>
            <ns3:atemp>21.0</ns3:atemp>
            <ns3:hr>108</ns3:hr>
          </ns3:TrackPointExtension>
        </extensions>
      </trkpt>
      <trkpt lat="59.9531719274818897247314453125" lon="30.29203034006059169769287109375">
        <ele>-17.200000762939453125</ele>
        <time>2025-09-18T07:45:47.000Z</time>
        <extensions>
          <ns3:TrackPointExtension>
            <ns3:atemp>21.0</ns3:atemp>
            <ns3:hr>111</ns3:hr>
          </ns3:TrackPointExtension>
        </extensions>
      </trkpt>
      <trkpt lat="59.953156672418117523193359375" lon="30.29200267978012561798095703125">
        <ele>-17.200000762939453125</ele>
        <time>2025-09-18T07:45:48.000Z</time>
        <extensions>
          <ns3:TrackPointExtension>
            <ns3:atemp>21.0</ns3:atemp>
            <ns3:hr>114</ns3:hr>
          </ns3:TrackPointExtension>
        </extensions>
      </trkpt>
      <trkpt lat="59.953135214745998382568359375" lon="30.29196395538747310638427734375">
        <ele>-17.200000762939453125</ele>
        <time>2025-09-18T07:45:49.000Z</time>
        <extensions>
          <ns3:TrackPointExtension>
            <ns3:atemp>21.0</ns3:atemp>
            <ns3:hr>112</ns3:hr>
          </ns3:TrackPointExtension>
        </extensions>
      </trkpt>
      <trkpt lat="59.95294637046754360198974609375" lon="30.29167209751904010772705078125">
        <ele>-17.200000762939453125</ele>
        <time>2025-09-18T07:45:57.000Z</time>
        <extensions>
          <ns3:TrackPointExtension>
            <ns3:atemp>21.0</ns3:atemp>
            <ns3:hr>113</ns3:hr>
          </ns3:TrackPointExtension>
        </extensions>
      </trkpt>
      <trkpt lat="59.952931366860866546630859375" lon="30.29163940809667110443115234375">
        <ele>-17.3999996185302734375</ele>
        <time>2025-09-18T07:45:58.000Z</time>
        <extensions>
          <ns3:TrackPointExtension>
            <ns3:atemp>21.0</ns3:atemp>
            <ns3:hr>109</ns3:hr>
          </ns3:TrackPointExtension>
        </extensions>
      </trkpt>
      <trkpt lat="59.95287202298641204833984375" lon="30.29153346084058284759521484375">
        <ele>-17.3999996185302734375</ele>
        <time>2025-09-18T07:46:01.000Z</time>
        <extensions>
          <ns3:TrackPointExtension>
            <ns3:atemp>21.0</ns3:atemp>
            <ns3:hr>104</ns3:hr>
          </ns3:TrackPointExtension>
        </extensions>
      </trkpt>
      <trkpt lat="59.95281427167356014251708984375" lon="30.29139666818082332611083984375">
        <ele>-17.3999996185302734375</ele>
        <time>2025-09-18T07:46:04.000Z</time>
        <extensions>
          <ns3:TrackPointExtension>
            <ns3:atemp>21.0</ns3:atemp>
            <ns3:hr>101</ns3:hr>
          </ns3:TrackPointExtension>
        </extensions>
      </trkpt>
      <trkpt lat="59.95279558002948760986328125" lon="30.2913573570549488067626953125">
        <ele>-17.3999996185302734375</ele>
        <time>2025-09-18T07:46:05.000Z</time>
        <extensions>
          <ns3:TrackPointExtension>
            <ns3:atemp>21.0</ns3:atemp>
            <ns3:hr>104</ns3:hr>
          </ns3:TrackPointExtension>
        </extensions>
      </trkpt>
      <trkpt lat="59.9527410976588726043701171875" lon="30.29117790050804615020751953125">
        <ele>-17.3999996185302734375</ele>
        <time>2025-09-18T07:46:09.000Z</time>
        <extensions>
          <ns3:TrackPointExtension>
            <ns3:atemp>21.0</ns3:atemp>
            <ns3:hr>109</ns3:hr>
          </ns3:TrackPointExtension>
        </extensions>
      </trkpt>
      <trkpt lat="59.9527186341583728790283203125" lon="30.29110514558851718902587890625">
        <ele>-17.3999996185302734375</ele>
        <time>2025-09-18T07:46:11.000Z</time>
        <extensions>
          <ns3:TrackPointExtension>
            <ns3:atemp>21.0</ns3:atemp>
            <ns3:hr>111</ns3:hr>
          </ns3:TrackPointExtension>
        </extensions>
      </trkpt>
      <trkpt lat="59.9526380002498626708984375" lon="30.29108352027833461761474609375">
        <ele>-17.3999996185302734375</ele>
        <time>2025-09-18T07:46:16.000Z</time>
        <extensions>
          <ns3:TrackPointExtension>
            <ns3:atemp>22.0</ns3:atemp>
            <ns3:hr>110</ns3:hr>
          </ns3:TrackPointExtension>
        </extensions>
      </trkpt>
      <trkpt lat="59.95242686010897159576416015625" lon="30.29115526936948299407958984375">
        <ele>-17.6000003814697265625</ele>
        <time>2025-09-18T07:46:22.000Z</time>
        <extensions>
          <ns3:TrackPointExtension>
            <ns3:atemp>22.0</ns3:atemp>
            <ns3:hr>111</ns3:hr>
          </ns3:TrackPointExtension>
        </extensions>
      </trkpt>
      <trkpt lat="59.95233851484954357147216796875" lon="30.29112509451806545257568359375">
        <ele>-18.200000762939453125</ele>
        <time>2025-09-18T07:46:25.000Z</time>
        <extensions>
          <ns3:TrackPointExtension>
            <ns3:atemp>22.0</ns3:atemp>
            <ns3:hr>108</ns3:hr>
          </ns3:TrackPointExtension>
        </extensions>
      </trkpt>
      <trkpt lat="59.95231320150196552276611328125" lon="30.291126854717731475830078125">
        <ele>-18.200000762939453125</ele>
        <time>2025-09-18T07:46:26.000Z</time>
        <extensions>
          <ns3:TrackPointExtension>
            <ns3:atemp>22.0</ns3:atemp>
            <ns3:hr>106</ns3:hr>
          </ns3:TrackPointExtension>
        </extensions>
      </trkpt>
      <trkpt lat="59.9522593058645725250244140625" lon="30.29113800264894962310791015625">
        <ele>-18.200000762939453125</ele>
        <time>2025-09-18T07:46:28.000Z</time>
        <extensions>
          <ns3:TrackPointExtension>
            <ns3:atemp>22.0</ns3:atemp>
            <ns3:hr>107</ns3:hr>
          </ns3:TrackPointExtension>
        </extensions>
      </trkpt>
      <trkpt lat="59.95221898891031742095947265625" lon="30.2911747992038726806640625">
        <ele>-18.200000762939453125</ele>
        <time>2025-09-18T07:46:32.000Z</time>
        <extensions>
          <ns3:TrackPointExtension>
            <ns3:atemp>22.0</ns3:atemp>
            <ns3:hr>104</ns3:hr>
          </ns3:TrackPointExtension>
        </extensions>
      </trkpt>
      <trkpt lat="59.9522173963487148284912109375" lon="30.29118795879185199737548828125">
        <ele>-18.200000762939453125</ele>
        <time>2025-09-18T07:46:33.000Z</time>
        <extensions>
          <ns3:TrackPointExtension>
            <ns3:atemp>22.0</ns3:atemp>
            <ns3:hr>103</ns3:hr>
          </ns3:TrackPointExtension>
        </extensions>
      </trkpt>
      <trkpt lat="59.95221446268260478973388671875" lon="30.29122550971806049346923828125">
        <ele>-18.200000762939453125</ele>
        <time>2025-09-18T07:46:37.000Z</time>
        <extensions>
          <ns3:TrackPointExtension>
            <ns3:atemp>21.0</ns3:atemp>
            <ns3:hr>109</ns3:hr>
          </ns3:TrackPointExtension>
        </extensions>
      </trkpt>
      <trkpt lat="59.9521919153630733489990234375" lon="30.29120958410203456878662109375">
        <ele>-18.200000762939453125</ele>
        <time>2025-09-18T07:46:38.000Z</time>
        <extensions>
          <ns3:TrackPointExtension>
            <ns3:atemp>21.0</ns3:atemp>
            <ns3:hr>113</ns3:hr>
          </ns3:TrackPointExtension>
        </extensions>
      </trkpt>
      <trkpt lat="59.95219669304788112640380859375" lon="30.2912782318890094757080078125">
        <ele>-18.200000762939453125</ele>
        <time>2025-09-18T07:46:39.000Z</time>
        <extensions>
          <ns3:TrackPointExtension>
            <ns3:atemp>21.0</ns3:atemp>
            <ns3:hr>113</ns3:hr>
          </ns3:TrackPointExtension>
        </extensions>
      </trkpt>
      <trkpt lat="59.952201135456562042236328125" lon="30.29129122383892536163330078125">
        <ele>-18.200000762939453125</ele>
        <time>2025-09-18T07:46:41.000Z</time>
        <extensions>
          <ns3:TrackPointExtension>
            <ns3:atemp>21.0</ns3:atemp>
            <ns3:hr>115</ns3:hr>
          </ns3:TrackPointExtension>
        </extensions>
      </trkpt>
      <trkpt lat="59.95221144519746303558349609375" lon="30.29131896793842315673828125">
        <ele>-19.3999996185302734375</ele>
        <time>2025-09-18T07:46:45.000Z</time>
        <extensions>
          <ns3:TrackPointExtension>
            <ns3:atemp>21.0</ns3:atemp>
            <ns3:hr>116</ns3:hr>
          </ns3:TrackPointExtension>
        </extensions>
      </trkpt>
      <trkpt lat="59.95221354067325592041015625" lon="30.29133237898349761962890625">
        <ele>-20</ele>
        <time>2025-09-18T07:46:47.000Z</time>
        <extensions>
          <ns3:TrackPointExtension>
            <ns3:atemp>21.0</ns3:atemp>
            <ns3:hr>119</ns3:hr>
          </ns3:TrackPointExtension>
        </extensions>
      </trkpt>
      <trkpt lat="59.95221328921616077423095703125" lon="30.29138342477381229400634765625">
        <ele>-20.3999996185302734375</ele>
        <time>2025-09-18T07:46:49.000Z</time>
        <extensions>
          <ns3:TrackPointExtension>
            <ns3:atemp>21.0</ns3:atemp>
            <ns3:hr>120</ns3:hr>
          </ns3:TrackPointExtension>
        </extensions>
      </trkpt>
      <trkpt lat="59.952212870121002197265625" lon="30.29140505008399486541748046875">
        <ele>-20.3999996185302734375</ele>
        <time>2025-09-18T07:46:50.000Z</time>
        <extensions>
          <ns3:TrackPointExtension>
            <ns3:atemp>21.0</ns3:atemp>
            <ns3:hr>120</ns3:hr>
          </ns3:TrackPointExtension>
        </extensions>
      </trkpt>
      <trkpt lat="59.95181464590132236480712890625" lon="30.290650762617588043212890625">
        <ele>-20.3999996185302734375</ele>
        <time>2025-09-18T07:47:29.000Z</time>
        <extensions>
          <ns3:TrackPointExtension>
            <ns3:atemp>21.0</ns3:atemp>
            <ns3:hr>114</ns3:hr>
          </ns3:TrackPointExtension>
        </extensions>
      </trkpt>
      <trkpt lat="59.95184071362018585205078125" lon="30.29058362357318401336669921875">
        <ele>-19.6000003814697265625</ele>
        <time>2025-09-18T07:47:33.000Z</time>
        <extensions>
          <ns3:TrackPointExtension>
            <ns3:atemp>21.0</ns3:atemp>
            <ns3:hr>113</ns3:hr>
          </ns3:TrackPointExtension>
        </extensions>
      </trkpt>
      <trkpt lat="59.95183342136442661285400390625" lon="30.2905855514109134674072265625">
        <ele>-19.3999996185302734375</ele>
        <time>2025-09-18T07:47:34.000Z</time>
        <extensions>
          <ns3:TrackPointExtension>
            <ns3:atemp>21.0</ns3:atemp>
            <ns3:hr>111</ns3:hr>
          </ns3:TrackPointExtension>
        </extensions>
      </trkpt>
      <trkpt lat="59.95182554237544536590576171875" lon="30.29057607986032962799072265625">
        <ele>-19</ele>
        <time>2025-09-18T07:47:35.000Z</time>
        <extensions>
          <ns3:TrackPointExtension>
            <ns3:atemp>21.0</ns3:atemp>
            <ns3:hr>112</ns3:hr>
          </ns3:TrackPointExtension>
        </extensions>
      </trkpt>
      <trkpt lat="59.95180291123688220977783203125" lon="30.29055512510240077972412109375">
        <ele>-18.200000762939453125</ele>
        <time>2025-09-18T07:47:39.000Z</time>
        <extensions>
          <ns3:TrackPointExtension>
            <ns3:atemp>21.0</ns3:atemp>
            <ns3:hr>108</ns3:hr>
          </ns3:TrackPointExtension>
        </extensions>
      </trkpt>
      <trkpt lat="59.9518024921417236328125" lon="30.29061815701425075531005859375">
        <ele>-18</ele>
        <time>2025-09-18T07:47:41.000Z</time>
        <extensions>
          <ns3:TrackPointExtension>
            <ns3:atemp>21.0</ns3:atemp>
            <ns3:hr>118</ns3:hr>
          </ns3:TrackPointExtension>
        </extensions>
      </trkpt>
      <trkpt lat="59.9517956189811229705810546875" lon="30.290609188377857208251953125">
        <ele>-17.799999237060546875</ele>
        <time>2025-09-18T07:47:42.000Z</time>
        <extensions>
          <ns3:TrackPointExtension>
            <ns3:atemp>21.0</ns3:atemp>
            <ns3:hr>118</ns3:hr>
          </ns3:TrackPointExtension>
        </extensions>
      </trkpt>
      <trkpt lat="59.9517825432121753692626953125" lon="30.2906609885394573211669921875">
        <ele>-17.200000762939453125</ele>
        <time>2025-09-18T07:47:44.000Z</time>
        <extensions>
          <ns3:TrackPointExtension>
            <ns3:atemp>21.0</ns3:atemp>
            <ns3:hr>118</ns3:hr>
          </ns3:TrackPointExtension>
        </extensions>
      </trkpt>
      <trkpt lat="59.95176552794873714447021484375" lon="30.29061581008136272430419921875">
        <ele>-16.200000762939453125</ele>
        <time>2025-09-18T07:47:50.000Z</time>
        <extensions>
          <ns3:TrackPointExtension>
            <ns3:atemp>21.0</ns3:atemp>
            <ns3:hr>119</ns3:hr>
          </ns3:TrackPointExtension>
        </extensions>
      </trkpt>
      <trkpt lat="59.951770305633544921875" lon="30.29055143706500530242919921875">
        <ele>-15.80000019073486328125</ele>
        <time>2025-09-18T07:47:56.000Z</time>
        <extensions>
          <ns3:TrackPointExtension>
            <ns3:atemp>21.0</ns3:atemp>
            <ns3:hr>119</ns3:hr>
          </ns3:TrackPointExtension>
        </extensions>
      </trkpt>
      <trkpt lat="59.9517909251153469085693359375" lon="30.29051120392978191375732421875">
        <ele>-15.80000019073486328125</ele>
        <time>2025-09-18T07:47:59.000Z</time>
        <extensions>
          <ns3:TrackPointExtension>
            <ns3:atemp>21.0</ns3:atemp>
            <ns3:hr>119</ns3:hr>
          </ns3:TrackPointExtension>
        </extensions>
      </trkpt>
      <trkpt lat="59.95181397534906864166259765625" lon="30.29036703519523143768310546875">
        <ele>-16</ele>
        <time>2025-09-18T07:48:02.000Z</time>
        <extensions>
          <ns3:TrackPointExtension>
            <ns3:atemp>21.0</ns3:atemp>
            <ns3:hr>121</ns3:hr>
          </ns3:TrackPointExtension>
        </extensions>
      </trkpt>
      <trkpt lat="59.9518345110118389129638671875" lon="30.29016888700425624847412109375">
        <ele>-16.3999996185302734375</ele>
        <time>2025-09-18T07:48:06.000Z</time>
        <extensions>
          <ns3:TrackPointExtension>
            <ns3:atemp>21.0</ns3:atemp>
            <ns3:hr>116</ns3:hr>
          </ns3:TrackPointExtension>
        </extensions>
      </trkpt>
      <trkpt lat="59.951775334775447845458984375" lon="30.290057323873043060302734375">
        <ele>-16.799999237060546875</ele>
        <time>2025-09-18T07:48:08.000Z</time>
        <extensions>
          <ns3:TrackPointExtension>
            <ns3:atemp>21.0</ns3:atemp>
            <ns3:hr>111</ns3:hr>
          </ns3:TrackPointExtension>
        </extensions>
      </trkpt>
      <trkpt lat="59.95173878967761993408203125" lon="30.28999052010476589202880859375">
        <ele>-17</ele>
        <time>2025-09-18T07:48:10.000Z</time>
        <extensions>
          <ns3:TrackPointExtension>
            <ns3:atemp>21.0</ns3:atemp>
            <ns3:hr>108</ns3:hr>
          </ns3:TrackPointExtension>
        </extensions>
      </trkpt>
      <trkpt lat="59.9516682140529155731201171875" lon="30.28985708020627498626708984375">
        <ele>-15.80000019073486328125</ele>
        <time>2025-09-18T07:48:14.000Z</time>
        <extensions>
          <ns3:TrackPointExtension>
            <ns3:atemp>21.0</ns3:atemp>
            <ns3:hr>107</ns3:hr>
          </ns3:TrackPointExtension>
        </extensions>
      </trkpt>
      <trkpt lat="59.95160845108330249786376953125" lon="30.28976194560527801513671875">
        <ele>-15.6000003814697265625</ele>
        <time>2025-09-18T07:48:17.000Z</time>
        <extensions>
          <ns3:TrackPointExtension>
            <ns3:atemp>21.0</ns3:atemp>
            <ns3:hr>110</ns3:hr>
          </ns3:TrackPointExtension>
        </extensions>
      </trkpt>
      <trkpt lat="59.9515082873404026031494140625" lon="30.2896645478904247283935546875">
        <ele>-15.19999980926513671875</ele>
        <time>2025-09-18T07:48:21.000Z</time>
        <extensions>
          <ns3:TrackPointExtension>
            <ns3:atemp>21.0</ns3:atemp>
            <ns3:hr>108</ns3:hr>
          </ns3:TrackPointExtension>
        </extensions>
      </trkpt>
      <trkpt lat="59.95145036838948726654052734375" lon="30.28954007662832736968994140625">
        <ele>-15</ele>
        <time>2025-09-18T07:48:23.000Z</time>
        <extensions>
          <ns3:TrackPointExtension>
            <ns3:atemp>21.0</ns3:atemp>
            <ns3:hr>109</ns3:hr>
          </ns3:TrackPointExtension>
        </extensions>
      </trkpt>
      <trkpt lat="59.95136596262454986572265625" lon="30.28935198672115802764892578125">
        <ele>-14.80000019073486328125</ele>
        <time>2025-09-18T07:48:26.000Z</time>
        <extensions>
          <ns3:TrackPointExtension>
            <ns3:atemp>21.0</ns3:atemp>
            <ns3:hr>112</ns3:hr>
          </ns3:TrackPointExtension>
        </extensions>
      </trkpt>
      <trkpt lat="59.9512886814773082733154296875" lon="30.28921435587108135223388671875">
        <ele>-14.6000003814697265625</ele>
        <time>2025-09-18T07:48:29.000Z</time>
        <extensions>
          <ns3:TrackPointExtension>
            <ns3:atemp>21.0</ns3:atemp>
            <ns3:hr>113</ns3:hr>
          </ns3:TrackPointExtension>
        </extensions>
      </trkpt>
      <trkpt lat="59.95115247555077075958251953125" lon="30.288932807743549346923828125">
        <ele>-14</ele>
        <time>2025-09-18T07:48:36.000Z</time>
        <extensions>
          <ns3:TrackPointExtension>
            <ns3:atemp>21.0</ns3:atemp>
            <ns3:hr>112</ns3:hr>
          </ns3:TrackPointExtension>
        </extensions>
      </trkpt>
      <trkpt lat="59.95106379501521587371826171875" lon="30.2888209931552410125732421875">
        <ele>-13.80000019073486328125</ele>
        <time>2025-09-18T07:48:40.000Z</time>
        <extensions>
          <ns3:TrackPointExtension>
            <ns3:atemp>21.0</ns3:atemp>
            <ns3:hr>112</ns3:hr>
          </ns3:TrackPointExtension>
        </extensions>
      </trkpt>
      <trkpt lat="59.9508543312549591064453125" lon="30.28849351219832897186279296875">
        <ele>-13.6000003814697265625</ele>
        <time>2025-09-18T07:48:49.000Z</time>
        <extensions>
          <ns3:TrackPointExtension>
            <ns3:atemp>21.0</ns3:atemp>
            <ns3:hr>112</ns3:hr>
          </ns3:TrackPointExtension>
        </extensions>
      </trkpt>
      <trkpt lat="59.950809068977832794189453125" lon="30.2884189970791339874267578125">
        <ele>-13.6000003814697265625</ele>
        <time>2025-09-18T07:48:51.000Z</time>
        <extensions>
          <ns3:TrackPointExtension>
            <ns3:atemp>21.0</ns3:atemp>
            <ns3:hr>109</ns3:hr>
          </ns3:TrackPointExtension>
        </extensions>
      </trkpt>
      <trkpt lat="59.95078417472541332244873046875" lon="30.288385637104511260986328125">
        <ele>-13.6000003814697265625</ele>
        <time>2025-09-18T07:48:52.000Z</time>
        <extensions>
          <ns3:TrackPointExtension>
            <ns3:atemp>21.0</ns3:atemp>
            <ns3:hr>112</ns3:hr>
          </ns3:TrackPointExtension>
        </extensions>
      </trkpt>
      <trkpt lat="59.95059859938919544219970703125" lon="30.288197211921215057373046875">
        <ele>-13.80000019073486328125</ele>
        <time>2025-09-18T07:48:59.000Z</time>
        <extensions>
          <ns3:TrackPointExtension>
            <ns3:atemp>21.0</ns3:atemp>
            <ns3:hr>113</ns3:hr>
          </ns3:TrackPointExtension>
        </extensions>
      </trkpt>
      <trkpt lat="59.95033440180122852325439453125" lon="30.28788196854293346405029296875">
        <ele>-14.19999980926513671875</ele>
        <time>2025-09-18T07:49:09.000Z</time>
        <extensions>
          <ns3:TrackPointExtension>
            <ns3:atemp>21.0</ns3:atemp>
            <ns3:hr>114</ns3:hr>
          </ns3:TrackPointExtension>
        </extensions>
      </trkpt>
      <trkpt lat="59.95011094026267528533935546875" lon="30.28760234825313091278076171875">
        <ele>-13.80000019073486328125</ele>
        <time>2025-09-18T07:49:18.000Z</time>
        <extensions>
          <ns3:TrackPointExtension>
            <ns3:atemp>21.0</ns3:atemp>
            <ns3:hr>115</ns3:hr>
          </ns3:TrackPointExtension>
        </extensions>
      </trkpt>
      <trkpt lat="59.94985143654048442840576171875" lon="30.28726807795464992523193359375">
        <ele>-13.80000019073486328125</ele>
        <time>2025-09-18T07:49:29.000Z</time>
        <extensions>
          <ns3:TrackPointExtension>
            <ns3:atemp>21.0</ns3:atemp>
            <ns3:hr>115</ns3:hr>
          </ns3:TrackPointExtension>
        </extensions>
      </trkpt>
      <trkpt lat="59.94970894418656826019287109375" lon="30.2871677465736865997314453125">
        <ele>-13.80000019073486328125</ele>
        <time>2025-09-18T07:49:33.000Z</time>
        <extensions>
          <ns3:TrackPointExtension>
            <ns3:atemp>21.0</ns3:atemp>
            <ns3:hr>118</ns3:hr>
          </ns3:TrackPointExtension>
        </extensions>
      </trkpt>
      <trkpt lat="59.9496548809111118316650390625" lon="30.28701343573629856109619140625">
        <ele>-13.80000019073486328125</ele>
        <time>2025-09-18T07:49:36.000Z</time>
        <extensions>
          <ns3:TrackPointExtension>
            <ns3:atemp>21.0</ns3:atemp>
            <ns3:hr>119</ns3:hr>
          </ns3:TrackPointExtension>
        </extensions>
      </trkpt>
      <trkpt lat="59.94964205659925937652587890625" lon="30.2868639864027500152587890625">
        <ele>-13.6000003814697265625</ele>
        <time>2025-09-18T07:49:41.000Z</time>
        <extensions>
          <ns3:TrackPointExtension>
            <ns3:atemp>21.0</ns3:atemp>
            <ns3:hr>119</ns3:hr>
          </ns3:TrackPointExtension>
        </extensions>
      </trkpt>
      <trkpt lat="59.94963417761027812957763671875" lon="30.286838673055171966552734375">
        <ele>-13.6000003814697265625</ele>
        <time>2025-09-18T07:49:42.000Z</time>
        <extensions>
          <ns3:TrackPointExtension>
            <ns3:atemp>21.0</ns3:atemp>
            <ns3:hr>119</ns3:hr>
          </ns3:TrackPointExtension>
        </extensions>
      </trkpt>
      <trkpt lat="59.94958070106804370880126953125" lon="30.2867607213556766510009765625">
        <ele>-12.80000019073486328125</ele>
        <time>2025-09-18T07:49:45.000Z</time>
        <extensions>
          <ns3:TrackPointExtension>
            <ns3:atemp>21.0</ns3:atemp>
            <ns3:hr>119</ns3:hr>
          </ns3:TrackPointExtension>
        </extensions>
      </trkpt>
      <trkpt lat="59.94954742491245269775390625" lon="30.28672702610492706298828125">
        <ele>-12.6000003814697265625</ele>
        <time>2025-09-18T07:49:46.000Z</time>
        <extensions>
          <ns3:TrackPointExtension>
            <ns3:atemp>21.0</ns3:atemp>
            <ns3:hr>117</ns3:hr>
          </ns3:TrackPointExtension>
        </extensions>
      </trkpt>
      <trkpt lat="59.94939026422798633575439453125" lon="30.286503396928310394287109375">
        <ele>-11.3999996185302734375</ele>
        <time>2025-09-18T07:49:51.000Z</time>
        <extensions>
          <ns3:TrackPointExtension>
            <ns3:atemp>21.0</ns3:atemp>
            <ns3:hr>118</ns3:hr>
          </ns3:TrackPointExtension>
        </extensions>
      </trkpt>
      <trkpt lat="59.94932957924902439117431640625" lon="30.2864046581089496612548828125">
        <ele>-10.80000019073486328125</ele>
        <time>2025-09-18T07:49:53.000Z</time>
        <extensions>
          <ns3:TrackPointExtension>
            <ns3:atemp>21.0</ns3:atemp>
            <ns3:hr>115</ns3:hr>
          </ns3:TrackPointExtension>
        </extensions>
      </trkpt>
      <trkpt lat="59.94922212325036525726318359375" lon="30.28619955293834209442138671875">
        <ele>-10.6000003814697265625</ele>
        <time>2025-09-18T07:49:57.000Z</time>
        <extensions>
          <ns3:TrackPointExtension>
            <ns3:atemp>21.0</ns3:atemp>
            <ns3:hr>112</ns3:hr>
          </ns3:TrackPointExtension>
        </extensions>
      </trkpt>
      <trkpt lat="59.949105866253376007080078125" lon="30.2860700525343418121337890625">
        <ele>-10.6000003814697265625</ele>
        <time>2025-09-18T07:50:02.000Z</time>
        <extensions>
          <ns3:TrackPointExtension>
            <ns3:atemp>21.0</ns3:atemp>
            <ns3:hr>110</ns3:hr>
          </ns3:TrackPointExtension>
        </extensions>
      </trkpt>
      <trkpt lat="59.94903109967708587646484375" lon="30.28595094569027423858642578125">
        <ele>-10.3999996185302734375</ele>
        <time>2025-09-18T07:50:05.000Z</time>
        <extensions>
          <ns3:TrackPointExtension>
            <ns3:atemp>21.0</ns3:atemp>
            <ns3:hr>109</ns3:hr>
          </ns3:TrackPointExtension>
        </extensions>
      </trkpt>
      <trkpt lat="59.94886790402233600616455078125" lon="30.28571541421115398406982421875">
        <ele>-10.3999996185302734375</ele>
        <time>2025-09-18T07:50:08.000Z</time>
        <extensions>
          <ns3:TrackPointExtension>
            <ns3:atemp>21.0</ns3:atemp>
            <ns3:hr>108</ns3:hr>
          </ns3:TrackPointExtension>
        </extensions>
      </trkpt>
      <trkpt lat="59.94881249964237213134765625" lon="30.28563612140715122222900390625">
        <ele>-10.19999980926513671875</ele>
        <time>2025-09-18T07:50:10.000Z</time>
        <extensions>
          <ns3:TrackPointExtension>
            <ns3:atemp>21.0</ns3:atemp>
            <ns3:hr>104</ns3:hr>
          </ns3:TrackPointExtension>
        </extensions>
      </trkpt>
      <trkpt lat="59.94873060844838619232177734375" lon="30.285523049533367156982421875">
        <ele>-10.3999996185302734375</ele>
        <time>2025-09-18T07:50:13.000Z</time>
        <extensions>
          <ns3:TrackPointExtension>
            <ns3:atemp>21.0</ns3:atemp>
            <ns3:hr>107</ns3:hr>
          </ns3:TrackPointExtension>
        </extensions>
      </trkpt>
      <trkpt lat="59.94856263510882854461669921875" lon="30.2852821536362171173095703125">
        <ele>-11.19999980926513671875</ele>
        <time>2025-09-18T07:50:19.000Z</time>
        <extensions>
          <ns3:TrackPointExtension>
            <ns3:atemp>21.0</ns3:atemp>
            <ns3:hr>109</ns3:hr>
          </ns3:TrackPointExtension>
        </extensions>
      </trkpt>
      <trkpt lat="59.9483348987996578216552734375" lon="30.28500060550868511199951171875">
        <ele>-11.3999996185302734375</ele>
        <time>2025-09-18T07:50:26.000Z</time>
        <extensions>
          <ns3:TrackPointExtension>
            <ns3:atemp>21.0</ns3:atemp>
            <ns3:hr>108</ns3:hr>
          </ns3:TrackPointExtension>
        </extensions>
      </trkpt>
      <trkpt lat="59.94823674671351909637451171875" lon="30.284878313541412353515625">
        <ele>-11.80000019073486328125</ele>
        <time>2025-09-18T07:50:29.000Z</time>
        <extensions>
          <ns3:TrackPointExtension>
            <ns3:atemp>21.0</ns3:atemp>
            <ns3:hr>109</ns3:hr>
          </ns3:TrackPointExtension>
        </extensions>
      </trkpt>
      <trkpt lat="59.94803457520902156829833984375" lon="30.2846183069050312042236328125">
        <ele>-12</ele>
        <time>2025-09-18T07:50:35.000Z</time>
        <extensions>
          <ns3:TrackPointExtension>
            <ns3:atemp>21.0</ns3:atemp>
            <ns3:hr>112</ns3:hr>
          </ns3:TrackPointExtension>
        </extensions>
      </trkpt>
      <trkpt lat="59.9479664303362369537353515625" lon="30.28459240682423114776611328125">
        <ele>-12.6000003814697265625</ele>
        <time>2025-09-18T07:50:37.000Z</time>
        <extensions>
          <ns3:TrackPointExtension>
            <ns3:atemp>21.0</ns3:atemp>
            <ns3:hr>111</ns3:hr>
          </ns3:TrackPointExtension>
        </extensions>
      </trkpt>
      <trkpt lat="59.94785671122372150421142578125" lon="30.2847564406692981719970703125">
        <ele>-13.80000019073486328125</ele>
        <time>2025-09-18T07:50:40.000Z</time>
        <extensions>
          <ns3:TrackPointExtension>
            <ns3:atemp>21.0</ns3:atemp>
            <ns3:hr>111</ns3:hr>
          </ns3:TrackPointExtension>
        </extensions>
      </trkpt>
      <trkpt lat="59.94766593910753726959228515625" lon="30.28527326881885528564453125">
        <ele>-14.80000019073486328125</ele>
        <time>2025-09-18T07:50:46.000Z</time>
        <extensions>
          <ns3:TrackPointExtension>
            <ns3:atemp>21.0</ns3:atemp>
            <ns3:hr>112</ns3:hr>
          </ns3:TrackPointExtension>
        </extensions>
      </trkpt>
      <trkpt lat="59.94749695993959903717041015625" lon="30.28575782664120197296142578125">
        <ele>-15.80000019073486328125</ele>
        <time>2025-09-18T07:50:51.000Z</time>
        <extensions>
          <ns3:TrackPointExtension>
            <ns3:atemp>21.0</ns3:atemp>
            <ns3:hr>108</ns3:hr>
          </ns3:TrackPointExtension>
        </extensions>
      </trkpt>
      <trkpt lat="59.94743392802774906158447265625" lon="30.285968966782093048095703125">
        <ele>-15.80000019073486328125</ele>
        <time>2025-09-18T07:50:53.000Z</time>
        <extensions>
          <ns3:TrackPointExtension>
            <ns3:atemp>21.0</ns3:atemp>
            <ns3:hr>109</ns3:hr>
          </ns3:TrackPointExtension>
        </extensions>
      </trkpt>
      <trkpt lat="59.94733460247516632080078125" lon="30.28622084297239780426025390625">
        <ele>-16.3999996185302734375</ele>
        <time>2025-09-18T07:50:56.000Z</time>
        <extensions>
          <ns3:TrackPointExtension>
            <ns3:atemp>21.0</ns3:atemp>
            <ns3:hr>108</ns3:hr>
          </ns3:TrackPointExtension>
        </extensions>
      </trkpt>
      <trkpt lat="59.94722454808652400970458984375" lon="30.28644246049225330352783203125">
        <ele>-16.799999237060546875</ele>
        <time>2025-09-18T07:50:59.000Z</time>
        <extensions>
          <ns3:TrackPointExtension>
            <ns3:atemp>21.0</ns3:atemp>
            <ns3:hr>110</ns3:hr>
          </ns3:TrackPointExtension>
        </extensions>
      </trkpt>
      <trkpt lat="59.94716134853661060333251953125" lon="30.28659082017838954925537109375">
        <ele>-17</ele>
        <time>2025-09-18T07:51:01.000Z</time>
        <extensions>
          <ns3:TrackPointExtension>
            <ns3:atemp>21.0</ns3:atemp>
            <ns3:hr>110</ns3:hr>
          </ns3:TrackPointExtension>
        </extensions>
      </trkpt>
      <trkpt lat="59.9470853246748447418212890625" lon="30.2868488989770412445068359375">
        <ele>-17.200000762939453125</ele>
        <time>2025-09-18T07:51:04.000Z</time>
        <extensions>
          <ns3:TrackPointExtension>
            <ns3:atemp>21.0</ns3:atemp>
            <ns3:hr>107</ns3:hr>
          </ns3:TrackPointExtension>
        </extensions>
      </trkpt>
      <trkpt lat="59.9468898586928844451904296875" lon="30.2876101434230804443359375">
        <ele>-17.200000762939453125</ele>
        <time>2025-09-18T07:51:13.000Z</time>
        <extensions>
          <ns3:TrackPointExtension>
            <ns3:atemp>21.0</ns3:atemp>
            <ns3:hr>108</ns3:hr>
          </ns3:TrackPointExtension>
        </extensions>
      </trkpt>
      <trkpt lat="59.94680595584213733673095703125" lon="30.28791868127882480621337890625">
        <ele>-17.3999996185302734375</ele>
        <time>2025-09-18T07:51:17.000Z</time>
        <extensions>
          <ns3:TrackPointExtension>
            <ns3:atemp>21.0</ns3:atemp>
            <ns3:hr>116</ns3:hr>
          </ns3:TrackPointExtension>
        </extensions>
      </trkpt>
      <trkpt lat="59.9467178620398044586181640625" lon="30.288184471428394317626953125">
        <ele>-17.799999237060546875</ele>
        <time>2025-09-18T07:51:22.000Z</time>
        <extensions>
          <ns3:TrackPointExtension>
            <ns3:atemp>21.0</ns3:atemp>
            <ns3:hr>118</ns3:hr>
          </ns3:TrackPointExtension>
        </extensions>
      </trkpt>
      <trkpt lat="59.9465475417673587799072265625" lon="30.288820825517177581787109375">
        <ele>-17.799999237060546875</ele>
        <time>2025-09-18T07:51:31.000Z</time>
        <extensions>
          <ns3:TrackPointExtension>
            <ns3:atemp>21.0</ns3:atemp>
            <ns3:hr>118</ns3:hr>
          </ns3:TrackPointExtension>
        </extensions>
      </trkpt>
      <trkpt lat="59.94642667472362518310546875" lon="30.2894415892660617828369140625">
        <ele>-18</ele>
        <time>2025-09-18T07:51:39.000Z</time>
        <extensions>
          <ns3:TrackPointExtension>
            <ns3:atemp>21.0</ns3:atemp>
            <ns3:hr>117</ns3:hr>
          </ns3:TrackPointExtension>
        </extensions>
      </trkpt>
      <trkpt lat="59.94629549793899059295654296875" lon="30.29010753147304058074951171875">
        <ele>-18.200000762939453125</ele>
        <time>2025-09-18T07:51:48.000Z</time>
        <extensions>
          <ns3:TrackPointExtension>
            <ns3:atemp>21.0</ns3:atemp>
            <ns3:hr>114</ns3:hr>
          </ns3:TrackPointExtension>
        </extensions>
      </trkpt>
      <trkpt lat="59.94624738581478595733642578125" lon="30.2902492694556713104248046875">
        <ele>-18.3999996185302734375</ele>
        <time>2025-09-18T07:51:50.000Z</time>
        <extensions>
          <ns3:TrackPointExtension>
            <ns3:atemp>21.0</ns3:atemp>
            <ns3:hr>113</ns3:hr>
          </ns3:TrackPointExtension>
        </extensions>
      </trkpt>
      <trkpt lat="59.94620949961245059967041015625" lon="30.29040609486401081085205078125">
        <ele>-18.3999996185302734375</ele>
        <time>2025-09-18T07:51:52.000Z</time>
        <extensions>
          <ns3:TrackPointExtension>
            <ns3:atemp>21.0</ns3:atemp>
            <ns3:hr>117</ns3:hr>
          </ns3:TrackPointExtension>
        </extensions>
      </trkpt>
      <trkpt lat="59.94615199975669384002685546875" lon="30.29077850282192230224609375">
        <ele>-18.3999996185302734375</ele>
        <time>2025-09-18T07:51:57.000Z</time>
        <extensions>
          <ns3:TrackPointExtension>
            <ns3:atemp>21.0</ns3:atemp>
            <ns3:hr>113</ns3:hr>
          </ns3:TrackPointExtension>
        </extensions>
      </trkpt>
      <trkpt lat="59.94613707996904850006103515625" lon="30.29084782116115093231201171875">
        <ele>-18.3999996185302734375</ele>
        <time>2025-09-18T07:51:58.000Z</time>
        <extensions>
          <ns3:TrackPointExtension>
            <ns3:atemp>22.0</ns3:atemp>
            <ns3:hr>117</ns3:hr>
          </ns3:TrackPointExtension>
        </extensions>
      </trkpt>
      <trkpt lat="59.94612584821879863739013671875" lon="30.29091454111039638519287109375">
        <ele>-18.3999996185302734375</ele>
        <time>2025-09-18T07:51:59.000Z</time>
        <extensions>
          <ns3:TrackPointExtension>
            <ns3:atemp>22.0</ns3:atemp>
            <ns3:hr>114</ns3:hr>
          </ns3:TrackPointExtension>
        </extensions>
      </trkpt>
      <trkpt lat="59.9460255168378353118896484375" lon="30.2915229834616184234619140625">
        <ele>-18.3999996185302734375</ele>
        <time>2025-09-18T07:52:07.000Z</time>
        <extensions>
          <ns3:TrackPointExtension>
            <ns3:atemp>22.0</ns3:atemp>
            <ns3:hr>114</ns3:hr>
          </ns3:TrackPointExtension>
        </extensions>
      </trkpt>
      <trkpt lat="59.946007914841175079345703125" lon="30.2916691638529300689697265625">
        <ele>-18.3999996185302734375</ele>
        <time>2025-09-18T07:52:09.000Z</time>
        <extensions>
          <ns3:TrackPointExtension>
            <ns3:atemp>22.0</ns3:atemp>
            <ns3:hr>117</ns3:hr>
          </ns3:TrackPointExtension>
        </extensions>
      </trkpt>
      <trkpt lat="59.9459591321647167205810546875" lon="30.29221524484455585479736328125">
        <ele>-18.3999996185302734375</ele>
        <time>2025-09-18T07:52:17.000Z</time>
        <extensions>
          <ns3:TrackPointExtension>
            <ns3:atemp>22.0</ns3:atemp>
            <ns3:hr>114</ns3:hr>
          </ns3:TrackPointExtension>
        </extensions>
      </trkpt>
      <trkpt lat="59.94589718990027904510498046875" lon="30.29236041940748691558837890625">
        <ele>-18.3999996185302734375</ele>
        <time>2025-09-18T07:52:22.000Z</time>
        <extensions>
          <ns3:TrackPointExtension>
            <ns3:atemp>22.0</ns3:atemp>
            <ns3:hr>113</ns3:hr>
          </ns3:TrackPointExtension>
        </extensions>
      </trkpt>
      <trkpt lat="59.9458907358348369598388671875" lon="30.29238003306090831756591796875">
        <ele>-19</ele>
        <time>2025-09-18T07:52:25.000Z</time>
        <extensions>
          <ns3:TrackPointExtension>
            <ns3:atemp>22.0</ns3:atemp>
            <ns3:hr>113</ns3:hr>
          </ns3:TrackPointExtension>
        </extensions>
      </trkpt>
      <trkpt lat="59.94594479911029338836669921875" lon="30.29246301390230655670166015625">
        <ele>-19.200000762939453125</ele>
        <time>2025-09-18T07:52:29.000Z</time>
        <extensions>
          <ns3:TrackPointExtension>
            <ns3:atemp>22.0</ns3:atemp>
            <ns3:hr>113</ns3:hr>
          </ns3:TrackPointExtension>
        </extensions>
      </trkpt>
      <trkpt lat="59.94594924151897430419921875" lon="30.29243820346891880035400390625">
        <ele>-19.200000762939453125</ele>
        <time>2025-09-18T07:52:32.000Z</time>
        <extensions>
          <ns3:TrackPointExtension>
            <ns3:atemp>22.0</ns3:atemp>
            <ns3:hr>110</ns3:hr>
          </ns3:TrackPointExtension>
        </extensions>
      </trkpt>
      <trkpt lat="59.94594513438642024993896484375" lon="30.292402915656566619873046875">
        <ele>-19</ele>
        <time>2025-09-18T07:52:38.000Z</time>
        <extensions>
          <ns3:TrackPointExtension>
            <ns3:atemp>21.0</ns3:atemp>
            <ns3:hr>111</ns3:hr>
          </ns3:TrackPointExtension>
        </extensions>
      </trkpt>
      <trkpt lat="59.94592644274234771728515625" lon="30.29240584932267665863037109375">
        <ele>-19</ele>
        <time>2025-09-18T07:52:41.000Z</time>
        <extensions>
          <ns3:TrackPointExtension>
            <ns3:atemp>21.0</ns3:atemp>
            <ns3:hr>114</ns3:hr>
          </ns3:TrackPointExtension>
        </extensions>
      </trkpt>
      <trkpt lat="59.9459199048578739166259765625" lon="30.29240199364721775054931640625">
        <ele>-19</ele>
        <time>2025-09-18T07:52:42.000Z</time>
        <extensions>
          <ns3:TrackPointExtension>
            <ns3:atemp>21.0</ns3:atemp>
            <ns3:hr>117</ns3:hr>
          </ns3:TrackPointExtension>
        </extensions>
      </trkpt>
      <trkpt lat="59.9459158815443515777587890625" lon="30.29238355346024036407470703125">
        <ele>-19</ele>
        <time>2025-09-18T07:52:43.000Z</time>
        <extensions>
          <ns3:TrackPointExtension>
            <ns3:atemp>21.0</ns3:atemp>
            <ns3:hr>117</ns3:hr>
          </ns3:TrackPointExtension>
        </extensions>
      </trkpt>
      <trkpt lat="59.94591579772531986236572265625" lon="30.29237165115773677825927734375">
        <ele>-18.6000003814697265625</ele>
        <time>2025-09-18T07:52:46.000Z</time>
        <extensions>
          <ns3:TrackPointExtension>
            <ns3:atemp>21.0</ns3:atemp>
            <ns3:hr>118</ns3:hr>
          </ns3:TrackPointExtension>
        </extensions>
      </trkpt>
      <trkpt lat="59.94590741582214832305908203125" lon="30.2923524565994739532470703125">
        <ele>-18.6000003814697265625</ele>
        <time>2025-09-18T07:52:53.000Z</time>
        <extensions>
          <ns3:TrackPointExtension>
            <ns3:atemp>21.0</ns3:atemp>
            <ns3:hr>115</ns3:hr>
          </ns3:TrackPointExtension>
        </extensions>
      </trkpt>
      <trkpt lat="59.9459083378314971923828125" lon="30.29234801419079303741455078125">
        <ele>-18.799999237060546875</ele>
        <time>2025-09-18T07:52:55.000Z</time>
        <extensions>
          <ns3:TrackPointExtension>
            <ns3:atemp>21.0</ns3:atemp>
            <ns3:hr>117</ns3:hr>
          </ns3:TrackPointExtension>
        </extensions>
      </trkpt>
      <trkpt lat="59.945903979241847991943359375" lon="30.2923356927931308746337890625">
        <ele>-18.6000003814697265625</ele>
        <time>2025-09-18T07:53:02.000Z</time>
        <extensions>
          <ns3:TrackPointExtension>
            <ns3:atemp>21.0</ns3:atemp>
            <ns3:hr>117</ns3:hr>
          </ns3:TrackPointExtension>
        </extensions>
      </trkpt>
      <trkpt lat="59.94586114771664142608642578125" lon="30.29236829839646816253662109375">
        <ele>-18.6000003814697265625</ele>
        <time>2025-09-18T07:53:09.000Z</time>
        <extensions>
          <ns3:TrackPointExtension>
            <ns3:atemp>21.0</ns3:atemp>
            <ns3:hr>113</ns3:hr>
          </ns3:TrackPointExtension>
        </extensions>
      </trkpt>
      <trkpt lat="59.94585997425019741058349609375" lon="30.2923685498535633087158203125">
        <ele>-18.6000003814697265625</ele>
        <time>2025-09-18T07:53:11.000Z</time>
        <extensions>
          <ns3:TrackPointExtension>
            <ns3:atemp>21.0</ns3:atemp>
            <ns3:hr>114</ns3:hr>
          </ns3:TrackPointExtension>
        </extensions>
      </trkpt>
      <trkpt lat="59.94586030952632427215576171875" lon="30.2923698909580707550048828125">
        <ele>-18.6000003814697265625</ele>
        <time>2025-09-18T07:53:13.000Z</time>
        <extensions>
          <ns3:TrackPointExtension>
            <ns3:atemp>21.0</ns3:atemp>
            <ns3:hr>111</ns3:hr>
          </ns3:TrackPointExtension>
        </extensions>
      </trkpt>
      <trkpt lat="59.94586181826889514923095703125" lon="30.292364694178104400634765625">
        <ele>-18.6000003814697265625</ele>
        <time>2025-09-18T07:53:15.000Z</time>
        <extensions>
          <ns3:TrackPointExtension>
            <ns3:atemp>21.0</ns3:atemp>
            <ns3:hr>107</ns3:hr>
          </ns3:TrackPointExtension>
        </extensions>
      </trkpt>
      <trkpt lat="59.945849664509296417236328125" lon="30.2923531271517276763916015625">
        <ele>-18.6000003814697265625</ele>
        <time>2025-09-18T07:53:20.000Z</time>
        <extensions>
          <ns3:TrackPointExtension>
            <ns3:atemp>21.0</ns3:atemp>
            <ns3:hr>106</ns3:hr>
          </ns3:TrackPointExtension>
        </extensions>
      </trkpt>
      <trkpt lat="59.94584220461547374725341796875" lon="30.29236502945423126220703125">
        <ele>-18.6000003814697265625</ele>
        <time>2025-09-18T07:53:22.000Z</time>
        <extensions>
          <ns3:TrackPointExtension>
            <ns3:atemp>21.0</ns3:atemp>
            <ns3:hr>109</ns3:hr>
          </ns3:TrackPointExtension>
        </extensions>
      </trkpt>
      <trkpt lat="59.94583952240645885467529296875" lon="30.292375087738037109375">
        <ele>-18.6000003814697265625</ele>
        <time>2025-09-18T07:53:24.000Z</time>
        <extensions>
          <ns3:TrackPointExtension>
            <ns3:atemp>21.0</ns3:atemp>
            <ns3:hr>112</ns3:hr>
          </ns3:TrackPointExtension>
        </extensions>
      </trkpt>
      <trkpt lat="59.94583315216004848480224609375" lon="30.2923843078315258026123046875">
        <ele>-18.6000003814697265625</ele>
        <time>2025-09-18T07:53:28.000Z</time>
        <extensions>
          <ns3:TrackPointExtension>
            <ns3:atemp>21.0</ns3:atemp>
            <ns3:hr>113</ns3:hr>
          </ns3:TrackPointExtension>
        </extensions>
      </trkpt>
      <trkpt lat="59.9458307214081287384033203125" lon="30.29238841496407985687255859375">
        <ele>-16.200000762939453125</ele>
        <time>2025-09-18T07:53:29.000Z</time>
        <extensions>
          <ns3:TrackPointExtension>
            <ns3:atemp>21.0</ns3:atemp>
            <ns3:hr>113</ns3:hr>
          </ns3:TrackPointExtension>
        </extensions>
      </trkpt>
      <trkpt lat="59.9458246864378452301025390625" lon="30.2924112975597381591796875">
        <ele>-17.3999996185302734375</ele>
        <time>2025-09-18T07:53:33.000Z</time>
        <extensions>
          <ns3:TrackPointExtension>
            <ns3:atemp>21.0</ns3:atemp>
            <ns3:hr>112</ns3:hr>
          </ns3:TrackPointExtension>
        </extensions>
      </trkpt>
      <trkpt lat="59.94583130814135074615478515625" lon="30.292408280074596405029296875">
        <ele>-18.3999996185302734375</ele>
        <time>2025-09-18T07:53:36.000Z</time>
        <extensions>
          <ns3:TrackPointExtension>
            <ns3:atemp>21.0</ns3:atemp>
            <ns3:hr>114</ns3:hr>
          </ns3:TrackPointExtension>
        </extensions>
      </trkpt>
      <trkpt lat="59.94583331979811191558837890625" lon="30.29242076911032199859619140625">
        <ele>-18.6000003814697265625</ele>
        <time>2025-09-18T07:53:42.000Z</time>
        <extensions>
          <ns3:TrackPointExtension>
            <ns3:atemp>21.0</ns3:atemp>
            <ns3:hr>111</ns3:hr>
          </ns3:TrackPointExtension>
        </extensions>
      </trkpt>
      <trkpt lat="59.94586835615336894989013671875" lon="30.29238774441182613372802734375">
        <ele>-18.6000003814697265625</ele>
        <time>2025-09-18T07:53:43.000Z</time>
        <extensions>
          <ns3:TrackPointExtension>
            <ns3:atemp>21.0</ns3:atemp>
            <ns3:hr>108</ns3:hr>
          </ns3:TrackPointExtension>
        </extensions>
      </trkpt>
      <trkpt lat="59.94587807916104793548583984375" lon="30.29237575829029083251953125">
        <ele>-18.6000003814697265625</ele>
        <time>2025-09-18T07:53:44.000Z</time>
        <extensions>
          <ns3:TrackPointExtension>
            <ns3:atemp>21.0</ns3:atemp>
            <ns3:hr>109</ns3:hr>
          </ns3:TrackPointExtension>
        </extensions>
      </trkpt>
      <trkpt lat="59.94588218629360198974609375" lon="30.2923651970922946929931640625">
        <ele>-18.6000003814697265625</ele>
        <time>2025-09-18T07:53:46.000Z</time>
        <extensions>
          <ns3:TrackPointExtension>
            <ns3:atemp>21.0</ns3:atemp>
            <ns3:hr>106</ns3:hr>
          </ns3:TrackPointExtension>
        </extensions>
      </trkpt>
      <trkpt lat="59.9458739720284938812255859375" lon="30.29236310161650180816650390625">
        <ele>-18.6000003814697265625</ele>
        <time>2025-09-18T07:53:47.000Z</time>
        <extensions>
          <ns3:TrackPointExtension>
            <ns3:atemp>21.0</ns3:atemp>
            <ns3:hr>106</ns3:hr>
          </ns3:TrackPointExtension>
        </extensions>
      </trkpt>
      <trkpt lat="59.94586341083049774169921875" lon="30.29235622845590114593505859375">
        <ele>-18.3999996185302734375</ele>
        <time>2025-09-18T07:53:48.000Z</time>
        <extensions>
          <ns3:TrackPointExtension>
            <ns3:atemp>21.0</ns3:atemp>
            <ns3:hr>109</ns3:hr>
          </ns3:TrackPointExtension>
        </extensions>
      </trkpt>
      <trkpt lat="59.9458196572959423065185546875" lon="30.2923366986215114593505859375">
        <ele>-18.3999996185302734375</ele>
        <time>2025-09-18T07:53:50.000Z</time>
        <extensions>
          <ns3:TrackPointExtension>
            <ns3:atemp>21.0</ns3:atemp>
            <ns3:hr>107</ns3:hr>
          </ns3:TrackPointExtension>
        </extensions>
      </trkpt>
      <trkpt lat="59.94569619186222553253173828125" lon="30.29225371778011322021484375">
        <ele>-18</ele>
        <time>2025-09-18T07:53:57.000Z</time>
        <extensions>
          <ns3:TrackPointExtension>
            <ns3:atemp>21.0</ns3:atemp>
            <ns3:hr>106</ns3:hr>
          </ns3:TrackPointExtension>
        </extensions>
      </trkpt>
      <trkpt lat="59.9456788413226604461669921875" lon="30.2922448329627513885498046875">
        <ele>-18</ele>
        <time>2025-09-18T07:53:58.000Z</time>
        <extensions>
          <ns3:TrackPointExtension>
            <ns3:atemp>21.0</ns3:atemp>
            <ns3:hr>109</ns3:hr>
          </ns3:TrackPointExtension>
        </extensions>
      </trkpt>
      <trkpt lat="59.945608936250209808349609375" lon="30.2922431565821170806884765625">
        <ele>-17.799999237060546875</ele>
        <time>2025-09-18T07:54:02.000Z</time>
        <extensions>
          <ns3:TrackPointExtension>
            <ns3:atemp>21.0</ns3:atemp>
            <ns3:hr>112</ns3:hr>
          </ns3:TrackPointExtension>
        </extensions>
      </trkpt>
      <trkpt lat="59.945553280413150787353515625" lon="30.29222496785223484039306640625">
        <ele>-17.799999237060546875</ele>
        <time>2025-09-18T07:54:05.000Z</time>
        <extensions>
          <ns3:TrackPointExtension>
            <ns3:atemp>21.0</ns3:atemp>
            <ns3:hr>112</ns3:hr>
          </ns3:TrackPointExtension>
        </extensions>
      </trkpt>
      <trkpt lat="59.94546568952500820159912109375" lon="30.2920572459697723388671875">
        <ele>-17.6000003814697265625</ele>
        <time>2025-09-18T07:54:10.000Z</time>
        <extensions>
          <ns3:TrackPointExtension>
            <ns3:atemp>21.0</ns3:atemp>
            <ns3:hr>111</ns3:hr>
          </ns3:TrackPointExtension>
        </extensions>
      </trkpt>
      <trkpt lat="59.94544305838644504547119140625" lon="30.2920168451964855194091796875">
        <ele>-17.3999996185302734375</ele>
        <time>2025-09-18T07:54:12.000Z</time>
        <extensions>
          <ns3:TrackPointExtension>
            <ns3:atemp>21.0</ns3:atemp>
            <ns3:hr>111</ns3:hr>
          </ns3:TrackPointExtension>
        </extensions>
      </trkpt>
      <trkpt lat="59.9454216845333576202392578125" lon="30.29197342693805694580078125">
        <ele>-17.200000762939453125</ele>
        <time>2025-09-18T07:54:15.000Z</time>
        <extensions>
          <ns3:TrackPointExtension>
            <ns3:atemp>21.0</ns3:atemp>
            <ns3:hr>114</ns3:hr>
          </ns3:TrackPointExtension>
        </extensions>
      </trkpt>
      <trkpt lat="59.94541489519178867340087890625" lon="30.2919678948819637298583984375">
        <ele>-17.200000762939453125</ele>
        <time>2025-09-18T07:54:16.000Z</time>
        <extensions>
          <ns3:TrackPointExtension>
            <ns3:atemp>21.0</ns3:atemp>
            <ns3:hr>114</ns3:hr>
          </ns3:TrackPointExtension>
        </extensions>
      </trkpt>
      <trkpt lat="59.94538606144487857818603515625" lon="30.292160175740718841552734375">
        <ele>-16.799999237060546875</ele>
        <time>2025-09-18T07:54:20.000Z</time>
        <extensions>
          <ns3:TrackPointExtension>
            <ns3:atemp>21.0</ns3:atemp>
            <ns3:hr>116</ns3:hr>
          </ns3:TrackPointExtension>
        </extensions>
      </trkpt>
      <trkpt lat="59.9453780986368656158447265625" lon="30.29221423901617527008056640625">
        <ele>-16.799999237060546875</ele>
        <time>2025-09-18T07:54:21.000Z</time>
        <extensions>
          <ns3:TrackPointExtension>
            <ns3:atemp>21.0</ns3:atemp>
            <ns3:hr>116</ns3:hr>
          </ns3:TrackPointExtension>
        </extensions>
      </trkpt>
      <trkpt lat="59.9453780986368656158447265625" lon="30.29244323261082172393798828125">
        <ele>-17</ele>
        <time>2025-09-18T07:54:26.000Z</time>
        <extensions>
          <ns3:TrackPointExtension>
            <ns3:atemp>21.0</ns3:atemp>
            <ns3:hr>113</ns3:hr>
          </ns3:TrackPointExtension>
        </extensions>
      </trkpt>
      <trkpt lat="59.94538254104554653167724609375" lon="30.29247122816741466522216796875">
        <ele>-17</ele>
        <time>2025-09-18T07:54:27.000Z</time>
        <extensions>
          <ns3:TrackPointExtension>
            <ns3:atemp>21.0</ns3:atemp>
            <ns3:hr>114</ns3:hr>
          </ns3:TrackPointExtension>
        </extensions>
      </trkpt>
      <trkpt lat="59.9453799426555633544921875" lon="30.292608104646205902099609375">
        <ele>-16.799999237060546875</ele>
        <time>2025-09-18T07:54:30.000Z</time>
        <extensions>
          <ns3:TrackPointExtension>
            <ns3:atemp>21.0</ns3:atemp>
            <ns3:hr>111</ns3:hr>
          </ns3:TrackPointExtension>
        </extensions>
      </trkpt>
      <trkpt lat="59.9453834630548954010009765625" lon="30.29276526533067226409912109375">
        <ele>-16.6000003814697265625</ele>
        <time>2025-09-18T07:54:34.000Z</time>
        <extensions>
          <ns3:TrackPointExtension>
            <ns3:atemp>21.0</ns3:atemp>
            <ns3:hr>111</ns3:hr>
          </ns3:TrackPointExtension>
        </extensions>
      </trkpt>
      <trkpt lat="59.9453894980251789093017578125" lon="30.2928654290735721588134765625">
        <ele>-16.3999996185302734375</ele>
        <time>2025-09-18T07:54:36.000Z</time>
        <extensions>
          <ns3:TrackPointExtension>
            <ns3:atemp>21.0</ns3:atemp>
            <ns3:hr>108</ns3:hr>
          </ns3:TrackPointExtension>
        </extensions>
      </trkpt>
      <trkpt lat="59.94539176113903522491455078125" lon="30.29315887950360774993896484375">
        <ele>-16.3999996185302734375</ele>
        <time>2025-09-18T07:54:41.000Z</time>
        <extensions>
          <ns3:TrackPointExtension>
            <ns3:atemp>21.0</ns3:atemp>
            <ns3:hr>106</ns3:hr>
          </ns3:TrackPointExtension>
        </extensions>
      </trkpt>
      <trkpt lat="59.94536644779145717620849609375" lon="30.2935416810214519500732421875">
        <ele>-16</ele>
        <time>2025-09-18T07:54:47.000Z</time>
        <extensions>
          <ns3:TrackPointExtension>
            <ns3:atemp>21.0</ns3:atemp>
            <ns3:hr>106</ns3:hr>
          </ns3:TrackPointExtension>
        </extensions>
      </trkpt>
      <trkpt lat="59.945354796946048736572265625" lon="30.29365961439907550811767578125">
        <ele>-16</ele>
        <time>2025-09-18T07:54:49.000Z</time>
        <extensions>
          <ns3:TrackPointExtension>
            <ns3:atemp>21.0</ns3:atemp>
            <ns3:hr>103</ns3:hr>
          </ns3:TrackPointExtension>
        </extensions>
      </trkpt>
      <trkpt lat="59.9452929385006427764892578125" lon="30.2941481955349445343017578125">
        <ele>-16.3999996185302734375</ele>
        <time>2025-09-18T07:54:55.000Z</time>
        <extensions>
          <ns3:TrackPointExtension>
            <ns3:atemp>21.0</ns3:atemp>
            <ns3:hr>101</ns3:hr>
          </ns3:TrackPointExtension>
        </extensions>
      </trkpt>
      <trkpt lat="59.9451970495283603668212890625" lon="30.2945260517299175262451171875">
        <ele>-16.6000003814697265625</ele>
        <time>2025-09-18T07:55:01.000Z</time>
        <extensions>
          <ns3:TrackPointExtension>
            <ns3:atemp>21.0</ns3:atemp>
            <ns3:hr>104</ns3:hr>
          </ns3:TrackPointExtension>
        </extensions>
      </trkpt>
      <trkpt lat="59.94515572674572467803955078125" lon="30.29464130289852619171142578125">
        <ele>-16.6000003814697265625</ele>
        <time>2025-09-18T07:55:03.000Z</time>
        <extensions>
          <ns3:TrackPointExtension>
            <ns3:atemp>21.0</ns3:atemp>
            <ns3:hr>107</ns3:hr>
          </ns3:TrackPointExtension>
        </extensions>
      </trkpt>
    </trkseg>
  </trk>
</gpx>
