<?xml version="1.0" encoding="UTF-8"?>
<gpx creator="Garmin Connect" version="1.1"
  xsi:schemaLocation="http://www.topografix.com/GPX/1/1 http://www.topografix.com/GPX/11.xsd"
  xmlns:ns3="http://www.garmin.com/xmlschemas/TrackPointExtension/v1"
  xmlns="http://www.topografix.com/GPX/1/1"
  xmlns:xsi="http://www.w3.org/2001/XMLSchema-instance" xmlns:ns2="http://www.garmin.com/xmlschemas/GpxExtensions/v3">
  <metadata>
    <link href="connect.garmin.com">
      <text>Garmin Connect</text>
    </link>
    <time>2026-06-30T07:01:16.000Z</time>
  </metadata>
  <trk>
    <name>Петербург Велосипед</name>
    <type>cycling</type>
    <trkseg>
      <trkpt lat="60.0017393566668033599853515625" lon="30.386136732995510101318359375">
        <ele>34</ele>
        <time>2026-06-30T07:01:54.000Z</time>
        <extensions>
          <ns3:TrackPointExtension>
            <ns3:atemp>26.0</ns3:atemp>
            <ns3:hr>148</ns3:hr>
          </ns3:TrackPointExtension>
        </extensions>
      </trkpt>
      <trkpt lat="60.00161320902407169342041015625" lon="30.3861881978809833526611328125">
        <ele>33.799999237060546875</ele>
        <time>2026-06-30T07:02:02.000Z</time>
        <extensions>
          <ns3:TrackPointExtension>
            <ns3:atemp>26.0</ns3:atemp>
            <ns3:hr>149</ns3:hr>
          </ns3:TrackPointExtension>
        </extensions>
      </trkpt>
      <trkpt lat="60.001597367227077484130859375" lon="30.3861721046268939971923828125">
        <ele>34</ele>
        <time>2026-06-30T07:02:15.000Z</time>
        <extensions>
          <ns3:TrackPointExtension>
            <ns3:atemp>26.0</ns3:atemp>
            <ns3:hr>148</ns3:hr>
          </ns3:TrackPointExtension>
        </extensions>
      </trkpt>
      <trkpt lat="60.0015909969806671142578125" lon="30.38616766221821308135986328125">
        <ele>33.799999237060546875</ele>
        <time>2026-06-30T07:02:21.000Z</time>
        <extensions>
          <ns3:TrackPointExtension>
            <ns3:atemp>26.0</ns3:atemp>
            <ns3:hr>145</ns3:hr>
          </ns3:TrackPointExtension>
        </extensions>
      </trkpt>
      <trkpt lat="60.0015995465219020843505859375" lon="30.38617872633039951324462890625">
        <ele>33.799999237060546875</ele>
        <time>2026-06-30T07:02:26.000Z</time>
        <extensions>
          <ns3:TrackPointExtension>
            <ns3:atemp>26.0</ns3:atemp>
            <ns3:hr>142</ns3:hr>
          </ns3:TrackPointExtension>
        </extensions>
      </trkpt>
      <trkpt lat="60.00160750932991504669189453125" lon="30.38617067970335483551025390625">
        <ele>33.799999237060546875</ele>
        <time>2026-06-30T07:02:31.000Z</time>
        <extensions>
          <ns3:TrackPointExtension>
            <ns3:atemp>26.0</ns3:atemp>
            <ns3:hr>139</ns3:hr>
          </ns3:TrackPointExtension>
        </extensions>
      </trkpt>
      <trkpt lat="60.00164640136063098907470703125" lon="30.38612642325460910797119140625">
        <ele>33.799999237060546875</ele>
        <time>2026-06-30T07:02:36.000Z</time>
        <extensions>
          <ns3:TrackPointExtension>
            <ns3:atemp>26.0</ns3:atemp>
            <ns3:hr>136</ns3:hr>
          </ns3:TrackPointExtension>
        </extensions>
      </trkpt>
      <trkpt lat="60.00161421485245227813720703125" lon="30.38604863919317722320556640625">
        <ele>33.40000152587890625</ele>
        <time>2026-06-30T07:02:41.000Z</time>
        <extensions>
          <ns3:TrackPointExtension>
            <ns3:atemp>26.0</ns3:atemp>
            <ns3:hr>134</ns3:hr>
          </ns3:TrackPointExtension>
        </extensions>
      </trkpt>
      <trkpt lat="60.00160650350153446197509765625" lon="30.3860239125788211822509765625">
        <ele>33.200000762939453125</ele>
        <time>2026-06-30T07:02:42.000Z</time>
        <extensions>
          <ns3:TrackPointExtension>
            <ns3:atemp>26.0</ns3:atemp>
            <ns3:hr>133</ns3:hr>
          </ns3:TrackPointExtension>
        </extensions>
      </trkpt>
      <trkpt lat="60.001490078866481781005859375" lon="30.38582299835979938507080078125">
        <ele>33.200000762939453125</ele>
        <time>2026-06-30T07:02:48.000Z</time>
        <extensions>
          <ns3:TrackPointExtension>
            <ns3:atemp>26.0</ns3:atemp>
            <ns3:hr>133</ns3:hr>
          </ns3:TrackPointExtension>
        </extensions>
      </trkpt>
      <trkpt lat="60.0014262087643146514892578125" lon="30.38576348684728145599365234375">
        <ele>33.59999847412109375</ele>
        <time>2026-06-30T07:02:50.000Z</time>
        <extensions>
          <ns3:TrackPointExtension>
            <ns3:atemp>26.0</ns3:atemp>
            <ns3:hr>130</ns3:hr>
          </ns3:TrackPointExtension>
        </extensions>
      </trkpt>
      <trkpt lat="60.00127139501273632049560546875" lon="30.385624431073665618896484375">
        <ele>33.40000152587890625</ele>
        <time>2026-06-30T07:02:54.000Z</time>
        <extensions>
          <ns3:TrackPointExtension>
            <ns3:atemp>26.0</ns3:atemp>
            <ns3:hr>133</ns3:hr>
          </ns3:TrackPointExtension>
        </extensions>
      </trkpt>
      <trkpt lat="60.00123116187751293182373046875" lon="30.38559316657483577728271484375">
        <ele>33.59999847412109375</ele>
        <time>2026-06-30T07:02:55.000Z</time>
        <extensions>
          <ns3:TrackPointExtension>
            <ns3:atemp>26.0</ns3:atemp>
            <ns3:hr>134</ns3:hr>
          </ns3:TrackPointExtension>
        </extensions>
      </trkpt>
      <trkpt lat="60.0010721571743488311767578125" lon="30.3854220919311046600341796875">
        <ele>33</ele>
        <time>2026-06-30T07:02:59.000Z</time>
        <extensions>
          <ns3:TrackPointExtension>
            <ns3:atemp>26.0</ns3:atemp>
            <ns3:hr>137</ns3:hr>
          </ns3:TrackPointExtension>
        </extensions>
      </trkpt>
      <trkpt lat="60.0008951313793659210205078125" lon="30.3852195851504802703857421875">
        <ele>33.200000762939453125</ele>
        <time>2026-06-30T07:03:03.000Z</time>
        <extensions>
          <ns3:TrackPointExtension>
            <ns3:atemp>26.0</ns3:atemp>
            <ns3:hr>137</ns3:hr>
          </ns3:TrackPointExtension>
        </extensions>
      </trkpt>
      <trkpt lat="60.0005628727376461029052734375" lon="30.38484491407871246337890625">
        <ele>33.200000762939453125</ele>
        <time>2026-06-30T07:03:09.000Z</time>
        <extensions>
          <ns3:TrackPointExtension>
            <ns3:atemp>26.0</ns3:atemp>
            <ns3:hr>141</ns3:hr>
          </ns3:TrackPointExtension>
        </extensions>
      </trkpt>
      <trkpt lat="60.00050160102546215057373046875" lon="30.38476176559925079345703125">
        <ele>33.200000762939453125</ele>
        <time>2026-06-30T07:03:10.000Z</time>
        <extensions>
          <ns3:TrackPointExtension>
            <ns3:atemp>26.0</ns3:atemp>
            <ns3:hr>141</ns3:hr>
          </ns3:TrackPointExtension>
        </extensions>
      </trkpt>
      <trkpt lat="60.000186525285243988037109375" lon="30.384504608809947967529296875">
        <ele>33.40000152587890625</ele>
        <time>2026-06-30T07:03:16.000Z</time>
        <extensions>
          <ns3:TrackPointExtension>
            <ns3:atemp>26.0</ns3:atemp>
            <ns3:hr>144</ns3:hr>
          </ns3:TrackPointExtension>
        </extensions>
      </trkpt>
      <trkpt lat="60.0001360662281513214111328125" lon="30.384454987943172454833984375">
        <ele>33.40000152587890625</ele>
        <time>2026-06-30T07:03:17.000Z</time>
        <extensions>
          <ns3:TrackPointExtension>
            <ns3:atemp>26.0</ns3:atemp>
            <ns3:hr>143</ns3:hr>
          </ns3:TrackPointExtension>
        </extensions>
      </trkpt>
      <trkpt lat="59.99983750283718109130859375" lon="30.38419783115386962890625">
        <ele>33.40000152587890625</ele>
        <time>2026-06-30T07:03:23.000Z</time>
        <extensions>
          <ns3:TrackPointExtension>
            <ns3:atemp>26.0</ns3:atemp>
            <ns3:hr>143</ns3:hr>
          </ns3:TrackPointExtension>
        </extensions>
      </trkpt>
      <trkpt lat="59.99966676346957683563232421875" lon="30.3840826638042926788330078125">
        <ele>34.200000762939453125</ele>
        <time>2026-06-30T07:03:28.000Z</time>
        <extensions>
          <ns3:TrackPointExtension>
            <ns3:atemp>26.0</ns3:atemp>
            <ns3:hr>146</ns3:hr>
          </ns3:TrackPointExtension>
        </extensions>
      </trkpt>
      <trkpt lat="59.99948588199913501739501953125" lon="30.3838878683745861053466796875">
        <ele>34.200000762939453125</ele>
        <time>2026-06-30T07:03:33.000Z</time>
        <extensions>
          <ns3:TrackPointExtension>
            <ns3:atemp>26.0</ns3:atemp>
            <ns3:hr>146</ns3:hr>
          </ns3:TrackPointExtension>
        </extensions>
      </trkpt>
      <trkpt lat="59.999446235597133636474609375" lon="30.38386322557926177978515625">
        <ele>34</ele>
        <time>2026-06-30T07:03:34.000Z</time>
        <extensions>
          <ns3:TrackPointExtension>
            <ns3:atemp>26.0</ns3:atemp>
            <ns3:hr>146</ns3:hr>
          </ns3:TrackPointExtension>
        </extensions>
      </trkpt>
      <trkpt lat="59.9992440640926361083984375" lon="30.38371746428310871124267578125">
        <ele>32.799999237060546875</ele>
        <time>2026-06-30T07:03:39.000Z</time>
        <extensions>
          <ns3:TrackPointExtension>
            <ns3:atemp>26.0</ns3:atemp>
            <ns3:hr>146</ns3:hr>
          </ns3:TrackPointExtension>
        </extensions>
      </trkpt>
      <trkpt lat="59.998988918960094451904296875" lon="30.38340381346642971038818359375">
        <ele>32</ele>
        <time>2026-06-30T07:03:44.000Z</time>
        <extensions>
          <ns3:TrackPointExtension>
            <ns3:atemp>26.0</ns3:atemp>
            <ns3:hr>148</ns3:hr>
          </ns3:TrackPointExtension>
        </extensions>
      </trkpt>
      <trkpt lat="59.9989436566829681396484375" lon="30.383321084082126617431640625">
        <ele>32.200000762939453125</ele>
        <time>2026-06-30T07:03:45.000Z</time>
        <extensions>
          <ns3:TrackPointExtension>
            <ns3:atemp>26.0</ns3:atemp>
            <ns3:hr>149</ns3:hr>
          </ns3:TrackPointExtension>
        </extensions>
      </trkpt>
      <trkpt lat="59.998847432434558868408203125" lon="30.38313458673655986785888671875">
        <ele>32.59999847412109375</ele>
        <time>2026-06-30T07:03:47.000Z</time>
        <extensions>
          <ns3:TrackPointExtension>
            <ns3:atemp>26.0</ns3:atemp>
            <ns3:hr>149</ns3:hr>
          </ns3:TrackPointExtension>
        </extensions>
      </trkpt>
      <trkpt lat="59.99863729812204837799072265625" lon="30.38295655511319637298583984375">
        <ele>32.40000152587890625</ele>
        <time>2026-06-30T07:03:50.000Z</time>
        <extensions>
          <ns3:TrackPointExtension>
            <ns3:atemp>26.0</ns3:atemp>
            <ns3:hr>148</ns3:hr>
          </ns3:TrackPointExtension>
        </extensions>
      </trkpt>
      <trkpt lat="59.99840578995645046234130859375" lon="30.3826622664928436279296875">
        <ele>32.40000152587890625</ele>
        <time>2026-06-30T07:03:54.000Z</time>
        <extensions>
          <ns3:TrackPointExtension>
            <ns3:atemp>26.0</ns3:atemp>
            <ns3:hr>149</ns3:hr>
          </ns3:TrackPointExtension>
        </extensions>
      </trkpt>
      <trkpt lat="59.99822943471372127532958984375" lon="30.38251667283475399017333984375">
        <ele>32</ele>
        <time>2026-06-30T07:03:57.000Z</time>
        <extensions>
          <ns3:TrackPointExtension>
            <ns3:atemp>26.0</ns3:atemp>
            <ns3:hr>150</ns3:hr>
          </ns3:TrackPointExtension>
        </extensions>
      </trkpt>
      <trkpt lat="59.998135976493358612060546875" lon="30.38237904198467731475830078125">
        <ele>31.799999237060546875</ele>
        <time>2026-06-30T07:03:59.000Z</time>
        <extensions>
          <ns3:TrackPointExtension>
            <ns3:atemp>26.0</ns3:atemp>
            <ns3:hr>151</ns3:hr>
          </ns3:TrackPointExtension>
        </extensions>
      </trkpt>
      <trkpt lat="59.99800966121256351470947265625" lon="30.382204949855804443359375">
        <ele>32</ele>
        <time>2026-06-30T07:04:02.000Z</time>
        <extensions>
          <ns3:TrackPointExtension>
            <ns3:atemp>26.0</ns3:atemp>
            <ns3:hr>154</ns3:hr>
          </ns3:TrackPointExtension>
        </extensions>
      </trkpt>
      <trkpt lat="59.99794545583426952362060546875" lon="30.38210378028452396392822265625">
        <ele>32.40000152587890625</ele>
        <time>2026-06-30T07:04:04.000Z</time>
        <extensions>
          <ns3:TrackPointExtension>
            <ns3:atemp>26.0</ns3:atemp>
            <ns3:hr>155</ns3:hr>
          </ns3:TrackPointExtension>
        </extensions>
      </trkpt>
      <trkpt lat="59.99783615581691265106201171875" lon="30.38167211227118968963623046875">
        <ele>32.799999237060546875</ele>
        <time>2026-06-30T07:04:08.000Z</time>
        <extensions>
          <ns3:TrackPointExtension>
            <ns3:atemp>26.0</ns3:atemp>
            <ns3:hr>156</ns3:hr>
          </ns3:TrackPointExtension>
        </extensions>
      </trkpt>
      <trkpt lat="59.99769232235848903656005859375" lon="30.38146155886352062225341796875">
        <ele>33</ele>
        <time>2026-06-30T07:04:12.000Z</time>
        <extensions>
          <ns3:TrackPointExtension>
            <ns3:atemp>26.0</ns3:atemp>
            <ns3:hr>157</ns3:hr>
          </ns3:TrackPointExtension>
        </extensions>
      </trkpt>
      <trkpt lat="59.9975715391337871551513671875" lon="30.381184704601764678955078125">
        <ele>32.59999847412109375</ele>
        <time>2026-06-30T07:04:19.000Z</time>
        <extensions>
          <ns3:TrackPointExtension>
            <ns3:atemp>26.0</ns3:atemp>
            <ns3:hr>156</ns3:hr>
          </ns3:TrackPointExtension>
        </extensions>
      </trkpt>
      <trkpt lat="59.9931901507079601287841796875" lon="30.3754003532230854034423828125">
        <ele>33.40000152587890625</ele>
        <time>2026-06-30T07:05:13.000Z</time>
        <extensions>
          <ns3:TrackPointExtension>
            <ns3:atemp>26.0</ns3:atemp>
            <ns3:hr>139</ns3:hr>
          </ns3:TrackPointExtension>
        </extensions>
      </trkpt>
      <trkpt lat="59.99531018547713756561279296875" lon="30.378671474754810333251953125">
        <ele>33.40000152587890625</ele>
        <time>2026-06-30T07:05:14.000Z</time>
        <extensions>
          <ns3:TrackPointExtension>
            <ns3:atemp>26.0</ns3:atemp>
            <ns3:hr>139</ns3:hr>
          </ns3:TrackPointExtension>
        </extensions>
      </trkpt>
      <trkpt lat="59.99586070887744426727294921875" lon="30.3793579526245594024658203125">
        <ele>33.40000152587890625</ele>
        <time>2026-06-30T07:05:15.000Z</time>
        <extensions>
          <ns3:TrackPointExtension>
            <ns3:atemp>26.0</ns3:atemp>
            <ns3:hr>139</ns3:hr>
          </ns3:TrackPointExtension>
        </extensions>
      </trkpt>
      <trkpt lat="59.99609925784170627593994140625" lon="30.37985139526426792144775390625">
        <ele>33.40000152587890625</ele>
        <time>2026-06-30T07:05:19.000Z</time>
        <extensions>
          <ns3:TrackPointExtension>
            <ns3:atemp>26.0</ns3:atemp>
            <ns3:hr>140</ns3:hr>
          </ns3:TrackPointExtension>
        </extensions>
      </trkpt>
      <trkpt lat="59.99622783623635768890380859375" lon="30.38007519207894802093505859375">
        <ele>33.59999847412109375</ele>
        <time>2026-06-30T07:05:23.000Z</time>
        <extensions>
          <ns3:TrackPointExtension>
            <ns3:atemp>26.0</ns3:atemp>
            <ns3:hr>143</ns3:hr>
          </ns3:TrackPointExtension>
        </extensions>
      </trkpt>
      <trkpt lat="59.99624602496623992919921875" lon="30.38011676631867885589599609375">
        <ele>33.40000152587890625</ele>
        <time>2026-06-30T07:05:26.000Z</time>
        <extensions>
          <ns3:TrackPointExtension>
            <ns3:atemp>26.0</ns3:atemp>
            <ns3:hr>145</ns3:hr>
          </ns3:TrackPointExtension>
        </extensions>
      </trkpt>
      <trkpt lat="59.99628785066306591033935546875" lon="30.38022640161216259002685546875">
        <ele>33.40000152587890625</ele>
        <time>2026-06-30T07:05:27.000Z</time>
        <extensions>
          <ns3:TrackPointExtension>
            <ns3:atemp>26.0</ns3:atemp>
            <ns3:hr>142</ns3:hr>
          </ns3:TrackPointExtension>
        </extensions>
      </trkpt>
      <trkpt lat="59.99627712182700634002685546875" lon="30.38028004579246044158935546875">
        <ele>33.40000152587890625</ele>
        <time>2026-06-30T07:05:29.000Z</time>
        <extensions>
          <ns3:TrackPointExtension>
            <ns3:atemp>26.0</ns3:atemp>
            <ns3:hr>139</ns3:hr>
          </ns3:TrackPointExtension>
        </extensions>
      </trkpt>
      <trkpt lat="59.99627678655087947845458984375" lon="30.38029546849429607391357421875">
        <ele>33.40000152587890625</ele>
        <time>2026-06-30T07:05:30.000Z</time>
        <extensions>
          <ns3:TrackPointExtension>
            <ns3:atemp>26.0</ns3:atemp>
            <ns3:hr>135</ns3:hr>
          </ns3:TrackPointExtension>
        </extensions>
      </trkpt>
      <trkpt lat="59.99627611599862575531005859375" lon="30.38030804134905338287353515625">
        <ele>33.200000762939453125</ele>
        <time>2026-06-30T07:05:31.000Z</time>
        <extensions>
          <ns3:TrackPointExtension>
            <ns3:atemp>26.0</ns3:atemp>
            <ns3:hr>135</ns3:hr>
          </ns3:TrackPointExtension>
        </extensions>
      </trkpt>
      <trkpt lat="59.99624342657625675201416015625" lon="30.380332767963409423828125">
        <ele>33</ele>
        <time>2026-06-30T07:05:36.000Z</time>
        <extensions>
          <ns3:TrackPointExtension>
            <ns3:atemp>26.0</ns3:atemp>
            <ns3:hr>132</ns3:hr>
          </ns3:TrackPointExtension>
        </extensions>
      </trkpt>
      <trkpt lat="59.99623890034854412078857421875" lon="30.3803255595266819000244140625">
        <ele>32.799999237060546875</ele>
        <time>2026-06-30T07:05:37.000Z</time>
        <extensions>
          <ns3:TrackPointExtension>
            <ns3:atemp>26.0</ns3:atemp>
            <ns3:hr>130</ns3:hr>
          </ns3:TrackPointExtension>
        </extensions>
      </trkpt>
      <trkpt lat="59.99624275602400302886962890625" lon="30.38030619733035564422607421875">
        <ele>32.799999237060546875</ele>
        <time>2026-06-30T07:05:39.000Z</time>
        <extensions>
          <ns3:TrackPointExtension>
            <ns3:atemp>27.0</ns3:atemp>
            <ns3:hr>127</ns3:hr>
          </ns3:TrackPointExtension>
        </extensions>
      </trkpt>
      <trkpt lat="59.9962337873876094818115234375" lon="30.3803292475640773773193359375">
        <ele>32.799999237060546875</ele>
        <time>2026-06-30T07:05:42.000Z</time>
        <extensions>
          <ns3:TrackPointExtension>
            <ns3:atemp>27.0</ns3:atemp>
            <ns3:hr>124</ns3:hr>
          </ns3:TrackPointExtension>
        </extensions>
      </trkpt>
      <trkpt lat="59.99622398056089878082275390625" lon="30.38035464473068714141845703125">
        <ele>32.59999847412109375</ele>
        <time>2026-06-30T07:05:49.000Z</time>
        <extensions>
          <ns3:TrackPointExtension>
            <ns3:atemp>27.0</ns3:atemp>
            <ns3:hr>124</ns3:hr>
          </ns3:TrackPointExtension>
        </extensions>
      </trkpt>
      <trkpt lat="59.9962534010410308837890625" lon="30.3802906908094882965087890625">
        <ele>32.200000762939453125</ele>
        <time>2026-06-30T07:05:57.000Z</time>
        <extensions>
          <ns3:TrackPointExtension>
            <ns3:atemp>27.0</ns3:atemp>
            <ns3:hr>123</ns3:hr>
          </ns3:TrackPointExtension>
        </extensions>
      </trkpt>
      <trkpt lat="59.9962542392313480377197265625" lon="30.38027015514671802520751953125">
        <ele>32</ele>
        <time>2026-06-30T07:05:59.000Z</time>
        <extensions>
          <ns3:TrackPointExtension>
            <ns3:atemp>27.0</ns3:atemp>
            <ns3:hr>126</ns3:hr>
          </ns3:TrackPointExtension>
        </extensions>
      </trkpt>
      <trkpt lat="59.996241666376590728759765625" lon="30.3802722506225109100341796875">
        <ele>31.799999237060546875</ele>
        <time>2026-06-30T07:06:02.000Z</time>
        <extensions>
          <ns3:TrackPointExtension>
            <ns3:atemp>27.0</ns3:atemp>
            <ns3:hr>127</ns3:hr>
          </ns3:TrackPointExtension>
        </extensions>
      </trkpt>
      <trkpt lat="59.99624376185238361358642578125" lon="30.38027199916541576385498046875">
        <ele>31.6000003814697265625</ele>
        <time>2026-06-30T07:06:03.000Z</time>
        <extensions>
          <ns3:TrackPointExtension>
            <ns3:atemp>27.0</ns3:atemp>
            <ns3:hr>127</ns3:hr>
          </ns3:TrackPointExtension>
        </extensions>
      </trkpt>
      <trkpt lat="59.9962426722049713134765625" lon="30.3802611865103244781494140625">
        <ele>31.6000003814697265625</ele>
        <time>2026-06-30T07:06:07.000Z</time>
        <extensions>
          <ns3:TrackPointExtension>
            <ns3:atemp>27.0</ns3:atemp>
            <ns3:hr>128</ns3:hr>
          </ns3:TrackPointExtension>
        </extensions>
      </trkpt>
      <trkpt lat="59.99624594114720821380615234375" lon="30.3802534751594066619873046875">
        <ele>31.6000003814697265625</ele>
        <time>2026-06-30T07:06:08.000Z</time>
        <extensions>
          <ns3:TrackPointExtension>
            <ns3:atemp>27.0</ns3:atemp>
            <ns3:hr>128</ns3:hr>
          </ns3:TrackPointExtension>
        </extensions>
      </trkpt>
      <trkpt lat="59.9962475337088108062744140625" lon="30.380242578685283660888671875">
        <ele>31.3999996185302734375</ele>
        <time>2026-06-30T07:06:11.000Z</time>
        <extensions>
          <ns3:TrackPointExtension>
            <ns3:atemp>27.0</ns3:atemp>
            <ns3:hr>125</ns3:hr>
          </ns3:TrackPointExtension>
        </extensions>
      </trkpt>
      <trkpt lat="59.99624409712851047515869140625" lon="30.3802534751594066619873046875">
        <ele>31.3999996185302734375</ele>
        <time>2026-06-30T07:06:12.000Z</time>
        <extensions>
          <ns3:TrackPointExtension>
            <ns3:atemp>27.0</ns3:atemp>
            <ns3:hr>120</ns3:hr>
          </ns3:TrackPointExtension>
        </extensions>
      </trkpt>
      <trkpt lat="59.99625834636390209197998046875" lon="30.3802330233156681060791015625">
        <ele>31.3999996185302734375</ele>
        <time>2026-06-30T07:06:13.000Z</time>
        <extensions>
          <ns3:TrackPointExtension>
            <ns3:atemp>27.0</ns3:atemp>
            <ns3:hr>120</ns3:hr>
          </ns3:TrackPointExtension>
        </extensions>
      </trkpt>
      <trkpt lat="59.9962716735899448394775390625" lon="30.380211733281612396240234375">
        <ele>31.3999996185302734375</ele>
        <time>2026-06-30T07:06:14.000Z</time>
        <extensions>
          <ns3:TrackPointExtension>
            <ns3:atemp>27.0</ns3:atemp>
            <ns3:hr>118</ns3:hr>
          </ns3:TrackPointExtension>
        </extensions>
      </trkpt>
      <trkpt lat="59.99627888202667236328125" lon="30.38019371218979358673095703125">
        <ele>31.200000762939453125</ele>
        <time>2026-06-30T07:06:18.000Z</time>
        <extensions>
          <ns3:TrackPointExtension>
            <ns3:atemp>27.0</ns3:atemp>
            <ns3:hr>115</ns3:hr>
          </ns3:TrackPointExtension>
        </extensions>
      </trkpt>
      <trkpt lat="59.99630779959261417388916015625" lon="30.3802715800702571868896484375">
        <ele>31.200000762939453125</ele>
        <time>2026-06-30T07:06:21.000Z</time>
        <extensions>
          <ns3:TrackPointExtension>
            <ns3:atemp>27.0</ns3:atemp>
            <ns3:hr>115</ns3:hr>
          </ns3:TrackPointExtension>
        </extensions>
      </trkpt>
      <trkpt lat="59.9963088892400264739990234375" lon="30.38027585484087467193603515625">
        <ele>31.200000762939453125</ele>
        <time>2026-06-30T07:06:28.000Z</time>
        <extensions>
          <ns3:TrackPointExtension>
            <ns3:atemp>27.0</ns3:atemp>
            <ns3:hr>116</ns3:hr>
          </ns3:TrackPointExtension>
        </extensions>
      </trkpt>
      <trkpt lat="59.996300004422664642333984375" lon="30.380264706909656524658203125">
        <ele>31.200000762939453125</ele>
        <time>2026-06-30T07:06:31.000Z</time>
        <extensions>
          <ns3:TrackPointExtension>
            <ns3:atemp>27.0</ns3:atemp>
            <ns3:hr>113</ns3:hr>
          </ns3:TrackPointExtension>
        </extensions>
      </trkpt>
      <trkpt lat="59.99627075158059597015380859375" lon="30.380208380520343780517578125">
        <ele>31.3999996185302734375</ele>
        <time>2026-06-30T07:06:35.000Z</time>
        <extensions>
          <ns3:TrackPointExtension>
            <ns3:atemp>27.0</ns3:atemp>
            <ns3:hr>115</ns3:hr>
          </ns3:TrackPointExtension>
        </extensions>
      </trkpt>
      <trkpt lat="59.99613094143569469451904296875" lon="30.3800841607153415679931640625">
        <ele>32.40000152587890625</ele>
        <time>2026-06-30T07:06:40.000Z</time>
        <extensions>
          <ns3:TrackPointExtension>
            <ns3:atemp>27.0</ns3:atemp>
            <ns3:hr>116</ns3:hr>
          </ns3:TrackPointExtension>
        </extensions>
      </trkpt>
      <trkpt lat="59.9961033649742603302001953125" lon="30.3800378926098346710205078125">
        <ele>33</ele>
        <time>2026-06-30T07:06:41.000Z</time>
        <extensions>
          <ns3:TrackPointExtension>
            <ns3:atemp>27.0</ns3:atemp>
            <ns3:hr>116</ns3:hr>
          </ns3:TrackPointExtension>
        </extensions>
      </trkpt>
      <trkpt lat="59.99607578851282596588134765625" lon="30.37997025065124034881591796875">
        <ele>33.40000152587890625</ele>
        <time>2026-06-30T07:06:42.000Z</time>
        <extensions>
          <ns3:TrackPointExtension>
            <ns3:atemp>27.0</ns3:atemp>
            <ns3:hr>117</ns3:hr>
          </ns3:TrackPointExtension>
        </extensions>
      </trkpt>
      <trkpt lat="59.99598844908177852630615234375" lon="30.37983815185725688934326171875">
        <ele>33.799999237060546875</ele>
        <time>2026-06-30T07:06:44.000Z</time>
        <extensions>
          <ns3:TrackPointExtension>
            <ns3:atemp>27.0</ns3:atemp>
            <ns3:hr>117</ns3:hr>
          </ns3:TrackPointExtension>
        </extensions>
      </trkpt>
      <trkpt lat="59.9958405084908008575439453125" lon="30.379612259566783905029296875">
        <ele>31.799999237060546875</ele>
        <time>2026-06-30T07:06:47.000Z</time>
        <extensions>
          <ns3:TrackPointExtension>
            <ns3:atemp>27.0</ns3:atemp>
            <ns3:hr>117</ns3:hr>
          </ns3:TrackPointExtension>
        </extensions>
      </trkpt>
      <trkpt lat="59.99570044688880443572998046875" lon="30.37942844443023204803466796875">
        <ele>31.3999996185302734375</ele>
        <time>2026-06-30T07:06:50.000Z</time>
        <extensions>
          <ns3:TrackPointExtension>
            <ns3:atemp>27.0</ns3:atemp>
            <ns3:hr>116</ns3:hr>
          </ns3:TrackPointExtension>
        </extensions>
      </trkpt>
      <trkpt lat="59.9956329725682735443115234375" lon="30.3795014508068561553955078125">
        <ele>31.3999996185302734375</ele>
        <time>2026-06-30T07:06:51.000Z</time>
        <extensions>
          <ns3:TrackPointExtension>
            <ns3:atemp>27.0</ns3:atemp>
            <ns3:hr>114</ns3:hr>
          </ns3:TrackPointExtension>
        </extensions>
      </trkpt>
      <trkpt lat="59.99553783796727657318115234375" lon="30.3794638998806476593017578125">
        <ele>31.6000003814697265625</ele>
        <time>2026-06-30T07:06:53.000Z</time>
        <extensions>
          <ns3:TrackPointExtension>
            <ns3:atemp>27.0</ns3:atemp>
            <ns3:hr>113</ns3:hr>
          </ns3:TrackPointExtension>
        </extensions>
      </trkpt>
      <trkpt lat="59.9953701160848140716552734375" lon="30.3793133608996868133544921875">
        <ele>31</ele>
        <time>2026-06-30T07:06:57.000Z</time>
        <extensions>
          <ns3:TrackPointExtension>
            <ns3:atemp>27.0</ns3:atemp>
            <ns3:hr>111</ns3:hr>
          </ns3:TrackPointExtension>
        </extensions>
      </trkpt>
      <trkpt lat="59.99526391737163066864013671875" lon="30.3792027197778224945068359375">
        <ele>30.6000003814697265625</ele>
        <time>2026-06-30T07:06:59.000Z</time>
        <extensions>
          <ns3:TrackPointExtension>
            <ns3:atemp>27.0</ns3:atemp>
            <ns3:hr>113</ns3:hr>
          </ns3:TrackPointExtension>
        </extensions>
      </trkpt>
      <trkpt lat="59.9951800145208835601806640625" lon="30.37921101786196231842041015625">
        <ele>30.6000003814697265625</ele>
        <time>2026-06-30T07:07:00.000Z</time>
        <extensions>
          <ns3:TrackPointExtension>
            <ns3:atemp>27.0</ns3:atemp>
            <ns3:hr>114</ns3:hr>
          </ns3:TrackPointExtension>
        </extensions>
      </trkpt>
      <trkpt lat="59.99503492377698421478271484375" lon="30.37903449498116970062255859375">
        <ele>31.200000762939453125</ele>
        <time>2026-06-30T07:07:04.000Z</time>
        <extensions>
          <ns3:TrackPointExtension>
            <ns3:atemp>27.0</ns3:atemp>
            <ns3:hr>115</ns3:hr>
          </ns3:TrackPointExtension>
        </extensions>
      </trkpt>
      <trkpt lat="59.994960241019725799560546875" lon="30.3789103589951992034912109375">
        <ele>31.6000003814697265625</ele>
        <time>2026-06-30T07:07:06.000Z</time>
        <extensions>
          <ns3:TrackPointExtension>
            <ns3:atemp>27.0</ns3:atemp>
            <ns3:hr>114</ns3:hr>
          </ns3:TrackPointExtension>
        </extensions>
      </trkpt>
      <trkpt lat="59.9948651902377605438232421875" lon="30.3788320720195770263671875">
        <ele>31.799999237060546875</ele>
        <time>2026-06-30T07:07:08.000Z</time>
        <extensions>
          <ns3:TrackPointExtension>
            <ns3:atemp>27.0</ns3:atemp>
            <ns3:hr>115</ns3:hr>
          </ns3:TrackPointExtension>
        </extensions>
      </trkpt>
      <trkpt lat="59.9947394616901874542236328125" lon="30.37876074202358722686767578125">
        <ele>32</ele>
        <time>2026-06-30T07:07:11.000Z</time>
        <extensions>
          <ns3:TrackPointExtension>
            <ns3:atemp>27.0</ns3:atemp>
            <ns3:hr>116</ns3:hr>
          </ns3:TrackPointExtension>
        </extensions>
      </trkpt>
      <trkpt lat="59.994610883295536041259765625" lon="30.37863417528569698333740234375">
        <ele>32</ele>
        <time>2026-06-30T07:07:14.000Z</time>
        <extensions>
          <ns3:TrackPointExtension>
            <ns3:atemp>27.0</ns3:atemp>
            <ns3:hr>120</ns3:hr>
          </ns3:TrackPointExtension>
        </extensions>
      </trkpt>
      <trkpt lat="59.99456721358001232147216796875" lon="30.37858036346733570098876953125">
        <ele>32</ele>
        <time>2026-06-30T07:07:15.000Z</time>
        <extensions>
          <ns3:TrackPointExtension>
            <ns3:atemp>27.0</ns3:atemp>
            <ns3:hr>122</ns3:hr>
          </ns3:TrackPointExtension>
        </extensions>
      </trkpt>
      <trkpt lat="59.9945178441703319549560546875" lon="30.37854063324630260467529296875">
        <ele>32.200000762939453125</ele>
        <time>2026-06-30T07:07:16.000Z</time>
        <extensions>
          <ns3:TrackPointExtension>
            <ns3:atemp>27.0</ns3:atemp>
            <ns3:hr>124</ns3:hr>
          </ns3:TrackPointExtension>
        </extensions>
      </trkpt>
      <trkpt lat="59.9944018386304378509521484375" lon="30.37848405539989471435546875">
        <ele>32</ele>
        <time>2026-06-30T07:07:18.000Z</time>
        <extensions>
          <ns3:TrackPointExtension>
            <ns3:atemp>27.0</ns3:atemp>
            <ns3:hr>127</ns3:hr>
          </ns3:TrackPointExtension>
        </extensions>
      </trkpt>
      <trkpt lat="59.99427686445415019989013671875" lon="30.3783209435641765594482421875">
        <ele>32</ele>
        <time>2026-06-30T07:07:22.000Z</time>
        <extensions>
          <ns3:TrackPointExtension>
            <ns3:atemp>27.0</ns3:atemp>
            <ns3:hr>127</ns3:hr>
          </ns3:TrackPointExtension>
        </extensions>
      </trkpt>
      <trkpt lat="59.99416370876133441925048828125" lon="30.37819177843630313873291015625">
        <ele>32.200000762939453125</ele>
        <time>2026-06-30T07:07:25.000Z</time>
        <extensions>
          <ns3:TrackPointExtension>
            <ns3:atemp>27.0</ns3:atemp>
            <ns3:hr>128</ns3:hr>
          </ns3:TrackPointExtension>
        </extensions>
      </trkpt>
      <trkpt lat="59.99405642040073871612548828125" lon="30.3781184367835521697998046875">
        <ele>32.200000762939453125</ele>
        <time>2026-06-30T07:07:27.000Z</time>
        <extensions>
          <ns3:TrackPointExtension>
            <ns3:atemp>27.0</ns3:atemp>
            <ns3:hr>128</ns3:hr>
          </ns3:TrackPointExtension>
        </extensions>
      </trkpt>
      <trkpt lat="59.99381032772362232208251953125" lon="30.3777848370373249053955078125">
        <ele>32.200000762939453125</ele>
        <time>2026-06-30T07:07:33.000Z</time>
        <extensions>
          <ns3:TrackPointExtension>
            <ns3:atemp>27.0</ns3:atemp>
            <ns3:hr>130</ns3:hr>
          </ns3:TrackPointExtension>
        </extensions>
      </trkpt>
      <trkpt lat="59.9937232397496700286865234375" lon="30.37763086147606372833251953125">
        <ele>31.799999237060546875</ele>
        <time>2026-06-30T07:07:35.000Z</time>
        <extensions>
          <ns3:TrackPointExtension>
            <ns3:atemp>27.0</ns3:atemp>
            <ns3:hr>133</ns3:hr>
          </ns3:TrackPointExtension>
        </extensions>
      </trkpt>
      <trkpt lat="59.9935522489249706268310546875" lon="30.37743288092315196990966796875">
        <ele>31.3999996185302734375</ele>
        <time>2026-06-30T07:07:37.000Z</time>
        <extensions>
          <ns3:TrackPointExtension>
            <ns3:atemp>27.0</ns3:atemp>
            <ns3:hr>134</ns3:hr>
          </ns3:TrackPointExtension>
        </extensions>
      </trkpt>
      <trkpt lat="59.9934553541243076324462890625" lon="30.37732777185738086700439453125">
        <ele>31.3999996185302734375</ele>
        <time>2026-06-30T07:07:38.000Z</time>
        <extensions>
          <ns3:TrackPointExtension>
            <ns3:atemp>27.0</ns3:atemp>
            <ns3:hr>135</ns3:hr>
          </ns3:TrackPointExtension>
        </extensions>
      </trkpt>
      <trkpt lat="59.993296600878238677978515625" lon="30.37711403332650661468505859375">
        <ele>30.6000003814697265625</ele>
        <time>2026-06-30T07:07:40.000Z</time>
        <extensions>
          <ns3:TrackPointExtension>
            <ns3:atemp>27.0</ns3:atemp>
            <ns3:hr>135</ns3:hr>
          </ns3:TrackPointExtension>
        </extensions>
      </trkpt>
      <trkpt lat="59.99293140135705471038818359375" lon="30.376639030873775482177734375">
        <ele>29.200000762939453125</ele>
        <time>2026-06-30T07:07:45.000Z</time>
        <extensions>
          <ns3:TrackPointExtension>
            <ns3:atemp>27.0</ns3:atemp>
            <ns3:hr>135</ns3:hr>
          </ns3:TrackPointExtension>
        </extensions>
      </trkpt>
      <trkpt lat="59.9925707280635833740234375" lon="30.3762103803455829620361328125">
        <ele>28</ele>
        <time>2026-06-30T07:07:50.000Z</time>
        <extensions>
          <ns3:TrackPointExtension>
            <ns3:atemp>27.0</ns3:atemp>
            <ns3:hr>133</ns3:hr>
          </ns3:TrackPointExtension>
        </extensions>
      </trkpt>
      <trkpt lat="59.99221474863588809967041015625" lon="30.37572347559034824371337890625">
        <ele>27.6000003814697265625</ele>
        <time>2026-06-30T07:07:55.000Z</time>
        <extensions>
          <ns3:TrackPointExtension>
            <ns3:atemp>27.0</ns3:atemp>
            <ns3:hr>133</ns3:hr>
          </ns3:TrackPointExtension>
        </extensions>
      </trkpt>
      <trkpt lat="59.9920766986906528472900390625" lon="30.37538032047450542449951171875">
        <ele>26.799999237060546875</ele>
        <time>2026-06-30T07:07:58.000Z</time>
        <extensions>
          <ns3:TrackPointExtension>
            <ns3:atemp>27.0</ns3:atemp>
            <ns3:hr>134</ns3:hr>
          </ns3:TrackPointExtension>
        </extensions>
      </trkpt>
      <trkpt lat="59.99203629791736602783203125" lon="30.37524688057601451873779296875">
        <ele>26.799999237060546875</ele>
        <time>2026-06-30T07:07:59.000Z</time>
        <extensions>
          <ns3:TrackPointExtension>
            <ns3:atemp>27.0</ns3:atemp>
            <ns3:hr>134</ns3:hr>
          </ns3:TrackPointExtension>
        </extensions>
      </trkpt>
      <trkpt lat="59.991999082267284393310546875" lon="30.37510019727051258087158203125">
        <ele>26.6000003814697265625</ele>
        <time>2026-06-30T07:08:00.000Z</time>
        <extensions>
          <ns3:TrackPointExtension>
            <ns3:atemp>27.0</ns3:atemp>
            <ns3:hr>138</ns3:hr>
          </ns3:TrackPointExtension>
        </extensions>
      </trkpt>
      <trkpt lat="59.99196664430201053619384765625" lon="30.37495150230824947357177734375">
        <ele>26.6000003814697265625</ele>
        <time>2026-06-30T07:08:01.000Z</time>
        <extensions>
          <ns3:TrackPointExtension>
            <ns3:atemp>27.0</ns3:atemp>
            <ns3:hr>141</ns3:hr>
          </ns3:TrackPointExtension>
        </extensions>
      </trkpt>
      <trkpt lat="59.99192724935710430145263671875" lon="30.37463265471160411834716796875">
        <ele>26.3999996185302734375</ele>
        <time>2026-06-30T07:08:03.000Z</time>
        <extensions>
          <ns3:TrackPointExtension>
            <ns3:atemp>27.0</ns3:atemp>
            <ns3:hr>145</ns3:hr>
          </ns3:TrackPointExtension>
        </extensions>
      </trkpt>
      <trkpt lat="59.99191869981586933135986328125" lon="30.37446199916303157806396484375">
        <ele>26.3999996185302734375</ele>
        <time>2026-06-30T07:08:04.000Z</time>
        <extensions>
          <ns3:TrackPointExtension>
            <ns3:atemp>27.0</ns3:atemp>
            <ns3:hr>145</ns3:hr>
          </ns3:TrackPointExtension>
        </extensions>
      </trkpt>
      <trkpt lat="59.99192892573773860931396484375" lon="30.3739707358181476593017578125">
        <ele>26.3999996185302734375</ele>
        <time>2026-06-30T07:08:07.000Z</time>
        <extensions>
          <ns3:TrackPointExtension>
            <ns3:atemp>27.0</ns3:atemp>
            <ns3:hr>147</ns3:hr>
          </ns3:TrackPointExtension>
        </extensions>
      </trkpt>
      <trkpt lat="59.99197837896645069122314453125" lon="30.37335491739213466644287109375">
        <ele>26.3999996185302734375</ele>
        <time>2026-06-30T07:08:11.000Z</time>
        <extensions>
          <ns3:TrackPointExtension>
            <ns3:atemp>27.0</ns3:atemp>
            <ns3:hr>150</ns3:hr>
          </ns3:TrackPointExtension>
        </extensions>
      </trkpt>
      <trkpt lat="59.9920250661671161651611328125" lon="30.373083762824535369873046875">
        <ele>26.200000762939453125</ele>
        <time>2026-06-30T07:08:13.000Z</time>
        <extensions>
          <ns3:TrackPointExtension>
            <ns3:atemp>27.0</ns3:atemp>
            <ns3:hr>154</ns3:hr>
          </ns3:TrackPointExtension>
        </extensions>
      </trkpt>
      <trkpt lat="59.99218373559415340423583984375" lon="30.3721855580806732177734375">
        <ele>26.799999237060546875</ele>
        <time>2026-06-30T07:08:20.000Z</time>
        <extensions>
          <ns3:TrackPointExtension>
            <ns3:atemp>27.0</ns3:atemp>
            <ns3:hr>154</ns3:hr>
          </ns3:TrackPointExtension>
        </extensions>
      </trkpt>
      <trkpt lat="59.99224659986793994903564453125" lon="30.371828489005565643310546875">
        <ele>28</ele>
        <time>2026-06-30T07:08:23.000Z</time>
        <extensions>
          <ns3:TrackPointExtension>
            <ns3:atemp>27.0</ns3:atemp>
            <ns3:hr>152</ns3:hr>
          </ns3:TrackPointExtension>
        </extensions>
      </trkpt>
      <trkpt lat="59.9923113919794559478759765625" lon="30.37150561809539794921875">
        <ele>27.3999996185302734375</ele>
        <time>2026-06-30T07:08:26.000Z</time>
        <extensions>
          <ns3:TrackPointExtension>
            <ns3:atemp>27.0</ns3:atemp>
            <ns3:hr>153</ns3:hr>
          </ns3:TrackPointExtension>
        </extensions>
      </trkpt>
      <trkpt lat="59.99234198592603206634521484375" lon="30.3713964857161045074462890625">
        <ele>27</ele>
        <time>2026-06-30T07:08:27.000Z</time>
        <extensions>
          <ns3:TrackPointExtension>
            <ns3:atemp>27.0</ns3:atemp>
            <ns3:hr>152</ns3:hr>
          </ns3:TrackPointExtension>
        </extensions>
      </trkpt>
      <trkpt lat="59.992368221282958984375" lon="30.3711289353668689727783203125">
        <ele>27</ele>
        <time>2026-06-30T07:08:29.000Z</time>
        <extensions>
          <ns3:TrackPointExtension>
            <ns3:atemp>27.0</ns3:atemp>
            <ns3:hr>155</ns3:hr>
          </ns3:TrackPointExtension>
        </extensions>
      </trkpt>
      <trkpt lat="59.99240183271467685699462890625" lon="30.3710035420954227447509765625">
        <ele>26.799999237060546875</ele>
        <time>2026-06-30T07:08:30.000Z</time>
        <extensions>
          <ns3:TrackPointExtension>
            <ns3:atemp>27.0</ns3:atemp>
            <ns3:hr>158</ns3:hr>
          </ns3:TrackPointExtension>
        </extensions>
      </trkpt>
      <trkpt lat="59.99242580495774745941162109375" lon="30.3708690963685512542724609375">
        <ele>26.799999237060546875</ele>
        <time>2026-06-30T07:08:31.000Z</time>
        <extensions>
          <ns3:TrackPointExtension>
            <ns3:atemp>27.0</ns3:atemp>
            <ns3:hr>163</ns3:hr>
          </ns3:TrackPointExtension>
        </extensions>
      </trkpt>
      <trkpt lat="59.9924431554973125457763671875" lon="30.3707383386790752410888671875">
        <ele>26.799999237060546875</ele>
        <time>2026-06-30T07:08:32.000Z</time>
        <extensions>
          <ns3:TrackPointExtension>
            <ns3:atemp>27.0</ns3:atemp>
            <ns3:hr>165</ns3:hr>
          </ns3:TrackPointExtension>
        </extensions>
      </trkpt>
      <trkpt lat="59.99246419407427310943603515625" lon="30.37061252631247043609619140625">
        <ele>27</ele>
        <time>2026-06-30T07:08:33.000Z</time>
        <extensions>
          <ns3:TrackPointExtension>
            <ns3:atemp>27.0</ns3:atemp>
            <ns3:hr>168</ns3:hr>
          </ns3:TrackPointExtension>
        </extensions>
      </trkpt>
      <trkpt lat="59.99250895343720912933349609375" lon="30.37018437869846820831298828125">
        <ele>26.799999237060546875</ele>
        <time>2026-06-30T07:08:36.000Z</time>
        <extensions>
          <ns3:TrackPointExtension>
            <ns3:atemp>27.0</ns3:atemp>
            <ns3:hr>171</ns3:hr>
          </ns3:TrackPointExtension>
        </extensions>
      </trkpt>
      <trkpt lat="59.99252504669129848480224609375" lon="30.37005177699029445648193359375">
        <ele>26.799999237060546875</ele>
        <time>2026-06-30T07:08:37.000Z</time>
        <extensions>
          <ns3:TrackPointExtension>
            <ns3:atemp>27.0</ns3:atemp>
            <ns3:hr>172</ns3:hr>
          </ns3:TrackPointExtension>
        </extensions>
      </trkpt>
      <trkpt lat="59.99256603419780731201171875" lon="30.3696213662624359130859375">
        <ele>27.200000762939453125</ele>
        <time>2026-06-30T07:08:40.000Z</time>
        <extensions>
          <ns3:TrackPointExtension>
            <ns3:atemp>27.0</ns3:atemp>
            <ns3:hr>175</ns3:hr>
          </ns3:TrackPointExtension>
        </extensions>
      </trkpt>
      <trkpt lat="59.992580451071262359619140625" lon="30.36946387030184268951416015625">
        <ele>28</ele>
        <time>2026-06-30T07:08:41.000Z</time>
        <extensions>
          <ns3:TrackPointExtension>
            <ns3:atemp>27.0</ns3:atemp>
            <ns3:hr>175</ns3:hr>
          </ns3:TrackPointExtension>
        </extensions>
      </trkpt>
      <trkpt lat="59.9926433153450489044189453125" lon="30.369070507586002349853515625">
        <ele>29.200000762939453125</ele>
        <time>2026-06-30T07:08:44.000Z</time>
        <extensions>
          <ns3:TrackPointExtension>
            <ns3:atemp>27.0</ns3:atemp>
            <ns3:hr>177</ns3:hr>
          </ns3:TrackPointExtension>
        </extensions>
      </trkpt>
      <trkpt lat="59.99273769557476043701171875" lon="30.36841462366282939910888671875">
        <ele>28.799999237060546875</ele>
        <time>2026-06-30T07:08:49.000Z</time>
        <extensions>
          <ns3:TrackPointExtension>
            <ns3:atemp>27.0</ns3:atemp>
            <ns3:hr>180</ns3:hr>
          </ns3:TrackPointExtension>
        </extensions>
      </trkpt>
      <trkpt lat="59.99277667142450809478759765625" lon="30.36802520044147968292236328125">
        <ele>28.6000003814697265625</ele>
        <time>2026-06-30T07:08:52.000Z</time>
        <extensions>
          <ns3:TrackPointExtension>
            <ns3:atemp>27.0</ns3:atemp>
            <ns3:hr>181</ns3:hr>
          </ns3:TrackPointExtension>
        </extensions>
      </trkpt>
      <trkpt lat="59.99287205748260021209716796875" lon="30.36710218526422977447509765625">
        <ele>28.799999237060546875</ele>
        <time>2026-06-30T07:08:59.000Z</time>
        <extensions>
          <ns3:TrackPointExtension>
            <ns3:atemp>27.0</ns3:atemp>
            <ns3:hr>183</ns3:hr>
          </ns3:TrackPointExtension>
        </extensions>
      </trkpt>
      <trkpt lat="59.9929433874785900115966796875" lon="30.36656205542385578155517578125">
        <ele>28.799999237060546875</ele>
        <time>2026-06-30T07:09:04.000Z</time>
        <extensions>
          <ns3:TrackPointExtension>
            <ns3:atemp>27.0</ns3:atemp>
            <ns3:hr>184</ns3:hr>
          </ns3:TrackPointExtension>
        </extensions>
      </trkpt>
      <trkpt lat="59.9930603988468647003173828125" lon="30.36606433801352977752685546875">
        <ele>28.6000003814697265625</ele>
        <time>2026-06-30T07:09:09.000Z</time>
        <extensions>
          <ns3:TrackPointExtension>
            <ns3:atemp>27.0</ns3:atemp>
            <ns3:hr>185</ns3:hr>
          </ns3:TrackPointExtension>
        </extensions>
      </trkpt>
      <trkpt lat="59.99309618957340717315673828125" lon="30.36586501635611057281494140625">
        <ele>28.799999237060546875</ele>
        <time>2026-06-30T07:09:11.000Z</time>
        <extensions>
          <ns3:TrackPointExtension>
            <ns3:atemp>27.0</ns3:atemp>
            <ns3:hr>185</ns3:hr>
          </ns3:TrackPointExtension>
        </extensions>
      </trkpt>
      <trkpt lat="59.99309082515537738800048828125" lon="30.3656919300556182861328125">
        <ele>28.799999237060546875</ele>
        <time>2026-06-30T07:09:13.000Z</time>
        <extensions>
          <ns3:TrackPointExtension>
            <ns3:atemp>27.0</ns3:atemp>
            <ns3:hr>187</ns3:hr>
          </ns3:TrackPointExtension>
        </extensions>
      </trkpt>
      <trkpt lat="59.99314933083951473236083984375" lon="30.365281216800212860107421875">
        <ele>29.3999996185302734375</ele>
        <time>2026-06-30T07:09:17.000Z</time>
        <extensions>
          <ns3:TrackPointExtension>
            <ns3:atemp>27.0</ns3:atemp>
            <ns3:hr>186</ns3:hr>
          </ns3:TrackPointExtension>
        </extensions>
      </trkpt>
      <trkpt lat="59.993204064667224884033203125" lon="30.36492506973445415496826171875">
        <ele>29.799999237060546875</ele>
        <time>2026-06-30T07:09:20.000Z</time>
        <extensions>
          <ns3:TrackPointExtension>
            <ns3:atemp>27.0</ns3:atemp>
            <ns3:hr>182</ns3:hr>
          </ns3:TrackPointExtension>
        </extensions>
      </trkpt>
      <trkpt lat="59.99326131306588649749755859375" lon="30.36452542059123516082763671875">
        <ele>30.200000762939453125</ele>
        <time>2026-06-30T07:09:23.000Z</time>
        <extensions>
          <ns3:TrackPointExtension>
            <ns3:atemp>27.0</ns3:atemp>
            <ns3:hr>183</ns3:hr>
          </ns3:TrackPointExtension>
        </extensions>
      </trkpt>
      <trkpt lat="59.99339827336370944976806640625" lon="30.36359285004436969757080078125">
        <ele>30</ele>
        <time>2026-06-30T07:09:30.000Z</time>
        <extensions>
          <ns3:TrackPointExtension>
            <ns3:atemp>27.0</ns3:atemp>
            <ns3:hr>184</ns3:hr>
          </ns3:TrackPointExtension>
        </extensions>
      </trkpt>
      <trkpt lat="59.99351997859776020050048828125" lon="30.3628080524504184722900390625">
        <ele>30</ele>
        <time>2026-06-30T07:09:36.000Z</time>
        <extensions>
          <ns3:TrackPointExtension>
            <ns3:atemp>27.0</ns3:atemp>
            <ns3:hr>185</ns3:hr>
          </ns3:TrackPointExtension>
        </extensions>
      </trkpt>
      <trkpt lat="59.99357630498707294464111328125" lon="30.3624570183455944061279296875">
        <ele>29.200000762939453125</ele>
        <time>2026-06-30T07:09:39.000Z</time>
        <extensions>
          <ns3:TrackPointExtension>
            <ns3:atemp>27.0</ns3:atemp>
            <ns3:hr>185</ns3:hr>
          </ns3:TrackPointExtension>
        </extensions>
      </trkpt>
      <trkpt lat="59.9936374090611934661865234375" lon="30.3621294535696506500244140625">
        <ele>28.3999996185302734375</ele>
        <time>2026-06-30T07:09:42.000Z</time>
        <extensions>
          <ns3:TrackPointExtension>
            <ns3:atemp>27.0</ns3:atemp>
            <ns3:hr>185</ns3:hr>
          </ns3:TrackPointExtension>
        </extensions>
      </trkpt>
      <trkpt lat="59.9937597848474979400634765625" lon="30.36147910170257091522216796875">
        <ele>28.3999996185302734375</ele>
        <time>2026-06-30T07:09:48.000Z</time>
        <extensions>
          <ns3:TrackPointExtension>
            <ns3:atemp>27.0</ns3:atemp>
            <ns3:hr>183</ns3:hr>
          </ns3:TrackPointExtension>
        </extensions>
      </trkpt>
      <trkpt lat="59.993779398500919342041015625" lon="30.36136862821877002716064453125">
        <ele>28</ele>
        <time>2026-06-30T07:09:49.000Z</time>
        <extensions>
          <ns3:TrackPointExtension>
            <ns3:atemp>27.0</ns3:atemp>
            <ns3:hr>182</ns3:hr>
          </ns3:TrackPointExtension>
        </extensions>
      </trkpt>
      <trkpt lat="59.99380060471594333648681640625" lon="30.3612577356398105621337890625">
        <ele>27.799999237060546875</ele>
        <time>2026-06-30T07:09:50.000Z</time>
        <extensions>
          <ns3:TrackPointExtension>
            <ns3:atemp>27.0</ns3:atemp>
            <ns3:hr>182</ns3:hr>
          </ns3:TrackPointExtension>
        </extensions>
      </trkpt>
      <trkpt lat="59.99385491944849491119384765625" lon="30.36093142814934253692626953125">
        <ele>27</ele>
        <time>2026-06-30T07:09:53.000Z</time>
        <extensions>
          <ns3:TrackPointExtension>
            <ns3:atemp>27.0</ns3:atemp>
            <ns3:hr>180</ns3:hr>
          </ns3:TrackPointExtension>
        </extensions>
      </trkpt>
      <trkpt lat="59.9938707612454891204833984375" lon="30.360825397074222564697265625">
        <ele>26.6000003814697265625</ele>
        <time>2026-06-30T07:09:54.000Z</time>
        <extensions>
          <ns3:TrackPointExtension>
            <ns3:atemp>27.0</ns3:atemp>
            <ns3:hr>180</ns3:hr>
          </ns3:TrackPointExtension>
        </extensions>
      </trkpt>
      <trkpt lat="59.99398383311927318572998046875" lon="30.36024025641381740570068359375">
        <ele>26.200000762939453125</ele>
        <time>2026-06-30T07:10:00.000Z</time>
        <extensions>
          <ns3:TrackPointExtension>
            <ns3:atemp>27.0</ns3:atemp>
            <ns3:hr>178</ns3:hr>
          </ns3:TrackPointExtension>
        </extensions>
      </trkpt>
      <trkpt lat="59.99400235712528228759765625" lon="30.360174290835857391357421875">
        <ele>26.3999996185302734375</ele>
        <time>2026-06-30T07:10:01.000Z</time>
        <extensions>
          <ns3:TrackPointExtension>
            <ns3:atemp>27.0</ns3:atemp>
            <ns3:hr>178</ns3:hr>
          </ns3:TrackPointExtension>
        </extensions>
      </trkpt>
      <trkpt lat="59.99405826441943645477294921875" lon="30.3599689342081546783447265625">
        <ele>26.799999237060546875</ele>
        <time>2026-06-30T07:10:05.000Z</time>
        <extensions>
          <ns3:TrackPointExtension>
            <ns3:atemp>27.0</ns3:atemp>
            <ns3:hr>178</ns3:hr>
          </ns3:TrackPointExtension>
        </extensions>
      </trkpt>
      <trkpt lat="59.99410201795399188995361328125" lon="30.3599062375724315643310546875">
        <ele>27</ele>
        <time>2026-06-30T07:10:08.000Z</time>
        <extensions>
          <ns3:TrackPointExtension>
            <ns3:atemp>27.0</ns3:atemp>
            <ns3:hr>176</ns3:hr>
          </ns3:TrackPointExtension>
        </extensions>
      </trkpt>
      <trkpt lat="59.99409631825983524322509765625" lon="30.3598462231457233428955078125">
        <ele>27</ele>
        <time>2026-06-30T07:10:10.000Z</time>
        <extensions>
          <ns3:TrackPointExtension>
            <ns3:atemp>27.0</ns3:atemp>
            <ns3:hr>176</ns3:hr>
          </ns3:TrackPointExtension>
        </extensions>
      </trkpt>
      <trkpt lat="59.994071088731288909912109375" lon="30.359781347215175628662109375">
        <ele>26.6000003814697265625</ele>
        <time>2026-06-30T07:10:13.000Z</time>
        <extensions>
          <ns3:TrackPointExtension>
            <ns3:atemp>27.0</ns3:atemp>
            <ns3:hr>175</ns3:hr>
          </ns3:TrackPointExtension>
        </extensions>
      </trkpt>
      <trkpt lat="59.994050301611423492431640625" lon="30.35968151874840259552001953125">
        <ele>26.3999996185302734375</ele>
        <time>2026-06-30T07:10:15.000Z</time>
        <extensions>
          <ns3:TrackPointExtension>
            <ns3:atemp>27.0</ns3:atemp>
            <ns3:hr>172</ns3:hr>
          </ns3:TrackPointExtension>
        </extensions>
      </trkpt>
      <trkpt lat="59.994073770940303802490234375" lon="30.3594646789133548736572265625">
        <ele>26.799999237060546875</ele>
        <time>2026-06-30T07:10:17.000Z</time>
        <extensions>
          <ns3:TrackPointExtension>
            <ns3:atemp>27.0</ns3:atemp>
            <ns3:hr>169</ns3:hr>
          </ns3:TrackPointExtension>
        </extensions>
      </trkpt>
      <trkpt lat="59.994051642715930938720703125" lon="30.35937809385359287261962890625">
        <ele>27</ele>
        <time>2026-06-30T07:10:19.000Z</time>
        <extensions>
          <ns3:TrackPointExtension>
            <ns3:atemp>27.0</ns3:atemp>
            <ns3:hr>166</ns3:hr>
          </ns3:TrackPointExtension>
        </extensions>
      </trkpt>
      <trkpt lat="59.99403563328087329864501953125" lon="30.35933752544224262237548828125">
        <ele>27.200000762939453125</ele>
        <time>2026-06-30T07:10:20.000Z</time>
        <extensions>
          <ns3:TrackPointExtension>
            <ns3:atemp>27.0</ns3:atemp>
            <ns3:hr>165</ns3:hr>
          </ns3:TrackPointExtension>
        </extensions>
      </trkpt>
      <trkpt lat="59.99399858526885509490966796875" lon="30.359039716422557830810546875">
        <ele>27.200000762939453125</ele>
        <time>2026-06-30T07:10:25.000Z</time>
        <extensions>
          <ns3:TrackPointExtension>
            <ns3:atemp>27.0</ns3:atemp>
            <ns3:hr>164</ns3:hr>
          </ns3:TrackPointExtension>
        </extensions>
      </trkpt>
      <trkpt lat="59.99401920475065708160400390625" lon="30.3588789515197277069091796875">
        <ele>27</ele>
        <time>2026-06-30T07:10:27.000Z</time>
        <extensions>
          <ns3:TrackPointExtension>
            <ns3:atemp>27.0</ns3:atemp>
            <ns3:hr>164</ns3:hr>
          </ns3:TrackPointExtension>
        </extensions>
      </trkpt>
      <trkpt lat="59.99409145675599575042724609375" lon="30.3586865030229091644287109375">
        <ele>26.799999237060546875</ele>
        <time>2026-06-30T07:10:30.000Z</time>
        <extensions>
          <ns3:TrackPointExtension>
            <ns3:atemp>27.0</ns3:atemp>
            <ns3:hr>162</ns3:hr>
          </ns3:TrackPointExtension>
        </extensions>
      </trkpt>
      <trkpt lat="59.99413722194731235504150390625" lon="30.3585084713995456695556640625">
        <ele>26.6000003814697265625</ele>
        <time>2026-06-30T07:10:32.000Z</time>
        <extensions>
          <ns3:TrackPointExtension>
            <ns3:atemp>27.0</ns3:atemp>
            <ns3:hr>160</ns3:hr>
          </ns3:TrackPointExtension>
        </extensions>
      </trkpt>
      <trkpt lat="59.9941425025463104248046875" lon="30.35838626325130462646484375">
        <ele>26.6000003814697265625</ele>
        <time>2026-06-30T07:10:33.000Z</time>
        <extensions>
          <ns3:TrackPointExtension>
            <ns3:atemp>27.0</ns3:atemp>
            <ns3:hr>160</ns3:hr>
          </ns3:TrackPointExtension>
        </extensions>
      </trkpt>
      <trkpt lat="59.99417393468320369720458984375" lon="30.35778771154582500457763671875">
        <ele>26.200000762939453125</ele>
        <time>2026-06-30T07:10:38.000Z</time>
        <extensions>
          <ns3:TrackPointExtension>
            <ns3:atemp>27.0</ns3:atemp>
            <ns3:hr>160</ns3:hr>
          </ns3:TrackPointExtension>
        </extensions>
      </trkpt>
      <trkpt lat="59.99424534849822521209716796875" lon="30.35731513984501361846923828125">
        <ele>26.3999996185302734375</ele>
        <time>2026-06-30T07:10:43.000Z</time>
        <extensions>
          <ns3:TrackPointExtension>
            <ns3:atemp>26.0</ns3:atemp>
            <ns3:hr>163</ns3:hr>
          </ns3:TrackPointExtension>
        </extensions>
      </trkpt>
      <trkpt lat="59.9942700751125812530517578125" lon="30.3571464121341705322265625">
        <ele>26.799999237060546875</ele>
        <time>2026-06-30T07:10:45.000Z</time>
        <extensions>
          <ns3:TrackPointExtension>
            <ns3:atemp>26.0</ns3:atemp>
            <ns3:hr>162</ns3:hr>
          </ns3:TrackPointExtension>
        </extensions>
      </trkpt>
      <trkpt lat="59.9942886829376220703125" lon="30.35662681795656681060791015625">
        <ele>26.6000003814697265625</ele>
        <time>2026-06-30T07:10:50.000Z</time>
        <extensions>
          <ns3:TrackPointExtension>
            <ns3:atemp>26.0</ns3:atemp>
            <ns3:hr>159</ns3:hr>
          </ns3:TrackPointExtension>
        </extensions>
      </trkpt>
      <trkpt lat="59.99431273899972438812255859375" lon="30.35648382268846035003662109375">
        <ele>26.6000003814697265625</ele>
        <time>2026-06-30T07:10:52.000Z</time>
        <extensions>
          <ns3:TrackPointExtension>
            <ns3:atemp>26.0</ns3:atemp>
            <ns3:hr>158</ns3:hr>
          </ns3:TrackPointExtension>
        </extensions>
      </trkpt>
      <trkpt lat="59.994435198605060577392578125" lon="30.35587931983172893524169921875">
        <ele>26.6000003814697265625</ele>
        <time>2026-06-30T07:11:00.000Z</time>
        <extensions>
          <ns3:TrackPointExtension>
            <ns3:atemp>26.0</ns3:atemp>
            <ns3:hr>159</ns3:hr>
          </ns3:TrackPointExtension>
        </extensions>
      </trkpt>
      <trkpt lat="59.9944863282144069671630859375" lon="30.35557329654693603515625">
        <ele>26.200000762939453125</ele>
        <time>2026-06-30T07:11:04.000Z</time>
        <extensions>
          <ns3:TrackPointExtension>
            <ns3:atemp>26.0</ns3:atemp>
            <ns3:hr>159</ns3:hr>
          </ns3:TrackPointExtension>
        </extensions>
      </trkpt>
      <trkpt lat="59.99454952776432037353515625" lon="30.35519066266715526580810546875">
        <ele>26</ele>
        <time>2026-06-30T07:11:09.000Z</time>
        <extensions>
          <ns3:TrackPointExtension>
            <ns3:atemp>26.0</ns3:atemp>
            <ns3:hr>156</ns3:hr>
          </ns3:TrackPointExtension>
        </extensions>
      </trkpt>
      <trkpt lat="59.9945621006190776824951171875" lon="30.35511799156665802001953125">
        <ele>26.799999237060546875</ele>
        <time>2026-06-30T07:11:12.000Z</time>
        <extensions>
          <ns3:TrackPointExtension>
            <ns3:atemp>26.0</ns3:atemp>
            <ns3:hr>154</ns3:hr>
          </ns3:TrackPointExtension>
        </extensions>
      </trkpt>
      <trkpt lat="59.99457224272191524505615234375" lon="30.3551114536821842193603515625">
        <ele>25.6000003814697265625</ele>
        <time>2026-06-30T07:11:14.000Z</time>
        <extensions>
          <ns3:TrackPointExtension>
            <ns3:atemp>26.0</ns3:atemp>
            <ns3:hr>154</ns3:hr>
          </ns3:TrackPointExtension>
        </extensions>
      </trkpt>
      <trkpt lat="59.9945553950965404510498046875" lon="30.35502872429788112640380859375">
        <ele>26.799999237060546875</ele>
        <time>2026-06-30T07:11:19.000Z</time>
        <extensions>
          <ns3:TrackPointExtension>
            <ns3:atemp>26.0</ns3:atemp>
            <ns3:hr>153</ns3:hr>
          </ns3:TrackPointExtension>
        </extensions>
      </trkpt>
      <trkpt lat="59.99455179087817668914794921875" lon="30.355023108422756195068359375">
        <ele>27</ele>
        <time>2026-06-30T07:11:20.000Z</time>
        <extensions>
          <ns3:TrackPointExtension>
            <ns3:atemp>26.0</ns3:atemp>
            <ns3:hr>153</ns3:hr>
          </ns3:TrackPointExtension>
        </extensions>
      </trkpt>
      <trkpt lat="59.99454508535563945770263671875" lon="30.35501179285347461700439453125">
        <ele>27</ele>
        <time>2026-06-30T07:11:21.000Z</time>
        <extensions>
          <ns3:TrackPointExtension>
            <ns3:atemp>26.0</ns3:atemp>
            <ns3:hr>153</ns3:hr>
          </ns3:TrackPointExtension>
        </extensions>
      </trkpt>
      <trkpt lat="59.99449194408953189849853515625" lon="30.35487852059304714202880859375">
        <ele>27</ele>
        <time>2026-06-30T07:11:26.000Z</time>
        <extensions>
          <ns3:TrackPointExtension>
            <ns3:atemp>26.0</ns3:atemp>
            <ns3:hr>155</ns3:hr>
          </ns3:TrackPointExtension>
        </extensions>
      </trkpt>
      <trkpt lat="59.994476102292537689208984375" lon="30.35483242012560367584228515625">
        <ele>27</ele>
        <time>2026-06-30T07:11:27.000Z</time>
        <extensions>
          <ns3:TrackPointExtension>
            <ns3:atemp>26.0</ns3:atemp>
            <ns3:hr>152</ns3:hr>
          </ns3:TrackPointExtension>
        </extensions>
      </trkpt>
      <trkpt lat="59.99446461908519268035888671875" lon="30.35474784672260284423828125">
        <ele>27</ele>
        <time>2026-06-30T07:11:29.000Z</time>
        <extensions>
          <ns3:TrackPointExtension>
            <ns3:atemp>26.0</ns3:atemp>
            <ns3:hr>152</ns3:hr>
          </ns3:TrackPointExtension>
        </extensions>
      </trkpt>
      <trkpt lat="59.9944601766765117645263671875" lon="30.35468121059238910675048828125">
        <ele>27</ele>
        <time>2026-06-30T07:11:30.000Z</time>
        <extensions>
          <ns3:TrackPointExtension>
            <ns3:atemp>26.0</ns3:atemp>
            <ns3:hr>151</ns3:hr>
          </ns3:TrackPointExtension>
        </extensions>
      </trkpt>
      <trkpt lat="59.994409717619419097900390625" lon="30.35447451286017894744873046875">
        <ele>26.799999237060546875</ele>
        <time>2026-06-30T07:11:35.000Z</time>
        <extensions>
          <ns3:TrackPointExtension>
            <ns3:atemp>26.0</ns3:atemp>
            <ns3:hr>152</ns3:hr>
          </ns3:TrackPointExtension>
        </extensions>
      </trkpt>
      <trkpt lat="59.99440443702042102813720703125" lon="30.354496054351329803466796875">
        <ele>26.799999237060546875</ele>
        <time>2026-06-30T07:11:36.000Z</time>
        <extensions>
          <ns3:TrackPointExtension>
            <ns3:atemp>26.0</ns3:atemp>
            <ns3:hr>151</ns3:hr>
          </ns3:TrackPointExtension>
        </extensions>
      </trkpt>
      <trkpt lat="59.994389601051807403564453125" lon="30.354463867843151092529296875">
        <ele>26.799999237060546875</ele>
        <time>2026-06-30T07:11:37.000Z</time>
        <extensions>
          <ns3:TrackPointExtension>
            <ns3:atemp>26.0</ns3:atemp>
            <ns3:hr>148</ns3:hr>
          </ns3:TrackPointExtension>
        </extensions>
      </trkpt>
      <trkpt lat="59.994393624365329742431640625" lon="30.35445607267320156097412109375">
        <ele>26.6000003814697265625</ele>
        <time>2026-06-30T07:11:38.000Z</time>
        <extensions>
          <ns3:TrackPointExtension>
            <ns3:atemp>26.0</ns3:atemp>
            <ns3:hr>147</ns3:hr>
          </ns3:TrackPointExtension>
        </extensions>
      </trkpt>
      <trkpt lat="59.99441684223711490631103515625" lon="30.35442908294498920440673828125">
        <ele>26.200000762939453125</ele>
        <time>2026-06-30T07:11:45.000Z</time>
        <extensions>
          <ns3:TrackPointExtension>
            <ns3:atemp>27.0</ns3:atemp>
            <ns3:hr>149</ns3:hr>
          </ns3:TrackPointExtension>
        </extensions>
      </trkpt>
      <trkpt lat="59.99440058134496212005615234375" lon="30.354349203407764434814453125">
        <ele>25.799999237060546875</ele>
        <time>2026-06-30T07:11:51.000Z</time>
        <extensions>
          <ns3:TrackPointExtension>
            <ns3:atemp>27.0</ns3:atemp>
            <ns3:hr>151</ns3:hr>
          </ns3:TrackPointExtension>
        </extensions>
      </trkpt>
      <trkpt lat="59.9944082088768482208251953125" lon="30.3543212078511714935302734375">
        <ele>25.6000003814697265625</ele>
        <time>2026-06-30T07:11:54.000Z</time>
        <extensions>
          <ns3:TrackPointExtension>
            <ns3:atemp>27.0</ns3:atemp>
            <ns3:hr>149</ns3:hr>
          </ns3:TrackPointExtension>
        </extensions>
      </trkpt>
      <trkpt lat="59.99441533349454402923583984375" lon="30.3542990796267986297607421875">
        <ele>25.3999996185302734375</ele>
        <time>2026-06-30T07:11:59.000Z</time>
        <extensions>
          <ns3:TrackPointExtension>
            <ns3:atemp>27.0</ns3:atemp>
            <ns3:hr>151</ns3:hr>
          </ns3:TrackPointExtension>
        </extensions>
      </trkpt>
      <trkpt lat="59.99446864239871501922607421875" lon="30.35421718843281269073486328125">
        <ele>25.200000762939453125</ele>
        <time>2026-06-30T07:12:03.000Z</time>
        <extensions>
          <ns3:TrackPointExtension>
            <ns3:atemp>27.0</ns3:atemp>
            <ns3:hr>150</ns3:hr>
          </ns3:TrackPointExtension>
        </extensions>
      </trkpt>
      <trkpt lat="59.99449864961206912994384765625" lon="30.35413655452430248260498046875">
        <ele>25.200000762939453125</ele>
        <time>2026-06-30T07:12:06.000Z</time>
        <extensions>
          <ns3:TrackPointExtension>
            <ns3:atemp>27.0</ns3:atemp>
            <ns3:hr>148</ns3:hr>
          </ns3:TrackPointExtension>
        </extensions>
      </trkpt>
      <trkpt lat="59.994486160576343536376953125" lon="30.3540942259132862091064453125">
        <ele>25.200000762939453125</ele>
        <time>2026-06-30T07:12:07.000Z</time>
        <extensions>
          <ns3:TrackPointExtension>
            <ns3:atemp>27.0</ns3:atemp>
            <ns3:hr>147</ns3:hr>
          </ns3:TrackPointExtension>
        </extensions>
      </trkpt>
      <trkpt lat="59.99439404346048831939697265625" lon="30.35380312241613864898681640625">
        <ele>25.200000762939453125</ele>
        <time>2026-06-30T07:12:12.000Z</time>
        <extensions>
          <ns3:TrackPointExtension>
            <ns3:atemp>27.0</ns3:atemp>
            <ns3:hr>145</ns3:hr>
          </ns3:TrackPointExtension>
        </extensions>
      </trkpt>
      <trkpt lat="59.994327239692211151123046875" lon="30.35354982130229473114013671875">
        <ele>25</ele>
        <time>2026-06-30T07:12:15.000Z</time>
        <extensions>
          <ns3:TrackPointExtension>
            <ns3:atemp>27.0</ns3:atemp>
            <ns3:hr>146</ns3:hr>
          </ns3:TrackPointExtension>
        </extensions>
      </trkpt>
      <trkpt lat="59.99429681338369846343994140625" lon="30.35340649075806140899658203125">
        <ele>25.200000762939453125</ele>
        <time>2026-06-30T07:12:17.000Z</time>
        <extensions>
          <ns3:TrackPointExtension>
            <ns3:atemp>27.0</ns3:atemp>
            <ns3:hr>147</ns3:hr>
          </ns3:TrackPointExtension>
        </extensions>
      </trkpt>
      <trkpt lat="59.99422439374029636383056640625" lon="30.353280343115329742431640625">
        <ele>25.799999237060546875</ele>
        <time>2026-06-30T07:12:21.000Z</time>
        <extensions>
          <ns3:TrackPointExtension>
            <ns3:atemp>27.0</ns3:atemp>
            <ns3:hr>147</ns3:hr>
          </ns3:TrackPointExtension>
        </extensions>
      </trkpt>
      <trkpt lat="59.9941505491733551025390625" lon="30.35304657183587551116943359375">
        <ele>25.799999237060546875</ele>
        <time>2026-06-30T07:12:26.000Z</time>
        <extensions>
          <ns3:TrackPointExtension>
            <ns3:atemp>27.0</ns3:atemp>
            <ns3:hr>147</ns3:hr>
          </ns3:TrackPointExtension>
        </extensions>
      </trkpt>
      <trkpt lat="59.9940243177115917205810546875" lon="30.35239546559751033782958984375">
        <ele>25.3999996185302734375</ele>
        <time>2026-06-30T07:12:31.000Z</time>
        <extensions>
          <ns3:TrackPointExtension>
            <ns3:atemp>27.0</ns3:atemp>
            <ns3:hr>147</ns3:hr>
          </ns3:TrackPointExtension>
        </extensions>
      </trkpt>
      <trkpt lat="59.99386514537036418914794921875" lon="30.3519216366112232208251953125">
        <ele>25</ele>
        <time>2026-06-30T07:12:37.000Z</time>
        <extensions>
          <ns3:TrackPointExtension>
            <ns3:atemp>27.0</ns3:atemp>
            <ns3:hr>148</ns3:hr>
          </ns3:TrackPointExtension>
        </extensions>
      </trkpt>
      <trkpt lat="59.993696920573711395263671875" lon="30.35150094889104366302490234375">
        <ele>25</ele>
        <time>2026-06-30T07:12:41.000Z</time>
        <extensions>
          <ns3:TrackPointExtension>
            <ns3:atemp>27.0</ns3:atemp>
            <ns3:hr>145</ns3:hr>
          </ns3:TrackPointExtension>
        </extensions>
      </trkpt>
      <trkpt lat="59.99362223781645298004150390625" lon="30.35137899219989776611328125">
        <ele>25</ele>
        <time>2026-06-30T07:12:43.000Z</time>
        <extensions>
          <ns3:TrackPointExtension>
            <ns3:atemp>27.0</ns3:atemp>
            <ns3:hr>146</ns3:hr>
          </ns3:TrackPointExtension>
        </extensions>
      </trkpt>
      <trkpt lat="59.99352601356804370880126953125" lon="30.3512178920209407806396484375">
        <ele>24.799999237060546875</ele>
        <time>2026-06-30T07:12:45.000Z</time>
        <extensions>
          <ns3:TrackPointExtension>
            <ns3:atemp>27.0</ns3:atemp>
            <ns3:hr>143</ns3:hr>
          </ns3:TrackPointExtension>
        </extensions>
      </trkpt>
      <trkpt lat="59.99345309101045131683349609375" lon="30.35112141631543636322021484375">
        <ele>24.6000003814697265625</ele>
        <time>2026-06-30T07:12:47.000Z</time>
        <extensions>
          <ns3:TrackPointExtension>
            <ns3:atemp>27.0</ns3:atemp>
            <ns3:hr>141</ns3:hr>
          </ns3:TrackPointExtension>
        </extensions>
      </trkpt>
      <trkpt lat="59.9933477304875850677490234375" lon="30.35099384374916553497314453125">
        <ele>24.3999996185302734375</ele>
        <time>2026-06-30T07:12:50.000Z</time>
        <extensions>
          <ns3:TrackPointExtension>
            <ns3:atemp>27.0</ns3:atemp>
            <ns3:hr>140</ns3:hr>
          </ns3:TrackPointExtension>
        </extensions>
      </trkpt>
      <trkpt lat="59.9931284599006175994873046875" lon="30.3507116250693798065185546875">
        <ele>23.6000003814697265625</ele>
        <time>2026-06-30T07:12:56.000Z</time>
        <extensions>
          <ns3:TrackPointExtension>
            <ns3:atemp>27.0</ns3:atemp>
            <ns3:hr>143</ns3:hr>
          </ns3:TrackPointExtension>
        </extensions>
      </trkpt>
      <trkpt lat="59.9930922500789165496826171875" lon="30.35065353848040103912353515625">
        <ele>23.6000003814697265625</ele>
        <time>2026-06-30T07:12:57.000Z</time>
        <extensions>
          <ns3:TrackPointExtension>
            <ns3:atemp>27.0</ns3:atemp>
            <ns3:hr>143</ns3:hr>
          </ns3:TrackPointExtension>
        </extensions>
      </trkpt>
      <trkpt lat="59.993042461574077606201171875" lon="30.3505895845592021942138671875">
        <ele>23.3999996185302734375</ele>
        <time>2026-06-30T07:12:58.000Z</time>
        <extensions>
          <ns3:TrackPointExtension>
            <ns3:atemp>27.0</ns3:atemp>
            <ns3:hr>142</ns3:hr>
          </ns3:TrackPointExtension>
        </extensions>
      </trkpt>
      <trkpt lat="59.99289854429662227630615234375" lon="30.3504450805485248565673828125">
        <ele>23</ele>
        <time>2026-06-30T07:13:02.000Z</time>
        <extensions>
          <ns3:TrackPointExtension>
            <ns3:atemp>27.0</ns3:atemp>
            <ns3:hr>140</ns3:hr>
          </ns3:TrackPointExtension>
        </extensions>
      </trkpt>
      <trkpt lat="59.9928019009530544281005859375" lon="30.350338630378246307373046875">
        <ele>22.3999996185302734375</ele>
        <time>2026-06-30T07:13:05.000Z</time>
        <extensions>
          <ns3:TrackPointExtension>
            <ns3:atemp>27.0</ns3:atemp>
            <ns3:hr>140</ns3:hr>
          </ns3:TrackPointExtension>
        </extensions>
      </trkpt>
      <trkpt lat="59.99276594258844852447509765625" lon="30.35029672086238861083984375">
        <ele>22.3999996185302734375</ele>
        <time>2026-06-30T07:13:06.000Z</time>
        <extensions>
          <ns3:TrackPointExtension>
            <ns3:atemp>27.0</ns3:atemp>
            <ns3:hr>140</ns3:hr>
          </ns3:TrackPointExtension>
        </extensions>
      </trkpt>
      <trkpt lat="59.9927016533911228179931640625" lon="30.35019555129110813140869140625">
        <ele>22.200000762939453125</ele>
        <time>2026-06-30T07:13:07.000Z</time>
        <extensions>
          <ns3:TrackPointExtension>
            <ns3:atemp>27.0</ns3:atemp>
            <ns3:hr>140</ns3:hr>
          </ns3:TrackPointExtension>
        </extensions>
      </trkpt>
      <trkpt lat="59.99263384379446506500244140625" lon="30.35011692903935909271240234375">
        <ele>21.6000003814697265625</ele>
        <time>2026-06-30T07:13:09.000Z</time>
        <extensions>
          <ns3:TrackPointExtension>
            <ns3:atemp>27.0</ns3:atemp>
            <ns3:hr>139</ns3:hr>
          </ns3:TrackPointExtension>
        </extensions>
      </trkpt>
      <trkpt lat="59.99254348687827587127685546875" lon="30.35005666315555572509765625">
        <ele>21.3999996185302734375</ele>
        <time>2026-06-30T07:13:11.000Z</time>
        <extensions>
          <ns3:TrackPointExtension>
            <ns3:atemp>27.0</ns3:atemp>
            <ns3:hr>139</ns3:hr>
          </ns3:TrackPointExtension>
        </extensions>
      </trkpt>
      <trkpt lat="59.99242261983454227447509765625" lon="30.34992766566574573516845703125">
        <ele>20.6000003814697265625</ele>
        <time>2026-06-30T07:13:14.000Z</time>
        <extensions>
          <ns3:TrackPointExtension>
            <ns3:atemp>27.0</ns3:atemp>
            <ns3:hr>140</ns3:hr>
          </ns3:TrackPointExtension>
        </extensions>
      </trkpt>
      <trkpt lat="59.99233310110867023468017578125" lon="30.34981400705873966217041015625">
        <ele>20.200000762939453125</ele>
        <time>2026-06-30T07:13:16.000Z</time>
        <extensions>
          <ns3:TrackPointExtension>
            <ns3:atemp>27.0</ns3:atemp>
            <ns3:hr>141</ns3:hr>
          </ns3:TrackPointExtension>
        </extensions>
      </trkpt>
      <trkpt lat="59.99219697900116443634033203125" lon="30.3496166132390499114990234375">
        <ele>19.799999237060546875</ele>
        <time>2026-06-30T07:13:19.000Z</time>
        <extensions>
          <ns3:TrackPointExtension>
            <ns3:atemp>27.0</ns3:atemp>
            <ns3:hr>141</ns3:hr>
          </ns3:TrackPointExtension>
        </extensions>
      </trkpt>
      <trkpt lat="59.99210335314273834228515625" lon="30.34951125271618366241455078125">
        <ele>19.6000003814697265625</ele>
        <time>2026-06-30T07:13:21.000Z</time>
        <extensions>
          <ns3:TrackPointExtension>
            <ns3:atemp>27.0</ns3:atemp>
            <ns3:hr>142</ns3:hr>
          </ns3:TrackPointExtension>
        </extensions>
      </trkpt>
      <trkpt lat="59.99201425351202487945556640625" lon="30.34941536374390125274658203125">
        <ele>19.6000003814697265625</ele>
        <time>2026-06-30T07:13:23.000Z</time>
        <extensions>
          <ns3:TrackPointExtension>
            <ns3:atemp>27.0</ns3:atemp>
            <ns3:hr>142</ns3:hr>
          </ns3:TrackPointExtension>
        </extensions>
      </trkpt>
      <trkpt lat="59.9918423406779766082763671875" lon="30.34919726662337779998779296875">
        <ele>19.799999237060546875</ele>
        <time>2026-06-30T07:13:27.000Z</time>
        <extensions>
          <ns3:TrackPointExtension>
            <ns3:atemp>26.0</ns3:atemp>
            <ns3:hr>144</ns3:hr>
          </ns3:TrackPointExtension>
        </extensions>
      </trkpt>
      <trkpt lat="59.9917598627507686614990234375" lon="30.34909249283373355865478515625">
        <ele>19.799999237060546875</ele>
        <time>2026-06-30T07:13:29.000Z</time>
        <extensions>
          <ns3:TrackPointExtension>
            <ns3:atemp>26.0</ns3:atemp>
            <ns3:hr>144</ns3:hr>
          </ns3:TrackPointExtension>
        </extensions>
      </trkpt>
      <trkpt lat="59.99162516556680202484130859375" lon="30.34891312010586261749267578125">
        <ele>19.799999237060546875</ele>
        <time>2026-06-30T07:13:32.000Z</time>
        <extensions>
          <ns3:TrackPointExtension>
            <ns3:atemp>26.0</ns3:atemp>
            <ns3:hr>144</ns3:hr>
          </ns3:TrackPointExtension>
        </extensions>
      </trkpt>
      <trkpt lat="59.991586022078990936279296875" lon="30.34886333160102367401123046875">
        <ele>19.6000003814697265625</ele>
        <time>2026-06-30T07:13:33.000Z</time>
        <extensions>
          <ns3:TrackPointExtension>
            <ns3:atemp>26.0</ns3:atemp>
            <ns3:hr>144</ns3:hr>
          </ns3:TrackPointExtension>
        </extensions>
      </trkpt>
      <trkpt lat="59.99141913838684558868408203125" lon="30.34857298247516155242919921875">
        <ele>19</ele>
        <time>2026-06-30T07:13:37.000Z</time>
        <extensions>
          <ns3:TrackPointExtension>
            <ns3:atemp>26.0</ns3:atemp>
            <ns3:hr>145</ns3:hr>
          </ns3:TrackPointExtension>
        </extensions>
      </trkpt>
      <trkpt lat="59.99132190831005573272705078125" lon="30.3484180010855197906494140625">
        <ele>19</ele>
        <time>2026-06-30T07:13:39.000Z</time>
        <extensions>
          <ns3:TrackPointExtension>
            <ns3:atemp>26.0</ns3:atemp>
            <ns3:hr>144</ns3:hr>
          </ns3:TrackPointExtension>
        </extensions>
      </trkpt>
      <trkpt lat="59.99119064770638942718505859375" lon="30.3482238762080669403076171875">
        <ele>19.3999996185302734375</ele>
        <time>2026-06-30T07:13:42.000Z</time>
        <extensions>
          <ns3:TrackPointExtension>
            <ns3:atemp>26.0</ns3:atemp>
            <ns3:hr>143</ns3:hr>
          </ns3:TrackPointExtension>
        </extensions>
      </trkpt>
      <trkpt lat="59.990931563079357147216796875" lon="30.34789052791893482208251953125">
        <ele>19.200000762939453125</ele>
        <time>2026-06-30T07:13:48.000Z</time>
        <extensions>
          <ns3:TrackPointExtension>
            <ns3:atemp>26.0</ns3:atemp>
            <ns3:hr>142</ns3:hr>
          </ns3:TrackPointExtension>
        </extensions>
      </trkpt>
      <trkpt lat="59.99074481427669525146484375" lon="30.3475306928157806396484375">
        <ele>19.799999237060546875</ele>
        <time>2026-06-30T07:13:53.000Z</time>
        <extensions>
          <ns3:TrackPointExtension>
            <ns3:atemp>26.0</ns3:atemp>
            <ns3:hr>140</ns3:hr>
          </ns3:TrackPointExtension>
        </extensions>
      </trkpt>
      <trkpt lat="59.99063945375382900238037109375" lon="30.34732005558907985687255859375">
        <ele>19.200000762939453125</ele>
        <time>2026-06-30T07:13:55.000Z</time>
        <extensions>
          <ns3:TrackPointExtension>
            <ns3:atemp>26.0</ns3:atemp>
            <ns3:hr>140</ns3:hr>
          </ns3:TrackPointExtension>
        </extensions>
      </trkpt>
      <trkpt lat="59.990481622517108917236328125" lon="30.34702970646321773529052734375">
        <ele>18.3999996185302734375</ele>
        <time>2026-06-30T07:13:57.000Z</time>
        <extensions>
          <ns3:TrackPointExtension>
            <ns3:atemp>26.0</ns3:atemp>
            <ns3:hr>139</ns3:hr>
          </ns3:TrackPointExtension>
        </extensions>
      </trkpt>
      <trkpt lat="59.990368299186229705810546875" lon="30.34691738896071910858154296875">
        <ele>17.799999237060546875</ele>
        <time>2026-06-30T07:13:59.000Z</time>
        <extensions>
          <ns3:TrackPointExtension>
            <ns3:atemp>26.0</ns3:atemp>
            <ns3:hr>138</ns3:hr>
          </ns3:TrackPointExtension>
        </extensions>
      </trkpt>
      <trkpt lat="59.99026964418590068817138671875" lon="30.34680775366723537445068359375">
        <ele>17.200000762939453125</ele>
        <time>2026-06-30T07:14:02.000Z</time>
        <extensions>
          <ns3:TrackPointExtension>
            <ns3:atemp>26.0</ns3:atemp>
            <ns3:hr>136</ns3:hr>
          </ns3:TrackPointExtension>
        </extensions>
      </trkpt>
      <trkpt lat="59.99024533666670322418212890625" lon="30.3467831946909427642822265625">
        <ele>17</ele>
        <time>2026-06-30T07:14:03.000Z</time>
        <extensions>
          <ns3:TrackPointExtension>
            <ns3:atemp>26.0</ns3:atemp>
            <ns3:hr>136</ns3:hr>
          </ns3:TrackPointExtension>
        </extensions>
      </trkpt>
      <trkpt lat="59.9901639483869075775146484375" lon="30.34678277559578418731689453125">
        <ele>17</ele>
        <time>2026-06-30T07:14:07.000Z</time>
        <extensions>
          <ns3:TrackPointExtension>
            <ns3:atemp>26.0</ns3:atemp>
            <ns3:hr>136</ns3:hr>
          </ns3:TrackPointExtension>
        </extensions>
      </trkpt>
      <trkpt lat="59.9901448376476764678955078125" lon="30.3467764891684055328369140625">
        <ele>16.799999237060546875</ele>
        <time>2026-06-30T07:14:08.000Z</time>
        <extensions>
          <ns3:TrackPointExtension>
            <ns3:atemp>26.0</ns3:atemp>
            <ns3:hr>136</ns3:hr>
          </ns3:TrackPointExtension>
        </extensions>
      </trkpt>
      <trkpt lat="59.99012656509876251220703125" lon="30.346749834716320037841796875">
        <ele>16.3999996185302734375</ele>
        <time>2026-06-30T07:14:10.000Z</time>
        <extensions>
          <ns3:TrackPointExtension>
            <ns3:atemp>26.0</ns3:atemp>
            <ns3:hr>136</ns3:hr>
          </ns3:TrackPointExtension>
        </extensions>
      </trkpt>
      <trkpt lat="59.9900787882506847381591796875" lon="30.3467020578682422637939453125">
        <ele>16.200000762939453125</ele>
        <time>2026-06-30T07:14:12.000Z</time>
        <extensions>
          <ns3:TrackPointExtension>
            <ns3:atemp>26.0</ns3:atemp>
            <ns3:hr>136</ns3:hr>
          </ns3:TrackPointExtension>
        </extensions>
      </trkpt>
      <trkpt lat="59.989891536533832550048828125" lon="30.34666408784687519073486328125">
        <ele>16</ele>
        <time>2026-06-30T07:14:16.000Z</time>
        <extensions>
          <ns3:TrackPointExtension>
            <ns3:atemp>26.0</ns3:atemp>
            <ns3:hr>138</ns3:hr>
          </ns3:TrackPointExtension>
        </extensions>
      </trkpt>
      <trkpt lat="59.98983378522098064422607421875" lon="30.3465749882161617279052734375">
        <ele>15.6000003814697265625</ele>
        <time>2026-06-30T07:14:20.000Z</time>
        <extensions>
          <ns3:TrackPointExtension>
            <ns3:atemp>26.0</ns3:atemp>
            <ns3:hr>139</ns3:hr>
          </ns3:TrackPointExtension>
        </extensions>
      </trkpt>
      <trkpt lat="59.9897857569158077239990234375" lon="30.34658160991966724395751953125">
        <ele>15.3999996185302734375</ele>
        <time>2026-06-30T07:14:22.000Z</time>
        <extensions>
          <ns3:TrackPointExtension>
            <ns3:atemp>26.0</ns3:atemp>
            <ns3:hr>137</ns3:hr>
          </ns3:TrackPointExtension>
        </extensions>
      </trkpt>
      <trkpt lat="59.98968224041163921356201171875" lon="30.3465713001787662506103515625">
        <ele>15.19999980926513671875</ele>
        <time>2026-06-30T07:14:26.000Z</time>
        <extensions>
          <ns3:TrackPointExtension>
            <ns3:atemp>26.0</ns3:atemp>
            <ns3:hr>138</ns3:hr>
          </ns3:TrackPointExtension>
        </extensions>
      </trkpt>
      <trkpt lat="59.98967436142265796661376953125" lon="30.3465508483350276947021484375">
        <ele>15.19999980926513671875</ele>
        <time>2026-06-30T07:14:27.000Z</time>
        <extensions>
          <ns3:TrackPointExtension>
            <ns3:atemp>26.0</ns3:atemp>
            <ns3:hr>138</ns3:hr>
          </ns3:TrackPointExtension>
        </extensions>
      </trkpt>
      <trkpt lat="59.9896677397191524505615234375" lon="30.346521176397800445556640625">
        <ele>15.19999980926513671875</ele>
        <time>2026-06-30T07:14:28.000Z</time>
        <extensions>
          <ns3:TrackPointExtension>
            <ns3:atemp>26.0</ns3:atemp>
            <ns3:hr>141</ns3:hr>
          </ns3:TrackPointExtension>
        </extensions>
      </trkpt>
      <trkpt lat="59.98966899700462818145751953125" lon="30.34635680727660655975341796875">
        <ele>15</ele>
        <time>2026-06-30T07:14:31.000Z</time>
        <extensions>
          <ns3:TrackPointExtension>
            <ns3:atemp>26.0</ns3:atemp>
            <ns3:hr>143</ns3:hr>
          </ns3:TrackPointExtension>
        </extensions>
      </trkpt>
      <trkpt lat="59.98965877108275890350341796875" lon="30.346058495342731475830078125">
        <ele>14.6000003814697265625</ele>
        <time>2026-06-30T07:14:34.000Z</time>
        <extensions>
          <ns3:TrackPointExtension>
            <ns3:atemp>26.0</ns3:atemp>
            <ns3:hr>143</ns3:hr>
          </ns3:TrackPointExtension>
        </extensions>
      </trkpt>
      <trkpt lat="59.9896551668643951416015625" lon="30.34596386365592479705810546875">
        <ele>14.3999996185302734375</ele>
        <time>2026-06-30T07:14:35.000Z</time>
        <extensions>
          <ns3:TrackPointExtension>
            <ns3:atemp>26.0</ns3:atemp>
            <ns3:hr>143</ns3:hr>
          </ns3:TrackPointExtension>
        </extensions>
      </trkpt>
      <trkpt lat="59.98965583741664886474609375" lon="30.3458672203123569488525390625">
        <ele>14.19999980926513671875</ele>
        <time>2026-06-30T07:14:36.000Z</time>
        <extensions>
          <ns3:TrackPointExtension>
            <ns3:atemp>26.0</ns3:atemp>
            <ns3:hr>143</ns3:hr>
          </ns3:TrackPointExtension>
        </extensions>
      </trkpt>
      <trkpt lat="59.989630691707134246826171875" lon="30.3456861712038516998291015625">
        <ele>13.80000019073486328125</ele>
        <time>2026-06-30T07:14:38.000Z</time>
        <extensions>
          <ns3:TrackPointExtension>
            <ns3:atemp>26.0</ns3:atemp>
            <ns3:hr>142</ns3:hr>
          </ns3:TrackPointExtension>
        </extensions>
      </trkpt>
      <trkpt lat="59.9895976670086383819580078125" lon="30.3452908806502819061279296875">
        <ele>14</ele>
        <time>2026-06-30T07:14:42.000Z</time>
        <extensions>
          <ns3:TrackPointExtension>
            <ns3:atemp>26.0</ns3:atemp>
            <ns3:hr>144</ns3:hr>
          </ns3:TrackPointExtension>
        </extensions>
      </trkpt>
      <trkpt lat="59.9895829148590564727783203125" lon="30.34519138745963573455810546875">
        <ele>14</ele>
        <time>2026-06-30T07:14:43.000Z</time>
        <extensions>
          <ns3:TrackPointExtension>
            <ns3:atemp>26.0</ns3:atemp>
            <ns3:hr>145</ns3:hr>
          </ns3:TrackPointExtension>
        </extensions>
      </trkpt>
      <trkpt lat="59.98951292596757411956787109375" lon="30.3447661735117435455322265625">
        <ele>14.19999980926513671875</ele>
        <time>2026-06-30T07:14:48.000Z</time>
        <extensions>
          <ns3:TrackPointExtension>
            <ns3:atemp>26.0</ns3:atemp>
            <ns3:hr>146</ns3:hr>
          </ns3:TrackPointExtension>
        </extensions>
      </trkpt>
      <trkpt lat="59.98948107473552227020263671875" lon="30.34463969059288501739501953125">
        <ele>14.19999980926513671875</ele>
        <time>2026-06-30T07:14:50.000Z</time>
        <extensions>
          <ns3:TrackPointExtension>
            <ns3:atemp>26.0</ns3:atemp>
            <ns3:hr>143</ns3:hr>
          </ns3:TrackPointExtension>
        </extensions>
      </trkpt>
      <trkpt lat="59.98945324681699275970458984375" lon="30.3445090167224407196044921875">
        <ele>14.3999996185302734375</ele>
        <time>2026-06-30T07:14:52.000Z</time>
        <extensions>
          <ns3:TrackPointExtension>
            <ns3:atemp>26.0</ns3:atemp>
            <ns3:hr>142</ns3:hr>
          </ns3:TrackPointExtension>
        </extensions>
      </trkpt>
      <trkpt lat="59.98944100923836231231689453125" lon="30.34443584270775318145751953125">
        <ele>14.3999996185302734375</ele>
        <time>2026-06-30T07:14:53.000Z</time>
        <extensions>
          <ns3:TrackPointExtension>
            <ns3:atemp>26.0</ns3:atemp>
            <ns3:hr>142</ns3:hr>
          </ns3:TrackPointExtension>
        </extensions>
      </trkpt>
      <trkpt lat="59.9894099123775959014892578125" lon="30.34428312443196773529052734375">
        <ele>14.19999980926513671875</ele>
        <time>2026-06-30T07:14:55.000Z</time>
        <extensions>
          <ns3:TrackPointExtension>
            <ns3:atemp>26.0</ns3:atemp>
            <ns3:hr>141</ns3:hr>
          </ns3:TrackPointExtension>
        </extensions>
      </trkpt>
      <trkpt lat="59.9893800728023052215576171875" lon="30.3442310728132724761962890625">
        <ele>14.19999980926513671875</ele>
        <time>2026-06-30T07:14:57.000Z</time>
        <extensions>
          <ns3:TrackPointExtension>
            <ns3:atemp>26.0</ns3:atemp>
            <ns3:hr>142</ns3:hr>
          </ns3:TrackPointExtension>
        </extensions>
      </trkpt>
      <trkpt lat="59.98936255462467670440673828125" lon="30.3442490100860595703125">
        <ele>14</ele>
        <time>2026-06-30T07:15:02.000Z</time>
        <extensions>
          <ns3:TrackPointExtension>
            <ns3:atemp>26.0</ns3:atemp>
            <ns3:hr>141</ns3:hr>
          </ns3:TrackPointExtension>
        </extensions>
      </trkpt>
      <trkpt lat="59.98934528790414333343505859375" lon="30.34421615302562713623046875">
        <ele>13.3999996185302734375</ele>
        <time>2026-06-30T07:15:08.000Z</time>
        <extensions>
          <ns3:TrackPointExtension>
            <ns3:atemp>26.0</ns3:atemp>
            <ns3:hr>139</ns3:hr>
          </ns3:TrackPointExtension>
        </extensions>
      </trkpt>
      <trkpt lat="59.98934981413185596466064453125" lon="30.34422713331878185272216796875">
        <ele>12.80000019073486328125</ele>
        <time>2026-06-30T07:15:14.000Z</time>
        <extensions>
          <ns3:TrackPointExtension>
            <ns3:atemp>26.0</ns3:atemp>
            <ns3:hr>135</ns3:hr>
          </ns3:TrackPointExtension>
        </extensions>
      </trkpt>
      <trkpt lat="59.98935216106474399566650390625" lon="30.344231911003589630126953125">
        <ele>12.80000019073486328125</ele>
        <time>2026-06-30T07:15:15.000Z</time>
        <extensions>
          <ns3:TrackPointExtension>
            <ns3:atemp>26.0</ns3:atemp>
            <ns3:hr>132</ns3:hr>
          </ns3:TrackPointExtension>
        </extensions>
      </trkpt>
      <trkpt lat="59.98930522240698337554931640625" lon="30.344103835523128509521484375">
        <ele>12.80000019073486328125</ele>
        <time>2026-06-30T07:15:17.000Z</time>
        <extensions>
          <ns3:TrackPointExtension>
            <ns3:atemp>26.0</ns3:atemp>
            <ns3:hr>129</ns3:hr>
          </ns3:TrackPointExtension>
        </extensions>
      </trkpt>
      <trkpt lat="59.9892587028443813323974609375" lon="30.34398707561194896697998046875">
        <ele>12.80000019073486328125</ele>
        <time>2026-06-30T07:15:18.000Z</time>
        <extensions>
          <ns3:TrackPointExtension>
            <ns3:atemp>26.0</ns3:atemp>
            <ns3:hr>129</ns3:hr>
          </ns3:TrackPointExtension>
        </extensions>
      </trkpt>
      <trkpt lat="59.9892224930226802825927734375" lon="30.3438491933047771453857421875">
        <ele>13</ele>
        <time>2026-06-30T07:15:25.000Z</time>
        <extensions>
          <ns3:TrackPointExtension>
            <ns3:atemp>26.0</ns3:atemp>
            <ns3:hr>129</ns3:hr>
          </ns3:TrackPointExtension>
        </extensions>
      </trkpt>
      <trkpt lat="59.989220313727855682373046875" lon="30.343861095607280731201171875">
        <ele>13</ele>
        <time>2026-06-30T07:15:27.000Z</time>
        <extensions>
          <ns3:TrackPointExtension>
            <ns3:atemp>26.0</ns3:atemp>
            <ns3:hr>132</ns3:hr>
          </ns3:TrackPointExtension>
        </extensions>
      </trkpt>
      <trkpt lat="59.98922090046107769012451171875" lon="30.343877859413623809814453125">
        <ele>13.19999980926513671875</ele>
        <time>2026-06-30T07:15:28.000Z</time>
        <extensions>
          <ns3:TrackPointExtension>
            <ns3:atemp>26.0</ns3:atemp>
            <ns3:hr>135</ns3:hr>
          </ns3:TrackPointExtension>
        </extensions>
      </trkpt>
      <trkpt lat="59.98921184800565242767333984375" lon="30.34386637620627880096435546875">
        <ele>13</ele>
        <time>2026-06-30T07:15:29.000Z</time>
        <extensions>
          <ns3:TrackPointExtension>
            <ns3:atemp>26.0</ns3:atemp>
            <ns3:hr>138</ns3:hr>
          </ns3:TrackPointExtension>
        </extensions>
      </trkpt>
      <trkpt lat="59.9892023764550685882568359375" lon="30.3438558988273143768310546875">
        <ele>13</ele>
        <time>2026-06-30T07:15:30.000Z</time>
        <extensions>
          <ns3:TrackPointExtension>
            <ns3:atemp>26.0</ns3:atemp>
            <ns3:hr>138</ns3:hr>
          </ns3:TrackPointExtension>
        </extensions>
      </trkpt>
      <trkpt lat="59.98921017162501811981201171875" lon="30.34390292130410671234130859375">
        <ele>13</ele>
        <time>2026-06-30T07:15:34.000Z</time>
        <extensions>
          <ns3:TrackPointExtension>
            <ns3:atemp>26.0</ns3:atemp>
            <ns3:hr>138</ns3:hr>
          </ns3:TrackPointExtension>
        </extensions>
      </trkpt>
      <trkpt lat="59.98924839310348033905029296875" lon="30.3440248779952526092529296875">
        <ele>13.19999980926513671875</ele>
        <time>2026-06-30T07:15:40.000Z</time>
        <extensions>
          <ns3:TrackPointExtension>
            <ns3:atemp>26.0</ns3:atemp>
            <ns3:hr>135</ns3:hr>
          </ns3:TrackPointExtension>
        </extensions>
      </trkpt>
      <trkpt lat="59.989245124161243438720703125" lon="30.34402303397655487060546875">
        <ele>13.19999980926513671875</ele>
        <time>2026-06-30T07:15:43.000Z</time>
        <extensions>
          <ns3:TrackPointExtension>
            <ns3:atemp>26.0</ns3:atemp>
            <ns3:hr>133</ns3:hr>
          </ns3:TrackPointExtension>
        </extensions>
      </trkpt>
      <trkpt lat="59.9892432801425457000732421875" lon="30.344022028148174285888671875">
        <ele>13.19999980926513671875</ele>
        <time>2026-06-30T07:15:45.000Z</time>
        <extensions>
          <ns3:TrackPointExtension>
            <ns3:atemp>26.0</ns3:atemp>
            <ns3:hr>130</ns3:hr>
          </ns3:TrackPointExtension>
        </extensions>
      </trkpt>
      <trkpt lat="59.98924386687576770782470703125" lon="30.34403418190777301788330078125">
        <ele>13</ele>
        <time>2026-06-30T07:15:51.000Z</time>
        <extensions>
          <ns3:TrackPointExtension>
            <ns3:atemp>26.0</ns3:atemp>
            <ns3:hr>127</ns3:hr>
          </ns3:TrackPointExtension>
        </extensions>
      </trkpt>
      <trkpt lat="59.98924990184605121612548828125" lon="30.344036780297756195068359375">
        <ele>13</ele>
        <time>2026-06-30T07:15:54.000Z</time>
        <extensions>
          <ns3:TrackPointExtension>
            <ns3:atemp>26.0</ns3:atemp>
            <ns3:hr>124</ns3:hr>
          </ns3:TrackPointExtension>
        </extensions>
      </trkpt>
      <trkpt lat="59.9892570264637470245361328125" lon="30.34405446611344814300537109375">
        <ele>13.19999980926513671875</ele>
        <time>2026-06-30T07:16:00.000Z</time>
        <extensions>
          <ns3:TrackPointExtension>
            <ns3:atemp>26.0</ns3:atemp>
            <ns3:hr>126</ns3:hr>
          </ns3:TrackPointExtension>
        </extensions>
      </trkpt>
      <trkpt lat="59.98925308696925640106201171875" lon="30.34397517330944538116455078125">
        <ele>13.6000003814697265625</ele>
        <time>2026-06-30T07:16:07.000Z</time>
        <extensions>
          <ns3:TrackPointExtension>
            <ns3:atemp>26.0</ns3:atemp>
            <ns3:hr>124</ns3:hr>
          </ns3:TrackPointExtension>
        </extensions>
      </trkpt>
      <trkpt lat="59.98925476334989070892333984375" lon="30.34395866096019744873046875">
        <ele>13.3999996185302734375</ele>
        <time>2026-06-30T07:16:08.000Z</time>
        <extensions>
          <ns3:TrackPointExtension>
            <ns3:atemp>26.0</ns3:atemp>
            <ns3:hr>124</ns3:hr>
          </ns3:TrackPointExtension>
        </extensions>
      </trkpt>
      <trkpt lat="59.989264905452728271484375" lon="30.34376461990177631378173828125">
        <ele>14</ele>
        <time>2026-06-30T07:16:13.000Z</time>
        <extensions>
          <ns3:TrackPointExtension>
            <ns3:atemp>26.0</ns3:atemp>
            <ns3:hr>124</ns3:hr>
          </ns3:TrackPointExtension>
        </extensions>
      </trkpt>
      <trkpt lat="59.9892627261579036712646484375" lon="30.343606285750865936279296875">
        <ele>14.3999996185302734375</ele>
        <time>2026-06-30T07:16:16.000Z</time>
        <extensions>
          <ns3:TrackPointExtension>
            <ns3:atemp>26.0</ns3:atemp>
            <ns3:hr>125</ns3:hr>
          </ns3:TrackPointExtension>
        </extensions>
      </trkpt>
      <trkpt lat="59.9892573617398738861083984375" lon="30.343473516404628753662109375">
        <ele>14.80000019073486328125</ele>
        <time>2026-06-30T07:16:18.000Z</time>
        <extensions>
          <ns3:TrackPointExtension>
            <ns3:atemp>26.0</ns3:atemp>
            <ns3:hr>128</ns3:hr>
          </ns3:TrackPointExtension>
        </extensions>
      </trkpt>
      <trkpt lat="59.9892449565231800079345703125" lon="30.3433184511959552764892578125">
        <ele>15</ele>
        <time>2026-06-30T07:16:20.000Z</time>
        <extensions>
          <ns3:TrackPointExtension>
            <ns3:atemp>26.0</ns3:atemp>
            <ns3:hr>130</ns3:hr>
          </ns3:TrackPointExtension>
        </extensions>
      </trkpt>
      <trkpt lat="59.98923565261065959930419921875" lon="30.34313463605940341949462890625">
        <ele>15.19999980926513671875</ele>
        <time>2026-06-30T07:16:23.000Z</time>
        <extensions>
          <ns3:TrackPointExtension>
            <ns3:atemp>26.0</ns3:atemp>
            <ns3:hr>133</ns3:hr>
          </ns3:TrackPointExtension>
        </extensions>
      </trkpt>
      <trkpt lat="59.989237077534198760986328125" lon="30.34284713678061962127685546875">
        <ele>15.3999996185302734375</ele>
        <time>2026-06-30T07:16:26.000Z</time>
        <extensions>
          <ns3:TrackPointExtension>
            <ns3:atemp>26.0</ns3:atemp>
            <ns3:hr>135</ns3:hr>
          </ns3:TrackPointExtension>
        </extensions>
      </trkpt>
      <trkpt lat="59.98921553604304790496826171875" lon="30.342618562281131744384765625">
        <ele>15.19999980926513671875</ele>
        <time>2026-06-30T07:16:28.000Z</time>
        <extensions>
          <ns3:TrackPointExtension>
            <ns3:atemp>26.0</ns3:atemp>
            <ns3:hr>135</ns3:hr>
          </ns3:TrackPointExtension>
        </extensions>
      </trkpt>
      <trkpt lat="59.9892010353505611419677734375" lon="30.34242519177496433258056640625">
        <ele>15</ele>
        <time>2026-06-30T07:16:30.000Z</time>
        <extensions>
          <ns3:TrackPointExtension>
            <ns3:atemp>26.0</ns3:atemp>
            <ns3:hr>135</ns3:hr>
          </ns3:TrackPointExtension>
        </extensions>
      </trkpt>
      <trkpt lat="59.98917706310749053955078125" lon="30.3422428853809833526611328125">
        <ele>15</ele>
        <time>2026-06-30T07:16:32.000Z</time>
        <extensions>
          <ns3:TrackPointExtension>
            <ns3:atemp>26.0</ns3:atemp>
            <ns3:hr>136</ns3:hr>
          </ns3:TrackPointExtension>
        </extensions>
      </trkpt>
      <trkpt lat="59.98915015719830989837646484375" lon="30.3420112095773220062255859375">
        <ele>15</ele>
        <time>2026-06-30T07:16:34.000Z</time>
        <extensions>
          <ns3:TrackPointExtension>
            <ns3:atemp>26.0</ns3:atemp>
            <ns3:hr>139</ns3:hr>
          </ns3:TrackPointExtension>
        </extensions>
      </trkpt>
      <trkpt lat="59.98911428265273571014404296875" lon="30.3416836448013782501220703125">
        <ele>14.80000019073486328125</ele>
        <time>2026-06-30T07:16:37.000Z</time>
        <extensions>
          <ns3:TrackPointExtension>
            <ns3:atemp>26.0</ns3:atemp>
            <ns3:hr>140</ns3:hr>
          </ns3:TrackPointExtension>
        </extensions>
      </trkpt>
      <trkpt lat="59.98908192850649356842041015625" lon="30.3415019251406192779541015625">
        <ele>14.6000003814697265625</ele>
        <time>2026-06-30T07:16:39.000Z</time>
        <extensions>
          <ns3:TrackPointExtension>
            <ns3:atemp>26.0</ns3:atemp>
            <ns3:hr>140</ns3:hr>
          </ns3:TrackPointExtension>
        </extensions>
      </trkpt>
      <trkpt lat="59.989064075052738189697265625" lon="30.341134965419769287109375">
        <ele>14.19999980926513671875</ele>
        <time>2026-06-30T07:16:44.000Z</time>
        <extensions>
          <ns3:TrackPointExtension>
            <ns3:atemp>26.0</ns3:atemp>
            <ns3:hr>139</ns3:hr>
          </ns3:TrackPointExtension>
        </extensions>
      </trkpt>
      <trkpt lat="59.9890411086380481719970703125" lon="30.34110520966351032257080078125">
        <ele>14.19999980926513671875</ele>
        <time>2026-06-30T07:16:45.000Z</time>
        <extensions>
          <ns3:TrackPointExtension>
            <ns3:atemp>26.0</ns3:atemp>
            <ns3:hr>139</ns3:hr>
          </ns3:TrackPointExtension>
        </extensions>
      </trkpt>
      <trkpt lat="59.98898570425808429718017578125" lon="30.3410947322845458984375">
        <ele>14</ele>
        <time>2026-06-30T07:16:47.000Z</time>
        <extensions>
          <ns3:TrackPointExtension>
            <ns3:atemp>26.0</ns3:atemp>
            <ns3:hr>139</ns3:hr>
          </ns3:TrackPointExtension>
        </extensions>
      </trkpt>
      <trkpt lat="59.98890942893922328948974609375" lon="30.3411161899566650390625">
        <ele>14</ele>
        <time>2026-06-30T07:16:49.000Z</time>
        <extensions>
          <ns3:TrackPointExtension>
            <ns3:atemp>26.0</ns3:atemp>
            <ns3:hr>139</ns3:hr>
          </ns3:TrackPointExtension>
        </extensions>
      </trkpt>
      <trkpt lat="59.98816511593759059906005859375" lon="30.34151257015764713287353515625">
        <ele>12</ele>
        <time>2026-06-30T07:17:05.000Z</time>
        <extensions>
          <ns3:TrackPointExtension>
            <ns3:atemp>26.0</ns3:atemp>
            <ns3:hr>139</ns3:hr>
          </ns3:TrackPointExtension>
        </extensions>
      </trkpt>
      <trkpt lat="59.9879511259496212005615234375" lon="30.34139715135097503662109375">
        <ele>13.19999980926513671875</ele>
        <time>2026-06-30T07:17:08.000Z</time>
        <extensions>
          <ns3:TrackPointExtension>
            <ns3:atemp>26.0</ns3:atemp>
            <ns3:hr>139</ns3:hr>
          </ns3:TrackPointExtension>
        </extensions>
      </trkpt>
      <trkpt lat="59.987879879772663116455078125" lon="30.34137276001274585723876953125">
        <ele>14</ele>
        <time>2026-06-30T07:17:09.000Z</time>
        <extensions>
          <ns3:TrackPointExtension>
            <ns3:atemp>26.0</ns3:atemp>
            <ns3:hr>139</ns3:hr>
          </ns3:TrackPointExtension>
        </extensions>
      </trkpt>
      <trkpt lat="59.9876607768237590789794921875" lon="30.341317355632781982421875">
        <ele>14.3999996185302734375</ele>
        <time>2026-06-30T07:17:13.000Z</time>
        <extensions>
          <ns3:TrackPointExtension>
            <ns3:atemp>26.0</ns3:atemp>
            <ns3:hr>138</ns3:hr>
          </ns3:TrackPointExtension>
        </extensions>
      </trkpt>
      <trkpt lat="59.98749791644513607025146484375" lon="30.34145657904446125030517578125">
        <ele>13.3999996185302734375</ele>
        <time>2026-06-30T07:17:18.000Z</time>
        <extensions>
          <ns3:TrackPointExtension>
            <ns3:atemp>26.0</ns3:atemp>
            <ns3:hr>136</ns3:hr>
          </ns3:TrackPointExtension>
        </extensions>
      </trkpt>
      <trkpt lat="59.98725601471960544586181640625" lon="30.34145507030189037322998046875">
        <ele>13.6000003814697265625</ele>
        <time>2026-06-30T07:17:23.000Z</time>
        <extensions>
          <ns3:TrackPointExtension>
            <ns3:atemp>26.0</ns3:atemp>
            <ns3:hr>134</ns3:hr>
          </ns3:TrackPointExtension>
        </extensions>
      </trkpt>
      <trkpt lat="59.98709566891193389892578125" lon="30.341651625931262969970703125">
        <ele>13.80000019073486328125</ele>
        <time>2026-06-30T07:17:28.000Z</time>
        <extensions>
          <ns3:TrackPointExtension>
            <ns3:atemp>26.0</ns3:atemp>
            <ns3:hr>134</ns3:hr>
          </ns3:TrackPointExtension>
        </extensions>
      </trkpt>
      <trkpt lat="59.98706775717437267303466796875" lon="30.341678448021411895751953125">
        <ele>13.80000019073486328125</ele>
        <time>2026-06-30T07:17:29.000Z</time>
        <extensions>
          <ns3:TrackPointExtension>
            <ns3:atemp>26.0</ns3:atemp>
            <ns3:hr>135</ns3:hr>
          </ns3:TrackPointExtension>
        </extensions>
      </trkpt>
      <trkpt lat="59.98690565116703510284423828125" lon="30.34174743108451366424560546875">
        <ele>13.80000019073486328125</ele>
        <time>2026-06-30T07:17:31.000Z</time>
        <extensions>
          <ns3:TrackPointExtension>
            <ns3:atemp>26.0</ns3:atemp>
            <ns3:hr>134</ns3:hr>
          </ns3:TrackPointExtension>
        </extensions>
      </trkpt>
      <trkpt lat="59.986805655062198638916015625" lon="30.34167350269854068756103515625">
        <ele>13.80000019073486328125</ele>
        <time>2026-06-30T07:17:36.000Z</time>
        <extensions>
          <ns3:TrackPointExtension>
            <ns3:atemp>26.0</ns3:atemp>
            <ns3:hr>135</ns3:hr>
          </ns3:TrackPointExtension>
        </extensions>
      </trkpt>
      <trkpt lat="59.98677841387689113616943359375" lon="30.34154006280004978179931640625">
        <ele>14.3999996185302734375</ele>
        <time>2026-06-30T07:17:40.000Z</time>
        <extensions>
          <ns3:TrackPointExtension>
            <ns3:atemp>26.0</ns3:atemp>
            <ns3:hr>135</ns3:hr>
          </ns3:TrackPointExtension>
        </extensions>
      </trkpt>
      <trkpt lat="59.9867897294461727142333984375" lon="30.3415170125663280487060546875">
        <ele>14.3999996185302734375</ele>
        <time>2026-06-30T07:17:42.000Z</time>
        <extensions>
          <ns3:TrackPointExtension>
            <ns3:atemp>26.0</ns3:atemp>
            <ns3:hr>135</ns3:hr>
          </ns3:TrackPointExtension>
        </extensions>
      </trkpt>
      <trkpt lat="59.98680439777672290802001953125" lon="30.34136236645281314849853515625">
        <ele>14.6000003814697265625</ele>
        <time>2026-06-30T07:17:46.000Z</time>
        <extensions>
          <ns3:TrackPointExtension>
            <ns3:atemp>26.0</ns3:atemp>
            <ns3:hr>135</ns3:hr>
          </ns3:TrackPointExtension>
        </extensions>
      </trkpt>
      <trkpt lat="59.98681110329926013946533203125" lon="30.34125893376767635345458984375">
        <ele>14.80000019073486328125</ele>
        <time>2026-06-30T07:17:50.000Z</time>
        <extensions>
          <ns3:TrackPointExtension>
            <ns3:atemp>26.0</ns3:atemp>
            <ns3:hr>135</ns3:hr>
          </ns3:TrackPointExtension>
        </extensions>
      </trkpt>
      <trkpt lat="59.98682367615401744842529296875" lon="30.341241918504238128662109375">
        <ele>14.6000003814697265625</ele>
        <time>2026-06-30T07:17:52.000Z</time>
        <extensions>
          <ns3:TrackPointExtension>
            <ns3:atemp>26.0</ns3:atemp>
            <ns3:hr>134</ns3:hr>
          </ns3:TrackPointExtension>
        </extensions>
      </trkpt>
      <trkpt lat="59.98682853765785694122314453125" lon="30.341175533831119537353515625">
        <ele>14.19999980926513671875</ele>
        <time>2026-06-30T07:17:55.000Z</time>
        <extensions>
          <ns3:TrackPointExtension>
            <ns3:atemp>26.0</ns3:atemp>
            <ns3:hr>134</ns3:hr>
          </ns3:TrackPointExtension>
        </extensions>
      </trkpt>
      <trkpt lat="59.9868188984692096710205078125" lon="30.3411461971700191497802734375">
        <ele>14</ele>
        <time>2026-06-30T07:17:58.000Z</time>
        <extensions>
          <ns3:TrackPointExtension>
            <ns3:atemp>26.0</ns3:atemp>
            <ns3:hr>135</ns3:hr>
          </ns3:TrackPointExtension>
        </extensions>
      </trkpt>
      <trkpt lat="59.9868098460137844085693359375" lon="30.3411602787673473358154296875">
        <ele>14</ele>
        <time>2026-06-30T07:18:00.000Z</time>
        <extensions>
          <ns3:TrackPointExtension>
            <ns3:atemp>26.0</ns3:atemp>
            <ns3:hr>138</ns3:hr>
          </ns3:TrackPointExtension>
        </extensions>
      </trkpt>
      <trkpt lat="59.98669291846454143524169921875" lon="30.3411606140434741973876953125">
        <ele>14.3999996185302734375</ele>
        <time>2026-06-30T07:18:04.000Z</time>
        <extensions>
          <ns3:TrackPointExtension>
            <ns3:atemp>26.0</ns3:atemp>
            <ns3:hr>141</ns3:hr>
          </ns3:TrackPointExtension>
        </extensions>
      </trkpt>
      <trkpt lat="59.98664639890193939208984375" lon="30.34121886827051639556884765625">
        <ele>14.3999996185302734375</ele>
        <time>2026-06-30T07:18:05.000Z</time>
        <extensions>
          <ns3:TrackPointExtension>
            <ns3:atemp>26.0</ns3:atemp>
            <ns3:hr>141</ns3:hr>
          </ns3:TrackPointExtension>
        </extensions>
      </trkpt>
      <trkpt lat="59.98640994541347026824951171875" lon="30.341276787221431732177734375">
        <ele>13.6000003814697265625</ele>
        <time>2026-06-30T07:18:09.000Z</time>
        <extensions>
          <ns3:TrackPointExtension>
            <ns3:atemp>26.0</ns3:atemp>
            <ns3:hr>144</ns3:hr>
          </ns3:TrackPointExtension>
        </extensions>
      </trkpt>
      <trkpt lat="59.98635345138609409332275390625" lon="30.341297574341297149658203125">
        <ele>13.3999996185302734375</ele>
        <time>2026-06-30T07:18:10.000Z</time>
        <extensions>
          <ns3:TrackPointExtension>
            <ns3:atemp>26.0</ns3:atemp>
            <ns3:hr>144</ns3:hr>
          </ns3:TrackPointExtension>
        </extensions>
      </trkpt>
      <trkpt lat="59.98630181886255741119384765625" lon="30.34130151383578777313232421875">
        <ele>13.19999980926513671875</ele>
        <time>2026-06-30T07:18:11.000Z</time>
        <extensions>
          <ns3:TrackPointExtension>
            <ns3:atemp>26.0</ns3:atemp>
            <ns3:hr>146</ns3:hr>
          </ns3:TrackPointExtension>
        </extensions>
      </trkpt>
      <trkpt lat="59.98612076975405216217041015625" lon="30.34134862013161182403564453125">
        <ele>13</ele>
        <time>2026-06-30T07:18:15.000Z</time>
        <extensions>
          <ns3:TrackPointExtension>
            <ns3:atemp>26.0</ns3:atemp>
            <ns3:hr>147</ns3:hr>
          </ns3:TrackPointExtension>
        </extensions>
      </trkpt>
      <trkpt lat="59.98588959686458110809326171875" lon="30.34142992459237575531005859375">
        <ele>14</ele>
        <time>2026-06-30T07:18:21.000Z</time>
        <extensions>
          <ns3:TrackPointExtension>
            <ns3:atemp>26.0</ns3:atemp>
            <ns3:hr>144</ns3:hr>
          </ns3:TrackPointExtension>
        </extensions>
      </trkpt>
      <trkpt lat="59.98566110618412494659423828125" lon="30.3414325229823589324951171875">
        <ele>13.19999980926513671875</ele>
        <time>2026-06-30T07:18:26.000Z</time>
        <extensions>
          <ns3:TrackPointExtension>
            <ns3:atemp>26.0</ns3:atemp>
            <ns3:hr>143</ns3:hr>
          </ns3:TrackPointExtension>
        </extensions>
      </trkpt>
      <trkpt lat="59.9855425022542476654052734375" lon="30.3414818085730075836181640625">
        <ele>13</ele>
        <time>2026-06-30T07:18:28.000Z</time>
        <extensions>
          <ns3:TrackPointExtension>
            <ns3:atemp>26.0</ns3:atemp>
            <ns3:hr>143</ns3:hr>
          </ns3:TrackPointExtension>
        </extensions>
      </trkpt>
      <trkpt lat="59.98539238236844539642333984375" lon="30.3414848260581493377685546875">
        <ele>12.6000003814697265625</ele>
        <time>2026-06-30T07:18:31.000Z</time>
        <extensions>
          <ns3:TrackPointExtension>
            <ns3:atemp>26.0</ns3:atemp>
            <ns3:hr>141</ns3:hr>
          </ns3:TrackPointExtension>
        </extensions>
      </trkpt>
      <trkpt lat="59.98528123833239078521728515625" lon="30.3414382226765155792236328125">
        <ele>12.3999996185302734375</ele>
        <time>2026-06-30T07:18:34.000Z</time>
        <extensions>
          <ns3:TrackPointExtension>
            <ns3:atemp>26.0</ns3:atemp>
            <ns3:hr>141</ns3:hr>
          </ns3:TrackPointExtension>
        </extensions>
      </trkpt>
      <trkpt lat="59.98526514507830142974853515625" lon="30.341384075582027435302734375">
        <ele>12.3999996185302734375</ele>
        <time>2026-06-30T07:18:35.000Z</time>
        <extensions>
          <ns3:TrackPointExtension>
            <ns3:atemp>26.0</ns3:atemp>
            <ns3:hr>141</ns3:hr>
          </ns3:TrackPointExtension>
        </extensions>
      </trkpt>
      <trkpt lat="59.984955601394176483154296875" lon="30.3387705981731414794921875">
        <ele>13.3999996185302734375</ele>
        <time>2026-06-30T07:19:10.000Z</time>
        <extensions>
          <ns3:TrackPointExtension>
            <ns3:atemp>26.0</ns3:atemp>
            <ns3:hr>138</ns3:hr>
          </ns3:TrackPointExtension>
        </extensions>
      </trkpt>
      <trkpt lat="59.9849505722522735595703125" lon="30.33870228566229343414306640625">
        <ele>13.19999980926513671875</ele>
        <time>2026-06-30T07:19:11.000Z</time>
        <extensions>
          <ns3:TrackPointExtension>
            <ns3:atemp>26.0</ns3:atemp>
            <ns3:hr>139</ns3:hr>
          </ns3:TrackPointExtension>
        </extensions>
      </trkpt>
      <trkpt lat="59.98494462110102176666259765625" lon="30.33854596316814422607421875">
        <ele>13.19999980926513671875</ele>
        <time>2026-06-30T07:19:12.000Z</time>
        <extensions>
          <ns3:TrackPointExtension>
            <ns3:atemp>26.0</ns3:atemp>
            <ns3:hr>140</ns3:hr>
          </ns3:TrackPointExtension>
        </extensions>
      </trkpt>
      <trkpt lat="59.98494043014943599700927734375" lon="30.3384495712816715240478515625">
        <ele>13</ele>
        <time>2026-06-30T07:19:13.000Z</time>
        <extensions>
          <ns3:TrackPointExtension>
            <ns3:atemp>26.0</ns3:atemp>
            <ns3:hr>141</ns3:hr>
          </ns3:TrackPointExtension>
        </extensions>
      </trkpt>
      <trkpt lat="59.9849393405020236968994140625" lon="30.33834354020655155181884765625">
        <ele>13</ele>
        <time>2026-06-30T07:19:14.000Z</time>
        <extensions>
          <ns3:TrackPointExtension>
            <ns3:atemp>26.0</ns3:atemp>
            <ns3:hr>142</ns3:hr>
          </ns3:TrackPointExtension>
        </extensions>
      </trkpt>
      <trkpt lat="59.98443047516047954559326171875" lon="30.335690081119537353515625">
        <ele>14.19999980926513671875</ele>
        <time>2026-06-30T07:19:50.000Z</time>
        <extensions>
          <ns3:TrackPointExtension>
            <ns3:atemp>26.0</ns3:atemp>
            <ns3:hr>135</ns3:hr>
          </ns3:TrackPointExtension>
        </extensions>
      </trkpt>
      <trkpt lat="59.9843522720038890838623046875" lon="30.3357113711535930633544921875">
        <ele>14.19999980926513671875</ele>
        <time>2026-06-30T07:19:51.000Z</time>
        <extensions>
          <ns3:TrackPointExtension>
            <ns3:atemp>26.0</ns3:atemp>
            <ns3:hr>135</ns3:hr>
          </ns3:TrackPointExtension>
        </extensions>
      </trkpt>
      <trkpt lat="59.98366537503898143768310546875" lon="30.33378680236637592315673828125">
        <ele>13</ele>
        <time>2026-06-30T07:20:34.000Z</time>
        <extensions>
          <ns3:TrackPointExtension>
            <ns3:atemp>26.0</ns3:atemp>
            <ns3:hr>144</ns3:hr>
          </ns3:TrackPointExtension>
        </extensions>
      </trkpt>
      <trkpt lat="59.98365581966936588287353515625" lon="30.33373483456671237945556640625">
        <ele>13</ele>
        <time>2026-06-30T07:20:35.000Z</time>
        <extensions>
          <ns3:TrackPointExtension>
            <ns3:atemp>26.0</ns3:atemp>
            <ns3:hr>143</ns3:hr>
          </ns3:TrackPointExtension>
        </extensions>
      </trkpt>
      <trkpt lat="59.98372069559991359710693359375" lon="30.33372963778674602508544921875">
        <ele>13</ele>
        <time>2026-06-30T07:20:38.000Z</time>
        <extensions>
          <ns3:TrackPointExtension>
            <ns3:atemp>26.0</ns3:atemp>
            <ns3:hr>143</ns3:hr>
          </ns3:TrackPointExtension>
        </extensions>
      </trkpt>
      <trkpt lat="59.98069935478270053863525390625" lon="30.3269325010478496551513671875">
        <ele>12.3999996185302734375</ele>
        <time>2026-06-30T07:22:32.000Z</time>
        <extensions>
          <ns3:TrackPointExtension>
            <ns3:atemp>26.0</ns3:atemp>
            <ns3:hr>124</ns3:hr>
          </ns3:TrackPointExtension>
        </extensions>
      </trkpt>
      <trkpt lat="59.98063950799405574798583984375" lon="30.32680383883416652679443359375">
        <ele>12.3999996185302734375</ele>
        <time>2026-06-30T07:22:33.000Z</time>
        <extensions>
          <ns3:TrackPointExtension>
            <ns3:atemp>26.0</ns3:atemp>
            <ns3:hr>124</ns3:hr>
          </ns3:TrackPointExtension>
        </extensions>
      </trkpt>
      <trkpt lat="59.980558454990386962890625" lon="30.32680593430995941162109375">
        <ele>12.19999980926513671875</ele>
        <time>2026-06-30T07:22:38.000Z</time>
        <extensions>
          <ns3:TrackPointExtension>
            <ns3:atemp>26.0</ns3:atemp>
            <ns3:hr>125</ns3:hr>
          </ns3:TrackPointExtension>
        </extensions>
      </trkpt>
      <trkpt lat="59.9805499054491519927978515625" lon="30.32683602534234523773193359375">
        <ele>12.19999980926513671875</ele>
        <time>2026-06-30T07:22:39.000Z</time>
        <extensions>
          <ns3:TrackPointExtension>
            <ns3:atemp>26.0</ns3:atemp>
            <ns3:hr>126</ns3:hr>
          </ns3:TrackPointExtension>
        </extensions>
      </trkpt>
      <trkpt lat="59.98052693903446197509765625" lon="30.32692688517272472381591796875">
        <ele>12.19999980926513671875</ele>
        <time>2026-06-30T07:22:43.000Z</time>
        <extensions>
          <ns3:TrackPointExtension>
            <ns3:atemp>26.0</ns3:atemp>
            <ns3:hr>124</ns3:hr>
          </ns3:TrackPointExtension>
        </extensions>
      </trkpt>
      <trkpt lat="59.9805324710905551910400390625" lon="30.32695488072931766510009765625">
        <ele>12.19999980926513671875</ele>
        <time>2026-06-30T07:22:44.000Z</time>
        <extensions>
          <ns3:TrackPointExtension>
            <ns3:atemp>26.0</ns3:atemp>
            <ns3:hr>124</ns3:hr>
          </ns3:TrackPointExtension>
        </extensions>
      </trkpt>
      <trkpt lat="59.98051713220775127410888671875" lon="30.32697365619242191314697265625">
        <ele>12.19999980926513671875</ele>
        <time>2026-06-30T07:22:47.000Z</time>
        <extensions>
          <ns3:TrackPointExtension>
            <ns3:atemp>26.0</ns3:atemp>
            <ns3:hr>125</ns3:hr>
          </ns3:TrackPointExtension>
        </extensions>
      </trkpt>
      <trkpt lat="59.98043314553797245025634765625" lon="30.3268751688301563262939453125">
        <ele>12</ele>
        <time>2026-06-30T07:22:51.000Z</time>
        <extensions>
          <ns3:TrackPointExtension>
            <ns3:atemp>26.0</ns3:atemp>
            <ns3:hr>126</ns3:hr>
          </ns3:TrackPointExtension>
        </extensions>
      </trkpt>
      <trkpt lat="59.98042040504515171051025390625" lon="30.3268423117697238922119140625">
        <ele>12</ele>
        <time>2026-06-30T07:22:52.000Z</time>
        <extensions>
          <ns3:TrackPointExtension>
            <ns3:atemp>26.0</ns3:atemp>
            <ns3:hr>125</ns3:hr>
          </ns3:TrackPointExtension>
        </extensions>
      </trkpt>
      <trkpt lat="59.980396516621112823486328125" lon="30.326808281242847442626953125">
        <ele>12</ele>
        <time>2026-06-30T07:22:55.000Z</time>
        <extensions>
          <ns3:TrackPointExtension>
            <ns3:atemp>26.0</ns3:atemp>
            <ns3:hr>124</ns3:hr>
          </ns3:TrackPointExtension>
        </extensions>
      </trkpt>
      <trkpt lat="59.9804100953042507171630859375" lon="30.32679059542715549468994140625">
        <ele>11.80000019073486328125</ele>
        <time>2026-06-30T07:22:56.000Z</time>
        <extensions>
          <ns3:TrackPointExtension>
            <ns3:atemp>26.0</ns3:atemp>
            <ns3:hr>123</ns3:hr>
          </ns3:TrackPointExtension>
        </extensions>
      </trkpt>
      <trkpt lat="59.980441443622112274169921875" lon="30.3267108835279941558837890625">
        <ele>11.3999996185302734375</ele>
        <time>2026-06-30T07:22:59.000Z</time>
        <extensions>
          <ns3:TrackPointExtension>
            <ns3:atemp>26.0</ns3:atemp>
            <ns3:hr>121</ns3:hr>
          </ns3:TrackPointExtension>
        </extensions>
      </trkpt>
      <trkpt lat="59.9803919903934001922607421875" lon="30.3265745937824249267578125">
        <ele>11.6000003814697265625</ele>
        <time>2026-06-30T07:23:04.000Z</time>
        <extensions>
          <ns3:TrackPointExtension>
            <ns3:atemp>26.0</ns3:atemp>
            <ns3:hr>121</ns3:hr>
          </ns3:TrackPointExtension>
        </extensions>
      </trkpt>
      <trkpt lat="59.98039207421243190765380859375" lon="30.3264486975967884063720703125">
        <ele>11.80000019073486328125</ele>
        <time>2026-06-30T07:23:06.000Z</time>
        <extensions>
          <ns3:TrackPointExtension>
            <ns3:atemp>26.0</ns3:atemp>
            <ns3:hr>122</ns3:hr>
          </ns3:TrackPointExtension>
        </extensions>
      </trkpt>
      <trkpt lat="59.98038201592862606048583984375" lon="30.326366387307643890380859375">
        <ele>12</ele>
        <time>2026-06-30T07:23:08.000Z</time>
        <extensions>
          <ns3:TrackPointExtension>
            <ns3:atemp>26.0</ns3:atemp>
            <ns3:hr>123</ns3:hr>
          </ns3:TrackPointExtension>
        </extensions>
      </trkpt>
      <trkpt lat="59.98031445778906345367431640625" lon="30.3261620365083217620849609375">
        <ele>12.6000003814697265625</ele>
        <time>2026-06-30T07:23:12.000Z</time>
        <extensions>
          <ns3:TrackPointExtension>
            <ns3:atemp>26.0</ns3:atemp>
            <ns3:hr>123</ns3:hr>
          </ns3:TrackPointExtension>
        </extensions>
      </trkpt>
      <trkpt lat="59.98027690686285495758056640625" lon="30.32607478089630603790283203125">
        <ele>13</ele>
        <time>2026-06-30T07:23:13.000Z</time>
        <extensions>
          <ns3:TrackPointExtension>
            <ns3:atemp>26.0</ns3:atemp>
            <ns3:hr>123</ns3:hr>
          </ns3:TrackPointExtension>
        </extensions>
      </trkpt>
      <trkpt lat="59.98010675422847270965576171875" lon="30.3256178833544254302978515625">
        <ele>13.19999980926513671875</ele>
        <time>2026-06-30T07:23:16.000Z</time>
        <extensions>
          <ns3:TrackPointExtension>
            <ns3:atemp>26.0</ns3:atemp>
            <ns3:hr>126</ns3:hr>
          </ns3:TrackPointExtension>
        </extensions>
      </trkpt>
      <trkpt lat="59.98005595989525318145751953125" lon="30.32548150978982448577880859375">
        <ele>13.19999980926513671875</ele>
        <time>2026-06-30T07:23:17.000Z</time>
        <extensions>
          <ns3:TrackPointExtension>
            <ns3:atemp>26.0</ns3:atemp>
            <ns3:hr>130</ns3:hr>
          </ns3:TrackPointExtension>
        </extensions>
      </trkpt>
      <trkpt lat="59.980018325150012969970703125" lon="30.325390733778476715087890625">
        <ele>13.19999980926513671875</ele>
        <time>2026-06-30T07:23:18.000Z</time>
        <extensions>
          <ns3:TrackPointExtension>
            <ns3:atemp>26.0</ns3:atemp>
            <ns3:hr>134</ns3:hr>
          </ns3:TrackPointExtension>
        </extensions>
      </trkpt>
      <trkpt lat="59.9799829535186290740966796875" lon="30.325303561985492706298828125">
        <ele>13.19999980926513671875</ele>
        <time>2026-06-30T07:23:19.000Z</time>
        <extensions>
          <ns3:TrackPointExtension>
            <ns3:atemp>26.0</ns3:atemp>
            <ns3:hr>139</ns3:hr>
          </ns3:TrackPointExtension>
        </extensions>
      </trkpt>
      <trkpt lat="59.9799474142491817474365234375" lon="30.325231812894344329833984375">
        <ele>13.19999980926513671875</ele>
        <time>2026-06-30T07:23:20.000Z</time>
        <extensions>
          <ns3:TrackPointExtension>
            <ns3:atemp>26.0</ns3:atemp>
            <ns3:hr>141</ns3:hr>
          </ns3:TrackPointExtension>
        </extensions>
      </trkpt>
      <trkpt lat="59.9799091927707195281982421875" lon="30.32514832913875579833984375">
        <ele>13.6000003814697265625</ele>
        <time>2026-06-30T07:23:21.000Z</time>
        <extensions>
          <ns3:TrackPointExtension>
            <ns3:atemp>26.0</ns3:atemp>
            <ns3:hr>141</ns3:hr>
          </ns3:TrackPointExtension>
        </extensions>
      </trkpt>
      <trkpt lat="59.97981171123683452606201171875" lon="30.32490265555679798126220703125">
        <ele>14.80000019073486328125</ele>
        <time>2026-06-30T07:23:25.000Z</time>
        <extensions>
          <ns3:TrackPointExtension>
            <ns3:atemp>26.0</ns3:atemp>
            <ns3:hr>141</ns3:hr>
          </ns3:TrackPointExtension>
        </extensions>
      </trkpt>
      <trkpt lat="59.9797814525663852691650390625" lon="30.32483207993209362030029296875">
        <ele>15.19999980926513671875</ele>
        <time>2026-06-30T07:23:26.000Z</time>
        <extensions>
          <ns3:TrackPointExtension>
            <ns3:atemp>26.0</ns3:atemp>
            <ns3:hr>142</ns3:hr>
          </ns3:TrackPointExtension>
        </extensions>
      </trkpt>
      <trkpt lat="59.9797553010284900665283203125" lon="30.32476552762091159820556640625">
        <ele>15.6000003814697265625</ele>
        <time>2026-06-30T07:23:27.000Z</time>
        <extensions>
          <ns3:TrackPointExtension>
            <ns3:atemp>26.0</ns3:atemp>
            <ns3:hr>138</ns3:hr>
          </ns3:TrackPointExtension>
        </extensions>
      </trkpt>
      <trkpt lat="59.979711882770061492919921875" lon="30.32466284930706024169921875">
        <ele>16.200000762939453125</ele>
        <time>2026-06-30T07:23:29.000Z</time>
        <extensions>
          <ns3:TrackPointExtension>
            <ns3:atemp>26.0</ns3:atemp>
            <ns3:hr>135</ns3:hr>
          </ns3:TrackPointExtension>
        </extensions>
      </trkpt>
      <trkpt lat="59.9796540476381778717041015625" lon="30.324560590088367462158203125">
        <ele>16.799999237060546875</ele>
        <time>2026-06-30T07:23:31.000Z</time>
        <extensions>
          <ns3:TrackPointExtension>
            <ns3:atemp>26.0</ns3:atemp>
            <ns3:hr>142</ns3:hr>
          </ns3:TrackPointExtension>
        </extensions>
      </trkpt>
      <trkpt lat="59.9796272255480289459228515625" lon="30.32451960258185863494873046875">
        <ele>17</ele>
        <time>2026-06-30T07:23:32.000Z</time>
        <extensions>
          <ns3:TrackPointExtension>
            <ns3:atemp>26.0</ns3:atemp>
            <ns3:hr>146</ns3:hr>
          </ns3:TrackPointExtension>
        </extensions>
      </trkpt>
      <trkpt lat="59.97960736043751239776611328125" lon="30.3244578279554843902587890625">
        <ele>17.200000762939453125</ele>
        <time>2026-06-30T07:23:33.000Z</time>
        <extensions>
          <ns3:TrackPointExtension>
            <ns3:atemp>26.0</ns3:atemp>
            <ns3:hr>149</ns3:hr>
          </ns3:TrackPointExtension>
        </extensions>
      </trkpt>
      <trkpt lat="59.97958523221313953399658203125" lon="30.3243917785584926605224609375">
        <ele>17.3999996185302734375</ele>
        <time>2026-06-30T07:23:34.000Z</time>
        <extensions>
          <ns3:TrackPointExtension>
            <ns3:atemp>26.0</ns3:atemp>
            <ns3:hr>153</ns3:hr>
          </ns3:TrackPointExtension>
        </extensions>
      </trkpt>
      <trkpt lat="59.97956402599811553955078125" lon="30.32433385960757732391357421875">
        <ele>17.799999237060546875</ele>
        <time>2026-06-30T07:23:35.000Z</time>
        <extensions>
          <ns3:TrackPointExtension>
            <ns3:atemp>26.0</ns3:atemp>
            <ns3:hr>160</ns3:hr>
          </ns3:TrackPointExtension>
        </extensions>
      </trkpt>
      <trkpt lat="59.9795390479266643524169921875" lon="30.3242771141231060028076171875">
        <ele>18</ele>
        <time>2026-06-30T07:23:36.000Z</time>
        <extensions>
          <ns3:TrackPointExtension>
            <ns3:atemp>26.0</ns3:atemp>
            <ns3:hr>162</ns3:hr>
          </ns3:TrackPointExtension>
        </extensions>
      </trkpt>
      <trkpt lat="59.97950501739978790283203125" lon="30.3242160938680171966552734375">
        <ele>18.200000762939453125</ele>
        <time>2026-06-30T07:23:37.000Z</time>
        <extensions>
          <ns3:TrackPointExtension>
            <ns3:atemp>26.0</ns3:atemp>
            <ns3:hr>163</ns3:hr>
          </ns3:TrackPointExtension>
        </extensions>
      </trkpt>
      <trkpt lat="59.9794713221490383148193359375" lon="30.32414241693913936614990234375">
        <ele>18.3999996185302734375</ele>
        <time>2026-06-30T07:23:38.000Z</time>
        <extensions>
          <ns3:TrackPointExtension>
            <ns3:atemp>26.0</ns3:atemp>
            <ns3:hr>164</ns3:hr>
          </ns3:TrackPointExtension>
        </extensions>
      </trkpt>
      <trkpt lat="59.979361854493618011474609375" lon="30.3239535726606845855712890625">
        <ele>18.799999237060546875</ele>
        <time>2026-06-30T07:23:41.000Z</time>
        <extensions>
          <ns3:TrackPointExtension>
            <ns3:atemp>26.0</ns3:atemp>
            <ns3:hr>165</ns3:hr>
          </ns3:TrackPointExtension>
        </extensions>
      </trkpt>
      <trkpt lat="59.97924895025789737701416015625" lon="30.323711670935153961181640625">
        <ele>18.799999237060546875</ele>
        <time>2026-06-30T07:23:45.000Z</time>
        <extensions>
          <ns3:TrackPointExtension>
            <ns3:atemp>26.0</ns3:atemp>
            <ns3:hr>165</ns3:hr>
          </ns3:TrackPointExtension>
        </extensions>
      </trkpt>
      <trkpt lat="59.97919849120080471038818359375" lon="30.32361050136387348175048828125">
        <ele>19</ele>
        <time>2026-06-30T07:23:47.000Z</time>
        <extensions>
          <ns3:TrackPointExtension>
            <ns3:atemp>26.0</ns3:atemp>
            <ns3:hr>167</ns3:hr>
          </ns3:TrackPointExtension>
        </extensions>
      </trkpt>
      <trkpt lat="59.97908525168895721435546875" lon="30.32340128906071186065673828125">
        <ele>19.3999996185302734375</ele>
        <time>2026-06-30T07:23:51.000Z</time>
        <extensions>
          <ns3:TrackPointExtension>
            <ns3:atemp>26.0</ns3:atemp>
            <ns3:hr>169</ns3:hr>
          </ns3:TrackPointExtension>
        </extensions>
      </trkpt>
      <trkpt lat="59.9790203757584095001220703125" lon="30.32327673397958278656005859375">
        <ele>19.799999237060546875</ele>
        <time>2026-06-30T07:23:53.000Z</time>
        <extensions>
          <ns3:TrackPointExtension>
            <ns3:atemp>26.0</ns3:atemp>
            <ns3:hr>170</ns3:hr>
          </ns3:TrackPointExtension>
        </extensions>
      </trkpt>
      <trkpt lat="59.978824742138385772705078125" lon="30.32284154556691646575927734375">
        <ele>20.3999996185302734375</ele>
        <time>2026-06-30T07:24:00.000Z</time>
        <extensions>
          <ns3:TrackPointExtension>
            <ns3:atemp>26.0</ns3:atemp>
            <ns3:hr>171</ns3:hr>
          </ns3:TrackPointExtension>
        </extensions>
      </trkpt>
      <trkpt lat="59.9787404201924800872802734375" lon="30.3226540423929691314697265625">
        <ele>20.3999996185302734375</ele>
        <time>2026-06-30T07:24:03.000Z</time>
        <extensions>
          <ns3:TrackPointExtension>
            <ns3:atemp>26.0</ns3:atemp>
            <ns3:hr>171</ns3:hr>
          </ns3:TrackPointExtension>
        </extensions>
      </trkpt>
      <trkpt lat="59.97867914848029613494873046875" lon="30.3225192613899707794189453125">
        <ele>20.6000003814697265625</ele>
        <time>2026-06-30T07:24:05.000Z</time>
        <extensions>
          <ns3:TrackPointExtension>
            <ns3:atemp>26.0</ns3:atemp>
            <ns3:hr>171</ns3:hr>
          </ns3:TrackPointExtension>
        </extensions>
      </trkpt>
      <trkpt lat="59.97865031473338603973388671875" lon="30.3224501945078372955322265625">
        <ele>20.799999237060546875</ele>
        <time>2026-06-30T07:24:06.000Z</time>
        <extensions>
          <ns3:TrackPointExtension>
            <ns3:atemp>26.0</ns3:atemp>
            <ns3:hr>171</ns3:hr>
          </ns3:TrackPointExtension>
        </extensions>
      </trkpt>
      <trkpt lat="59.97851653955876827239990234375" lon="30.322142578661441802978515625">
        <ele>20.6000003814697265625</ele>
        <time>2026-06-30T07:24:11.000Z</time>
        <extensions>
          <ns3:TrackPointExtension>
            <ns3:atemp>26.0</ns3:atemp>
            <ns3:hr>171</ns3:hr>
          </ns3:TrackPointExtension>
        </extensions>
      </trkpt>
      <trkpt lat="59.978455938398838043212890625" lon="30.321994386613368988037109375">
        <ele>20.3999996185302734375</ele>
        <time>2026-06-30T07:24:13.000Z</time>
        <extensions>
          <ns3:TrackPointExtension>
            <ns3:atemp>26.0</ns3:atemp>
            <ns3:hr>170</ns3:hr>
          </ns3:TrackPointExtension>
        </extensions>
      </trkpt>
      <trkpt lat="59.9783561937510967254638671875" lon="30.321789868175983428955078125">
        <ele>20.799999237060546875</ele>
        <time>2026-06-30T07:24:17.000Z</time>
        <extensions>
          <ns3:TrackPointExtension>
            <ns3:atemp>26.0</ns3:atemp>
            <ns3:hr>168</ns3:hr>
          </ns3:TrackPointExtension>
        </extensions>
      </trkpt>
      <trkpt lat="59.97825468890368938446044921875" lon="30.3216321207582950592041015625">
        <ele>21</ele>
        <time>2026-06-30T07:24:21.000Z</time>
        <extensions>
          <ns3:TrackPointExtension>
            <ns3:atemp>26.0</ns3:atemp>
            <ns3:hr>165</ns3:hr>
          </ns3:TrackPointExtension>
        </extensions>
      </trkpt>
      <trkpt lat="59.97822971083223819732666015625" lon="30.321604795753955841064453125">
        <ele>21</ele>
        <time>2026-06-30T07:24:22.000Z</time>
        <extensions>
          <ns3:TrackPointExtension>
            <ns3:atemp>26.0</ns3:atemp>
            <ns3:hr>165</ns3:hr>
          </ns3:TrackPointExtension>
        </extensions>
      </trkpt>
      <trkpt lat="59.978053271770477294921875" lon="30.32130564562976360321044921875">
        <ele>20.3999996185302734375</ele>
        <time>2026-06-30T07:24:27.000Z</time>
        <extensions>
          <ns3:TrackPointExtension>
            <ns3:atemp>26.0</ns3:atemp>
            <ns3:hr>163</ns3:hr>
          </ns3:TrackPointExtension>
        </extensions>
      </trkpt>
      <trkpt lat="59.977913796901702880859375" lon="30.32108788378536701202392578125">
        <ele>19.3999996185302734375</ele>
        <time>2026-06-30T07:24:31.000Z</time>
        <extensions>
          <ns3:TrackPointExtension>
            <ns3:atemp>26.0</ns3:atemp>
            <ns3:hr>162</ns3:hr>
          </ns3:TrackPointExtension>
        </extensions>
      </trkpt>
      <trkpt lat="59.97784950770437717437744140625" lon="30.32098746858537197113037109375">
        <ele>19.200000762939453125</ele>
        <time>2026-06-30T07:24:33.000Z</time>
        <extensions>
          <ns3:TrackPointExtension>
            <ns3:atemp>26.0</ns3:atemp>
            <ns3:hr>160</ns3:hr>
          </ns3:TrackPointExtension>
        </extensions>
      </trkpt>
      <trkpt lat="59.97774121351540088653564453125" lon="30.3207743167877197265625">
        <ele>19</ele>
        <time>2026-06-30T07:24:36.000Z</time>
        <extensions>
          <ns3:TrackPointExtension>
            <ns3:atemp>26.0</ns3:atemp>
            <ns3:hr>158</ns3:hr>
          </ns3:TrackPointExtension>
        </extensions>
      </trkpt>
      <trkpt lat="59.97766728512942790985107421875" lon="30.32064246945083141326904296875">
        <ele>19</ele>
        <time>2026-06-30T07:24:38.000Z</time>
        <extensions>
          <ns3:TrackPointExtension>
            <ns3:atemp>26.0</ns3:atemp>
            <ns3:hr>156</ns3:hr>
          </ns3:TrackPointExtension>
        </extensions>
      </trkpt>
      <trkpt lat="59.97762906365096569061279296875" lon="30.3205666132271289825439453125">
        <ele>19.200000762939453125</ele>
        <time>2026-06-30T07:24:39.000Z</time>
        <extensions>
          <ns3:TrackPointExtension>
            <ns3:atemp>26.0</ns3:atemp>
            <ns3:hr>156</ns3:hr>
          </ns3:TrackPointExtension>
        </extensions>
      </trkpt>
      <trkpt lat="59.9774874933063983917236328125" lon="30.32032395713031291961669921875">
        <ele>18.6000003814697265625</ele>
        <time>2026-06-30T07:24:43.000Z</time>
        <extensions>
          <ns3:TrackPointExtension>
            <ns3:atemp>26.0</ns3:atemp>
            <ns3:hr>154</ns3:hr>
          </ns3:TrackPointExtension>
        </extensions>
      </trkpt>
      <trkpt lat="59.97745740227401256561279296875" lon="30.32025824300944805145263671875">
        <ele>18.200000762939453125</ele>
        <time>2026-06-30T07:24:44.000Z</time>
        <extensions>
          <ns3:TrackPointExtension>
            <ns3:atemp>26.0</ns3:atemp>
            <ns3:hr>153</ns3:hr>
          </ns3:TrackPointExtension>
        </extensions>
      </trkpt>
      <trkpt lat="59.97729462571442127227783203125" lon="30.31980092637240886688232421875">
        <ele>17.200000762939453125</ele>
        <time>2026-06-30T07:24:49.000Z</time>
        <extensions>
          <ns3:TrackPointExtension>
            <ns3:atemp>26.0</ns3:atemp>
            <ns3:hr>150</ns3:hr>
          </ns3:TrackPointExtension>
        </extensions>
      </trkpt>
      <trkpt lat="59.97707082889974117279052734375" lon="30.31929147429764270782470703125">
        <ele>17.200000762939453125</ele>
        <time>2026-06-30T07:24:52.000Z</time>
        <extensions>
          <ns3:TrackPointExtension>
            <ns3:atemp>26.0</ns3:atemp>
            <ns3:hr>147</ns3:hr>
          </ns3:TrackPointExtension>
        </extensions>
      </trkpt>
      <trkpt lat="59.97696538455784320831298828125" lon="30.31909617595374584197998046875">
        <ele>17.200000762939453125</ele>
        <time>2026-06-30T07:24:54.000Z</time>
        <extensions>
          <ns3:TrackPointExtension>
            <ns3:atemp>26.0</ns3:atemp>
            <ns3:hr>145</ns3:hr>
          </ns3:TrackPointExtension>
        </extensions>
      </trkpt>
      <trkpt lat="59.9766546674072742462158203125" lon="30.3186840377748012542724609375">
        <ele>15.6000003814697265625</ele>
        <time>2026-06-30T07:25:01.000Z</time>
        <extensions>
          <ns3:TrackPointExtension>
            <ns3:atemp>26.0</ns3:atemp>
            <ns3:hr>141</ns3:hr>
          </ns3:TrackPointExtension>
        </extensions>
      </trkpt>
      <trkpt lat="59.97661292552947998046875" lon="30.31864757649600505828857421875">
        <ele>15.19999980926513671875</ele>
        <time>2026-06-30T07:25:02.000Z</time>
        <extensions>
          <ns3:TrackPointExtension>
            <ns3:atemp>26.0</ns3:atemp>
            <ns3:hr>140</ns3:hr>
          </ns3:TrackPointExtension>
        </extensions>
      </trkpt>
      <trkpt lat="59.97652508318424224853515625" lon="30.31857247464358806610107421875">
        <ele>14.19999980926513671875</ele>
        <time>2026-06-30T07:25:04.000Z</time>
        <extensions>
          <ns3:TrackPointExtension>
            <ns3:atemp>26.0</ns3:atemp>
            <ns3:hr>139</ns3:hr>
          </ns3:TrackPointExtension>
        </extensions>
      </trkpt>
      <trkpt lat="59.97633674181997776031494140625" lon="30.31837834976613521575927734375">
        <ele>13</ele>
        <time>2026-06-30T07:25:08.000Z</time>
        <extensions>
          <ns3:TrackPointExtension>
            <ns3:atemp>26.0</ns3:atemp>
            <ns3:hr>137</ns3:hr>
          </ns3:TrackPointExtension>
        </extensions>
      </trkpt>
      <trkpt lat="59.9762892164289951324462890625" lon="30.31832613050937652587890625">
        <ele>12.6000003814697265625</ele>
        <time>2026-06-30T07:25:09.000Z</time>
        <extensions>
          <ns3:TrackPointExtension>
            <ns3:atemp>26.0</ns3:atemp>
            <ns3:hr>137</ns3:hr>
          </ns3:TrackPointExtension>
        </extensions>
      </trkpt>
      <trkpt lat="59.976190812885761260986328125" lon="30.31832654960453510284423828125">
        <ele>11.80000019073486328125</ele>
        <time>2026-06-30T07:25:12.000Z</time>
        <extensions>
          <ns3:TrackPointExtension>
            <ns3:atemp>26.0</ns3:atemp>
            <ns3:hr>136</ns3:hr>
          </ns3:TrackPointExtension>
        </extensions>
      </trkpt>
      <trkpt lat="59.97612602077424526214599609375" lon="30.31826251186430454254150390625">
        <ele>11.6000003814697265625</ele>
        <time>2026-06-30T07:25:14.000Z</time>
        <extensions>
          <ns3:TrackPointExtension>
            <ns3:atemp>26.0</ns3:atemp>
            <ns3:hr>136</ns3:hr>
          </ns3:TrackPointExtension>
        </extensions>
      </trkpt>
      <trkpt lat="59.9761011265218257904052734375" lon="30.3183692134916782379150390625">
        <ele>11.80000019073486328125</ele>
        <time>2026-06-30T07:25:20.000Z</time>
        <extensions>
          <ns3:TrackPointExtension>
            <ns3:atemp>26.0</ns3:atemp>
            <ns3:hr>134</ns3:hr>
          </ns3:TrackPointExtension>
        </extensions>
      </trkpt>
      <trkpt lat="59.976084865629673004150390625" lon="30.31869971193373203277587890625">
        <ele>11</ele>
        <time>2026-06-30T07:25:27.000Z</time>
        <extensions>
          <ns3:TrackPointExtension>
            <ns3:atemp>26.0</ns3:atemp>
            <ns3:hr>135</ns3:hr>
          </ns3:TrackPointExtension>
        </extensions>
      </trkpt>
      <trkpt lat="59.9759707041084766387939453125" lon="30.31878151930868625640869140625">
        <ele>10.80000019073486328125</ele>
        <time>2026-06-30T07:25:33.000Z</time>
        <extensions>
          <ns3:TrackPointExtension>
            <ns3:atemp>26.0</ns3:atemp>
            <ns3:hr>137</ns3:hr>
          </ns3:TrackPointExtension>
        </extensions>
      </trkpt>
      <trkpt lat="59.97587439604103565216064453125" lon="30.31859393231570720672607421875">
        <ele>11</ele>
        <time>2026-06-30T07:25:37.000Z</time>
        <extensions>
          <ns3:TrackPointExtension>
            <ns3:atemp>26.0</ns3:atemp>
            <ns3:hr>137</ns3:hr>
          </ns3:TrackPointExtension>
        </extensions>
      </trkpt>
      <trkpt lat="59.97555890120565891265869140625" lon="30.31797702424228191375732421875">
        <ele>9.80000019073486328125</ele>
        <time>2026-06-30T07:25:49.000Z</time>
        <extensions>
          <ns3:TrackPointExtension>
            <ns3:atemp>26.0</ns3:atemp>
            <ns3:hr>141</ns3:hr>
          </ns3:TrackPointExtension>
        </extensions>
      </trkpt>
      <trkpt lat="59.97420170344412326812744140625" lon="30.31697094440460205078125">
        <ele>10.6000003814697265625</ele>
        <time>2026-06-30T07:26:20.000Z</time>
        <extensions>
          <ns3:TrackPointExtension>
            <ns3:atemp>26.0</ns3:atemp>
            <ns3:hr>132</ns3:hr>
          </ns3:TrackPointExtension>
        </extensions>
      </trkpt>
      <trkpt lat="59.97409340925514698028564453125" lon="30.3169080801308155059814453125">
        <ele>10.3999996185302734375</ele>
        <time>2026-06-30T07:26:23.000Z</time>
        <extensions>
          <ns3:TrackPointExtension>
            <ns3:atemp>26.0</ns3:atemp>
            <ns3:hr>133</ns3:hr>
          </ns3:TrackPointExtension>
        </extensions>
      </trkpt>
      <trkpt lat="59.97401830740272998809814453125" lon="30.31685150228440761566162109375">
        <ele>9.6000003814697265625</ele>
        <time>2026-06-30T07:26:25.000Z</time>
        <extensions>
          <ns3:TrackPointExtension>
            <ns3:atemp>26.0</ns3:atemp>
            <ns3:hr>133</ns3:hr>
          </ns3:TrackPointExtension>
        </extensions>
      </trkpt>
      <trkpt lat="59.9738836102187633514404296875" lon="30.31674706377089023590087890625">
        <ele>9.19999980926513671875</ele>
        <time>2026-06-30T07:26:28.000Z</time>
        <extensions>
          <ns3:TrackPointExtension>
            <ns3:atemp>26.0</ns3:atemp>
            <ns3:hr>133</ns3:hr>
          </ns3:TrackPointExtension>
        </extensions>
      </trkpt>
      <trkpt lat="59.97358672320842742919921875" lon="30.31636350788176059722900390625">
        <ele>10.3999996185302734375</ele>
        <time>2026-06-30T07:26:33.000Z</time>
        <extensions>
          <ns3:TrackPointExtension>
            <ns3:atemp>26.0</ns3:atemp>
            <ns3:hr>133</ns3:hr>
          </ns3:TrackPointExtension>
        </extensions>
      </trkpt>
      <trkpt lat="59.97350349090993404388427734375" lon="30.31620894558727741241455078125">
        <ele>9.80000019073486328125</ele>
        <time>2026-06-30T07:26:34.000Z</time>
        <extensions>
          <ns3:TrackPointExtension>
            <ns3:atemp>26.0</ns3:atemp>
            <ns3:hr>131</ns3:hr>
          </ns3:TrackPointExtension>
        </extensions>
      </trkpt>
      <trkpt lat="59.9733568914234638214111328125" lon="30.31602001748979091644287109375">
        <ele>8.80000019073486328125</ele>
        <time>2026-06-30T07:26:37.000Z</time>
        <extensions>
          <ns3:TrackPointExtension>
            <ns3:atemp>26.0</ns3:atemp>
            <ns3:hr>133</ns3:hr>
          </ns3:TrackPointExtension>
        </extensions>
      </trkpt>
      <trkpt lat="59.97306511737406253814697265625" lon="30.3157155029475688934326171875">
        <ele>9.6000003814697265625</ele>
        <time>2026-06-30T07:26:44.000Z</time>
        <extensions>
          <ns3:TrackPointExtension>
            <ns3:atemp>26.0</ns3:atemp>
            <ns3:hr>136</ns3:hr>
          </ns3:TrackPointExtension>
        </extensions>
      </trkpt>
      <trkpt lat="59.97302873991429805755615234375" lon="30.31566001474857330322265625">
        <ele>9.6000003814697265625</ele>
        <time>2026-06-30T07:26:45.000Z</time>
        <extensions>
          <ns3:TrackPointExtension>
            <ns3:atemp>26.0</ns3:atemp>
            <ns3:hr>137</ns3:hr>
          </ns3:TrackPointExtension>
        </extensions>
      </trkpt>
      <trkpt lat="59.972991943359375" lon="30.3156048618257045745849609375">
        <ele>9.6000003814697265625</ele>
        <time>2026-06-30T07:26:46.000Z</time>
        <extensions>
          <ns3:TrackPointExtension>
            <ns3:atemp>26.0</ns3:atemp>
            <ns3:hr>141</ns3:hr>
          </ns3:TrackPointExtension>
        </extensions>
      </trkpt>
      <trkpt lat="59.97282874770462512969970703125" lon="30.3155197016894817352294921875">
        <ele>10.19999980926513671875</ele>
        <time>2026-06-30T07:26:50.000Z</time>
        <extensions>
          <ns3:TrackPointExtension>
            <ns3:atemp>26.0</ns3:atemp>
            <ns3:hr>142</ns3:hr>
          </ns3:TrackPointExtension>
        </extensions>
      </trkpt>
      <trkpt lat="59.97278616763651371002197265625" lon="30.31550905667245388031005859375">
        <ele>10.19999980926513671875</ele>
        <time>2026-06-30T07:26:51.000Z</time>
        <extensions>
          <ns3:TrackPointExtension>
            <ns3:atemp>26.0</ns3:atemp>
            <ns3:hr>142</ns3:hr>
          </ns3:TrackPointExtension>
        </extensions>
      </trkpt>
      <trkpt lat="59.972645603120326995849609375" lon="30.3154429234564304351806640625">
        <ele>10.3999996185302734375</ele>
        <time>2026-06-30T07:26:55.000Z</time>
        <extensions>
          <ns3:TrackPointExtension>
            <ns3:atemp>26.0</ns3:atemp>
            <ns3:hr>140</ns3:hr>
          </ns3:TrackPointExtension>
        </extensions>
      </trkpt>
      <trkpt lat="59.97261333279311656951904296875" lon="30.3154315240681171417236328125">
        <ele>10.3999996185302734375</ele>
        <time>2026-06-30T07:26:56.000Z</time>
        <extensions>
          <ns3:TrackPointExtension>
            <ns3:atemp>26.0</ns3:atemp>
            <ns3:hr>140</ns3:hr>
          </ns3:TrackPointExtension>
        </extensions>
      </trkpt>
      <trkpt lat="59.97245483100414276123046875" lon="30.3154935501515865325927734375">
        <ele>10.6000003814697265625</ele>
        <time>2026-06-30T07:27:01.000Z</time>
        <extensions>
          <ns3:TrackPointExtension>
            <ns3:atemp>26.0</ns3:atemp>
            <ns3:hr>141</ns3:hr>
          </ns3:TrackPointExtension>
        </extensions>
      </trkpt>
      <trkpt lat="59.9723674915730953216552734375" lon="30.31553856097161769866943359375">
        <ele>10.80000019073486328125</ele>
        <time>2026-06-30T07:27:04.000Z</time>
        <extensions>
          <ns3:TrackPointExtension>
            <ns3:atemp>26.0</ns3:atemp>
            <ns3:hr>142</ns3:hr>
          </ns3:TrackPointExtension>
        </extensions>
      </trkpt>
      <trkpt lat="59.97216858901083469390869140625" lon="30.3154469467699527740478515625">
        <ele>10.80000019073486328125</ele>
        <time>2026-06-30T07:27:09.000Z</time>
        <extensions>
          <ns3:TrackPointExtension>
            <ns3:atemp>26.0</ns3:atemp>
            <ns3:hr>139</ns3:hr>
          </ns3:TrackPointExtension>
        </extensions>
      </trkpt>
      <trkpt lat="59.97212684713304042816162109375" lon="30.31541618518531322479248046875">
        <ele>10.6000003814697265625</ele>
        <time>2026-06-30T07:27:10.000Z</time>
        <extensions>
          <ns3:TrackPointExtension>
            <ns3:atemp>26.0</ns3:atemp>
            <ns3:hr>139</ns3:hr>
          </ns3:TrackPointExtension>
        </extensions>
      </trkpt>
      <trkpt lat="59.97180213220417499542236328125" lon="30.3152679093182086944580078125">
        <ele>10.19999980926513671875</ele>
        <time>2026-06-30T07:27:17.000Z</time>
        <extensions>
          <ns3:TrackPointExtension>
            <ns3:atemp>26.0</ns3:atemp>
            <ns3:hr>139</ns3:hr>
          </ns3:TrackPointExtension>
        </extensions>
      </trkpt>
      <trkpt lat="59.97151832096278667449951171875" lon="30.3149658255279064178466796875">
        <ele>9.80000019073486328125</ele>
        <time>2026-06-30T07:27:22.000Z</time>
        <extensions>
          <ns3:TrackPointExtension>
            <ns3:atemp>26.0</ns3:atemp>
            <ns3:hr>139</ns3:hr>
          </ns3:TrackPointExtension>
        </extensions>
      </trkpt>
      <trkpt lat="59.971376918256282806396484375" lon="30.314900614321231842041015625">
        <ele>10</ele>
        <time>2026-06-30T07:27:25.000Z</time>
        <extensions>
          <ns3:TrackPointExtension>
            <ns3:atemp>26.0</ns3:atemp>
            <ns3:hr>138</ns3:hr>
          </ns3:TrackPointExtension>
        </extensions>
      </trkpt>
      <trkpt lat="59.97119025327265262603759765625" lon="30.31473473645746707916259765625">
        <ele>10.19999980926513671875</ele>
        <time>2026-06-30T07:27:30.000Z</time>
        <extensions>
          <ns3:TrackPointExtension>
            <ns3:atemp>26.0</ns3:atemp>
            <ns3:hr>136</ns3:hr>
          </ns3:TrackPointExtension>
        </extensions>
      </trkpt>
      <trkpt lat="59.9711273051798343658447265625" lon="30.31466784887015819549560546875">
        <ele>9.6000003814697265625</ele>
        <time>2026-06-30T07:27:32.000Z</time>
        <extensions>
          <ns3:TrackPointExtension>
            <ns3:atemp>26.0</ns3:atemp>
            <ns3:hr>135</ns3:hr>
          </ns3:TrackPointExtension>
        </extensions>
      </trkpt>
      <trkpt lat="59.97101708315312862396240234375" lon="30.314598865807056427001953125">
        <ele>9.3999996185302734375</ele>
        <time>2026-06-30T07:27:36.000Z</time>
        <extensions>
          <ns3:TrackPointExtension>
            <ns3:atemp>26.0</ns3:atemp>
            <ns3:hr>134</ns3:hr>
          </ns3:TrackPointExtension>
        </extensions>
      </trkpt>
      <trkpt lat="59.970990680158138275146484375" lon="30.31457346864044666290283203125">
        <ele>9.6000003814697265625</ele>
        <time>2026-06-30T07:27:40.000Z</time>
        <extensions>
          <ns3:TrackPointExtension>
            <ns3:atemp>26.0</ns3:atemp>
            <ns3:hr>133</ns3:hr>
          </ns3:TrackPointExtension>
        </extensions>
      </trkpt>
      <trkpt lat="59.9710173346102237701416015625" lon="30.31459744088351726531982421875">
        <ele>10.19999980926513671875</ele>
        <time>2026-06-30T07:27:46.000Z</time>
        <extensions>
          <ns3:TrackPointExtension>
            <ns3:atemp>26.0</ns3:atemp>
            <ns3:hr>132</ns3:hr>
          </ns3:TrackPointExtension>
        </extensions>
      </trkpt>
      <trkpt lat="59.9710488505661487579345703125" lon="30.314613617956638336181640625">
        <ele>10</ele>
        <time>2026-06-30T07:27:50.000Z</time>
        <extensions>
          <ns3:TrackPointExtension>
            <ns3:atemp>26.0</ns3:atemp>
            <ns3:hr>132</ns3:hr>
          </ns3:TrackPointExtension>
        </extensions>
      </trkpt>
      <trkpt lat="59.971057064831256866455078125" lon="30.31455251388251781463623046875">
        <ele>9.80000019073486328125</ele>
        <time>2026-06-30T07:27:52.000Z</time>
        <extensions>
          <ns3:TrackPointExtension>
            <ns3:atemp>26.0</ns3:atemp>
            <ns3:hr>131</ns3:hr>
          </ns3:TrackPointExtension>
        </extensions>
      </trkpt>
      <trkpt lat="59.971053712069988250732421875" lon="30.3145100176334381103515625">
        <ele>9.80000019073486328125</ele>
        <time>2026-06-30T07:27:53.000Z</time>
        <extensions>
          <ns3:TrackPointExtension>
            <ns3:atemp>26.0</ns3:atemp>
            <ns3:hr>131</ns3:hr>
          </ns3:TrackPointExtension>
        </extensions>
      </trkpt>
      <trkpt lat="59.97102496214210987091064453125" lon="30.314302481710910797119140625">
        <ele>8.80000019073486328125</ele>
        <time>2026-06-30T07:27:56.000Z</time>
        <extensions>
          <ns3:TrackPointExtension>
            <ns3:atemp>26.0</ns3:atemp>
            <ns3:hr>133</ns3:hr>
          </ns3:TrackPointExtension>
        </extensions>
      </trkpt>
      <trkpt lat="59.97101272456347942352294921875" lon="30.31424841843545436859130859375">
        <ele>8.80000019073486328125</ele>
        <time>2026-06-30T07:27:57.000Z</time>
        <extensions>
          <ns3:TrackPointExtension>
            <ns3:atemp>26.0</ns3:atemp>
            <ns3:hr>135</ns3:hr>
          </ns3:TrackPointExtension>
        </extensions>
      </trkpt>
      <trkpt lat="59.97095505706965923309326171875" lon="30.3141564689576625823974609375">
        <ele>9</ele>
        <time>2026-06-30T07:27:59.000Z</time>
        <extensions>
          <ns3:TrackPointExtension>
            <ns3:atemp>26.0</ns3:atemp>
            <ns3:hr>139</ns3:hr>
          </ns3:TrackPointExtension>
        </extensions>
      </trkpt>
      <trkpt lat="59.9709184281527996063232421875" lon="30.31413140706717967987060546875">
        <ele>9.6000003814697265625</ele>
        <time>2026-06-30T07:28:00.000Z</time>
        <extensions>
          <ns3:TrackPointExtension>
            <ns3:atemp>26.0</ns3:atemp>
            <ns3:hr>141</ns3:hr>
          </ns3:TrackPointExtension>
        </extensions>
      </trkpt>
      <trkpt lat="59.97078389860689640045166015625" lon="30.3140776790678501129150390625">
        <ele>10.6000003814697265625</ele>
        <time>2026-06-30T07:28:03.000Z</time>
        <extensions>
          <ns3:TrackPointExtension>
            <ns3:atemp>26.0</ns3:atemp>
            <ns3:hr>144</ns3:hr>
          </ns3:TrackPointExtension>
        </extensions>
      </trkpt>
      <trkpt lat="59.970730505883693695068359375" lon="30.31407424248754978179931640625">
        <ele>10.6000003814697265625</ele>
        <time>2026-06-30T07:28:04.000Z</time>
        <extensions>
          <ns3:TrackPointExtension>
            <ns3:atemp>26.0</ns3:atemp>
            <ns3:hr>144</ns3:hr>
          </ns3:TrackPointExtension>
        </extensions>
      </trkpt>
      <trkpt lat="59.97062464244663715362548828125" lon="30.31403987668454647064208984375">
        <ele>10.80000019073486328125</ele>
        <time>2026-06-30T07:28:06.000Z</time>
        <extensions>
          <ns3:TrackPointExtension>
            <ns3:atemp>26.0</ns3:atemp>
            <ns3:hr>145</ns3:hr>
          </ns3:TrackPointExtension>
        </extensions>
      </trkpt>
      <trkpt lat="59.97047561220824718475341796875" lon="30.31407415866851806640625">
        <ele>9.19999980926513671875</ele>
        <time>2026-06-30T07:28:08.000Z</time>
        <extensions>
          <ns3:TrackPointExtension>
            <ns3:atemp>26.0</ns3:atemp>
            <ns3:hr>146</ns3:hr>
          </ns3:TrackPointExtension>
        </extensions>
      </trkpt>
      <trkpt lat="59.9700396694242954254150390625" lon="30.31402864493429660797119140625">
        <ele>9</ele>
        <time>2026-06-30T07:28:15.000Z</time>
        <extensions>
          <ns3:TrackPointExtension>
            <ns3:atemp>26.0</ns3:atemp>
            <ns3:hr>149</ns3:hr>
          </ns3:TrackPointExtension>
        </extensions>
      </trkpt>
      <trkpt lat="59.9696698598563671112060546875" lon="30.3139992244541645050048828125">
        <ele>9.80000019073486328125</ele>
        <time>2026-06-30T07:28:21.000Z</time>
        <extensions>
          <ns3:TrackPointExtension>
            <ns3:atemp>26.0</ns3:atemp>
            <ns3:hr>149</ns3:hr>
          </ns3:TrackPointExtension>
        </extensions>
      </trkpt>
      <trkpt lat="59.96942418627440929412841796875" lon="30.31403367407619953155517578125">
        <ele>10.3999996185302734375</ele>
        <time>2026-06-30T07:28:26.000Z</time>
        <extensions>
          <ns3:TrackPointExtension>
            <ns3:atemp>26.0</ns3:atemp>
            <ns3:hr>148</ns3:hr>
          </ns3:TrackPointExtension>
        </extensions>
      </trkpt>
      <trkpt lat="59.969101063907146453857421875" lon="30.314055718481540679931640625">
        <ele>10.19999980926513671875</ele>
        <time>2026-06-30T07:28:32.000Z</time>
        <extensions>
          <ns3:TrackPointExtension>
            <ns3:atemp>26.0</ns3:atemp>
            <ns3:hr>146</ns3:hr>
          </ns3:TrackPointExtension>
        </extensions>
      </trkpt>
      <trkpt lat="59.9686972238123416900634765625" lon="30.31404976733028888702392578125">
        <ele>9.80000019073486328125</ele>
        <time>2026-06-30T07:28:37.000Z</time>
        <extensions>
          <ns3:TrackPointExtension>
            <ns3:atemp>26.0</ns3:atemp>
            <ns3:hr>147</ns3:hr>
          </ns3:TrackPointExtension>
        </extensions>
      </trkpt>
      <trkpt lat="59.96830067597329616546630859375" lon="30.31406736932694911956787109375">
        <ele>10</ele>
        <time>2026-06-30T07:28:43.000Z</time>
        <extensions>
          <ns3:TrackPointExtension>
            <ns3:atemp>26.0</ns3:atemp>
            <ns3:hr>148</ns3:hr>
          </ns3:TrackPointExtension>
        </extensions>
      </trkpt>
      <trkpt lat="59.96825608424842357635498046875" lon="30.31402914784848690032958984375">
        <ele>10.6000003814697265625</ele>
        <time>2026-06-30T07:28:46.000Z</time>
        <extensions>
          <ns3:TrackPointExtension>
            <ns3:atemp>26.0</ns3:atemp>
            <ns3:hr>149</ns3:hr>
          </ns3:TrackPointExtension>
        </extensions>
      </trkpt>
      <trkpt lat="59.96826731599867343902587890625" lon="30.31404708512127399444580078125">
        <ele>9.3999996185302734375</ele>
        <time>2026-06-30T07:28:48.000Z</time>
        <extensions>
          <ns3:TrackPointExtension>
            <ns3:atemp>26.0</ns3:atemp>
            <ns3:hr>149</ns3:hr>
          </ns3:TrackPointExtension>
        </extensions>
      </trkpt>
      <trkpt lat="59.9682673998177051544189453125" lon="30.31406284309923648834228515625">
        <ele>10</ele>
        <time>2026-06-30T07:28:52.000Z</time>
        <extensions>
          <ns3:TrackPointExtension>
            <ns3:atemp>26.0</ns3:atemp>
            <ns3:hr>152</ns3:hr>
          </ns3:TrackPointExtension>
        </extensions>
      </trkpt>
      <trkpt lat="59.96825717389583587646484375" lon="30.3140672855079174041748046875">
        <ele>10.19999980926513671875</ele>
        <time>2026-06-30T07:28:53.000Z</time>
        <extensions>
          <ns3:TrackPointExtension>
            <ns3:atemp>26.0</ns3:atemp>
            <ns3:hr>155</ns3:hr>
          </ns3:TrackPointExtension>
        </extensions>
      </trkpt>
      <trkpt lat="59.96825809590518474578857421875" lon="30.31406938098371028900146484375">
        <ele>10.3999996185302734375</ele>
        <time>2026-06-30T07:28:54.000Z</time>
        <extensions>
          <ns3:TrackPointExtension>
            <ns3:atemp>26.0</ns3:atemp>
            <ns3:hr>155</ns3:hr>
          </ns3:TrackPointExtension>
        </extensions>
      </trkpt>
      <trkpt lat="59.96825139038264751434326171875" lon="30.3140716440975666046142578125">
        <ele>10.3999996185302734375</ele>
        <time>2026-06-30T07:28:57.000Z</time>
        <extensions>
          <ns3:TrackPointExtension>
            <ns3:atemp>26.0</ns3:atemp>
            <ns3:hr>152</ns3:hr>
          </ns3:TrackPointExtension>
        </extensions>
      </trkpt>
      <trkpt lat="59.96824820525944232940673828125" lon="30.314069800078868865966796875">
        <ele>10.3999996185302734375</ele>
        <time>2026-06-30T07:28:58.000Z</time>
        <extensions>
          <ns3:TrackPointExtension>
            <ns3:atemp>26.0</ns3:atemp>
            <ns3:hr>151</ns3:hr>
          </ns3:TrackPointExtension>
        </extensions>
      </trkpt>
      <trkpt lat="59.9682549946010112762451171875" lon="30.31406954862177371978759765625">
        <ele>10.3999996185302734375</ele>
        <time>2026-06-30T07:29:01.000Z</time>
        <extensions>
          <ns3:TrackPointExtension>
            <ns3:atemp>26.0</ns3:atemp>
            <ns3:hr>154</ns3:hr>
          </ns3:TrackPointExtension>
        </extensions>
      </trkpt>
      <trkpt lat="59.96826362796127796173095703125" lon="30.31406954862177371978759765625">
        <ele>10.3999996185302734375</ele>
        <time>2026-06-30T07:29:05.000Z</time>
        <extensions>
          <ns3:TrackPointExtension>
            <ns3:atemp>26.0</ns3:atemp>
            <ns3:hr>156</ns3:hr>
          </ns3:TrackPointExtension>
        </extensions>
      </trkpt>
      <trkpt lat="59.968264885246753692626953125" lon="30.3140498511493206024169921875">
        <ele>10.3999996185302734375</ele>
        <time>2026-06-30T07:29:15.000Z</time>
        <extensions>
          <ns3:TrackPointExtension>
            <ns3:atemp>26.0</ns3:atemp>
            <ns3:hr>155</ns3:hr>
          </ns3:TrackPointExtension>
        </extensions>
      </trkpt>
      <trkpt lat="59.96826496906578540802001953125" lon="30.3140491805970668792724609375">
        <ele>10.3999996185302734375</ele>
        <time>2026-06-30T07:29:18.000Z</time>
        <extensions>
          <ns3:TrackPointExtension>
            <ns3:atemp>26.0</ns3:atemp>
            <ns3:hr>150</ns3:hr>
          </ns3:TrackPointExtension>
        </extensions>
      </trkpt>
      <trkpt lat="59.96826480142772197723388671875" lon="30.3140505217015743255615234375">
        <ele>10.3999996185302734375</ele>
        <time>2026-06-30T07:29:21.000Z</time>
        <extensions>
          <ns3:TrackPointExtension>
            <ns3:atemp>26.0</ns3:atemp>
            <ns3:hr>146</ns3:hr>
          </ns3:TrackPointExtension>
        </extensions>
      </trkpt>
      <trkpt lat="59.96825859881937503814697265625" lon="30.314049683511257171630859375">
        <ele>10.3999996185302734375</ele>
        <time>2026-06-30T07:29:24.000Z</time>
        <extensions>
          <ns3:TrackPointExtension>
            <ns3:atemp>26.0</ns3:atemp>
            <ns3:hr>141</ns3:hr>
          </ns3:TrackPointExtension>
        </extensions>
      </trkpt>
      <trkpt lat="59.96825910173356533050537109375" lon="30.314050018787384033203125">
        <ele>10.3999996185302734375</ele>
        <time>2026-06-30T07:29:26.000Z</time>
        <extensions>
          <ns3:TrackPointExtension>
            <ns3:atemp>26.0</ns3:atemp>
            <ns3:hr>137</ns3:hr>
          </ns3:TrackPointExtension>
        </extensions>
      </trkpt>
      <trkpt lat="59.968252144753932952880859375" lon="30.31405613757669925689697265625">
        <ele>10.3999996185302734375</ele>
        <time>2026-06-30T07:29:29.000Z</time>
        <extensions>
          <ns3:TrackPointExtension>
            <ns3:atemp>26.0</ns3:atemp>
            <ns3:hr>134</ns3:hr>
          </ns3:TrackPointExtension>
        </extensions>
      </trkpt>
      <trkpt lat="59.9682405777275562286376953125" lon="30.31405529938638210296630859375">
        <ele>10.3999996185302734375</ele>
        <time>2026-06-30T07:29:30.000Z</time>
        <extensions>
          <ns3:TrackPointExtension>
            <ns3:atemp>26.0</ns3:atemp>
            <ns3:hr>133</ns3:hr>
          </ns3:TrackPointExtension>
        </extensions>
      </trkpt>
      <trkpt lat="59.9682194553315639495849609375" lon="30.31404934823513031005859375">
        <ele>10.3999996185302734375</ele>
        <time>2026-06-30T07:29:31.000Z</time>
        <extensions>
          <ns3:TrackPointExtension>
            <ns3:atemp>26.0</ns3:atemp>
            <ns3:hr>133</ns3:hr>
          </ns3:TrackPointExtension>
        </extensions>
      </trkpt>
      <trkpt lat="59.96805869042873382568359375" lon="30.31404155306518077850341796875">
        <ele>10.3999996185302734375</ele>
        <time>2026-06-30T07:29:35.000Z</time>
        <extensions>
          <ns3:TrackPointExtension>
            <ns3:atemp>26.0</ns3:atemp>
            <ns3:hr>133</ns3:hr>
          </ns3:TrackPointExtension>
        </extensions>
      </trkpt>
      <trkpt lat="59.96793329715728759765625" lon="30.31398287974298000335693359375">
        <ele>11.3999996185302734375</ele>
        <time>2026-06-30T07:29:39.000Z</time>
        <extensions>
          <ns3:TrackPointExtension>
            <ns3:atemp>26.0</ns3:atemp>
            <ns3:hr>135</ns3:hr>
          </ns3:TrackPointExtension>
        </extensions>
      </trkpt>
      <trkpt lat="59.9678144417703151702880859375" lon="30.3139194287359714508056640625">
        <ele>11.80000019073486328125</ele>
        <time>2026-06-30T07:29:44.000Z</time>
        <extensions>
          <ns3:TrackPointExtension>
            <ns3:atemp>26.0</ns3:atemp>
            <ns3:hr>137</ns3:hr>
          </ns3:TrackPointExtension>
        </extensions>
      </trkpt>
      <trkpt lat="59.96774009428918361663818359375" lon="30.31390107236802577972412109375">
        <ele>11.3999996185302734375</ele>
        <time>2026-06-30T07:29:46.000Z</time>
        <extensions>
          <ns3:TrackPointExtension>
            <ns3:atemp>26.0</ns3:atemp>
            <ns3:hr>141</ns3:hr>
          </ns3:TrackPointExtension>
        </extensions>
      </trkpt>
      <trkpt lat="59.967699609696865081787109375" lon="30.31388816423714160919189453125">
        <ele>11.3999996185302734375</ele>
        <time>2026-06-30T07:29:47.000Z</time>
        <extensions>
          <ns3:TrackPointExtension>
            <ns3:atemp>26.0</ns3:atemp>
            <ns3:hr>143</ns3:hr>
          </ns3:TrackPointExtension>
        </extensions>
      </trkpt>
      <trkpt lat="59.96755979955196380615234375" lon="30.31383770518004894256591796875">
        <ele>10.80000019073486328125</ele>
        <time>2026-06-30T07:29:50.000Z</time>
        <extensions>
          <ns3:TrackPointExtension>
            <ns3:atemp>27.0</ns3:atemp>
            <ns3:hr>143</ns3:hr>
          </ns3:TrackPointExtension>
        </extensions>
      </trkpt>
      <trkpt lat="59.96745586395263671875" lon="30.31377383507788181304931640625">
        <ele>10.3999996185302734375</ele>
        <time>2026-06-30T07:29:53.000Z</time>
        <extensions>
          <ns3:TrackPointExtension>
            <ns3:atemp>27.0</ns3:atemp>
            <ns3:hr>143</ns3:hr>
          </ns3:TrackPointExtension>
        </extensions>
      </trkpt>
      <trkpt lat="59.96742744930088520050048828125" lon="30.31375288031995296478271484375">
        <ele>10.3999996185302734375</ele>
        <time>2026-06-30T07:29:54.000Z</time>
        <extensions>
          <ns3:TrackPointExtension>
            <ns3:atemp>27.0</ns3:atemp>
            <ns3:hr>143</ns3:hr>
          </ns3:TrackPointExtension>
        </extensions>
      </trkpt>
      <trkpt lat="59.96735905297100543975830078125" lon="30.313662774860858917236328125">
        <ele>10.80000019073486328125</ele>
        <time>2026-06-30T07:29:59.000Z</time>
        <extensions>
          <ns3:TrackPointExtension>
            <ns3:atemp>27.0</ns3:atemp>
            <ns3:hr>143</ns3:hr>
          </ns3:TrackPointExtension>
        </extensions>
      </trkpt>
      <trkpt lat="59.967353604733943939208984375" lon="30.31364693306386470794677734375">
        <ele>10.80000019073486328125</ele>
        <time>2026-06-30T07:30:03.000Z</time>
        <extensions>
          <ns3:TrackPointExtension>
            <ns3:atemp>27.0</ns3:atemp>
            <ns3:hr>142</ns3:hr>
          </ns3:TrackPointExtension>
        </extensions>
      </trkpt>
      <trkpt lat="59.9673138745129108428955078125" lon="30.31361617147922515869140625">
        <ele>10.6000003814697265625</ele>
        <time>2026-06-30T07:30:05.000Z</time>
        <extensions>
          <ns3:TrackPointExtension>
            <ns3:atemp>27.0</ns3:atemp>
            <ns3:hr>141</ns3:hr>
          </ns3:TrackPointExtension>
        </extensions>
      </trkpt>
      <trkpt lat="59.9670456536114215850830078125" lon="30.31366151757538318634033203125">
        <ele>10.19999980926513671875</ele>
        <time>2026-06-30T07:30:09.000Z</time>
        <extensions>
          <ns3:TrackPointExtension>
            <ns3:atemp>27.0</ns3:atemp>
            <ns3:hr>141</ns3:hr>
          </ns3:TrackPointExtension>
        </extensions>
      </trkpt>
      <trkpt lat="59.96696703135967254638671875" lon="30.313643999397754669189453125">
        <ele>10.19999980926513671875</ele>
        <time>2026-06-30T07:30:10.000Z</time>
        <extensions>
          <ns3:TrackPointExtension>
            <ns3:atemp>27.0</ns3:atemp>
            <ns3:hr>141</ns3:hr>
          </ns3:TrackPointExtension>
        </extensions>
      </trkpt>
      <trkpt lat="59.96672429144382476806640625" lon="30.31357191503047943115234375">
        <ele>10</ele>
        <time>2026-06-30T07:30:13.000Z</time>
        <extensions>
          <ns3:TrackPointExtension>
            <ns3:atemp>27.0</ns3:atemp>
            <ns3:hr>145</ns3:hr>
          </ns3:TrackPointExtension>
        </extensions>
      </trkpt>
      <trkpt lat="59.96665463782846927642822265625" lon="30.3135127387940883636474609375">
        <ele>10</ele>
        <time>2026-06-30T07:30:14.000Z</time>
        <extensions>
          <ns3:TrackPointExtension>
            <ns3:atemp>27.0</ns3:atemp>
            <ns3:hr>147</ns3:hr>
          </ns3:TrackPointExtension>
        </extensions>
      </trkpt>
      <trkpt lat="59.96653444133698940277099609375" lon="30.31338357366621494293212890625">
        <ele>9.80000019073486328125</ele>
        <time>2026-06-30T07:30:16.000Z</time>
        <extensions>
          <ns3:TrackPointExtension>
            <ns3:atemp>27.0</ns3:atemp>
            <ns3:hr>151</ns3:hr>
          </ns3:TrackPointExtension>
        </extensions>
      </trkpt>
      <trkpt lat="59.9664086289703845977783203125" lon="30.31329204328358173370361328125">
        <ele>9.80000019073486328125</ele>
        <time>2026-06-30T07:30:18.000Z</time>
        <extensions>
          <ns3:TrackPointExtension>
            <ns3:atemp>27.0</ns3:atemp>
            <ns3:hr>154</ns3:hr>
          </ns3:TrackPointExtension>
        </extensions>
      </trkpt>
      <trkpt lat="59.9663466028869152069091796875" lon="30.31325432471930980682373046875">
        <ele>9.80000019073486328125</ele>
        <time>2026-06-30T07:30:19.000Z</time>
        <extensions>
          <ns3:TrackPointExtension>
            <ns3:atemp>27.0</ns3:atemp>
            <ns3:hr>155</ns3:hr>
          </ns3:TrackPointExtension>
        </extensions>
      </trkpt>
      <trkpt lat="59.96623210608959197998046875" lon="30.31313764862716197967529296875">
        <ele>10</ele>
        <time>2026-06-30T07:30:22.000Z</time>
        <extensions>
          <ns3:TrackPointExtension>
            <ns3:atemp>27.0</ns3:atemp>
            <ns3:hr>158</ns3:hr>
          </ns3:TrackPointExtension>
        </extensions>
      </trkpt>
      <trkpt lat="59.96620687656104564666748046875" lon="30.31311049126088619232177734375">
        <ele>10.19999980926513671875</ele>
        <time>2026-06-30T07:30:23.000Z</time>
        <extensions>
          <ns3:TrackPointExtension>
            <ns3:atemp>27.0</ns3:atemp>
            <ns3:hr>158</ns3:hr>
          </ns3:TrackPointExtension>
        </extensions>
      </trkpt>
      <trkpt lat="59.9661762826144695281982421875" lon="30.31309448182582855224609375">
        <ele>10.80000019073486328125</ele>
        <time>2026-06-30T07:30:26.000Z</time>
        <extensions>
          <ns3:TrackPointExtension>
            <ns3:atemp>27.0</ns3:atemp>
            <ns3:hr>157</ns3:hr>
          </ns3:TrackPointExtension>
        </extensions>
      </trkpt>
      <trkpt lat="59.966165386140346527099609375" lon="30.3130725212395191192626953125">
        <ele>11.19999980926513671875</ele>
        <time>2026-06-30T07:30:32.000Z</time>
        <extensions>
          <ns3:TrackPointExtension>
            <ns3:atemp>27.0</ns3:atemp>
            <ns3:hr>156</ns3:hr>
          </ns3:TrackPointExtension>
        </extensions>
      </trkpt>
      <trkpt lat="59.96616211719810962677001953125" lon="30.31304486095905303955078125">
        <ele>11.19999980926513671875</ele>
        <time>2026-06-30T07:30:33.000Z</time>
        <extensions>
          <ns3:TrackPointExtension>
            <ns3:atemp>27.0</ns3:atemp>
            <ns3:hr>156</ns3:hr>
          </ns3:TrackPointExtension>
        </extensions>
      </trkpt>
      <trkpt lat="59.96609665453433990478515625" lon="30.31286708079278469085693359375">
        <ele>11.19999980926513671875</ele>
        <time>2026-06-30T07:30:37.000Z</time>
        <extensions>
          <ns3:TrackPointExtension>
            <ns3:atemp>27.0</ns3:atemp>
            <ns3:hr>154</ns3:hr>
          </ns3:TrackPointExtension>
        </extensions>
      </trkpt>
      <trkpt lat="59.96590177528560161590576171875" lon="30.31261813826858997344970703125">
        <ele>11</ele>
        <time>2026-06-30T07:30:44.000Z</time>
        <extensions>
          <ns3:TrackPointExtension>
            <ns3:atemp>27.0</ns3:atemp>
            <ns3:hr>154</ns3:hr>
          </ns3:TrackPointExtension>
        </extensions>
      </trkpt>
      <trkpt lat="59.9657575227320194244384765625" lon="30.31220524571835994720458984375">
        <ele>11.19999980926513671875</ele>
        <time>2026-06-30T07:30:50.000Z</time>
        <extensions>
          <ns3:TrackPointExtension>
            <ns3:atemp>27.0</ns3:atemp>
            <ns3:hr>152</ns3:hr>
          </ns3:TrackPointExtension>
        </extensions>
      </trkpt>
      <trkpt lat="59.96559776365756988525390625" lon="30.3118789382278919219970703125">
        <ele>11.3999996185302734375</ele>
        <time>2026-06-30T07:30:56.000Z</time>
        <extensions>
          <ns3:TrackPointExtension>
            <ns3:atemp>27.0</ns3:atemp>
            <ns3:hr>151</ns3:hr>
          </ns3:TrackPointExtension>
        </extensions>
      </trkpt>
      <trkpt lat="59.9654685147106647491455078125" lon="30.31150016002357006072998046875">
        <ele>10.80000019073486328125</ele>
        <time>2026-06-30T07:31:01.000Z</time>
        <extensions>
          <ns3:TrackPointExtension>
            <ns3:atemp>27.0</ns3:atemp>
            <ns3:hr>151</ns3:hr>
          </ns3:TrackPointExtension>
        </extensions>
      </trkpt>
      <trkpt lat="59.9653665907680988311767578125" lon="30.31120008789002895355224609375">
        <ele>11.19999980926513671875</ele>
        <time>2026-06-30T07:31:06.000Z</time>
        <extensions>
          <ns3:TrackPointExtension>
            <ns3:atemp>27.0</ns3:atemp>
            <ns3:hr>151</ns3:hr>
          </ns3:TrackPointExtension>
        </extensions>
      </trkpt>
      <trkpt lat="59.96534387581050395965576171875" lon="30.3111304342746734619140625">
        <ele>11.19999980926513671875</ele>
        <time>2026-06-30T07:31:07.000Z</time>
        <extensions>
          <ns3:TrackPointExtension>
            <ns3:atemp>27.0</ns3:atemp>
            <ns3:hr>151</ns3:hr>
          </ns3:TrackPointExtension>
        </extensions>
      </trkpt>
      <trkpt lat="59.96522937901318073272705078125" lon="30.31094259582459926605224609375">
        <ele>11.19999980926513671875</ele>
        <time>2026-06-30T07:31:10.000Z</time>
        <extensions>
          <ns3:TrackPointExtension>
            <ns3:atemp>27.0</ns3:atemp>
            <ns3:hr>152</ns3:hr>
          </ns3:TrackPointExtension>
        </extensions>
      </trkpt>
      <trkpt lat="59.96509694494307041168212890625" lon="30.31061201356351375579833984375">
        <ele>10.6000003814697265625</ele>
        <time>2026-06-30T07:31:14.000Z</time>
        <extensions>
          <ns3:TrackPointExtension>
            <ns3:atemp>27.0</ns3:atemp>
            <ns3:hr>153</ns3:hr>
          </ns3:TrackPointExtension>
        </extensions>
      </trkpt>
      <trkpt lat="59.96506869792938232421875" lon="30.31053087674081325531005859375">
        <ele>10.6000003814697265625</ele>
        <time>2026-06-30T07:31:15.000Z</time>
        <extensions>
          <ns3:TrackPointExtension>
            <ns3:atemp>27.0</ns3:atemp>
            <ns3:hr>154</ns3:hr>
          </ns3:TrackPointExtension>
        </extensions>
      </trkpt>
      <trkpt lat="59.9649997986853122711181640625" lon="30.310397185385227203369140625">
        <ele>10.3999996185302734375</ele>
        <time>2026-06-30T07:31:17.000Z</time>
        <extensions>
          <ns3:TrackPointExtension>
            <ns3:atemp>27.0</ns3:atemp>
            <ns3:hr>154</ns3:hr>
          </ns3:TrackPointExtension>
        </extensions>
      </trkpt>
      <trkpt lat="59.96487180702388286590576171875" lon="30.31025159172713756561279296875">
        <ele>10.3999996185302734375</ele>
        <time>2026-06-30T07:31:20.000Z</time>
        <extensions>
          <ns3:TrackPointExtension>
            <ns3:atemp>27.0</ns3:atemp>
            <ns3:hr>153</ns3:hr>
          </ns3:TrackPointExtension>
        </extensions>
      </trkpt>
      <trkpt lat="59.96476736851036548614501953125" lon="30.31018855981528759002685546875">
        <ele>10.3999996185302734375</ele>
        <time>2026-06-30T07:31:22.000Z</time>
        <extensions>
          <ns3:TrackPointExtension>
            <ns3:atemp>27.0</ns3:atemp>
            <ns3:hr>152</ns3:hr>
          </ns3:TrackPointExtension>
        </extensions>
      </trkpt>
      <trkpt lat="59.964649267494678497314453125" lon="30.31002829782664775848388671875">
        <ele>10.3999996185302734375</ele>
        <time>2026-06-30T07:31:25.000Z</time>
        <extensions>
          <ns3:TrackPointExtension>
            <ns3:atemp>27.0</ns3:atemp>
            <ns3:hr>152</ns3:hr>
          </ns3:TrackPointExtension>
        </extensions>
      </trkpt>
      <trkpt lat="59.96454256586730480194091796875" lon="30.30982998199760913848876953125">
        <ele>10.80000019073486328125</ele>
        <time>2026-06-30T07:31:29.000Z</time>
        <extensions>
          <ns3:TrackPointExtension>
            <ns3:atemp>27.0</ns3:atemp>
            <ns3:hr>151</ns3:hr>
          </ns3:TrackPointExtension>
        </extensions>
      </trkpt>
      <trkpt lat="59.96446184813976287841796875" lon="30.3098448179662227630615234375">
        <ele>10.80000019073486328125</ele>
        <time>2026-06-30T07:31:30.000Z</time>
        <extensions>
          <ns3:TrackPointExtension>
            <ns3:atemp>27.0</ns3:atemp>
            <ns3:hr>151</ns3:hr>
          </ns3:TrackPointExtension>
        </extensions>
      </trkpt>
      <trkpt lat="59.964297227561473846435546875" lon="30.30964055098593235015869140625">
        <ele>10.6000003814697265625</ele>
        <time>2026-06-30T07:31:33.000Z</time>
        <extensions>
          <ns3:TrackPointExtension>
            <ns3:atemp>27.0</ns3:atemp>
            <ns3:hr>151</ns3:hr>
          </ns3:TrackPointExtension>
        </extensions>
      </trkpt>
      <trkpt lat="59.96402121149003505706787109375" lon="30.309254229068756103515625">
        <ele>10</ele>
        <time>2026-06-30T07:31:38.000Z</time>
        <extensions>
          <ns3:TrackPointExtension>
            <ns3:atemp>27.0</ns3:atemp>
            <ns3:hr>150</ns3:hr>
          </ns3:TrackPointExtension>
        </extensions>
      </trkpt>
      <trkpt lat="59.96397234499454498291015625" lon="30.309192202985286712646484375">
        <ele>10</ele>
        <time>2026-06-30T07:31:39.000Z</time>
        <extensions>
          <ns3:TrackPointExtension>
            <ns3:atemp>27.0</ns3:atemp>
            <ns3:hr>155</ns3:hr>
          </ns3:TrackPointExtension>
        </extensions>
      </trkpt>
      <trkpt lat="59.96392549015581607818603515625" lon="30.3091253153979778289794921875">
        <ele>10</ele>
        <time>2026-06-30T07:31:40.000Z</time>
        <extensions>
          <ns3:TrackPointExtension>
            <ns3:atemp>27.0</ns3:atemp>
            <ns3:hr>158</ns3:hr>
          </ns3:TrackPointExtension>
        </extensions>
      </trkpt>
      <trkpt lat="59.96387804858386516571044921875" lon="30.3090515546500682830810546875">
        <ele>10</ele>
        <time>2026-06-30T07:31:41.000Z</time>
        <extensions>
          <ns3:TrackPointExtension>
            <ns3:atemp>27.0</ns3:atemp>
            <ns3:hr>158</ns3:hr>
          </ns3:TrackPointExtension>
        </extensions>
      </trkpt>
      <trkpt lat="59.96377763338387012481689453125" lon="30.3089338727295398712158203125">
        <ele>10</ele>
        <time>2026-06-30T07:31:43.000Z</time>
        <extensions>
          <ns3:TrackPointExtension>
            <ns3:atemp>27.0</ns3:atemp>
            <ns3:hr>159</ns3:hr>
          </ns3:TrackPointExtension>
        </extensions>
      </trkpt>
      <trkpt lat="59.963698424398899078369140625" lon="30.30877537094056606292724609375">
        <ele>10.3999996185302734375</ele>
        <time>2026-06-30T07:31:45.000Z</time>
        <extensions>
          <ns3:TrackPointExtension>
            <ns3:atemp>27.0</ns3:atemp>
            <ns3:hr>162</ns3:hr>
          </ns3:TrackPointExtension>
        </extensions>
      </trkpt>
      <trkpt lat="59.9636483006179332733154296875" lon="30.30872122384607791900634765625">
        <ele>10.6000003814697265625</ele>
        <time>2026-06-30T07:31:46.000Z</time>
        <extensions>
          <ns3:TrackPointExtension>
            <ns3:atemp>27.0</ns3:atemp>
            <ns3:hr>163</ns3:hr>
          </ns3:TrackPointExtension>
        </extensions>
      </trkpt>
      <trkpt lat="59.96354998089373111724853515625" lon="30.308606140315532684326171875">
        <ele>11</ele>
        <time>2026-06-30T07:31:48.000Z</time>
        <extensions>
          <ns3:TrackPointExtension>
            <ns3:atemp>27.0</ns3:atemp>
            <ns3:hr>162</ns3:hr>
          </ns3:TrackPointExtension>
        </extensions>
      </trkpt>
      <trkpt lat="59.96333138085901737213134765625" lon="30.308089815080165863037109375">
        <ele>10.6000003814697265625</ele>
        <time>2026-06-30T07:31:54.000Z</time>
        <extensions>
          <ns3:TrackPointExtension>
            <ns3:atemp>27.0</ns3:atemp>
            <ns3:hr>162</ns3:hr>
          </ns3:TrackPointExtension>
        </extensions>
      </trkpt>
      <trkpt lat="59.96317229233682155609130859375" lon="30.3077687881886959075927734375">
        <ele>10.6000003814697265625</ele>
        <time>2026-06-30T07:31:58.000Z</time>
        <extensions>
          <ns3:TrackPointExtension>
            <ns3:atemp>27.0</ns3:atemp>
            <ns3:hr>162</ns3:hr>
          </ns3:TrackPointExtension>
        </extensions>
      </trkpt>
      <trkpt lat="59.96307338587939739227294921875" lon="30.30762143433094024658203125">
        <ele>10.6000003814697265625</ele>
        <time>2026-06-30T07:32:00.000Z</time>
        <extensions>
          <ns3:TrackPointExtension>
            <ns3:atemp>27.0</ns3:atemp>
            <ns3:hr>163</ns3:hr>
          </ns3:TrackPointExtension>
        </extensions>
      </trkpt>
      <trkpt lat="59.96269485913217067718505859375" lon="30.30710041522979736328125">
        <ele>10.6000003814697265625</ele>
        <time>2026-06-30T07:32:08.000Z</time>
        <extensions>
          <ns3:TrackPointExtension>
            <ns3:atemp>27.0</ns3:atemp>
            <ns3:hr>165</ns3:hr>
          </ns3:TrackPointExtension>
        </extensions>
      </trkpt>
      <trkpt lat="59.96244222857058048248291015625" lon="30.3066699206829071044921875">
        <ele>10.80000019073486328125</ele>
        <time>2026-06-30T07:32:14.000Z</time>
        <extensions>
          <ns3:TrackPointExtension>
            <ns3:atemp>27.0</ns3:atemp>
            <ns3:hr>165</ns3:hr>
          </ns3:TrackPointExtension>
        </extensions>
      </trkpt>
      <trkpt lat="59.962125979363918304443359375" lon="30.30606550164520740509033203125">
        <ele>10.6000003814697265625</ele>
        <time>2026-06-30T07:32:22.000Z</time>
        <extensions>
          <ns3:TrackPointExtension>
            <ns3:atemp>27.0</ns3:atemp>
            <ns3:hr>165</ns3:hr>
          </ns3:TrackPointExtension>
        </extensions>
      </trkpt>
      <trkpt lat="59.9618954770267009735107421875" lon="30.30562260188162326812744140625">
        <ele>11.19999980926513671875</ele>
        <time>2026-06-30T07:32:28.000Z</time>
        <extensions>
          <ns3:TrackPointExtension>
            <ns3:atemp>27.0</ns3:atemp>
            <ns3:hr>166</ns3:hr>
          </ns3:TrackPointExtension>
        </extensions>
      </trkpt>
      <trkpt lat="59.961766563355922698974609375" lon="30.30539277009665966033935546875">
        <ele>11.80000019073486328125</ele>
        <time>2026-06-30T07:32:32.000Z</time>
        <extensions>
          <ns3:TrackPointExtension>
            <ns3:atemp>27.0</ns3:atemp>
            <ns3:hr>166</ns3:hr>
          </ns3:TrackPointExtension>
        </extensions>
      </trkpt>
      <trkpt lat="59.9617087282240390777587890625" lon="30.30532286502420902252197265625">
        <ele>12.19999980926513671875</ele>
        <time>2026-06-30T07:32:34.000Z</time>
        <extensions>
          <ns3:TrackPointExtension>
            <ns3:atemp>27.0</ns3:atemp>
            <ns3:hr>166</ns3:hr>
          </ns3:TrackPointExtension>
        </extensions>
      </trkpt>
      <trkpt lat="59.96162164025008678436279296875" lon="30.3052106313407421112060546875">
        <ele>12.19999980926513671875</ele>
        <time>2026-06-30T07:32:38.000Z</time>
        <extensions>
          <ns3:TrackPointExtension>
            <ns3:atemp>27.0</ns3:atemp>
            <ns3:hr>164</ns3:hr>
          </ns3:TrackPointExtension>
        </extensions>
      </trkpt>
      <trkpt lat="59.96148115955293178558349609375" lon="30.305048860609531402587890625">
        <ele>11.80000019073486328125</ele>
        <time>2026-06-30T07:32:42.000Z</time>
        <extensions>
          <ns3:TrackPointExtension>
            <ns3:atemp>27.0</ns3:atemp>
            <ns3:hr>161</ns3:hr>
          </ns3:TrackPointExtension>
        </extensions>
      </trkpt>
      <trkpt lat="59.9612514115869998931884765625" lon="30.30466186814010143280029296875">
        <ele>11.80000019073486328125</ele>
        <time>2026-06-30T07:32:47.000Z</time>
        <extensions>
          <ns3:TrackPointExtension>
            <ns3:atemp>27.0</ns3:atemp>
            <ns3:hr>161</ns3:hr>
          </ns3:TrackPointExtension>
        </extensions>
      </trkpt>
      <trkpt lat="59.961114116013050079345703125" lon="30.30449288897216320037841796875">
        <ele>11.3999996185302734375</ele>
        <time>2026-06-30T07:32:50.000Z</time>
        <extensions>
          <ns3:TrackPointExtension>
            <ns3:atemp>27.0</ns3:atemp>
            <ns3:hr>164</ns3:hr>
          </ns3:TrackPointExtension>
        </extensions>
      </trkpt>
      <trkpt lat="59.96106843464076519012451171875" lon="30.30441745184361934661865234375">
        <ele>11.3999996185302734375</ele>
        <time>2026-06-30T07:32:51.000Z</time>
        <extensions>
          <ns3:TrackPointExtension>
            <ns3:atemp>27.0</ns3:atemp>
            <ns3:hr>164</ns3:hr>
          </ns3:TrackPointExtension>
        </extensions>
      </trkpt>
      <trkpt lat="59.9608755670487880706787109375" lon="30.3040847741067409515380859375">
        <ele>10.80000019073486328125</ele>
        <time>2026-06-30T07:32:55.000Z</time>
        <extensions>
          <ns3:TrackPointExtension>
            <ns3:atemp>27.0</ns3:atemp>
            <ns3:hr>166</ns3:hr>
          </ns3:TrackPointExtension>
        </extensions>
      </trkpt>
      <trkpt lat="59.96082569472491741180419921875" lon="30.30400439165532588958740234375">
        <ele>10.6000003814697265625</ele>
        <time>2026-06-30T07:32:56.000Z</time>
        <extensions>
          <ns3:TrackPointExtension>
            <ns3:atemp>27.0</ns3:atemp>
            <ns3:hr>167</ns3:hr>
          </ns3:TrackPointExtension>
        </extensions>
      </trkpt>
      <trkpt lat="59.9607780016958713531494140625" lon="30.30392593704164028167724609375">
        <ele>10.3999996185302734375</ele>
        <time>2026-06-30T07:32:57.000Z</time>
        <extensions>
          <ns3:TrackPointExtension>
            <ns3:atemp>27.0</ns3:atemp>
            <ns3:hr>168</ns3:hr>
          </ns3:TrackPointExtension>
        </extensions>
      </trkpt>
      <trkpt lat="59.96056518517434597015380859375" lon="30.30363206751644611358642578125">
        <ele>10.3999996185302734375</ele>
        <time>2026-06-30T07:33:01.000Z</time>
        <extensions>
          <ns3:TrackPointExtension>
            <ns3:atemp>27.0</ns3:atemp>
            <ns3:hr>171</ns3:hr>
          </ns3:TrackPointExtension>
        </extensions>
      </trkpt>
      <trkpt lat="59.96045672334730625152587890625" lon="30.30335881747305393218994140625">
        <ele>11</ele>
        <time>2026-06-30T07:33:04.000Z</time>
        <extensions>
          <ns3:TrackPointExtension>
            <ns3:atemp>27.0</ns3:atemp>
            <ns3:hr>173</ns3:hr>
          </ns3:TrackPointExtension>
        </extensions>
      </trkpt>
      <trkpt lat="59.9602985568344593048095703125" lon="30.30303619801998138427734375">
        <ele>11.3999996185302734375</ele>
        <time>2026-06-30T07:33:09.000Z</time>
        <extensions>
          <ns3:TrackPointExtension>
            <ns3:atemp>27.0</ns3:atemp>
            <ns3:hr>173</ns3:hr>
          </ns3:TrackPointExtension>
        </extensions>
      </trkpt>
      <trkpt lat="59.960261173546314239501953125" lon="30.302968136966228485107421875">
        <ele>11.80000019073486328125</ele>
        <time>2026-06-30T07:33:11.000Z</time>
        <extensions>
          <ns3:TrackPointExtension>
            <ns3:atemp>27.0</ns3:atemp>
            <ns3:hr>172</ns3:hr>
          </ns3:TrackPointExtension>
        </extensions>
      </trkpt>
      <trkpt lat="59.96020141057670116424560546875" lon="30.3029059432446956634521484375">
        <ele>11.80000019073486328125</ele>
        <time>2026-06-30T07:33:14.000Z</time>
        <extensions>
          <ns3:TrackPointExtension>
            <ns3:atemp>27.0</ns3:atemp>
            <ns3:hr>171</ns3:hr>
          </ns3:TrackPointExtension>
        </extensions>
      </trkpt>
      <trkpt lat="59.9601030908524990081787109375" lon="30.30291549861431121826171875">
        <ele>11.6000003814697265625</ele>
        <time>2026-06-30T07:33:19.000Z</time>
        <extensions>
          <ns3:TrackPointExtension>
            <ns3:atemp>27.0</ns3:atemp>
            <ns3:hr>169</ns3:hr>
          </ns3:TrackPointExtension>
        </extensions>
      </trkpt>
      <trkpt lat="59.96002840809524059295654296875" lon="30.30304424464702606201171875">
        <ele>11.3999996185302734375</ele>
        <time>2026-06-30T07:33:29.000Z</time>
        <extensions>
          <ns3:TrackPointExtension>
            <ns3:atemp>27.0</ns3:atemp>
            <ns3:hr>167</ns3:hr>
          </ns3:TrackPointExtension>
        </extensions>
      </trkpt>
      <trkpt lat="59.96002840809524059295654296875" lon="30.3030678816139698028564453125">
        <ele>11.3999996185302734375</ele>
        <time>2026-06-30T07:33:37.000Z</time>
        <extensions>
          <ns3:TrackPointExtension>
            <ns3:atemp>27.0</ns3:atemp>
            <ns3:hr>166</ns3:hr>
          </ns3:TrackPointExtension>
        </extensions>
      </trkpt>
      <trkpt lat="59.96003444306552410125732421875" lon="30.30306628905236721038818359375">
        <ele>11.3999996185302734375</ele>
        <time>2026-06-30T07:33:41.000Z</time>
        <extensions>
          <ns3:TrackPointExtension>
            <ns3:atemp>27.0</ns3:atemp>
            <ns3:hr>159</ns3:hr>
          </ns3:TrackPointExtension>
        </extensions>
      </trkpt>
      <trkpt lat="59.9600357003509998321533203125" lon="30.303076095879077911376953125">
        <ele>11.3999996185302734375</ele>
        <time>2026-06-30T07:33:42.000Z</time>
        <extensions>
          <ns3:TrackPointExtension>
            <ns3:atemp>27.0</ns3:atemp>
            <ns3:hr>156</ns3:hr>
          </ns3:TrackPointExtension>
        </extensions>
      </trkpt>
      <trkpt lat="59.96003896929323673248291015625" lon="30.3030578233301639556884765625">
        <ele>11.3999996185302734375</ele>
        <time>2026-06-30T07:33:45.000Z</time>
        <extensions>
          <ns3:TrackPointExtension>
            <ns3:atemp>27.0</ns3:atemp>
            <ns3:hr>153</ns3:hr>
          </ns3:TrackPointExtension>
        </extensions>
      </trkpt>
      <trkpt lat="59.9600313417613506317138671875" lon="30.30307232402265071868896484375">
        <ele>11.3999996185302734375</ele>
        <time>2026-06-30T07:33:47.000Z</time>
        <extensions>
          <ns3:TrackPointExtension>
            <ns3:atemp>27.0</ns3:atemp>
            <ns3:hr>151</ns3:hr>
          </ns3:TrackPointExtension>
        </extensions>
      </trkpt>
      <trkpt lat="59.95999420993030071258544921875" lon="30.303002335131168365478515625">
        <ele>11.3999996185302734375</ele>
        <time>2026-06-30T07:33:49.000Z</time>
        <extensions>
          <ns3:TrackPointExtension>
            <ns3:atemp>27.0</ns3:atemp>
            <ns3:hr>149</ns3:hr>
          </ns3:TrackPointExtension>
        </extensions>
      </trkpt>
      <trkpt lat="59.95996487326920032501220703125" lon="30.3029468469321727752685546875">
        <ele>11.3999996185302734375</ele>
        <time>2026-06-30T07:33:50.000Z</time>
        <extensions>
          <ns3:TrackPointExtension>
            <ns3:atemp>27.0</ns3:atemp>
            <ns3:hr>149</ns3:hr>
          </ns3:TrackPointExtension>
        </extensions>
      </trkpt>
      <trkpt lat="59.95980209670960903167724609375" lon="30.30245994217693805694580078125">
        <ele>11.80000019073486328125</ele>
        <time>2026-06-30T07:33:55.000Z</time>
        <extensions>
          <ns3:TrackPointExtension>
            <ns3:atemp>27.0</ns3:atemp>
            <ns3:hr>148</ns3:hr>
          </ns3:TrackPointExtension>
        </extensions>
      </trkpt>
      <trkpt lat="59.95954141952097415924072265625" lon="30.30204922892153263092041015625">
        <ele>12</ele>
        <time>2026-06-30T07:34:01.000Z</time>
        <extensions>
          <ns3:TrackPointExtension>
            <ns3:atemp>27.0</ns3:atemp>
            <ns3:hr>150</ns3:hr>
          </ns3:TrackPointExtension>
        </extensions>
      </trkpt>
      <trkpt lat="59.95947922579944133758544921875" lon="30.30189969576895236968994140625">
        <ele>11.80000019073486328125</ele>
        <time>2026-06-30T07:34:03.000Z</time>
        <extensions>
          <ns3:TrackPointExtension>
            <ns3:atemp>27.0</ns3:atemp>
            <ns3:hr>153</ns3:hr>
          </ns3:TrackPointExtension>
        </extensions>
      </trkpt>
      <trkpt lat="59.959388114511966705322265625" lon="30.30176483094692230224609375">
        <ele>11.80000019073486328125</ele>
        <time>2026-06-30T07:34:05.000Z</time>
        <extensions>
          <ns3:TrackPointExtension>
            <ns3:atemp>27.0</ns3:atemp>
            <ns3:hr>157</ns3:hr>
          </ns3:TrackPointExtension>
        </extensions>
      </trkpt>
      <trkpt lat="59.95933287777006626129150390625" lon="30.3016969375312328338623046875">
        <ele>11.80000019073486328125</ele>
        <time>2026-06-30T07:34:06.000Z</time>
        <extensions>
          <ns3:TrackPointExtension>
            <ns3:atemp>27.0</ns3:atemp>
            <ns3:hr>157</ns3:hr>
          </ns3:TrackPointExtension>
        </extensions>
      </trkpt>
      <trkpt lat="59.9592843465507030487060546875" lon="30.30161202885210514068603515625">
        <ele>11.80000019073486328125</ele>
        <time>2026-06-30T07:34:07.000Z</time>
        <extensions>
          <ns3:TrackPointExtension>
            <ns3:atemp>27.0</ns3:atemp>
            <ns3:hr>157</ns3:hr>
          </ns3:TrackPointExtension>
        </extensions>
      </trkpt>
      <trkpt lat="59.9590751342475414276123046875" lon="30.3012480027973651885986328125">
        <ele>11.80000019073486328125</ele>
        <time>2026-06-30T07:34:11.000Z</time>
        <extensions>
          <ns3:TrackPointExtension>
            <ns3:atemp>27.0</ns3:atemp>
            <ns3:hr>158</ns3:hr>
          </ns3:TrackPointExtension>
        </extensions>
      </trkpt>
      <trkpt lat="59.958833567798137664794921875" lon="30.30082295648753643035888671875">
        <ele>11.80000019073486328125</ele>
        <time>2026-06-30T07:34:16.000Z</time>
        <extensions>
          <ns3:TrackPointExtension>
            <ns3:atemp>27.0</ns3:atemp>
            <ns3:hr>161</ns3:hr>
          </ns3:TrackPointExtension>
        </extensions>
      </trkpt>
      <trkpt lat="59.95878771878778934478759765625" lon="30.3007531352341175079345703125">
        <ele>12</ele>
        <time>2026-06-30T07:34:17.000Z</time>
        <extensions>
          <ns3:TrackPointExtension>
            <ns3:atemp>27.0</ns3:atemp>
            <ns3:hr>161</ns3:hr>
          </ns3:TrackPointExtension>
        </extensions>
      </trkpt>
      <trkpt lat="59.95863717980682849884033203125" lon="30.30043445527553558349609375">
        <ele>12.19999980926513671875</ele>
        <time>2026-06-30T07:34:22.000Z</time>
        <extensions>
          <ns3:TrackPointExtension>
            <ns3:atemp>27.0</ns3:atemp>
            <ns3:hr>161</ns3:hr>
          </ns3:TrackPointExtension>
        </extensions>
      </trkpt>
      <trkpt lat="59.95850642211735248565673828125" lon="30.30017972923815250396728515625">
        <ele>12.3999996185302734375</ele>
        <time>2026-06-30T07:34:27.000Z</time>
        <extensions>
          <ns3:TrackPointExtension>
            <ns3:atemp>27.0</ns3:atemp>
            <ns3:hr>159</ns3:hr>
          </ns3:TrackPointExtension>
        </extensions>
      </trkpt>
      <trkpt lat="59.95825697667896747589111328125" lon="30.30000823549926280975341796875">
        <ele>12.19999980926513671875</ele>
        <time>2026-06-30T07:34:32.000Z</time>
        <extensions>
          <ns3:TrackPointExtension>
            <ns3:atemp>27.0</ns3:atemp>
            <ns3:hr>156</ns3:hr>
          </ns3:TrackPointExtension>
        </extensions>
      </trkpt>
      <trkpt lat="59.95819754898548126220703125" lon="30.29985182918608188629150390625">
        <ele>12.3999996185302734375</ele>
        <time>2026-06-30T07:34:34.000Z</time>
        <extensions>
          <ns3:TrackPointExtension>
            <ns3:atemp>27.0</ns3:atemp>
            <ns3:hr>156</ns3:hr>
          </ns3:TrackPointExtension>
        </extensions>
      </trkpt>
      <trkpt lat="59.95814449153840541839599609375" lon="30.29970564879477024078369140625">
        <ele>13</ele>
        <time>2026-06-30T07:34:36.000Z</time>
        <extensions>
          <ns3:TrackPointExtension>
            <ns3:atemp>27.0</ns3:atemp>
            <ns3:hr>155</ns3:hr>
          </ns3:TrackPointExtension>
        </extensions>
      </trkpt>
      <trkpt lat="59.9579717405140399932861328125" lon="30.2993473224341869354248046875">
        <ele>13.3999996185302734375</ele>
        <time>2026-06-30T07:34:41.000Z</time>
        <extensions>
          <ns3:TrackPointExtension>
            <ns3:atemp>27.0</ns3:atemp>
            <ns3:hr>157</ns3:hr>
          </ns3:TrackPointExtension>
        </extensions>
      </trkpt>
      <trkpt lat="59.957597069442272186279296875" lon="30.298750363290309906005859375">
        <ele>12.6000003814697265625</ele>
        <time>2026-06-30T07:34:50.000Z</time>
        <extensions>
          <ns3:TrackPointExtension>
            <ns3:atemp>27.0</ns3:atemp>
            <ns3:hr>157</ns3:hr>
          </ns3:TrackPointExtension>
        </extensions>
      </trkpt>
      <trkpt lat="59.95742180384695529937744140625" lon="30.29846412129700183868408203125">
        <ele>12.19999980926513671875</ele>
        <time>2026-06-30T07:34:55.000Z</time>
        <extensions>
          <ns3:TrackPointExtension>
            <ns3:atemp>27.0</ns3:atemp>
            <ns3:hr>156</ns3:hr>
          </ns3:TrackPointExtension>
        </extensions>
      </trkpt>
      <trkpt lat="59.95734217576682567596435546875" lon="30.29834568500518798828125">
        <ele>12.19999980926513671875</ele>
        <time>2026-06-30T07:34:57.000Z</time>
        <extensions>
          <ns3:TrackPointExtension>
            <ns3:atemp>27.0</ns3:atemp>
            <ns3:hr>156</ns3:hr>
          </ns3:TrackPointExtension>
        </extensions>
      </trkpt>
      <trkpt lat="59.95705635286867618560791015625" lon="30.2979468740522861480712890625">
        <ele>13.19999980926513671875</ele>
        <time>2026-06-30T07:35:04.000Z</time>
        <extensions>
          <ns3:TrackPointExtension>
            <ns3:atemp>27.0</ns3:atemp>
            <ns3:hr>156</ns3:hr>
          </ns3:TrackPointExtension>
        </extensions>
      </trkpt>
      <trkpt lat="59.9570188857614994049072265625" lon="30.29788241721689701080322265625">
        <ele>13.19999980926513671875</ele>
        <time>2026-06-30T07:35:05.000Z</time>
        <extensions>
          <ns3:TrackPointExtension>
            <ns3:atemp>27.0</ns3:atemp>
            <ns3:hr>156</ns3:hr>
          </ns3:TrackPointExtension>
        </extensions>
      </trkpt>
      <trkpt lat="59.9567687697708606719970703125" lon="30.29751428402960300445556640625">
        <ele>13.6000003814697265625</ele>
        <time>2026-06-30T07:35:11.000Z</time>
        <extensions>
          <ns3:TrackPointExtension>
            <ns3:atemp>27.0</ns3:atemp>
            <ns3:hr>154</ns3:hr>
          </ns3:TrackPointExtension>
        </extensions>
      </trkpt>
      <trkpt lat="59.95669693686068058013916015625" lon="30.29735452495515346527099609375">
        <ele>13.3999996185302734375</ele>
        <time>2026-06-30T07:35:13.000Z</time>
        <extensions>
          <ns3:TrackPointExtension>
            <ns3:atemp>27.0</ns3:atemp>
            <ns3:hr>153</ns3:hr>
          </ns3:TrackPointExtension>
        </extensions>
      </trkpt>
      <trkpt lat="59.956541620194911956787109375" lon="30.29718571342527866363525390625">
        <ele>13.80000019073486328125</ele>
        <time>2026-06-30T07:35:16.000Z</time>
        <extensions>
          <ns3:TrackPointExtension>
            <ns3:atemp>27.0</ns3:atemp>
            <ns3:hr>152</ns3:hr>
          </ns3:TrackPointExtension>
        </extensions>
      </trkpt>
      <trkpt lat="59.9563416279852390289306640625" lon="30.29692654497921466827392578125">
        <ele>14</ele>
        <time>2026-06-30T07:35:20.000Z</time>
        <extensions>
          <ns3:TrackPointExtension>
            <ns3:atemp>27.0</ns3:atemp>
            <ns3:hr>153</ns3:hr>
          </ns3:TrackPointExtension>
        </extensions>
      </trkpt>
      <trkpt lat="59.9562670290470123291015625" lon="30.2968156524002552032470703125">
        <ele>14.19999980926513671875</ele>
        <time>2026-06-30T07:35:22.000Z</time>
        <extensions>
          <ns3:TrackPointExtension>
            <ns3:atemp>27.0</ns3:atemp>
            <ns3:hr>153</ns3:hr>
          </ns3:TrackPointExtension>
        </extensions>
      </trkpt>
      <trkpt lat="59.95605723001062870025634765625" lon="30.2964694797992706298828125">
        <ele>13</ele>
        <time>2026-06-30T07:35:27.000Z</time>
        <extensions>
          <ns3:TrackPointExtension>
            <ns3:atemp>27.0</ns3:atemp>
            <ns3:hr>154</ns3:hr>
          </ns3:TrackPointExtension>
        </extensions>
      </trkpt>
      <trkpt lat="59.955979026854038238525390625" lon="30.29631592333316802978515625">
        <ele>13</ele>
        <time>2026-06-30T07:35:29.000Z</time>
        <extensions>
          <ns3:TrackPointExtension>
            <ns3:atemp>27.0</ns3:atemp>
            <ns3:hr>153</ns3:hr>
          </ns3:TrackPointExtension>
        </extensions>
      </trkpt>
      <trkpt lat="59.955911301076412200927734375" lon="30.2961474470794200897216796875">
        <ele>13.3999996185302734375</ele>
        <time>2026-06-30T07:35:31.000Z</time>
        <extensions>
          <ns3:TrackPointExtension>
            <ns3:atemp>27.0</ns3:atemp>
            <ns3:hr>152</ns3:hr>
          </ns3:TrackPointExtension>
        </extensions>
      </trkpt>
      <trkpt lat="59.9557894282042980194091796875" lon="30.2959285117685794830322265625">
        <ele>13.6000003814697265625</ele>
        <time>2026-06-30T07:35:34.000Z</time>
        <extensions>
          <ns3:TrackPointExtension>
            <ns3:atemp>27.0</ns3:atemp>
            <ns3:hr>152</ns3:hr>
          </ns3:TrackPointExtension>
        </extensions>
      </trkpt>
      <trkpt lat="59.9556313455104827880859375" lon="30.29577084816992282867431640625">
        <ele>13.19999980926513671875</ele>
        <time>2026-06-30T07:35:37.000Z</time>
        <extensions>
          <ns3:TrackPointExtension>
            <ns3:atemp>27.0</ns3:atemp>
            <ns3:hr>152</ns3:hr>
          </ns3:TrackPointExtension>
        </extensions>
      </trkpt>
      <trkpt lat="59.9555466882884502410888671875" lon="30.29548552818596363067626953125">
        <ele>14</ele>
        <time>2026-06-30T07:35:40.000Z</time>
        <extensions>
          <ns3:TrackPointExtension>
            <ns3:atemp>27.0</ns3:atemp>
            <ns3:hr>152</ns3:hr>
          </ns3:TrackPointExtension>
        </extensions>
      </trkpt>
      <trkpt lat="59.95550670661032199859619140625" lon="30.2954328060150146484375">
        <ele>14</ele>
        <time>2026-06-30T07:35:41.000Z</time>
        <extensions>
          <ns3:TrackPointExtension>
            <ns3:atemp>27.0</ns3:atemp>
            <ns3:hr>152</ns3:hr>
          </ns3:TrackPointExtension>
        </extensions>
      </trkpt>
      <trkpt lat="59.955344013869762420654296875" lon="30.29515209607779979705810546875">
        <ele>13.80000019073486328125</ele>
        <time>2026-06-30T07:35:45.000Z</time>
        <extensions>
          <ns3:TrackPointExtension>
            <ns3:atemp>27.0</ns3:atemp>
            <ns3:hr>152</ns3:hr>
          </ns3:TrackPointExtension>
        </extensions>
      </trkpt>
      <trkpt lat="59.95524468831717967987060546875" lon="30.295018069446086883544921875">
        <ele>13.19999980926513671875</ele>
        <time>2026-06-30T07:35:47.000Z</time>
        <extensions>
          <ns3:TrackPointExtension>
            <ns3:atemp>27.0</ns3:atemp>
            <ns3:hr>152</ns3:hr>
          </ns3:TrackPointExtension>
        </extensions>
      </trkpt>
      <trkpt lat="59.95509079657495021820068359375" lon="30.2947778441011905670166015625">
        <ele>12.6000003814697265625</ele>
        <time>2026-06-30T07:35:50.000Z</time>
        <extensions>
          <ns3:TrackPointExtension>
            <ns3:atemp>27.0</ns3:atemp>
            <ns3:hr>152</ns3:hr>
          </ns3:TrackPointExtension>
        </extensions>
      </trkpt>
      <trkpt lat="59.954827018082141876220703125" lon="30.29427953995764255523681640625">
        <ele>12</ele>
        <time>2026-06-30T07:35:56.000Z</time>
        <extensions>
          <ns3:TrackPointExtension>
            <ns3:atemp>27.0</ns3:atemp>
            <ns3:hr>151</ns3:hr>
          </ns3:TrackPointExtension>
        </extensions>
      </trkpt>
      <trkpt lat="59.9548043869435787200927734375" lon="30.29419706203043460845947265625">
        <ele>12</ele>
        <time>2026-06-30T07:35:57.000Z</time>
        <extensions>
          <ns3:TrackPointExtension>
            <ns3:atemp>27.0</ns3:atemp>
            <ns3:hr>153</ns3:hr>
          </ns3:TrackPointExtension>
        </extensions>
      </trkpt>
      <trkpt lat="59.95477530173957347869873046875" lon="30.29412212781608104705810546875">
        <ele>12</ele>
        <time>2026-06-30T07:35:58.000Z</time>
        <extensions>
          <ns3:TrackPointExtension>
            <ns3:atemp>27.0</ns3:atemp>
            <ns3:hr>154</ns3:hr>
          </ns3:TrackPointExtension>
        </extensions>
      </trkpt>
      <trkpt lat="59.9545831046998500823974609375" lon="30.29385390691459178924560546875">
        <ele>12</ele>
        <time>2026-06-30T07:36:03.000Z</time>
        <extensions>
          <ns3:TrackPointExtension>
            <ns3:atemp>27.0</ns3:atemp>
            <ns3:hr>155</ns3:hr>
          </ns3:TrackPointExtension>
        </extensions>
      </trkpt>
      <trkpt lat="59.95435402728617191314697265625" lon="30.29359959997236728668212890625">
        <ele>12.6000003814697265625</ele>
        <time>2026-06-30T07:36:08.000Z</time>
        <extensions>
          <ns3:TrackPointExtension>
            <ns3:atemp>27.0</ns3:atemp>
            <ns3:hr>153</ns3:hr>
          </ns3:TrackPointExtension>
        </extensions>
      </trkpt>
      <trkpt lat="59.954288564622402191162109375" lon="30.29344671405851840972900390625">
        <ele>12.6000003814697265625</ele>
        <time>2026-06-30T07:36:10.000Z</time>
        <extensions>
          <ns3:TrackPointExtension>
            <ns3:atemp>27.0</ns3:atemp>
            <ns3:hr>153</ns3:hr>
          </ns3:TrackPointExtension>
        </extensions>
      </trkpt>
      <trkpt lat="59.954192005097866058349609375" lon="30.2932499907910823822021484375">
        <ele>13</ele>
        <time>2026-06-30T07:36:13.000Z</time>
        <extensions>
          <ns3:TrackPointExtension>
            <ns3:atemp>27.0</ns3:atemp>
            <ns3:hr>152</ns3:hr>
          </ns3:TrackPointExtension>
        </extensions>
      </trkpt>
      <trkpt lat="59.95408974587917327880859375" lon="30.29306709766387939453125">
        <ele>13.19999980926513671875</ele>
        <time>2026-06-30T07:36:16.000Z</time>
        <extensions>
          <ns3:TrackPointExtension>
            <ns3:atemp>27.0</ns3:atemp>
            <ns3:hr>151</ns3:hr>
          </ns3:TrackPointExtension>
        </extensions>
      </trkpt>
      <trkpt lat="59.95403400622308254241943359375" lon="30.2929747290909290313720703125">
        <ele>13.19999980926513671875</ele>
        <time>2026-06-30T07:36:17.000Z</time>
        <extensions>
          <ns3:TrackPointExtension>
            <ns3:atemp>27.0</ns3:atemp>
            <ns3:hr>150</ns3:hr>
          </ns3:TrackPointExtension>
        </extensions>
      </trkpt>
      <trkpt lat="59.95399880222976207733154296875" lon="30.29291245155036449432373046875">
        <ele>13.3999996185302734375</ele>
        <time>2026-06-30T07:36:18.000Z</time>
        <extensions>
          <ns3:TrackPointExtension>
            <ns3:atemp>27.0</ns3:atemp>
            <ns3:hr>150</ns3:hr>
          </ns3:TrackPointExtension>
        </extensions>
      </trkpt>
      <trkpt lat="59.95383116416633129119873046875" lon="30.2926049195230007171630859375">
        <ele>13.3999996185302734375</ele>
        <time>2026-06-30T07:36:22.000Z</time>
        <extensions>
          <ns3:TrackPointExtension>
            <ns3:atemp>27.0</ns3:atemp>
            <ns3:hr>149</ns3:hr>
          </ns3:TrackPointExtension>
        </extensions>
      </trkpt>
      <trkpt lat="59.95371717028319835662841796875" lon="30.2923893369734287261962890625">
        <ele>13.19999980926513671875</ele>
        <time>2026-06-30T07:36:25.000Z</time>
        <extensions>
          <ns3:TrackPointExtension>
            <ns3:atemp>27.0</ns3:atemp>
            <ns3:hr>148</ns3:hr>
          </ns3:TrackPointExtension>
        </extensions>
      </trkpt>
      <trkpt lat="59.9535320140421390533447265625" lon="30.29224030673503875732421875">
        <ele>13</ele>
        <time>2026-06-30T07:36:29.000Z</time>
        <extensions>
          <ns3:TrackPointExtension>
            <ns3:atemp>27.0</ns3:atemp>
            <ns3:hr>148</ns3:hr>
          </ns3:TrackPointExtension>
        </extensions>
      </trkpt>
      <trkpt lat="59.953337721526622772216796875" lon="30.29201542027294635772705078125">
        <ele>12.80000019073486328125</ele>
        <time>2026-06-30T07:36:33.000Z</time>
        <extensions>
          <ns3:TrackPointExtension>
            <ns3:atemp>27.0</ns3:atemp>
            <ns3:hr>148</ns3:hr>
          </ns3:TrackPointExtension>
        </extensions>
      </trkpt>
      <trkpt lat="59.95325298048555850982666015625" lon="30.29191584326326847076416015625">
        <ele>12.80000019073486328125</ele>
        <time>2026-06-30T07:36:35.000Z</time>
        <extensions>
          <ns3:TrackPointExtension>
            <ns3:atemp>27.0</ns3:atemp>
            <ns3:hr>148</ns3:hr>
          </ns3:TrackPointExtension>
        </extensions>
      </trkpt>
      <trkpt lat="59.953136555850505828857421875" lon="30.291736386716365814208984375">
        <ele>13.19999980926513671875</ele>
        <time>2026-06-30T07:36:39.000Z</time>
        <extensions>
          <ns3:TrackPointExtension>
            <ns3:atemp>27.0</ns3:atemp>
            <ns3:hr>147</ns3:hr>
          </ns3:TrackPointExtension>
        </extensions>
      </trkpt>
      <trkpt lat="59.95297537185251712799072265625" lon="30.29158827848732471466064453125">
        <ele>13.3999996185302734375</ele>
        <time>2026-06-30T07:36:43.000Z</time>
        <extensions>
          <ns3:TrackPointExtension>
            <ns3:atemp>27.0</ns3:atemp>
            <ns3:hr>146</ns3:hr>
          </ns3:TrackPointExtension>
        </extensions>
      </trkpt>
      <trkpt lat="59.952901862561702728271484375" lon="30.29149473644793033599853515625">
        <ele>13.3999996185302734375</ele>
        <time>2026-06-30T07:36:45.000Z</time>
        <extensions>
          <ns3:TrackPointExtension>
            <ns3:atemp>27.0</ns3:atemp>
            <ns3:hr>146</ns3:hr>
          </ns3:TrackPointExtension>
        </extensions>
      </trkpt>
      <trkpt lat="59.95283187367022037506103515625" lon="30.291376300156116485595703125">
        <ele>13.3999996185302734375</ele>
        <time>2026-06-30T07:36:47.000Z</time>
        <extensions>
          <ns3:TrackPointExtension>
            <ns3:atemp>27.0</ns3:atemp>
            <ns3:hr>145</ns3:hr>
          </ns3:TrackPointExtension>
        </extensions>
      </trkpt>
      <trkpt lat="59.95274864137172698974609375" lon="30.2912634797394275665283203125">
        <ele>13.19999980926513671875</ele>
        <time>2026-06-30T07:36:50.000Z</time>
        <extensions>
          <ns3:TrackPointExtension>
            <ns3:atemp>27.0</ns3:atemp>
            <ns3:hr>145</ns3:hr>
          </ns3:TrackPointExtension>
        </extensions>
      </trkpt>
      <trkpt lat="59.95271100662648677825927734375" lon="30.2912406809628009796142578125">
        <ele>13.3999996185302734375</ele>
        <time>2026-06-30T07:36:52.000Z</time>
        <extensions>
          <ns3:TrackPointExtension>
            <ns3:atemp>27.0</ns3:atemp>
            <ns3:hr>146</ns3:hr>
          </ns3:TrackPointExtension>
        </extensions>
      </trkpt>
      <trkpt lat="59.95270078070461750030517578125" lon="30.2912276051938533782958984375">
        <ele>13.6000003814697265625</ele>
        <time>2026-06-30T07:36:54.000Z</time>
        <extensions>
          <ns3:TrackPointExtension>
            <ns3:atemp>27.0</ns3:atemp>
            <ns3:hr>147</ns3:hr>
          </ns3:TrackPointExtension>
        </extensions>
      </trkpt>
      <trkpt lat="59.9526616372168064117431640625" lon="30.29109961353242397308349609375">
        <ele>13.3999996185302734375</ele>
        <time>2026-06-30T07:36:57.000Z</time>
        <extensions>
          <ns3:TrackPointExtension>
            <ns3:atemp>27.0</ns3:atemp>
            <ns3:hr>148</ns3:hr>
          </ns3:TrackPointExtension>
        </extensions>
      </trkpt>
      <trkpt lat="59.95259583927690982818603515625" lon="30.29095058329403400421142578125">
        <ele>13.6000003814697265625</ele>
        <time>2026-06-30T07:37:02.000Z</time>
        <extensions>
          <ns3:TrackPointExtension>
            <ns3:atemp>27.0</ns3:atemp>
            <ns3:hr>147</ns3:hr>
          </ns3:TrackPointExtension>
        </extensions>
      </trkpt>
      <trkpt lat="59.9525888822972774505615234375" lon="30.290945805609226226806640625">
        <ele>13.6000003814697265625</ele>
        <time>2026-06-30T07:37:03.000Z</time>
        <extensions>
          <ns3:TrackPointExtension>
            <ns3:atemp>27.0</ns3:atemp>
            <ns3:hr>148</ns3:hr>
          </ns3:TrackPointExtension>
        </extensions>
      </trkpt>
      <trkpt lat="59.95255661197006702423095703125" lon="30.29094672761857509613037109375">
        <ele>13.6000003814697265625</ele>
        <time>2026-06-30T07:37:06.000Z</time>
        <extensions>
          <ns3:TrackPointExtension>
            <ns3:atemp>27.0</ns3:atemp>
            <ns3:hr>149</ns3:hr>
          </ns3:TrackPointExtension>
        </extensions>
      </trkpt>
      <trkpt lat="59.9525526724755764007568359375" lon="30.2909670956432819366455078125">
        <ele>13.6000003814697265625</ele>
        <time>2026-06-30T07:37:07.000Z</time>
        <extensions>
          <ns3:TrackPointExtension>
            <ns3:atemp>27.0</ns3:atemp>
            <ns3:hr>148</ns3:hr>
          </ns3:TrackPointExtension>
        </extensions>
      </trkpt>
      <trkpt lat="59.9525214917957782745361328125" lon="30.29104831628501415252685546875">
        <ele>13.19999980926513671875</ele>
        <time>2026-06-30T07:37:09.000Z</time>
        <extensions>
          <ns3:TrackPointExtension>
            <ns3:atemp>27.0</ns3:atemp>
            <ns3:hr>149</ns3:hr>
          </ns3:TrackPointExtension>
        </extensions>
      </trkpt>
      <trkpt lat="59.9524812586605548858642578125" lon="30.29107798822224140167236328125">
        <ele>13.19999980926513671875</ele>
        <time>2026-06-30T07:37:10.000Z</time>
        <extensions>
          <ns3:TrackPointExtension>
            <ns3:atemp>27.0</ns3:atemp>
            <ns3:hr>149</ns3:hr>
          </ns3:TrackPointExtension>
        </extensions>
      </trkpt>
      <trkpt lat="59.95231001637876033782958984375" lon="30.29106139205396175384521484375">
        <ele>12.80000019073486328125</ele>
        <time>2026-06-30T07:37:15.000Z</time>
        <extensions>
          <ns3:TrackPointExtension>
            <ns3:atemp>27.0</ns3:atemp>
            <ns3:hr>147</ns3:hr>
          </ns3:TrackPointExtension>
        </extensions>
      </trkpt>
      <trkpt lat="59.952267520129680633544921875" lon="30.29110849834978580474853515625">
        <ele>13</ele>
        <time>2026-06-30T07:37:19.000Z</time>
        <extensions>
          <ns3:TrackPointExtension>
            <ns3:atemp>27.0</ns3:atemp>
            <ns3:hr>147</ns3:hr>
          </ns3:TrackPointExtension>
        </extensions>
      </trkpt>
      <trkpt lat="59.95225419290363788604736328125" lon="30.291138254106044769287109375">
        <ele>12.80000019073486328125</ele>
        <time>2026-06-30T07:37:25.000Z</time>
        <extensions>
          <ns3:TrackPointExtension>
            <ns3:atemp>27.0</ns3:atemp>
            <ns3:hr>149</ns3:hr>
          </ns3:TrackPointExtension>
        </extensions>
      </trkpt>
      <trkpt lat="59.9522515945136547088623046875" lon="30.29116876423358917236328125">
        <ele>11.6000003814697265625</ele>
        <time>2026-06-30T07:37:28.000Z</time>
        <extensions>
          <ns3:TrackPointExtension>
            <ns3:atemp>27.0</ns3:atemp>
            <ns3:hr>149</ns3:hr>
          </ns3:TrackPointExtension>
        </extensions>
      </trkpt>
      <trkpt lat="59.952234327793121337890625" lon="30.29119030572474002838134765625">
        <ele>10.3999996185302734375</ele>
        <time>2026-06-30T07:37:31.000Z</time>
        <extensions>
          <ns3:TrackPointExtension>
            <ns3:atemp>27.0</ns3:atemp>
            <ns3:hr>149</ns3:hr>
          </ns3:TrackPointExtension>
        </extensions>
      </trkpt>
      <trkpt lat="59.952213875949382781982421875" lon="30.29120237566530704498291015625">
        <ele>10.19999980926513671875</ele>
        <time>2026-06-30T07:37:32.000Z</time>
        <extensions>
          <ns3:TrackPointExtension>
            <ns3:atemp>27.0</ns3:atemp>
            <ns3:hr>149</ns3:hr>
          </ns3:TrackPointExtension>
        </extensions>
      </trkpt>
      <trkpt lat="59.9518019892275333404541015625" lon="30.29080809094011783599853515625">
        <ele>9.19999980926513671875</ele>
        <time>2026-06-30T07:38:15.000Z</time>
        <extensions>
          <ns3:TrackPointExtension>
            <ns3:atemp>27.0</ns3:atemp>
            <ns3:hr>143</ns3:hr>
          </ns3:TrackPointExtension>
        </extensions>
      </trkpt>
      <trkpt lat="59.95179939083755016326904296875" lon="30.2907525189220905303955078125">
        <ele>9.3999996185302734375</ele>
        <time>2026-06-30T07:38:16.000Z</time>
        <extensions>
          <ns3:TrackPointExtension>
            <ns3:atemp>27.0</ns3:atemp>
            <ns3:hr>144</ns3:hr>
          </ns3:TrackPointExtension>
        </extensions>
      </trkpt>
      <trkpt lat="59.95180525816977024078369140625" lon="30.29074589721858501434326171875">
        <ele>9.6000003814697265625</ele>
        <time>2026-06-30T07:38:18.000Z</time>
        <extensions>
          <ns3:TrackPointExtension>
            <ns3:atemp>27.0</ns3:atemp>
            <ns3:hr>144</ns3:hr>
          </ns3:TrackPointExtension>
        </extensions>
      </trkpt>
      <trkpt lat="59.9518011510372161865234375" lon="30.29074539430439472198486328125">
        <ele>10.3999996185302734375</ele>
        <time>2026-06-30T07:38:21.000Z</time>
        <extensions>
          <ns3:TrackPointExtension>
            <ns3:atemp>27.0</ns3:atemp>
            <ns3:hr>144</ns3:hr>
          </ns3:TrackPointExtension>
        </extensions>
      </trkpt>
      <trkpt lat="59.95179553516209125518798828125" lon="30.290736593306064605712890625">
        <ele>10.3999996185302734375</ele>
        <time>2026-06-30T07:38:22.000Z</time>
        <extensions>
          <ns3:TrackPointExtension>
            <ns3:atemp>27.0</ns3:atemp>
            <ns3:hr>141</ns3:hr>
          </ns3:TrackPointExtension>
        </extensions>
      </trkpt>
      <trkpt lat="59.9517919309437274932861328125" lon="30.29067414812743663787841796875">
        <ele>11</ele>
        <time>2026-06-30T07:38:25.000Z</time>
        <extensions>
          <ns3:TrackPointExtension>
            <ns3:atemp>27.0</ns3:atemp>
            <ns3:hr>142</ns3:hr>
          </ns3:TrackPointExtension>
        </extensions>
      </trkpt>
      <trkpt lat="59.9517909251153469085693359375" lon="30.2906371839344501495361328125">
        <ele>11.19999980926513671875</ele>
        <time>2026-06-30T07:38:28.000Z</time>
        <extensions>
          <ns3:TrackPointExtension>
            <ns3:atemp>27.0</ns3:atemp>
            <ns3:hr>144</ns3:hr>
          </ns3:TrackPointExtension>
        </extensions>
      </trkpt>
      <trkpt lat="59.9518003128468990325927734375" lon="30.2906277962028980255126953125">
        <ele>11.3999996185302734375</ele>
        <time>2026-06-30T07:38:29.000Z</time>
        <extensions>
          <ns3:TrackPointExtension>
            <ns3:atemp>27.0</ns3:atemp>
            <ns3:hr>144</ns3:hr>
          </ns3:TrackPointExtension>
        </extensions>
      </trkpt>
      <trkpt lat="59.951804168522357940673828125" lon="30.290579684078693389892578125">
        <ele>11.3999996185302734375</ele>
        <time>2026-06-30T07:38:33.000Z</time>
        <extensions>
          <ns3:TrackPointExtension>
            <ns3:atemp>27.0</ns3:atemp>
            <ns3:hr>144</ns3:hr>
          </ns3:TrackPointExtension>
        </extensions>
      </trkpt>
      <trkpt lat="59.95181464590132236480712890625" lon="30.29052495025098323822021484375">
        <ele>11.3999996185302734375</ele>
        <time>2026-06-30T07:38:35.000Z</time>
        <extensions>
          <ns3:TrackPointExtension>
            <ns3:atemp>27.0</ns3:atemp>
            <ns3:hr>141</ns3:hr>
          </ns3:TrackPointExtension>
        </extensions>
      </trkpt>
      <trkpt lat="59.95182923041284084320068359375" lon="30.2903862297534942626953125">
        <ele>11.3999996185302734375</ele>
        <time>2026-06-30T07:38:37.000Z</time>
        <extensions>
          <ns3:TrackPointExtension>
            <ns3:atemp>27.0</ns3:atemp>
            <ns3:hr>140</ns3:hr>
          </ns3:TrackPointExtension>
        </extensions>
      </trkpt>
      <trkpt lat="59.95188337750732898712158203125" lon="30.2901875786483287811279296875">
        <ele>10.6000003814697265625</ele>
        <time>2026-06-30T07:38:40.000Z</time>
        <extensions>
          <ns3:TrackPointExtension>
            <ns3:atemp>27.0</ns3:atemp>
            <ns3:hr>147</ns3:hr>
          </ns3:TrackPointExtension>
        </extensions>
      </trkpt>
      <trkpt lat="59.95187382213771343231201171875" lon="30.29011599719524383544921875">
        <ele>10.3999996185302734375</ele>
        <time>2026-06-30T07:38:41.000Z</time>
        <extensions>
          <ns3:TrackPointExtension>
            <ns3:atemp>27.0</ns3:atemp>
            <ns3:hr>152</ns3:hr>
          </ns3:TrackPointExtension>
        </extensions>
      </trkpt>
      <trkpt lat="59.95184616185724735260009765625" lon="30.2900578267872333526611328125">
        <ele>10.19999980926513671875</ele>
        <time>2026-06-30T07:38:42.000Z</time>
        <extensions>
          <ns3:TrackPointExtension>
            <ns3:atemp>27.0</ns3:atemp>
            <ns3:hr>152</ns3:hr>
          </ns3:TrackPointExtension>
        </extensions>
      </trkpt>
      <trkpt lat="59.95181280188262462615966796875" lon="30.2900115586817264556884765625">
        <ele>10.19999980926513671875</ele>
        <time>2026-06-30T07:38:43.000Z</time>
        <extensions>
          <ns3:TrackPointExtension>
            <ns3:atemp>27.0</ns3:atemp>
            <ns3:hr>158</ns3:hr>
          </ns3:TrackPointExtension>
        </extensions>
      </trkpt>
      <trkpt lat="59.951710291206836700439453125" lon="30.289878286421298980712890625">
        <ele>10.3999996185302734375</ele>
        <time>2026-06-30T07:38:46.000Z</time>
        <extensions>
          <ns3:TrackPointExtension>
            <ns3:atemp>27.0</ns3:atemp>
            <ns3:hr>160</ns3:hr>
          </ns3:TrackPointExtension>
        </extensions>
      </trkpt>
      <trkpt lat="59.9514194391667842864990234375" lon="30.289451144635677337646484375">
        <ele>11.19999980926513671875</ele>
        <time>2026-06-30T07:38:54.000Z</time>
        <extensions>
          <ns3:TrackPointExtension>
            <ns3:atemp>27.0</ns3:atemp>
            <ns3:hr>159</ns3:hr>
          </ns3:TrackPointExtension>
        </extensions>
      </trkpt>
      <trkpt lat="59.95134408585727214813232421875" lon="30.28932633809745311737060546875">
        <ele>11.3999996185302734375</ele>
        <time>2026-06-30T07:38:56.000Z</time>
        <extensions>
          <ns3:TrackPointExtension>
            <ns3:atemp>27.0</ns3:atemp>
            <ns3:hr>158</ns3:hr>
          </ns3:TrackPointExtension>
        </extensions>
      </trkpt>
      <trkpt lat="59.9511703290045261383056640625" lon="30.289046466350555419921875">
        <ele>11.6000003814697265625</ele>
        <time>2026-06-30T07:39:01.000Z</time>
        <extensions>
          <ns3:TrackPointExtension>
            <ns3:atemp>27.0</ns3:atemp>
            <ns3:hr>156</ns3:hr>
          </ns3:TrackPointExtension>
        </extensions>
      </trkpt>
      <trkpt lat="59.9509396590292453765869140625" lon="30.28869233094155788421630859375">
        <ele>12.80000019073486328125</ele>
        <time>2026-06-30T07:39:08.000Z</time>
        <extensions>
          <ns3:TrackPointExtension>
            <ns3:atemp>27.0</ns3:atemp>
            <ns3:hr>155</ns3:hr>
          </ns3:TrackPointExtension>
        </extensions>
      </trkpt>
      <trkpt lat="59.950903952121734619140625" lon="30.2886429615318775177001953125">
        <ele>12.80000019073486328125</ele>
        <time>2026-06-30T07:39:09.000Z</time>
        <extensions>
          <ns3:TrackPointExtension>
            <ns3:atemp>27.0</ns3:atemp>
            <ns3:hr>155</ns3:hr>
          </ns3:TrackPointExtension>
        </extensions>
      </trkpt>
      <trkpt lat="59.95063514448702335357666015625" lon="30.2882553823292255401611328125">
        <ele>12.6000003814697265625</ele>
        <time>2026-06-30T07:39:17.000Z</time>
        <extensions>
          <ns3:TrackPointExtension>
            <ns3:atemp>27.0</ns3:atemp>
            <ns3:hr>152</ns3:hr>
          </ns3:TrackPointExtension>
        </extensions>
      </trkpt>
      <trkpt lat="59.95043850503861904144287109375" lon="30.28801088221371173858642578125">
        <ele>13</ele>
        <time>2026-06-30T07:39:23.000Z</time>
        <extensions>
          <ns3:TrackPointExtension>
            <ns3:atemp>27.0</ns3:atemp>
            <ns3:hr>151</ns3:hr>
          </ns3:TrackPointExtension>
        </extensions>
      </trkpt>
      <trkpt lat="59.95020129717886447906494140625" lon="30.28771516866981983184814453125">
        <ele>13.80000019073486328125</ele>
        <time>2026-06-30T07:39:30.000Z</time>
        <extensions>
          <ns3:TrackPointExtension>
            <ns3:atemp>27.0</ns3:atemp>
            <ns3:hr>150</ns3:hr>
          </ns3:TrackPointExtension>
        </extensions>
      </trkpt>
      <trkpt lat="59.950168691575527191162109375" lon="30.28767057694494724273681640625">
        <ele>14</ele>
        <time>2026-06-30T07:39:31.000Z</time>
        <extensions>
          <ns3:TrackPointExtension>
            <ns3:atemp>27.0</ns3:atemp>
            <ns3:hr>149</ns3:hr>
          </ns3:TrackPointExtension>
        </extensions>
      </trkpt>
      <trkpt lat="59.94993475265800952911376953125" lon="30.28736195527017116546630859375">
        <ele>14.80000019073486328125</ele>
        <time>2026-06-30T07:39:38.000Z</time>
        <extensions>
          <ns3:TrackPointExtension>
            <ns3:atemp>27.0</ns3:atemp>
            <ns3:hr>148</ns3:hr>
          </ns3:TrackPointExtension>
        </extensions>
      </trkpt>
      <trkpt lat="59.94970693252980709075927734375" lon="30.2870953269302845001220703125">
        <ele>15.19999980926513671875</ele>
        <time>2026-06-30T07:39:45.000Z</time>
        <extensions>
          <ns3:TrackPointExtension>
            <ns3:atemp>27.0</ns3:atemp>
            <ns3:hr>148</ns3:hr>
          </ns3:TrackPointExtension>
        </extensions>
      </trkpt>
      <trkpt lat="59.94969419203698635101318359375" lon="30.2870390005409717559814453125">
        <ele>15.6000003814697265625</ele>
        <time>2026-06-30T07:39:46.000Z</time>
        <extensions>
          <ns3:TrackPointExtension>
            <ns3:atemp>27.0</ns3:atemp>
            <ns3:hr>147</ns3:hr>
          </ns3:TrackPointExtension>
        </extensions>
      </trkpt>
      <trkpt lat="59.94970123283565044403076171875" lon="30.28693498112261295318603515625">
        <ele>16</ele>
        <time>2026-06-30T07:39:48.000Z</time>
        <extensions>
          <ns3:TrackPointExtension>
            <ns3:atemp>27.0</ns3:atemp>
            <ns3:hr>146</ns3:hr>
          </ns3:TrackPointExtension>
        </extensions>
      </trkpt>
      <trkpt lat="59.94970626197755336761474609375" lon="30.28689659200608730316162109375">
        <ele>16</ele>
        <time>2026-06-30T07:39:49.000Z</time>
        <extensions>
          <ns3:TrackPointExtension>
            <ns3:atemp>27.0</ns3:atemp>
            <ns3:hr>146</ns3:hr>
          </ns3:TrackPointExtension>
        </extensions>
      </trkpt>
      <trkpt lat="59.949685893952846527099609375" lon="30.28683171607553958892822265625">
        <ele>16.200000762939453125</ele>
        <time>2026-06-30T07:39:51.000Z</time>
        <extensions>
          <ns3:TrackPointExtension>
            <ns3:atemp>27.0</ns3:atemp>
            <ns3:hr>146</ns3:hr>
          </ns3:TrackPointExtension>
        </extensions>
      </trkpt>
      <trkpt lat="59.949525296688079833984375" lon="30.28659333474934101104736328125">
        <ele>16.6000003814697265625</ele>
        <time>2026-06-30T07:39:56.000Z</time>
        <extensions>
          <ns3:TrackPointExtension>
            <ns3:atemp>27.0</ns3:atemp>
            <ns3:hr>147</ns3:hr>
          </ns3:TrackPointExtension>
        </extensions>
      </trkpt>
      <trkpt lat="59.94938959367573261260986328125" lon="30.2864264510571956634521484375">
        <ele>17</ele>
        <time>2026-06-30T07:40:00.000Z</time>
        <extensions>
          <ns3:TrackPointExtension>
            <ns3:atemp>27.0</ns3:atemp>
            <ns3:hr>147</ns3:hr>
          </ns3:TrackPointExtension>
        </extensions>
      </trkpt>
      <trkpt lat="59.9492616020143032073974609375" lon="30.28624230064451694488525390625">
        <ele>18</ele>
        <time>2026-06-30T07:40:04.000Z</time>
        <extensions>
          <ns3:TrackPointExtension>
            <ns3:atemp>27.0</ns3:atemp>
            <ns3:hr>147</ns3:hr>
          </ns3:TrackPointExtension>
        </extensions>
      </trkpt>
      <trkpt lat="59.9490473605692386627197265625" lon="30.2859664522111415863037109375">
        <ele>18.799999237060546875</ele>
        <time>2026-06-30T07:40:11.000Z</time>
        <extensions>
          <ns3:TrackPointExtension>
            <ns3:atemp>27.0</ns3:atemp>
            <ns3:hr>148</ns3:hr>
          </ns3:TrackPointExtension>
        </extensions>
      </trkpt>
      <trkpt lat="59.9489544890820980072021484375" lon="30.28583359904587268829345703125">
        <ele>19</ele>
        <time>2026-06-30T07:40:14.000Z</time>
        <extensions>
          <ns3:TrackPointExtension>
            <ns3:atemp>27.0</ns3:atemp>
            <ns3:hr>146</ns3:hr>
          </ns3:TrackPointExtension>
        </extensions>
      </trkpt>
      <trkpt lat="59.94886538945138454437255859375" lon="30.28571893461048603057861328125">
        <ele>19.3999996185302734375</ele>
        <time>2026-06-30T07:40:17.000Z</time>
        <extensions>
          <ns3:TrackPointExtension>
            <ns3:atemp>27.0</ns3:atemp>
            <ns3:hr>150</ns3:hr>
          </ns3:TrackPointExtension>
        </extensions>
      </trkpt>
      <trkpt lat="59.948829598724842071533203125" lon="30.28566411696374416351318359375">
        <ele>19.3999996185302734375</ele>
        <time>2026-06-30T07:40:18.000Z</time>
        <extensions>
          <ns3:TrackPointExtension>
            <ns3:atemp>27.0</ns3:atemp>
            <ns3:hr>150</ns3:hr>
          </ns3:TrackPointExtension>
        </extensions>
      </trkpt>
      <trkpt lat="59.94879095815122127532958984375" lon="30.28561298735439777374267578125">
        <ele>19.3999996185302734375</ele>
        <time>2026-06-30T07:40:19.000Z</time>
        <extensions>
          <ns3:TrackPointExtension>
            <ns3:atemp>27.0</ns3:atemp>
            <ns3:hr>157</ns3:hr>
          </ns3:TrackPointExtension>
        </extensions>
      </trkpt>
      <trkpt lat="59.948580153286457061767578125" lon="30.285352058708667755126953125">
        <ele>18.6000003814697265625</ele>
        <time>2026-06-30T07:40:25.000Z</time>
        <extensions>
          <ns3:TrackPointExtension>
            <ns3:atemp>27.0</ns3:atemp>
            <ns3:hr>158</ns3:hr>
          </ns3:TrackPointExtension>
        </extensions>
      </trkpt>
      <trkpt lat="59.948462136089801788330078125" lon="30.28520529158413410186767578125">
        <ele>18.3999996185302734375</ele>
        <time>2026-06-30T07:40:29.000Z</time>
        <extensions>
          <ns3:TrackPointExtension>
            <ns3:atemp>27.0</ns3:atemp>
            <ns3:hr>155</ns3:hr>
          </ns3:TrackPointExtension>
        </extensions>
      </trkpt>
      <trkpt lat="59.9483925662934780120849609375" lon="30.28509548865258693695068359375">
        <ele>18</ele>
        <time>2026-06-30T07:40:31.000Z</time>
        <extensions>
          <ns3:TrackPointExtension>
            <ns3:atemp>27.0</ns3:atemp>
            <ns3:hr>154</ns3:hr>
          </ns3:TrackPointExtension>
        </extensions>
      </trkpt>
      <trkpt lat="59.94825099594891071319580078125" lon="30.28489549644291400909423828125">
        <ele>16.799999237060546875</ele>
        <time>2026-06-30T07:40:35.000Z</time>
        <extensions>
          <ns3:TrackPointExtension>
            <ns3:atemp>27.0</ns3:atemp>
            <ns3:hr>153</ns3:hr>
          </ns3:TrackPointExtension>
        </extensions>
      </trkpt>
      <trkpt lat="59.9481431208550930023193359375" lon="30.2847453765571117401123046875">
        <ele>16</ele>
        <time>2026-06-30T07:40:38.000Z</time>
        <extensions>
          <ns3:TrackPointExtension>
            <ns3:atemp>27.0</ns3:atemp>
            <ns3:hr>152</ns3:hr>
          </ns3:TrackPointExtension>
        </extensions>
      </trkpt>
      <trkpt lat="59.9480576254427433013916015625" lon="30.28464068658649921417236328125">
        <ele>16</ele>
        <time>2026-06-30T07:40:40.000Z</time>
        <extensions>
          <ns3:TrackPointExtension>
            <ns3:atemp>27.0</ns3:atemp>
            <ns3:hr>151</ns3:hr>
          </ns3:TrackPointExtension>
        </extensions>
      </trkpt>
      <trkpt lat="59.94802082888782024383544921875" lon="30.284623838961124420166015625">
        <ele>15.80000019073486328125</ele>
        <time>2026-06-30T07:40:41.000Z</time>
        <extensions>
          <ns3:TrackPointExtension>
            <ns3:atemp>27.0</ns3:atemp>
            <ns3:hr>151</ns3:hr>
          </ns3:TrackPointExtension>
        </extensions>
      </trkpt>
      <trkpt lat="59.94798579253256320953369140625" lon="30.28462945483624935150146484375">
        <ele>15.80000019073486328125</ele>
        <time>2026-06-30T07:40:42.000Z</time>
        <extensions>
          <ns3:TrackPointExtension>
            <ns3:atemp>27.0</ns3:atemp>
            <ns3:hr>151</ns3:hr>
          </ns3:TrackPointExtension>
        </extensions>
      </trkpt>
      <trkpt lat="59.94794639758765697479248046875" lon="30.28466599993407726287841796875">
        <ele>15.80000019073486328125</ele>
        <time>2026-06-30T07:40:43.000Z</time>
        <extensions>
          <ns3:TrackPointExtension>
            <ns3:atemp>27.0</ns3:atemp>
            <ns3:hr>149</ns3:hr>
          </ns3:TrackPointExtension>
        </extensions>
      </trkpt>
      <trkpt lat="59.94788646697998046875" lon="30.28482726775109767913818359375">
        <ele>15.80000019073486328125</ele>
        <time>2026-06-30T07:40:46.000Z</time>
        <extensions>
          <ns3:TrackPointExtension>
            <ns3:atemp>27.0</ns3:atemp>
            <ns3:hr>147</ns3:hr>
          </ns3:TrackPointExtension>
        </extensions>
      </trkpt>
      <trkpt lat="59.94777624495327472686767578125" lon="30.28512465767562389373779296875">
        <ele>15.80000019073486328125</ele>
        <time>2026-06-30T07:40:50.000Z</time>
        <extensions>
          <ns3:TrackPointExtension>
            <ns3:atemp>27.0</ns3:atemp>
            <ns3:hr>145</ns3:hr>
          </ns3:TrackPointExtension>
        </extensions>
      </trkpt>
      <trkpt lat="59.9476586468517780303955078125" lon="30.28549664653837680816650390625">
        <ele>14.6000003814697265625</ele>
        <time>2026-06-30T07:40:54.000Z</time>
        <extensions>
          <ns3:TrackPointExtension>
            <ns3:atemp>27.0</ns3:atemp>
            <ns3:hr>143</ns3:hr>
          </ns3:TrackPointExtension>
        </extensions>
      </trkpt>
      <trkpt lat="59.9476217664778232574462890625" lon="30.28560175560414791107177734375">
        <ele>14.3999996185302734375</ele>
        <time>2026-06-30T07:40:55.000Z</time>
        <extensions>
          <ns3:TrackPointExtension>
            <ns3:atemp>27.0</ns3:atemp>
            <ns3:hr>139</ns3:hr>
          </ns3:TrackPointExtension>
        </extensions>
      </trkpt>
      <trkpt lat="59.9474092014133930206298828125" lon="30.286135263741016387939453125">
        <ele>13.80000019073486328125</ele>
        <time>2026-06-30T07:41:00.000Z</time>
        <extensions>
          <ns3:TrackPointExtension>
            <ns3:atemp>27.0</ns3:atemp>
            <ns3:hr>140</ns3:hr>
          </ns3:TrackPointExtension>
        </extensions>
      </trkpt>
      <trkpt lat="59.94736435823142528533935546875" lon="30.28622872196137905120849609375">
        <ele>13.80000019073486328125</ele>
        <time>2026-06-30T07:41:01.000Z</time>
        <extensions>
          <ns3:TrackPointExtension>
            <ns3:atemp>27.0</ns3:atemp>
            <ns3:hr>139</ns3:hr>
          </ns3:TrackPointExtension>
        </extensions>
      </trkpt>
      <trkpt lat="59.94727098383009433746337890625" lon="30.2863801829516887664794921875">
        <ele>13.3999996185302734375</ele>
        <time>2026-06-30T07:41:03.000Z</time>
        <extensions>
          <ns3:TrackPointExtension>
            <ns3:atemp>27.0</ns3:atemp>
            <ns3:hr>141</ns3:hr>
          </ns3:TrackPointExtension>
        </extensions>
      </trkpt>
      <trkpt lat="59.947228319942951202392578125" lon="30.28647816739976406097412109375">
        <ele>13</ele>
        <time>2026-06-30T07:41:04.000Z</time>
        <extensions>
          <ns3:TrackPointExtension>
            <ns3:atemp>27.0</ns3:atemp>
            <ns3:hr>141</ns3:hr>
          </ns3:TrackPointExtension>
        </extensions>
      </trkpt>
      <trkpt lat="59.9471956305205821990966796875" lon="30.2865857072174549102783203125">
        <ele>12.80000019073486328125</ele>
        <time>2026-06-30T07:41:05.000Z</time>
        <extensions>
          <ns3:TrackPointExtension>
            <ns3:atemp>27.0</ns3:atemp>
            <ns3:hr>142</ns3:hr>
          </ns3:TrackPointExtension>
        </extensions>
      </trkpt>
      <trkpt lat="59.94709412567317485809326171875" lon="30.2870066463947296142578125">
        <ele>12.6000003814697265625</ele>
        <time>2026-06-30T07:41:09.000Z</time>
        <extensions>
          <ns3:TrackPointExtension>
            <ns3:atemp>27.0</ns3:atemp>
            <ns3:hr>141</ns3:hr>
          </ns3:TrackPointExtension>
        </extensions>
      </trkpt>
      <trkpt lat="59.94691559113562107086181640625" lon="30.28775808401405811309814453125">
        <ele>12.3999996185302734375</ele>
        <time>2026-06-30T07:41:16.000Z</time>
        <extensions>
          <ns3:TrackPointExtension>
            <ns3:atemp>27.0</ns3:atemp>
            <ns3:hr>140</ns3:hr>
          </ns3:TrackPointExtension>
        </extensions>
      </trkpt>
      <trkpt lat="59.94674510322511196136474609375" lon="30.28842545114457607269287109375">
        <ele>13</ele>
        <time>2026-06-30T07:41:22.000Z</time>
        <extensions>
          <ns3:TrackPointExtension>
            <ns3:atemp>27.0</ns3:atemp>
            <ns3:hr>140</ns3:hr>
          </ns3:TrackPointExtension>
        </extensions>
      </trkpt>
      <trkpt lat="59.94668190367519855499267578125" lon="30.28861806727945804595947265625">
        <ele>13.3999996185302734375</ele>
        <time>2026-06-30T07:41:24.000Z</time>
        <extensions>
          <ns3:TrackPointExtension>
            <ns3:atemp>27.0</ns3:atemp>
            <ns3:hr>141</ns3:hr>
          </ns3:TrackPointExtension>
        </extensions>
      </trkpt>
      <trkpt lat="59.9466474540531635284423828125" lon="30.28872988186776638031005859375">
        <ele>13.6000003814697265625</ele>
        <time>2026-06-30T07:41:25.000Z</time>
        <extensions>
          <ns3:TrackPointExtension>
            <ns3:atemp>27.0</ns3:atemp>
            <ns3:hr>141</ns3:hr>
          </ns3:TrackPointExtension>
        </extensions>
      </trkpt>
      <trkpt lat="59.94656883180141448974609375" lon="30.28903431259095668792724609375">
        <ele>13.80000019073486328125</ele>
        <time>2026-06-30T07:41:28.000Z</time>
        <extensions>
          <ns3:TrackPointExtension>
            <ns3:atemp>27.0</ns3:atemp>
            <ns3:hr>141</ns3:hr>
          </ns3:TrackPointExtension>
        </extensions>
      </trkpt>
      <trkpt lat="59.94654946960508823394775390625" lon="30.2891247533261775970458984375">
        <ele>13.80000019073486328125</ele>
        <time>2026-06-30T07:41:29.000Z</time>
        <extensions>
          <ns3:TrackPointExtension>
            <ns3:atemp>27.0</ns3:atemp>
            <ns3:hr>141</ns3:hr>
          </ns3:TrackPointExtension>
        </extensions>
      </trkpt>
      <trkpt lat="59.9464570172131061553955078125" lon="30.28955952264368534088134765625">
        <ele>13.6000003814697265625</ele>
        <time>2026-06-30T07:41:34.000Z</time>
        <extensions>
          <ns3:TrackPointExtension>
            <ns3:atemp>27.0</ns3:atemp>
            <ns3:hr>141</ns3:hr>
          </ns3:TrackPointExtension>
        </extensions>
      </trkpt>
      <trkpt lat="59.94638568721711635589599609375" lon="30.28998666442930698394775390625">
        <ele>12.3999996185302734375</ele>
        <time>2026-06-30T07:41:39.000Z</time>
        <extensions>
          <ns3:TrackPointExtension>
            <ns3:atemp>27.0</ns3:atemp>
            <ns3:hr>140</ns3:hr>
          </ns3:TrackPointExtension>
        </extensions>
      </trkpt>
      <trkpt lat="59.946353919804096221923828125" lon="30.2901644445955753326416015625">
        <ele>12.19999980926513671875</ele>
        <time>2026-06-30T07:41:41.000Z</time>
        <extensions>
          <ns3:TrackPointExtension>
            <ns3:atemp>27.0</ns3:atemp>
            <ns3:hr>139</ns3:hr>
          </ns3:TrackPointExtension>
        </extensions>
      </trkpt>
      <trkpt lat="59.94623514823615550994873046875" lon="30.29069560579955577850341796875">
        <ele>11.3999996185302734375</ele>
        <time>2026-06-30T07:41:47.000Z</time>
        <extensions>
          <ns3:TrackPointExtension>
            <ns3:atemp>28.0</ns3:atemp>
            <ns3:hr>139</ns3:hr>
          </ns3:TrackPointExtension>
        </extensions>
      </trkpt>
      <trkpt lat="59.94606331922113895416259765625" lon="30.29143673367798328399658203125">
        <ele>11</ele>
        <time>2026-06-30T07:41:55.000Z</time>
        <extensions>
          <ns3:TrackPointExtension>
            <ns3:atemp>28.0</ns3:atemp>
            <ns3:hr>139</ns3:hr>
          </ns3:TrackPointExtension>
        </extensions>
      </trkpt>
      <trkpt lat="59.9459909833967685699462890625" lon="30.29180419631302356719970703125">
        <ele>10.80000019073486328125</ele>
        <time>2026-06-30T07:41:59.000Z</time>
        <extensions>
          <ns3:TrackPointExtension>
            <ns3:atemp>28.0</ns3:atemp>
            <ns3:hr>139</ns3:hr>
          </ns3:TrackPointExtension>
        </extensions>
      </trkpt>
      <trkpt lat="59.9459457211196422576904296875" lon="30.2920792065560817718505859375">
        <ele>10.19999980926513671875</ele>
        <time>2026-06-30T07:42:02.000Z</time>
        <extensions>
          <ns3:TrackPointExtension>
            <ns3:atemp>28.0</ns3:atemp>
            <ns3:hr>138</ns3:hr>
          </ns3:TrackPointExtension>
        </extensions>
      </trkpt>
      <trkpt lat="59.9458904005587100982666015625" lon="30.292423702776432037353515625">
        <ele>10</ele>
        <time>2026-06-30T07:42:07.000Z</time>
        <extensions>
          <ns3:TrackPointExtension>
            <ns3:atemp>28.0</ns3:atemp>
            <ns3:hr>138</ns3:hr>
          </ns3:TrackPointExtension>
        </extensions>
      </trkpt>
      <trkpt lat="59.94587522931396961212158203125" lon="30.29244222678244113922119140625">
        <ele>9.6000003814697265625</ele>
        <time>2026-06-30T07:42:11.000Z</time>
        <extensions>
          <ns3:TrackPointExtension>
            <ns3:atemp>28.0</ns3:atemp>
            <ns3:hr>137</ns3:hr>
          </ns3:TrackPointExtension>
        </extensions>
      </trkpt>
      <trkpt lat="59.94587992317974567413330078125" lon="30.292353965342044830322265625">
        <ele>10.6000003814697265625</ele>
        <time>2026-06-30T07:42:18.000Z</time>
        <extensions>
          <ns3:TrackPointExtension>
            <ns3:atemp>28.0</ns3:atemp>
            <ns3:hr>137</ns3:hr>
          </ns3:TrackPointExtension>
        </extensions>
      </trkpt>
      <trkpt lat="59.94588243775069713592529296875" lon="30.292341224849224090576171875">
        <ele>10.80000019073486328125</ele>
        <time>2026-06-30T07:42:24.000Z</time>
        <extensions>
          <ns3:TrackPointExtension>
            <ns3:atemp>28.0</ns3:atemp>
            <ns3:hr>141</ns3:hr>
          </ns3:TrackPointExtension>
        </extensions>
      </trkpt>
      <trkpt lat="59.94588227011263370513916015625" lon="30.2923388779163360595703125">
        <ele>10.80000019073486328125</ele>
        <time>2026-06-30T07:42:26.000Z</time>
        <extensions>
          <ns3:TrackPointExtension>
            <ns3:atemp>28.0</ns3:atemp>
            <ns3:hr>143</ns3:hr>
          </ns3:TrackPointExtension>
        </extensions>
      </trkpt>
      <trkpt lat="59.94587279856204986572265625" lon="30.29232345521450042724609375">
        <ele>10.80000019073486328125</ele>
        <time>2026-06-30T07:42:33.000Z</time>
        <extensions>
          <ns3:TrackPointExtension>
            <ns3:atemp>28.0</ns3:atemp>
            <ns3:hr>140</ns3:hr>
          </ns3:TrackPointExtension>
        </extensions>
      </trkpt>
      <trkpt lat="59.9458749778568744659423828125" lon="30.29231800697743892669677734375">
        <ele>10.80000019073486328125</ele>
        <time>2026-06-30T07:42:35.000Z</time>
        <extensions>
          <ns3:TrackPointExtension>
            <ns3:atemp>28.0</ns3:atemp>
            <ns3:hr>138</ns3:hr>
          </ns3:TrackPointExtension>
        </extensions>
      </trkpt>
      <trkpt lat="59.945871792733669281005859375" lon="30.29232102446258068084716796875">
        <ele>10.80000019073486328125</ele>
        <time>2026-06-30T07:42:39.000Z</time>
        <extensions>
          <ns3:TrackPointExtension>
            <ns3:atemp>28.0</ns3:atemp>
            <ns3:hr>135</ns3:hr>
          </ns3:TrackPointExtension>
        </extensions>
      </trkpt>
      <trkpt lat="59.94587958790361881256103515625" lon="30.29232219792902469635009765625">
        <ele>10.80000019073486328125</ele>
        <time>2026-06-30T07:42:44.000Z</time>
        <extensions>
          <ns3:TrackPointExtension>
            <ns3:atemp>29.0</ns3:atemp>
            <ns3:hr>133</ns3:hr>
          </ns3:TrackPointExtension>
        </extensions>
      </trkpt>
      <trkpt lat="59.94587338529527187347412109375" lon="30.292345918715000152587890625">
        <ele>10.80000019073486328125</ele>
        <time>2026-06-30T07:42:53.000Z</time>
        <extensions>
          <ns3:TrackPointExtension>
            <ns3:atemp>29.0</ns3:atemp>
            <ns3:hr>136</ns3:hr>
          </ns3:TrackPointExtension>
        </extensions>
      </trkpt>
      <trkpt lat="59.94587548077106475830078125" lon="30.2923450805246829986572265625">
        <ele>10.80000019073486328125</ele>
        <time>2026-06-30T07:42:54.000Z</time>
        <extensions>
          <ns3:TrackPointExtension>
            <ns3:atemp>29.0</ns3:atemp>
            <ns3:hr>136</ns3:hr>
          </ns3:TrackPointExtension>
        </extensions>
      </trkpt>
      <trkpt lat="59.94587573222815990447998046875" lon="30.29233175329864025115966796875">
        <ele>10.80000019073486328125</ele>
        <time>2026-06-30T07:42:58.000Z</time>
        <extensions>
          <ns3:TrackPointExtension>
            <ns3:atemp>29.0</ns3:atemp>
            <ns3:hr>136</ns3:hr>
          </ns3:TrackPointExtension>
        </extensions>
      </trkpt>
      <trkpt lat="59.945856370031833648681640625" lon="30.2923584915697574615478515625">
        <ele>10.80000019073486328125</ele>
        <time>2026-06-30T07:43:03.000Z</time>
        <extensions>
          <ns3:TrackPointExtension>
            <ns3:atemp>29.0</ns3:atemp>
            <ns3:hr>136</ns3:hr>
          </ns3:TrackPointExtension>
        </extensions>
      </trkpt>
      <trkpt lat="59.94589434005320072174072265625" lon="30.29234466142952442169189453125">
        <ele>10.80000019073486328125</ele>
        <time>2026-06-30T07:43:10.000Z</time>
        <extensions>
          <ns3:TrackPointExtension>
            <ns3:atemp>29.0</ns3:atemp>
            <ns3:hr>133</ns3:hr>
          </ns3:TrackPointExtension>
        </extensions>
      </trkpt>
      <trkpt lat="59.94587506167590618133544921875" lon="30.29229663312435150146484375">
        <ele>10.6000003814697265625</ele>
        <time>2026-06-30T07:43:14.000Z</time>
        <extensions>
          <ns3:TrackPointExtension>
            <ns3:atemp>29.0</ns3:atemp>
            <ns3:hr>132</ns3:hr>
          </ns3:TrackPointExtension>
        </extensions>
      </trkpt>
      <trkpt lat="59.9458587169647216796875" lon="30.29227777384221553802490234375">
        <ele>10.6000003814697265625</ele>
        <time>2026-06-30T07:43:15.000Z</time>
        <extensions>
          <ns3:TrackPointExtension>
            <ns3:atemp>29.0</ns3:atemp>
            <ns3:hr>132</ns3:hr>
          </ns3:TrackPointExtension>
        </extensions>
      </trkpt>
      <trkpt lat="59.9457593075931072235107421875" lon="30.29219496063888072967529296875">
        <ele>11.19999980926513671875</ele>
        <time>2026-06-30T07:43:20.000Z</time>
        <extensions>
          <ns3:TrackPointExtension>
            <ns3:atemp>29.0</ns3:atemp>
            <ns3:hr>135</ns3:hr>
          </ns3:TrackPointExtension>
        </extensions>
      </trkpt>
      <trkpt lat="59.94574195705354213714599609375" lon="30.2921818010509014129638671875">
        <ele>11.3999996185302734375</ele>
        <time>2026-06-30T07:43:21.000Z</time>
        <extensions>
          <ns3:TrackPointExtension>
            <ns3:atemp>29.0</ns3:atemp>
            <ns3:hr>135</ns3:hr>
          </ns3:TrackPointExtension>
        </extensions>
      </trkpt>
      <trkpt lat="59.94563835673034191131591796875" lon="30.29217434115707874298095703125">
        <ele>11.6000003814697265625</ele>
        <time>2026-06-30T07:43:25.000Z</time>
        <extensions>
          <ns3:TrackPointExtension>
            <ns3:atemp>29.0</ns3:atemp>
            <ns3:hr>137</ns3:hr>
          </ns3:TrackPointExtension>
        </extensions>
      </trkpt>
      <trkpt lat="59.94561220519244670867919921875" lon="30.2921717427670955657958984375">
        <ele>11.6000003814697265625</ele>
        <time>2026-06-30T07:43:26.000Z</time>
        <extensions>
          <ns3:TrackPointExtension>
            <ns3:atemp>29.0</ns3:atemp>
            <ns3:hr>137</ns3:hr>
          </ns3:TrackPointExtension>
        </extensions>
      </trkpt>
      <trkpt lat="59.94559527374804019927978515625" lon="30.29216445051133632659912109375">
        <ele>11.6000003814697265625</ele>
        <time>2026-06-30T07:43:29.000Z</time>
        <extensions>
          <ns3:TrackPointExtension>
            <ns3:atemp>29.0</ns3:atemp>
            <ns3:hr>137</ns3:hr>
          </ns3:TrackPointExtension>
        </extensions>
      </trkpt>
      <trkpt lat="59.945553280413150787353515625" lon="30.292222201824188232421875">
        <ele>11.80000019073486328125</ele>
        <time>2026-06-30T07:43:33.000Z</time>
        <extensions>
          <ns3:TrackPointExtension>
            <ns3:atemp>29.0</ns3:atemp>
            <ns3:hr>135</ns3:hr>
          </ns3:TrackPointExtension>
        </extensions>
      </trkpt>
      <trkpt lat="59.94553693570196628570556640625" lon="30.29221884906291961669921875">
        <ele>12</ele>
        <time>2026-06-30T07:43:34.000Z</time>
        <extensions>
          <ns3:TrackPointExtension>
            <ns3:atemp>29.0</ns3:atemp>
            <ns3:hr>132</ns3:hr>
          </ns3:TrackPointExtension>
        </extensions>
      </trkpt>
      <trkpt lat="59.9454780109226703643798828125" lon="30.29216964729130268096923828125">
        <ele>12.19999980926513671875</ele>
        <time>2026-06-30T07:43:37.000Z</time>
        <extensions>
          <ns3:TrackPointExtension>
            <ns3:atemp>29.0</ns3:atemp>
            <ns3:hr>128</ns3:hr>
          </ns3:TrackPointExtension>
        </extensions>
      </trkpt>
      <trkpt lat="59.9454578943550586700439453125" lon="30.292160175740718841552734375">
        <ele>12.19999980926513671875</ele>
        <time>2026-06-30T07:43:38.000Z</time>
        <extensions>
          <ns3:TrackPointExtension>
            <ns3:atemp>29.0</ns3:atemp>
            <ns3:hr>128</ns3:hr>
          </ns3:TrackPointExtension>
        </extensions>
      </trkpt>
      <trkpt lat="59.9454481713473796844482421875" lon="30.29213360510766506195068359375">
        <ele>12.19999980926513671875</ele>
        <time>2026-06-30T07:43:39.000Z</time>
        <extensions>
          <ns3:TrackPointExtension>
            <ns3:atemp>29.0</ns3:atemp>
            <ns3:hr>128</ns3:hr>
          </ns3:TrackPointExtension>
        </extensions>
      </trkpt>
      <trkpt lat="59.9454371072351932525634765625" lon="30.292121954262256622314453125">
        <ele>12.6000003814697265625</ele>
        <time>2026-06-30T07:43:41.000Z</time>
        <extensions>
          <ns3:TrackPointExtension>
            <ns3:atemp>29.0</ns3:atemp>
            <ns3:hr>127</ns3:hr>
          </ns3:TrackPointExtension>
        </extensions>
      </trkpt>
      <trkpt lat="59.94545060209929943084716796875" lon="30.29206504113972187042236328125">
        <ele>12.80000019073486328125</ele>
        <time>2026-06-30T07:43:43.000Z</time>
        <extensions>
          <ns3:TrackPointExtension>
            <ns3:atemp>29.0</ns3:atemp>
            <ns3:hr>126</ns3:hr>
          </ns3:TrackPointExtension>
        </extensions>
      </trkpt>
      <trkpt lat="59.945448674261569976806640625" lon="30.29207543469965457916259765625">
        <ele>12.80000019073486328125</ele>
        <time>2026-06-30T07:43:44.000Z</time>
        <extensions>
          <ns3:TrackPointExtension>
            <ns3:atemp>29.0</ns3:atemp>
            <ns3:hr>125</ns3:hr>
          </ns3:TrackPointExtension>
        </extensions>
      </trkpt>
      <trkpt lat="59.94544272311031818389892578125" lon="30.2921449206769466400146484375">
        <ele>13</ele>
        <time>2026-06-30T07:43:46.000Z</time>
        <extensions>
          <ns3:TrackPointExtension>
            <ns3:atemp>30.0</ns3:atemp>
            <ns3:hr>125</ns3:hr>
          </ns3:TrackPointExtension>
        </extensions>
      </trkpt>
      <trkpt lat="59.94539997540414333343505859375" lon="30.2924020774662494659423828125">
        <ele>13</ele>
        <time>2026-06-30T07:43:50.000Z</time>
        <extensions>
          <ns3:TrackPointExtension>
            <ns3:atemp>30.0</ns3:atemp>
            <ns3:hr>127</ns3:hr>
          </ns3:TrackPointExtension>
        </extensions>
      </trkpt>
      <trkpt lat="59.945204257965087890625" lon="30.2925687097012996673583984375">
        <ele>13.6000003814697265625</ele>
        <time>2026-06-30T07:43:54.000Z</time>
        <extensions>
          <ns3:TrackPointExtension>
            <ns3:atemp>29.0</ns3:atemp>
            <ns3:hr>127</ns3:hr>
          </ns3:TrackPointExtension>
        </extensions>
      </trkpt>
      <trkpt lat="59.94510040618479251861572265625" lon="30.292905829846858978271484375">
        <ele>14.19999980926513671875</ele>
        <time>2026-06-30T07:43:59.000Z</time>
        <extensions>
          <ns3:TrackPointExtension>
            <ns3:atemp>29.0</ns3:atemp>
            <ns3:hr>127</ns3:hr>
          </ns3:TrackPointExtension>
        </extensions>
      </trkpt>
      <trkpt lat="59.9450827203691005706787109375" lon="30.2933406829833984375">
        <ele>14.3999996185302734375</ele>
        <time>2026-06-30T07:44:05.000Z</time>
        <extensions>
          <ns3:TrackPointExtension>
            <ns3:atemp>29.0</ns3:atemp>
            <ns3:hr>128</ns3:hr>
          </ns3:TrackPointExtension>
        </extensions>
      </trkpt>
      <trkpt lat="59.945123456418514251708984375" lon="30.293702781200408935546875">
        <ele>14.3999996185302734375</ele>
        <time>2026-06-30T07:44:10.000Z</time>
        <extensions>
          <ns3:TrackPointExtension>
            <ns3:atemp>29.0</ns3:atemp>
            <ns3:hr>129</ns3:hr>
          </ns3:TrackPointExtension>
        </extensions>
      </trkpt>
      <trkpt lat="59.94506620801985263824462890625" lon="30.294040739536285400390625">
        <ele>14.6000003814697265625</ele>
        <time>2026-06-30T07:44:16.000Z</time>
        <extensions>
          <ns3:TrackPointExtension>
            <ns3:atemp>30.0</ns3:atemp>
            <ns3:hr>127</ns3:hr>
          </ns3:TrackPointExtension>
        </extensions>
      </trkpt>
      <trkpt lat="59.94507878087460994720458984375" lon="30.2941294200718402862548828125">
        <ele>14.6000003814697265625</ele>
        <time>2026-06-30T07:44:18.000Z</time>
        <extensions>
          <ns3:TrackPointExtension>
            <ns3:atemp>30.0</ns3:atemp>
            <ns3:hr>127</ns3:hr>
          </ns3:TrackPointExtension>
        </extensions>
      </trkpt>
      <trkpt lat="59.94508313946425914764404296875" lon="30.2941394783556461334228515625">
        <ele>14.6000003814697265625</ele>
        <time>2026-06-30T07:44:20.000Z</time>
        <extensions>
          <ns3:TrackPointExtension>
            <ns3:atemp>30.0</ns3:atemp>
            <ns3:hr>126</ns3:hr>
          </ns3:TrackPointExtension>
        </extensions>
      </trkpt>
      <trkpt lat="59.9450937844812870025634765625" lon="30.29419069178402423858642578125">
        <ele>14.80000019073486328125</ele>
        <time>2026-06-30T07:44:22.000Z</time>
        <extensions>
          <ns3:TrackPointExtension>
            <ns3:atemp>30.0</ns3:atemp>
            <ns3:hr>126</ns3:hr>
          </ns3:TrackPointExtension>
        </extensions>
      </trkpt>
      <trkpt lat="59.94510375894606113433837890625" lon="30.29427853412926197052001953125">
        <ele>14.6000003814697265625</ele>
        <time>2026-06-30T07:44:24.000Z</time>
        <extensions>
          <ns3:TrackPointExtension>
            <ns3:atemp>30.0</ns3:atemp>
            <ns3:hr>125</ns3:hr>
          </ns3:TrackPointExtension>
        </extensions>
      </trkpt>
      <trkpt lat="59.94504625909030437469482421875" lon="30.29446444474160671234130859375">
        <ele>14.6000003814697265625</ele>
        <time>2026-06-30T07:44:28.000Z</time>
        <extensions>
          <ns3:TrackPointExtension>
            <ns3:atemp>30.0</ns3:atemp>
            <ns3:hr>124</ns3:hr>
          </ns3:TrackPointExtension>
        </extensions>
      </trkpt>
      <trkpt lat="59.9450339376926422119140625" lon="30.29450409114360809326171875">
        <ele>14.80000019073486328125</ele>
        <time>2026-06-30T07:44:29.000Z</time>
        <extensions>
          <ns3:TrackPointExtension>
            <ns3:atemp>30.0</ns3:atemp>
            <ns3:hr>124</ns3:hr>
          </ns3:TrackPointExtension>
        </extensions>
      </trkpt>
      <trkpt lat="59.9448755197227001190185546875" lon="30.29476585797965526580810546875">
        <ele>14.80000019073486328125</ele>
        <time>2026-06-30T07:44:35.000Z</time>
        <extensions>
          <ns3:TrackPointExtension>
            <ns3:atemp>30.0</ns3:atemp>
            <ns3:hr>125</ns3:hr>
          </ns3:TrackPointExtension>
        </extensions>
      </trkpt>
      <trkpt lat="59.9447269923985004425048828125" lon="30.29494154267013072967529296875">
        <ele>15</ele>
        <time>2026-06-30T07:44:40.000Z</time>
        <extensions>
          <ns3:TrackPointExtension>
            <ns3:atemp>30.0</ns3:atemp>
            <ns3:hr>130</ns3:hr>
          </ns3:TrackPointExtension>
        </extensions>
      </trkpt>
      <trkpt lat="59.94470075704157352447509765625" lon="30.29496903531253337860107421875">
        <ele>15.19999980926513671875</ele>
        <time>2026-06-30T07:44:41.000Z</time>
        <extensions>
          <ns3:TrackPointExtension>
            <ns3:atemp>30.0</ns3:atemp>
            <ns3:hr>133</ns3:hr>
          </ns3:TrackPointExtension>
        </extensions>
      </trkpt>
      <trkpt lat="59.94467175565659999847412109375" lon="30.29499652795493602752685546875">
        <ele>15.19999980926513671875</ele>
        <time>2026-06-30T07:44:42.000Z</time>
        <extensions>
          <ns3:TrackPointExtension>
            <ns3:atemp>30.0</ns3:atemp>
            <ns3:hr>133</ns3:hr>
          </ns3:TrackPointExtension>
        </extensions>
      </trkpt>
      <trkpt lat="59.9445308558642864227294921875" lon="30.29506542719900608062744140625">
        <ele>15.19999980926513671875</ele>
        <time>2026-06-30T07:44:47.000Z</time>
        <extensions>
          <ns3:TrackPointExtension>
            <ns3:atemp>30.0</ns3:atemp>
            <ns3:hr>135</ns3:hr>
          </ns3:TrackPointExtension>
        </extensions>
      </trkpt>
      <trkpt lat="59.9443565122783184051513671875" lon="30.29539056122303009033203125">
        <ele>15.80000019073486328125</ele>
        <time>2026-06-30T07:44:52.000Z</time>
        <extensions>
          <ns3:TrackPointExtension>
            <ns3:atemp>30.0</ns3:atemp>
            <ns3:hr>134</ns3:hr>
          </ns3:TrackPointExtension>
        </extensions>
      </trkpt>
      <trkpt lat="59.94434067048132419586181640625" lon="30.29543288983404636383056640625">
        <ele>16.200000762939453125</ele>
        <time>2026-06-30T07:44:53.000Z</time>
        <extensions>
          <ns3:TrackPointExtension>
            <ns3:atemp>30.0</ns3:atemp>
            <ns3:hr>133</ns3:hr>
          </ns3:TrackPointExtension>
        </extensions>
      </trkpt>
      <trkpt lat="59.94428752921521663665771484375" lon="30.29579423367977142333984375">
        <ele>16.6000003814697265625</ele>
        <time>2026-06-30T07:44:56.000Z</time>
        <extensions>
          <ns3:TrackPointExtension>
            <ns3:atemp>30.0</ns3:atemp>
            <ns3:hr>132</ns3:hr>
          </ns3:TrackPointExtension>
        </extensions>
      </trkpt>
      <trkpt lat="59.94422458112239837646484375" lon="30.2959104068577289581298828125">
        <ele>16.799999237060546875</ele>
        <time>2026-06-30T07:44:58.000Z</time>
        <extensions>
          <ns3:TrackPointExtension>
            <ns3:atemp>30.0</ns3:atemp>
            <ns3:hr>132</ns3:hr>
          </ns3:TrackPointExtension>
        </extensions>
      </trkpt>
      <trkpt lat="59.94418761692941188812255859375" lon="30.29607930220663547515869140625">
        <ele>16.6000003814697265625</ele>
        <time>2026-06-30T07:45:01.000Z</time>
        <extensions>
          <ns3:TrackPointExtension>
            <ns3:atemp>30.0</ns3:atemp>
            <ns3:hr>131</ns3:hr>
          </ns3:TrackPointExtension>
        </extensions>
      </trkpt>
      <trkpt lat="59.94416699744760990142822265625" lon="30.296115763485431671142578125">
        <ele>16.6000003814697265625</ele>
        <time>2026-06-30T07:45:03.000Z</time>
        <extensions>
          <ns3:TrackPointExtension>
            <ns3:atemp>30.0</ns3:atemp>
            <ns3:hr>131</ns3:hr>
          </ns3:TrackPointExtension>
        </extensions>
      </trkpt>
      <trkpt lat="59.9441541731357574462890625" lon="30.29613462276756763458251953125">
        <ele>16.3999996185302734375</ele>
        <time>2026-06-30T07:45:04.000Z</time>
        <extensions>
          <ns3:TrackPointExtension>
            <ns3:atemp>30.0</ns3:atemp>
            <ns3:hr>134</ns3:hr>
          </ns3:TrackPointExtension>
        </extensions>
      </trkpt>
      <trkpt lat="59.94414679706096649169921875" lon="30.296137221157550811767578125">
        <ele>16.3999996185302734375</ele>
        <time>2026-06-30T07:45:05.000Z</time>
        <extensions>
          <ns3:TrackPointExtension>
            <ns3:atemp>30.0</ns3:atemp>
            <ns3:hr>131</ns3:hr>
          </ns3:TrackPointExtension>
        </extensions>
      </trkpt>
      <trkpt lat="59.94421075098216533660888671875" lon="30.29621601104736328125">
        <ele>16</ele>
        <time>2026-06-30T07:45:10.000Z</time>
        <extensions>
          <ns3:TrackPointExtension>
            <ns3:atemp>30.0</ns3:atemp>
            <ns3:hr>131</ns3:hr>
          </ns3:TrackPointExtension>
        </extensions>
      </trkpt>
      <trkpt lat="59.94422432966530323028564453125" lon="30.29625616036355495452880859375">
        <ele>15.6000003814697265625</ele>
        <time>2026-06-30T07:45:14.000Z</time>
        <extensions>
          <ns3:TrackPointExtension>
            <ns3:atemp>30.0</ns3:atemp>
            <ns3:hr>128</ns3:hr>
          </ns3:TrackPointExtension>
        </extensions>
      </trkpt>
      <trkpt lat="59.94421184062957763671875" lon="30.2962550707161426544189453125">
        <ele>15.3999996185302734375</ele>
        <time>2026-06-30T07:45:18.000Z</time>
        <extensions>
          <ns3:TrackPointExtension>
            <ns3:atemp>30.0</ns3:atemp>
            <ns3:hr>130</ns3:hr>
          </ns3:TrackPointExtension>
        </extensions>
      </trkpt>
      <trkpt lat="59.944221563637256622314453125" lon="30.29622648842632770538330078125">
        <ele>15.19999980926513671875</ele>
        <time>2026-06-30T07:45:23.000Z</time>
        <extensions>
          <ns3:TrackPointExtension>
            <ns3:atemp>30.0</ns3:atemp>
            <ns3:hr>133</ns3:hr>
          </ns3:TrackPointExtension>
        </extensions>
      </trkpt>
      <trkpt lat="59.94423623196780681610107421875" lon="30.2962054498493671417236328125">
        <ele>15.19999980926513671875</ele>
        <time>2026-06-30T07:45:25.000Z</time>
        <extensions>
          <ns3:TrackPointExtension>
            <ns3:atemp>30.0</ns3:atemp>
            <ns3:hr>131</ns3:hr>
          </ns3:TrackPointExtension>
        </extensions>
      </trkpt>
      <trkpt lat="59.94421963579952716827392578125" lon="30.29610059224069118499755859375">
        <ele>15.19999980926513671875</ele>
        <time>2026-06-30T07:45:29.000Z</time>
        <extensions>
          <ns3:TrackPointExtension>
            <ns3:atemp>30.0</ns3:atemp>
            <ns3:hr>131</ns3:hr>
          </ns3:TrackPointExtension>
        </extensions>
      </trkpt>
      <trkpt lat="59.94418342597782611846923828125" lon="30.29608516953885555267333984375">
        <ele>15.3999996185302734375</ele>
        <time>2026-06-30T07:45:34.000Z</time>
        <extensions>
          <ns3:TrackPointExtension>
            <ns3:atemp>30.0</ns3:atemp>
            <ns3:hr>130</ns3:hr>
          </ns3:TrackPointExtension>
        </extensions>
      </trkpt>
      <trkpt lat="59.94416548870503902435302734375" lon="30.29609673656523227691650390625">
        <ele>15.6000003814697265625</ele>
        <time>2026-06-30T07:45:35.000Z</time>
        <extensions>
          <ns3:TrackPointExtension>
            <ns3:atemp>30.0</ns3:atemp>
            <ns3:hr>130</ns3:hr>
          </ns3:TrackPointExtension>
        </extensions>
      </trkpt>
      <trkpt lat="59.94375745765864849090576171875" lon="30.295588709414005279541015625">
        <ele>37</ele>
        <time>2026-06-30T07:47:54.000Z</time>
        <extensions>
          <ns3:TrackPointExtension>
            <ns3:atemp>30.0</ns3:atemp>
            <ns3:hr>145</ns3:hr>
          </ns3:TrackPointExtension>
        </extensions>
      </trkpt>
      <trkpt lat="59.94378193281590938568115234375" lon="30.29552492313086986541748046875">
        <ele>37.200000762939453125</ele>
        <time>2026-06-30T07:47:55.000Z</time>
        <extensions>
          <ns3:TrackPointExtension>
            <ns3:atemp>30.0</ns3:atemp>
            <ns3:hr>146</ns3:hr>
          </ns3:TrackPointExtension>
        </extensions>
      </trkpt>
      <trkpt lat="59.943793080747127532958984375" lon="30.29545971192419528961181640625">
        <ele>37.40000152587890625</ele>
        <time>2026-06-30T07:48:00.000Z</time>
        <extensions>
          <ns3:TrackPointExtension>
            <ns3:atemp>30.0</ns3:atemp>
            <ns3:hr>147</ns3:hr>
          </ns3:TrackPointExtension>
        </extensions>
      </trkpt>
    </trkseg>
  </trk>
</gpx>
