<?xml version="1.0" encoding="UTF-8"?>
<gpx creator="Garmin Connect" version="1.1"
  xsi:schemaLocation="http://www.topografix.com/GPX/1/1 http://www.topografix.com/GPX/11.xsd"
  xmlns:ns3="http://www.garmin.com/xmlschemas/TrackPointExtension/v1"
  xmlns="http://www.topografix.com/GPX/1/1"
  xmlns:xsi="http://www.w3.org/2001/XMLSchema-instance" xmlns:ns2="http://www.garmin.com/xmlschemas/GpxExtensions/v3">
  <metadata>
    <link href="connect.garmin.com">
      <text>Garmin Connect</text>
    </link>
    <time>2026-06-30T14:33:23.000Z</time>
  </metadata>
  <trk>
    <name>Петербург Велосипед</name>
    <type>cycling</type>
    <trkseg>
      <trkpt lat="59.949868284165859222412109375" lon="30.28738358058035373687744140625">
        <ele>7.599999904632568359375</ele>
        <time>2026-06-30T14:37:17.000Z</time>
        <extensions>
          <ns3:TrackPointExtension>
            <ns3:atemp>28.0</ns3:atemp>
            <ns3:hr>112</ns3:hr>
          </ns3:TrackPointExtension>
        </extensions>
      </trkpt>
      <trkpt lat="59.9499998800456523895263671875" lon="30.287546776235103607177734375">
        <ele>6.400000095367431640625</ele>
        <time>2026-06-30T14:37:20.000Z</time>
        <extensions>
          <ns3:TrackPointExtension>
            <ns3:atemp>27.0</ns3:atemp>
            <ns3:hr>115</ns3:hr>
          </ns3:TrackPointExtension>
        </extensions>
      </trkpt>
      <trkpt lat="59.95004992000758647918701171875" lon="30.287603102624416351318359375">
        <ele>6.19999980926513671875</ele>
        <time>2026-06-30T14:37:21.000Z</time>
        <extensions>
          <ns3:TrackPointExtension>
            <ns3:atemp>27.0</ns3:atemp>
            <ns3:hr>117</ns3:hr>
          </ns3:TrackPointExtension>
        </extensions>
      </trkpt>
      <trkpt lat="59.950244463980197906494140625" lon="30.28785816393792629241943359375">
        <ele>5.19999980926513671875</ele>
        <time>2026-06-30T14:37:25.000Z</time>
        <extensions>
          <ns3:TrackPointExtension>
            <ns3:atemp>27.0</ns3:atemp>
            <ns3:hr>119</ns3:hr>
          </ns3:TrackPointExtension>
        </extensions>
      </trkpt>
      <trkpt lat="59.950300790369510650634765625" lon="30.287978611886501312255859375">
        <ele>5.19999980926513671875</ele>
        <time>2026-06-30T14:37:26.000Z</time>
        <extensions>
          <ns3:TrackPointExtension>
            <ns3:atemp>27.0</ns3:atemp>
            <ns3:hr>119</ns3:hr>
          </ns3:TrackPointExtension>
        </extensions>
      </trkpt>
      <trkpt lat="59.95039877481758594512939453125" lon="30.288167037069797515869140625">
        <ele>5.400000095367431640625</ele>
        <time>2026-06-30T14:37:27.000Z</time>
        <extensions>
          <ns3:TrackPointExtension>
            <ns3:atemp>27.0</ns3:atemp>
            <ns3:hr>119</ns3:hr>
          </ns3:TrackPointExtension>
        </extensions>
      </trkpt>
      <trkpt lat="59.9505041353404521942138671875" lon="30.28830894269049167633056640625">
        <ele>6.19999980926513671875</ele>
        <time>2026-06-30T14:37:29.000Z</time>
        <extensions>
          <ns3:TrackPointExtension>
            <ns3:atemp>27.0</ns3:atemp>
            <ns3:hr>121</ns3:hr>
          </ns3:TrackPointExtension>
        </extensions>
      </trkpt>
      <trkpt lat="59.95068895630538463592529296875" lon="30.28852100484073162078857421875">
        <ele>7</ele>
        <time>2026-06-30T14:37:32.000Z</time>
        <extensions>
          <ns3:TrackPointExtension>
            <ns3:atemp>27.0</ns3:atemp>
            <ns3:hr>118</ns3:hr>
          </ns3:TrackPointExtension>
        </extensions>
      </trkpt>
      <trkpt lat="59.9508048780262470245361328125" lon="30.28866366483271121978759765625">
        <ele>7</ele>
        <time>2026-06-30T14:37:34.000Z</time>
        <extensions>
          <ns3:TrackPointExtension>
            <ns3:atemp>27.0</ns3:atemp>
            <ns3:hr>118</ns3:hr>
          </ns3:TrackPointExtension>
        </extensions>
      </trkpt>
      <trkpt lat="59.95112950913608074188232421875" lon="30.2891022898256778717041015625">
        <ele>6.599999904632568359375</ele>
        <time>2026-06-30T14:37:39.000Z</time>
        <extensions>
          <ns3:TrackPointExtension>
            <ns3:atemp>27.0</ns3:atemp>
            <ns3:hr>119</ns3:hr>
          </ns3:TrackPointExtension>
        </extensions>
      </trkpt>
      <trkpt lat="59.95152630843222141265869140625" lon="30.2896380610764026641845703125">
        <ele>5.599999904632568359375</ele>
        <time>2026-06-30T14:37:45.000Z</time>
        <extensions>
          <ns3:TrackPointExtension>
            <ns3:atemp>27.0</ns3:atemp>
            <ns3:hr>116</ns3:hr>
          </ns3:TrackPointExtension>
        </extensions>
      </trkpt>
      <trkpt lat="59.95158255100250244140625" lon="30.28972179628908634185791015625">
        <ele>5.400000095367431640625</ele>
        <time>2026-06-30T14:37:46.000Z</time>
        <extensions>
          <ns3:TrackPointExtension>
            <ns3:atemp>27.0</ns3:atemp>
            <ns3:hr>116</ns3:hr>
          </ns3:TrackPointExtension>
        </extensions>
      </trkpt>
      <trkpt lat="59.95163954794406890869140625" lon="30.28980880044400691986083984375">
        <ele>5.19999980926513671875</ele>
        <time>2026-06-30T14:37:47.000Z</time>
        <extensions>
          <ns3:TrackPointExtension>
            <ns3:atemp>27.0</ns3:atemp>
            <ns3:hr>118</ns3:hr>
          </ns3:TrackPointExtension>
        </extensions>
      </trkpt>
      <trkpt lat="59.9516973830759525299072265625" lon="30.28988591395318508148193359375">
        <ele>5.19999980926513671875</ele>
        <time>2026-06-30T14:37:48.000Z</time>
        <extensions>
          <ns3:TrackPointExtension>
            <ns3:atemp>27.0</ns3:atemp>
            <ns3:hr>115</ns3:hr>
          </ns3:TrackPointExtension>
        </extensions>
      </trkpt>
      <trkpt lat="59.95199066586792469024658203125" lon="30.29025622643530368804931640625">
        <ele>6.19999980926513671875</ele>
        <time>2026-06-30T14:37:53.000Z</time>
        <extensions>
          <ns3:TrackPointExtension>
            <ns3:atemp>27.0</ns3:atemp>
            <ns3:hr>114</ns3:hr>
          </ns3:TrackPointExtension>
        </extensions>
      </trkpt>
      <trkpt lat="59.95203961618244647979736328125" lon="30.29035462997853755950927734375">
        <ele>6.400000095367431640625</ele>
        <time>2026-06-30T14:37:54.000Z</time>
        <extensions>
          <ns3:TrackPointExtension>
            <ns3:atemp>27.0</ns3:atemp>
            <ns3:hr>114</ns3:hr>
          </ns3:TrackPointExtension>
        </extensions>
      </trkpt>
      <trkpt lat="59.95206291787326335906982421875" lon="30.29046242125332355499267578125">
        <ele>6.80000019073486328125</ele>
        <time>2026-06-30T14:37:55.000Z</time>
        <extensions>
          <ns3:TrackPointExtension>
            <ns3:atemp>27.0</ns3:atemp>
            <ns3:hr>116</ns3:hr>
          </ns3:TrackPointExtension>
        </extensions>
      </trkpt>
      <trkpt lat="59.95209057815372943878173828125" lon="30.29057792387902736663818359375">
        <ele>7</ele>
        <time>2026-06-30T14:37:56.000Z</time>
        <extensions>
          <ns3:TrackPointExtension>
            <ns3:atemp>27.0</ns3:atemp>
            <ns3:hr>116</ns3:hr>
          </ns3:TrackPointExtension>
        </extensions>
      </trkpt>
      <trkpt lat="59.95210046879947185516357421875" lon="30.2907099388539791107177734375">
        <ele>7</ele>
        <time>2026-06-30T14:37:57.000Z</time>
        <extensions>
          <ns3:TrackPointExtension>
            <ns3:atemp>27.0</ns3:atemp>
            <ns3:hr>118</ns3:hr>
          </ns3:TrackPointExtension>
        </extensions>
      </trkpt>
      <trkpt lat="59.952093176543712615966796875" lon="30.2908393554389476776123046875">
        <ele>7.19999980926513671875</ele>
        <time>2026-06-30T14:37:58.000Z</time>
        <extensions>
          <ns3:TrackPointExtension>
            <ns3:atemp>27.0</ns3:atemp>
            <ns3:hr>118</ns3:hr>
          </ns3:TrackPointExtension>
        </extensions>
      </trkpt>
      <trkpt lat="59.952055625617504119873046875" lon="30.29109743423759937286376953125">
        <ele>7.599999904632568359375</ele>
        <time>2026-06-30T14:38:00.000Z</time>
        <extensions>
          <ns3:TrackPointExtension>
            <ns3:atemp>27.0</ns3:atemp>
            <ns3:hr>118</ns3:hr>
          </ns3:TrackPointExtension>
        </extensions>
      </trkpt>
      <trkpt lat="59.95189511217176914215087890625" lon="30.29164762236177921295166015625">
        <ele>8</ele>
        <time>2026-06-30T14:38:05.000Z</time>
        <extensions>
          <ns3:TrackPointExtension>
            <ns3:atemp>27.0</ns3:atemp>
            <ns3:hr>119</ns3:hr>
          </ns3:TrackPointExtension>
        </extensions>
      </trkpt>
      <trkpt lat="59.9517560563981533050537109375" lon="30.2918830700218677520751953125">
        <ele>8</ele>
        <time>2026-06-30T14:38:08.000Z</time>
        <extensions>
          <ns3:TrackPointExtension>
            <ns3:atemp>27.0</ns3:atemp>
            <ns3:hr>125</ns3:hr>
          </ns3:TrackPointExtension>
        </extensions>
      </trkpt>
      <trkpt lat="59.95170953683555126190185546875" lon="30.2919645421206951141357421875">
        <ele>8</ele>
        <time>2026-06-30T14:38:09.000Z</time>
        <extensions>
          <ns3:TrackPointExtension>
            <ns3:atemp>27.0</ns3:atemp>
            <ns3:hr>129</ns3:hr>
          </ns3:TrackPointExtension>
        </extensions>
      </trkpt>
      <trkpt lat="59.95167215354740619659423828125" lon="30.29204358346760272979736328125">
        <ele>8</ele>
        <time>2026-06-30T14:38:10.000Z</time>
        <extensions>
          <ns3:TrackPointExtension>
            <ns3:atemp>27.0</ns3:atemp>
            <ns3:hr>132</ns3:hr>
          </ns3:TrackPointExtension>
        </extensions>
      </trkpt>
      <trkpt lat="59.95163879357278347015380859375" lon="30.2921243011951446533203125">
        <ele>8</ele>
        <time>2026-06-30T14:38:11.000Z</time>
        <extensions>
          <ns3:TrackPointExtension>
            <ns3:atemp>27.0</ns3:atemp>
            <ns3:hr>136</ns3:hr>
          </ns3:TrackPointExtension>
        </extensions>
      </trkpt>
      <trkpt lat="59.95160962454974651336669921875" lon="30.29220418073236942291259765625">
        <ele>8</ele>
        <time>2026-06-30T14:38:12.000Z</time>
        <extensions>
          <ns3:TrackPointExtension>
            <ns3:atemp>27.0</ns3:atemp>
            <ns3:hr>140</ns3:hr>
          </ns3:TrackPointExtension>
        </extensions>
      </trkpt>
      <trkpt lat="59.9515458382666110992431640625" lon="30.29235723428428173065185546875">
        <ele>8</ele>
        <time>2026-06-30T14:38:14.000Z</time>
        <extensions>
          <ns3:TrackPointExtension>
            <ns3:atemp>27.0</ns3:atemp>
            <ns3:hr>142</ns3:hr>
          </ns3:TrackPointExtension>
        </extensions>
      </trkpt>
      <trkpt lat="59.95130100287497043609619140625" lon="30.292926616966724395751953125">
        <ele>8.19999980926513671875</ele>
        <time>2026-06-30T14:38:21.000Z</time>
        <extensions>
          <ns3:TrackPointExtension>
            <ns3:atemp>27.0</ns3:atemp>
            <ns3:hr>140</ns3:hr>
          </ns3:TrackPointExtension>
        </extensions>
      </trkpt>
      <trkpt lat="59.9511810578405857086181640625" lon="30.29333037324249744415283203125">
        <ele>8.6000003814697265625</ele>
        <time>2026-06-30T14:38:25.000Z</time>
        <extensions>
          <ns3:TrackPointExtension>
            <ns3:atemp>27.0</ns3:atemp>
            <ns3:hr>143</ns3:hr>
          </ns3:TrackPointExtension>
        </extensions>
      </trkpt>
      <trkpt lat="59.9511217139661312103271484375" lon="30.2935309521853923797607421875">
        <ele>8.80000019073486328125</ele>
        <time>2026-06-30T14:38:27.000Z</time>
        <extensions>
          <ns3:TrackPointExtension>
            <ns3:atemp>27.0</ns3:atemp>
            <ns3:hr>143</ns3:hr>
          </ns3:TrackPointExtension>
        </extensions>
      </trkpt>
      <trkpt lat="59.95106111280620098114013671875" lon="30.2937177009880542755126953125">
        <ele>9</ele>
        <time>2026-06-30T14:38:29.000Z</time>
        <extensions>
          <ns3:TrackPointExtension>
            <ns3:atemp>27.0</ns3:atemp>
            <ns3:hr>139</ns3:hr>
          </ns3:TrackPointExtension>
        </extensions>
      </trkpt>
      <trkpt lat="59.95097109116613864898681640625" lon="30.29399271123111248016357421875">
        <ele>8.3999996185302734375</ele>
        <time>2026-06-30T14:38:32.000Z</time>
        <extensions>
          <ns3:TrackPointExtension>
            <ns3:atemp>27.0</ns3:atemp>
            <ns3:hr>136</ns3:hr>
          </ns3:TrackPointExtension>
        </extensions>
      </trkpt>
      <trkpt lat="59.9508886970579624176025390625" lon="30.2942551486194133758544921875">
        <ele>7.80000019073486328125</ele>
        <time>2026-06-30T14:38:35.000Z</time>
        <extensions>
          <ns3:TrackPointExtension>
            <ns3:atemp>27.0</ns3:atemp>
            <ns3:hr>136</ns3:hr>
          </ns3:TrackPointExtension>
        </extensions>
      </trkpt>
      <trkpt lat="59.95086036622524261474609375" lon="30.2943376265466213226318359375">
        <ele>7.80000019073486328125</ele>
        <time>2026-06-30T14:38:36.000Z</time>
        <extensions>
          <ns3:TrackPointExtension>
            <ns3:atemp>27.0</ns3:atemp>
            <ns3:hr>136</ns3:hr>
          </ns3:TrackPointExtension>
        </extensions>
      </trkpt>
      <trkpt lat="59.95065190829336643218994140625" lon="30.29500138945877552032470703125">
        <ele>8.19999980926513671875</ele>
        <time>2026-06-30T14:38:44.000Z</time>
        <extensions>
          <ns3:TrackPointExtension>
            <ns3:atemp>27.0</ns3:atemp>
            <ns3:hr>134</ns3:hr>
          </ns3:TrackPointExtension>
        </extensions>
      </trkpt>
      <trkpt lat="59.95056289248168468475341796875" lon="30.29526592232286930084228515625">
        <ele>9</ele>
        <time>2026-06-30T14:38:47.000Z</time>
        <extensions>
          <ns3:TrackPointExtension>
            <ns3:atemp>27.0</ns3:atemp>
            <ns3:hr>134</ns3:hr>
          </ns3:TrackPointExtension>
        </extensions>
      </trkpt>
      <trkpt lat="59.95048728771507740020751953125" lon="30.29549240134656429290771484375">
        <ele>9</ele>
        <time>2026-06-30T14:38:50.000Z</time>
        <extensions>
          <ns3:TrackPointExtension>
            <ns3:atemp>27.0</ns3:atemp>
            <ns3:hr>134</ns3:hr>
          </ns3:TrackPointExtension>
        </extensions>
      </trkpt>
      <trkpt lat="59.9504327215254306793212890625" lon="30.2957796491682529449462890625">
        <ele>8.3999996185302734375</ele>
        <time>2026-06-30T14:38:55.000Z</time>
        <extensions>
          <ns3:TrackPointExtension>
            <ns3:atemp>27.0</ns3:atemp>
            <ns3:hr>133</ns3:hr>
          </ns3:TrackPointExtension>
        </extensions>
      </trkpt>
      <trkpt lat="59.95041905902326107025146484375" lon="30.295954160392284393310546875">
        <ele>7.80000019073486328125</ele>
        <time>2026-06-30T14:38:59.000Z</time>
        <extensions>
          <ns3:TrackPointExtension>
            <ns3:atemp>27.0</ns3:atemp>
            <ns3:hr>132</ns3:hr>
          </ns3:TrackPointExtension>
        </extensions>
      </trkpt>
      <trkpt lat="59.9504240043461322784423828125" lon="30.2959791384637355804443359375">
        <ele>7.599999904632568359375</ele>
        <time>2026-06-30T14:39:00.000Z</time>
        <extensions>
          <ns3:TrackPointExtension>
            <ns3:atemp>27.0</ns3:atemp>
            <ns3:hr>131</ns3:hr>
          </ns3:TrackPointExtension>
        </extensions>
      </trkpt>
      <trkpt lat="59.95046616531908512115478515625" lon="30.29611417092382907867431640625">
        <ele>7.400000095367431640625</ele>
        <time>2026-06-30T14:39:05.000Z</time>
        <extensions>
          <ns3:TrackPointExtension>
            <ns3:atemp>27.0</ns3:atemp>
            <ns3:hr>129</ns3:hr>
          </ns3:TrackPointExtension>
        </extensions>
      </trkpt>
      <trkpt lat="59.9504806660115718841552734375" lon="30.29614116065204143524169921875">
        <ele>7.400000095367431640625</ele>
        <time>2026-06-30T14:39:06.000Z</time>
        <extensions>
          <ns3:TrackPointExtension>
            <ns3:atemp>27.0</ns3:atemp>
            <ns3:hr>129</ns3:hr>
          </ns3:TrackPointExtension>
        </extensions>
      </trkpt>
      <trkpt lat="59.95050002820789813995361328125" lon="30.29617904685437679290771484375">
        <ele>6.80000019073486328125</ele>
        <time>2026-06-30T14:39:13.000Z</time>
        <extensions>
          <ns3:TrackPointExtension>
            <ns3:atemp>27.0</ns3:atemp>
            <ns3:hr>126</ns3:hr>
          </ns3:TrackPointExtension>
        </extensions>
      </trkpt>
      <trkpt lat="59.95050187222659587860107421875" lon="30.2961838245391845703125">
        <ele>6.599999904632568359375</ele>
        <time>2026-06-30T14:39:15.000Z</time>
        <extensions>
          <ns3:TrackPointExtension>
            <ns3:atemp>27.0</ns3:atemp>
            <ns3:hr>126</ns3:hr>
          </ns3:TrackPointExtension>
        </extensions>
      </trkpt>
      <trkpt lat="59.9505041353404521942138671875" lon="30.2961809746921062469482421875">
        <ele>6.599999904632568359375</ele>
        <time>2026-06-30T14:39:22.000Z</time>
        <extensions>
          <ns3:TrackPointExtension>
            <ns3:atemp>27.0</ns3:atemp>
            <ns3:hr>129</ns3:hr>
          </ns3:TrackPointExtension>
        </extensions>
      </trkpt>
      <trkpt lat="59.95050354860723018646240234375" lon="30.29617913067340850830078125">
        <ele>6.599999904632568359375</ele>
        <time>2026-06-30T14:39:24.000Z</time>
        <extensions>
          <ns3:TrackPointExtension>
            <ns3:atemp>27.0</ns3:atemp>
            <ns3:hr>129</ns3:hr>
          </ns3:TrackPointExtension>
        </extensions>
      </trkpt>
      <trkpt lat="59.95050891302525997161865234375" lon="30.29620653949677944183349609375">
        <ele>6.400000095367431640625</ele>
        <time>2026-06-30T14:39:29.000Z</time>
        <extensions>
          <ns3:TrackPointExtension>
            <ns3:atemp>27.0</ns3:atemp>
            <ns3:hr>131</ns3:hr>
          </ns3:TrackPointExtension>
        </extensions>
      </trkpt>
      <trkpt lat="59.95053573511540889739990234375" lon="30.29624509625136852264404296875">
        <ele>6.19999980926513671875</ele>
        <time>2026-06-30T14:39:31.000Z</time>
        <extensions>
          <ns3:TrackPointExtension>
            <ns3:atemp>27.0</ns3:atemp>
            <ns3:hr>130</ns3:hr>
          </ns3:TrackPointExtension>
        </extensions>
      </trkpt>
      <trkpt lat="59.950615279376506805419921875" lon="30.29628884978592395782470703125">
        <ele>5.400000095367431640625</ele>
        <time>2026-06-30T14:39:34.000Z</time>
        <extensions>
          <ns3:TrackPointExtension>
            <ns3:atemp>27.0</ns3:atemp>
            <ns3:hr>132</ns3:hr>
          </ns3:TrackPointExtension>
        </extensions>
      </trkpt>
      <trkpt lat="59.95068426243960857391357421875" lon="30.29631231911480426788330078125">
        <ele>5.19999980926513671875</ele>
        <time>2026-06-30T14:39:36.000Z</time>
        <extensions>
          <ns3:TrackPointExtension>
            <ns3:atemp>27.0</ns3:atemp>
            <ns3:hr>136</ns3:hr>
          </ns3:TrackPointExtension>
        </extensions>
      </trkpt>
      <trkpt lat="59.95080630294978618621826171875" lon="30.29640686698257923126220703125">
        <ele>6.80000019073486328125</ele>
        <time>2026-06-30T14:39:39.000Z</time>
        <extensions>
          <ns3:TrackPointExtension>
            <ns3:atemp>27.0</ns3:atemp>
            <ns3:hr>138</ns3:hr>
          </ns3:TrackPointExtension>
        </extensions>
      </trkpt>
      <trkpt lat="59.95085692964494228363037109375" lon="30.29645263217389583587646484375">
        <ele>7.19999980926513671875</ele>
        <time>2026-06-30T14:39:40.000Z</time>
        <extensions>
          <ns3:TrackPointExtension>
            <ns3:atemp>27.0</ns3:atemp>
            <ns3:hr>138</ns3:hr>
          </ns3:TrackPointExtension>
        </extensions>
      </trkpt>
      <trkpt lat="59.95108433067798614501953125" lon="30.29664943926036357879638671875">
        <ele>7.400000095367431640625</ele>
        <time>2026-06-30T14:39:45.000Z</time>
        <extensions>
          <ns3:TrackPointExtension>
            <ns3:atemp>27.0</ns3:atemp>
            <ns3:hr>136</ns3:hr>
          </ns3:TrackPointExtension>
        </extensions>
      </trkpt>
      <trkpt lat="59.9511817283928394317626953125" lon="30.2967630140483379364013671875">
        <ele>7.400000095367431640625</ele>
        <time>2026-06-30T14:39:47.000Z</time>
        <extensions>
          <ns3:TrackPointExtension>
            <ns3:atemp>27.0</ns3:atemp>
            <ns3:hr>134</ns3:hr>
          </ns3:TrackPointExtension>
        </extensions>
      </trkpt>
      <trkpt lat="59.95170048438012599945068359375" lon="30.29709250666201114654541015625">
        <ele>8</ele>
        <time>2026-06-30T14:39:56.000Z</time>
        <extensions>
          <ns3:TrackPointExtension>
            <ns3:atemp>27.0</ns3:atemp>
            <ns3:hr>137</ns3:hr>
          </ns3:TrackPointExtension>
        </extensions>
      </trkpt>
      <trkpt lat="59.95175379328429698944091796875" lon="30.2970944344997406005859375">
        <ele>8</ele>
        <time>2026-06-30T14:39:57.000Z</time>
        <extensions>
          <ns3:TrackPointExtension>
            <ns3:atemp>27.0</ns3:atemp>
            <ns3:hr>135</ns3:hr>
          </ns3:TrackPointExtension>
        </extensions>
      </trkpt>
      <trkpt lat="59.9518703855574131011962890625" lon="30.29706962406635284423828125">
        <ele>8.19999980926513671875</ele>
        <time>2026-06-30T14:39:59.000Z</time>
        <extensions>
          <ns3:TrackPointExtension>
            <ns3:atemp>27.0</ns3:atemp>
            <ns3:hr>139</ns3:hr>
          </ns3:TrackPointExtension>
        </extensions>
      </trkpt>
      <trkpt lat="59.95192813687026500701904296875" lon="30.29703584499657154083251953125">
        <ele>8.19999980926513671875</ele>
        <time>2026-06-30T14:40:01.000Z</time>
        <extensions>
          <ns3:TrackPointExtension>
            <ns3:atemp>27.0</ns3:atemp>
            <ns3:hr>139</ns3:hr>
          </ns3:TrackPointExtension>
        </extensions>
      </trkpt>
      <trkpt lat="59.95201564393937587738037109375" lon="30.29693945311009883880615234375">
        <ele>8</ele>
        <time>2026-06-30T14:40:08.000Z</time>
        <extensions>
          <ns3:TrackPointExtension>
            <ns3:atemp>27.0</ns3:atemp>
            <ns3:hr>137</ns3:hr>
          </ns3:TrackPointExtension>
        </extensions>
      </trkpt>
      <trkpt lat="59.9520453996956348419189453125" lon="30.29691095463931560516357421875">
        <ele>8</ele>
        <time>2026-06-30T14:40:11.000Z</time>
        <extensions>
          <ns3:TrackPointExtension>
            <ns3:atemp>27.0</ns3:atemp>
            <ns3:hr>134</ns3:hr>
          </ns3:TrackPointExtension>
        </extensions>
      </trkpt>
      <trkpt lat="59.95209828950464725494384765625" lon="30.29684490524232387542724609375">
        <ele>7.80000019073486328125</ele>
        <time>2026-06-30T14:40:15.000Z</time>
        <extensions>
          <ns3:TrackPointExtension>
            <ns3:atemp>27.0</ns3:atemp>
            <ns3:hr>133</ns3:hr>
          </ns3:TrackPointExtension>
        </extensions>
      </trkpt>
      <trkpt lat="59.95210449211299419403076171875" lon="30.29683132655918598175048828125">
        <ele>7.80000019073486328125</ele>
        <time>2026-06-30T14:40:17.000Z</time>
        <extensions>
          <ns3:TrackPointExtension>
            <ns3:atemp>27.0</ns3:atemp>
            <ns3:hr>133</ns3:hr>
          </ns3:TrackPointExtension>
        </extensions>
      </trkpt>
      <trkpt lat="59.95208236388862133026123046875" lon="30.29683224856853485107421875">
        <ele>7.80000019073486328125</ele>
        <time>2026-06-30T14:40:19.000Z</time>
        <extensions>
          <ns3:TrackPointExtension>
            <ns3:atemp>27.0</ns3:atemp>
            <ns3:hr>134</ns3:hr>
          </ns3:TrackPointExtension>
        </extensions>
      </trkpt>
      <trkpt lat="59.95202419348061084747314453125" lon="30.2967844717204570770263671875">
        <ele>7</ele>
        <time>2026-06-30T14:40:22.000Z</time>
        <extensions>
          <ns3:TrackPointExtension>
            <ns3:atemp>27.0</ns3:atemp>
            <ns3:hr>137</ns3:hr>
          </ns3:TrackPointExtension>
        </extensions>
      </trkpt>
      <trkpt lat="59.95203115046024322509765625" lon="30.29675622470676898956298828125">
        <ele>6.599999904632568359375</ele>
        <time>2026-06-30T14:40:23.000Z</time>
        <extensions>
          <ns3:TrackPointExtension>
            <ns3:atemp>27.0</ns3:atemp>
            <ns3:hr>136</ns3:hr>
          </ns3:TrackPointExtension>
        </extensions>
      </trkpt>
      <trkpt lat="59.9520212598145008087158203125" lon="30.296631418168544769287109375">
        <ele>6.599999904632568359375</ele>
        <time>2026-06-30T14:40:28.000Z</time>
        <extensions>
          <ns3:TrackPointExtension>
            <ns3:atemp>27.0</ns3:atemp>
            <ns3:hr>137</ns3:hr>
          </ns3:TrackPointExtension>
        </extensions>
      </trkpt>
      <trkpt lat="59.95201732032001018524169921875" lon="30.2966009080410003662109375">
        <ele>6.80000019073486328125</ele>
        <time>2026-06-30T14:40:29.000Z</time>
        <extensions>
          <ns3:TrackPointExtension>
            <ns3:atemp>27.0</ns3:atemp>
            <ns3:hr>134</ns3:hr>
          </ns3:TrackPointExtension>
        </extensions>
      </trkpt>
      <trkpt lat="59.95204724371433258056640625" lon="30.29656209982931613922119140625">
        <ele>7.80000019073486328125</ele>
        <time>2026-06-30T14:40:31.000Z</time>
        <extensions>
          <ns3:TrackPointExtension>
            <ns3:atemp>27.0</ns3:atemp>
            <ns3:hr>135</ns3:hr>
          </ns3:TrackPointExtension>
        </extensions>
      </trkpt>
      <trkpt lat="59.952110610902309417724609375" lon="30.2965377084910869598388671875">
        <ele>8.80000019073486328125</ele>
        <time>2026-06-30T14:40:33.000Z</time>
        <extensions>
          <ns3:TrackPointExtension>
            <ns3:atemp>27.0</ns3:atemp>
            <ns3:hr>135</ns3:hr>
          </ns3:TrackPointExtension>
        </extensions>
      </trkpt>
      <trkpt lat="59.952199459075927734375" lon="30.2965097129344940185546875">
        <ele>9</ele>
        <time>2026-06-30T14:40:34.000Z</time>
        <extensions>
          <ns3:TrackPointExtension>
            <ns3:atemp>27.0</ns3:atemp>
            <ns3:hr>135</ns3:hr>
          </ns3:TrackPointExtension>
        </extensions>
      </trkpt>
      <trkpt lat="59.95232510380446910858154296875" lon="30.29642052948474884033203125">
        <ele>8.80000019073486328125</ele>
        <time>2026-06-30T14:40:36.000Z</time>
        <extensions>
          <ns3:TrackPointExtension>
            <ns3:atemp>27.0</ns3:atemp>
            <ns3:hr>134</ns3:hr>
          </ns3:TrackPointExtension>
        </extensions>
      </trkpt>
      <trkpt lat="59.95249785482883453369140625" lon="30.2964129857718944549560546875">
        <ele>8.80000019073486328125</ele>
        <time>2026-06-30T14:40:40.000Z</time>
        <extensions>
          <ns3:TrackPointExtension>
            <ns3:atemp>26.0</ns3:atemp>
            <ns3:hr>132</ns3:hr>
          </ns3:TrackPointExtension>
        </extensions>
      </trkpt>
      <trkpt lat="59.95275073684751987457275390625" lon="30.29645984061062335968017578125">
        <ele>8.80000019073486328125</ele>
        <time>2026-06-30T14:40:44.000Z</time>
        <extensions>
          <ns3:TrackPointExtension>
            <ns3:atemp>26.0</ns3:atemp>
            <ns3:hr>135</ns3:hr>
          </ns3:TrackPointExtension>
        </extensions>
      </trkpt>
      <trkpt lat="59.95297922752797603607177734375" lon="30.296424217522144317626953125">
        <ele>8.80000019073486328125</ele>
        <time>2026-06-30T14:40:46.000Z</time>
        <extensions>
          <ns3:TrackPointExtension>
            <ns3:atemp>26.0</ns3:atemp>
            <ns3:hr>137</ns3:hr>
          </ns3:TrackPointExtension>
        </extensions>
      </trkpt>
      <trkpt lat="59.953160025179386138916015625" lon="30.29645397327840328216552734375">
        <ele>9</ele>
        <time>2026-06-30T14:40:49.000Z</time>
        <extensions>
          <ns3:TrackPointExtension>
            <ns3:atemp>26.0</ns3:atemp>
            <ns3:hr>139</ns3:hr>
          </ns3:TrackPointExtension>
        </extensions>
      </trkpt>
      <trkpt lat="59.95322297327220439910888671875" lon="30.29646738432347774505615234375">
        <ele>9.19999980926513671875</ele>
        <time>2026-06-30T14:40:50.000Z</time>
        <extensions>
          <ns3:TrackPointExtension>
            <ns3:atemp>26.0</ns3:atemp>
            <ns3:hr>140</ns3:hr>
          </ns3:TrackPointExtension>
        </extensions>
      </trkpt>
      <trkpt lat="59.953447021543979644775390625" lon="30.29651801101863384246826171875">
        <ele>9.3999996185302734375</ele>
        <time>2026-06-30T14:40:55.000Z</time>
        <extensions>
          <ns3:TrackPointExtension>
            <ns3:atemp>26.0</ns3:atemp>
            <ns3:hr>138</ns3:hr>
          </ns3:TrackPointExtension>
        </extensions>
      </trkpt>
      <trkpt lat="59.953518770635128021240234375" lon="30.296532846987247467041015625">
        <ele>9.19999980926513671875</ele>
        <time>2026-06-30T14:40:59.000Z</time>
        <extensions>
          <ns3:TrackPointExtension>
            <ns3:atemp>26.0</ns3:atemp>
            <ns3:hr>137</ns3:hr>
          </ns3:TrackPointExtension>
        </extensions>
      </trkpt>
      <trkpt lat="59.95360066182911396026611328125" lon="30.29663401655852794647216796875">
        <ele>9.3999996185302734375</ele>
        <time>2026-06-30T14:41:06.000Z</time>
        <extensions>
          <ns3:TrackPointExtension>
            <ns3:atemp>26.0</ns3:atemp>
            <ns3:hr>136</ns3:hr>
          </ns3:TrackPointExtension>
        </extensions>
      </trkpt>
      <trkpt lat="59.95371432043612003326416015625" lon="30.2966255508363246917724609375">
        <ele>9</ele>
        <time>2026-06-30T14:41:10.000Z</time>
        <extensions>
          <ns3:TrackPointExtension>
            <ns3:atemp>26.0</ns3:atemp>
            <ns3:hr>133</ns3:hr>
          </ns3:TrackPointExtension>
        </extensions>
      </trkpt>
      <trkpt lat="59.95375312864780426025390625" lon="30.29662312008440494537353515625">
        <ele>8.80000019073486328125</ele>
        <time>2026-06-30T14:41:11.000Z</time>
        <extensions>
          <ns3:TrackPointExtension>
            <ns3:atemp>26.0</ns3:atemp>
            <ns3:hr>134</ns3:hr>
          </ns3:TrackPointExtension>
        </extensions>
      </trkpt>
      <trkpt lat="59.95394566096365451812744140625" lon="30.29664223082363605499267578125">
        <ele>8.80000019073486328125</ele>
        <time>2026-06-30T14:41:16.000Z</time>
        <extensions>
          <ns3:TrackPointExtension>
            <ns3:atemp>26.0</ns3:atemp>
            <ns3:hr>135</ns3:hr>
          </ns3:TrackPointExtension>
        </extensions>
      </trkpt>
      <trkpt lat="59.9541687034070491790771484375" lon="30.29653209261596202850341796875">
        <ele>8.80000019073486328125</ele>
        <time>2026-06-30T14:41:21.000Z</time>
        <extensions>
          <ns3:TrackPointExtension>
            <ns3:atemp>26.0</ns3:atemp>
            <ns3:hr>137</ns3:hr>
          </ns3:TrackPointExtension>
        </extensions>
      </trkpt>
      <trkpt lat="59.9542220123112201690673828125" lon="30.296522788703441619873046875">
        <ele>8.80000019073486328125</ele>
        <time>2026-06-30T14:41:22.000Z</time>
        <extensions>
          <ns3:TrackPointExtension>
            <ns3:atemp>26.0</ns3:atemp>
            <ns3:hr>140</ns3:hr>
          </ns3:TrackPointExtension>
        </extensions>
      </trkpt>
      <trkpt lat="59.954318068921566009521484375" lon="30.29654852114617824554443359375">
        <ele>9</ele>
        <time>2026-06-30T14:41:24.000Z</time>
        <extensions>
          <ns3:TrackPointExtension>
            <ns3:atemp>26.0</ns3:atemp>
            <ns3:hr>143</ns3:hr>
          </ns3:TrackPointExtension>
        </extensions>
      </trkpt>
      <trkpt lat="59.95435067452490329742431640625" lon="30.29654927551746368408203125">
        <ele>9</ele>
        <time>2026-06-30T14:41:25.000Z</time>
        <extensions>
          <ns3:TrackPointExtension>
            <ns3:atemp>26.0</ns3:atemp>
            <ns3:hr>142</ns3:hr>
          </ns3:TrackPointExtension>
        </extensions>
      </trkpt>
      <trkpt lat="59.95452292263507843017578125" lon="30.296596549451351165771484375">
        <ele>9</ele>
        <time>2026-06-30T14:41:30.000Z</time>
        <extensions>
          <ns3:TrackPointExtension>
            <ns3:atemp>26.0</ns3:atemp>
            <ns3:hr>140</ns3:hr>
          </ns3:TrackPointExtension>
        </extensions>
      </trkpt>
      <trkpt lat="59.9547649919986724853515625" lon="30.2967103756964206695556640625">
        <ele>9.6000003814697265625</ele>
        <time>2026-06-30T14:41:36.000Z</time>
        <extensions>
          <ns3:TrackPointExtension>
            <ns3:atemp>26.0</ns3:atemp>
            <ns3:hr>140</ns3:hr>
          </ns3:TrackPointExtension>
        </extensions>
      </trkpt>
      <trkpt lat="59.95488409884274005889892578125" lon="30.29724053107202053070068359375">
        <ele>9</ele>
        <time>2026-06-30T14:41:41.000Z</time>
        <extensions>
          <ns3:TrackPointExtension>
            <ns3:atemp>26.0</ns3:atemp>
            <ns3:hr>137</ns3:hr>
          </ns3:TrackPointExtension>
        </extensions>
      </trkpt>
      <trkpt lat="59.95509020984172821044921875" lon="30.297757945954799652099609375">
        <ele>8.80000019073486328125</ele>
        <time>2026-06-30T14:41:46.000Z</time>
        <extensions>
          <ns3:TrackPointExtension>
            <ns3:atemp>26.0</ns3:atemp>
            <ns3:hr>138</ns3:hr>
          </ns3:TrackPointExtension>
        </extensions>
      </trkpt>
      <trkpt lat="59.9552290141582489013671875" lon="30.29803119599819183349609375">
        <ele>8.3999996185302734375</ele>
        <time>2026-06-30T14:41:49.000Z</time>
        <extensions>
          <ns3:TrackPointExtension>
            <ns3:atemp>26.0</ns3:atemp>
            <ns3:hr>135</ns3:hr>
          </ns3:TrackPointExtension>
        </extensions>
      </trkpt>
      <trkpt lat="59.9553917907178401947021484375" lon="30.298405028879642486572265625">
        <ele>7.400000095367431640625</ele>
        <time>2026-06-30T14:41:53.000Z</time>
        <extensions>
          <ns3:TrackPointExtension>
            <ns3:atemp>26.0</ns3:atemp>
            <ns3:hr>135</ns3:hr>
          </ns3:TrackPointExtension>
        </extensions>
      </trkpt>
      <trkpt lat="59.95543227531015872955322265625" lon="30.2984615229070186614990234375">
        <ele>7.400000095367431640625</ele>
        <time>2026-06-30T14:41:54.000Z</time>
        <extensions>
          <ns3:TrackPointExtension>
            <ns3:atemp>26.0</ns3:atemp>
            <ns3:hr>136</ns3:hr>
          </ns3:TrackPointExtension>
        </extensions>
      </trkpt>
      <trkpt lat="59.95551039464771747589111328125" lon="30.29861189424991607666015625">
        <ele>8.3999996185302734375</ele>
        <time>2026-06-30T14:41:56.000Z</time>
        <extensions>
          <ns3:TrackPointExtension>
            <ns3:atemp>26.0</ns3:atemp>
            <ns3:hr>134</ns3:hr>
          </ns3:TrackPointExtension>
        </extensions>
      </trkpt>
      <trkpt lat="59.95553352870047092437744140625" lon="30.29872261919081211090087890625">
        <ele>8.6000003814697265625</ele>
        <time>2026-06-30T14:41:57.000Z</time>
        <extensions>
          <ns3:TrackPointExtension>
            <ns3:atemp>26.0</ns3:atemp>
            <ns3:hr>134</ns3:hr>
          </ns3:TrackPointExtension>
        </extensions>
      </trkpt>
      <trkpt lat="59.9556291662156581878662109375" lon="30.29886544682085514068603515625">
        <ele>8.80000019073486328125</ele>
        <time>2026-06-30T14:41:59.000Z</time>
        <extensions>
          <ns3:TrackPointExtension>
            <ns3:atemp>26.0</ns3:atemp>
            <ns3:hr>134</ns3:hr>
          </ns3:TrackPointExtension>
        </extensions>
      </trkpt>
      <trkpt lat="59.95578062720596790313720703125" lon="30.29917976818978786468505859375">
        <ele>9.6000003814697265625</ele>
        <time>2026-06-30T14:42:04.000Z</time>
        <extensions>
          <ns3:TrackPointExtension>
            <ns3:atemp>26.0</ns3:atemp>
            <ns3:hr>132</ns3:hr>
          </ns3:TrackPointExtension>
        </extensions>
      </trkpt>
      <trkpt lat="59.95591389946639537811279296875" lon="30.29937489889562129974365234375">
        <ele>9</ele>
        <time>2026-06-30T14:42:09.000Z</time>
        <extensions>
          <ns3:TrackPointExtension>
            <ns3:atemp>26.0</ns3:atemp>
            <ns3:hr>131</ns3:hr>
          </ns3:TrackPointExtension>
        </extensions>
      </trkpt>
      <trkpt lat="59.9559429846704006195068359375" lon="30.29943809844553470611572265625">
        <ele>8.80000019073486328125</ele>
        <time>2026-06-30T14:42:10.000Z</time>
        <extensions>
          <ns3:TrackPointExtension>
            <ns3:atemp>26.0</ns3:atemp>
            <ns3:hr>131</ns3:hr>
          </ns3:TrackPointExtension>
        </extensions>
      </trkpt>
      <trkpt lat="59.95608740486204624176025390625" lon="30.2995746396481990814208984375">
        <ele>8.6000003814697265625</ele>
        <time>2026-06-30T14:42:13.000Z</time>
        <extensions>
          <ns3:TrackPointExtension>
            <ns3:atemp>26.0</ns3:atemp>
            <ns3:hr>129</ns3:hr>
          </ns3:TrackPointExtension>
        </extensions>
      </trkpt>
      <trkpt lat="59.95624280534684658050537109375" lon="30.29974487610161304473876953125">
        <ele>8.80000019073486328125</ele>
        <time>2026-06-30T14:42:17.000Z</time>
        <extensions>
          <ns3:TrackPointExtension>
            <ns3:atemp>26.0</ns3:atemp>
            <ns3:hr>129</ns3:hr>
          </ns3:TrackPointExtension>
        </extensions>
      </trkpt>
      <trkpt lat="59.95640625245869159698486328125" lon="30.29988435097038745880126953125">
        <ele>9.6000003814697265625</ele>
        <time>2026-06-30T14:42:21.000Z</time>
        <extensions>
          <ns3:TrackPointExtension>
            <ns3:atemp>26.0</ns3:atemp>
            <ns3:hr>127</ns3:hr>
          </ns3:TrackPointExtension>
        </extensions>
      </trkpt>
      <trkpt lat="59.95656006038188934326171875" lon="30.2999062277376651763916015625">
        <ele>9.80000019073486328125</ele>
        <time>2026-06-30T14:42:24.000Z</time>
        <extensions>
          <ns3:TrackPointExtension>
            <ns3:atemp>26.0</ns3:atemp>
            <ns3:hr>127</ns3:hr>
          </ns3:TrackPointExtension>
        </extensions>
      </trkpt>
      <trkpt lat="59.956797771155834197998046875" lon="30.2998153679072856903076171875">
        <ele>10</ele>
        <time>2026-06-30T14:42:30.000Z</time>
        <extensions>
          <ns3:TrackPointExtension>
            <ns3:atemp>26.0</ns3:atemp>
            <ns3:hr>131</ns3:hr>
          </ns3:TrackPointExtension>
        </extensions>
      </trkpt>
      <trkpt lat="59.95679886080324649810791015625" lon="30.2998197264969348907470703125">
        <ele>9.80000019073486328125</ele>
        <time>2026-06-30T14:42:31.000Z</time>
        <extensions>
          <ns3:TrackPointExtension>
            <ns3:atemp>26.0</ns3:atemp>
            <ns3:hr>136</ns3:hr>
          </ns3:TrackPointExtension>
        </extensions>
      </trkpt>
      <trkpt lat="59.95680087246000766754150390625" lon="30.29982936568558216094970703125">
        <ele>9.80000019073486328125</ele>
        <time>2026-06-30T14:42:32.000Z</time>
        <extensions>
          <ns3:TrackPointExtension>
            <ns3:atemp>26.0</ns3:atemp>
            <ns3:hr>142</ns3:hr>
          </ns3:TrackPointExtension>
        </extensions>
      </trkpt>
      <trkpt lat="59.9568079970777034759521484375" lon="30.29983556829392910003662109375">
        <ele>9.19999980926513671875</ele>
        <time>2026-06-30T14:42:33.000Z</time>
        <extensions>
          <ns3:TrackPointExtension>
            <ns3:atemp>26.0</ns3:atemp>
            <ns3:hr>145</ns3:hr>
          </ns3:TrackPointExtension>
        </extensions>
      </trkpt>
      <trkpt lat="59.95684009976685047149658203125" lon="30.299844704568386077880859375">
        <ele>9.19999980926513671875</ele>
        <time>2026-06-30T14:42:34.000Z</time>
        <extensions>
          <ns3:TrackPointExtension>
            <ns3:atemp>26.0</ns3:atemp>
            <ns3:hr>146</ns3:hr>
          </ns3:TrackPointExtension>
        </extensions>
      </trkpt>
      <trkpt lat="59.9569038860499858856201171875" lon="30.2998629771173000335693359375">
        <ele>8.80000019073486328125</ele>
        <time>2026-06-30T14:42:36.000Z</time>
        <extensions>
          <ns3:TrackPointExtension>
            <ns3:atemp>26.0</ns3:atemp>
            <ns3:hr>145</ns3:hr>
          </ns3:TrackPointExtension>
        </extensions>
      </trkpt>
      <trkpt lat="59.95703740976750850677490234375" lon="30.2999457903206348419189453125">
        <ele>8.6000003814697265625</ele>
        <time>2026-06-30T14:42:40.000Z</time>
        <extensions>
          <ns3:TrackPointExtension>
            <ns3:atemp>26.0</ns3:atemp>
            <ns3:hr>144</ns3:hr>
          </ns3:TrackPointExtension>
        </extensions>
      </trkpt>
      <trkpt lat="59.95704847387969493865966796875" lon="30.3000108338892459869384765625">
        <ele>8.6000003814697265625</ele>
        <time>2026-06-30T14:42:41.000Z</time>
        <extensions>
          <ns3:TrackPointExtension>
            <ns3:atemp>26.0</ns3:atemp>
            <ns3:hr>144</ns3:hr>
          </ns3:TrackPointExtension>
        </extensions>
      </trkpt>
      <trkpt lat="59.9570530839264392852783203125" lon="30.3001094050705432891845703125">
        <ele>8.19999980926513671875</ele>
        <time>2026-06-30T14:42:44.000Z</time>
        <extensions>
          <ns3:TrackPointExtension>
            <ns3:atemp>26.0</ns3:atemp>
            <ns3:hr>143</ns3:hr>
          </ns3:TrackPointExtension>
        </extensions>
      </trkpt>
      <trkpt lat="59.95704025961458683013916015625" lon="30.3002656437456607818603515625">
        <ele>8.3999996185302734375</ele>
        <time>2026-06-30T14:42:46.000Z</time>
        <extensions>
          <ns3:TrackPointExtension>
            <ns3:atemp>26.0</ns3:atemp>
            <ns3:hr>142</ns3:hr>
          </ns3:TrackPointExtension>
        </extensions>
      </trkpt>
      <trkpt lat="59.957059286534786224365234375" lon="30.3007953800261020660400390625">
        <ele>8.6000003814697265625</ele>
        <time>2026-06-30T14:42:51.000Z</time>
        <extensions>
          <ns3:TrackPointExtension>
            <ns3:atemp>26.0</ns3:atemp>
            <ns3:hr>144</ns3:hr>
          </ns3:TrackPointExtension>
        </extensions>
      </trkpt>
      <trkpt lat="59.9571586959064006805419921875" lon="30.30104943551123142242431640625">
        <ele>8.6000003814697265625</ele>
        <time>2026-06-30T14:42:54.000Z</time>
        <extensions>
          <ns3:TrackPointExtension>
            <ns3:atemp>26.0</ns3:atemp>
            <ns3:hr>147</ns3:hr>
          </ns3:TrackPointExtension>
        </extensions>
      </trkpt>
      <trkpt lat="59.9573286809027194976806640625" lon="30.3013549558818340301513671875">
        <ele>8.6000003814697265625</ele>
        <time>2026-06-30T14:42:58.000Z</time>
        <extensions>
          <ns3:TrackPointExtension>
            <ns3:atemp>26.0</ns3:atemp>
            <ns3:hr>148</ns3:hr>
          </ns3:TrackPointExtension>
        </extensions>
      </trkpt>
      <trkpt lat="59.95765297673642635345458984375" lon="30.30194914899766445159912109375">
        <ele>9.3999996185302734375</ele>
        <time>2026-06-30T14:43:05.000Z</time>
        <extensions>
          <ns3:TrackPointExtension>
            <ns3:atemp>26.0</ns3:atemp>
            <ns3:hr>148</ns3:hr>
          </ns3:TrackPointExtension>
        </extensions>
      </trkpt>
      <trkpt lat="59.95788666419684886932373046875" lon="30.3023971617221832275390625">
        <ele>8</ele>
        <time>2026-06-30T14:43:11.000Z</time>
        <extensions>
          <ns3:TrackPointExtension>
            <ns3:atemp>26.0</ns3:atemp>
            <ns3:hr>147</ns3:hr>
          </ns3:TrackPointExtension>
        </extensions>
      </trkpt>
      <trkpt lat="59.95796285569667816162109375" lon="30.30254476703703403472900390625">
        <ele>7.80000019073486328125</ele>
        <time>2026-06-30T14:43:13.000Z</time>
        <extensions>
          <ns3:TrackPointExtension>
            <ns3:atemp>26.0</ns3:atemp>
            <ns3:hr>146</ns3:hr>
          </ns3:TrackPointExtension>
        </extensions>
      </trkpt>
      <trkpt lat="59.95814331807196140289306640625" lon="30.302839390933513641357421875">
        <ele>8.19999980926513671875</ele>
        <time>2026-06-30T14:43:17.000Z</time>
        <extensions>
          <ns3:TrackPointExtension>
            <ns3:atemp>26.0</ns3:atemp>
            <ns3:hr>145</ns3:hr>
          </ns3:TrackPointExtension>
        </extensions>
      </trkpt>
      <trkpt lat="59.95841472409665584564208984375" lon="30.30332311056554317474365234375">
        <ele>8.3999996185302734375</ele>
        <time>2026-06-30T14:43:23.000Z</time>
        <extensions>
          <ns3:TrackPointExtension>
            <ns3:atemp>26.0</ns3:atemp>
            <ns3:hr>146</ns3:hr>
          </ns3:TrackPointExtension>
        </extensions>
      </trkpt>
      <trkpt lat="59.95870641432702541351318359375" lon="30.303540118038654327392578125">
        <ele>8.80000019073486328125</ele>
        <time>2026-06-30T14:43:27.000Z</time>
        <extensions>
          <ns3:TrackPointExtension>
            <ns3:atemp>26.0</ns3:atemp>
            <ns3:hr>149</ns3:hr>
          </ns3:TrackPointExtension>
        </extensions>
      </trkpt>
      <trkpt lat="59.95882828719913959503173828125" lon="30.303774140775203704833984375">
        <ele>9.3999996185302734375</ele>
        <time>2026-06-30T14:43:30.000Z</time>
        <extensions>
          <ns3:TrackPointExtension>
            <ns3:atemp>26.0</ns3:atemp>
            <ns3:hr>150</ns3:hr>
          </ns3:TrackPointExtension>
        </extensions>
      </trkpt>
      <trkpt lat="59.95897094719111919403076171875" lon="30.304112099111080169677734375">
        <ele>9.19999980926513671875</ele>
        <time>2026-06-30T14:43:35.000Z</time>
        <extensions>
          <ns3:TrackPointExtension>
            <ns3:atemp>26.0</ns3:atemp>
            <ns3:hr>151</ns3:hr>
          </ns3:TrackPointExtension>
        </extensions>
      </trkpt>
      <trkpt lat="59.95903900824487209320068359375" lon="30.30423958785831928253173828125">
        <ele>9.19999980926513671875</ele>
        <time>2026-06-30T14:43:37.000Z</time>
        <extensions>
          <ns3:TrackPointExtension>
            <ns3:atemp>26.0</ns3:atemp>
            <ns3:hr>152</ns3:hr>
          </ns3:TrackPointExtension>
        </extensions>
      </trkpt>
      <trkpt lat="59.95914177037775516510009765625" lon="30.30432223342359066009521484375">
        <ele>9.19999980926513671875</ele>
        <time>2026-06-30T14:43:39.000Z</time>
        <extensions>
          <ns3:TrackPointExtension>
            <ns3:atemp>26.0</ns3:atemp>
            <ns3:hr>153</ns3:hr>
          </ns3:TrackPointExtension>
        </extensions>
      </trkpt>
      <trkpt lat="59.9592246674001216888427734375" lon="30.30447914265096187591552734375">
        <ele>9.3999996185302734375</ele>
        <time>2026-06-30T14:43:41.000Z</time>
        <extensions>
          <ns3:TrackPointExtension>
            <ns3:atemp>26.0</ns3:atemp>
            <ns3:hr>154</ns3:hr>
          </ns3:TrackPointExtension>
        </extensions>
      </trkpt>
      <trkpt lat="59.959328435361385345458984375" lon="30.30461694113910198211669921875">
        <ele>9.3999996185302734375</ele>
        <time>2026-06-30T14:43:43.000Z</time>
        <extensions>
          <ns3:TrackPointExtension>
            <ns3:atemp>26.0</ns3:atemp>
            <ns3:hr>155</ns3:hr>
          </ns3:TrackPointExtension>
        </extensions>
      </trkpt>
      <trkpt lat="59.9596162699162960052490234375" lon="30.305148102343082427978515625">
        <ele>9.6000003814697265625</ele>
        <time>2026-06-30T14:43:51.000Z</time>
        <extensions>
          <ns3:TrackPointExtension>
            <ns3:atemp>26.0</ns3:atemp>
            <ns3:hr>147</ns3:hr>
          </ns3:TrackPointExtension>
        </extensions>
      </trkpt>
      <trkpt lat="59.95964015834033489227294921875" lon="30.30522563494741916656494140625">
        <ele>9.80000019073486328125</ele>
        <time>2026-06-30T14:43:52.000Z</time>
        <extensions>
          <ns3:TrackPointExtension>
            <ns3:atemp>26.0</ns3:atemp>
            <ns3:hr>144</ns3:hr>
          </ns3:TrackPointExtension>
        </extensions>
      </trkpt>
      <trkpt lat="59.959744513034820556640625" lon="30.30542948283255100250244140625">
        <ele>9.80000019073486328125</ele>
        <time>2026-06-30T14:43:55.000Z</time>
        <extensions>
          <ns3:TrackPointExtension>
            <ns3:atemp>26.0</ns3:atemp>
            <ns3:hr>143</ns3:hr>
          </ns3:TrackPointExtension>
        </extensions>
      </trkpt>
      <trkpt lat="59.959842078387737274169921875" lon="30.305424369871616363525390625">
        <ele>9.80000019073486328125</ele>
        <time>2026-06-30T14:43:56.000Z</time>
        <extensions>
          <ns3:TrackPointExtension>
            <ns3:atemp>26.0</ns3:atemp>
            <ns3:hr>142</ns3:hr>
          </ns3:TrackPointExtension>
        </extensions>
      </trkpt>
      <trkpt lat="59.95999622158706188201904296875" lon="30.30553341843187808990478515625">
        <ele>9.6000003814697265625</ele>
        <time>2026-06-30T14:43:59.000Z</time>
        <extensions>
          <ns3:TrackPointExtension>
            <ns3:atemp>26.0</ns3:atemp>
            <ns3:hr>142</ns3:hr>
          </ns3:TrackPointExtension>
        </extensions>
      </trkpt>
      <trkpt lat="59.9601748399436473846435546875" lon="30.30564858578145503997802734375">
        <ele>9.3999996185302734375</ele>
        <time>2026-06-30T14:44:02.000Z</time>
        <extensions>
          <ns3:TrackPointExtension>
            <ns3:atemp>26.0</ns3:atemp>
            <ns3:hr>139</ns3:hr>
          </ns3:TrackPointExtension>
        </extensions>
      </trkpt>
      <trkpt lat="59.96026310138404369354248046875" lon="30.30578856356441974639892578125">
        <ele>9.3999996185302734375</ele>
        <time>2026-06-30T14:44:04.000Z</time>
        <extensions>
          <ns3:TrackPointExtension>
            <ns3:atemp>26.0</ns3:atemp>
            <ns3:hr>141</ns3:hr>
          </ns3:TrackPointExtension>
        </extensions>
      </trkpt>
      <trkpt lat="59.9604038335382938385009765625" lon="30.3061152063310146331787109375">
        <ele>9.6000003814697265625</ele>
        <time>2026-06-30T14:44:07.000Z</time>
        <extensions>
          <ns3:TrackPointExtension>
            <ns3:atemp>26.0</ns3:atemp>
            <ns3:hr>141</ns3:hr>
          </ns3:TrackPointExtension>
        </extensions>
      </trkpt>
      <trkpt lat="59.96050735004246234893798828125" lon="30.30628024600446224212646484375">
        <ele>9.6000003814697265625</ele>
        <time>2026-06-30T14:44:09.000Z</time>
        <extensions>
          <ns3:TrackPointExtension>
            <ns3:atemp>26.0</ns3:atemp>
            <ns3:hr>141</ns3:hr>
          </ns3:TrackPointExtension>
        </extensions>
      </trkpt>
      <trkpt lat="59.9606489203870296478271484375" lon="30.3065279312431812286376953125">
        <ele>9.6000003814697265625</ele>
        <time>2026-06-30T14:44:12.000Z</time>
        <extensions>
          <ns3:TrackPointExtension>
            <ns3:atemp>26.0</ns3:atemp>
            <ns3:hr>141</ns3:hr>
          </ns3:TrackPointExtension>
        </extensions>
      </trkpt>
      <trkpt lat="59.96091102249920368194580078125" lon="30.3070130757987499237060546875">
        <ele>9.3999996185302734375</ele>
        <time>2026-06-30T14:44:18.000Z</time>
        <extensions>
          <ns3:TrackPointExtension>
            <ns3:atemp>26.0</ns3:atemp>
            <ns3:hr>143</ns3:hr>
          </ns3:TrackPointExtension>
        </extensions>
      </trkpt>
      <trkpt lat="59.96089258231222629547119140625" lon="30.307150371372699737548828125">
        <ele>9.3999996185302734375</ele>
        <time>2026-06-30T14:44:19.000Z</time>
        <extensions>
          <ns3:TrackPointExtension>
            <ns3:atemp>26.0</ns3:atemp>
            <ns3:hr>143</ns3:hr>
          </ns3:TrackPointExtension>
        </extensions>
      </trkpt>
      <trkpt lat="59.96121528558433055877685546875" lon="30.3077238611876964569091796875">
        <ele>10.19999980926513671875</ele>
        <time>2026-06-30T14:44:26.000Z</time>
        <extensions>
          <ns3:TrackPointExtension>
            <ns3:atemp>26.0</ns3:atemp>
            <ns3:hr>143</ns3:hr>
          </ns3:TrackPointExtension>
        </extensions>
      </trkpt>
      <trkpt lat="59.96149591170251369476318359375" lon="30.30827991664409637451171875">
        <ele>9.6000003814697265625</ele>
        <time>2026-06-30T14:44:33.000Z</time>
        <extensions>
          <ns3:TrackPointExtension>
            <ns3:atemp>26.0</ns3:atemp>
            <ns3:hr>143</ns3:hr>
          </ns3:TrackPointExtension>
        </extensions>
      </trkpt>
      <trkpt lat="59.96153413318097591400146484375" lon="30.308353342115879058837890625">
        <ele>9.6000003814697265625</ele>
        <time>2026-06-30T14:44:34.000Z</time>
        <extensions>
          <ns3:TrackPointExtension>
            <ns3:atemp>26.0</ns3:atemp>
            <ns3:hr>142</ns3:hr>
          </ns3:TrackPointExtension>
        </extensions>
      </trkpt>
      <trkpt lat="59.96174736879765987396240234375" lon="30.30868048779666423797607421875">
        <ele>9.3999996185302734375</ele>
        <time>2026-06-30T14:44:39.000Z</time>
        <extensions>
          <ns3:TrackPointExtension>
            <ns3:atemp>26.0</ns3:atemp>
            <ns3:hr>140</ns3:hr>
          </ns3:TrackPointExtension>
        </extensions>
      </trkpt>
      <trkpt lat="59.96182397939264774322509765625" lon="30.3088398277759552001953125">
        <ele>9.80000019073486328125</ele>
        <time>2026-06-30T14:44:41.000Z</time>
        <extensions>
          <ns3:TrackPointExtension>
            <ns3:atemp>26.0</ns3:atemp>
            <ns3:hr>140</ns3:hr>
          </ns3:TrackPointExtension>
        </extensions>
      </trkpt>
      <trkpt lat="59.961948953568935394287109375" lon="30.30904107727110385894775390625">
        <ele>10.19999980926513671875</ele>
        <time>2026-06-30T14:44:44.000Z</time>
        <extensions>
          <ns3:TrackPointExtension>
            <ns3:atemp>26.0</ns3:atemp>
            <ns3:hr>139</ns3:hr>
          </ns3:TrackPointExtension>
        </extensions>
      </trkpt>
      <trkpt lat="59.96199949644505977630615234375" lon="30.309100337326526641845703125">
        <ele>10.19999980926513671875</ele>
        <time>2026-06-30T14:44:45.000Z</time>
        <extensions>
          <ns3:TrackPointExtension>
            <ns3:atemp>26.0</ns3:atemp>
            <ns3:hr>139</ns3:hr>
          </ns3:TrackPointExtension>
        </extensions>
      </trkpt>
      <trkpt lat="59.9622113071382045745849609375" lon="30.30945011414587497711181640625">
        <ele>10</ele>
        <time>2026-06-30T14:44:50.000Z</time>
        <extensions>
          <ns3:TrackPointExtension>
            <ns3:atemp>26.0</ns3:atemp>
            <ns3:hr>141</ns3:hr>
          </ns3:TrackPointExtension>
        </extensions>
      </trkpt>
      <trkpt lat="59.9623936973512172698974609375" lon="30.30982981435954570770263671875">
        <ele>9.80000019073486328125</ele>
        <time>2026-06-30T14:44:55.000Z</time>
        <extensions>
          <ns3:TrackPointExtension>
            <ns3:atemp>26.0</ns3:atemp>
            <ns3:hr>141</ns3:hr>
          </ns3:TrackPointExtension>
        </extensions>
      </trkpt>
      <trkpt lat="59.9625257961452007293701171875" lon="30.31003986485302448272705078125">
        <ele>9.6000003814697265625</ele>
        <time>2026-06-30T14:44:58.000Z</time>
        <extensions>
          <ns3:TrackPointExtension>
            <ns3:atemp>26.0</ns3:atemp>
            <ns3:hr>140</ns3:hr>
          </ns3:TrackPointExtension>
        </extensions>
      </trkpt>
      <trkpt lat="59.963010437786579132080078125" lon="30.3109827451407909393310546875">
        <ele>10</ele>
        <time>2026-06-30T14:45:11.000Z</time>
        <extensions>
          <ns3:TrackPointExtension>
            <ns3:atemp>26.0</ns3:atemp>
            <ns3:hr>138</ns3:hr>
          </ns3:TrackPointExtension>
        </extensions>
      </trkpt>
      <trkpt lat="59.96317665092647075653076171875" lon="30.31133553944528102874755859375">
        <ele>10.19999980926513671875</ele>
        <time>2026-06-30T14:45:17.000Z</time>
        <extensions>
          <ns3:TrackPointExtension>
            <ns3:atemp>26.0</ns3:atemp>
            <ns3:hr>135</ns3:hr>
          </ns3:TrackPointExtension>
        </extensions>
      </trkpt>
      <trkpt lat="59.96321118436753749847412109375" lon="30.31140645034611225128173828125">
        <ele>10</ele>
        <time>2026-06-30T14:45:18.000Z</time>
        <extensions>
          <ns3:TrackPointExtension>
            <ns3:atemp>26.0</ns3:atemp>
            <ns3:hr>138</ns3:hr>
          </ns3:TrackPointExtension>
        </extensions>
      </trkpt>
      <trkpt lat="59.9632758088409900665283203125" lon="30.31154374592006206512451171875">
        <ele>10</ele>
        <time>2026-06-30T14:45:20.000Z</time>
        <extensions>
          <ns3:TrackPointExtension>
            <ns3:atemp>26.0</ns3:atemp>
            <ns3:hr>141</ns3:hr>
          </ns3:TrackPointExtension>
        </extensions>
      </trkpt>
      <trkpt lat="59.9634246714413166046142578125" lon="30.31178288161754608154296875">
        <ele>10</ele>
        <time>2026-06-30T14:45:24.000Z</time>
        <extensions>
          <ns3:TrackPointExtension>
            <ns3:atemp>26.0</ns3:atemp>
            <ns3:hr>144</ns3:hr>
          </ns3:TrackPointExtension>
        </extensions>
      </trkpt>
      <trkpt lat="59.9635949917137622833251953125" lon="30.31207926571369171142578125">
        <ele>10</ele>
        <time>2026-06-30T14:45:29.000Z</time>
        <extensions>
          <ns3:TrackPointExtension>
            <ns3:atemp>26.0</ns3:atemp>
            <ns3:hr>145</ns3:hr>
          </ns3:TrackPointExtension>
        </extensions>
      </trkpt>
      <trkpt lat="59.9636295251548290252685546875" lon="30.3121414594352245330810546875">
        <ele>10</ele>
        <time>2026-06-30T14:45:30.000Z</time>
        <extensions>
          <ns3:TrackPointExtension>
            <ns3:atemp>26.0</ns3:atemp>
            <ns3:hr>145</ns3:hr>
          </ns3:TrackPointExtension>
        </extensions>
      </trkpt>
      <trkpt lat="59.96388559229671955108642578125" lon="30.3124764002859592437744140625">
        <ele>9.80000019073486328125</ele>
        <time>2026-06-30T14:45:36.000Z</time>
        <extensions>
          <ns3:TrackPointExtension>
            <ns3:atemp>26.0</ns3:atemp>
            <ns3:hr>142</ns3:hr>
          </ns3:TrackPointExtension>
        </extensions>
      </trkpt>
      <trkpt lat="59.964144341647624969482421875" lon="30.31269625760614871978759765625">
        <ele>10</ele>
        <time>2026-06-30T14:45:50.000Z</time>
        <extensions>
          <ns3:TrackPointExtension>
            <ns3:atemp>26.0</ns3:atemp>
            <ns3:hr>139</ns3:hr>
          </ns3:TrackPointExtension>
        </extensions>
      </trkpt>
      <trkpt lat="59.96419538743793964385986328125" lon="30.31269139610230922698974609375">
        <ele>10.19999980926513671875</ele>
        <time>2026-06-30T14:45:51.000Z</time>
        <extensions>
          <ns3:TrackPointExtension>
            <ns3:atemp>26.0</ns3:atemp>
            <ns3:hr>139</ns3:hr>
          </ns3:TrackPointExtension>
        </extensions>
      </trkpt>
      <trkpt lat="59.96412665583193302154541015625" lon="30.312706567347049713134765625">
        <ele>10.6000003814697265625</ele>
        <time>2026-06-30T14:45:55.000Z</time>
        <extensions>
          <ns3:TrackPointExtension>
            <ns3:atemp>26.0</ns3:atemp>
            <ns3:hr>139</ns3:hr>
          </ns3:TrackPointExtension>
        </extensions>
      </trkpt>
      <trkpt lat="59.964151717722415924072265625" lon="30.312719307839870452880859375">
        <ele>10.6000003814697265625</ele>
        <time>2026-06-30T14:45:58.000Z</time>
        <extensions>
          <ns3:TrackPointExtension>
            <ns3:atemp>26.0</ns3:atemp>
            <ns3:hr>137</ns3:hr>
          </ns3:TrackPointExtension>
        </extensions>
      </trkpt>
      <trkpt lat="59.964170157909393310546875" lon="30.3127102553844451904296875">
        <ele>10.3999996185302734375</ele>
        <time>2026-06-30T14:45:59.000Z</time>
        <extensions>
          <ns3:TrackPointExtension>
            <ns3:atemp>26.0</ns3:atemp>
            <ns3:hr>137</ns3:hr>
          </ns3:TrackPointExtension>
        </extensions>
      </trkpt>
      <trkpt lat="59.96414710767567157745361328125" lon="30.3126661665737628936767578125">
        <ele>10</ele>
        <time>2026-06-30T14:46:03.000Z</time>
        <extensions>
          <ns3:TrackPointExtension>
            <ns3:atemp>26.0</ns3:atemp>
            <ns3:hr>142</ns3:hr>
          </ns3:TrackPointExtension>
        </extensions>
      </trkpt>
      <trkpt lat="59.9641176871955394744873046875" lon="30.312685780227184295654296875">
        <ele>9.80000019073486328125</ele>
        <time>2026-06-30T14:46:05.000Z</time>
        <extensions>
          <ns3:TrackPointExtension>
            <ns3:atemp>26.0</ns3:atemp>
            <ns3:hr>141</ns3:hr>
          </ns3:TrackPointExtension>
        </extensions>
      </trkpt>
      <trkpt lat="59.96413998305797576904296875" lon="30.312778986990451812744140625">
        <ele>9.6000003814697265625</ele>
        <time>2026-06-30T14:46:09.000Z</time>
        <extensions>
          <ns3:TrackPointExtension>
            <ns3:atemp>26.0</ns3:atemp>
            <ns3:hr>140</ns3:hr>
          </ns3:TrackPointExtension>
        </extensions>
      </trkpt>
      <trkpt lat="59.9848659150302410125732421875" lon="30.3420041687786579132080078125">
        <ele>13.6000003814697265625</ele>
        <time>2026-06-30T14:55:59.000Z</time>
        <extensions>
          <ns3:TrackPointExtension>
            <ns3:atemp>27.0</ns3:atemp>
            <ns3:hr>143</ns3:hr>
          </ns3:TrackPointExtension>
        </extensions>
      </trkpt>
      <trkpt lat="59.98486164025962352752685546875" lon="30.3420886583626270294189453125">
        <ele>13.19999980926513671875</ele>
        <time>2026-06-30T14:56:05.000Z</time>
        <extensions>
          <ns3:TrackPointExtension>
            <ns3:atemp>27.0</ns3:atemp>
            <ns3:hr>145</ns3:hr>
          </ns3:TrackPointExtension>
        </extensions>
      </trkpt>
      <trkpt lat="59.9848836846649646759033203125" lon="30.341997630894184112548828125">
        <ele>12.6000003814697265625</ele>
        <time>2026-06-30T14:56:14.000Z</time>
        <extensions>
          <ns3:TrackPointExtension>
            <ns3:atemp>27.0</ns3:atemp>
            <ns3:hr>144</ns3:hr>
          </ns3:TrackPointExtension>
        </extensions>
      </trkpt>
      <trkpt lat="59.98491729609668254852294921875" lon="30.34198413603007793426513671875">
        <ele>12.19999980926513671875</ele>
        <time>2026-06-30T14:56:17.000Z</time>
        <extensions>
          <ns3:TrackPointExtension>
            <ns3:atemp>27.0</ns3:atemp>
            <ns3:hr>142</ns3:hr>
          </ns3:TrackPointExtension>
        </extensions>
      </trkpt>
      <trkpt lat="59.9849343113601207733154296875" lon="30.3420326672494411468505859375">
        <ele>12.19999980926513671875</ele>
        <time>2026-06-30T14:56:20.000Z</time>
        <extensions>
          <ns3:TrackPointExtension>
            <ns3:atemp>27.0</ns3:atemp>
            <ns3:hr>144</ns3:hr>
          </ns3:TrackPointExtension>
        </extensions>
      </trkpt>
      <trkpt lat="59.98506121337413787841796875" lon="30.34330445341765880584716796875">
        <ele>13.3999996185302734375</ele>
        <time>2026-06-30T14:56:35.000Z</time>
        <extensions>
          <ns3:TrackPointExtension>
            <ns3:atemp>27.0</ns3:atemp>
            <ns3:hr>146</ns3:hr>
          </ns3:TrackPointExtension>
        </extensions>
      </trkpt>
      <trkpt lat="59.9850747920572757720947265625" lon="30.3435690701007843017578125">
        <ele>13.3999996185302734375</ele>
        <time>2026-06-30T14:56:36.000Z</time>
        <extensions>
          <ns3:TrackPointExtension>
            <ns3:atemp>27.0</ns3:atemp>
            <ns3:hr>147</ns3:hr>
          </ns3:TrackPointExtension>
        </extensions>
      </trkpt>
      <trkpt lat="59.9851187132298946380615234375" lon="30.34416343085467815399169921875">
        <ele>12.6000003814697265625</ele>
        <time>2026-06-30T14:56:42.000Z</time>
        <extensions>
          <ns3:TrackPointExtension>
            <ns3:atemp>27.0</ns3:atemp>
            <ns3:hr>149</ns3:hr>
          </ns3:TrackPointExtension>
        </extensions>
      </trkpt>
      <trkpt lat="59.9852102436125278472900390625" lon="30.3450156189501285552978515625">
        <ele>12.80000019073486328125</ele>
        <time>2026-06-30T14:56:48.000Z</time>
        <extensions>
          <ns3:TrackPointExtension>
            <ns3:atemp>27.0</ns3:atemp>
            <ns3:hr>150</ns3:hr>
          </ns3:TrackPointExtension>
        </extensions>
      </trkpt>
      <trkpt lat="59.9852295219898223876953125" lon="30.3457401506602764129638671875">
        <ele>13.3999996185302734375</ele>
        <time>2026-06-30T14:56:53.000Z</time>
        <extensions>
          <ns3:TrackPointExtension>
            <ns3:atemp>27.0</ns3:atemp>
            <ns3:hr>153</ns3:hr>
          </ns3:TrackPointExtension>
        </extensions>
      </trkpt>
      <trkpt lat="59.9852618761360645294189453125" lon="30.34626946784555912017822265625">
        <ele>13.3999996185302734375</ele>
        <time>2026-06-30T14:56:57.000Z</time>
        <extensions>
          <ns3:TrackPointExtension>
            <ns3:atemp>27.0</ns3:atemp>
            <ns3:hr>154</ns3:hr>
          </ns3:TrackPointExtension>
        </extensions>
      </trkpt>
      <trkpt lat="59.9853233993053436279296875" lon="30.3470473922789096832275390625">
        <ele>14</ele>
        <time>2026-06-30T14:57:03.000Z</time>
        <extensions>
          <ns3:TrackPointExtension>
            <ns3:atemp>27.0</ns3:atemp>
            <ns3:hr>154</ns3:hr>
          </ns3:TrackPointExtension>
        </extensions>
      </trkpt>
      <trkpt lat="59.98533521778881549835205078125" lon="30.34716297872364521026611328125">
        <ele>14</ele>
        <time>2026-06-30T14:57:04.000Z</time>
        <extensions>
          <ns3:TrackPointExtension>
            <ns3:atemp>27.0</ns3:atemp>
            <ns3:hr>154</ns3:hr>
          </ns3:TrackPointExtension>
        </extensions>
      </trkpt>
      <trkpt lat="59.9854409135878086090087890625" lon="30.348056070506572723388671875">
        <ele>15</ele>
        <time>2026-06-30T14:57:11.000Z</time>
        <extensions>
          <ns3:TrackPointExtension>
            <ns3:atemp>27.0</ns3:atemp>
            <ns3:hr>154</ns3:hr>
          </ns3:TrackPointExtension>
        </extensions>
      </trkpt>
      <trkpt lat="59.98549682088196277618408203125" lon="30.3487479127943515777587890625">
        <ele>15.6000003814697265625</ele>
        <time>2026-06-30T14:57:17.000Z</time>
        <extensions>
          <ns3:TrackPointExtension>
            <ns3:atemp>27.0</ns3:atemp>
            <ns3:hr>151</ns3:hr>
          </ns3:TrackPointExtension>
        </extensions>
      </trkpt>
      <trkpt lat="59.98550377786159515380859375" lon="30.34888663329184055328369140625">
        <ele>15.6000003814697265625</ele>
        <time>2026-06-30T14:57:18.000Z</time>
        <extensions>
          <ns3:TrackPointExtension>
            <ns3:atemp>27.0</ns3:atemp>
            <ns3:hr>150</ns3:hr>
          </ns3:TrackPointExtension>
        </extensions>
      </trkpt>
      <trkpt lat="59.985597990453243255615234375" lon="30.3494908846914768218994140625">
        <ele>15.80000019073486328125</ele>
        <time>2026-06-30T14:57:24.000Z</time>
        <extensions>
          <ns3:TrackPointExtension>
            <ns3:atemp>27.0</ns3:atemp>
            <ns3:hr>148</ns3:hr>
          </ns3:TrackPointExtension>
        </extensions>
      </trkpt>
      <trkpt lat="59.98558734543621540069580078125" lon="30.34987293183803558349609375">
        <ele>16</ele>
        <time>2026-06-30T14:57:30.000Z</time>
        <extensions>
          <ns3:TrackPointExtension>
            <ns3:atemp>27.0</ns3:atemp>
            <ns3:hr>148</ns3:hr>
          </ns3:TrackPointExtension>
        </extensions>
      </trkpt>
      <trkpt lat="59.98555365018546581268310546875" lon="30.35037157125771045684814453125">
        <ele>15.80000019073486328125</ele>
        <time>2026-06-30T14:57:36.000Z</time>
        <extensions>
          <ns3:TrackPointExtension>
            <ns3:atemp>27.0</ns3:atemp>
            <ns3:hr>148</ns3:hr>
          </ns3:TrackPointExtension>
        </extensions>
      </trkpt>
      <trkpt lat="59.985580556094646453857421875" lon="30.3505704738199710845947265625">
        <ele>15.3999996185302734375</ele>
        <time>2026-06-30T14:57:38.000Z</time>
        <extensions>
          <ns3:TrackPointExtension>
            <ns3:atemp>27.0</ns3:atemp>
            <ns3:hr>148</ns3:hr>
          </ns3:TrackPointExtension>
        </extensions>
      </trkpt>
      <trkpt lat="59.98564048670232295989990234375" lon="30.3509161435067653656005859375">
        <ele>15</ele>
        <time>2026-06-30T14:57:41.000Z</time>
        <extensions>
          <ns3:TrackPointExtension>
            <ns3:atemp>27.0</ns3:atemp>
            <ns3:hr>147</ns3:hr>
          </ns3:TrackPointExtension>
        </extensions>
      </trkpt>
      <trkpt lat="59.98572933487594127655029296875" lon="30.3516497276723384857177734375">
        <ele>15.3999996185302734375</ele>
        <time>2026-06-30T14:57:47.000Z</time>
        <extensions>
          <ns3:TrackPointExtension>
            <ns3:atemp>27.0</ns3:atemp>
            <ns3:hr>146</ns3:hr>
          </ns3:TrackPointExtension>
        </extensions>
      </trkpt>
      <trkpt lat="59.98577979393303394317626953125" lon="30.3518736921250820159912109375">
        <ele>15.80000019073486328125</ele>
        <time>2026-06-30T14:57:50.000Z</time>
        <extensions>
          <ns3:TrackPointExtension>
            <ns3:atemp>27.0</ns3:atemp>
            <ns3:hr>147</ns3:hr>
          </ns3:TrackPointExtension>
        </extensions>
      </trkpt>
      <trkpt lat="59.985766969621181488037109375" lon="30.35191535018384456634521484375">
        <ele>16</ele>
        <time>2026-06-30T14:57:51.000Z</time>
        <extensions>
          <ns3:TrackPointExtension>
            <ns3:atemp>27.0</ns3:atemp>
            <ns3:hr>147</ns3:hr>
          </ns3:TrackPointExtension>
        </extensions>
      </trkpt>
      <trkpt lat="59.9857302568852901458740234375" lon="30.35192306153476238250732421875">
        <ele>16.200000762939453125</ele>
        <time>2026-06-30T14:57:54.000Z</time>
        <extensions>
          <ns3:TrackPointExtension>
            <ns3:atemp>27.0</ns3:atemp>
            <ns3:hr>148</ns3:hr>
          </ns3:TrackPointExtension>
        </extensions>
      </trkpt>
      <trkpt lat="59.98572061769664287567138671875" lon="30.3518435172736644744873046875">
        <ele>15.6000003814697265625</ele>
        <time>2026-06-30T14:57:59.000Z</time>
        <extensions>
          <ns3:TrackPointExtension>
            <ns3:atemp>27.0</ns3:atemp>
            <ns3:hr>150</ns3:hr>
          </ns3:TrackPointExtension>
        </extensions>
      </trkpt>
      <trkpt lat="59.9857540614902973175048828125" lon="30.35185432992875576019287109375">
        <ele>15.19999980926513671875</ele>
        <time>2026-06-30T14:58:03.000Z</time>
        <extensions>
          <ns3:TrackPointExtension>
            <ns3:atemp>27.0</ns3:atemp>
            <ns3:hr>150</ns3:hr>
          </ns3:TrackPointExtension>
        </extensions>
      </trkpt>
      <trkpt lat="59.98578633181750774383544921875" lon="30.3518797270953655242919921875">
        <ele>15</ele>
        <time>2026-06-30T14:58:05.000Z</time>
        <extensions>
          <ns3:TrackPointExtension>
            <ns3:atemp>27.0</ns3:atemp>
            <ns3:hr>150</ns3:hr>
          </ns3:TrackPointExtension>
        </extensions>
      </trkpt>
      <trkpt lat="59.98594894073903560638427734375" lon="30.35191099159419536590576171875">
        <ele>14</ele>
        <time>2026-06-30T14:58:10.000Z</time>
        <extensions>
          <ns3:TrackPointExtension>
            <ns3:atemp>27.0</ns3:atemp>
            <ns3:hr>150</ns3:hr>
          </ns3:TrackPointExtension>
        </extensions>
      </trkpt>
      <trkpt lat="59.98598045669496059417724609375" lon="30.3519025258719921112060546875">
        <ele>14</ele>
        <time>2026-06-30T14:58:11.000Z</time>
        <extensions>
          <ns3:TrackPointExtension>
            <ns3:atemp>27.0</ns3:atemp>
            <ns3:hr>147</ns3:hr>
          </ns3:TrackPointExtension>
        </extensions>
      </trkpt>
      <trkpt lat="59.9860004894435405731201171875" lon="30.35184108652174472808837890625">
        <ele>14.19999980926513671875</ele>
        <time>2026-06-30T14:58:15.000Z</time>
        <extensions>
          <ns3:TrackPointExtension>
            <ns3:atemp>27.0</ns3:atemp>
            <ns3:hr>145</ns3:hr>
          </ns3:TrackPointExtension>
        </extensions>
      </trkpt>
      <trkpt lat="59.98600828461349010467529296875" lon="30.352102853357791900634765625">
        <ele>14.6000003814697265625</ele>
        <time>2026-06-30T14:58:20.000Z</time>
        <extensions>
          <ns3:TrackPointExtension>
            <ns3:atemp>27.0</ns3:atemp>
            <ns3:hr>145</ns3:hr>
          </ns3:TrackPointExtension>
        </extensions>
      </trkpt>
      <trkpt lat="59.9862073548138141632080078125" lon="30.3525841422379016876220703125">
        <ele>14.19999980926513671875</ele>
        <time>2026-06-30T14:58:27.000Z</time>
        <extensions>
          <ns3:TrackPointExtension>
            <ns3:atemp>27.0</ns3:atemp>
            <ns3:hr>143</ns3:hr>
          </ns3:TrackPointExtension>
        </extensions>
      </trkpt>
      <trkpt lat="59.98621514998376369476318359375" lon="30.35290516912937164306640625">
        <ele>14.6000003814697265625</ele>
        <time>2026-06-30T14:58:31.000Z</time>
        <extensions>
          <ns3:TrackPointExtension>
            <ns3:atemp>27.0</ns3:atemp>
            <ns3:hr>144</ns3:hr>
          </ns3:TrackPointExtension>
        </extensions>
      </trkpt>
      <trkpt lat="59.9863193370401859283447265625" lon="30.353435240685939788818359375">
        <ele>15.19999980926513671875</ele>
        <time>2026-06-30T14:58:38.000Z</time>
        <extensions>
          <ns3:TrackPointExtension>
            <ns3:atemp>27.0</ns3:atemp>
            <ns3:hr>143</ns3:hr>
          </ns3:TrackPointExtension>
        </extensions>
      </trkpt>
      <trkpt lat="59.98665578663349151611328125" lon="30.353864729404449462890625">
        <ele>16.200000762939453125</ele>
        <time>2026-06-30T14:58:47.000Z</time>
        <extensions>
          <ns3:TrackPointExtension>
            <ns3:atemp>27.0</ns3:atemp>
            <ns3:hr>143</ns3:hr>
          </ns3:TrackPointExtension>
        </extensions>
      </trkpt>
      <trkpt lat="59.9866207502782344818115234375" lon="30.353902280330657958984375">
        <ele>16.3999996185302734375</ele>
        <time>2026-06-30T14:58:48.000Z</time>
        <extensions>
          <ns3:TrackPointExtension>
            <ns3:atemp>27.0</ns3:atemp>
            <ns3:hr>142</ns3:hr>
          </ns3:TrackPointExtension>
        </extensions>
      </trkpt>
      <trkpt lat="59.98664614744484424591064453125" lon="30.3539564274251461029052734375">
        <ele>17</ele>
        <time>2026-06-30T14:58:50.000Z</time>
        <extensions>
          <ns3:TrackPointExtension>
            <ns3:atemp>27.0</ns3:atemp>
            <ns3:hr>141</ns3:hr>
          </ns3:TrackPointExtension>
        </extensions>
      </trkpt>
      <trkpt lat="59.9866743944585323333740234375" lon="30.35402960143983364105224609375">
        <ele>17</ele>
        <time>2026-06-30T14:58:52.000Z</time>
        <extensions>
          <ns3:TrackPointExtension>
            <ns3:atemp>27.0</ns3:atemp>
            <ns3:hr>142</ns3:hr>
          </ns3:TrackPointExtension>
        </extensions>
      </trkpt>
      <trkpt lat="59.9867404438555240631103515625" lon="30.3543812222778797149658203125">
        <ele>16.3999996185302734375</ele>
        <time>2026-06-30T14:58:57.000Z</time>
        <extensions>
          <ns3:TrackPointExtension>
            <ns3:atemp>27.0</ns3:atemp>
            <ns3:hr>144</ns3:hr>
          </ns3:TrackPointExtension>
        </extensions>
      </trkpt>
      <trkpt lat="59.98677673749625682830810546875" lon="30.3546400554478168487548828125">
        <ele>17.3999996185302734375</ele>
        <time>2026-06-30T14:59:00.000Z</time>
        <extensions>
          <ns3:TrackPointExtension>
            <ns3:atemp>27.0</ns3:atemp>
            <ns3:hr>143</ns3:hr>
          </ns3:TrackPointExtension>
        </extensions>
      </trkpt>
      <trkpt lat="59.98679065145552158355712890625" lon="30.355033166706562042236328125">
        <ele>18</ele>
        <time>2026-06-30T14:59:04.000Z</time>
        <extensions>
          <ns3:TrackPointExtension>
            <ns3:atemp>26.0</ns3:atemp>
            <ns3:hr>149</ns3:hr>
          </ns3:TrackPointExtension>
        </extensions>
      </trkpt>
      <trkpt lat="59.98678646050393581390380859375" lon="30.3551292233169078826904296875">
        <ele>18.3999996185302734375</ele>
        <time>2026-06-30T14:59:05.000Z</time>
        <extensions>
          <ns3:TrackPointExtension>
            <ns3:atemp>26.0</ns3:atemp>
            <ns3:hr>151</ns3:hr>
          </ns3:TrackPointExtension>
        </extensions>
      </trkpt>
      <trkpt lat="59.98677246272563934326171875" lon="30.35523642785847187042236328125">
        <ele>18.6000003814697265625</ele>
        <time>2026-06-30T14:59:06.000Z</time>
        <extensions>
          <ns3:TrackPointExtension>
            <ns3:atemp>26.0</ns3:atemp>
            <ns3:hr>153</ns3:hr>
          </ns3:TrackPointExtension>
        </extensions>
      </trkpt>
      <trkpt lat="59.98677757568657398223876953125" lon="30.3554105199873447418212890625">
        <ele>19.200000762939453125</ele>
        <time>2026-06-30T14:59:08.000Z</time>
        <extensions>
          <ns3:TrackPointExtension>
            <ns3:atemp>26.0</ns3:atemp>
            <ns3:hr>156</ns3:hr>
          </ns3:TrackPointExtension>
        </extensions>
      </trkpt>
      <trkpt lat="59.98658278025686740875244140625" lon="30.35584311001002788543701171875">
        <ele>19.6000003814697265625</ele>
        <time>2026-06-30T14:59:11.000Z</time>
        <extensions>
          <ns3:TrackPointExtension>
            <ns3:atemp>26.0</ns3:atemp>
            <ns3:hr>157</ns3:hr>
          </ns3:TrackPointExtension>
        </extensions>
      </trkpt>
      <trkpt lat="59.98656651936471462249755859375" lon="30.35603522323071956634521484375">
        <ele>19.6000003814697265625</ele>
        <time>2026-06-30T14:59:13.000Z</time>
        <extensions>
          <ns3:TrackPointExtension>
            <ns3:atemp>26.0</ns3:atemp>
            <ns3:hr>158</ns3:hr>
          </ns3:TrackPointExtension>
        </extensions>
      </trkpt>
      <trkpt lat="59.98660725541412830352783203125" lon="30.35627511329948902130126953125">
        <ele>19.799999237060546875</ele>
        <time>2026-06-30T14:59:16.000Z</time>
        <extensions>
          <ns3:TrackPointExtension>
            <ns3:atemp>26.0</ns3:atemp>
            <ns3:hr>158</ns3:hr>
          </ns3:TrackPointExtension>
        </extensions>
      </trkpt>
      <trkpt lat="59.98673784546554088592529296875" lon="30.35673192702233791351318359375">
        <ele>20.3999996185302734375</ele>
        <time>2026-06-30T14:59:22.000Z</time>
        <extensions>
          <ns3:TrackPointExtension>
            <ns3:atemp>26.0</ns3:atemp>
            <ns3:hr>159</ns3:hr>
          </ns3:TrackPointExtension>
        </extensions>
      </trkpt>
      <trkpt lat="59.986769445240497589111328125" lon="30.35681926645338535308837890625">
        <ele>20.6000003814697265625</ele>
        <time>2026-06-30T14:59:24.000Z</time>
        <extensions>
          <ns3:TrackPointExtension>
            <ns3:atemp>26.0</ns3:atemp>
            <ns3:hr>159</ns3:hr>
          </ns3:TrackPointExtension>
        </extensions>
      </trkpt>
      <trkpt lat="59.9867816828191280364990234375" lon="30.356867127120494842529296875">
        <ele>21</ele>
        <time>2026-06-30T14:59:26.000Z</time>
        <extensions>
          <ns3:TrackPointExtension>
            <ns3:atemp>26.0</ns3:atemp>
            <ns3:hr>159</ns3:hr>
          </ns3:TrackPointExtension>
        </extensions>
      </trkpt>
      <trkpt lat="59.98676634393632411956787109375" lon="30.35699293948709964752197265625">
        <ele>21.6000003814697265625</ele>
        <time>2026-06-30T14:59:32.000Z</time>
        <extensions>
          <ns3:TrackPointExtension>
            <ns3:atemp>26.0</ns3:atemp>
            <ns3:hr>159</ns3:hr>
          </ns3:TrackPointExtension>
        </extensions>
      </trkpt>
      <trkpt lat="59.98676818795502185821533203125" lon="30.35697198472917079925537109375">
        <ele>21.6000003814697265625</ele>
        <time>2026-06-30T14:59:39.000Z</time>
        <extensions>
          <ns3:TrackPointExtension>
            <ns3:atemp>26.0</ns3:atemp>
            <ns3:hr>156</ns3:hr>
          </ns3:TrackPointExtension>
        </extensions>
      </trkpt>
      <trkpt lat="59.98675905168056488037109375" lon="30.35696242935955524444580078125">
        <ele>21.6000003814697265625</ele>
        <time>2026-06-30T14:59:41.000Z</time>
        <extensions>
          <ns3:TrackPointExtension>
            <ns3:atemp>26.0</ns3:atemp>
            <ns3:hr>156</ns3:hr>
          </ns3:TrackPointExtension>
        </extensions>
      </trkpt>
      <trkpt lat="59.98676349408924579620361328125" lon="30.35697785206139087677001953125">
        <ele>21</ele>
        <time>2026-06-30T14:59:48.000Z</time>
        <extensions>
          <ns3:TrackPointExtension>
            <ns3:atemp>26.0</ns3:atemp>
            <ns3:hr>156</ns3:hr>
          </ns3:TrackPointExtension>
        </extensions>
      </trkpt>
      <trkpt lat="59.98675444163382053375244140625" lon="30.35701205022633075714111328125">
        <ele>20.6000003814697265625</ele>
        <time>2026-06-30T14:59:52.000Z</time>
        <extensions>
          <ns3:TrackPointExtension>
            <ns3:atemp>27.0</ns3:atemp>
            <ns3:hr>153</ns3:hr>
          </ns3:TrackPointExtension>
        </extensions>
      </trkpt>
      <trkpt lat="59.98675293289124965667724609375" lon="30.35700048319995403289794921875">
        <ele>20.200000762939453125</ele>
        <time>2026-06-30T14:59:57.000Z</time>
        <extensions>
          <ns3:TrackPointExtension>
            <ns3:atemp>27.0</ns3:atemp>
            <ns3:hr>153</ns3:hr>
          </ns3:TrackPointExtension>
        </extensions>
      </trkpt>
      <trkpt lat="59.986767433583736419677734375" lon="30.356950275599956512451171875">
        <ele>20</ele>
        <time>2026-06-30T15:00:03.000Z</time>
        <extensions>
          <ns3:TrackPointExtension>
            <ns3:atemp>27.0</ns3:atemp>
            <ns3:hr>153</ns3:hr>
          </ns3:TrackPointExtension>
        </extensions>
      </trkpt>
      <trkpt lat="59.9867602251470088958740234375" lon="30.35696729086339473724365234375">
        <ele>20</ele>
        <time>2026-06-30T15:00:07.000Z</time>
        <extensions>
          <ns3:TrackPointExtension>
            <ns3:atemp>27.0</ns3:atemp>
            <ns3:hr>150</ns3:hr>
          </ns3:TrackPointExtension>
        </extensions>
      </trkpt>
      <trkpt lat="59.98676466755568981170654296875" lon="30.35698958672583103179931640625">
        <ele>19.6000003814697265625</ele>
        <time>2026-06-30T15:00:11.000Z</time>
        <extensions>
          <ns3:TrackPointExtension>
            <ns3:atemp>27.0</ns3:atemp>
            <ns3:hr>151</ns3:hr>
          </ns3:TrackPointExtension>
        </extensions>
      </trkpt>
      <trkpt lat="59.9868085049092769622802734375" lon="30.35691096447408199310302734375">
        <ele>19.200000762939453125</ele>
        <time>2026-06-30T15:00:19.000Z</time>
        <extensions>
          <ns3:TrackPointExtension>
            <ns3:atemp>27.0</ns3:atemp>
            <ns3:hr>150</ns3:hr>
          </ns3:TrackPointExtension>
        </extensions>
      </trkpt>
      <trkpt lat="59.986856617033481597900390625" lon="30.3568579070270061492919921875">
        <ele>19.3999996185302734375</ele>
        <time>2026-06-30T15:00:26.000Z</time>
        <extensions>
          <ns3:TrackPointExtension>
            <ns3:atemp>27.0</ns3:atemp>
            <ns3:hr>150</ns3:hr>
          </ns3:TrackPointExtension>
        </extensions>
      </trkpt>
      <trkpt lat="59.9868624843657016754150390625" lon="30.3568575717508792877197265625">
        <ele>19.200000762939453125</ele>
        <time>2026-06-30T15:00:29.000Z</time>
        <extensions>
          <ns3:TrackPointExtension>
            <ns3:atemp>27.0</ns3:atemp>
            <ns3:hr>147</ns3:hr>
          </ns3:TrackPointExtension>
        </extensions>
      </trkpt>
      <trkpt lat="59.98688855208456516265869140625" lon="30.3568827174603939056396484375">
        <ele>19</ele>
        <time>2026-06-30T15:00:33.000Z</time>
        <extensions>
          <ns3:TrackPointExtension>
            <ns3:atemp>27.0</ns3:atemp>
            <ns3:hr>147</ns3:hr>
          </ns3:TrackPointExtension>
        </extensions>
      </trkpt>
      <trkpt lat="59.986898861825466156005859375" lon="30.35688447766005992889404296875">
        <ele>19</ele>
        <time>2026-06-30T15:00:34.000Z</time>
        <extensions>
          <ns3:TrackPointExtension>
            <ns3:atemp>27.0</ns3:atemp>
            <ns3:hr>147</ns3:hr>
          </ns3:TrackPointExtension>
        </extensions>
      </trkpt>
      <trkpt lat="59.98693205416202545166015625" lon="30.356914065778255462646484375">
        <ele>19.200000762939453125</ele>
        <time>2026-06-30T15:00:37.000Z</time>
        <extensions>
          <ns3:TrackPointExtension>
            <ns3:atemp>27.0</ns3:atemp>
            <ns3:hr>144</ns3:hr>
          </ns3:TrackPointExtension>
        </extensions>
      </trkpt>
      <trkpt lat="59.9869801662862300872802734375" lon="30.3569910116493701934814453125">
        <ele>20</ele>
        <time>2026-06-30T15:00:43.000Z</time>
        <extensions>
          <ns3:TrackPointExtension>
            <ns3:atemp>27.0</ns3:atemp>
            <ns3:hr>141</ns3:hr>
          </ns3:TrackPointExtension>
        </extensions>
      </trkpt>
      <trkpt lat="59.986977316439151763916015625" lon="30.3570203483104705810546875">
        <ele>20</ele>
        <time>2026-06-30T15:00:46.000Z</time>
        <extensions>
          <ns3:TrackPointExtension>
            <ns3:atemp>27.0</ns3:atemp>
            <ns3:hr>140</ns3:hr>
          </ns3:TrackPointExtension>
        </extensions>
      </trkpt>
      <trkpt lat="59.98696080408990383148193359375" lon="30.35711355507373809814453125">
        <ele>19.799999237060546875</ele>
        <time>2026-06-30T15:00:48.000Z</time>
        <extensions>
          <ns3:TrackPointExtension>
            <ns3:atemp>27.0</ns3:atemp>
            <ns3:hr>142</ns3:hr>
          </ns3:TrackPointExtension>
        </extensions>
      </trkpt>
      <trkpt lat="59.98696164228022098541259765625" lon="30.35736995749175548553466796875">
        <ele>19.200000762939453125</ele>
        <time>2026-06-30T15:00:51.000Z</time>
        <extensions>
          <ns3:TrackPointExtension>
            <ns3:atemp>27.0</ns3:atemp>
            <ns3:hr>145</ns3:hr>
          </ns3:TrackPointExtension>
        </extensions>
      </trkpt>
      <trkpt lat="59.98696700669825077056884765625" lon="30.3574885614216327667236328125">
        <ele>18.799999237060546875</ele>
        <time>2026-06-30T15:00:52.000Z</time>
        <extensions>
          <ns3:TrackPointExtension>
            <ns3:atemp>27.0</ns3:atemp>
            <ns3:hr>146</ns3:hr>
          </ns3:TrackPointExtension>
        </extensions>
      </trkpt>
      <trkpt lat="59.986990727484226226806640625" lon="30.35791511647403240203857421875">
        <ele>18.6000003814697265625</ele>
        <time>2026-06-30T15:00:55.000Z</time>
        <extensions>
          <ns3:TrackPointExtension>
            <ns3:atemp>27.0</ns3:atemp>
            <ns3:hr>146</ns3:hr>
          </ns3:TrackPointExtension>
        </extensions>
      </trkpt>
      <trkpt lat="59.986983351409435272216796875" lon="30.3580441139638423919677734375">
        <ele>19</ele>
        <time>2026-06-30T15:00:56.000Z</time>
        <extensions>
          <ns3:TrackPointExtension>
            <ns3:atemp>27.0</ns3:atemp>
            <ns3:hr>147</ns3:hr>
          </ns3:TrackPointExtension>
        </extensions>
      </trkpt>
      <trkpt lat="59.98693767003715038299560546875" lon="30.35811695270240306854248046875">
        <ele>19.3999996185302734375</ele>
        <time>2026-06-30T15:00:57.000Z</time>
        <extensions>
          <ns3:TrackPointExtension>
            <ns3:atemp>27.0</ns3:atemp>
            <ns3:hr>147</ns3:hr>
          </ns3:TrackPointExtension>
        </extensions>
      </trkpt>
      <trkpt lat="59.9869171343743801116943359375" lon="30.358208902180194854736328125">
        <ele>19.799999237060546875</ele>
        <time>2026-06-30T15:00:58.000Z</time>
        <extensions>
          <ns3:TrackPointExtension>
            <ns3:atemp>27.0</ns3:atemp>
            <ns3:hr>146</ns3:hr>
          </ns3:TrackPointExtension>
        </extensions>
      </trkpt>
      <trkpt lat="59.98686307109892368316650390625" lon="30.35855348221957683563232421875">
        <ele>21</ele>
        <time>2026-06-30T15:01:02.000Z</time>
        <extensions>
          <ns3:TrackPointExtension>
            <ns3:atemp>27.0</ns3:atemp>
            <ns3:hr>146</ns3:hr>
          </ns3:TrackPointExtension>
        </extensions>
      </trkpt>
      <trkpt lat="59.9868279509246349334716796875" lon="30.35922135226428508758544921875">
        <ele>21.3999996185302734375</ele>
        <time>2026-06-30T15:01:09.000Z</time>
        <extensions>
          <ns3:TrackPointExtension>
            <ns3:atemp>27.0</ns3:atemp>
            <ns3:hr>146</ns3:hr>
          </ns3:TrackPointExtension>
        </extensions>
      </trkpt>
      <trkpt lat="59.9867994524538516998291015625" lon="30.3594220988452434539794921875">
        <ele>21.3999996185302734375</ele>
        <time>2026-06-30T15:01:12.000Z</time>
        <extensions>
          <ns3:TrackPointExtension>
            <ns3:atemp>27.0</ns3:atemp>
            <ns3:hr>147</ns3:hr>
          </ns3:TrackPointExtension>
        </extensions>
      </trkpt>
      <trkpt lat="59.9867816828191280364990234375" lon="30.35949879325926303863525390625">
        <ele>21.6000003814697265625</ele>
        <time>2026-06-30T15:01:14.000Z</time>
        <extensions>
          <ns3:TrackPointExtension>
            <ns3:atemp>27.0</ns3:atemp>
            <ns3:hr>147</ns3:hr>
          </ns3:TrackPointExtension>
        </extensions>
      </trkpt>
      <trkpt lat="59.98675527982413768768310546875" lon="30.35958847962319850921630859375">
        <ele>21.799999237060546875</ele>
        <time>2026-06-30T15:01:19.000Z</time>
        <extensions>
          <ns3:TrackPointExtension>
            <ns3:atemp>27.0</ns3:atemp>
            <ns3:hr>147</ns3:hr>
          </ns3:TrackPointExtension>
        </extensions>
      </trkpt>
      <trkpt lat="59.986718483269214630126953125" lon="30.359824262559413909912109375">
        <ele>21.799999237060546875</ele>
        <time>2026-06-30T15:01:23.000Z</time>
        <extensions>
          <ns3:TrackPointExtension>
            <ns3:atemp>27.0</ns3:atemp>
            <ns3:hr>145</ns3:hr>
          </ns3:TrackPointExtension>
        </extensions>
      </trkpt>
      <trkpt lat="59.9866961874067783355712890625" lon="30.3599830158054828643798828125">
        <ele>22</ele>
        <time>2026-06-30T15:01:25.000Z</time>
        <extensions>
          <ns3:TrackPointExtension>
            <ns3:atemp>27.0</ns3:atemp>
            <ns3:hr>145</ns3:hr>
          </ns3:TrackPointExtension>
        </extensions>
      </trkpt>
      <trkpt lat="59.98657666146755218505859375" lon="30.36032692529261112213134765625">
        <ele>22.200000762939453125</ele>
        <time>2026-06-30T15:01:28.000Z</time>
        <extensions>
          <ns3:TrackPointExtension>
            <ns3:atemp>27.0</ns3:atemp>
            <ns3:hr>144</ns3:hr>
          </ns3:TrackPointExtension>
        </extensions>
      </trkpt>
      <trkpt lat="59.98651203699409961700439453125" lon="30.360636971890926361083984375">
        <ele>22.200000762939453125</ele>
        <time>2026-06-30T15:01:33.000Z</time>
        <extensions>
          <ns3:TrackPointExtension>
            <ns3:atemp>27.0</ns3:atemp>
            <ns3:hr>144</ns3:hr>
          </ns3:TrackPointExtension>
        </extensions>
      </trkpt>
      <trkpt lat="59.98648806475102901458740234375" lon="30.36089907400310039520263671875">
        <ele>22.3999996185302734375</ele>
        <time>2026-06-30T15:01:40.000Z</time>
        <extensions>
          <ns3:TrackPointExtension>
            <ns3:atemp>27.0</ns3:atemp>
            <ns3:hr>146</ns3:hr>
          </ns3:TrackPointExtension>
        </extensions>
      </trkpt>
      <trkpt lat="59.986464679241180419921875" lon="30.36131548695266246795654296875">
        <ele>22.3999996185302734375</ele>
        <time>2026-06-30T15:01:46.000Z</time>
        <extensions>
          <ns3:TrackPointExtension>
            <ns3:atemp>27.0</ns3:atemp>
            <ns3:hr>145</ns3:hr>
          </ns3:TrackPointExtension>
        </extensions>
      </trkpt>
      <trkpt lat="59.9864132143557071685791015625" lon="30.36164640448987483978271484375">
        <ele>22.6000003814697265625</ele>
        <time>2026-06-30T15:01:50.000Z</time>
        <extensions>
          <ns3:TrackPointExtension>
            <ns3:atemp>27.0</ns3:atemp>
            <ns3:hr>146</ns3:hr>
          </ns3:TrackPointExtension>
        </extensions>
      </trkpt>
      <trkpt lat="59.98638077639043331146240234375" lon="30.3618893958628177642822265625">
        <ele>22.6000003814697265625</ele>
        <time>2026-06-30T15:01:53.000Z</time>
        <extensions>
          <ns3:TrackPointExtension>
            <ns3:atemp>27.0</ns3:atemp>
            <ns3:hr>149</ns3:hr>
          </ns3:TrackPointExtension>
        </extensions>
      </trkpt>
      <trkpt lat="59.986362420022487640380859375" lon="30.3620520047843456268310546875">
        <ele>22.6000003814697265625</ele>
        <time>2026-06-30T15:01:55.000Z</time>
        <extensions>
          <ns3:TrackPointExtension>
            <ns3:atemp>27.0</ns3:atemp>
            <ns3:hr>149</ns3:hr>
          </ns3:TrackPointExtension>
        </extensions>
      </trkpt>
      <trkpt lat="59.98632428236305713653564453125" lon="30.3623856045305728912353515625">
        <ele>22.3999996185302734375</ele>
        <time>2026-06-30T15:02:01.000Z</time>
        <extensions>
          <ns3:TrackPointExtension>
            <ns3:atemp>27.0</ns3:atemp>
            <ns3:hr>146</ns3:hr>
          </ns3:TrackPointExtension>
        </extensions>
      </trkpt>
      <trkpt lat="59.98629997484385967254638671875" lon="30.36248266696929931640625">
        <ele>22.3999996185302734375</ele>
        <time>2026-06-30T15:02:03.000Z</time>
        <extensions>
          <ns3:TrackPointExtension>
            <ns3:atemp>27.0</ns3:atemp>
            <ns3:hr>149</ns3:hr>
          </ns3:TrackPointExtension>
        </extensions>
      </trkpt>
      <trkpt lat="59.98627985827624797821044921875" lon="30.3626112453639507293701171875">
        <ele>22.799999237060546875</ele>
        <time>2026-06-30T15:02:06.000Z</time>
        <extensions>
          <ns3:TrackPointExtension>
            <ns3:atemp>27.0</ns3:atemp>
            <ns3:hr>151</ns3:hr>
          </ns3:TrackPointExtension>
        </extensions>
      </trkpt>
      <trkpt lat="59.986233003437519073486328125" lon="30.3628164343535900115966796875">
        <ele>22.799999237060546875</ele>
        <time>2026-06-30T15:02:09.000Z</time>
        <extensions>
          <ns3:TrackPointExtension>
            <ns3:atemp>27.0</ns3:atemp>
            <ns3:hr>155</ns3:hr>
          </ns3:TrackPointExtension>
        </extensions>
      </trkpt>
      <trkpt lat="59.986179359257221221923828125" lon="30.36300444044172763824462890625">
        <ele>23</ele>
        <time>2026-06-30T15:02:11.000Z</time>
        <extensions>
          <ns3:TrackPointExtension>
            <ns3:atemp>27.0</ns3:atemp>
            <ns3:hr>156</ns3:hr>
          </ns3:TrackPointExtension>
        </extensions>
      </trkpt>
      <trkpt lat="59.9861486814916133880615234375" lon="30.36309580318629741668701171875">
        <ele>23</ele>
        <time>2026-06-30T15:02:12.000Z</time>
        <extensions>
          <ns3:TrackPointExtension>
            <ns3:atemp>27.0</ns3:atemp>
            <ns3:hr>156</ns3:hr>
          </ns3:TrackPointExtension>
        </extensions>
      </trkpt>
      <trkpt lat="59.98599805869162082672119140625" lon="30.3635597415268421173095703125">
        <ele>23.200000762939453125</ele>
        <time>2026-06-30T15:02:17.000Z</time>
        <extensions>
          <ns3:TrackPointExtension>
            <ns3:atemp>27.0</ns3:atemp>
            <ns3:hr>153</ns3:hr>
          </ns3:TrackPointExtension>
        </extensions>
      </trkpt>
      <trkpt lat="59.98590066097676753997802734375" lon="30.3638376854360103607177734375">
        <ele>23.200000762939453125</ele>
        <time>2026-06-30T15:02:20.000Z</time>
        <extensions>
          <ns3:TrackPointExtension>
            <ns3:atemp>27.0</ns3:atemp>
            <ns3:hr>155</ns3:hr>
          </ns3:TrackPointExtension>
        </extensions>
      </trkpt>
      <trkpt lat="59.98582438565790653228759765625" lon="30.3640881367027759552001953125">
        <ele>23.200000762939453125</ele>
        <time>2026-06-30T15:02:23.000Z</time>
        <extensions>
          <ns3:TrackPointExtension>
            <ns3:atemp>27.0</ns3:atemp>
            <ns3:hr>153</ns3:hr>
          </ns3:TrackPointExtension>
        </extensions>
      </trkpt>
      <trkpt lat="59.9858129024505615234375" lon="30.36427362821996212005615234375">
        <ele>23.3999996185302734375</ele>
        <time>2026-06-30T15:02:25.000Z</time>
        <extensions>
          <ns3:TrackPointExtension>
            <ns3:atemp>27.0</ns3:atemp>
            <ns3:hr>152</ns3:hr>
          </ns3:TrackPointExtension>
        </extensions>
      </trkpt>
      <trkpt lat="59.9858184345066547393798828125" lon="30.36436733789741992950439453125">
        <ele>23.6000003814697265625</ele>
        <time>2026-06-30T15:02:26.000Z</time>
        <extensions>
          <ns3:TrackPointExtension>
            <ns3:atemp>27.0</ns3:atemp>
            <ns3:hr>152</ns3:hr>
          </ns3:TrackPointExtension>
        </extensions>
      </trkpt>
      <trkpt lat="59.98587735928595066070556640625" lon="30.3646232374012470245361328125">
        <ele>24</ele>
        <time>2026-06-30T15:02:30.000Z</time>
        <extensions>
          <ns3:TrackPointExtension>
            <ns3:atemp>27.0</ns3:atemp>
            <ns3:hr>152</ns3:hr>
          </ns3:TrackPointExtension>
        </extensions>
      </trkpt>
      <trkpt lat="59.9860145710408687591552734375" lon="30.36484577693045139312744140625">
        <ele>23.6000003814697265625</ele>
        <time>2026-06-30T15:02:35.000Z</time>
        <extensions>
          <ns3:TrackPointExtension>
            <ns3:atemp>27.0</ns3:atemp>
            <ns3:hr>150</ns3:hr>
          </ns3:TrackPointExtension>
        </extensions>
      </trkpt>
      <trkpt lat="59.9862442351877689361572265625" lon="30.3650497086346149444580078125">
        <ele>23.6000003814697265625</ele>
        <time>2026-06-30T15:02:43.000Z</time>
        <extensions>
          <ns3:TrackPointExtension>
            <ns3:atemp>27.0</ns3:atemp>
            <ns3:hr>150</ns3:hr>
          </ns3:TrackPointExtension>
        </extensions>
      </trkpt>
      <trkpt lat="59.986464679241180419921875" lon="30.36523000337183475494384765625">
        <ele>23.6000003814697265625</ele>
        <time>2026-06-30T15:02:49.000Z</time>
        <extensions>
          <ns3:TrackPointExtension>
            <ns3:atemp>27.0</ns3:atemp>
            <ns3:hr>147</ns3:hr>
          </ns3:TrackPointExtension>
        </extensions>
      </trkpt>
      <trkpt lat="59.98654120601713657379150390625" lon="30.3652864135801792144775390625">
        <ele>23.3999996185302734375</ele>
        <time>2026-06-30T15:02:51.000Z</time>
        <extensions>
          <ns3:TrackPointExtension>
            <ns3:atemp>27.0</ns3:atemp>
            <ns3:hr>147</ns3:hr>
          </ns3:TrackPointExtension>
        </extensions>
      </trkpt>
      <trkpt lat="59.98664732091128826141357421875" lon="30.365360677242279052734375">
        <ele>24.3999996185302734375</ele>
        <time>2026-06-30T15:02:54.000Z</time>
        <extensions>
          <ns3:TrackPointExtension>
            <ns3:atemp>27.0</ns3:atemp>
            <ns3:hr>148</ns3:hr>
          </ns3:TrackPointExtension>
        </extensions>
      </trkpt>
      <trkpt lat="59.98679668642580509185791015625" lon="30.36545597948133945465087890625">
        <ele>24.799999237060546875</ele>
        <time>2026-06-30T15:02:59.000Z</time>
        <extensions>
          <ns3:TrackPointExtension>
            <ns3:atemp>27.0</ns3:atemp>
            <ns3:hr>146</ns3:hr>
          </ns3:TrackPointExtension>
        </extensions>
      </trkpt>
      <trkpt lat="59.9868661724030971527099609375" lon="30.3656060993671417236328125">
        <ele>24.799999237060546875</ele>
        <time>2026-06-30T15:03:03.000Z</time>
        <extensions>
          <ns3:TrackPointExtension>
            <ns3:atemp>27.0</ns3:atemp>
            <ns3:hr>145</ns3:hr>
          </ns3:TrackPointExtension>
        </extensions>
      </trkpt>
      <trkpt lat="59.98687581159174442291259765625" lon="30.3656572289764881134033203125">
        <ele>24.799999237060546875</ele>
        <time>2026-06-30T15:03:04.000Z</time>
        <extensions>
          <ns3:TrackPointExtension>
            <ns3:atemp>27.0</ns3:atemp>
            <ns3:hr>146</ns3:hr>
          </ns3:TrackPointExtension>
        </extensions>
      </trkpt>
      <trkpt lat="59.9868869595229625701904296875" lon="30.36571129225194454193115234375">
        <ele>24.799999237060546875</ele>
        <time>2026-06-30T15:03:05.000Z</time>
        <extensions>
          <ns3:TrackPointExtension>
            <ns3:atemp>28.0</ns3:atemp>
            <ns3:hr>143</ns3:hr>
          </ns3:TrackPointExtension>
        </extensions>
      </trkpt>
      <trkpt lat="59.98691151849925518035888671875" lon="30.36583249457180500030517578125">
        <ele>25</ele>
        <time>2026-06-30T15:03:07.000Z</time>
        <extensions>
          <ns3:TrackPointExtension>
            <ns3:atemp>28.0</ns3:atemp>
            <ns3:hr>146</ns3:hr>
          </ns3:TrackPointExtension>
        </extensions>
      </trkpt>
      <trkpt lat="59.98698192648589611053466796875" lon="30.365998037159442901611328125">
        <ele>25</ele>
        <time>2026-06-30T15:03:10.000Z</time>
        <extensions>
          <ns3:TrackPointExtension>
            <ns3:atemp>28.0</ns3:atemp>
            <ns3:hr>145</ns3:hr>
          </ns3:TrackPointExtension>
        </extensions>
      </trkpt>
      <trkpt lat="59.98708494007587432861328125" lon="30.3661115281283855438232421875">
        <ele>24.799999237060546875</ele>
        <time>2026-06-30T15:03:13.000Z</time>
        <extensions>
          <ns3:TrackPointExtension>
            <ns3:atemp>28.0</ns3:atemp>
            <ns3:hr>142</ns3:hr>
          </ns3:TrackPointExtension>
        </extensions>
      </trkpt>
      <trkpt lat="59.98726841993629932403564453125" lon="30.36621755920350551605224609375">
        <ele>24.6000003814697265625</ele>
        <time>2026-06-30T15:03:17.000Z</time>
        <extensions>
          <ns3:TrackPointExtension>
            <ns3:atemp>28.0</ns3:atemp>
            <ns3:hr>141</ns3:hr>
          </ns3:TrackPointExtension>
        </extensions>
      </trkpt>
      <trkpt lat="59.98732633888721466064453125" lon="30.36622610874474048614501953125">
        <ele>24.3999996185302734375</ele>
        <time>2026-06-30T15:03:18.000Z</time>
        <extensions>
          <ns3:TrackPointExtension>
            <ns3:atemp>28.0</ns3:atemp>
            <ns3:hr>141</ns3:hr>
          </ns3:TrackPointExtension>
        </extensions>
      </trkpt>
      <trkpt lat="59.98776496388018131256103515625" lon="30.36672047339379787445068359375">
        <ele>24.3999996185302734375</ele>
        <time>2026-06-30T15:03:30.000Z</time>
        <extensions>
          <ns3:TrackPointExtension>
            <ns3:atemp>28.0</ns3:atemp>
            <ns3:hr>144</ns3:hr>
          </ns3:TrackPointExtension>
        </extensions>
      </trkpt>
      <trkpt lat="59.98778633773326873779296875" lon="30.3668437711894512176513671875">
        <ele>24.3999996185302734375</ele>
        <time>2026-06-30T15:03:32.000Z</time>
        <extensions>
          <ns3:TrackPointExtension>
            <ns3:atemp>28.0</ns3:atemp>
            <ns3:hr>144</ns3:hr>
          </ns3:TrackPointExtension>
        </extensions>
      </trkpt>
      <trkpt lat="59.98800904490053653717041015625" lon="30.3671254031360149383544921875">
        <ele>24.6000003814697265625</ele>
        <time>2026-06-30T15:03:38.000Z</time>
        <extensions>
          <ns3:TrackPointExtension>
            <ns3:atemp>28.0</ns3:atemp>
            <ns3:hr>142</ns3:hr>
          </ns3:TrackPointExtension>
        </extensions>
      </trkpt>
      <trkpt lat="59.9880324304103851318359375" lon="30.3671901114284992218017578125">
        <ele>24.6000003814697265625</ele>
        <time>2026-06-30T15:03:39.000Z</time>
        <extensions>
          <ns3:TrackPointExtension>
            <ns3:atemp>28.0</ns3:atemp>
            <ns3:hr>145</ns3:hr>
          </ns3:TrackPointExtension>
        </extensions>
      </trkpt>
      <trkpt lat="59.98811381869018077850341796875" lon="30.367591269314289093017578125">
        <ele>24.3999996185302734375</ele>
        <time>2026-06-30T15:03:44.000Z</time>
        <extensions>
          <ns3:TrackPointExtension>
            <ns3:atemp>28.0</ns3:atemp>
            <ns3:hr>145</ns3:hr>
          </ns3:TrackPointExtension>
        </extensions>
      </trkpt>
      <trkpt lat="59.98819143511354923248291015625" lon="30.36780039779841899871826171875">
        <ele>24.3999996185302734375</ele>
        <time>2026-06-30T15:03:47.000Z</time>
        <extensions>
          <ns3:TrackPointExtension>
            <ns3:atemp>28.0</ns3:atemp>
            <ns3:hr>145</ns3:hr>
          </ns3:TrackPointExtension>
        </extensions>
      </trkpt>
      <trkpt lat="59.98826117254793643951416015625" lon="30.36790383048355579376220703125">
        <ele>24.3999996185302734375</ele>
        <time>2026-06-30T15:03:49.000Z</time>
        <extensions>
          <ns3:TrackPointExtension>
            <ns3:atemp>28.0</ns3:atemp>
            <ns3:hr>143</ns3:hr>
          </ns3:TrackPointExtension>
        </extensions>
      </trkpt>
      <trkpt lat="59.9883033335208892822265625" lon="30.36794808693230152130126953125">
        <ele>24.3999996185302734375</ele>
        <time>2026-06-30T15:03:50.000Z</time>
        <extensions>
          <ns3:TrackPointExtension>
            <ns3:atemp>28.0</ns3:atemp>
            <ns3:hr>140</ns3:hr>
          </ns3:TrackPointExtension>
        </extensions>
      </trkpt>
      <trkpt lat="59.9883775971829891204833984375" lon="30.36803148686885833740234375">
        <ele>24.3999996185302734375</ele>
        <time>2026-06-30T15:03:52.000Z</time>
        <extensions>
          <ns3:TrackPointExtension>
            <ns3:atemp>28.0</ns3:atemp>
            <ns3:hr>137</ns3:hr>
          </ns3:TrackPointExtension>
        </extensions>
      </trkpt>
      <trkpt lat="59.98845814727246761322021484375" lon="30.368118323385715484619140625">
        <ele>24.200000762939453125</ele>
        <time>2026-06-30T15:03:54.000Z</time>
        <extensions>
          <ns3:TrackPointExtension>
            <ns3:atemp>28.0</ns3:atemp>
            <ns3:hr>135</ns3:hr>
          </ns3:TrackPointExtension>
        </extensions>
      </trkpt>
      <trkpt lat="59.988567866384983062744140625" lon="30.36829040385782718658447265625">
        <ele>24</ele>
        <time>2026-06-30T15:03:57.000Z</time>
        <extensions>
          <ns3:TrackPointExtension>
            <ns3:atemp>28.0</ns3:atemp>
            <ns3:hr>135</ns3:hr>
          </ns3:TrackPointExtension>
        </extensions>
      </trkpt>
      <trkpt lat="59.98860382474958896636962890625" lon="30.36842887289822101593017578125">
        <ele>24.200000762939453125</ele>
        <time>2026-06-30T15:03:59.000Z</time>
        <extensions>
          <ns3:TrackPointExtension>
            <ns3:atemp>28.0</ns3:atemp>
            <ns3:hr>135</ns3:hr>
          </ns3:TrackPointExtension>
        </extensions>
      </trkpt>
      <trkpt lat="59.988617487251758575439453125" lon="30.36865116097033023834228515625">
        <ele>24.200000762939453125</ele>
        <time>2026-06-30T15:04:04.000Z</time>
        <extensions>
          <ns3:TrackPointExtension>
            <ns3:atemp>28.0</ns3:atemp>
            <ns3:hr>134</ns3:hr>
          </ns3:TrackPointExtension>
        </extensions>
      </trkpt>
      <trkpt lat="59.988627545535564422607421875" lon="30.368785522878170013427734375">
        <ele>24.200000762939453125</ele>
        <time>2026-06-30T15:04:06.000Z</time>
        <extensions>
          <ns3:TrackPointExtension>
            <ns3:atemp>28.0</ns3:atemp>
            <ns3:hr>131</ns3:hr>
          </ns3:TrackPointExtension>
        </extensions>
      </trkpt>
      <trkpt lat="59.9886153079569339752197265625" lon="30.3689932264387607574462890625">
        <ele>24.200000762939453125</ele>
        <time>2026-06-30T15:04:09.000Z</time>
        <extensions>
          <ns3:TrackPointExtension>
            <ns3:atemp>28.0</ns3:atemp>
            <ns3:hr>128</ns3:hr>
          </ns3:TrackPointExtension>
        </extensions>
      </trkpt>
      <trkpt lat="59.988637603819370269775390625" lon="30.36931266076862812042236328125">
        <ele>24.3999996185302734375</ele>
        <time>2026-06-30T15:04:13.000Z</time>
        <extensions>
          <ns3:TrackPointExtension>
            <ns3:atemp>28.0</ns3:atemp>
            <ns3:hr>131</ns3:hr>
          </ns3:TrackPointExtension>
        </extensions>
      </trkpt>
      <trkpt lat="59.98865545727312564849853515625" lon="30.3693761117756366729736328125">
        <ele>24.3999996185302734375</ele>
        <time>2026-06-30T15:04:14.000Z</time>
        <extensions>
          <ns3:TrackPointExtension>
            <ns3:atemp>28.0</ns3:atemp>
            <ns3:hr>133</ns3:hr>
          </ns3:TrackPointExtension>
        </extensions>
      </trkpt>
      <trkpt lat="59.98881286941468715667724609375" lon="30.36973603069782257080078125">
        <ele>24.200000762939453125</ele>
        <time>2026-06-30T15:04:20.000Z</time>
        <extensions>
          <ns3:TrackPointExtension>
            <ns3:atemp>28.0</ns3:atemp>
            <ns3:hr>135</ns3:hr>
          </ns3:TrackPointExtension>
        </extensions>
      </trkpt>
      <trkpt lat="59.98891546390950679779052734375" lon="30.36997801624238491058349609375">
        <ele>24.3999996185302734375</ele>
        <time>2026-06-30T15:04:24.000Z</time>
        <extensions>
          <ns3:TrackPointExtension>
            <ns3:atemp>28.0</ns3:atemp>
            <ns3:hr>132</ns3:hr>
          </ns3:TrackPointExtension>
        </extensions>
      </trkpt>
      <trkpt lat="59.98897992074489593505859375" lon="30.3701961971819400787353515625">
        <ele>24.3999996185302734375</ele>
        <time>2026-06-30T15:04:27.000Z</time>
        <extensions>
          <ns3:TrackPointExtension>
            <ns3:atemp>28.0</ns3:atemp>
            <ns3:hr>132</ns3:hr>
          </ns3:TrackPointExtension>
        </extensions>
      </trkpt>
      <trkpt lat="59.989168681204319000244140625" lon="30.3706779889762401580810546875">
        <ele>24.6000003814697265625</ele>
        <time>2026-06-30T15:04:34.000Z</time>
        <extensions>
          <ns3:TrackPointExtension>
            <ns3:atemp>28.0</ns3:atemp>
            <ns3:hr>132</ns3:hr>
          </ns3:TrackPointExtension>
        </extensions>
      </trkpt>
      <trkpt lat="59.9892657436430454254150390625" lon="30.37110538221895694732666015625">
        <ele>24.799999237060546875</ele>
        <time>2026-06-30T15:04:40.000Z</time>
        <extensions>
          <ns3:TrackPointExtension>
            <ns3:atemp>28.0</ns3:atemp>
            <ns3:hr>136</ns3:hr>
          </ns3:TrackPointExtension>
        </extensions>
      </trkpt>
      <trkpt lat="59.98930321075022220611572265625" lon="30.3712816536426544189453125">
        <ele>24.799999237060546875</ele>
        <time>2026-06-30T15:04:41.000Z</time>
        <extensions>
          <ns3:TrackPointExtension>
            <ns3:atemp>28.0</ns3:atemp>
            <ns3:hr>134</ns3:hr>
          </ns3:TrackPointExtension>
        </extensions>
      </trkpt>
      <trkpt lat="59.98930723406374454498291015625" lon="30.3715966455638408660888671875">
        <ele>25</ele>
        <time>2026-06-30T15:04:44.000Z</time>
        <extensions>
          <ns3:TrackPointExtension>
            <ns3:atemp>28.0</ns3:atemp>
            <ns3:hr>134</ns3:hr>
          </ns3:TrackPointExtension>
        </extensions>
      </trkpt>
      <trkpt lat="59.98930539004504680633544921875" lon="30.371696054935455322265625">
        <ele>25</ele>
        <time>2026-06-30T15:04:45.000Z</time>
        <extensions>
          <ns3:TrackPointExtension>
            <ns3:atemp>28.0</ns3:atemp>
            <ns3:hr>135</ns3:hr>
          </ns3:TrackPointExtension>
        </extensions>
      </trkpt>
      <trkpt lat="59.9893234111368656158447265625" lon="30.3719034232199192047119140625">
        <ele>25</ele>
        <time>2026-06-30T15:04:47.000Z</time>
        <extensions>
          <ns3:TrackPointExtension>
            <ns3:atemp>28.0</ns3:atemp>
            <ns3:hr>132</ns3:hr>
          </ns3:TrackPointExtension>
        </extensions>
      </trkpt>
      <trkpt lat="59.98934797011315822601318359375" lon="30.3719688020646572113037109375">
        <ele>25</ele>
        <time>2026-06-30T15:04:48.000Z</time>
        <extensions>
          <ns3:TrackPointExtension>
            <ns3:atemp>28.0</ns3:atemp>
            <ns3:hr>130</ns3:hr>
          </ns3:TrackPointExtension>
        </extensions>
      </trkpt>
      <trkpt lat="59.98940345831215381622314453125" lon="30.37216502241790294647216796875">
        <ele>25</ele>
        <time>2026-06-30T15:04:50.000Z</time>
        <extensions>
          <ns3:TrackPointExtension>
            <ns3:atemp>28.0</ns3:atemp>
            <ns3:hr>126</ns3:hr>
          </ns3:TrackPointExtension>
        </extensions>
      </trkpt>
      <trkpt lat="59.9895912967622280120849609375" lon="30.372665338218212127685546875">
        <ele>25.200000762939453125</ele>
        <time>2026-06-30T15:04:57.000Z</time>
        <extensions>
          <ns3:TrackPointExtension>
            <ns3:atemp>28.0</ns3:atemp>
            <ns3:hr>127</ns3:hr>
          </ns3:TrackPointExtension>
        </extensions>
      </trkpt>
      <trkpt lat="59.98971425928175449371337890625" lon="30.37285485304892063140869140625">
        <ele>25.200000762939453125</ele>
        <time>2026-06-30T15:05:01.000Z</time>
        <extensions>
          <ns3:TrackPointExtension>
            <ns3:atemp>28.0</ns3:atemp>
            <ns3:hr>131</ns3:hr>
          </ns3:TrackPointExtension>
        </extensions>
      </trkpt>
      <trkpt lat="59.9897518940269947052001953125" lon="30.3728958405554294586181640625">
        <ele>25.200000762939453125</ele>
        <time>2026-06-30T15:05:02.000Z</time>
        <extensions>
          <ns3:TrackPointExtension>
            <ns3:atemp>28.0</ns3:atemp>
            <ns3:hr>132</ns3:hr>
          </ns3:TrackPointExtension>
        </extensions>
      </trkpt>
      <trkpt lat="59.98979371972382068634033203125" lon="30.3729365766048431396484375">
        <ele>25</ele>
        <time>2026-06-30T15:05:03.000Z</time>
        <extensions>
          <ns3:TrackPointExtension>
            <ns3:atemp>28.0</ns3:atemp>
            <ns3:hr>133</ns3:hr>
          </ns3:TrackPointExtension>
        </extensions>
      </trkpt>
      <trkpt lat="59.98997879214584827423095703125" lon="30.373042859137058258056640625">
        <ele>24.799999237060546875</ele>
        <time>2026-06-30T15:05:08.000Z</time>
        <extensions>
          <ns3:TrackPointExtension>
            <ns3:atemp>28.0</ns3:atemp>
            <ns3:hr>133</ns3:hr>
          </ns3:TrackPointExtension>
        </extensions>
      </trkpt>
      <trkpt lat="59.9900414049625396728515625" lon="30.37306959740817546844482421875">
        <ele>24.6000003814697265625</ele>
        <time>2026-06-30T15:05:12.000Z</time>
        <extensions>
          <ns3:TrackPointExtension>
            <ns3:atemp>28.0</ns3:atemp>
            <ns3:hr>132</ns3:hr>
          </ns3:TrackPointExtension>
        </extensions>
      </trkpt>
      <trkpt lat="59.99004350043833255767822265625" lon="30.37310832180082798004150390625">
        <ele>24.6000003814697265625</ele>
        <time>2026-06-30T15:05:15.000Z</time>
        <extensions>
          <ns3:TrackPointExtension>
            <ns3:atemp>28.0</ns3:atemp>
            <ns3:hr>130</ns3:hr>
          </ns3:TrackPointExtension>
        </extensions>
      </trkpt>
      <trkpt lat="59.99003000557422637939453125" lon="30.37313061766326427459716796875">
        <ele>24.6000003814697265625</ele>
        <time>2026-06-30T15:05:16.000Z</time>
        <extensions>
          <ns3:TrackPointExtension>
            <ns3:atemp>28.0</ns3:atemp>
            <ns3:hr>129</ns3:hr>
          </ns3:TrackPointExtension>
        </extensions>
      </trkpt>
      <trkpt lat="59.98998650349676609039306640625" lon="30.37339188158512115478515625">
        <ele>24.799999237060546875</ele>
        <time>2026-06-30T15:05:20.000Z</time>
        <extensions>
          <ns3:TrackPointExtension>
            <ns3:atemp>28.0</ns3:atemp>
            <ns3:hr>128</ns3:hr>
          </ns3:TrackPointExtension>
        </extensions>
      </trkpt>
      <trkpt lat="59.990092031657695770263671875" lon="30.37371031008660793304443359375">
        <ele>25.3999996185302734375</ele>
        <time>2026-06-30T15:05:25.000Z</time>
        <extensions>
          <ns3:TrackPointExtension>
            <ns3:atemp>28.0</ns3:atemp>
            <ns3:hr>126</ns3:hr>
          </ns3:TrackPointExtension>
        </extensions>
      </trkpt>
      <trkpt lat="59.9902869947254657745361328125" lon="30.37414181046187877655029296875">
        <ele>26.200000762939453125</ele>
        <time>2026-06-30T15:05:32.000Z</time>
        <extensions>
          <ns3:TrackPointExtension>
            <ns3:atemp>28.0</ns3:atemp>
            <ns3:hr>127</ns3:hr>
          </ns3:TrackPointExtension>
        </extensions>
      </trkpt>
      <trkpt lat="59.9903097935020923614501953125" lon="30.37420283071696758270263671875">
        <ele>26.6000003814697265625</ele>
        <time>2026-06-30T15:05:33.000Z</time>
        <extensions>
          <ns3:TrackPointExtension>
            <ns3:atemp>28.0</ns3:atemp>
            <ns3:hr>128</ns3:hr>
          </ns3:TrackPointExtension>
        </extensions>
      </trkpt>
      <trkpt lat="59.9903208576142787933349609375" lon="30.37433777935802936553955078125">
        <ele>27.200000762939453125</ele>
        <time>2026-06-30T15:05:35.000Z</time>
        <extensions>
          <ns3:TrackPointExtension>
            <ns3:atemp>28.0</ns3:atemp>
            <ns3:hr>126</ns3:hr>
          </ns3:TrackPointExtension>
        </extensions>
      </trkpt>
      <trkpt lat="59.99032781459391117095947265625" lon="30.374487228691577911376953125">
        <ele>27.3999996185302734375</ele>
        <time>2026-06-30T15:05:37.000Z</time>
        <extensions>
          <ns3:TrackPointExtension>
            <ns3:atemp>28.0</ns3:atemp>
            <ns3:hr>124</ns3:hr>
          </ns3:TrackPointExtension>
        </extensions>
      </trkpt>
      <trkpt lat="59.990394450724124908447265625" lon="30.3746409527957439422607421875">
        <ele>27.3999996185302734375</ele>
        <time>2026-06-30T15:05:40.000Z</time>
        <extensions>
          <ns3:TrackPointExtension>
            <ns3:atemp>28.0</ns3:atemp>
            <ns3:hr>127</ns3:hr>
          </ns3:TrackPointExtension>
        </extensions>
      </trkpt>
      <trkpt lat="59.99045119620859622955322265625" lon="30.3746976144611835479736328125">
        <ele>27.6000003814697265625</ele>
        <time>2026-06-30T15:05:42.000Z</time>
        <extensions>
          <ns3:TrackPointExtension>
            <ns3:atemp>28.0</ns3:atemp>
            <ns3:hr>130</ns3:hr>
          </ns3:TrackPointExtension>
        </extensions>
      </trkpt>
      <trkpt lat="59.990513809025287628173828125" lon="30.374745391309261322021484375">
        <ele>27.799999237060546875</ele>
        <time>2026-06-30T15:05:44.000Z</time>
        <extensions>
          <ns3:TrackPointExtension>
            <ns3:atemp>28.0</ns3:atemp>
            <ns3:hr>134</ns3:hr>
          </ns3:TrackPointExtension>
        </extensions>
      </trkpt>
      <trkpt lat="59.990716315805912017822265625" lon="30.374998860061168670654296875">
        <ele>28.6000003814697265625</ele>
        <time>2026-06-30T15:05:50.000Z</time>
        <extensions>
          <ns3:TrackPointExtension>
            <ns3:atemp>28.0</ns3:atemp>
            <ns3:hr>136</ns3:hr>
          </ns3:TrackPointExtension>
        </extensions>
      </trkpt>
      <trkpt lat="59.99091169796884059906005859375" lon="30.37521536462008953094482421875">
        <ele>28.799999237060546875</ele>
        <time>2026-06-30T15:05:54.000Z</time>
        <extensions>
          <ns3:TrackPointExtension>
            <ns3:atemp>28.0</ns3:atemp>
            <ns3:hr>136</ns3:hr>
          </ns3:TrackPointExtension>
        </extensions>
      </trkpt>
      <trkpt lat="59.99094757251441478729248046875" lon="30.3752647340297698974609375">
        <ele>28.799999237060546875</ele>
        <time>2026-06-30T15:05:55.000Z</time>
        <extensions>
          <ns3:TrackPointExtension>
            <ns3:atemp>28.0</ns3:atemp>
            <ns3:hr>137</ns3:hr>
          </ns3:TrackPointExtension>
        </extensions>
      </trkpt>
      <trkpt lat="59.99112166464328765869140625" lon="30.375501774251461029052734375">
        <ele>29.6000003814697265625</ele>
        <time>2026-06-30T15:06:01.000Z</time>
        <extensions>
          <ns3:TrackPointExtension>
            <ns3:atemp>28.0</ns3:atemp>
            <ns3:hr>140</ns3:hr>
          </ns3:TrackPointExtension>
        </extensions>
      </trkpt>
      <trkpt lat="59.99121017754077911376953125" lon="30.37562842480838298797607421875">
        <ele>30</ele>
        <time>2026-06-30T15:06:04.000Z</time>
        <extensions>
          <ns3:TrackPointExtension>
            <ns3:atemp>28.0</ns3:atemp>
            <ns3:hr>142</ns3:hr>
          </ns3:TrackPointExtension>
        </extensions>
      </trkpt>
      <trkpt lat="59.9912478961050510406494140625" lon="30.375657342374324798583984375">
        <ele>30.200000762939453125</ele>
        <time>2026-06-30T15:06:05.000Z</time>
        <extensions>
          <ns3:TrackPointExtension>
            <ns3:atemp>28.0</ns3:atemp>
            <ns3:hr>142</ns3:hr>
          </ns3:TrackPointExtension>
        </extensions>
      </trkpt>
      <trkpt lat="59.9913100898265838623046875" lon="30.3757078014314174652099609375">
        <ele>30.6000003814697265625</ele>
        <time>2026-06-30T15:06:07.000Z</time>
        <extensions>
          <ns3:TrackPointExtension>
            <ns3:atemp>28.0</ns3:atemp>
            <ns3:hr>142</ns3:hr>
          </ns3:TrackPointExtension>
        </extensions>
      </trkpt>
      <trkpt lat="59.9913585372269153594970703125" lon="30.375774018466472625732421875">
        <ele>31.200000762939453125</ele>
        <time>2026-06-30T15:06:09.000Z</time>
        <extensions>
          <ns3:TrackPointExtension>
            <ns3:atemp>28.0</ns3:atemp>
            <ns3:hr>141</ns3:hr>
          </ns3:TrackPointExtension>
        </extensions>
      </trkpt>
      <trkpt lat="59.991510920226573944091796875" lon="30.37589865736663341522216796875">
        <ele>32.59999847412109375</ele>
        <time>2026-06-30T15:06:14.000Z</time>
        <extensions>
          <ns3:TrackPointExtension>
            <ns3:atemp>28.0</ns3:atemp>
            <ns3:hr>141</ns3:hr>
          </ns3:TrackPointExtension>
        </extensions>
      </trkpt>
      <trkpt lat="59.99155425466597080230712890625" lon="30.3759233839809894561767578125">
        <ele>33.200000762939453125</ele>
        <time>2026-06-30T15:06:15.000Z</time>
        <extensions>
          <ns3:TrackPointExtension>
            <ns3:atemp>28.0</ns3:atemp>
            <ns3:hr>142</ns3:hr>
          </ns3:TrackPointExtension>
        </extensions>
      </trkpt>
      <trkpt lat="59.991597421467304229736328125" lon="30.3759433329105377197265625">
        <ele>33.59999847412109375</ele>
        <time>2026-06-30T15:06:16.000Z</time>
        <extensions>
          <ns3:TrackPointExtension>
            <ns3:atemp>28.0</ns3:atemp>
            <ns3:hr>142</ns3:hr>
          </ns3:TrackPointExtension>
        </extensions>
      </trkpt>
      <trkpt lat="59.99173396266996860504150390625" lon="30.37594576366245746612548828125">
        <ele>34.40000152587890625</ele>
        <time>2026-06-30T15:06:18.000Z</time>
        <extensions>
          <ns3:TrackPointExtension>
            <ns3:atemp>28.0</ns3:atemp>
            <ns3:hr>143</ns3:hr>
          </ns3:TrackPointExtension>
        </extensions>
      </trkpt>
      <trkpt lat="59.99477910809218883514404296875" lon="30.37885327823460102081298828125">
        <ele>30.799999237060546875</ele>
        <time>2026-06-30T15:07:53.000Z</time>
        <extensions>
          <ns3:TrackPointExtension>
            <ns3:atemp>28.0</ns3:atemp>
            <ns3:hr>124</ns3:hr>
          </ns3:TrackPointExtension>
        </extensions>
      </trkpt>
      <trkpt lat="59.99489150941371917724609375" lon="30.37919349968433380126953125">
        <ele>31</ele>
        <time>2026-06-30T15:07:54.000Z</time>
        <extensions>
          <ns3:TrackPointExtension>
            <ns3:atemp>28.0</ns3:atemp>
            <ns3:hr>124</ns3:hr>
          </ns3:TrackPointExtension>
        </extensions>
      </trkpt>
      <trkpt lat="59.9949637614190578460693359375" lon="30.37929936312139034271240234375">
        <ele>31</ele>
        <time>2026-06-30T15:07:57.000Z</time>
        <extensions>
          <ns3:TrackPointExtension>
            <ns3:atemp>28.0</ns3:atemp>
            <ns3:hr>123</ns3:hr>
          </ns3:TrackPointExtension>
        </extensions>
      </trkpt>
      <trkpt lat="59.99509426765143871307373046875" lon="30.37936541251838207244873046875">
        <ele>31.200000762939453125</ele>
        <time>2026-06-30T15:08:01.000Z</time>
        <extensions>
          <ns3:TrackPointExtension>
            <ns3:atemp>28.0</ns3:atemp>
            <ns3:hr>124</ns3:hr>
          </ns3:TrackPointExtension>
        </extensions>
      </trkpt>
      <trkpt lat="59.9951598979532718658447265625" lon="30.379398353397846221923828125">
        <ele>31.3999996185302734375</ele>
        <time>2026-06-30T15:08:03.000Z</time>
        <extensions>
          <ns3:TrackPointExtension>
            <ns3:atemp>28.0</ns3:atemp>
            <ns3:hr>125</ns3:hr>
          </ns3:TrackPointExtension>
        </extensions>
      </trkpt>
      <trkpt lat="59.9953898973762989044189453125" lon="30.379607565701007843017578125">
        <ele>32.40000152587890625</ele>
        <time>2026-06-30T15:08:10.000Z</time>
        <extensions>
          <ns3:TrackPointExtension>
            <ns3:atemp>28.0</ns3:atemp>
            <ns3:hr>124</ns3:hr>
          </ns3:TrackPointExtension>
        </extensions>
      </trkpt>
      <trkpt lat="59.99542719684541225433349609375" lon="30.37962877191603183746337890625">
        <ele>32.59999847412109375</ele>
        <time>2026-06-30T15:08:11.000Z</time>
        <extensions>
          <ns3:TrackPointExtension>
            <ns3:atemp>28.0</ns3:atemp>
            <ns3:hr>125</ns3:hr>
          </ns3:TrackPointExtension>
        </extensions>
      </trkpt>
      <trkpt lat="59.99553926289081573486328125" lon="30.37966866977512836456298828125">
        <ele>32.59999847412109375</ele>
        <time>2026-06-30T15:08:15.000Z</time>
        <extensions>
          <ns3:TrackPointExtension>
            <ns3:atemp>28.0</ns3:atemp>
            <ns3:hr>124</ns3:hr>
          </ns3:TrackPointExtension>
        </extensions>
      </trkpt>
      <trkpt lat="59.995693154633045196533203125" lon="30.37980361841619014739990234375">
        <ele>33.59999847412109375</ele>
        <time>2026-06-30T15:08:20.000Z</time>
        <extensions>
          <ns3:TrackPointExtension>
            <ns3:atemp>28.0</ns3:atemp>
            <ns3:hr>121</ns3:hr>
          </ns3:TrackPointExtension>
        </extensions>
      </trkpt>
      <trkpt lat="59.99572156928479671478271484375" lon="30.37985022179782390594482421875">
        <ele>33.799999237060546875</ele>
        <time>2026-06-30T15:08:21.000Z</time>
        <extensions>
          <ns3:TrackPointExtension>
            <ns3:atemp>28.0</ns3:atemp>
            <ns3:hr>120</ns3:hr>
          </ns3:TrackPointExtension>
        </extensions>
      </trkpt>
      <trkpt lat="59.995750822126865386962890625" lon="30.37989296950399875640869140625">
        <ele>34</ele>
        <time>2026-06-30T15:08:22.000Z</time>
        <extensions>
          <ns3:TrackPointExtension>
            <ns3:atemp>28.0</ns3:atemp>
            <ns3:hr>124</ns3:hr>
          </ns3:TrackPointExtension>
        </extensions>
      </trkpt>
      <trkpt lat="59.99587847851216793060302734375" lon="30.37999656982719898223876953125">
        <ele>34.40000152587890625</ele>
        <time>2026-06-30T15:08:27.000Z</time>
        <extensions>
          <ns3:TrackPointExtension>
            <ns3:atemp>28.0</ns3:atemp>
            <ns3:hr>123</ns3:hr>
          </ns3:TrackPointExtension>
        </extensions>
      </trkpt>
      <trkpt lat="59.99590261839330196380615234375" lon="30.3800321929156780242919921875">
        <ele>34.59999847412109375</ele>
        <time>2026-06-30T15:08:31.000Z</time>
        <extensions>
          <ns3:TrackPointExtension>
            <ns3:atemp>28.0</ns3:atemp>
            <ns3:hr>125</ns3:hr>
          </ns3:TrackPointExtension>
        </extensions>
      </trkpt>
      <trkpt lat="59.99590127728879451751708984375" lon="30.38004987873136997222900390625">
        <ele>34.59999847412109375</ele>
        <time>2026-06-30T15:08:33.000Z</time>
        <extensions>
          <ns3:TrackPointExtension>
            <ns3:atemp>28.0</ns3:atemp>
            <ns3:hr>124</ns3:hr>
          </ns3:TrackPointExtension>
        </extensions>
      </trkpt>
      <trkpt lat="59.99591049738228321075439453125" lon="30.38007334806025028228759765625">
        <ele>34.799999237060546875</ele>
        <time>2026-06-30T15:08:37.000Z</time>
        <extensions>
          <ns3:TrackPointExtension>
            <ns3:atemp>28.0</ns3:atemp>
            <ns3:hr>128</ns3:hr>
          </ns3:TrackPointExtension>
        </extensions>
      </trkpt>
      <trkpt lat="59.995930194854736328125" lon="30.380105786025524139404296875">
        <ele>34.59999847412109375</ele>
        <time>2026-06-30T15:08:40.000Z</time>
        <extensions>
          <ns3:TrackPointExtension>
            <ns3:atemp>28.0</ns3:atemp>
            <ns3:hr>130</ns3:hr>
          </ns3:TrackPointExtension>
        </extensions>
      </trkpt>
      <trkpt lat="59.9959638901054859161376953125" lon="30.38014744408428668975830078125">
        <ele>34.200000762939453125</ele>
        <time>2026-06-30T15:08:48.000Z</time>
        <extensions>
          <ns3:TrackPointExtension>
            <ns3:atemp>28.0</ns3:atemp>
            <ns3:hr>130</ns3:hr>
          </ns3:TrackPointExtension>
        </extensions>
      </trkpt>
      <trkpt lat="59.99604628421366214752197265625" lon="30.38008055649697780609130859375">
        <ele>33.799999237060546875</ele>
        <time>2026-06-30T15:08:56.000Z</time>
        <extensions>
          <ns3:TrackPointExtension>
            <ns3:atemp>28.0</ns3:atemp>
            <ns3:hr>129</ns3:hr>
          </ns3:TrackPointExtension>
        </extensions>
      </trkpt>
      <trkpt lat="59.99606153927743434906005859375" lon="30.38007854484021663665771484375">
        <ele>33.799999237060546875</ele>
        <time>2026-06-30T15:09:05.000Z</time>
        <extensions>
          <ns3:TrackPointExtension>
            <ns3:atemp>28.0</ns3:atemp>
            <ns3:hr>132</ns3:hr>
          </ns3:TrackPointExtension>
        </extensions>
      </trkpt>
      <trkpt lat="59.99605751596391201019287109375" lon="30.380078293383121490478515625">
        <ele>33.59999847412109375</ele>
        <time>2026-06-30T15:09:07.000Z</time>
        <extensions>
          <ns3:TrackPointExtension>
            <ns3:atemp>28.0</ns3:atemp>
            <ns3:hr>132</ns3:hr>
          </ns3:TrackPointExtension>
        </extensions>
      </trkpt>
      <trkpt lat="59.99604326672852039337158203125" lon="30.38007888011634349822998046875">
        <ele>32.59999847412109375</ele>
        <time>2026-06-30T15:09:19.000Z</time>
        <extensions>
          <ns3:TrackPointExtension>
            <ns3:atemp>28.0</ns3:atemp>
            <ns3:hr>132</ns3:hr>
          </ns3:TrackPointExtension>
        </extensions>
      </trkpt>
      <trkpt lat="59.9960430152714252471923828125" lon="30.38007854484021663665771484375">
        <ele>32.59999847412109375</ele>
        <time>2026-06-30T15:09:20.000Z</time>
        <extensions>
          <ns3:TrackPointExtension>
            <ns3:atemp>28.0</ns3:atemp>
            <ns3:hr>131</ns3:hr>
          </ns3:TrackPointExtension>
        </extensions>
      </trkpt>
      <trkpt lat="59.996049217879772186279296875" lon="30.3800784610211849212646484375">
        <ele>32.59999847412109375</ele>
        <time>2026-06-30T15:09:25.000Z</time>
        <extensions>
          <ns3:TrackPointExtension>
            <ns3:atemp>28.0</ns3:atemp>
            <ns3:hr>132</ns3:hr>
          </ns3:TrackPointExtension>
        </extensions>
      </trkpt>
      <trkpt lat="59.99605064280331134796142578125" lon="30.3800712525844573974609375">
        <ele>32.59999847412109375</ele>
        <time>2026-06-30T15:09:27.000Z</time>
        <extensions>
          <ns3:TrackPointExtension>
            <ns3:atemp>28.0</ns3:atemp>
            <ns3:hr>135</ns3:hr>
          </ns3:TrackPointExtension>
        </extensions>
      </trkpt>
      <trkpt lat="59.9960386566817760467529296875" lon="30.38007862865924835205078125">
        <ele>32.59999847412109375</ele>
        <time>2026-06-30T15:09:35.000Z</time>
        <extensions>
          <ns3:TrackPointExtension>
            <ns3:atemp>28.0</ns3:atemp>
            <ns3:hr>137</ns3:hr>
          </ns3:TrackPointExtension>
        </extensions>
      </trkpt>
      <trkpt lat="59.99602901749312877655029296875" lon="30.38008457981050014495849609375">
        <ele>33</ele>
        <time>2026-06-30T15:09:45.000Z</time>
        <extensions>
          <ns3:TrackPointExtension>
            <ns3:atemp>28.0</ns3:atemp>
            <ns3:hr>135</ns3:hr>
          </ns3:TrackPointExtension>
        </extensions>
      </trkpt>
      <trkpt lat="59.996015690267086029052734375" lon="30.38010410964488983154296875">
        <ele>33.40000152587890625</ele>
        <time>2026-06-30T15:09:50.000Z</time>
        <extensions>
          <ns3:TrackPointExtension>
            <ns3:atemp>28.0</ns3:atemp>
            <ns3:hr>131</ns3:hr>
          </ns3:TrackPointExtension>
        </extensions>
      </trkpt>
      <trkpt lat="59.99600672163069248199462890625" lon="30.38013570941984653472900390625">
        <ele>33.200000762939453125</ele>
        <time>2026-06-30T15:09:54.000Z</time>
        <extensions>
          <ns3:TrackPointExtension>
            <ns3:atemp>28.0</ns3:atemp>
            <ns3:hr>128</ns3:hr>
          </ns3:TrackPointExtension>
        </extensions>
      </trkpt>
      <trkpt lat="59.996006973087787628173828125" lon="30.38014392368495464324951171875">
        <ele>33.200000762939453125</ele>
        <time>2026-06-30T15:09:55.000Z</time>
        <extensions>
          <ns3:TrackPointExtension>
            <ns3:atemp>28.0</ns3:atemp>
            <ns3:hr>123</ns3:hr>
          </ns3:TrackPointExtension>
        </extensions>
      </trkpt>
      <trkpt lat="59.99600864946842193603515625" lon="30.3801595978438854217529296875">
        <ele>33.40000152587890625</ele>
        <time>2026-06-30T15:09:57.000Z</time>
        <extensions>
          <ns3:TrackPointExtension>
            <ns3:atemp>28.0</ns3:atemp>
            <ns3:hr>120</ns3:hr>
          </ns3:TrackPointExtension>
        </extensions>
      </trkpt>
      <trkpt lat="59.9959987588226795196533203125" lon="30.38019438274204730987548828125">
        <ele>33.59999847412109375</ele>
        <time>2026-06-30T15:10:00.000Z</time>
        <extensions>
          <ns3:TrackPointExtension>
            <ns3:atemp>28.0</ns3:atemp>
            <ns3:hr>120</ns3:hr>
          </ns3:TrackPointExtension>
        </extensions>
      </trkpt>
      <trkpt lat="59.99603119678795337677001953125" lon="30.38022338412702083587646484375">
        <ele>33.799999237060546875</ele>
        <time>2026-06-30T15:10:03.000Z</time>
        <extensions>
          <ns3:TrackPointExtension>
            <ns3:atemp>28.0</ns3:atemp>
            <ns3:hr>119</ns3:hr>
          </ns3:TrackPointExtension>
        </extensions>
      </trkpt>
      <trkpt lat="59.9960762076079845428466796875" lon="30.38027250207960605621337890625">
        <ele>33.799999237060546875</ele>
        <time>2026-06-30T15:10:08.000Z</time>
        <extensions>
          <ns3:TrackPointExtension>
            <ns3:atemp>28.0</ns3:atemp>
            <ns3:hr>123</ns3:hr>
          </ns3:TrackPointExtension>
        </extensions>
      </trkpt>
      <trkpt lat="59.99610244296491146087646484375" lon="30.38029454648494720458984375">
        <ele>33.59999847412109375</ele>
        <time>2026-06-30T15:10:09.000Z</time>
        <extensions>
          <ns3:TrackPointExtension>
            <ns3:atemp>28.0</ns3:atemp>
            <ns3:hr>127</ns3:hr>
          </ns3:TrackPointExtension>
        </extensions>
      </trkpt>
      <trkpt lat="59.9961100704967975616455078125" lon="30.38030837662518024444580078125">
        <ele>33.59999847412109375</ele>
        <time>2026-06-30T15:10:10.000Z</time>
        <extensions>
          <ns3:TrackPointExtension>
            <ns3:atemp>28.0</ns3:atemp>
            <ns3:hr>131</ns3:hr>
          </ns3:TrackPointExtension>
        </extensions>
      </trkpt>
      <trkpt lat="59.99612406827509403228759765625" lon="30.3803181834518909454345703125">
        <ele>33.59999847412109375</ele>
        <time>2026-06-30T15:10:11.000Z</time>
        <extensions>
          <ns3:TrackPointExtension>
            <ns3:atemp>28.0</ns3:atemp>
            <ns3:hr>131</ns3:hr>
          </ns3:TrackPointExtension>
        </extensions>
      </trkpt>
      <trkpt lat="59.99617092311382293701171875" lon="30.38036168552935123443603515625">
        <ele>33.40000152587890625</ele>
        <time>2026-06-30T15:10:13.000Z</time>
        <extensions>
          <ns3:TrackPointExtension>
            <ns3:atemp>28.0</ns3:atemp>
            <ns3:hr>137</ns3:hr>
          </ns3:TrackPointExtension>
        </extensions>
      </trkpt>
      <trkpt lat="59.99622850678861141204833984375" lon="30.380414910614490509033203125">
        <ele>33.200000762939453125</ele>
        <time>2026-06-30T15:10:15.000Z</time>
        <extensions>
          <ns3:TrackPointExtension>
            <ns3:atemp>28.0</ns3:atemp>
            <ns3:hr>140</ns3:hr>
          </ns3:TrackPointExtension>
        </extensions>
      </trkpt>
      <trkpt lat="59.9963876791298389434814453125" lon="30.38043511100113391876220703125">
        <ele>33.40000152587890625</ele>
        <time>2026-06-30T15:10:20.000Z</time>
        <extensions>
          <ns3:TrackPointExtension>
            <ns3:atemp>28.0</ns3:atemp>
            <ns3:hr>140</ns3:hr>
          </ns3:TrackPointExtension>
        </extensions>
      </trkpt>
      <trkpt lat="59.99666017480194568634033203125" lon="30.38054944016039371490478515625">
        <ele>33.799999237060546875</ele>
        <time>2026-06-30T15:10:28.000Z</time>
        <extensions>
          <ns3:TrackPointExtension>
            <ns3:atemp>28.0</ns3:atemp>
            <ns3:hr>141</ns3:hr>
          </ns3:TrackPointExtension>
        </extensions>
      </trkpt>
      <trkpt lat="59.99687743373215198516845703125" lon="30.38077273406088352203369140625">
        <ele>33.799999237060546875</ele>
        <time>2026-06-30T15:10:35.000Z</time>
        <extensions>
          <ns3:TrackPointExtension>
            <ns3:atemp>28.0</ns3:atemp>
            <ns3:hr>141</ns3:hr>
          </ns3:TrackPointExtension>
        </extensions>
      </trkpt>
      <trkpt lat="59.99704322777688503265380859375" lon="30.3809290565550327301025390625">
        <ele>34.40000152587890625</ele>
        <time>2026-06-30T15:10:39.000Z</time>
        <extensions>
          <ns3:TrackPointExtension>
            <ns3:atemp>28.0</ns3:atemp>
            <ns3:hr>138</ns3:hr>
          </ns3:TrackPointExtension>
        </extensions>
      </trkpt>
      <trkpt lat="59.99708555638790130615234375" lon="30.3809816949069499969482421875">
        <ele>34.799999237060546875</ele>
        <time>2026-06-30T15:10:40.000Z</time>
        <extensions>
          <ns3:TrackPointExtension>
            <ns3:atemp>28.0</ns3:atemp>
            <ns3:hr>138</ns3:hr>
          </ns3:TrackPointExtension>
        </extensions>
      </trkpt>
      <trkpt lat="59.99716493301093578338623046875" lon="30.38109208457171916961669921875">
        <ele>35.200000762939453125</ele>
        <time>2026-06-30T15:10:42.000Z</time>
        <extensions>
          <ns3:TrackPointExtension>
            <ns3:atemp>28.0</ns3:atemp>
            <ns3:hr>139</ns3:hr>
          </ns3:TrackPointExtension>
        </extensions>
      </trkpt>
      <trkpt lat="59.99729267321527004241943359375" lon="30.38120356388390064239501953125">
        <ele>35.40000152587890625</ele>
        <time>2026-06-30T15:10:45.000Z</time>
        <extensions>
          <ns3:TrackPointExtension>
            <ns3:atemp>28.0</ns3:atemp>
            <ns3:hr>135</ns3:hr>
          </ns3:TrackPointExtension>
        </extensions>
      </trkpt>
      <trkpt lat="59.9973371811211109161376953125" lon="30.38123072125017642974853515625">
        <ele>35.40000152587890625</ele>
        <time>2026-06-30T15:10:46.000Z</time>
        <extensions>
          <ns3:TrackPointExtension>
            <ns3:atemp>28.0</ns3:atemp>
            <ns3:hr>132</ns3:hr>
          </ns3:TrackPointExtension>
        </extensions>
      </trkpt>
      <trkpt lat="59.9974255263805389404296875" lon="30.381299369037151336669921875">
        <ele>35.200000762939453125</ele>
        <time>2026-06-30T15:10:48.000Z</time>
        <extensions>
          <ns3:TrackPointExtension>
            <ns3:atemp>28.0</ns3:atemp>
            <ns3:hr>128</ns3:hr>
          </ns3:TrackPointExtension>
        </extensions>
      </trkpt>
      <trkpt lat="59.99746584333479404449462890625" lon="30.38133566267788410186767578125">
        <ele>35.200000762939453125</ele>
        <time>2026-06-30T15:10:49.000Z</time>
        <extensions>
          <ns3:TrackPointExtension>
            <ns3:atemp>28.0</ns3:atemp>
            <ns3:hr>128</ns3:hr>
          </ns3:TrackPointExtension>
        </extensions>
      </trkpt>
      <trkpt lat="59.99773641116917133331298828125" lon="30.3815426118671894073486328125">
        <ele>35.40000152587890625</ele>
        <time>2026-06-30T15:10:56.000Z</time>
        <extensions>
          <ns3:TrackPointExtension>
            <ns3:atemp>28.0</ns3:atemp>
            <ns3:hr>129</ns3:hr>
          </ns3:TrackPointExtension>
        </extensions>
      </trkpt>
      <trkpt lat="59.99792148359119892120361328125" lon="30.38169306702911853790283203125">
        <ele>35.40000152587890625</ele>
        <time>2026-06-30T15:11:02.000Z</time>
        <extensions>
          <ns3:TrackPointExtension>
            <ns3:atemp>29.0</ns3:atemp>
            <ns3:hr>129</ns3:hr>
          </ns3:TrackPointExtension>
        </extensions>
      </trkpt>
      <trkpt lat="59.9979504011571407318115234375" lon="30.38172290660440921783447265625">
        <ele>35.799999237060546875</ele>
        <time>2026-06-30T15:11:03.000Z</time>
        <extensions>
          <ns3:TrackPointExtension>
            <ns3:atemp>29.0</ns3:atemp>
            <ns3:hr>129</ns3:hr>
          </ns3:TrackPointExtension>
        </extensions>
      </trkpt>
      <trkpt lat="59.99811460264027118682861328125" lon="30.3819179534912109375">
        <ele>36.40000152587890625</ele>
        <time>2026-06-30T15:11:09.000Z</time>
        <extensions>
          <ns3:TrackPointExtension>
            <ns3:atemp>28.0</ns3:atemp>
            <ns3:hr>128</ns3:hr>
          </ns3:TrackPointExtension>
        </extensions>
      </trkpt>
      <trkpt lat="59.99819054268300533294677734375" lon="30.38205332122743129730224609375">
        <ele>36.59999847412109375</ele>
        <time>2026-06-30T15:11:13.000Z</time>
        <extensions>
          <ns3:TrackPointExtension>
            <ns3:atemp>28.0</ns3:atemp>
            <ns3:hr>131</ns3:hr>
          </ns3:TrackPointExtension>
        </extensions>
      </trkpt>
      <trkpt lat="59.998237900435924530029296875" lon="30.382140576839447021484375">
        <ele>36.59999847412109375</ele>
        <time>2026-06-30T15:11:16.000Z</time>
        <extensions>
          <ns3:TrackPointExtension>
            <ns3:atemp>28.0</ns3:atemp>
            <ns3:hr>133</ns3:hr>
          </ns3:TrackPointExtension>
        </extensions>
      </trkpt>
      <trkpt lat="59.99841551296412944793701171875" lon="30.38239630870521068572998046875">
        <ele>36.799999237060546875</ele>
        <time>2026-06-30T15:11:23.000Z</time>
        <extensions>
          <ns3:TrackPointExtension>
            <ns3:atemp>28.0</ns3:atemp>
            <ns3:hr>134</ns3:hr>
          </ns3:TrackPointExtension>
        </extensions>
      </trkpt>
      <trkpt lat="59.99844619072973728179931640625" lon="30.3824344463646411895751953125">
        <ele>36.799999237060546875</ele>
        <time>2026-06-30T15:11:24.000Z</time>
        <extensions>
          <ns3:TrackPointExtension>
            <ns3:atemp>28.0</ns3:atemp>
            <ns3:hr>132</ns3:hr>
          </ns3:TrackPointExtension>
        </extensions>
      </trkpt>
      <trkpt lat="59.99854870140552520751953125" lon="30.38265882991254329681396484375">
        <ele>37.200000762939453125</ele>
        <time>2026-06-30T15:11:29.000Z</time>
        <extensions>
          <ns3:TrackPointExtension>
            <ns3:atemp>28.0</ns3:atemp>
            <ns3:hr>132</ns3:hr>
          </ns3:TrackPointExtension>
        </extensions>
      </trkpt>
      <trkpt lat="59.99862774275243282318115234375" lon="30.38290567696094512939453125">
        <ele>37.40000152587890625</ele>
        <time>2026-06-30T15:11:34.000Z</time>
        <extensions>
          <ns3:TrackPointExtension>
            <ns3:atemp>28.0</ns3:atemp>
            <ns3:hr>134</ns3:hr>
          </ns3:TrackPointExtension>
        </extensions>
      </trkpt>
      <trkpt lat="59.99870267696678638458251953125" lon="30.383031405508518218994140625">
        <ele>37.200000762939453125</ele>
        <time>2026-06-30T15:11:37.000Z</time>
        <extensions>
          <ns3:TrackPointExtension>
            <ns3:atemp>28.0</ns3:atemp>
            <ns3:hr>127</ns3:hr>
          </ns3:TrackPointExtension>
        </extensions>
      </trkpt>
      <trkpt lat="59.99875791370868682861328125" lon="30.383081026375293731689453125">
        <ele>37</ele>
        <time>2026-06-30T15:11:39.000Z</time>
        <extensions>
          <ns3:TrackPointExtension>
            <ns3:atemp>28.0</ns3:atemp>
            <ns3:hr>124</ns3:hr>
          </ns3:TrackPointExtension>
        </extensions>
      </trkpt>
      <trkpt lat="59.9987947940826416015625" lon="30.383107177913188934326171875">
        <ele>37</ele>
        <time>2026-06-30T15:11:40.000Z</time>
        <extensions>
          <ns3:TrackPointExtension>
            <ns3:atemp>28.0</ns3:atemp>
            <ns3:hr>124</ns3:hr>
          </ns3:TrackPointExtension>
        </extensions>
      </trkpt>
      <trkpt lat="59.99886780045926570892333984375" lon="30.383160151541233062744140625">
        <ele>37.200000762939453125</ele>
        <time>2026-06-30T15:11:42.000Z</time>
        <extensions>
          <ns3:TrackPointExtension>
            <ns3:atemp>28.0</ns3:atemp>
            <ns3:hr>121</ns3:hr>
          </ns3:TrackPointExtension>
        </extensions>
      </trkpt>
      <trkpt lat="59.9989592470228672027587890625" lon="30.38326148875057697296142578125">
        <ele>37.40000152587890625</ele>
        <time>2026-06-30T15:11:45.000Z</time>
        <extensions>
          <ns3:TrackPointExtension>
            <ns3:atemp>28.0</ns3:atemp>
            <ns3:hr>124</ns3:hr>
          </ns3:TrackPointExtension>
        </extensions>
      </trkpt>
      <trkpt lat="59.999022446572780609130859375" lon="30.38332586176693439483642578125">
        <ele>37.40000152587890625</ele>
        <time>2026-06-30T15:11:47.000Z</time>
        <extensions>
          <ns3:TrackPointExtension>
            <ns3:atemp>28.0</ns3:atemp>
            <ns3:hr>125</ns3:hr>
          </ns3:TrackPointExtension>
        </extensions>
      </trkpt>
      <trkpt lat="59.9992019869387149810791015625" lon="30.38350087590515613555908203125">
        <ele>37.799999237060546875</ele>
        <time>2026-06-30T15:11:52.000Z</time>
        <extensions>
          <ns3:TrackPointExtension>
            <ns3:atemp>28.0</ns3:atemp>
            <ns3:hr>121</ns3:hr>
          </ns3:TrackPointExtension>
        </extensions>
      </trkpt>
      <trkpt lat="59.9992687068879604339599609375" lon="30.38358855061233043670654296875">
        <ele>37.799999237060546875</ele>
        <time>2026-06-30T15:11:54.000Z</time>
        <extensions>
          <ns3:TrackPointExtension>
            <ns3:atemp>28.0</ns3:atemp>
            <ns3:hr>126</ns3:hr>
          </ns3:TrackPointExtension>
        </extensions>
      </trkpt>
      <trkpt lat="59.999365098774433135986328125" lon="30.3837145306169986724853515625">
        <ele>37.799999237060546875</ele>
        <time>2026-06-30T15:11:57.000Z</time>
        <extensions>
          <ns3:TrackPointExtension>
            <ns3:atemp>28.0</ns3:atemp>
            <ns3:hr>123</ns3:hr>
          </ns3:TrackPointExtension>
        </extensions>
      </trkpt>
      <trkpt lat="59.99952997080981731414794921875" lon="30.383891053497791290283203125">
        <ele>37.59999847412109375</ele>
        <time>2026-06-30T15:12:01.000Z</time>
        <extensions>
          <ns3:TrackPointExtension>
            <ns3:atemp>28.0</ns3:atemp>
            <ns3:hr>126</ns3:hr>
          </ns3:TrackPointExtension>
        </extensions>
      </trkpt>
      <trkpt lat="59.99958663247525691986083984375" lon="30.38394645787775516510009765625">
        <ele>37.59999847412109375</ele>
        <time>2026-06-30T15:12:02.000Z</time>
        <extensions>
          <ns3:TrackPointExtension>
            <ns3:atemp>28.0</ns3:atemp>
            <ns3:hr>123</ns3:hr>
          </ns3:TrackPointExtension>
        </extensions>
      </trkpt>
      <trkpt lat="59.999692328274250030517578125" lon="30.3840588591992855072021484375">
        <ele>37.40000152587890625</ele>
        <time>2026-06-30T15:12:04.000Z</time>
        <extensions>
          <ns3:TrackPointExtension>
            <ns3:atemp>28.0</ns3:atemp>
            <ns3:hr>126</ns3:hr>
          </ns3:TrackPointExtension>
        </extensions>
      </trkpt>
      <trkpt lat="59.9997960962355136871337890625" lon="30.3841922990977764129638671875">
        <ele>38</ele>
        <time>2026-06-30T15:12:06.000Z</time>
        <extensions>
          <ns3:TrackPointExtension>
            <ns3:atemp>28.0</ns3:atemp>
            <ns3:hr>127</ns3:hr>
          </ns3:TrackPointExtension>
        </extensions>
      </trkpt>
      <trkpt lat="59.99985753558576107025146484375" lon="30.38425876758992671966552734375">
        <ele>38.40000152587890625</ele>
        <time>2026-06-30T15:12:07.000Z</time>
        <extensions>
          <ns3:TrackPointExtension>
            <ns3:atemp>28.0</ns3:atemp>
            <ns3:hr>130</ns3:hr>
          </ns3:TrackPointExtension>
        </extensions>
      </trkpt>
      <trkpt lat="60.00003070570528507232666015625" lon="30.38444132544100284576416015625">
        <ele>38.40000152587890625</ele>
        <time>2026-06-30T15:12:10.000Z</time>
        <extensions>
          <ns3:TrackPointExtension>
            <ns3:atemp>28.0</ns3:atemp>
            <ns3:hr>130</ns3:hr>
          </ns3:TrackPointExtension>
        </extensions>
      </trkpt>
      <trkpt lat="60.000481903553009033203125" lon="30.38484114222228527069091796875">
        <ele>38.799999237060546875</ele>
        <time>2026-06-30T15:12:18.000Z</time>
        <extensions>
          <ns3:TrackPointExtension>
            <ns3:atemp>28.0</ns3:atemp>
            <ns3:hr>130</ns3:hr>
          </ns3:TrackPointExtension>
        </extensions>
      </trkpt>
      <trkpt lat="60.00094466842710971832275390625" lon="30.38530080579221248626708984375">
        <ele>37.40000152587890625</ele>
        <time>2026-06-30T15:12:26.000Z</time>
        <extensions>
          <ns3:TrackPointExtension>
            <ns3:atemp>28.0</ns3:atemp>
            <ns3:hr>129</ns3:hr>
          </ns3:TrackPointExtension>
        </extensions>
      </trkpt>
      <trkpt lat="60.0013102032244205474853515625" lon="30.38564714603126049041748046875">
        <ele>37</ele>
        <time>2026-06-30T15:12:32.000Z</time>
        <extensions>
          <ns3:TrackPointExtension>
            <ns3:atemp>28.0</ns3:atemp>
            <ns3:hr>131</ns3:hr>
          </ns3:TrackPointExtension>
        </extensions>
      </trkpt>
      <trkpt lat="60.0013507716357707977294921875" lon="30.38571520708501338958740234375">
        <ele>36.799999237060546875</ele>
        <time>2026-06-30T15:12:33.000Z</time>
        <extensions>
          <ns3:TrackPointExtension>
            <ns3:atemp>28.0</ns3:atemp>
            <ns3:hr>130</ns3:hr>
          </ns3:TrackPointExtension>
        </extensions>
      </trkpt>
      <trkpt lat="60.00143215991556644439697265625" lon="30.38588904775679111480712890625">
        <ele>37</ele>
        <time>2026-06-30T15:12:36.000Z</time>
        <extensions>
          <ns3:TrackPointExtension>
            <ns3:atemp>28.0</ns3:atemp>
            <ns3:hr>129</ns3:hr>
          </ns3:TrackPointExtension>
        </extensions>
      </trkpt>
      <trkpt lat="60.0017028115689754486083984375" lon="30.38615626282989978790283203125">
        <ele>37.40000152587890625</ele>
        <time>2026-06-30T15:12:43.000Z</time>
        <extensions>
          <ns3:TrackPointExtension>
            <ns3:atemp>28.0</ns3:atemp>
            <ns3:hr>129</ns3:hr>
          </ns3:TrackPointExtension>
        </extensions>
      </trkpt>
      <trkpt lat="60.00176793895661830902099609375" lon="30.386217869818210601806640625">
        <ele>37.200000762939453125</ele>
        <time>2026-06-30T15:12:47.000Z</time>
        <extensions>
          <ns3:TrackPointExtension>
            <ns3:atemp>28.0</ns3:atemp>
            <ns3:hr>126</ns3:hr>
          </ns3:TrackPointExtension>
        </extensions>
      </trkpt>
      <trkpt lat="60.0018580444157123565673828125" lon="30.38622398860752582550048828125">
        <ele>36.40000152587890625</ele>
        <time>2026-06-30T15:12:51.000Z</time>
        <extensions>
          <ns3:TrackPointExtension>
            <ns3:atemp>28.0</ns3:atemp>
            <ns3:hr>129</ns3:hr>
          </ns3:TrackPointExtension>
        </extensions>
      </trkpt>
      <trkpt lat="60.0019059889018535614013671875" lon="30.38619515486061573028564453125">
        <ele>36.200000762939453125</ele>
        <time>2026-06-30T15:12:53.000Z</time>
        <extensions>
          <ns3:TrackPointExtension>
            <ns3:atemp>28.0</ns3:atemp>
            <ns3:hr>130</ns3:hr>
          </ns3:TrackPointExtension>
        </extensions>
      </trkpt>
      <trkpt lat="60.002112351357936859130859375" lon="30.38627721369266510009765625">
        <ele>36.40000152587890625</ele>
        <time>2026-06-30T15:12:57.000Z</time>
        <extensions>
          <ns3:TrackPointExtension>
            <ns3:atemp>28.0</ns3:atemp>
            <ns3:hr>136</ns3:hr>
          </ns3:TrackPointExtension>
        </extensions>
      </trkpt>
      <trkpt lat="60.0022295303642749786376953125" lon="30.3863816522061824798583984375">
        <ele>36.40000152587890625</ele>
        <time>2026-06-30T15:12:59.000Z</time>
        <extensions>
          <ns3:TrackPointExtension>
            <ns3:atemp>28.0</ns3:atemp>
            <ns3:hr>137</ns3:hr>
          </ns3:TrackPointExtension>
        </extensions>
      </trkpt>
      <trkpt lat="60.0024984218180179595947265625" lon="30.3866445086896419525146484375">
        <ele>36.59999847412109375</ele>
        <time>2026-06-30T15:13:05.000Z</time>
        <extensions>
          <ns3:TrackPointExtension>
            <ns3:atemp>28.0</ns3:atemp>
            <ns3:hr>137</ns3:hr>
          </ns3:TrackPointExtension>
        </extensions>
      </trkpt>
      <trkpt lat="60.002694390714168548583984375" lon="30.38691616617143154144287109375">
        <ele>37.40000152587890625</ele>
        <time>2026-06-30T15:13:10.000Z</time>
        <extensions>
          <ns3:TrackPointExtension>
            <ns3:atemp>28.0</ns3:atemp>
            <ns3:hr>134</ns3:hr>
          </ns3:TrackPointExtension>
        </extensions>
      </trkpt>
      <trkpt lat="60.00279237516224384307861328125" lon="30.386998392641544342041015625">
        <ele>37.200000762939453125</ele>
        <time>2026-06-30T15:13:12.000Z</time>
        <extensions>
          <ns3:TrackPointExtension>
            <ns3:atemp>28.0</ns3:atemp>
            <ns3:hr>137</ns3:hr>
          </ns3:TrackPointExtension>
        </extensions>
      </trkpt>
      <trkpt lat="60.002843923866748809814453125" lon="30.3870414756238460540771484375">
        <ele>37</ele>
        <time>2026-06-30T15:13:13.000Z</time>
        <extensions>
          <ns3:TrackPointExtension>
            <ns3:atemp>28.0</ns3:atemp>
            <ns3:hr>137</ns3:hr>
          </ns3:TrackPointExtension>
        </extensions>
      </trkpt>
      <trkpt lat="60.0032244622707366943359375" lon="30.3872863948345184326171875">
        <ele>36.200000762939453125</ele>
        <time>2026-06-30T15:13:19.000Z</time>
        <extensions>
          <ns3:TrackPointExtension>
            <ns3:atemp>28.0</ns3:atemp>
            <ns3:hr>138</ns3:hr>
          </ns3:TrackPointExtension>
        </extensions>
      </trkpt>
      <trkpt lat="60.00357340089976787567138671875" lon="30.3875889815390110015869140625">
        <ele>36</ele>
        <time>2026-06-30T15:13:25.000Z</time>
        <extensions>
          <ns3:TrackPointExtension>
            <ns3:atemp>28.0</ns3:atemp>
            <ns3:hr>138</ns3:hr>
          </ns3:TrackPointExtension>
        </extensions>
      </trkpt>
      <trkpt lat="60.00373969785869121551513671875" lon="30.38778386078774929046630859375">
        <ele>36</ele>
        <time>2026-06-30T15:13:29.000Z</time>
        <extensions>
          <ns3:TrackPointExtension>
            <ns3:atemp>28.0</ns3:atemp>
            <ns3:hr>139</ns3:hr>
          </ns3:TrackPointExtension>
        </extensions>
      </trkpt>
      <trkpt lat="60.00377574004232883453369140625" lon="30.38781956769526004791259765625">
        <ele>35.799999237060546875</ele>
        <time>2026-06-30T15:13:30.000Z</time>
        <extensions>
          <ns3:TrackPointExtension>
            <ns3:atemp>28.0</ns3:atemp>
            <ns3:hr>140</ns3:hr>
          </ns3:TrackPointExtension>
        </extensions>
      </trkpt>
      <trkpt lat="60.0039106048643589019775390625" lon="30.388013608753681182861328125">
        <ele>35.59999847412109375</ele>
        <time>2026-06-30T15:13:34.000Z</time>
        <extensions>
          <ns3:TrackPointExtension>
            <ns3:atemp>28.0</ns3:atemp>
            <ns3:hr>137</ns3:hr>
          </ns3:TrackPointExtension>
        </extensions>
      </trkpt>
      <trkpt lat="60.0039783306419849395751953125" lon="30.38809415884315967559814453125">
        <ele>35.40000152587890625</ele>
        <time>2026-06-30T15:13:36.000Z</time>
        <extensions>
          <ns3:TrackPointExtension>
            <ns3:atemp>28.0</ns3:atemp>
            <ns3:hr>136</ns3:hr>
          </ns3:TrackPointExtension>
        </extensions>
      </trkpt>
      <trkpt lat="60.00410816632211208343505859375" lon="30.388187952339649200439453125">
        <ele>35.200000762939453125</ele>
        <time>2026-06-30T15:13:39.000Z</time>
        <extensions>
          <ns3:TrackPointExtension>
            <ns3:atemp>28.0</ns3:atemp>
            <ns3:hr>133</ns3:hr>
          </ns3:TrackPointExtension>
        </extensions>
      </trkpt>
      <trkpt lat="60.00420623458921909332275390625" lon="30.3882880322635173797607421875">
        <ele>35.40000152587890625</ele>
        <time>2026-06-30T15:13:41.000Z</time>
        <extensions>
          <ns3:TrackPointExtension>
            <ns3:atemp>28.0</ns3:atemp>
            <ns3:hr>134</ns3:hr>
          </ns3:TrackPointExtension>
        </extensions>
      </trkpt>
      <trkpt lat="60.0043501518666744232177734375" lon="30.3884692490100860595703125">
        <ele>36.799999237060546875</ele>
        <time>2026-06-30T15:13:44.000Z</time>
        <extensions>
          <ns3:TrackPointExtension>
            <ns3:atemp>28.0</ns3:atemp>
            <ns3:hr>134</ns3:hr>
          </ns3:TrackPointExtension>
        </extensions>
      </trkpt>
      <trkpt lat="60.00445358455181121826171875" lon="30.38857343606650829315185546875">
        <ele>38.200000762939453125</ele>
        <time>2026-06-30T15:13:46.000Z</time>
        <extensions>
          <ns3:TrackPointExtension>
            <ns3:atemp>28.0</ns3:atemp>
            <ns3:hr>133</ns3:hr>
          </ns3:TrackPointExtension>
        </extensions>
      </trkpt>
      <trkpt lat="60.00455693341791629791259765625" lon="30.3886819817125797271728515625">
        <ele>38.59999847412109375</ele>
        <time>2026-06-30T15:13:48.000Z</time>
        <extensions>
          <ns3:TrackPointExtension>
            <ns3:atemp>28.0</ns3:atemp>
            <ns3:hr>132</ns3:hr>
          </ns3:TrackPointExtension>
        </extensions>
      </trkpt>
      <trkpt lat="60.0046582706272602081298828125" lon="30.3888596780598163604736328125">
        <ele>38.59999847412109375</ele>
        <time>2026-06-30T15:13:50.000Z</time>
        <extensions>
          <ns3:TrackPointExtension>
            <ns3:atemp>28.0</ns3:atemp>
            <ns3:hr>132</ns3:hr>
          </ns3:TrackPointExtension>
        </extensions>
      </trkpt>
      <trkpt lat="60.004711411893367767333984375" lon="30.3889361210167407989501953125">
        <ele>38.200000762939453125</ele>
        <time>2026-06-30T15:13:51.000Z</time>
        <extensions>
          <ns3:TrackPointExtension>
            <ns3:atemp>28.0</ns3:atemp>
            <ns3:hr>135</ns3:hr>
          </ns3:TrackPointExtension>
        </extensions>
      </trkpt>
      <trkpt lat="60.004766397178173065185546875" lon="30.38899169303476810455322265625">
        <ele>37.59999847412109375</ele>
        <time>2026-06-30T15:13:52.000Z</time>
        <extensions>
          <ns3:TrackPointExtension>
            <ns3:atemp>28.0</ns3:atemp>
            <ns3:hr>132</ns3:hr>
          </ns3:TrackPointExtension>
        </extensions>
      </trkpt>
      <trkpt lat="60.00481903553009033203125" lon="30.38904927670955657958984375">
        <ele>37</ele>
        <time>2026-06-30T15:13:53.000Z</time>
        <extensions>
          <ns3:TrackPointExtension>
            <ns3:atemp>28.0</ns3:atemp>
            <ns3:hr>132</ns3:hr>
          </ns3:TrackPointExtension>
        </extensions>
      </trkpt>
      <trkpt lat="60.00496923923492431640625" lon="30.38921716623008251190185546875">
        <ele>36</ele>
        <time>2026-06-30T15:13:56.000Z</time>
        <extensions>
          <ns3:TrackPointExtension>
            <ns3:atemp>28.0</ns3:atemp>
            <ns3:hr>133</ns3:hr>
          </ns3:TrackPointExtension>
        </extensions>
      </trkpt>
      <trkpt lat="60.0050213746726512908935546875" lon="30.38926326669752597808837890625">
        <ele>35.799999237060546875</ele>
        <time>2026-06-30T15:13:57.000Z</time>
        <extensions>
          <ns3:TrackPointExtension>
            <ns3:atemp>28.0</ns3:atemp>
            <ns3:hr>133</ns3:hr>
          </ns3:TrackPointExtension>
        </extensions>
      </trkpt>
      <trkpt lat="60.00535547733306884765625" lon="30.3895077668130397796630859375">
        <ele>35</ele>
        <time>2026-06-30T15:14:03.000Z</time>
        <extensions>
          <ns3:TrackPointExtension>
            <ns3:atemp>28.0</ns3:atemp>
            <ns3:hr>135</ns3:hr>
          </ns3:TrackPointExtension>
        </extensions>
      </trkpt>
      <trkpt lat="60.0054099597036838531494140625" lon="30.389565937221050262451171875">
        <ele>34.799999237060546875</ele>
        <time>2026-06-30T15:14:04.000Z</time>
        <extensions>
          <ns3:TrackPointExtension>
            <ns3:atemp>28.0</ns3:atemp>
            <ns3:hr>135</ns3:hr>
          </ns3:TrackPointExtension>
        </extensions>
      </trkpt>
      <trkpt lat="60.00566552393138408660888671875" lon="30.38987271487712860107421875">
        <ele>34.40000152587890625</ele>
        <time>2026-06-30T15:14:09.000Z</time>
        <extensions>
          <ns3:TrackPointExtension>
            <ns3:atemp>28.0</ns3:atemp>
            <ns3:hr>133</ns3:hr>
          </ns3:TrackPointExtension>
        </extensions>
      </trkpt>
      <trkpt lat="60.0059755705296993255615234375" lon="30.39032064378261566162109375">
        <ele>33.200000762939453125</ele>
        <time>2026-06-30T15:14:16.000Z</time>
        <extensions>
          <ns3:TrackPointExtension>
            <ns3:atemp>28.0</ns3:atemp>
            <ns3:hr>131</ns3:hr>
          </ns3:TrackPointExtension>
        </extensions>
      </trkpt>
      <trkpt lat="60.00610674731433391571044921875" lon="30.3905265033245086669921875">
        <ele>33.59999847412109375</ele>
        <time>2026-06-30T15:14:19.000Z</time>
        <extensions>
          <ns3:TrackPointExtension>
            <ns3:atemp>28.0</ns3:atemp>
            <ns3:hr>131</ns3:hr>
          </ns3:TrackPointExtension>
        </extensions>
      </trkpt>
      <trkpt lat="60.00616122968494892120361328125" lon="30.3905729390680789947509765625">
        <ele>33.59999847412109375</ele>
        <time>2026-06-30T15:14:20.000Z</time>
        <extensions>
          <ns3:TrackPointExtension>
            <ns3:atemp>28.0</ns3:atemp>
            <ns3:hr>131</ns3:hr>
          </ns3:TrackPointExtension>
        </extensions>
      </trkpt>
      <trkpt lat="60.006243288516998291015625" lon="30.3906735219061374664306640625">
        <ele>33.799999237060546875</ele>
        <time>2026-06-30T15:14:22.000Z</time>
        <extensions>
          <ns3:TrackPointExtension>
            <ns3:atemp>28.0</ns3:atemp>
            <ns3:hr>131</ns3:hr>
          </ns3:TrackPointExtension>
        </extensions>
      </trkpt>
      <trkpt lat="60.00627773813903331756591796875" lon="30.39072054438292980194091796875">
        <ele>33.799999237060546875</ele>
        <time>2026-06-30T15:14:23.000Z</time>
        <extensions>
          <ns3:TrackPointExtension>
            <ns3:atemp>28.0</ns3:atemp>
            <ns3:hr>131</ns3:hr>
          </ns3:TrackPointExtension>
        </extensions>
      </trkpt>
      <trkpt lat="60.00634831376373767852783203125" lon="30.3907938860356807708740234375">
        <ele>33.59999847412109375</ele>
        <time>2026-06-30T15:14:25.000Z</time>
        <extensions>
          <ns3:TrackPointExtension>
            <ns3:atemp>28.0</ns3:atemp>
            <ns3:hr>131</ns3:hr>
          </ns3:TrackPointExtension>
        </extensions>
      </trkpt>
      <trkpt lat="60.0064617209136486053466796875" lon="30.39099396206438541412353515625">
        <ele>33</ele>
        <time>2026-06-30T15:14:29.000Z</time>
        <extensions>
          <ns3:TrackPointExtension>
            <ns3:atemp>28.0</ns3:atemp>
            <ns3:hr>131</ns3:hr>
          </ns3:TrackPointExtension>
        </extensions>
      </trkpt>
      <trkpt lat="60.0064258463680744171142578125" lon="30.39115020073950290679931640625">
        <ele>33</ele>
        <time>2026-06-30T15:14:31.000Z</time>
        <extensions>
          <ns3:TrackPointExtension>
            <ns3:atemp>28.0</ns3:atemp>
            <ns3:hr>134</ns3:hr>
          </ns3:TrackPointExtension>
        </extensions>
      </trkpt>
      <trkpt lat="60.006431378424167633056640625" lon="30.3911720775067806243896484375">
        <ele>33</ele>
        <time>2026-06-30T15:14:32.000Z</time>
        <extensions>
          <ns3:TrackPointExtension>
            <ns3:atemp>28.0</ns3:atemp>
            <ns3:hr>132</ns3:hr>
          </ns3:TrackPointExtension>
        </extensions>
      </trkpt>
      <trkpt lat="60.0064439512789249420166015625" lon="30.39120309054851531982421875">
        <ele>33</ele>
        <time>2026-06-30T15:14:40.000Z</time>
        <extensions>
          <ns3:TrackPointExtension>
            <ns3:atemp>28.0</ns3:atemp>
            <ns3:hr>132</ns3:hr>
          </ns3:TrackPointExtension>
        </extensions>
      </trkpt>
      <trkpt lat="60.0064473040401935577392578125" lon="30.3911087103188037872314453125">
        <ele>33.40000152587890625</ele>
        <time>2026-06-30T15:14:47.000Z</time>
        <extensions>
          <ns3:TrackPointExtension>
            <ns3:atemp>28.0</ns3:atemp>
            <ns3:hr>130</ns3:hr>
          </ns3:TrackPointExtension>
        </extensions>
      </trkpt>
      <trkpt lat="60.00639282166957855224609375" lon="30.39103218354284763336181640625">
        <ele>33.40000152587890625</ele>
        <time>2026-06-30T15:14:52.000Z</time>
        <extensions>
          <ns3:TrackPointExtension>
            <ns3:atemp>28.0</ns3:atemp>
            <ns3:hr>129</ns3:hr>
          </ns3:TrackPointExtension>
        </extensions>
      </trkpt>
      <trkpt lat="60.00633959658443927764892578125" lon="30.39099882356822490692138671875">
        <ele>33.40000152587890625</ele>
        <time>2026-06-30T15:14:54.000Z</time>
        <extensions>
          <ns3:TrackPointExtension>
            <ns3:atemp>28.0</ns3:atemp>
            <ns3:hr>129</ns3:hr>
          </ns3:TrackPointExtension>
        </extensions>
      </trkpt>
      <trkpt lat="60.0063252635300159454345703125" lon="30.390975773334503173828125">
        <ele>33.40000152587890625</ele>
        <time>2026-06-30T15:15:00.000Z</time>
        <extensions>
          <ns3:TrackPointExtension>
            <ns3:atemp>28.0</ns3:atemp>
            <ns3:hr>128</ns3:hr>
          </ns3:TrackPointExtension>
        </extensions>
      </trkpt>
      <trkpt lat="60.00642626546323299407958984375" lon="30.39109001867473125457763671875">
        <ele>33.40000152587890625</ele>
        <time>2026-06-30T15:15:09.000Z</time>
        <extensions>
          <ns3:TrackPointExtension>
            <ns3:atemp>28.0</ns3:atemp>
            <ns3:hr>126</ns3:hr>
          </ns3:TrackPointExtension>
        </extensions>
      </trkpt>
      <trkpt lat="60.00641101039946079254150390625" lon="30.3910470195114612579345703125">
        <ele>33.59999847412109375</ele>
        <time>2026-06-30T15:15:14.000Z</time>
        <extensions>
          <ns3:TrackPointExtension>
            <ns3:atemp>28.0</ns3:atemp>
            <ns3:hr>125</ns3:hr>
          </ns3:TrackPointExtension>
        </extensions>
      </trkpt>
      <trkpt lat="60.00676774419844150543212890625" lon="30.392178408801555633544921875">
        <ele>34.200000762939453125</ele>
        <time>2026-06-30T15:15:30.000Z</time>
        <extensions>
          <ns3:TrackPointExtension>
            <ns3:atemp>28.0</ns3:atemp>
            <ns3:hr>128</ns3:hr>
          </ns3:TrackPointExtension>
        </extensions>
      </trkpt>
      <trkpt lat="60.006720386445522308349609375" lon="30.39221973158419132232666015625">
        <ele>34.200000762939453125</ele>
        <time>2026-06-30T15:15:31.000Z</time>
        <extensions>
          <ns3:TrackPointExtension>
            <ns3:atemp>28.0</ns3:atemp>
            <ns3:hr>127</ns3:hr>
          </ns3:TrackPointExtension>
        </extensions>
      </trkpt>
      <trkpt lat="60.00611429102718830108642578125" lon="30.3925168700516223907470703125">
        <ele>34.200000762939453125</ele>
        <time>2026-06-30T15:15:37.000Z</time>
        <extensions>
          <ns3:TrackPointExtension>
            <ns3:atemp>28.0</ns3:atemp>
            <ns3:hr>128</ns3:hr>
          </ns3:TrackPointExtension>
        </extensions>
      </trkpt>
      <trkpt lat="60.00602929852902889251708984375" lon="30.39256858639419078826904296875">
        <ele>34.200000762939453125</ele>
        <time>2026-06-30T15:15:38.000Z</time>
        <extensions>
          <ns3:TrackPointExtension>
            <ns3:atemp>28.0</ns3:atemp>
            <ns3:hr>129</ns3:hr>
          </ns3:TrackPointExtension>
        </extensions>
      </trkpt>
      <trkpt lat="60.005749762058258056640625" lon="30.39277360774576663970947265625">
        <ele>34.40000152587890625</ele>
        <time>2026-06-30T15:15:43.000Z</time>
        <extensions>
          <ns3:TrackPointExtension>
            <ns3:atemp>28.0</ns3:atemp>
            <ns3:hr>128</ns3:hr>
          </ns3:TrackPointExtension>
        </extensions>
      </trkpt>
      <trkpt lat="60.0058967806398868560791015625" lon="30.39323109202086925506591796875">
        <ele>34.799999237060546875</ele>
        <time>2026-06-30T15:15:47.000Z</time>
        <extensions>
          <ns3:TrackPointExtension>
            <ns3:atemp>28.0</ns3:atemp>
            <ns3:hr>129</ns3:hr>
          </ns3:TrackPointExtension>
        </extensions>
      </trkpt>
      <trkpt lat="60.00587792135775089263916015625" lon="30.3932943753898143768310546875">
        <ele>34.799999237060546875</ele>
        <time>2026-06-30T15:15:48.000Z</time>
        <extensions>
          <ns3:TrackPointExtension>
            <ns3:atemp>28.0</ns3:atemp>
            <ns3:hr>127</ns3:hr>
          </ns3:TrackPointExtension>
        </extensions>
      </trkpt>
      <trkpt lat="60.0059282965958118438720703125" lon="30.39342639036476612091064453125">
        <ele>34.200000762939453125</ele>
        <time>2026-06-30T15:15:50.000Z</time>
        <extensions>
          <ns3:TrackPointExtension>
            <ns3:atemp>28.0</ns3:atemp>
            <ns3:hr>128</ns3:hr>
          </ns3:TrackPointExtension>
        </extensions>
      </trkpt>
      <trkpt lat="60.00594967044889926910400390625" lon="30.39356083609163761138916015625">
        <ele>33.59999847412109375</ele>
        <time>2026-06-30T15:15:54.000Z</time>
        <extensions>
          <ns3:TrackPointExtension>
            <ns3:atemp>28.0</ns3:atemp>
            <ns3:hr>128</ns3:hr>
          </ns3:TrackPointExtension>
        </extensions>
      </trkpt>
      <trkpt lat="60.00594447366893291473388671875" lon="30.39358757436275482177734375">
        <ele>33.40000152587890625</ele>
        <time>2026-06-30T15:15:55.000Z</time>
        <extensions>
          <ns3:TrackPointExtension>
            <ns3:atemp>28.0</ns3:atemp>
            <ns3:hr>127</ns3:hr>
          </ns3:TrackPointExtension>
        </extensions>
      </trkpt>
      <trkpt lat="60.00587691552937030792236328125" lon="30.3935646079480648040771484375">
        <ele>32.200000762939453125</ele>
        <time>2026-06-30T15:15:59.000Z</time>
        <extensions>
          <ns3:TrackPointExtension>
            <ns3:atemp>28.0</ns3:atemp>
            <ns3:hr>129</ns3:hr>
          </ns3:TrackPointExtension>
        </extensions>
      </trkpt>
      <trkpt lat="60.00591983087360858917236328125" lon="30.3936217725276947021484375">
        <ele>31.799999237060546875</ele>
        <time>2026-06-30T15:16:01.000Z</time>
        <extensions>
          <ns3:TrackPointExtension>
            <ns3:atemp>28.0</ns3:atemp>
            <ns3:hr>128</ns3:hr>
          </ns3:TrackPointExtension>
        </extensions>
      </trkpt>
      <trkpt lat="60.00591262243688106536865234375" lon="30.3935783542692661285400390625">
        <ele>31.799999237060546875</ele>
        <time>2026-06-30T15:16:03.000Z</time>
        <extensions>
          <ns3:TrackPointExtension>
            <ns3:atemp>28.0</ns3:atemp>
            <ns3:hr>126</ns3:hr>
          </ns3:TrackPointExtension>
        </extensions>
      </trkpt>
      <trkpt lat="60.0059135444462299346923828125" lon="30.3936061821877956390380859375">
        <ele>31.6000003814697265625</ele>
        <time>2026-06-30T15:16:05.000Z</time>
        <extensions>
          <ns3:TrackPointExtension>
            <ns3:atemp>28.0</ns3:atemp>
            <ns3:hr>125</ns3:hr>
          </ns3:TrackPointExtension>
        </extensions>
      </trkpt>
      <trkpt lat="60.00592351891100406646728515625" lon="30.39363325573503971099853515625">
        <ele>31.6000003814697265625</ele>
        <time>2026-06-30T15:16:12.000Z</time>
        <extensions>
          <ns3:TrackPointExtension>
            <ns3:atemp>28.0</ns3:atemp>
            <ns3:hr>129</ns3:hr>
          </ns3:TrackPointExtension>
        </extensions>
      </trkpt>
      <trkpt lat="60.00592486001551151275634765625" lon="30.39363727904856204986572265625">
        <ele>31.6000003814697265625</ele>
        <time>2026-06-30T15:16:15.000Z</time>
        <extensions>
          <ns3:TrackPointExtension>
            <ns3:atemp>28.0</ns3:atemp>
            <ns3:hr>132</ns3:hr>
          </ns3:TrackPointExtension>
        </extensions>
      </trkpt>
      <trkpt lat="60.00591329298913478851318359375" lon="30.3936028294265270233154296875">
        <ele>31.3999996185302734375</ele>
        <time>2026-06-30T15:16:19.000Z</time>
        <extensions>
          <ns3:TrackPointExtension>
            <ns3:atemp>28.0</ns3:atemp>
            <ns3:hr>130</ns3:hr>
          </ns3:TrackPointExtension>
        </extensions>
      </trkpt>
      <trkpt lat="60.0059135444462299346923828125" lon="30.39365236647427082061767578125">
        <ele>31.799999237060546875</ele>
        <time>2026-06-30T15:16:21.000Z</time>
        <extensions>
          <ns3:TrackPointExtension>
            <ns3:atemp>28.0</ns3:atemp>
            <ns3:hr>124</ns3:hr>
          </ns3:TrackPointExtension>
        </extensions>
      </trkpt>
      <trkpt lat="60.005913712084293365478515625" lon="30.3936128877103328704833984375">
        <ele>31.799999237060546875</ele>
        <time>2026-06-30T15:16:22.000Z</time>
        <extensions>
          <ns3:TrackPointExtension>
            <ns3:atemp>28.0</ns3:atemp>
            <ns3:hr>121</ns3:hr>
          </ns3:TrackPointExtension>
        </extensions>
      </trkpt>
      <trkpt lat="60.1183678396046161651611328125" lon="31.38828168623149394989013671875">
        <ele>50.40000152587890625</ele>
        <time>2026-06-30T15:26:46.000Z</time>
        <extensions>
          <ns3:TrackPointExtension>
            <ns3:atemp>28.0</ns3:atemp>
          </ns3:TrackPointExtension>
        </extensions>
      </trkpt>
    </trkseg>
  </trk>
</gpx>
