<?xml version="1.0" encoding="UTF-8"?>
<gpx creator="Garmin Connect" version="1.1"
  xsi:schemaLocation="http://www.topografix.com/GPX/1/1 http://www.topografix.com/GPX/11.xsd"
  xmlns:ns3="http://www.garmin.com/xmlschemas/TrackPointExtension/v1"
  xmlns="http://www.topografix.com/GPX/1/1"
  xmlns:xsi="http://www.w3.org/2001/XMLSchema-instance" xmlns:ns2="http://www.garmin.com/xmlschemas/GpxExtensions/v3">
  <metadata>
    <link href="connect.garmin.com">
      <text>Garmin Connect</text>
    </link>
    <time>2026-03-17T06:51:44.000Z</time>
  </metadata>
  <trk>
    <name>Петербург Велосипед</name>
    <type>cycling</type>
    <trkseg>
      <trkpt lat="60.00426155515015125274658203125" lon="30.3890698961913585662841796875">
        <ele>91</ele>
        <time>2026-03-17T06:52:43.000Z</time>
        <extensions>
          <ns3:TrackPointExtension>
            <ns3:atemp>21.0</ns3:atemp>
            <ns3:hr>128</ns3:hr>
          </ns3:TrackPointExtension>
        </extensions>
      </trkpt>
      <trkpt lat="60.00442550517618656158447265625" lon="30.38864099420607089996337890625">
        <ele>91</ele>
        <time>2026-03-17T06:52:48.000Z</time>
        <extensions>
          <ns3:TrackPointExtension>
            <ns3:atemp>21.0</ns3:atemp>
            <ns3:hr>125</ns3:hr>
          </ns3:TrackPointExtension>
        </extensions>
      </trkpt>
      <trkpt lat="60.0044768862426280975341796875" lon="30.38847167976200580596923828125">
        <ele>91</ele>
        <time>2026-03-17T06:52:50.000Z</time>
        <extensions>
          <ns3:TrackPointExtension>
            <ns3:atemp>21.0</ns3:atemp>
            <ns3:hr>128</ns3:hr>
          </ns3:TrackPointExtension>
        </extensions>
      </trkpt>
      <trkpt lat="60.00449004583060741424560546875" lon="30.38842834532260894775390625">
        <ele>90.8000030517578125</ele>
        <time>2026-03-17T06:52:51.000Z</time>
        <extensions>
          <ns3:TrackPointExtension>
            <ns3:atemp>21.0</ns3:atemp>
            <ns3:hr>128</ns3:hr>
          </ns3:TrackPointExtension>
        </extensions>
      </trkpt>
      <trkpt lat="60.00464536249637603759765625" lon="30.388117544353008270263671875">
        <ele>90.1999969482421875</ele>
        <time>2026-03-17T06:53:03.000Z</time>
        <extensions>
          <ns3:TrackPointExtension>
            <ns3:atemp>21.0</ns3:atemp>
            <ns3:hr>125</ns3:hr>
          </ns3:TrackPointExtension>
        </extensions>
      </trkpt>
      <trkpt lat="60.00465810298919677734375" lon="30.38812098093330860137939453125">
        <ele>90.1999969482421875</ele>
        <time>2026-03-17T06:53:04.000Z</time>
        <extensions>
          <ns3:TrackPointExtension>
            <ns3:atemp>21.0</ns3:atemp>
            <ns3:hr>124</ns3:hr>
          </ns3:TrackPointExtension>
        </extensions>
      </trkpt>
      <trkpt lat="60.0046527385711669921875" lon="30.3880939073860645294189453125">
        <ele>90</ele>
        <time>2026-03-17T06:53:07.000Z</time>
        <extensions>
          <ns3:TrackPointExtension>
            <ns3:atemp>21.0</ns3:atemp>
            <ns3:hr>122</ns3:hr>
          </ns3:TrackPointExtension>
        </extensions>
      </trkpt>
      <trkpt lat="60.0046475417912006378173828125" lon="30.38808024488389492034912109375">
        <ele>89.59999847412109375</ele>
        <time>2026-03-17T06:53:11.000Z</time>
        <extensions>
          <ns3:TrackPointExtension>
            <ns3:atemp>21.0</ns3:atemp>
            <ns3:hr>118</ns3:hr>
          </ns3:TrackPointExtension>
        </extensions>
      </trkpt>
      <trkpt lat="60.0046455301344394683837890625" lon="30.38808099925518035888671875">
        <ele>89.40000152587890625</ele>
        <time>2026-03-17T06:53:12.000Z</time>
        <extensions>
          <ns3:TrackPointExtension>
            <ns3:atemp>21.0</ns3:atemp>
            <ns3:hr>114</ns3:hr>
          </ns3:TrackPointExtension>
        </extensions>
      </trkpt>
      <trkpt lat="60.00464326702058315277099609375" lon="30.3880808316171169281005859375">
        <ele>89.40000152587890625</ele>
        <time>2026-03-17T06:53:13.000Z</time>
        <extensions>
          <ns3:TrackPointExtension>
            <ns3:atemp>21.0</ns3:atemp>
            <ns3:hr>110</ns3:hr>
          </ns3:TrackPointExtension>
        </extensions>
      </trkpt>
      <trkpt lat="60.00464133918285369873046875" lon="30.38808242417871952056884765625">
        <ele>89.40000152587890625</ele>
        <time>2026-03-17T06:53:14.000Z</time>
        <extensions>
          <ns3:TrackPointExtension>
            <ns3:atemp>21.0</ns3:atemp>
            <ns3:hr>105</ns3:hr>
          </ns3:TrackPointExtension>
        </extensions>
      </trkpt>
      <trkpt lat="60.00464008189737796783447265625" lon="30.38807890377938747406005859375">
        <ele>89.1999969482421875</ele>
        <time>2026-03-17T06:53:15.000Z</time>
        <extensions>
          <ns3:TrackPointExtension>
            <ns3:atemp>21.0</ns3:atemp>
            <ns3:hr>100</ns3:hr>
          </ns3:TrackPointExtension>
        </extensions>
      </trkpt>
      <trkpt lat="60.004639327526092529296875" lon="30.38807370699942111968994140625">
        <ele>89.1999969482421875</ele>
        <time>2026-03-17T06:53:16.000Z</time>
        <extensions>
          <ns3:TrackPointExtension>
            <ns3:atemp>21.0</ns3:atemp>
            <ns3:hr>95</ns3:hr>
          </ns3:TrackPointExtension>
        </extensions>
      </trkpt>
      <trkpt lat="60.0046368129551410675048828125" lon="30.38806683383882045745849609375">
        <ele>89.1999969482421875</ele>
        <time>2026-03-17T06:53:17.000Z</time>
        <extensions>
          <ns3:TrackPointExtension>
            <ns3:atemp>21.0</ns3:atemp>
            <ns3:hr>90</ns3:hr>
          </ns3:TrackPointExtension>
        </extensions>
      </trkpt>
      <trkpt lat="60.004635639488697052001953125" lon="30.388064570724964141845703125">
        <ele>89.1999969482421875</ele>
        <time>2026-03-17T06:53:18.000Z</time>
        <extensions>
          <ns3:TrackPointExtension>
            <ns3:atemp>21.0</ns3:atemp>
            <ns3:hr>87</ns3:hr>
          </ns3:TrackPointExtension>
        </extensions>
      </trkpt>
      <trkpt lat="60.00461728312075138092041015625" lon="30.3880801610648632049560546875">
        <ele>88.8000030517578125</ele>
        <time>2026-03-17T06:53:23.000Z</time>
        <extensions>
          <ns3:TrackPointExtension>
            <ns3:atemp>21.0</ns3:atemp>
            <ns3:hr>85</ns3:hr>
          </ns3:TrackPointExtension>
        </extensions>
      </trkpt>
      <trkpt lat="60.0046223960816860198974609375" lon="30.38807370699942111968994140625">
        <ele>88.8000030517578125</ele>
        <time>2026-03-17T06:53:24.000Z</time>
        <extensions>
          <ns3:TrackPointExtension>
            <ns3:atemp>21.0</ns3:atemp>
            <ns3:hr>85</ns3:hr>
          </ns3:TrackPointExtension>
        </extensions>
      </trkpt>
      <trkpt lat="60.004627592861652374267578125" lon="30.3880509920418262481689453125">
        <ele>88.40000152587890625</ele>
        <time>2026-03-17T06:53:29.000Z</time>
        <extensions>
          <ns3:TrackPointExtension>
            <ns3:atemp>21.0</ns3:atemp>
            <ns3:hr>90</ns3:hr>
          </ns3:TrackPointExtension>
        </extensions>
      </trkpt>
      <trkpt lat="60.00465047545731067657470703125" lon="30.38802324794232845306396484375">
        <ele>89.1999969482421875</ele>
        <time>2026-03-17T06:53:32.000Z</time>
        <extensions>
          <ns3:TrackPointExtension>
            <ns3:atemp>21.0</ns3:atemp>
            <ns3:hr>93</ns3:hr>
          </ns3:TrackPointExtension>
        </extensions>
      </trkpt>
      <trkpt lat="60.0046639703214168548583984375" lon="30.38809734396636486053466796875">
        <ele>90</ele>
        <time>2026-03-17T06:53:38.000Z</time>
        <extensions>
          <ns3:TrackPointExtension>
            <ns3:atemp>21.0</ns3:atemp>
            <ns3:hr>93</ns3:hr>
          </ns3:TrackPointExtension>
        </extensions>
      </trkpt>
      <trkpt lat="60.0046519003808498382568359375" lon="30.38815417326986789703369140625">
        <ele>89.8000030517578125</ele>
        <time>2026-03-17T06:53:42.000Z</time>
        <extensions>
          <ns3:TrackPointExtension>
            <ns3:atemp>21.0</ns3:atemp>
            <ns3:hr>95</ns3:hr>
          </ns3:TrackPointExtension>
        </extensions>
      </trkpt>
      <trkpt lat="60.0046488828957080841064453125" lon="30.38814746774733066558837890625">
        <ele>89.8000030517578125</ele>
        <time>2026-03-17T06:53:45.000Z</time>
        <extensions>
          <ns3:TrackPointExtension>
            <ns3:atemp>21.0</ns3:atemp>
            <ns3:hr>99</ns3:hr>
          </ns3:TrackPointExtension>
        </extensions>
      </trkpt>
      <trkpt lat="60.0046405009925365447998046875" lon="30.38815417326986789703369140625">
        <ele>89.8000030517578125</ele>
        <time>2026-03-17T06:53:47.000Z</time>
        <extensions>
          <ns3:TrackPointExtension>
            <ns3:atemp>21.0</ns3:atemp>
            <ns3:hr>102</ns3:hr>
          </ns3:TrackPointExtension>
        </extensions>
      </trkpt>
      <trkpt lat="60.00463270582258701324462890625" lon="30.38816859014332294464111328125">
        <ele>89.8000030517578125</ele>
        <time>2026-03-17T06:53:50.000Z</time>
        <extensions>
          <ns3:TrackPointExtension>
            <ns3:atemp>21.0</ns3:atemp>
            <ns3:hr>105</ns3:hr>
          </ns3:TrackPointExtension>
        </extensions>
      </trkpt>
      <trkpt lat="60.004616193473339080810546875" lon="30.38823782466351985931396484375">
        <ele>89.8000030517578125</ele>
        <time>2026-03-17T06:53:52.000Z</time>
        <extensions>
          <ns3:TrackPointExtension>
            <ns3:atemp>21.0</ns3:atemp>
            <ns3:hr>104</ns3:hr>
          </ns3:TrackPointExtension>
        </extensions>
      </trkpt>
      <trkpt lat="60.004607141017913818359375" lon="30.3882632218301296234130859375">
        <ele>89.8000030517578125</ele>
        <time>2026-03-17T06:53:53.000Z</time>
        <extensions>
          <ns3:TrackPointExtension>
            <ns3:atemp>21.0</ns3:atemp>
            <ns3:hr>107</ns3:hr>
          </ns3:TrackPointExtension>
        </extensions>
      </trkpt>
      <trkpt lat="60.004614852368831634521484375" lon="30.388305298984050750732421875">
        <ele>89.59999847412109375</ele>
        <time>2026-03-17T06:53:55.000Z</time>
        <extensions>
          <ns3:TrackPointExtension>
            <ns3:atemp>21.0</ns3:atemp>
            <ns3:hr>104</ns3:hr>
          </ns3:TrackPointExtension>
        </extensions>
      </trkpt>
      <trkpt lat="60.00462398864328861236572265625" lon="30.38832466118037700653076171875">
        <ele>89.40000152587890625</ele>
        <time>2026-03-17T06:53:57.000Z</time>
        <extensions>
          <ns3:TrackPointExtension>
            <ns3:atemp>21.0</ns3:atemp>
            <ns3:hr>101</ns3:hr>
          </ns3:TrackPointExtension>
        </extensions>
      </trkpt>
      <trkpt lat="60.00461426563560962677001953125" lon="30.3883671574294567108154296875">
        <ele>89.40000152587890625</ele>
        <time>2026-03-17T06:54:00.000Z</time>
        <extensions>
          <ns3:TrackPointExtension>
            <ns3:atemp>21.0</ns3:atemp>
            <ns3:hr>102</ns3:hr>
          </ns3:TrackPointExtension>
        </extensions>
      </trkpt>
      <trkpt lat="60.00460990704596042633056640625" lon="30.38839926011860370635986328125">
        <ele>89.1999969482421875</ele>
        <time>2026-03-17T06:54:08.000Z</time>
        <extensions>
          <ns3:TrackPointExtension>
            <ns3:atemp>21.0</ns3:atemp>
            <ns3:hr>99</ns3:hr>
          </ns3:TrackPointExtension>
        </extensions>
      </trkpt>
      <trkpt lat="60.00459699891507625579833984375" lon="30.38836673833429813385009765625">
        <ele>89.40000152587890625</ele>
        <time>2026-03-17T06:54:10.000Z</time>
        <extensions>
          <ns3:TrackPointExtension>
            <ns3:atemp>21.0</ns3:atemp>
            <ns3:hr>100</ns3:hr>
          </ns3:TrackPointExtension>
        </extensions>
      </trkpt>
      <trkpt lat="60.00453346408903598785400390625" lon="30.38832642138004302978515625">
        <ele>89.40000152587890625</ele>
        <time>2026-03-17T06:54:13.000Z</time>
        <extensions>
          <ns3:TrackPointExtension>
            <ns3:atemp>21.0</ns3:atemp>
            <ns3:hr>98</ns3:hr>
          </ns3:TrackPointExtension>
        </extensions>
      </trkpt>
      <trkpt lat="60.00434671528637409210205078125" lon="30.38830638863146305084228515625">
        <ele>90.1999969482421875</ele>
        <time>2026-03-17T06:54:17.000Z</time>
        <extensions>
          <ns3:TrackPointExtension>
            <ns3:atemp>21.0</ns3:atemp>
            <ns3:hr>100</ns3:hr>
          </ns3:TrackPointExtension>
        </extensions>
      </trkpt>
      <trkpt lat="60.0042463839054107666015625" lon="30.3882987610995769500732421875">
        <ele>90.8000030517578125</ele>
        <time>2026-03-17T06:54:19.000Z</time>
        <extensions>
          <ns3:TrackPointExtension>
            <ns3:atemp>21.0</ns3:atemp>
            <ns3:hr>106</ns3:hr>
          </ns3:TrackPointExtension>
        </extensions>
      </trkpt>
      <trkpt lat="60.0041992776095867156982421875" lon="30.38827118463814258575439453125">
        <ele>91</ele>
        <time>2026-03-17T06:54:20.000Z</time>
        <extensions>
          <ns3:TrackPointExtension>
            <ns3:atemp>21.0</ns3:atemp>
            <ns3:hr>110</ns3:hr>
          </ns3:TrackPointExtension>
        </extensions>
      </trkpt>
      <trkpt lat="60.00415191985666751861572265625" lon="30.388233549892902374267578125">
        <ele>91.1999969482421875</ele>
        <time>2026-03-17T06:54:21.000Z</time>
        <extensions>
          <ns3:TrackPointExtension>
            <ns3:atemp>21.0</ns3:atemp>
            <ns3:hr>113</ns3:hr>
          </ns3:TrackPointExtension>
        </extensions>
      </trkpt>
      <trkpt lat="60.0041070766746997833251953125" lon="30.38818954490125179290771484375">
        <ele>91.1999969482421875</ele>
        <time>2026-03-17T06:54:22.000Z</time>
        <extensions>
          <ns3:TrackPointExtension>
            <ns3:atemp>21.0</ns3:atemp>
            <ns3:hr>117</ns3:hr>
          </ns3:TrackPointExtension>
        </extensions>
      </trkpt>
      <trkpt lat="60.0040210783481597900390625" lon="30.38811025209724903106689453125">
        <ele>91.1999969482421875</ele>
        <time>2026-03-17T06:54:24.000Z</time>
        <extensions>
          <ns3:TrackPointExtension>
            <ns3:atemp>21.0</ns3:atemp>
            <ns3:hr>120</ns3:hr>
          </ns3:TrackPointExtension>
        </extensions>
      </trkpt>
      <trkpt lat="60.00398243777453899383544921875" lon="30.38807605393230915069580078125">
        <ele>91.1999969482421875</ele>
        <time>2026-03-17T06:54:25.000Z</time>
        <extensions>
          <ns3:TrackPointExtension>
            <ns3:atemp>21.0</ns3:atemp>
            <ns3:hr>120</ns3:hr>
          </ns3:TrackPointExtension>
        </extensions>
      </trkpt>
      <trkpt lat="60.0037744827568531036376953125" lon="30.3878266923129558563232421875">
        <ele>91.59999847412109375</ele>
        <time>2026-03-17T06:54:30.000Z</time>
        <extensions>
          <ns3:TrackPointExtension>
            <ns3:atemp>21.0</ns3:atemp>
            <ns3:hr>123</ns3:hr>
          </ns3:TrackPointExtension>
        </extensions>
      </trkpt>
      <trkpt lat="60.0037389434874057769775390625" lon="30.38778738118708133697509765625">
        <ele>91.59999847412109375</ele>
        <time>2026-03-17T06:54:31.000Z</time>
        <extensions>
          <ns3:TrackPointExtension>
            <ns3:atemp>21.0</ns3:atemp>
            <ns3:hr>123</ns3:hr>
          </ns3:TrackPointExtension>
        </extensions>
      </trkpt>
      <trkpt lat="60.00358412973582744598388671875" lon="30.38757397793233394622802734375">
        <ele>91.8000030517578125</ele>
        <time>2026-03-17T06:54:35.000Z</time>
        <extensions>
          <ns3:TrackPointExtension>
            <ns3:atemp>21.0</ns3:atemp>
            <ns3:hr>127</ns3:hr>
          </ns3:TrackPointExtension>
        </extensions>
      </trkpt>
      <trkpt lat="60.0035448186099529266357421875" lon="30.38752578198909759521484375">
        <ele>92.1999969482421875</ele>
        <time>2026-03-17T06:54:36.000Z</time>
        <extensions>
          <ns3:TrackPointExtension>
            <ns3:atemp>21.0</ns3:atemp>
            <ns3:hr>127</ns3:hr>
          </ns3:TrackPointExtension>
        </extensions>
      </trkpt>
      <trkpt lat="60.00347097404301166534423828125" lon="30.3874354250729084014892578125">
        <ele>92.40000152587890625</ele>
        <time>2026-03-17T06:54:38.000Z</time>
        <extensions>
          <ns3:TrackPointExtension>
            <ns3:atemp>21.0</ns3:atemp>
            <ns3:hr>129</ns3:hr>
          </ns3:TrackPointExtension>
        </extensions>
      </trkpt>
      <trkpt lat="60.0033580698072910308837890625" lon="30.38732595741748809814453125">
        <ele>92.59999847412109375</ele>
        <time>2026-03-17T06:54:41.000Z</time>
        <extensions>
          <ns3:TrackPointExtension>
            <ns3:atemp>21.0</ns3:atemp>
            <ns3:hr>132</ns3:hr>
          </ns3:TrackPointExtension>
        </extensions>
      </trkpt>
      <trkpt lat="60.00324399210512638092041015625" lon="30.38721472956240177154541015625">
        <ele>93.40000152587890625</ele>
        <time>2026-03-17T06:54:44.000Z</time>
        <extensions>
          <ns3:TrackPointExtension>
            <ns3:atemp>21.0</ns3:atemp>
            <ns3:hr>134</ns3:hr>
          </ns3:TrackPointExtension>
        </extensions>
      </trkpt>
      <trkpt lat="60.00321038067340850830078125" lon="30.38717969320714473724365234375">
        <ele>93.59999847412109375</ele>
        <time>2026-03-17T06:54:45.000Z</time>
        <extensions>
          <ns3:TrackPointExtension>
            <ns3:atemp>21.0</ns3:atemp>
            <ns3:hr>134</ns3:hr>
          </ns3:TrackPointExtension>
        </extensions>
      </trkpt>
      <trkpt lat="60.00305355526506900787353515625" lon="30.38701926358044147491455078125">
        <ele>94.1999969482421875</ele>
        <time>2026-03-17T06:54:49.000Z</time>
        <extensions>
          <ns3:TrackPointExtension>
            <ns3:atemp>21.0</ns3:atemp>
            <ns3:hr>137</ns3:hr>
          </ns3:TrackPointExtension>
        </extensions>
      </trkpt>
      <trkpt lat="60.00298365019261837005615234375" lon="30.3869429044425487518310546875">
        <ele>94.1999969482421875</ele>
        <time>2026-03-17T06:54:51.000Z</time>
        <extensions>
          <ns3:TrackPointExtension>
            <ns3:atemp>21.0</ns3:atemp>
            <ns3:hr>137</ns3:hr>
          </ns3:TrackPointExtension>
        </extensions>
      </trkpt>
      <trkpt lat="60.00290854834020137786865234375" lon="30.38688339293003082275390625">
        <ele>94.40000152587890625</ele>
        <time>2026-03-17T06:54:53.000Z</time>
        <extensions>
          <ns3:TrackPointExtension>
            <ns3:atemp>21.0</ns3:atemp>
            <ns3:hr>137</ns3:hr>
          </ns3:TrackPointExtension>
        </extensions>
      </trkpt>
      <trkpt lat="60.0028370507061481475830078125" lon="30.3868198581039905548095703125">
        <ele>94.59999847412109375</ele>
        <time>2026-03-17T06:54:55.000Z</time>
        <extensions>
          <ns3:TrackPointExtension>
            <ns3:atemp>21.0</ns3:atemp>
            <ns3:hr>137</ns3:hr>
          </ns3:TrackPointExtension>
        </extensions>
      </trkpt>
      <trkpt lat="60.00269941985607147216796875" lon="30.3866917826235294342041015625">
        <ele>94.8000030517578125</ele>
        <time>2026-03-17T06:54:59.000Z</time>
        <extensions>
          <ns3:TrackPointExtension>
            <ns3:atemp>20.0</ns3:atemp>
            <ns3:hr>136</ns3:hr>
          </ns3:TrackPointExtension>
        </extensions>
      </trkpt>
      <trkpt lat="60.00258534215390682220458984375" lon="30.3865675628185272216796875">
        <ele>95.59999847412109375</ele>
        <time>2026-03-17T06:55:02.000Z</time>
        <extensions>
          <ns3:TrackPointExtension>
            <ns3:atemp>20.0</ns3:atemp>
            <ns3:hr>135</ns3:hr>
          </ns3:TrackPointExtension>
        </extensions>
      </trkpt>
      <trkpt lat="60.00242742709815502166748046875" lon="30.38638056255877017974853515625">
        <ele>95.8000030517578125</ele>
        <time>2026-03-17T06:55:07.000Z</time>
        <extensions>
          <ns3:TrackPointExtension>
            <ns3:atemp>20.0</ns3:atemp>
            <ns3:hr>133</ns3:hr>
          </ns3:TrackPointExtension>
        </extensions>
      </trkpt>
      <trkpt lat="60.00223095528781414031982421875" lon="30.38617369718849658966064453125">
        <ele>96</ele>
        <time>2026-03-17T06:55:14.000Z</time>
        <extensions>
          <ns3:TrackPointExtension>
            <ns3:atemp>20.0</ns3:atemp>
            <ns3:hr>132</ns3:hr>
          </ns3:TrackPointExtension>
        </extensions>
      </trkpt>
      <trkpt lat="60.0020263530313968658447265625" lon="30.38593657314777374267578125">
        <ele>96.40000152587890625</ele>
        <time>2026-03-17T06:55:21.000Z</time>
        <extensions>
          <ns3:TrackPointExtension>
            <ns3:atemp>20.0</ns3:atemp>
            <ns3:hr>132</ns3:hr>
          </ns3:TrackPointExtension>
        </extensions>
      </trkpt>
      <trkpt lat="60.0018597207963466644287109375" lon="30.385906398296356201171875">
        <ele>96.59999847412109375</ele>
        <time>2026-03-17T06:55:26.000Z</time>
        <extensions>
          <ns3:TrackPointExtension>
            <ns3:atemp>20.0</ns3:atemp>
            <ns3:hr>135</ns3:hr>
          </ns3:TrackPointExtension>
        </extensions>
      </trkpt>
      <trkpt lat="60.00183884985744953155517578125" lon="30.38592190481722354888916015625">
        <ele>97.1999969482421875</ele>
        <time>2026-03-17T06:55:27.000Z</time>
        <extensions>
          <ns3:TrackPointExtension>
            <ns3:atemp>20.0</ns3:atemp>
            <ns3:hr>135</ns3:hr>
          </ns3:TrackPointExtension>
        </extensions>
      </trkpt>
      <trkpt lat="60.0017936713993549346923828125" lon="30.38600899279117584228515625">
        <ele>97.40000152587890625</ele>
        <time>2026-03-17T06:55:31.000Z</time>
        <extensions>
          <ns3:TrackPointExtension>
            <ns3:atemp>20.0</ns3:atemp>
            <ns3:hr>135</ns3:hr>
          </ns3:TrackPointExtension>
        </extensions>
      </trkpt>
      <trkpt lat="60.00178403221070766448974609375" lon="30.3860007785260677337646484375">
        <ele>96.40000152587890625</ele>
        <time>2026-03-17T06:55:32.000Z</time>
        <extensions>
          <ns3:TrackPointExtension>
            <ns3:atemp>20.0</ns3:atemp>
            <ns3:hr>134</ns3:hr>
          </ns3:TrackPointExtension>
        </extensions>
      </trkpt>
      <trkpt lat="60.0016877241432666778564453125" lon="30.38594461977481842041015625">
        <ele>96.40000152587890625</ele>
        <time>2026-03-17T06:55:36.000Z</time>
        <extensions>
          <ns3:TrackPointExtension>
            <ns3:atemp>20.0</ns3:atemp>
            <ns3:hr>133</ns3:hr>
          </ns3:TrackPointExtension>
        </extensions>
      </trkpt>
      <trkpt lat="60.0015666894614696502685546875" lon="30.38593028672039508819580078125">
        <ele>96.1999969482421875</ele>
        <time>2026-03-17T06:55:40.000Z</time>
        <extensions>
          <ns3:TrackPointExtension>
            <ns3:atemp>20.0</ns3:atemp>
            <ns3:hr>136</ns3:hr>
          </ns3:TrackPointExtension>
        </extensions>
      </trkpt>
      <trkpt lat="60.00149267725646495819091796875" lon="30.385926179587841033935546875">
        <ele>96.1999969482421875</ele>
        <time>2026-03-17T06:55:42.000Z</time>
        <extensions>
          <ns3:TrackPointExtension>
            <ns3:atemp>20.0</ns3:atemp>
            <ns3:hr>137</ns3:hr>
          </ns3:TrackPointExtension>
        </extensions>
      </trkpt>
      <trkpt lat="60.0012371130287647247314453125" lon="30.3857781551778316497802734375">
        <ele>96</ele>
        <time>2026-03-17T06:55:50.000Z</time>
        <extensions>
          <ns3:TrackPointExtension>
            <ns3:atemp>20.0</ns3:atemp>
            <ns3:hr>137</ns3:hr>
          </ns3:TrackPointExtension>
        </extensions>
      </trkpt>
      <trkpt lat="60.00114348717033863067626953125" lon="30.3857060708105564117431640625">
        <ele>96.1999969482421875</ele>
        <time>2026-03-17T06:55:53.000Z</time>
        <extensions>
          <ns3:TrackPointExtension>
            <ns3:atemp>20.0</ns3:atemp>
            <ns3:hr>140</ns3:hr>
          </ns3:TrackPointExtension>
        </extensions>
      </trkpt>
      <trkpt lat="60.00108473002910614013671875" lon="30.38565821014344692230224609375">
        <ele>96.40000152587890625</ele>
        <time>2026-03-17T06:55:55.000Z</time>
        <extensions>
          <ns3:TrackPointExtension>
            <ns3:atemp>20.0</ns3:atemp>
            <ns3:hr>143</ns3:hr>
          </ns3:TrackPointExtension>
        </extensions>
      </trkpt>
      <trkpt lat="60.0010158307850360870361328125" lon="30.38558411411941051483154296875">
        <ele>96.1999969482421875</ele>
        <time>2026-03-17T06:55:57.000Z</time>
        <extensions>
          <ns3:TrackPointExtension>
            <ns3:atemp>19.0</ns3:atemp>
            <ns3:hr>142</ns3:hr>
          </ns3:TrackPointExtension>
        </extensions>
      </trkpt>
      <trkpt lat="60.00097752548754215240478515625" lon="30.3855394385755062103271484375">
        <ele>96.1999969482421875</ele>
        <time>2026-03-17T06:55:58.000Z</time>
        <extensions>
          <ns3:TrackPointExtension>
            <ns3:atemp>19.0</ns3:atemp>
            <ns3:hr>142</ns3:hr>
          </ns3:TrackPointExtension>
        </extensions>
      </trkpt>
      <trkpt lat="60.00078524462878704071044921875" lon="30.38517415523529052734375">
        <ele>95.59999847412109375</ele>
        <time>2026-03-17T06:56:02.000Z</time>
        <extensions>
          <ns3:TrackPointExtension>
            <ns3:atemp>19.0</ns3:atemp>
            <ns3:hr>141</ns3:hr>
          </ns3:TrackPointExtension>
        </extensions>
      </trkpt>
      <trkpt lat="60.00063051469624042510986328125" lon="30.384986065328121185302734375">
        <ele>96</ele>
        <time>2026-03-17T06:56:05.000Z</time>
        <extensions>
          <ns3:TrackPointExtension>
            <ns3:atemp>19.0</ns3:atemp>
            <ns3:hr>144</ns3:hr>
          </ns3:TrackPointExtension>
        </extensions>
      </trkpt>
      <trkpt lat="60.0004921294748783111572265625" lon="30.384831167757511138916015625">
        <ele>96.40000152587890625</ele>
        <time>2026-03-17T06:56:08.000Z</time>
        <extensions>
          <ns3:TrackPointExtension>
            <ns3:atemp>19.0</ns3:atemp>
            <ns3:hr>148</ns3:hr>
          </ns3:TrackPointExtension>
        </extensions>
      </trkpt>
      <trkpt lat="60.0003389082849025726318359375" lon="30.3846761025488376617431640625">
        <ele>96.40000152587890625</ele>
        <time>2026-03-17T06:56:11.000Z</time>
        <extensions>
          <ns3:TrackPointExtension>
            <ns3:atemp>19.0</ns3:atemp>
            <ns3:hr>151</ns3:hr>
          </ns3:TrackPointExtension>
        </extensions>
      </trkpt>
      <trkpt lat="60.00014595687389373779296875" lon="30.3844772838056087493896484375">
        <ele>96.40000152587890625</ele>
        <time>2026-03-17T06:56:15.000Z</time>
        <extensions>
          <ns3:TrackPointExtension>
            <ns3:atemp>19.0</ns3:atemp>
            <ns3:hr>154</ns3:hr>
          </ns3:TrackPointExtension>
        </extensions>
      </trkpt>
      <trkpt lat="59.999916292726993560791015625" lon="30.384267233312129974365234375">
        <ele>96.59999847412109375</ele>
        <time>2026-03-17T06:56:20.000Z</time>
        <extensions>
          <ns3:TrackPointExtension>
            <ns3:atemp>19.0</ns3:atemp>
            <ns3:hr>155</ns3:hr>
          </ns3:TrackPointExtension>
        </extensions>
      </trkpt>
      <trkpt lat="59.99978360719978809356689453125" lon="30.384151227772235870361328125">
        <ele>96.8000030517578125</ele>
        <time>2026-03-17T06:56:23.000Z</time>
        <extensions>
          <ns3:TrackPointExtension>
            <ns3:atemp>19.0</ns3:atemp>
            <ns3:hr>157</ns3:hr>
          </ns3:TrackPointExtension>
        </extensions>
      </trkpt>
      <trkpt lat="59.99950767494738101959228515625" lon="30.38381570018827915191650390625">
        <ele>96.59999847412109375</ele>
        <time>2026-03-17T06:56:29.000Z</time>
        <extensions>
          <ns3:TrackPointExtension>
            <ns3:atemp>19.0</ns3:atemp>
            <ns3:hr>156</ns3:hr>
          </ns3:TrackPointExtension>
        </extensions>
      </trkpt>
      <trkpt lat="59.99930818565189838409423828125" lon="30.383579246699810028076171875">
        <ele>96.59999847412109375</ele>
        <time>2026-03-17T06:56:33.000Z</time>
        <extensions>
          <ns3:TrackPointExtension>
            <ns3:atemp>19.0</ns3:atemp>
            <ns3:hr>153</ns3:hr>
          </ns3:TrackPointExtension>
        </extensions>
      </trkpt>
      <trkpt lat="59.99915261752903461456298828125" lon="30.38339006714522838592529296875">
        <ele>96.59999847412109375</ele>
        <time>2026-03-17T06:56:37.000Z</time>
        <extensions>
          <ns3:TrackPointExtension>
            <ns3:atemp>19.0</ns3:atemp>
            <ns3:hr>151</ns3:hr>
          </ns3:TrackPointExtension>
        </extensions>
      </trkpt>
      <trkpt lat="59.99891993589699268341064453125" lon="30.38318051956593990325927734375">
        <ele>96.59999847412109375</ele>
        <time>2026-03-17T06:56:44.000Z</time>
        <extensions>
          <ns3:TrackPointExtension>
            <ns3:atemp>19.0</ns3:atemp>
            <ns3:hr>150</ns3:hr>
          </ns3:TrackPointExtension>
        </extensions>
      </trkpt>
      <trkpt lat="59.998775012791156768798828125" lon="30.38304339163005352020263671875">
        <ele>96.59999847412109375</ele>
        <time>2026-03-17T06:56:49.000Z</time>
        <extensions>
          <ns3:TrackPointExtension>
            <ns3:atemp>19.0</ns3:atemp>
            <ns3:hr>148</ns3:hr>
          </ns3:TrackPointExtension>
        </extensions>
      </trkpt>
      <trkpt lat="59.99870250932872295379638671875" lon="30.38289184682071208953857421875">
        <ele>96.59999847412109375</ele>
        <time>2026-03-17T06:56:52.000Z</time>
        <extensions>
          <ns3:TrackPointExtension>
            <ns3:atemp>19.0</ns3:atemp>
            <ns3:hr>144</ns3:hr>
          </ns3:TrackPointExtension>
        </extensions>
      </trkpt>
      <trkpt lat="59.998685158789157867431640625" lon="30.382812134921550750732421875">
        <ele>96.59999847412109375</ele>
        <time>2026-03-17T06:56:54.000Z</time>
        <extensions>
          <ns3:TrackPointExtension>
            <ns3:atemp>19.0</ns3:atemp>
            <ns3:hr>142</ns3:hr>
          </ns3:TrackPointExtension>
        </extensions>
      </trkpt>
      <trkpt lat="59.9985654652118682861328125" lon="30.382557995617389678955078125">
        <ele>96.8000030517578125</ele>
        <time>2026-03-17T06:56:58.000Z</time>
        <extensions>
          <ns3:TrackPointExtension>
            <ns3:atemp>19.0</ns3:atemp>
            <ns3:hr>140</ns3:hr>
          </ns3:TrackPointExtension>
        </extensions>
      </trkpt>
      <trkpt lat="59.99843780882656574249267578125" lon="30.38229371421039104461669921875">
        <ele>97</ele>
        <time>2026-03-17T06:57:02.000Z</time>
        <extensions>
          <ns3:TrackPointExtension>
            <ns3:atemp>19.0</ns3:atemp>
            <ns3:hr>142</ns3:hr>
          </ns3:TrackPointExtension>
        </extensions>
      </trkpt>
      <trkpt lat="59.99831610359251499176025390625" lon="30.38205835036933422088623046875">
        <ele>97</ele>
        <time>2026-03-17T06:57:06.000Z</time>
        <extensions>
          <ns3:TrackPointExtension>
            <ns3:atemp>19.0</ns3:atemp>
            <ns3:hr>143</ns3:hr>
          </ns3:TrackPointExtension>
        </extensions>
      </trkpt>
      <trkpt lat="59.99825189821422100067138671875" lon="30.3819456137716770172119140625">
        <ele>97.1999969482421875</ele>
        <time>2026-03-17T06:57:08.000Z</time>
        <extensions>
          <ns3:TrackPointExtension>
            <ns3:atemp>19.0</ns3:atemp>
            <ns3:hr>146</ns3:hr>
          </ns3:TrackPointExtension>
        </extensions>
      </trkpt>
      <trkpt lat="59.9981643073260784149169921875" lon="30.38177512586116790771484375">
        <ele>97</ele>
        <time>2026-03-17T06:57:11.000Z</time>
        <extensions>
          <ns3:TrackPointExtension>
            <ns3:atemp>19.0</ns3:atemp>
            <ns3:hr>148</ns3:hr>
          </ns3:TrackPointExtension>
        </extensions>
      </trkpt>
      <trkpt lat="59.99807395040988922119140625" lon="30.38160639815032482147216796875">
        <ele>97</ele>
        <time>2026-03-17T06:57:15.000Z</time>
        <extensions>
          <ns3:TrackPointExtension>
            <ns3:atemp>18.0</ns3:atemp>
            <ns3:hr>152</ns3:hr>
          </ns3:TrackPointExtension>
        </extensions>
      </trkpt>
      <trkpt lat="59.9980432726442813873291015625" lon="30.38158041425049304962158203125">
        <ele>97</ele>
        <time>2026-03-17T06:57:16.000Z</time>
        <extensions>
          <ns3:TrackPointExtension>
            <ns3:atemp>18.0</ns3:atemp>
            <ns3:hr>152</ns3:hr>
          </ns3:TrackPointExtension>
        </extensions>
      </trkpt>
      <trkpt lat="59.99798082746565341949462890625" lon="30.38152425549924373626708984375">
        <ele>97</ele>
        <time>2026-03-17T06:57:18.000Z</time>
        <extensions>
          <ns3:TrackPointExtension>
            <ns3:atemp>18.0</ns3:atemp>
            <ns3:hr>148</ns3:hr>
          </ns3:TrackPointExtension>
        </extensions>
      </trkpt>
      <trkpt lat="59.997944198548793792724609375" lon="30.381500534713268280029296875">
        <ele>97</ele>
        <time>2026-03-17T06:57:19.000Z</time>
        <extensions>
          <ns3:TrackPointExtension>
            <ns3:atemp>18.0</ns3:atemp>
            <ns3:hr>145</ns3:hr>
          </ns3:TrackPointExtension>
        </extensions>
      </trkpt>
      <trkpt lat="59.9979054741561412811279296875" lon="30.38147279061377048492431640625">
        <ele>96.8000030517578125</ele>
        <time>2026-03-17T06:57:20.000Z</time>
        <extensions>
          <ns3:TrackPointExtension>
            <ns3:atemp>18.0</ns3:atemp>
            <ns3:hr>140</ns3:hr>
          </ns3:TrackPointExtension>
        </extensions>
      </trkpt>
      <trkpt lat="59.997751750051975250244140625" lon="30.381315462291240692138671875">
        <ele>96.59999847412109375</ele>
        <time>2026-03-17T06:57:24.000Z</time>
        <extensions>
          <ns3:TrackPointExtension>
            <ns3:atemp>18.0</ns3:atemp>
            <ns3:hr>138</ns3:hr>
          </ns3:TrackPointExtension>
        </extensions>
      </trkpt>
      <trkpt lat="59.99731228686869144439697265625" lon="30.3809273801743984222412109375">
        <ele>96.8000030517578125</ele>
        <time>2026-03-17T06:57:33.000Z</time>
        <extensions>
          <ns3:TrackPointExtension>
            <ns3:atemp>18.0</ns3:atemp>
            <ns3:hr>141</ns3:hr>
          </ns3:TrackPointExtension>
        </extensions>
      </trkpt>
      <trkpt lat="59.99709838069975376129150390625" lon="30.38075454533100128173828125">
        <ele>96.8000030517578125</ele>
        <time>2026-03-17T06:57:39.000Z</time>
        <extensions>
          <ns3:TrackPointExtension>
            <ns3:atemp>18.0</ns3:atemp>
            <ns3:hr>142</ns3:hr>
          </ns3:TrackPointExtension>
        </extensions>
      </trkpt>
      <trkpt lat="59.99693292193114757537841796875" lon="30.38065907545387744903564453125">
        <ele>96</ele>
        <time>2026-03-17T06:57:45.000Z</time>
        <extensions>
          <ns3:TrackPointExtension>
            <ns3:atemp>18.0</ns3:atemp>
            <ns3:hr>140</ns3:hr>
          </ns3:TrackPointExtension>
        </extensions>
      </trkpt>
      <trkpt lat="59.99686586670577526092529296875" lon="30.38058556616306304931640625">
        <ele>96</ele>
        <time>2026-03-17T06:57:47.000Z</time>
        <extensions>
          <ns3:TrackPointExtension>
            <ns3:atemp>18.0</ns3:atemp>
            <ns3:hr>137</ns3:hr>
          </ns3:TrackPointExtension>
        </extensions>
      </trkpt>
      <trkpt lat="59.99677366577088832855224609375" lon="30.38049529306590557098388671875">
        <ele>96.1999969482421875</ele>
        <time>2026-03-17T06:57:50.000Z</time>
        <extensions>
          <ns3:TrackPointExtension>
            <ns3:atemp>18.0</ns3:atemp>
            <ns3:hr>134</ns3:hr>
          </ns3:TrackPointExtension>
        </extensions>
      </trkpt>
      <trkpt lat="59.99669688753783702850341796875" lon="30.380369983613491058349609375">
        <ele>96</ele>
        <time>2026-03-17T06:57:53.000Z</time>
        <extensions>
          <ns3:TrackPointExtension>
            <ns3:atemp>18.0</ns3:atemp>
            <ns3:hr>133</ns3:hr>
          </ns3:TrackPointExtension>
        </extensions>
      </trkpt>
      <trkpt lat="59.996546097099781036376953125" lon="30.38017728365957736968994140625">
        <ele>96</ele>
        <time>2026-03-17T06:58:00.000Z</time>
        <extensions>
          <ns3:TrackPointExtension>
            <ns3:atemp>18.0</ns3:atemp>
            <ns3:hr>134</ns3:hr>
          </ns3:TrackPointExtension>
        </extensions>
      </trkpt>
      <trkpt lat="59.9963689036667346954345703125" lon="30.38027484901249408721923828125">
        <ele>96</ele>
        <time>2026-03-17T06:58:07.000Z</time>
        <extensions>
          <ns3:TrackPointExtension>
            <ns3:atemp>18.0</ns3:atemp>
            <ns3:hr>132</ns3:hr>
          </ns3:TrackPointExtension>
        </extensions>
      </trkpt>
      <trkpt lat="59.9963072128593921661376953125" lon="30.38025473244488239288330078125">
        <ele>95.8000030517578125</ele>
        <time>2026-03-17T06:58:11.000Z</time>
        <extensions>
          <ns3:TrackPointExtension>
            <ns3:atemp>18.0</ns3:atemp>
            <ns3:hr>129</ns3:hr>
          </ns3:TrackPointExtension>
        </extensions>
      </trkpt>
      <trkpt lat="59.99630444683134555816650390625" lon="30.38026546128094196319580078125">
        <ele>95.8000030517578125</ele>
        <time>2026-03-17T06:58:13.000Z</time>
        <extensions>
          <ns3:TrackPointExtension>
            <ns3:atemp>18.0</ns3:atemp>
            <ns3:hr>127</ns3:hr>
          </ns3:TrackPointExtension>
        </extensions>
      </trkpt>
      <trkpt lat="59.99631031416356563568115234375" lon="30.38027442991733551025390625">
        <ele>95.59999847412109375</ele>
        <time>2026-03-17T06:58:20.000Z</time>
        <extensions>
          <ns3:TrackPointExtension>
            <ns3:atemp>18.0</ns3:atemp>
            <ns3:hr>129</ns3:hr>
          </ns3:TrackPointExtension>
        </extensions>
      </trkpt>
      <trkpt lat="59.99631165526807308197021484375" lon="30.3802786208689212799072265625">
        <ele>95.59999847412109375</ele>
        <time>2026-03-17T06:58:21.000Z</time>
        <extensions>
          <ns3:TrackPointExtension>
            <ns3:atemp>18.0</ns3:atemp>
            <ns3:hr>132</ns3:hr>
          </ns3:TrackPointExtension>
        </extensions>
      </trkpt>
      <trkpt lat="59.99631282873451709747314453125" lon="30.38028239272534847259521484375">
        <ele>95.59999847412109375</ele>
        <time>2026-03-17T06:58:22.000Z</time>
        <extensions>
          <ns3:TrackPointExtension>
            <ns3:atemp>18.0</ns3:atemp>
            <ns3:hr>132</ns3:hr>
          </ns3:TrackPointExtension>
        </extensions>
      </trkpt>
      <trkpt lat="59.99631115235388278961181640625" lon="30.38028390146791934967041015625">
        <ele>95.1999969482421875</ele>
        <time>2026-03-17T06:58:24.000Z</time>
        <extensions>
          <ns3:TrackPointExtension>
            <ns3:atemp>18.0</ns3:atemp>
            <ns3:hr>135</ns3:hr>
          </ns3:TrackPointExtension>
        </extensions>
      </trkpt>
      <trkpt lat="59.9963271617889404296875" lon="30.38028113543987274169921875">
        <ele>94.8000030517578125</ele>
        <time>2026-03-17T06:58:29.000Z</time>
        <extensions>
          <ns3:TrackPointExtension>
            <ns3:atemp>18.0</ns3:atemp>
            <ns3:hr>132</ns3:hr>
          </ns3:TrackPointExtension>
        </extensions>
      </trkpt>
      <trkpt lat="59.99632238410413265228271484375" lon="30.38027451373636722564697265625">
        <ele>94.59999847412109375</ele>
        <time>2026-03-17T06:58:31.000Z</time>
        <extensions>
          <ns3:TrackPointExtension>
            <ns3:atemp>18.0</ns3:atemp>
            <ns3:hr>131</ns3:hr>
          </ns3:TrackPointExtension>
        </extensions>
      </trkpt>
      <trkpt lat="59.99632540158927440643310546875" lon="30.3802695684134960174560546875">
        <ele>94.59999847412109375</ele>
        <time>2026-03-17T06:58:33.000Z</time>
        <extensions>
          <ns3:TrackPointExtension>
            <ns3:atemp>18.0</ns3:atemp>
            <ns3:hr>130</ns3:hr>
          </ns3:TrackPointExtension>
        </extensions>
      </trkpt>
      <trkpt lat="59.996320120990276336669921875" lon="30.38025506772100925445556640625">
        <ele>94.40000152587890625</ele>
        <time>2026-03-17T06:58:39.000Z</time>
        <extensions>
          <ns3:TrackPointExtension>
            <ns3:atemp>18.0</ns3:atemp>
            <ns3:hr>127</ns3:hr>
          </ns3:TrackPointExtension>
        </extensions>
      </trkpt>
      <trkpt lat="59.99631215818226337432861328125" lon="30.38026512600481510162353515625">
        <ele>94.1999969482421875</ele>
        <time>2026-03-17T06:58:44.000Z</time>
        <extensions>
          <ns3:TrackPointExtension>
            <ns3:atemp>18.0</ns3:atemp>
            <ns3:hr>128</ns3:hr>
          </ns3:TrackPointExtension>
        </extensions>
      </trkpt>
      <trkpt lat="59.996312074363231658935546875" lon="30.380262695252895355224609375">
        <ele>93.59999847412109375</ele>
        <time>2026-03-17T06:58:50.000Z</time>
        <extensions>
          <ns3:TrackPointExtension>
            <ns3:atemp>18.0</ns3:atemp>
            <ns3:hr>125</ns3:hr>
          </ns3:TrackPointExtension>
        </extensions>
      </trkpt>
      <trkpt lat="59.9963124096393585205078125" lon="30.38026235997676849365234375">
        <ele>93.59999847412109375</ele>
        <time>2026-03-17T06:58:51.000Z</time>
        <extensions>
          <ns3:TrackPointExtension>
            <ns3:atemp>18.0</ns3:atemp>
            <ns3:hr>124</ns3:hr>
          </ns3:TrackPointExtension>
        </extensions>
      </trkpt>
      <trkpt lat="59.99631576240062713623046875" lon="30.3802628628909587860107421875">
        <ele>93.40000152587890625</ele>
        <time>2026-03-17T06:58:57.000Z</time>
        <extensions>
          <ns3:TrackPointExtension>
            <ns3:atemp>19.0</ns3:atemp>
            <ns3:hr>126</ns3:hr>
          </ns3:TrackPointExtension>
        </extensions>
      </trkpt>
      <trkpt lat="59.9963196180760860443115234375" lon="30.38026730529963970184326171875">
        <ele>93</ele>
        <time>2026-03-17T06:59:03.000Z</time>
        <extensions>
          <ns3:TrackPointExtension>
            <ns3:atemp>19.0</ns3:atemp>
            <ns3:hr>123</ns3:hr>
          </ns3:TrackPointExtension>
        </extensions>
      </trkpt>
      <trkpt lat="59.9963192827999591827392578125" lon="30.3802675567567348480224609375">
        <ele>92.8000030517578125</ele>
        <time>2026-03-17T06:59:08.000Z</time>
        <extensions>
          <ns3:TrackPointExtension>
            <ns3:atemp>19.0</ns3:atemp>
            <ns3:hr>120</ns3:hr>
          </ns3:TrackPointExtension>
        </extensions>
      </trkpt>
      <trkpt lat="59.9963189475238323211669921875" lon="30.3802675567567348480224609375">
        <ele>92.59999847412109375</ele>
        <time>2026-03-17T06:59:11.000Z</time>
        <extensions>
          <ns3:TrackPointExtension>
            <ns3:atemp>19.0</ns3:atemp>
            <ns3:hr>117</ns3:hr>
          </ns3:TrackPointExtension>
        </extensions>
      </trkpt>
      <trkpt lat="59.996318779885768890380859375" lon="30.38026831112802028656005859375">
        <ele>92.59999847412109375</ele>
        <time>2026-03-17T06:59:14.000Z</time>
        <extensions>
          <ns3:TrackPointExtension>
            <ns3:atemp>19.0</ns3:atemp>
            <ns3:hr>114</ns3:hr>
          </ns3:TrackPointExtension>
        </extensions>
      </trkpt>
      <trkpt lat="59.9963177740573883056640625" lon="30.3802670538425445556640625">
        <ele>92.40000152587890625</ele>
        <time>2026-03-17T06:59:21.000Z</time>
        <extensions>
          <ns3:TrackPointExtension>
            <ns3:atemp>19.0</ns3:atemp>
            <ns3:hr>110</ns3:hr>
          </ns3:TrackPointExtension>
        </extensions>
      </trkpt>
      <trkpt lat="59.996317438781261444091796875" lon="30.38026730529963970184326171875">
        <ele>92</ele>
        <time>2026-03-17T06:59:28.000Z</time>
        <extensions>
          <ns3:TrackPointExtension>
            <ns3:atemp>19.0</ns3:atemp>
            <ns3:hr>108</ns3:hr>
          </ns3:TrackPointExtension>
        </extensions>
      </trkpt>
      <trkpt lat="59.99630662612617015838623046875" lon="30.38025825284421443939208984375">
        <ele>91.8000030517578125</ele>
        <time>2026-03-17T06:59:43.000Z</time>
        <extensions>
          <ns3:TrackPointExtension>
            <ns3:atemp>19.0</ns3:atemp>
            <ns3:hr>107</ns3:hr>
          </ns3:TrackPointExtension>
        </extensions>
      </trkpt>
      <trkpt lat="59.9962706677615642547607421875" lon="30.38023889064788818359375">
        <ele>91.59999847412109375</ele>
        <time>2026-03-17T06:59:45.000Z</time>
        <extensions>
          <ns3:TrackPointExtension>
            <ns3:atemp>19.0</ns3:atemp>
            <ns3:hr>107</ns3:hr>
          </ns3:TrackPointExtension>
        </extensions>
      </trkpt>
      <trkpt lat="59.99618575908243656158447265625" lon="30.38017979823052883148193359375">
        <ele>91.1999969482421875</ele>
        <time>2026-03-17T06:59:48.000Z</time>
        <extensions>
          <ns3:TrackPointExtension>
            <ns3:atemp>19.0</ns3:atemp>
            <ns3:hr>110</ns3:hr>
          </ns3:TrackPointExtension>
        </extensions>
      </trkpt>
      <trkpt lat="59.99611015431582927703857421875" lon="30.38011492229998111724853515625">
        <ele>91.1999969482421875</ele>
        <time>2026-03-17T06:59:50.000Z</time>
        <extensions>
          <ns3:TrackPointExtension>
            <ns3:atemp>19.0</ns3:atemp>
            <ns3:hr>110</ns3:hr>
          </ns3:TrackPointExtension>
        </extensions>
      </trkpt>
      <trkpt lat="59.9960188753902912139892578125" lon="30.37999807856976985931396484375">
        <ele>91</ele>
        <time>2026-03-17T06:59:52.000Z</time>
        <extensions>
          <ns3:TrackPointExtension>
            <ns3:atemp>19.0</ns3:atemp>
            <ns3:hr>113</ns3:hr>
          </ns3:TrackPointExtension>
        </extensions>
      </trkpt>
      <trkpt lat="59.99583472497761249542236328125" lon="30.379832871258258819580078125">
        <ele>90</ele>
        <time>2026-03-17T06:59:55.000Z</time>
        <extensions>
          <ns3:TrackPointExtension>
            <ns3:atemp>19.0</ns3:atemp>
            <ns3:hr>117</ns3:hr>
          </ns3:TrackPointExtension>
        </extensions>
      </trkpt>
      <trkpt lat="59.9957288615405559539794921875" lon="30.3797467052936553955078125">
        <ele>89.40000152587890625</ele>
        <time>2026-03-17T06:59:57.000Z</time>
        <extensions>
          <ns3:TrackPointExtension>
            <ns3:atemp>19.0</ns3:atemp>
            <ns3:hr>115</ns3:hr>
          </ns3:TrackPointExtension>
        </extensions>
      </trkpt>
      <trkpt lat="59.995536245405673980712890625" lon="30.3796456195414066314697265625">
        <ele>91</ele>
        <time>2026-03-17T07:00:02.000Z</time>
        <extensions>
          <ns3:TrackPointExtension>
            <ns3:atemp>19.0</ns3:atemp>
            <ns3:hr>114</ns3:hr>
          </ns3:TrackPointExtension>
        </extensions>
      </trkpt>
      <trkpt lat="59.99530632980167865753173828125" lon="30.37940279580652713775634765625">
        <ele>91.1999969482421875</ele>
        <time>2026-03-17T07:00:07.000Z</time>
        <extensions>
          <ns3:TrackPointExtension>
            <ns3:atemp>19.0</ns3:atemp>
            <ns3:hr>116</ns3:hr>
          </ns3:TrackPointExtension>
        </extensions>
      </trkpt>
      <trkpt lat="59.99525494873523712158203125" lon="30.37935283966362476348876953125">
        <ele>91.1999969482421875</ele>
        <time>2026-03-17T07:00:08.000Z</time>
        <extensions>
          <ns3:TrackPointExtension>
            <ns3:atemp>19.0</ns3:atemp>
            <ns3:hr>119</ns3:hr>
          </ns3:TrackPointExtension>
        </extensions>
      </trkpt>
      <trkpt lat="59.995196945965290069580078125" lon="30.37928259931504726409912109375">
        <ele>91.1999969482421875</ele>
        <time>2026-03-17T07:00:09.000Z</time>
        <extensions>
          <ns3:TrackPointExtension>
            <ns3:atemp>19.0</ns3:atemp>
            <ns3:hr>123</ns3:hr>
          </ns3:TrackPointExtension>
        </extensions>
      </trkpt>
      <trkpt lat="59.995150007307529449462890625" lon="30.3792409412562847137451171875">
        <ele>91.40000152587890625</ele>
        <time>2026-03-17T07:00:10.000Z</time>
        <extensions>
          <ns3:TrackPointExtension>
            <ns3:atemp>19.0</ns3:atemp>
            <ns3:hr>131</ns3:hr>
          </ns3:TrackPointExtension>
        </extensions>
      </trkpt>
      <trkpt lat="59.9950894899666309356689453125" lon="30.379192493855953216552734375">
        <ele>91.40000152587890625</ele>
        <time>2026-03-17T07:00:11.000Z</time>
        <extensions>
          <ns3:TrackPointExtension>
            <ns3:atemp>19.0</ns3:atemp>
            <ns3:hr>135</ns3:hr>
          </ns3:TrackPointExtension>
        </extensions>
      </trkpt>
      <trkpt lat="59.99500877223908901214599609375" lon="30.37912971340119838714599609375">
        <ele>91.40000152587890625</ele>
        <time>2026-03-17T07:00:13.000Z</time>
        <extensions>
          <ns3:TrackPointExtension>
            <ns3:atemp>19.0</ns3:atemp>
            <ns3:hr>137</ns3:hr>
          </ns3:TrackPointExtension>
        </extensions>
      </trkpt>
      <trkpt lat="59.99492478556931018829345703125" lon="30.3790305554866790771484375">
        <ele>91.1999969482421875</ele>
        <time>2026-03-17T07:00:17.000Z</time>
        <extensions>
          <ns3:TrackPointExtension>
            <ns3:atemp>19.0</ns3:atemp>
            <ns3:hr>137</ns3:hr>
          </ns3:TrackPointExtension>
        </extensions>
      </trkpt>
      <trkpt lat="59.99470735900104045867919921875" lon="30.3788308985531330108642578125">
        <ele>91.1999969482421875</ele>
        <time>2026-03-17T07:00:23.000Z</time>
        <extensions>
          <ns3:TrackPointExtension>
            <ns3:atemp>19.0</ns3:atemp>
            <ns3:hr>136</ns3:hr>
          </ns3:TrackPointExtension>
        </extensions>
      </trkpt>
      <trkpt lat="59.99446981586515903472900390625" lon="30.3786122985184192657470703125">
        <ele>91.40000152587890625</ele>
        <time>2026-03-17T07:00:29.000Z</time>
        <extensions>
          <ns3:TrackPointExtension>
            <ns3:atemp>19.0</ns3:atemp>
            <ns3:hr>139</ns3:hr>
          </ns3:TrackPointExtension>
        </extensions>
      </trkpt>
      <trkpt lat="59.9944310076534748077392578125" lon="30.37857533432543277740478515625">
        <ele>91.40000152587890625</ele>
        <time>2026-03-17T07:00:30.000Z</time>
        <extensions>
          <ns3:TrackPointExtension>
            <ns3:atemp>19.0</ns3:atemp>
            <ns3:hr>139</ns3:hr>
          </ns3:TrackPointExtension>
        </extensions>
      </trkpt>
      <trkpt lat="59.9943150021135807037353515625" lon="30.3784718178212642669677734375">
        <ele>91.1999969482421875</ele>
        <time>2026-03-17T07:00:35.000Z</time>
        <extensions>
          <ns3:TrackPointExtension>
            <ns3:atemp>19.0</ns3:atemp>
            <ns3:hr>137</ns3:hr>
          </ns3:TrackPointExtension>
        </extensions>
      </trkpt>
      <trkpt lat="59.99425624497234821319580078125" lon="30.37842680700123310089111328125">
        <ele>91.1999969482421875</ele>
        <time>2026-03-17T07:00:42.000Z</time>
        <extensions>
          <ns3:TrackPointExtension>
            <ns3:atemp>19.0</ns3:atemp>
            <ns3:hr>139</ns3:hr>
          </ns3:TrackPointExtension>
        </extensions>
      </trkpt>
      <trkpt lat="59.99424803070724010467529296875" lon="30.37843133322894573211669921875">
        <ele>91.1999969482421875</ele>
        <time>2026-03-17T07:00:43.000Z</time>
        <extensions>
          <ns3:TrackPointExtension>
            <ns3:atemp>19.0</ns3:atemp>
            <ns3:hr>139</ns3:hr>
          </ns3:TrackPointExtension>
        </extensions>
      </trkpt>
      <trkpt lat="59.994220621883869171142578125" lon="30.37848799489438533782958984375">
        <ele>91</ele>
        <time>2026-03-17T07:00:46.000Z</time>
        <extensions>
          <ns3:TrackPointExtension>
            <ns3:atemp>19.0</ns3:atemp>
            <ns3:hr>140</ns3:hr>
          </ns3:TrackPointExtension>
        </extensions>
      </trkpt>
      <trkpt lat="59.99420293606817722320556640625" lon="30.37849118001759052276611328125">
        <ele>91</ele>
        <time>2026-03-17T07:00:47.000Z</time>
        <extensions>
          <ns3:TrackPointExtension>
            <ns3:atemp>19.0</ns3:atemp>
            <ns3:hr>140</ns3:hr>
          </ns3:TrackPointExtension>
        </extensions>
      </trkpt>
      <trkpt lat="59.99410562217235565185546875" lon="30.37850056774914264678955078125">
        <ele>90.8000030517578125</ele>
        <time>2026-03-17T07:00:50.000Z</time>
        <extensions>
          <ns3:TrackPointExtension>
            <ns3:atemp>19.0</ns3:atemp>
            <ns3:hr>141</ns3:hr>
          </ns3:TrackPointExtension>
        </extensions>
      </trkpt>
      <trkpt lat="59.99384921975433826446533203125" lon="30.3781818039715290069580078125">
        <ele>91.1999969482421875</ele>
        <time>2026-03-17T07:00:55.000Z</time>
        <extensions>
          <ns3:TrackPointExtension>
            <ns3:atemp>19.0</ns3:atemp>
            <ns3:hr>144</ns3:hr>
          </ns3:TrackPointExtension>
        </extensions>
      </trkpt>
      <trkpt lat="59.9938030354678630828857421875" lon="30.37811432965099811553955078125">
        <ele>91.1999969482421875</ele>
        <time>2026-03-17T07:00:56.000Z</time>
        <extensions>
          <ns3:TrackPointExtension>
            <ns3:atemp>19.0</ns3:atemp>
            <ns3:hr>145</ns3:hr>
          </ns3:TrackPointExtension>
        </extensions>
      </trkpt>
      <trkpt lat="59.99356725253164768218994140625" lon="30.37786253727972507476806640625">
        <ele>91.8000030517578125</ele>
        <time>2026-03-17T07:01:02.000Z</time>
        <extensions>
          <ns3:TrackPointExtension>
            <ns3:atemp>19.0</ns3:atemp>
            <ns3:hr>145</ns3:hr>
          </ns3:TrackPointExtension>
        </extensions>
      </trkpt>
      <trkpt lat="59.993485696613788604736328125" lon="30.377784334123134613037109375">
        <ele>92</ele>
        <time>2026-03-17T07:01:04.000Z</time>
        <extensions>
          <ns3:TrackPointExtension>
            <ns3:atemp>19.0</ns3:atemp>
            <ns3:hr>145</ns3:hr>
          </ns3:TrackPointExtension>
        </extensions>
      </trkpt>
      <trkpt lat="59.993297941982746124267578125" lon="30.3776148520410060882568359375">
        <ele>93.1999969482421875</ele>
        <time>2026-03-17T07:01:09.000Z</time>
        <extensions>
          <ns3:TrackPointExtension>
            <ns3:atemp>19.0</ns3:atemp>
            <ns3:hr>147</ns3:hr>
          </ns3:TrackPointExtension>
        </extensions>
      </trkpt>
      <trkpt lat="59.993219487369060516357421875" lon="30.37753815762698650360107421875">
        <ele>93.59999847412109375</ele>
        <time>2026-03-17T07:01:11.000Z</time>
        <extensions>
          <ns3:TrackPointExtension>
            <ns3:atemp>19.0</ns3:atemp>
            <ns3:hr>148</ns3:hr>
          </ns3:TrackPointExtension>
        </extensions>
      </trkpt>
      <trkpt lat="59.99296300113201141357421875" lon="30.37729726172983646392822265625">
        <ele>94.1999969482421875</ele>
        <time>2026-03-17T07:01:18.000Z</time>
        <extensions>
          <ns3:TrackPointExtension>
            <ns3:atemp>19.0</ns3:atemp>
            <ns3:hr>149</ns3:hr>
          </ns3:TrackPointExtension>
        </extensions>
      </trkpt>
      <trkpt lat="59.9927504360675811767578125" lon="30.37708050571382045745849609375">
        <ele>95.1999969482421875</ele>
        <time>2026-03-17T07:01:24.000Z</time>
        <extensions>
          <ns3:TrackPointExtension>
            <ns3:atemp>19.0</ns3:atemp>
            <ns3:hr>149</ns3:hr>
          </ns3:TrackPointExtension>
        </extensions>
      </trkpt>
      <trkpt lat="59.99263233505189418792724609375" lon="30.37694723345339298248291015625">
        <ele>95.40000152587890625</ele>
        <time>2026-03-17T07:01:27.000Z</time>
        <extensions>
          <ns3:TrackPointExtension>
            <ns3:atemp>19.0</ns3:atemp>
            <ns3:hr>149</ns3:hr>
          </ns3:TrackPointExtension>
        </extensions>
      </trkpt>
      <trkpt lat="59.992368221282958984375" lon="30.37665336392819881439208984375">
        <ele>95.59999847412109375</ele>
        <time>2026-03-17T07:01:33.000Z</time>
        <extensions>
          <ns3:TrackPointExtension>
            <ns3:atemp>19.0</ns3:atemp>
            <ns3:hr>148</ns3:hr>
          </ns3:TrackPointExtension>
        </extensions>
      </trkpt>
      <trkpt lat="59.9920056201517581939697265625" lon="30.3763079456984996795654296875">
        <ele>95.59999847412109375</ele>
        <time>2026-03-17T07:01:42.000Z</time>
        <extensions>
          <ns3:TrackPointExtension>
            <ns3:atemp>19.0</ns3:atemp>
            <ns3:hr>148</ns3:hr>
          </ns3:TrackPointExtension>
        </extensions>
      </trkpt>
      <trkpt lat="59.99172893352806568145751953125" lon="30.37600971758365631103515625">
        <ele>95.59999847412109375</ele>
        <time>2026-03-17T07:01:49.000Z</time>
        <extensions>
          <ns3:TrackPointExtension>
            <ns3:atemp>19.0</ns3:atemp>
            <ns3:hr>147</ns3:hr>
          </ns3:TrackPointExtension>
        </extensions>
      </trkpt>
      <trkpt lat="59.99135945923626422882080078125" lon="30.3755871020257472991943359375">
        <ele>95.1999969482421875</ele>
        <time>2026-03-17T07:01:57.000Z</time>
        <extensions>
          <ns3:TrackPointExtension>
            <ns3:atemp>19.0</ns3:atemp>
            <ns3:hr>147</ns3:hr>
          </ns3:TrackPointExtension>
        </extensions>
      </trkpt>
      <trkpt lat="59.9912509135901927947998046875" lon="30.37547595798969268798828125">
        <ele>95</ele>
        <time>2026-03-17T07:02:02.000Z</time>
        <extensions>
          <ns3:TrackPointExtension>
            <ns3:atemp>19.0</ns3:atemp>
            <ns3:hr>146</ns3:hr>
          </ns3:TrackPointExtension>
        </extensions>
      </trkpt>
      <trkpt lat="59.99108017422258853912353515625" lon="30.375334806740283966064453125">
        <ele>94.8000030517578125</ele>
        <time>2026-03-17T07:02:07.000Z</time>
        <extensions>
          <ns3:TrackPointExtension>
            <ns3:atemp>19.0</ns3:atemp>
            <ns3:hr>144</ns3:hr>
          </ns3:TrackPointExtension>
        </extensions>
      </trkpt>
      <trkpt lat="59.990975819528102874755859375" lon="30.375212095677852630615234375">
        <ele>94.1999969482421875</ele>
        <time>2026-03-17T07:02:09.000Z</time>
        <extensions>
          <ns3:TrackPointExtension>
            <ns3:atemp>19.0</ns3:atemp>
            <ns3:hr>141</ns3:hr>
          </ns3:TrackPointExtension>
        </extensions>
      </trkpt>
      <trkpt lat="59.9909196607768535614013671875" lon="30.37514202296733856201171875">
        <ele>94</ele>
        <time>2026-03-17T07:02:10.000Z</time>
        <extensions>
          <ns3:TrackPointExtension>
            <ns3:atemp>19.0</ns3:atemp>
            <ns3:hr>140</ns3:hr>
          </ns3:TrackPointExtension>
        </extensions>
      </trkpt>
      <trkpt lat="59.9908033199608325958251953125" lon="30.37499039433896541595458984375">
        <ele>93.40000152587890625</ele>
        <time>2026-03-17T07:02:12.000Z</time>
        <extensions>
          <ns3:TrackPointExtension>
            <ns3:atemp>19.0</ns3:atemp>
            <ns3:hr>139</ns3:hr>
          </ns3:TrackPointExtension>
        </extensions>
      </trkpt>
      <trkpt lat="59.99067650176584720611572265625" lon="30.37482644431293010711669921875">
        <ele>92.40000152587890625</ele>
        <time>2026-03-17T07:02:14.000Z</time>
        <extensions>
          <ns3:TrackPointExtension>
            <ns3:atemp>19.0</ns3:atemp>
            <ns3:hr>139</ns3:hr>
          </ns3:TrackPointExtension>
        </extensions>
      </trkpt>
      <trkpt lat="59.99050500802695751190185546875" lon="30.37454498000442981719970703125">
        <ele>91.40000152587890625</ele>
        <time>2026-03-17T07:02:17.000Z</time>
        <extensions>
          <ns3:TrackPointExtension>
            <ns3:atemp>19.0</ns3:atemp>
            <ns3:hr>141</ns3:hr>
          </ns3:TrackPointExtension>
        </extensions>
      </trkpt>
      <trkpt lat="59.99045069329440593719482421875" lon="30.37444691173732280731201171875">
        <ele>91.1999969482421875</ele>
        <time>2026-03-17T07:02:18.000Z</time>
        <extensions>
          <ns3:TrackPointExtension>
            <ns3:atemp>19.0</ns3:atemp>
            <ns3:hr>141</ns3:hr>
          </ns3:TrackPointExtension>
        </extensions>
      </trkpt>
      <trkpt lat="59.9902303330600261688232421875" lon="30.37401105277240276336669921875">
        <ele>90</ele>
        <time>2026-03-17T07:02:22.000Z</time>
        <extensions>
          <ns3:TrackPointExtension>
            <ns3:atemp>18.0</ns3:atemp>
            <ns3:hr>142</ns3:hr>
          </ns3:TrackPointExtension>
        </extensions>
      </trkpt>
      <trkpt lat="59.99014290980994701385498046875" lon="30.37378021515905857086181640625">
        <ele>89.1999969482421875</ele>
        <time>2026-03-17T07:02:24.000Z</time>
        <extensions>
          <ns3:TrackPointExtension>
            <ns3:atemp>18.0</ns3:atemp>
            <ns3:hr>143</ns3:hr>
          </ns3:TrackPointExtension>
        </extensions>
      </trkpt>
      <trkpt lat="59.99009798280894756317138671875" lon="30.37365281023085117340087890625">
        <ele>88.59999847412109375</ele>
        <time>2026-03-17T07:02:25.000Z</time>
        <extensions>
          <ns3:TrackPointExtension>
            <ns3:atemp>18.0</ns3:atemp>
            <ns3:hr>143</ns3:hr>
          </ns3:TrackPointExtension>
        </extensions>
      </trkpt>
      <trkpt lat="59.99005557037889957427978515625" lon="30.37353177554905414581298828125">
        <ele>88.40000152587890625</ele>
        <time>2026-03-17T07:02:26.000Z</time>
        <extensions>
          <ns3:TrackPointExtension>
            <ns3:atemp>18.0</ns3:atemp>
            <ns3:hr>147</ns3:hr>
          </ns3:TrackPointExtension>
        </extensions>
      </trkpt>
      <trkpt lat="59.99001768417656421661376953125" lon="30.3734171949326992034912109375">
        <ele>88.1999969482421875</ele>
        <time>2026-03-17T07:02:27.000Z</time>
        <extensions>
          <ns3:TrackPointExtension>
            <ns3:atemp>18.0</ns3:atemp>
            <ns3:hr>151</ns3:hr>
          </ns3:TrackPointExtension>
        </extensions>
      </trkpt>
      <trkpt lat="59.9899969808757305145263671875" lon="30.3733147680759429931640625">
        <ele>88.1999969482421875</ele>
        <time>2026-03-17T07:02:28.000Z</time>
        <extensions>
          <ns3:TrackPointExtension>
            <ns3:atemp>18.0</ns3:atemp>
            <ns3:hr>149</ns3:hr>
          </ns3:TrackPointExtension>
        </extensions>
      </trkpt>
      <trkpt lat="59.98999404720962047576904296875" lon="30.37322935648262500762939453125">
        <ele>88.1999969482421875</ele>
        <time>2026-03-17T07:02:29.000Z</time>
        <extensions>
          <ns3:TrackPointExtension>
            <ns3:atemp>18.0</ns3:atemp>
            <ns3:hr>151</ns3:hr>
          </ns3:TrackPointExtension>
        </extensions>
      </trkpt>
      <trkpt lat="59.9899597652256488800048828125" lon="30.37303841672837734222412109375">
        <ele>88.1999969482421875</ele>
        <time>2026-03-17T07:02:30.000Z</time>
        <extensions>
          <ns3:TrackPointExtension>
            <ns3:atemp>18.0</ns3:atemp>
            <ns3:hr>151</ns3:hr>
          </ns3:TrackPointExtension>
        </extensions>
      </trkpt>
      <trkpt lat="59.99000175856053829193115234375" lon="30.3729280270636081695556640625">
        <ele>88.8000030517578125</ele>
        <time>2026-03-17T07:02:32.000Z</time>
        <extensions>
          <ns3:TrackPointExtension>
            <ns3:atemp>18.0</ns3:atemp>
            <ns3:hr>151</ns3:hr>
          </ns3:TrackPointExtension>
        </extensions>
      </trkpt>
      <trkpt lat="59.99002288095653057098388671875" lon="30.37280171178281307220458984375">
        <ele>89</ele>
        <time>2026-03-17T07:02:35.000Z</time>
        <extensions>
          <ns3:TrackPointExtension>
            <ns3:atemp>18.0</ns3:atemp>
            <ns3:hr>149</ns3:hr>
          </ns3:TrackPointExtension>
        </extensions>
      </trkpt>
      <trkpt lat="59.990009553730487823486328125" lon="30.37277589552104473114013671875">
        <ele>89</ele>
        <time>2026-03-17T07:02:36.000Z</time>
        <extensions>
          <ns3:TrackPointExtension>
            <ns3:atemp>18.0</ns3:atemp>
            <ns3:hr>148</ns3:hr>
          </ns3:TrackPointExtension>
        </extensions>
      </trkpt>
      <trkpt lat="59.989894218742847442626953125" lon="30.37261529825627803802490234375">
        <ele>89.1999969482421875</ele>
        <time>2026-03-17T07:02:40.000Z</time>
        <extensions>
          <ns3:TrackPointExtension>
            <ns3:atemp>18.0</ns3:atemp>
            <ns3:hr>145</ns3:hr>
          </ns3:TrackPointExtension>
        </extensions>
      </trkpt>
      <trkpt lat="59.98974242247641086578369140625" lon="30.37214289419353008270263671875">
        <ele>88.8000030517578125</ele>
        <time>2026-03-17T07:02:46.000Z</time>
        <extensions>
          <ns3:TrackPointExtension>
            <ns3:atemp>18.0</ns3:atemp>
            <ns3:hr>147</ns3:hr>
          </ns3:TrackPointExtension>
        </extensions>
      </trkpt>
      <trkpt lat="59.98960596509277820587158203125" lon="30.3717820532619953155517578125">
        <ele>88.59999847412109375</ele>
        <time>2026-03-17T07:02:50.000Z</time>
        <extensions>
          <ns3:TrackPointExtension>
            <ns3:atemp>18.0</ns3:atemp>
            <ns3:hr>150</ns3:hr>
          </ns3:TrackPointExtension>
        </extensions>
      </trkpt>
      <trkpt lat="59.9894937314093112945556640625" lon="30.37149396724998950958251953125">
        <ele>88.59999847412109375</ele>
        <time>2026-03-17T07:02:53.000Z</time>
        <extensions>
          <ns3:TrackPointExtension>
            <ns3:atemp>18.0</ns3:atemp>
            <ns3:hr>152</ns3:hr>
          </ns3:TrackPointExtension>
        </extensions>
      </trkpt>
      <trkpt lat="59.989294745028018951416015625" lon="30.37091712467372417449951171875">
        <ele>87.8000030517578125</ele>
        <time>2026-03-17T07:03:00.000Z</time>
        <extensions>
          <ns3:TrackPointExtension>
            <ns3:atemp>18.0</ns3:atemp>
            <ns3:hr>152</ns3:hr>
          </ns3:TrackPointExtension>
        </extensions>
      </trkpt>
      <trkpt lat="59.98913406394422054290771484375" lon="30.370313711464405059814453125">
        <ele>87.8000030517578125</ele>
        <time>2026-03-17T07:03:07.000Z</time>
        <extensions>
          <ns3:TrackPointExtension>
            <ns3:atemp>18.0</ns3:atemp>
            <ns3:hr>153</ns3:hr>
          </ns3:TrackPointExtension>
        </extensions>
      </trkpt>
      <trkpt lat="59.989070110023021697998046875" lon="30.370128639042377471923828125">
        <ele>87.59999847412109375</ele>
        <time>2026-03-17T07:03:09.000Z</time>
        <extensions>
          <ns3:TrackPointExtension>
            <ns3:atemp>18.0</ns3:atemp>
            <ns3:hr>153</ns3:hr>
          </ns3:TrackPointExtension>
        </extensions>
      </trkpt>
      <trkpt lat="59.98896441422402858734130859375" lon="30.36983770318329334259033203125">
        <ele>87.59999847412109375</ele>
        <time>2026-03-17T07:03:12.000Z</time>
        <extensions>
          <ns3:TrackPointExtension>
            <ns3:atemp>18.0</ns3:atemp>
            <ns3:hr>152</ns3:hr>
          </ns3:TrackPointExtension>
        </extensions>
      </trkpt>
      <trkpt lat="59.988778419792652130126953125" lon="30.3692651353776454925537109375">
        <ele>86.40000152587890625</ele>
        <time>2026-03-17T07:03:18.000Z</time>
        <extensions>
          <ns3:TrackPointExtension>
            <ns3:atemp>18.0</ns3:atemp>
            <ns3:hr>153</ns3:hr>
          </ns3:TrackPointExtension>
        </extensions>
      </trkpt>
      <trkpt lat="59.98866937123239040374755859375" lon="30.3689427673816680908203125">
        <ele>86.40000152587890625</ele>
        <time>2026-03-17T07:03:23.000Z</time>
        <extensions>
          <ns3:TrackPointExtension>
            <ns3:atemp>18.0</ns3:atemp>
            <ns3:hr>155</ns3:hr>
          </ns3:TrackPointExtension>
        </extensions>
      </trkpt>
      <trkpt lat="59.9885589815676212310791015625" lon="30.36865107715129852294921875">
        <ele>86.40000152587890625</ele>
        <time>2026-03-17T07:03:28.000Z</time>
        <extensions>
          <ns3:TrackPointExtension>
            <ns3:atemp>18.0</ns3:atemp>
            <ns3:hr>156</ns3:hr>
          </ns3:TrackPointExtension>
        </extensions>
      </trkpt>
      <trkpt lat="59.98853961937129497528076171875" lon="30.36859030835330486297607421875">
        <ele>86.40000152587890625</ele>
        <time>2026-03-17T07:03:29.000Z</time>
        <extensions>
          <ns3:TrackPointExtension>
            <ns3:atemp>18.0</ns3:atemp>
            <ns3:hr>156</ns3:hr>
          </ns3:TrackPointExtension>
        </extensions>
      </trkpt>
      <trkpt lat="59.9884443171322345733642578125" lon="30.368316136300563812255859375">
        <ele>86.40000152587890625</ele>
        <time>2026-03-17T07:03:33.000Z</time>
        <extensions>
          <ns3:TrackPointExtension>
            <ns3:atemp>18.0</ns3:atemp>
            <ns3:hr>151</ns3:hr>
          </ns3:TrackPointExtension>
        </extensions>
      </trkpt>
      <trkpt lat="59.988344572484493255615234375" lon="30.36809594370424747467041015625">
        <ele>85.8000030517578125</ele>
        <time>2026-03-17T07:03:36.000Z</time>
        <extensions>
          <ns3:TrackPointExtension>
            <ns3:atemp>17.0</ns3:atemp>
            <ns3:hr>149</ns3:hr>
          </ns3:TrackPointExtension>
        </extensions>
      </trkpt>
      <trkpt lat="59.98824189417064189910888671875" lon="30.367837361991405487060546875">
        <ele>85.40000152587890625</ele>
        <time>2026-03-17T07:03:39.000Z</time>
        <extensions>
          <ns3:TrackPointExtension>
            <ns3:atemp>17.0</ns3:atemp>
            <ns3:hr>149</ns3:hr>
          </ns3:TrackPointExtension>
        </extensions>
      </trkpt>
      <trkpt lat="59.98822663910686969757080078125" lon="30.36773803643882274627685546875">
        <ele>85.40000152587890625</ele>
        <time>2026-03-17T07:03:40.000Z</time>
        <extensions>
          <ns3:TrackPointExtension>
            <ns3:atemp>17.0</ns3:atemp>
            <ns3:hr>148</ns3:hr>
          </ns3:TrackPointExtension>
        </extensions>
      </trkpt>
      <trkpt lat="59.98816025443375110626220703125" lon="30.36753184162080287933349609375">
        <ele>85</ele>
        <time>2026-03-17T07:03:42.000Z</time>
        <extensions>
          <ns3:TrackPointExtension>
            <ns3:atemp>17.0</ns3:atemp>
            <ns3:hr>147</ns3:hr>
          </ns3:TrackPointExtension>
        </extensions>
      </trkpt>
      <trkpt lat="59.9880051054060459136962890625" lon="30.367162115871906280517578125">
        <ele>84.8000030517578125</ele>
        <time>2026-03-17T07:03:46.000Z</time>
        <extensions>
          <ns3:TrackPointExtension>
            <ns3:atemp>17.0</ns3:atemp>
            <ns3:hr>149</ns3:hr>
          </ns3:TrackPointExtension>
        </extensions>
      </trkpt>
      <trkpt lat="59.9879403971135616302490234375" lon="30.3669832460582256317138671875">
        <ele>85</ele>
        <time>2026-03-17T07:03:48.000Z</time>
        <extensions>
          <ns3:TrackPointExtension>
            <ns3:atemp>17.0</ns3:atemp>
            <ns3:hr>150</ns3:hr>
          </ns3:TrackPointExtension>
        </extensions>
      </trkpt>
      <trkpt lat="59.98789186589419841766357421875" lon="30.36681108176708221435546875">
        <ele>85</ele>
        <time>2026-03-17T07:03:50.000Z</time>
        <extensions>
          <ns3:TrackPointExtension>
            <ns3:atemp>17.0</ns3:atemp>
            <ns3:hr>152</ns3:hr>
          </ns3:TrackPointExtension>
        </extensions>
      </trkpt>
      <trkpt lat="59.9877561628818511962890625" lon="30.36643498577177524566650390625">
        <ele>84.8000030517578125</ele>
        <time>2026-03-17T07:03:54.000Z</time>
        <extensions>
          <ns3:TrackPointExtension>
            <ns3:atemp>17.0</ns3:atemp>
            <ns3:hr>152</ns3:hr>
          </ns3:TrackPointExtension>
        </extensions>
      </trkpt>
      <trkpt lat="59.98750328086316585540771484375" lon="30.3659459017217159271240234375">
        <ele>84.8000030517578125</ele>
        <time>2026-03-17T07:04:00.000Z</time>
        <extensions>
          <ns3:TrackPointExtension>
            <ns3:atemp>17.0</ns3:atemp>
            <ns3:hr>151</ns3:hr>
          </ns3:TrackPointExtension>
        </extensions>
      </trkpt>
      <trkpt lat="59.98739867471158504486083984375" lon="30.3658181615173816680908203125">
        <ele>84.59999847412109375</ele>
        <time>2026-03-17T07:04:02.000Z</time>
        <extensions>
          <ns3:TrackPointExtension>
            <ns3:atemp>17.0</ns3:atemp>
            <ns3:hr>151</ns3:hr>
          </ns3:TrackPointExtension>
        </extensions>
      </trkpt>
      <trkpt lat="59.98734754510223865509033203125" lon="30.3657460771501064300537109375">
        <ele>84.40000152587890625</ele>
        <time>2026-03-17T07:04:03.000Z</time>
        <extensions>
          <ns3:TrackPointExtension>
            <ns3:atemp>17.0</ns3:atemp>
            <ns3:hr>151</ns3:hr>
          </ns3:TrackPointExtension>
        </extensions>
      </trkpt>
      <trkpt lat="59.98729281127452850341796875" lon="30.3656649403274059295654296875">
        <ele>84.40000152587890625</ele>
        <time>2026-03-17T07:04:04.000Z</time>
        <extensions>
          <ns3:TrackPointExtension>
            <ns3:atemp>17.0</ns3:atemp>
            <ns3:hr>150</ns3:hr>
          </ns3:TrackPointExtension>
        </extensions>
      </trkpt>
      <trkpt lat="59.987144283950328826904296875" lon="30.3654315881431102752685546875">
        <ele>83.1999969482421875</ele>
        <time>2026-03-17T07:04:07.000Z</time>
        <extensions>
          <ns3:TrackPointExtension>
            <ns3:atemp>17.0</ns3:atemp>
            <ns3:hr>148</ns3:hr>
          </ns3:TrackPointExtension>
        </extensions>
      </trkpt>
      <trkpt lat="59.986977316439151763916015625" lon="30.3652971424162387847900390625">
        <ele>83</ele>
        <time>2026-03-17T07:04:11.000Z</time>
        <extensions>
          <ns3:TrackPointExtension>
            <ns3:atemp>17.0</ns3:atemp>
            <ns3:hr>147</ns3:hr>
          </ns3:TrackPointExtension>
        </extensions>
      </trkpt>
      <trkpt lat="59.98675242997705936431884765625" lon="30.36517753265798091888427734375">
        <ele>83</ele>
        <time>2026-03-17T07:04:16.000Z</time>
        <extensions>
          <ns3:TrackPointExtension>
            <ns3:atemp>17.0</ns3:atemp>
            <ns3:hr>146</ns3:hr>
          </ns3:TrackPointExtension>
        </extensions>
      </trkpt>
      <trkpt lat="59.98642251826822757720947265625" lon="30.3649645484983921051025390625">
        <ele>82.1999969482421875</ele>
        <time>2026-03-17T07:04:22.000Z</time>
        <extensions>
          <ns3:TrackPointExtension>
            <ns3:atemp>17.0</ns3:atemp>
            <ns3:hr>145</ns3:hr>
          </ns3:TrackPointExtension>
        </extensions>
      </trkpt>
      <trkpt lat="59.98637423850595951080322265625" lon="30.3649313561618328094482421875">
        <ele>82</ele>
        <time>2026-03-17T07:04:23.000Z</time>
        <extensions>
          <ns3:TrackPointExtension>
            <ns3:atemp>17.0</ns3:atemp>
            <ns3:hr>145</ns3:hr>
          </ns3:TrackPointExtension>
        </extensions>
      </trkpt>
      <trkpt lat="59.986110292375087738037109375" lon="30.3647804819047451019287109375">
        <ele>81.8000030517578125</ele>
        <time>2026-03-17T07:04:29.000Z</time>
        <extensions>
          <ns3:TrackPointExtension>
            <ns3:atemp>17.0</ns3:atemp>
            <ns3:hr>148</ns3:hr>
          </ns3:TrackPointExtension>
        </extensions>
      </trkpt>
      <trkpt lat="59.98605941422283649444580078125" lon="30.3647486306726932525634765625">
        <ele>81.59999847412109375</ele>
        <time>2026-03-17T07:04:30.000Z</time>
        <extensions>
          <ns3:TrackPointExtension>
            <ns3:atemp>17.0</ns3:atemp>
            <ns3:hr>148</ns3:hr>
          </ns3:TrackPointExtension>
        </extensions>
      </trkpt>
      <trkpt lat="59.9860127270221710205078125" lon="30.3647174499928951263427734375">
        <ele>81.40000152587890625</ele>
        <time>2026-03-17T07:04:31.000Z</time>
        <extensions>
          <ns3:TrackPointExtension>
            <ns3:atemp>17.0</ns3:atemp>
            <ns3:hr>149</ns3:hr>
          </ns3:TrackPointExtension>
        </extensions>
      </trkpt>
      <trkpt lat="59.98598028905689716339111328125" lon="30.36467646248638629913330078125">
        <ele>81.1999969482421875</ele>
        <time>2026-03-17T07:04:32.000Z</time>
        <extensions>
          <ns3:TrackPointExtension>
            <ns3:atemp>17.0</ns3:atemp>
            <ns3:hr>149</ns3:hr>
          </ns3:TrackPointExtension>
        </extensions>
      </trkpt>
      <trkpt lat="59.9859485216438770294189453125" lon="30.36460186354815959930419921875">
        <ele>81.1999969482421875</ele>
        <time>2026-03-17T07:04:33.000Z</time>
        <extensions>
          <ns3:TrackPointExtension>
            <ns3:atemp>17.0</ns3:atemp>
            <ns3:hr>149</ns3:hr>
          </ns3:TrackPointExtension>
        </extensions>
      </trkpt>
      <trkpt lat="59.985909126698970794677734375" lon="30.36440958268940448760986328125">
        <ele>81</ele>
        <time>2026-03-17T07:04:35.000Z</time>
        <extensions>
          <ns3:TrackPointExtension>
            <ns3:atemp>17.0</ns3:atemp>
            <ns3:hr>148</ns3:hr>
          </ns3:TrackPointExtension>
        </extensions>
      </trkpt>
      <trkpt lat="59.98591189272701740264892578125" lon="30.36421193741261959075927734375">
        <ele>81.1999969482421875</ele>
        <time>2026-03-17T07:04:37.000Z</time>
        <extensions>
          <ns3:TrackPointExtension>
            <ns3:atemp>17.0</ns3:atemp>
            <ns3:hr>148</ns3:hr>
          </ns3:TrackPointExtension>
        </extensions>
      </trkpt>
      <trkpt lat="59.9859984777867794036865234375" lon="30.36383257247507572174072265625">
        <ele>81.8000030517578125</ele>
        <time>2026-03-17T07:04:41.000Z</time>
        <extensions>
          <ns3:TrackPointExtension>
            <ns3:atemp>17.0</ns3:atemp>
            <ns3:hr>147</ns3:hr>
          </ns3:TrackPointExtension>
        </extensions>
      </trkpt>
      <trkpt lat="59.98613988049328327178955078125" lon="30.36323846317827701568603515625">
        <ele>81.1999969482421875</ele>
        <time>2026-03-17T07:04:47.000Z</time>
        <extensions>
          <ns3:TrackPointExtension>
            <ns3:atemp>17.0</ns3:atemp>
            <ns3:hr>147</ns3:hr>
          </ns3:TrackPointExtension>
        </extensions>
      </trkpt>
      <trkpt lat="59.9862683750689029693603515625" lon="30.36257721483707427978515625">
        <ele>81</ele>
        <time>2026-03-17T07:04:54.000Z</time>
        <extensions>
          <ns3:TrackPointExtension>
            <ns3:atemp>17.0</ns3:atemp>
            <ns3:hr>150</ns3:hr>
          </ns3:TrackPointExtension>
        </extensions>
      </trkpt>
      <trkpt lat="59.98632830567657947540283203125" lon="30.36221989430487155914306640625">
        <ele>81.1999969482421875</ele>
        <time>2026-03-17T07:04:58.000Z</time>
        <extensions>
          <ns3:TrackPointExtension>
            <ns3:atemp>17.0</ns3:atemp>
            <ns3:hr>146</ns3:hr>
          </ns3:TrackPointExtension>
        </extensions>
      </trkpt>
      <trkpt lat="59.98637088574469089508056640625" lon="30.3618833608925342559814453125">
        <ele>81.40000152587890625</ele>
        <time>2026-03-17T07:05:02.000Z</time>
        <extensions>
          <ns3:TrackPointExtension>
            <ns3:atemp>17.0</ns3:atemp>
            <ns3:hr>146</ns3:hr>
          </ns3:TrackPointExtension>
        </extensions>
      </trkpt>
      <trkpt lat="59.98647280968725681304931640625" lon="30.36131699569523334503173828125">
        <ele>81.1999969482421875</ele>
        <time>2026-03-17T07:05:09.000Z</time>
        <extensions>
          <ns3:TrackPointExtension>
            <ns3:atemp>17.0</ns3:atemp>
            <ns3:hr>147</ns3:hr>
          </ns3:TrackPointExtension>
        </extensions>
      </trkpt>
      <trkpt lat="59.98654573224484920501708984375" lon="30.36089203320443630218505859375">
        <ele>81.1999969482421875</ele>
        <time>2026-03-17T07:05:15.000Z</time>
        <extensions>
          <ns3:TrackPointExtension>
            <ns3:atemp>17.0</ns3:atemp>
            <ns3:hr>145</ns3:hr>
          </ns3:TrackPointExtension>
        </extensions>
      </trkpt>
      <trkpt lat="59.9866180680692195892333984375" lon="30.36060973070561885833740234375">
        <ele>81</ele>
        <time>2026-03-17T07:05:20.000Z</time>
        <extensions>
          <ns3:TrackPointExtension>
            <ns3:atemp>17.0</ns3:atemp>
            <ns3:hr>143</ns3:hr>
          </ns3:TrackPointExtension>
        </extensions>
      </trkpt>
      <trkpt lat="59.98667162843048572540283203125" lon="30.3602009452879428863525390625">
        <ele>81.1999969482421875</ele>
        <time>2026-03-17T07:05:26.000Z</time>
        <extensions>
          <ns3:TrackPointExtension>
            <ns3:atemp>17.0</ns3:atemp>
            <ns3:hr>143</ns3:hr>
          </ns3:TrackPointExtension>
        </extensions>
      </trkpt>
      <trkpt lat="59.9867488257586956024169921875" lon="30.35956115461885929107666015625">
        <ele>81.1999969482421875</ele>
        <time>2026-03-17T07:05:35.000Z</time>
        <extensions>
          <ns3:TrackPointExtension>
            <ns3:atemp>17.0</ns3:atemp>
            <ns3:hr>143</ns3:hr>
          </ns3:TrackPointExtension>
        </extensions>
      </trkpt>
      <trkpt lat="59.9867984466254711151123046875" lon="30.359385050833225250244140625">
        <ele>81</ele>
        <time>2026-03-17T07:05:39.000Z</time>
        <extensions>
          <ns3:TrackPointExtension>
            <ns3:atemp>17.0</ns3:atemp>
            <ns3:hr>142</ns3:hr>
          </ns3:TrackPointExtension>
        </extensions>
      </trkpt>
      <trkpt lat="59.98685971833765506744384765625" lon="30.359110124409198760986328125">
        <ele>80.59999847412109375</ele>
        <time>2026-03-17T07:05:43.000Z</time>
        <extensions>
          <ns3:TrackPointExtension>
            <ns3:atemp>17.0</ns3:atemp>
            <ns3:hr>139</ns3:hr>
          </ns3:TrackPointExtension>
        </extensions>
      </trkpt>
      <trkpt lat="59.986862652003765106201171875" lon="30.35902001895010471343994140625">
        <ele>80.59999847412109375</ele>
        <time>2026-03-17T07:05:44.000Z</time>
        <extensions>
          <ns3:TrackPointExtension>
            <ns3:atemp>17.0</ns3:atemp>
            <ns3:hr>139</ns3:hr>
          </ns3:TrackPointExtension>
        </extensions>
      </trkpt>
      <trkpt lat="59.9868701957166194915771484375" lon="30.35864668898284435272216796875">
        <ele>80.59999847412109375</ele>
        <time>2026-03-17T07:05:48.000Z</time>
        <extensions>
          <ns3:TrackPointExtension>
            <ns3:atemp>17.0</ns3:atemp>
            <ns3:hr>139</ns3:hr>
          </ns3:TrackPointExtension>
        </extensions>
      </trkpt>
      <trkpt lat="59.9868844449520111083984375" lon="30.35856999456882476806640625">
        <ele>80.59999847412109375</ele>
        <time>2026-03-17T07:05:49.000Z</time>
        <extensions>
          <ns3:TrackPointExtension>
            <ns3:atemp>17.0</ns3:atemp>
            <ns3:hr>139</ns3:hr>
          </ns3:TrackPointExtension>
        </extensions>
      </trkpt>
      <trkpt lat="59.98690925538539886474609375" lon="30.358413420617580413818359375">
        <ele>80.59999847412109375</ele>
        <time>2026-03-17T07:05:51.000Z</time>
        <extensions>
          <ns3:TrackPointExtension>
            <ns3:atemp>17.0</ns3:atemp>
            <ns3:hr>139</ns3:hr>
          </ns3:TrackPointExtension>
        </extensions>
      </trkpt>
      <trkpt lat="59.98693607747554779052734375" lon="30.3582499735057353973388671875">
        <ele>80.59999847412109375</ele>
        <time>2026-03-17T07:05:53.000Z</time>
        <extensions>
          <ns3:TrackPointExtension>
            <ns3:atemp>17.0</ns3:atemp>
            <ns3:hr>140</ns3:hr>
          </ns3:TrackPointExtension>
        </extensions>
      </trkpt>
      <trkpt lat="59.98695946298539638519287109375" lon="30.3580565191805362701416015625">
        <ele>80.59999847412109375</ele>
        <time>2026-03-17T07:05:55.000Z</time>
        <extensions>
          <ns3:TrackPointExtension>
            <ns3:atemp>17.0</ns3:atemp>
            <ns3:hr>141</ns3:hr>
          </ns3:TrackPointExtension>
        </extensions>
      </trkpt>
      <trkpt lat="59.98698075301945209503173828125" lon="30.3578727878630161285400390625">
        <ele>80.59999847412109375</ele>
        <time>2026-03-17T07:05:57.000Z</time>
        <extensions>
          <ns3:TrackPointExtension>
            <ns3:atemp>17.0</ns3:atemp>
            <ns3:hr>141</ns3:hr>
          </ns3:TrackPointExtension>
        </extensions>
      </trkpt>
      <trkpt lat="59.9870100058615207672119140625" lon="30.3576957620680332183837890625">
        <ele>80.59999847412109375</ele>
        <time>2026-03-17T07:06:00.000Z</time>
        <extensions>
          <ns3:TrackPointExtension>
            <ns3:atemp>17.0</ns3:atemp>
            <ns3:hr>142</ns3:hr>
          </ns3:TrackPointExtension>
        </extensions>
      </trkpt>
      <trkpt lat="59.98701545409858226776123046875" lon="30.3574047423899173736572265625">
        <ele>80.59999847412109375</ele>
        <time>2026-03-17T07:06:05.000Z</time>
        <extensions>
          <ns3:TrackPointExtension>
            <ns3:atemp>17.0</ns3:atemp>
            <ns3:hr>143</ns3:hr>
          </ns3:TrackPointExtension>
        </extensions>
      </trkpt>
      <trkpt lat="59.98700170777738094329833984375" lon="30.3571335040032863616943359375">
        <ele>80.59999847412109375</ele>
        <time>2026-03-17T07:06:09.000Z</time>
        <extensions>
          <ns3:TrackPointExtension>
            <ns3:atemp>17.0</ns3:atemp>
            <ns3:hr>141</ns3:hr>
          </ns3:TrackPointExtension>
        </extensions>
      </trkpt>
      <trkpt lat="59.98697203584015369415283203125" lon="30.35701959393918514251708984375">
        <ele>80.1999969482421875</ele>
        <time>2026-03-17T07:06:12.000Z</time>
        <extensions>
          <ns3:TrackPointExtension>
            <ns3:atemp>17.0</ns3:atemp>
            <ns3:hr>140</ns3:hr>
          </ns3:TrackPointExtension>
        </extensions>
      </trkpt>
      <trkpt lat="59.9869717843830585479736328125" lon="30.35699495114386081695556640625">
        <ele>79.8000030517578125</ele>
        <time>2026-03-17T07:06:14.000Z</time>
        <extensions>
          <ns3:TrackPointExtension>
            <ns3:atemp>17.0</ns3:atemp>
            <ns3:hr>140</ns3:hr>
          </ns3:TrackPointExtension>
        </extensions>
      </trkpt>
      <trkpt lat="59.986945129930973052978515625" lon="30.35694516263902187347412109375">
        <ele>79.8000030517578125</ele>
        <time>2026-03-17T07:06:15.000Z</time>
        <extensions>
          <ns3:TrackPointExtension>
            <ns3:atemp>17.0</ns3:atemp>
            <ns3:hr>141</ns3:hr>
          </ns3:TrackPointExtension>
        </extensions>
      </trkpt>
      <trkpt lat="59.98680909164249897003173828125" lon="30.35673896782100200653076171875">
        <ele>79.1999969482421875</ele>
        <time>2026-03-17T07:06:19.000Z</time>
        <extensions>
          <ns3:TrackPointExtension>
            <ns3:atemp>17.0</ns3:atemp>
            <ns3:hr>142</ns3:hr>
          </ns3:TrackPointExtension>
        </extensions>
      </trkpt>
      <trkpt lat="59.98677690513432025909423828125" lon="30.35670376382768154144287109375">
        <ele>79.1999969482421875</ele>
        <time>2026-03-17T07:06:20.000Z</time>
        <extensions>
          <ns3:TrackPointExtension>
            <ns3:atemp>17.0</ns3:atemp>
            <ns3:hr>141</ns3:hr>
          </ns3:TrackPointExtension>
        </extensions>
      </trkpt>
      <trkpt lat="59.98667045496404170989990234375" lon="30.3565588407218456268310546875">
        <ele>79</ele>
        <time>2026-03-17T07:06:24.000Z</time>
        <extensions>
          <ns3:TrackPointExtension>
            <ns3:atemp>17.0</ns3:atemp>
            <ns3:hr>139</ns3:hr>
          </ns3:TrackPointExtension>
        </extensions>
      </trkpt>
      <trkpt lat="59.98665452934801578521728515625" lon="30.35656093619763851165771484375">
        <ele>79</ele>
        <time>2026-03-17T07:06:25.000Z</time>
        <extensions>
          <ns3:TrackPointExtension>
            <ns3:atemp>17.0</ns3:atemp>
            <ns3:hr>139</ns3:hr>
          </ns3:TrackPointExtension>
        </extensions>
      </trkpt>
      <trkpt lat="59.98662628233432769775390625" lon="30.3565608523786067962646484375">
        <ele>78.8000030517578125</ele>
        <time>2026-03-17T07:06:27.000Z</time>
        <extensions>
          <ns3:TrackPointExtension>
            <ns3:atemp>17.0</ns3:atemp>
            <ns3:hr>139</ns3:hr>
          </ns3:TrackPointExtension>
        </extensions>
      </trkpt>
      <trkpt lat="59.98664748854935169219970703125" lon="30.35664492286741733551025390625">
        <ele>78.40000152587890625</ele>
        <time>2026-03-17T07:06:34.000Z</time>
        <extensions>
          <ns3:TrackPointExtension>
            <ns3:atemp>17.0</ns3:atemp>
            <ns3:hr>139</ns3:hr>
          </ns3:TrackPointExtension>
        </extensions>
      </trkpt>
      <trkpt lat="59.98665151186287403106689453125" lon="30.356662608683109283447265625">
        <ele>78</ele>
        <time>2026-03-17T07:06:36.000Z</time>
        <extensions>
          <ns3:TrackPointExtension>
            <ns3:atemp>17.0</ns3:atemp>
            <ns3:hr>140</ns3:hr>
          </ns3:TrackPointExtension>
        </extensions>
      </trkpt>
      <trkpt lat="59.98662603087723255157470703125" lon="30.35664995200932025909423828125">
        <ele>77.1999969482421875</ele>
        <time>2026-03-17T07:06:41.000Z</time>
        <extensions>
          <ns3:TrackPointExtension>
            <ns3:atemp>17.0</ns3:atemp>
            <ns3:hr>142</ns3:hr>
          </ns3:TrackPointExtension>
        </extensions>
      </trkpt>
      <trkpt lat="59.98662016354501247406005859375" lon="30.35664240829646587371826171875">
        <ele>76.8000030517578125</ele>
        <time>2026-03-17T07:06:43.000Z</time>
        <extensions>
          <ns3:TrackPointExtension>
            <ns3:atemp>17.0</ns3:atemp>
            <ns3:hr>141</ns3:hr>
          </ns3:TrackPointExtension>
        </extensions>
      </trkpt>
      <trkpt lat="59.986619241535663604736328125" lon="30.35664240829646587371826171875">
        <ele>76.40000152587890625</ele>
        <time>2026-03-17T07:06:48.000Z</time>
        <extensions>
          <ns3:TrackPointExtension>
            <ns3:atemp>17.0</ns3:atemp>
            <ns3:hr>136</ns3:hr>
          </ns3:TrackPointExtension>
        </extensions>
      </trkpt>
      <trkpt lat="59.98661949299275875091552734375" lon="30.35664291121065616607666015625">
        <ele>76.40000152587890625</ele>
        <time>2026-03-17T07:06:49.000Z</time>
        <extensions>
          <ns3:TrackPointExtension>
            <ns3:atemp>17.0</ns3:atemp>
            <ns3:hr>133</ns3:hr>
          </ns3:TrackPointExtension>
        </extensions>
      </trkpt>
      <trkpt lat="59.9866190738976001739501953125" lon="30.356643162667751312255859375">
        <ele>76</ele>
        <time>2026-03-17T07:06:51.000Z</time>
        <extensions>
          <ns3:TrackPointExtension>
            <ns3:atemp>17.0</ns3:atemp>
            <ns3:hr>130</ns3:hr>
          </ns3:TrackPointExtension>
        </extensions>
      </trkpt>
      <trkpt lat="59.986623264849185943603515625" lon="30.3566631115972995758056640625">
        <ele>75.8000030517578125</ele>
        <time>2026-03-17T07:06:55.000Z</time>
        <extensions>
          <ns3:TrackPointExtension>
            <ns3:atemp>17.0</ns3:atemp>
            <ns3:hr>132</ns3:hr>
          </ns3:TrackPointExtension>
        </extensions>
      </trkpt>
      <trkpt lat="59.98662787489593029022216796875" lon="30.35667258314788341522216796875">
        <ele>75</ele>
        <time>2026-03-17T07:07:02.000Z</time>
        <extensions>
          <ns3:TrackPointExtension>
            <ns3:atemp>17.0</ns3:atemp>
            <ns3:hr>131</ns3:hr>
          </ns3:TrackPointExtension>
        </extensions>
      </trkpt>
      <trkpt lat="59.9866009689867496490478515625" lon="30.3566798754036426544189453125">
        <ele>74.8000030517578125</ele>
        <time>2026-03-17T07:07:04.000Z</time>
        <extensions>
          <ns3:TrackPointExtension>
            <ns3:atemp>17.0</ns3:atemp>
            <ns3:hr>131</ns3:hr>
          </ns3:TrackPointExtension>
        </extensions>
      </trkpt>
      <trkpt lat="59.98659267090260982513427734375" lon="30.35664659924805164337158203125">
        <ele>74.59999847412109375</ele>
        <time>2026-03-17T07:07:05.000Z</time>
        <extensions>
          <ns3:TrackPointExtension>
            <ns3:atemp>17.0</ns3:atemp>
            <ns3:hr>131</ns3:hr>
          </ns3:TrackPointExtension>
        </extensions>
      </trkpt>
      <trkpt lat="59.98658680357038974761962890625" lon="30.356525480747222900390625">
        <ele>74</ele>
        <time>2026-03-17T07:07:07.000Z</time>
        <extensions>
          <ns3:TrackPointExtension>
            <ns3:atemp>17.0</ns3:atemp>
            <ns3:hr>131</ns3:hr>
          </ns3:TrackPointExtension>
        </extensions>
      </trkpt>
      <trkpt lat="59.98659384436905384063720703125" lon="30.35636748187243938446044921875">
        <ele>73.8000030517578125</ele>
        <time>2026-03-17T07:07:09.000Z</time>
        <extensions>
          <ns3:TrackPointExtension>
            <ns3:atemp>17.0</ns3:atemp>
            <ns3:hr>132</ns3:hr>
          </ns3:TrackPointExtension>
        </extensions>
      </trkpt>
      <trkpt lat="59.98657791875302791595458984375" lon="30.35617117770016193389892578125">
        <ele>73.59999847412109375</ele>
        <time>2026-03-17T07:07:11.000Z</time>
        <extensions>
          <ns3:TrackPointExtension>
            <ns3:atemp>17.0</ns3:atemp>
            <ns3:hr>134</ns3:hr>
          </ns3:TrackPointExtension>
        </extensions>
      </trkpt>
      <trkpt lat="59.986572973430156707763671875" lon="30.356064476072788238525390625">
        <ele>73.40000152587890625</ele>
        <time>2026-03-17T07:07:12.000Z</time>
        <extensions>
          <ns3:TrackPointExtension>
            <ns3:atemp>17.0</ns3:atemp>
            <ns3:hr>135</ns3:hr>
          </ns3:TrackPointExtension>
        </extensions>
      </trkpt>
      <trkpt lat="59.98656668700277805328369140625" lon="30.35595291294157505035400390625">
        <ele>73.40000152587890625</ele>
        <time>2026-03-17T07:07:13.000Z</time>
        <extensions>
          <ns3:TrackPointExtension>
            <ns3:atemp>17.0</ns3:atemp>
            <ns3:hr>135</ns3:hr>
          </ns3:TrackPointExtension>
        </extensions>
      </trkpt>
      <trkpt lat="59.986513964831829071044921875" lon="30.3549746610224246978759765625">
        <ele>72.59999847412109375</ele>
        <time>2026-03-17T07:07:21.000Z</time>
        <extensions>
          <ns3:TrackPointExtension>
            <ns3:atemp>17.0</ns3:atemp>
            <ns3:hr>136</ns3:hr>
          </ns3:TrackPointExtension>
        </extensions>
      </trkpt>
      <trkpt lat="59.98648546636104583740234375" lon="30.35458557307720184326171875">
        <ele>72.40000152587890625</ele>
        <time>2026-03-17T07:07:24.000Z</time>
        <extensions>
          <ns3:TrackPointExtension>
            <ns3:atemp>17.0</ns3:atemp>
            <ns3:hr>137</ns3:hr>
          </ns3:TrackPointExtension>
        </extensions>
      </trkpt>
      <trkpt lat="59.986465014517307281494140625" lon="30.35432900302112102508544921875">
        <ele>72.1999969482421875</ele>
        <time>2026-03-17T07:07:26.000Z</time>
        <extensions>
          <ns3:TrackPointExtension>
            <ns3:atemp>17.0</ns3:atemp>
            <ns3:hr>138</ns3:hr>
          </ns3:TrackPointExtension>
        </extensions>
      </trkpt>
      <trkpt lat="59.98645219020545482635498046875" lon="30.3542172722518444061279296875">
        <ele>72.40000152587890625</ele>
        <time>2026-03-17T07:07:27.000Z</time>
        <extensions>
          <ns3:TrackPointExtension>
            <ns3:atemp>17.0</ns3:atemp>
            <ns3:hr>138</ns3:hr>
          </ns3:TrackPointExtension>
        </extensions>
      </trkpt>
      <trkpt lat="59.986395947635173797607421875" lon="30.35385341383516788482666015625">
        <ele>72.59999847412109375</ele>
        <time>2026-03-17T07:07:31.000Z</time>
        <extensions>
          <ns3:TrackPointExtension>
            <ns3:atemp>17.0</ns3:atemp>
            <ns3:hr>137</ns3:hr>
          </ns3:TrackPointExtension>
        </extensions>
      </trkpt>
      <trkpt lat="59.986323527991771697998046875" lon="30.3533934988081455230712890625">
        <ele>72.40000152587890625</ele>
        <time>2026-03-17T07:07:36.000Z</time>
        <extensions>
          <ns3:TrackPointExtension>
            <ns3:atemp>17.0</ns3:atemp>
            <ns3:hr>136</ns3:hr>
          </ns3:TrackPointExtension>
        </extensions>
      </trkpt>
      <trkpt lat="59.9862703867256641387939453125" lon="30.35276661626994609832763671875">
        <ele>71.59999847412109375</ele>
        <time>2026-03-17T07:07:42.000Z</time>
        <extensions>
          <ns3:TrackPointExtension>
            <ns3:atemp>17.0</ns3:atemp>
            <ns3:hr>135</ns3:hr>
          </ns3:TrackPointExtension>
        </extensions>
      </trkpt>
      <trkpt lat="59.986246414482593536376953125" lon="30.35250954329967498779296875">
        <ele>71.59999847412109375</ele>
        <time>2026-03-17T07:07:46.000Z</time>
        <extensions>
          <ns3:TrackPointExtension>
            <ns3:atemp>17.0</ns3:atemp>
            <ns3:hr>135</ns3:hr>
          </ns3:TrackPointExtension>
        </extensions>
      </trkpt>
      <trkpt lat="59.986239708960056304931640625" lon="30.3524587489664554595947265625">
        <ele>72.1999969482421875</ele>
        <time>2026-03-17T07:07:51.000Z</time>
        <extensions>
          <ns3:TrackPointExtension>
            <ns3:atemp>17.0</ns3:atemp>
            <ns3:hr>133</ns3:hr>
          </ns3:TrackPointExtension>
        </extensions>
      </trkpt>
      <trkpt lat="59.98624532483518123626708984375" lon="30.35243988968431949615478515625">
        <ele>71.8000030517578125</ele>
        <time>2026-03-17T07:07:57.000Z</time>
        <extensions>
          <ns3:TrackPointExtension>
            <ns3:atemp>17.0</ns3:atemp>
            <ns3:hr>134</ns3:hr>
          </ns3:TrackPointExtension>
        </extensions>
      </trkpt>
      <trkpt lat="59.9862452410161495208740234375" lon="30.35238808952271938323974609375">
        <ele>71.59999847412109375</ele>
        <time>2026-03-17T07:07:59.000Z</time>
        <extensions>
          <ns3:TrackPointExtension>
            <ns3:atemp>17.0</ns3:atemp>
            <ns3:hr>134</ns3:hr>
          </ns3:TrackPointExtension>
        </extensions>
      </trkpt>
      <trkpt lat="59.98622034676373004913330078125" lon="30.3521271608769893646240234375">
        <ele>71.40000152587890625</ele>
        <time>2026-03-17T07:08:02.000Z</time>
        <extensions>
          <ns3:TrackPointExtension>
            <ns3:atemp>17.0</ns3:atemp>
            <ns3:hr>134</ns3:hr>
          </ns3:TrackPointExtension>
        </extensions>
      </trkpt>
      <trkpt lat="59.986198805272579193115234375" lon="30.35191266797482967376708984375">
        <ele>71.1999969482421875</ele>
        <time>2026-03-17T07:08:04.000Z</time>
        <extensions>
          <ns3:TrackPointExtension>
            <ns3:atemp>17.0</ns3:atemp>
            <ns3:hr>135</ns3:hr>
          </ns3:TrackPointExtension>
        </extensions>
      </trkpt>
      <trkpt lat="59.98614407144486904144287109375" lon="30.35134035162627696990966796875">
        <ele>70.59999847412109375</ele>
        <time>2026-03-17T07:08:09.000Z</time>
        <extensions>
          <ns3:TrackPointExtension>
            <ns3:atemp>17.0</ns3:atemp>
            <ns3:hr>135</ns3:hr>
          </ns3:TrackPointExtension>
        </extensions>
      </trkpt>
      <trkpt lat="59.98611263930797576904296875" lon="30.350977666676044464111328125">
        <ele>70.59999847412109375</ele>
        <time>2026-03-17T07:08:12.000Z</time>
        <extensions>
          <ns3:TrackPointExtension>
            <ns3:atemp>17.0</ns3:atemp>
            <ns3:hr>139</ns3:hr>
          </ns3:TrackPointExtension>
        </extensions>
      </trkpt>
      <trkpt lat="59.98609931208193302154541015625" lon="30.3508512675762176513671875">
        <ele>70.8000030517578125</ele>
        <time>2026-03-17T07:08:13.000Z</time>
        <extensions>
          <ns3:TrackPointExtension>
            <ns3:atemp>17.0</ns3:atemp>
            <ns3:hr>142</ns3:hr>
          </ns3:TrackPointExtension>
        </extensions>
      </trkpt>
      <trkpt lat="59.98607047833502292633056640625" lon="30.3506056778132915496826171875">
        <ele>70.8000030517578125</ele>
        <time>2026-03-17T07:08:15.000Z</time>
        <extensions>
          <ns3:TrackPointExtension>
            <ns3:atemp>17.0</ns3:atemp>
            <ns3:hr>146</ns3:hr>
          </ns3:TrackPointExtension>
        </extensions>
      </trkpt>
      <trkpt lat="59.98604357242584228515625" lon="30.3503589145839214324951171875">
        <ele>70.8000030517578125</ele>
        <time>2026-03-17T07:08:17.000Z</time>
        <extensions>
          <ns3:TrackPointExtension>
            <ns3:atemp>17.0</ns3:atemp>
            <ns3:hr>149</ns3:hr>
          </ns3:TrackPointExtension>
        </extensions>
      </trkpt>
      <trkpt lat="59.98603024519979953765869140625" lon="30.35024332813918590545654296875">
        <ele>71</ele>
        <time>2026-03-17T07:08:18.000Z</time>
        <extensions>
          <ns3:TrackPointExtension>
            <ns3:atemp>17.0</ns3:atemp>
            <ns3:hr>150</ns3:hr>
          </ns3:TrackPointExtension>
        </extensions>
      </trkpt>
      <trkpt lat="59.98595514334738254547119140625" lon="30.34950940869748592376708984375">
        <ele>71.8000030517578125</ele>
        <time>2026-03-17T07:08:25.000Z</time>
        <extensions>
          <ns3:TrackPointExtension>
            <ns3:atemp>17.0</ns3:atemp>
            <ns3:hr>151</ns3:hr>
          </ns3:TrackPointExtension>
        </extensions>
      </trkpt>
      <trkpt lat="59.98595112003386020660400390625" lon="30.34943195991218090057373046875">
        <ele>71.8000030517578125</ele>
        <time>2026-03-17T07:08:28.000Z</time>
        <extensions>
          <ns3:TrackPointExtension>
            <ns3:atemp>17.0</ns3:atemp>
            <ns3:hr>151</ns3:hr>
          </ns3:TrackPointExtension>
        </extensions>
      </trkpt>
      <trkpt lat="59.98594357632100582122802734375" lon="30.349410586059093475341796875">
        <ele>71.8000030517578125</ele>
        <time>2026-03-17T07:08:33.000Z</time>
        <extensions>
          <ns3:TrackPointExtension>
            <ns3:atemp>17.0</ns3:atemp>
            <ns3:hr>149</ns3:hr>
          </ns3:TrackPointExtension>
        </extensions>
      </trkpt>
      <trkpt lat="59.98593821190297603607177734375" lon="30.34931478090584278106689453125">
        <ele>71.8000030517578125</ele>
        <time>2026-03-17T07:08:35.000Z</time>
        <extensions>
          <ns3:TrackPointExtension>
            <ns3:atemp>17.0</ns3:atemp>
            <ns3:hr>149</ns3:hr>
          </ns3:TrackPointExtension>
        </extensions>
      </trkpt>
      <trkpt lat="59.9858987331390380859375" lon="30.34903717227280139923095703125">
        <ele>71.40000152587890625</ele>
        <time>2026-03-17T07:08:38.000Z</time>
        <extensions>
          <ns3:TrackPointExtension>
            <ns3:atemp>17.0</ns3:atemp>
            <ns3:hr>149</ns3:hr>
          </ns3:TrackPointExtension>
        </extensions>
      </trkpt>
      <trkpt lat="59.98588205315172672271728515625" lon="30.348929129540920257568359375">
        <ele>71.1999969482421875</ele>
        <time>2026-03-17T07:08:39.000Z</time>
        <extensions>
          <ns3:TrackPointExtension>
            <ns3:atemp>17.0</ns3:atemp>
            <ns3:hr>150</ns3:hr>
          </ns3:TrackPointExtension>
        </extensions>
      </trkpt>
      <trkpt lat="59.98580711893737316131591796875" lon="30.3481923602521419525146484375">
        <ele>71</ele>
        <time>2026-03-17T07:08:45.000Z</time>
        <extensions>
          <ns3:TrackPointExtension>
            <ns3:atemp>17.0</ns3:atemp>
            <ns3:hr>149</ns3:hr>
          </ns3:TrackPointExtension>
        </extensions>
      </trkpt>
      <trkpt lat="59.9857315979897975921630859375" lon="30.34742985852062702178955078125">
        <ele>70.8000030517578125</ele>
        <time>2026-03-17T07:08:51.000Z</time>
        <extensions>
          <ns3:TrackPointExtension>
            <ns3:atemp>17.0</ns3:atemp>
            <ns3:hr>153</ns3:hr>
          </ns3:TrackPointExtension>
        </extensions>
      </trkpt>
      <trkpt lat="59.98571910895407199859619140625" lon="30.34730714745819568634033203125">
        <ele>70.40000152587890625</ele>
        <time>2026-03-17T07:08:52.000Z</time>
        <extensions>
          <ns3:TrackPointExtension>
            <ns3:atemp>17.0</ns3:atemp>
            <ns3:hr>156</ns3:hr>
          </ns3:TrackPointExtension>
        </extensions>
      </trkpt>
      <trkpt lat="59.985705949366092681884765625" lon="30.34718527458608150482177734375">
        <ele>70.1999969482421875</ele>
        <time>2026-03-17T07:08:53.000Z</time>
        <extensions>
          <ns3:TrackPointExtension>
            <ns3:atemp>17.0</ns3:atemp>
            <ns3:hr>159</ns3:hr>
          </ns3:TrackPointExtension>
        </extensions>
      </trkpt>
      <trkpt lat="59.98569429852068424224853515625" lon="30.34706809557974338531494140625">
        <ele>70</ele>
        <time>2026-03-17T07:08:54.000Z</time>
        <extensions>
          <ns3:TrackPointExtension>
            <ns3:atemp>17.0</ns3:atemp>
            <ns3:hr>162</ns3:hr>
          </ns3:TrackPointExtension>
        </extensions>
      </trkpt>
      <trkpt lat="59.98560444451868534088134765625" lon="30.34614591859281063079833984375">
        <ele>70.1999969482421875</ele>
        <time>2026-03-17T07:09:02.000Z</time>
        <extensions>
          <ns3:TrackPointExtension>
            <ns3:atemp>17.0</ns3:atemp>
            <ns3:hr>162</ns3:hr>
          </ns3:TrackPointExtension>
        </extensions>
      </trkpt>
      <trkpt lat="59.985567815601825714111328125" lon="30.3458336926996707916259765625">
        <ele>71.40000152587890625</ele>
        <time>2026-03-17T07:09:05.000Z</time>
        <extensions>
          <ns3:TrackPointExtension>
            <ns3:atemp>17.0</ns3:atemp>
            <ns3:hr>163</ns3:hr>
          </ns3:TrackPointExtension>
        </extensions>
      </trkpt>
      <trkpt lat="59.9855314381420612335205078125" lon="30.34557963721454143524169921875">
        <ele>71.8000030517578125</ele>
        <time>2026-03-17T07:09:08.000Z</time>
        <extensions>
          <ns3:TrackPointExtension>
            <ns3:atemp>17.0</ns3:atemp>
            <ns3:hr>164</ns3:hr>
          </ns3:TrackPointExtension>
        </extensions>
      </trkpt>
      <trkpt lat="59.98552883975207805633544921875" lon="30.3454454429447650909423828125">
        <ele>71.8000030517578125</ele>
        <time>2026-03-17T07:09:12.000Z</time>
        <extensions>
          <ns3:TrackPointExtension>
            <ns3:atemp>17.0</ns3:atemp>
            <ns3:hr>165</ns3:hr>
          </ns3:TrackPointExtension>
        </extensions>
      </trkpt>
      <trkpt lat="59.98553520999848842620849609375" lon="30.3454407490789890289306640625">
        <ele>71.1999969482421875</ele>
        <time>2026-03-17T07:09:14.000Z</time>
        <extensions>
          <ns3:TrackPointExtension>
            <ns3:atemp>17.0</ns3:atemp>
            <ns3:hr>164</ns3:hr>
          </ns3:TrackPointExtension>
        </extensions>
      </trkpt>
      <trkpt lat="59.98552967794239521026611328125" lon="30.34537092782557010650634765625">
        <ele>71.1999969482421875</ele>
        <time>2026-03-17T07:09:16.000Z</time>
        <extensions>
          <ns3:TrackPointExtension>
            <ns3:atemp>17.0</ns3:atemp>
            <ns3:hr>163</ns3:hr>
          </ns3:TrackPointExtension>
        </extensions>
      </trkpt>
      <trkpt lat="59.98548693023622035980224609375" lon="30.34501100890338420867919921875">
        <ele>71.1999969482421875</ele>
        <time>2026-03-17T07:09:21.000Z</time>
        <extensions>
          <ns3:TrackPointExtension>
            <ns3:atemp>17.0</ns3:atemp>
            <ns3:hr>161</ns3:hr>
          </ns3:TrackPointExtension>
        </extensions>
      </trkpt>
      <trkpt lat="59.98545172624289989471435546875" lon="30.34443098120391368865966796875">
        <ele>70.8000030517578125</ele>
        <time>2026-03-17T07:09:27.000Z</time>
        <extensions>
          <ns3:TrackPointExtension>
            <ns3:atemp>17.0</ns3:atemp>
            <ns3:hr>160</ns3:hr>
          </ns3:TrackPointExtension>
        </extensions>
      </trkpt>
      <trkpt lat="59.9854440987110137939453125" lon="30.34430692903697490692138671875">
        <ele>70.8000030517578125</ele>
        <time>2026-03-17T07:09:28.000Z</time>
        <extensions>
          <ns3:TrackPointExtension>
            <ns3:atemp>17.0</ns3:atemp>
            <ns3:hr>160</ns3:hr>
          </ns3:TrackPointExtension>
        </extensions>
      </trkpt>
      <trkpt lat="59.98535047285258769989013671875" lon="30.3433945588767528533935546875">
        <ele>71.1999969482421875</ele>
        <time>2026-03-17T07:09:37.000Z</time>
        <extensions>
          <ns3:TrackPointExtension>
            <ns3:atemp>17.0</ns3:atemp>
            <ns3:hr>162</ns3:hr>
          </ns3:TrackPointExtension>
        </extensions>
      </trkpt>
      <trkpt lat="59.98528274707496166229248046875" lon="30.342741273343563079833984375">
        <ele>72</ele>
        <time>2026-03-17T07:09:44.000Z</time>
        <extensions>
          <ns3:TrackPointExtension>
            <ns3:atemp>17.0</ns3:atemp>
            <ns3:hr>163</ns3:hr>
          </ns3:TrackPointExtension>
        </extensions>
      </trkpt>
      <trkpt lat="59.98527444899082183837890625" lon="30.3426666744053363800048828125">
        <ele>72.1999969482421875</ele>
        <time>2026-03-17T07:09:45.000Z</time>
        <extensions>
          <ns3:TrackPointExtension>
            <ns3:atemp>17.0</ns3:atemp>
            <ns3:hr>163</ns3:hr>
          </ns3:TrackPointExtension>
        </extensions>
      </trkpt>
      <trkpt lat="59.9852705933153629302978515625" lon="30.34259450621902942657470703125">
        <ele>72.1999969482421875</ele>
        <time>2026-03-17T07:09:48.000Z</time>
        <extensions>
          <ns3:TrackPointExtension>
            <ns3:atemp>17.0</ns3:atemp>
            <ns3:hr>161</ns3:hr>
          </ns3:TrackPointExtension>
        </extensions>
      </trkpt>
      <trkpt lat="59.9852724373340606689453125" lon="30.3425979427993297576904296875">
        <ele>72.40000152587890625</ele>
        <time>2026-03-17T07:09:51.000Z</time>
        <extensions>
          <ns3:TrackPointExtension>
            <ns3:atemp>17.0</ns3:atemp>
            <ns3:hr>160</ns3:hr>
          </ns3:TrackPointExtension>
        </extensions>
      </trkpt>
      <trkpt lat="59.9852729402482509613037109375" lon="30.34259878098964691162109375">
        <ele>72</ele>
        <time>2026-03-17T07:10:00.000Z</time>
        <extensions>
          <ns3:TrackPointExtension>
            <ns3:atemp>17.0</ns3:atemp>
            <ns3:hr>157</ns3:hr>
          </ns3:TrackPointExtension>
        </extensions>
      </trkpt>
      <trkpt lat="59.98527386225759983062744140625" lon="30.3425996191799640655517578125">
        <ele>71.8000030517578125</ele>
        <time>2026-03-17T07:10:05.000Z</time>
        <extensions>
          <ns3:TrackPointExtension>
            <ns3:atemp>17.0</ns3:atemp>
            <ns3:hr>154</ns3:hr>
          </ns3:TrackPointExtension>
        </extensions>
      </trkpt>
      <trkpt lat="59.9852736108005046844482421875" lon="30.342599116265773773193359375">
        <ele>71.59999847412109375</ele>
        <time>2026-03-17T07:10:08.000Z</time>
        <extensions>
          <ns3:TrackPointExtension>
            <ns3:atemp>17.0</ns3:atemp>
            <ns3:hr>151</ns3:hr>
          </ns3:TrackPointExtension>
        </extensions>
      </trkpt>
      <trkpt lat="59.9852736108005046844482421875" lon="30.34260037355124950408935546875">
        <ele>71.59999847412109375</ele>
        <time>2026-03-17T07:10:11.000Z</time>
        <extensions>
          <ns3:TrackPointExtension>
            <ns3:atemp>17.0</ns3:atemp>
            <ns3:hr>148</ns3:hr>
          </ns3:TrackPointExtension>
        </extensions>
      </trkpt>
      <trkpt lat="59.9852742813527584075927734375" lon="30.34260146319866180419921875">
        <ele>71</ele>
        <time>2026-03-17T07:10:16.000Z</time>
        <extensions>
          <ns3:TrackPointExtension>
            <ns3:atemp>17.0</ns3:atemp>
            <ns3:hr>145</ns3:hr>
          </ns3:TrackPointExtension>
        </extensions>
      </trkpt>
      <trkpt lat="59.98527470044791698455810546875" lon="30.3426016308367252349853515625">
        <ele>70.59999847412109375</ele>
        <time>2026-03-17T07:10:20.000Z</time>
        <extensions>
          <ns3:TrackPointExtension>
            <ns3:atemp>17.0</ns3:atemp>
            <ns3:hr>143</ns3:hr>
          </ns3:TrackPointExtension>
        </extensions>
      </trkpt>
      <trkpt lat="59.98527503572404384613037109375" lon="30.3426016308367252349853515625">
        <ele>70.40000152587890625</ele>
        <time>2026-03-17T07:10:23.000Z</time>
        <extensions>
          <ns3:TrackPointExtension>
            <ns3:atemp>17.0</ns3:atemp>
            <ns3:hr>142</ns3:hr>
          </ns3:TrackPointExtension>
        </extensions>
      </trkpt>
      <trkpt lat="59.9852858483791351318359375" lon="30.3425939194858074188232421875">
        <ele>69.40000152587890625</ele>
        <time>2026-03-17T07:10:31.000Z</time>
        <extensions>
          <ns3:TrackPointExtension>
            <ns3:atemp>17.0</ns3:atemp>
            <ns3:hr>141</ns3:hr>
          </ns3:TrackPointExtension>
        </extensions>
      </trkpt>
      <trkpt lat="59.985306300222873687744140625" lon="30.34254672937095165252685546875">
        <ele>69.1999969482421875</ele>
        <time>2026-03-17T07:10:33.000Z</time>
        <extensions>
          <ns3:TrackPointExtension>
            <ns3:atemp>17.0</ns3:atemp>
            <ns3:hr>141</ns3:hr>
          </ns3:TrackPointExtension>
        </extensions>
      </trkpt>
      <trkpt lat="59.98525567352771759033203125" lon="30.34207767806947231292724609375">
        <ele>69.1999969482421875</ele>
        <time>2026-03-17T07:10:39.000Z</time>
        <extensions>
          <ns3:TrackPointExtension>
            <ns3:atemp>17.0</ns3:atemp>
            <ns3:hr>140</ns3:hr>
          </ns3:TrackPointExtension>
        </extensions>
      </trkpt>
      <trkpt lat="59.98522994108498096466064453125" lon="30.34187768585979938507080078125">
        <ele>69.40000152587890625</ele>
        <time>2026-03-17T07:10:41.000Z</time>
        <extensions>
          <ns3:TrackPointExtension>
            <ns3:atemp>17.0</ns3:atemp>
            <ns3:hr>143</ns3:hr>
          </ns3:TrackPointExtension>
        </extensions>
      </trkpt>
      <trkpt lat="59.9852135963737964630126953125" lon="30.34166176803410053253173828125">
        <ele>69.40000152587890625</ele>
        <time>2026-03-17T07:10:43.000Z</time>
        <extensions>
          <ns3:TrackPointExtension>
            <ns3:atemp>17.0</ns3:atemp>
            <ns3:hr>146</ns3:hr>
          </ns3:TrackPointExtension>
        </extensions>
      </trkpt>
      <trkpt lat="59.98512935824692249298095703125" lon="30.34085526131093502044677734375">
        <ele>68.8000030517578125</ele>
        <time>2026-03-17T07:10:49.000Z</time>
        <extensions>
          <ns3:TrackPointExtension>
            <ns3:atemp>17.0</ns3:atemp>
            <ns3:hr>149</ns3:hr>
          </ns3:TrackPointExtension>
        </extensions>
      </trkpt>
      <trkpt lat="59.98511494137346744537353515625" lon="30.3407259285449981689453125">
        <ele>68.8000030517578125</ele>
        <time>2026-03-17T07:10:50.000Z</time>
        <extensions>
          <ns3:TrackPointExtension>
            <ns3:atemp>17.0</ns3:atemp>
            <ns3:hr>150</ns3:hr>
          </ns3:TrackPointExtension>
        </extensions>
      </trkpt>
      <trkpt lat="59.9850737862288951873779296875" lon="30.340348742902278900146484375">
        <ele>69.1999969482421875</ele>
        <time>2026-03-17T07:10:53.000Z</time>
        <extensions>
          <ns3:TrackPointExtension>
            <ns3:atemp>17.0</ns3:atemp>
            <ns3:hr>153</ns3:hr>
          </ns3:TrackPointExtension>
        </extensions>
      </trkpt>
      <trkpt lat="59.98504067771136760711669921875" lon="30.33998924307525157928466796875">
        <ele>69.1999969482421875</ele>
        <time>2026-03-17T07:10:56.000Z</time>
        <extensions>
          <ns3:TrackPointExtension>
            <ns3:atemp>17.0</ns3:atemp>
            <ns3:hr>156</ns3:hr>
          </ns3:TrackPointExtension>
        </extensions>
      </trkpt>
      <trkpt lat="59.9850050546228885650634765625" lon="30.33963351510465145111083984375">
        <ele>69.40000152587890625</ele>
        <time>2026-03-17T07:10:59.000Z</time>
        <extensions>
          <ns3:TrackPointExtension>
            <ns3:atemp>17.0</ns3:atemp>
            <ns3:hr>158</ns3:hr>
          </ns3:TrackPointExtension>
        </extensions>
      </trkpt>
      <trkpt lat="59.98494847677648067474365234375" lon="30.33915105275809764862060546875">
        <ele>69.8000030517578125</ele>
        <time>2026-03-17T07:11:03.000Z</time>
        <extensions>
          <ns3:TrackPointExtension>
            <ns3:atemp>17.0</ns3:atemp>
            <ns3:hr>159</ns3:hr>
          </ns3:TrackPointExtension>
        </extensions>
      </trkpt>
      <trkpt lat="59.98493238352239131927490234375" lon="30.33892809413373470306396484375">
        <ele>69.8000030517578125</ele>
        <time>2026-03-17T07:11:05.000Z</time>
        <extensions>
          <ns3:TrackPointExtension>
            <ns3:atemp>17.0</ns3:atemp>
            <ns3:hr>159</ns3:hr>
          </ns3:TrackPointExtension>
        </extensions>
      </trkpt>
      <trkpt lat="59.9849049746990203857421875" lon="30.3387087397277355194091796875">
        <ele>70</ele>
        <time>2026-03-17T07:11:07.000Z</time>
        <extensions>
          <ns3:TrackPointExtension>
            <ns3:atemp>17.0</ns3:atemp>
            <ns3:hr>159</ns3:hr>
          </ns3:TrackPointExtension>
        </extensions>
      </trkpt>
      <trkpt lat="59.9848836846649646759033203125" lon="30.3384277783334255218505859375">
        <ele>70.1999969482421875</ele>
        <time>2026-03-17T07:11:10.000Z</time>
        <extensions>
          <ns3:TrackPointExtension>
            <ns3:atemp>17.0</ns3:atemp>
            <ns3:hr>157</ns3:hr>
          </ns3:TrackPointExtension>
        </extensions>
      </trkpt>
      <trkpt lat="59.98487018980085849761962890625" lon="30.33832543529570102691650390625">
        <ele>70.40000152587890625</ele>
        <time>2026-03-17T07:11:11.000Z</time>
        <extensions>
          <ns3:TrackPointExtension>
            <ns3:atemp>17.0</ns3:atemp>
            <ns3:hr>157</ns3:hr>
          </ns3:TrackPointExtension>
        </extensions>
      </trkpt>
      <trkpt lat="59.984830208122730255126953125" lon="30.33799602650105953216552734375">
        <ele>70.40000152587890625</ele>
        <time>2026-03-17T07:11:15.000Z</time>
        <extensions>
          <ns3:TrackPointExtension>
            <ns3:atemp>17.0</ns3:atemp>
            <ns3:hr>154</ns3:hr>
          </ns3:TrackPointExtension>
        </extensions>
      </trkpt>
      <trkpt lat="59.9848216585814952850341796875" lon="30.33791036345064640045166015625">
        <ele>70.40000152587890625</ele>
        <time>2026-03-17T07:11:16.000Z</time>
        <extensions>
          <ns3:TrackPointExtension>
            <ns3:atemp>17.0</ns3:atemp>
            <ns3:hr>153</ns3:hr>
          </ns3:TrackPointExtension>
        </extensions>
      </trkpt>
      <trkpt lat="59.98476407490670680999755859375" lon="30.3374041803181171417236328125">
        <ele>70</ele>
        <time>2026-03-17T07:11:21.000Z</time>
        <extensions>
          <ns3:TrackPointExtension>
            <ns3:atemp>17.0</ns3:atemp>
            <ns3:hr>152</ns3:hr>
          </ns3:TrackPointExtension>
        </extensions>
      </trkpt>
      <trkpt lat="59.98474446125328540802001953125" lon="30.337286330759525299072265625">
        <ele>69.8000030517578125</ele>
        <time>2026-03-17T07:11:22.000Z</time>
        <extensions>
          <ns3:TrackPointExtension>
            <ns3:atemp>17.0</ns3:atemp>
            <ns3:hr>153</ns3:hr>
          </ns3:TrackPointExtension>
        </extensions>
      </trkpt>
      <trkpt lat="59.98466290533542633056640625" lon="30.33655970357358455657958984375">
        <ele>70.1999969482421875</ele>
        <time>2026-03-17T07:11:29.000Z</time>
        <extensions>
          <ns3:TrackPointExtension>
            <ns3:atemp>17.0</ns3:atemp>
            <ns3:hr>151</ns3:hr>
          </ns3:TrackPointExtension>
        </extensions>
      </trkpt>
      <trkpt lat="59.9846184812486171722412109375" lon="30.335945896804332733154296875">
        <ele>70.1999969482421875</ele>
        <time>2026-03-17T07:11:35.000Z</time>
        <extensions>
          <ns3:TrackPointExtension>
            <ns3:atemp>17.0</ns3:atemp>
            <ns3:hr>151</ns3:hr>
          </ns3:TrackPointExtension>
        </extensions>
      </trkpt>
      <trkpt lat="59.984587468206882476806640625" lon="30.335833914577960968017578125">
        <ele>70.1999969482421875</ele>
        <time>2026-03-17T07:11:36.000Z</time>
        <extensions>
          <ns3:TrackPointExtension>
            <ns3:atemp>17.0</ns3:atemp>
            <ns3:hr>151</ns3:hr>
          </ns3:TrackPointExtension>
        </extensions>
      </trkpt>
      <trkpt lat="59.9845212511718273162841796875" lon="30.33547349274158477783203125">
        <ele>70.8000030517578125</ele>
        <time>2026-03-17T07:11:39.000Z</time>
        <extensions>
          <ns3:TrackPointExtension>
            <ns3:atemp>17.0</ns3:atemp>
            <ns3:hr>150</ns3:hr>
          </ns3:TrackPointExtension>
        </extensions>
      </trkpt>
      <trkpt lat="59.9844785034656524658203125" lon="30.3351122327148914337158203125">
        <ele>70.40000152587890625</ele>
        <time>2026-03-17T07:11:42.000Z</time>
        <extensions>
          <ns3:TrackPointExtension>
            <ns3:atemp>17.0</ns3:atemp>
            <ns3:hr>153</ns3:hr>
          </ns3:TrackPointExtension>
        </extensions>
      </trkpt>
      <trkpt lat="59.98443047516047954559326171875" lon="30.33486999571323394775390625">
        <ele>69.1999969482421875</ele>
        <time>2026-03-17T07:11:44.000Z</time>
        <extensions>
          <ns3:TrackPointExtension>
            <ns3:atemp>17.0</ns3:atemp>
            <ns3:hr>153</ns3:hr>
          </ns3:TrackPointExtension>
        </extensions>
      </trkpt>
      <trkpt lat="59.9842687882483005523681640625" lon="30.3343414328992366790771484375">
        <ele>68.40000152587890625</ele>
        <time>2026-03-17T07:11:49.000Z</time>
        <extensions>
          <ns3:TrackPointExtension>
            <ns3:atemp>17.0</ns3:atemp>
            <ns3:hr>156</ns3:hr>
          </ns3:TrackPointExtension>
        </extensions>
      </trkpt>
      <trkpt lat="59.98423417098820209503173828125" lon="30.33424395136535167694091796875">
        <ele>68.59999847412109375</ele>
        <time>2026-03-17T07:11:50.000Z</time>
        <extensions>
          <ns3:TrackPointExtension>
            <ns3:atemp>17.0</ns3:atemp>
            <ns3:hr>157</ns3:hr>
          </ns3:TrackPointExtension>
        </extensions>
      </trkpt>
      <trkpt lat="59.98412352986633777618408203125" lon="30.33394354395568370819091796875">
        <ele>69</ele>
        <time>2026-03-17T07:11:53.000Z</time>
        <extensions>
          <ns3:TrackPointExtension>
            <ns3:atemp>17.0</ns3:atemp>
            <ns3:hr>161</ns3:hr>
          </ns3:TrackPointExtension>
        </extensions>
      </trkpt>
      <trkpt lat="59.9840478412806987762451171875" lon="30.33375394530594348907470703125">
        <ele>69</ele>
        <time>2026-03-17T07:11:55.000Z</time>
        <extensions>
          <ns3:TrackPointExtension>
            <ns3:atemp>17.0</ns3:atemp>
            <ns3:hr>164</ns3:hr>
          </ns3:TrackPointExtension>
        </extensions>
      </trkpt>
      <trkpt lat="59.98395086266100406646728515625" lon="30.33349326811730861663818359375">
        <ele>69.1999969482421875</ele>
        <time>2026-03-17T07:11:58.000Z</time>
        <extensions>
          <ns3:TrackPointExtension>
            <ns3:atemp>17.0</ns3:atemp>
            <ns3:hr>164</ns3:hr>
          </ns3:TrackPointExtension>
        </extensions>
      </trkpt>
      <trkpt lat="59.98376830480992794036865234375" lon="30.33310367725789546966552734375">
        <ele>69</ele>
        <time>2026-03-17T07:12:03.000Z</time>
        <extensions>
          <ns3:TrackPointExtension>
            <ns3:atemp>17.0</ns3:atemp>
            <ns3:hr>161</ns3:hr>
          </ns3:TrackPointExtension>
        </extensions>
      </trkpt>
      <trkpt lat="59.98368649743497371673583984375" lon="30.33293972723186016082763671875">
        <ele>68.8000030517578125</ele>
        <time>2026-03-17T07:12:05.000Z</time>
        <extensions>
          <ns3:TrackPointExtension>
            <ns3:atemp>17.0</ns3:atemp>
            <ns3:hr>159</ns3:hr>
          </ns3:TrackPointExtension>
        </extensions>
      </trkpt>
      <trkpt lat="59.98329288326203823089599609375" lon="30.33207773230969905853271484375">
        <ele>68.1999969482421875</ele>
        <time>2026-03-17T07:12:15.000Z</time>
        <extensions>
          <ns3:TrackPointExtension>
            <ns3:atemp>17.0</ns3:atemp>
            <ns3:hr>157</ns3:hr>
          </ns3:TrackPointExtension>
        </extensions>
      </trkpt>
      <trkpt lat="59.98314754106104373931884765625" lon="30.331727452576160430908203125">
        <ele>68</ele>
        <time>2026-03-17T07:12:19.000Z</time>
        <extensions>
          <ns3:TrackPointExtension>
            <ns3:atemp>17.0</ns3:atemp>
            <ns3:hr>159</ns3:hr>
          </ns3:TrackPointExtension>
        </extensions>
      </trkpt>
      <trkpt lat="59.98301544226706027984619140625" lon="30.331416316330432891845703125">
        <ele>68.1999969482421875</ele>
        <time>2026-03-17T07:12:23.000Z</time>
        <extensions>
          <ns3:TrackPointExtension>
            <ns3:atemp>17.0</ns3:atemp>
            <ns3:hr>159</ns3:hr>
          </ns3:TrackPointExtension>
        </extensions>
      </trkpt>
      <trkpt lat="59.9828938208520412445068359375" lon="30.33113770186901092529296875">
        <ele>68.8000030517578125</ele>
        <time>2026-03-17T07:12:28.000Z</time>
        <extensions>
          <ns3:TrackPointExtension>
            <ns3:atemp>17.0</ns3:atemp>
            <ns3:hr>157</ns3:hr>
          </ns3:TrackPointExtension>
        </extensions>
      </trkpt>
      <trkpt lat="59.98282693326473236083984375" lon="30.33095288090407848358154296875">
        <ele>68.8000030517578125</ele>
        <time>2026-03-17T07:12:33.000Z</time>
        <extensions>
          <ns3:TrackPointExtension>
            <ns3:atemp>17.0</ns3:atemp>
            <ns3:hr>154</ns3:hr>
          </ns3:TrackPointExtension>
        </extensions>
      </trkpt>
      <trkpt lat="59.98281829990446567535400390625" lon="30.33093209378421306610107421875">
        <ele>68.8000030517578125</ele>
        <time>2026-03-17T07:12:34.000Z</time>
        <extensions>
          <ns3:TrackPointExtension>
            <ns3:atemp>17.0</ns3:atemp>
            <ns3:hr>154</ns3:hr>
          </ns3:TrackPointExtension>
        </extensions>
      </trkpt>
      <trkpt lat="59.9828150309622287750244140625" lon="30.3309085406363010406494140625">
        <ele>69</ele>
        <time>2026-03-17T07:12:37.000Z</time>
        <extensions>
          <ns3:TrackPointExtension>
            <ns3:atemp>17.0</ns3:atemp>
            <ns3:hr>151</ns3:hr>
          </ns3:TrackPointExtension>
        </extensions>
      </trkpt>
      <trkpt lat="59.982807822525501251220703125" lon="30.3309155814349651336669921875">
        <ele>69</ele>
        <time>2026-03-17T07:12:39.000Z</time>
        <extensions>
          <ns3:TrackPointExtension>
            <ns3:atemp>17.0</ns3:atemp>
            <ns3:hr>149</ns3:hr>
          </ns3:TrackPointExtension>
        </extensions>
      </trkpt>
      <trkpt lat="59.9827992729842662811279296875" lon="30.330892615020275115966796875">
        <ele>68.8000030517578125</ele>
        <time>2026-03-17T07:12:46.000Z</time>
        <extensions>
          <ns3:TrackPointExtension>
            <ns3:atemp>17.0</ns3:atemp>
            <ns3:hr>151</ns3:hr>
          </ns3:TrackPointExtension>
        </extensions>
      </trkpt>
      <trkpt lat="59.98278426937758922576904296875" lon="30.330847688019275665283203125">
        <ele>68.59999847412109375</ele>
        <time>2026-03-17T07:12:50.000Z</time>
        <extensions>
          <ns3:TrackPointExtension>
            <ns3:atemp>17.0</ns3:atemp>
            <ns3:hr>151</ns3:hr>
          </ns3:TrackPointExtension>
        </extensions>
      </trkpt>
      <trkpt lat="59.98274202458560466766357421875" lon="30.3307318501174449920654296875">
        <ele>68.1999969482421875</ele>
        <time>2026-03-17T07:12:53.000Z</time>
        <extensions>
          <ns3:TrackPointExtension>
            <ns3:atemp>17.0</ns3:atemp>
            <ns3:hr>150</ns3:hr>
          </ns3:TrackPointExtension>
        </extensions>
      </trkpt>
      <trkpt lat="59.98258813284337520599365234375" lon="30.3303959034383296966552734375">
        <ele>67.8000030517578125</ele>
        <time>2026-03-17T07:12:58.000Z</time>
        <extensions>
          <ns3:TrackPointExtension>
            <ns3:atemp>17.0</ns3:atemp>
            <ns3:hr>148</ns3:hr>
          </ns3:TrackPointExtension>
        </extensions>
      </trkpt>
      <trkpt lat="59.98231102712452411651611328125" lon="30.32977857626974582672119140625">
        <ele>67.8000030517578125</ele>
        <time>2026-03-17T07:13:06.000Z</time>
        <extensions>
          <ns3:TrackPointExtension>
            <ns3:atemp>17.0</ns3:atemp>
            <ns3:hr>147</ns3:hr>
          </ns3:TrackPointExtension>
        </extensions>
      </trkpt>
      <trkpt lat="59.98216434381902217864990234375" lon="30.3294735588133335113525390625">
        <ele>67.8000030517578125</ele>
        <time>2026-03-17T07:13:10.000Z</time>
        <extensions>
          <ns3:TrackPointExtension>
            <ns3:atemp>17.0</ns3:atemp>
            <ns3:hr>150</ns3:hr>
          </ns3:TrackPointExtension>
        </extensions>
      </trkpt>
      <trkpt lat="59.98202361166477203369140625" lon="30.329162590205669403076171875">
        <ele>68</ele>
        <time>2026-03-17T07:13:14.000Z</time>
        <extensions>
          <ns3:TrackPointExtension>
            <ns3:atemp>17.0</ns3:atemp>
            <ns3:hr>152</ns3:hr>
          </ns3:TrackPointExtension>
        </extensions>
      </trkpt>
      <trkpt lat="59.98188924975693225860595703125" lon="30.32888942398130893707275390625">
        <ele>68.1999969482421875</ele>
        <time>2026-03-17T07:13:18.000Z</time>
        <extensions>
          <ns3:TrackPointExtension>
            <ns3:atemp>17.0</ns3:atemp>
            <ns3:hr>155</ns3:hr>
          </ns3:TrackPointExtension>
        </extensions>
      </trkpt>
      <trkpt lat="59.9817672930657863616943359375" lon="30.328642912209033966064453125">
        <ele>68.40000152587890625</ele>
        <time>2026-03-17T07:13:22.000Z</time>
        <extensions>
          <ns3:TrackPointExtension>
            <ns3:atemp>17.0</ns3:atemp>
            <ns3:hr>154</ns3:hr>
          </ns3:TrackPointExtension>
        </extensions>
      </trkpt>
      <trkpt lat="59.981698058545589447021484375" lon="30.32843671739101409912109375">
        <ele>68.8000030517578125</ele>
        <time>2026-03-17T07:13:27.000Z</time>
        <extensions>
          <ns3:TrackPointExtension>
            <ns3:atemp>16.0</ns3:atemp>
            <ns3:hr>152</ns3:hr>
          </ns3:TrackPointExtension>
        </extensions>
      </trkpt>
      <trkpt lat="59.98169663362205028533935546875" lon="30.328410565853118896484375">
        <ele>69</ele>
        <time>2026-03-17T07:13:28.000Z</time>
        <extensions>
          <ns3:TrackPointExtension>
            <ns3:atemp>16.0</ns3:atemp>
            <ns3:hr>151</ns3:hr>
          </ns3:TrackPointExtension>
        </extensions>
      </trkpt>
      <trkpt lat="59.9816496111452579498291015625" lon="30.3282373957335948944091796875">
        <ele>69.1999969482421875</ele>
        <time>2026-03-17T07:13:32.000Z</time>
        <extensions>
          <ns3:TrackPointExtension>
            <ns3:atemp>16.0</ns3:atemp>
            <ns3:hr>150</ns3:hr>
          </ns3:TrackPointExtension>
        </extensions>
      </trkpt>
      <trkpt lat="59.98154215514659881591796875" lon="30.32796523533761501312255859375">
        <ele>69</ele>
        <time>2026-03-17T07:13:37.000Z</time>
        <extensions>
          <ns3:TrackPointExtension>
            <ns3:atemp>16.0</ns3:atemp>
            <ns3:hr>148</ns3:hr>
          </ns3:TrackPointExtension>
        </extensions>
      </trkpt>
      <trkpt lat="59.9813703261315822601318359375" lon="30.3275735490024089813232421875">
        <ele>68</ele>
        <time>2026-03-17T07:13:42.000Z</time>
        <extensions>
          <ns3:TrackPointExtension>
            <ns3:atemp>16.0</ns3:atemp>
            <ns3:hr>150</ns3:hr>
          </ns3:TrackPointExtension>
        </extensions>
      </trkpt>
      <trkpt lat="59.9812549911439418792724609375" lon="30.32733567059040069580078125">
        <ele>67.8000030517578125</ele>
        <time>2026-03-17T07:13:45.000Z</time>
        <extensions>
          <ns3:TrackPointExtension>
            <ns3:atemp>16.0</ns3:atemp>
            <ns3:hr>153</ns3:hr>
          </ns3:TrackPointExtension>
        </extensions>
      </trkpt>
      <trkpt lat="59.9811632931232452392578125" lon="30.32711497507989406585693359375">
        <ele>68.40000152587890625</ele>
        <time>2026-03-17T07:13:48.000Z</time>
        <extensions>
          <ns3:TrackPointExtension>
            <ns3:atemp>16.0</ns3:atemp>
            <ns3:hr>157</ns3:hr>
          </ns3:TrackPointExtension>
        </extensions>
      </trkpt>
      <trkpt lat="59.98101166449487209320068359375" lon="30.32674700953066349029541015625">
        <ele>69</ele>
        <time>2026-03-17T07:13:51.000Z</time>
        <extensions>
          <ns3:TrackPointExtension>
            <ns3:atemp>16.0</ns3:atemp>
            <ns3:hr>158</ns3:hr>
          </ns3:TrackPointExtension>
        </extensions>
      </trkpt>
      <trkpt lat="59.98072818852961063385009765625" lon="30.32620377838611602783203125">
        <ele>68.40000152587890625</ele>
        <time>2026-03-17T07:13:58.000Z</time>
        <extensions>
          <ns3:TrackPointExtension>
            <ns3:atemp>16.0</ns3:atemp>
            <ns3:hr>157</ns3:hr>
          </ns3:TrackPointExtension>
        </extensions>
      </trkpt>
      <trkpt lat="59.9806494824588298797607421875" lon="30.32602666877210140228271484375">
        <ele>67.8000030517578125</ele>
        <time>2026-03-17T07:14:00.000Z</time>
        <extensions>
          <ns3:TrackPointExtension>
            <ns3:atemp>16.0</ns3:atemp>
            <ns3:hr>157</ns3:hr>
          </ns3:TrackPointExtension>
        </extensions>
      </trkpt>
      <trkpt lat="59.98052735812962055206298828125" lon="30.325803458690643310546875">
        <ele>67.1999969482421875</ele>
        <time>2026-03-17T07:14:03.000Z</time>
        <extensions>
          <ns3:TrackPointExtension>
            <ns3:atemp>16.0</ns3:atemp>
            <ns3:hr>157</ns3:hr>
          </ns3:TrackPointExtension>
        </extensions>
      </trkpt>
      <trkpt lat="59.980337508022785186767578125" lon="30.3254361636936664581298828125">
        <ele>68</ele>
        <time>2026-03-17T07:14:09.000Z</time>
        <extensions>
          <ns3:TrackPointExtension>
            <ns3:atemp>16.0</ns3:atemp>
            <ns3:hr>157</ns3:hr>
          </ns3:TrackPointExtension>
        </extensions>
      </trkpt>
      <trkpt lat="59.98022292740643024444580078125" lon="30.32519551925361156463623046875">
        <ele>69</ele>
        <time>2026-03-17T07:14:13.000Z</time>
        <extensions>
          <ns3:TrackPointExtension>
            <ns3:atemp>16.0</ns3:atemp>
            <ns3:hr>157</ns3:hr>
          </ns3:TrackPointExtension>
        </extensions>
      </trkpt>
      <trkpt lat="59.98010558076202869415283203125" lon="30.32492662779986858367919921875">
        <ele>70.1999969482421875</ele>
        <time>2026-03-17T07:14:18.000Z</time>
        <extensions>
          <ns3:TrackPointExtension>
            <ns3:atemp>16.0</ns3:atemp>
            <ns3:hr>156</ns3:hr>
          </ns3:TrackPointExtension>
        </extensions>
      </trkpt>
      <trkpt lat="59.97997918166220188140869140625" lon="30.32467491924762725830078125">
        <ele>71.1999969482421875</ele>
        <time>2026-03-17T07:14:23.000Z</time>
        <extensions>
          <ns3:TrackPointExtension>
            <ns3:atemp>16.0</ns3:atemp>
            <ns3:hr>155</ns3:hr>
          </ns3:TrackPointExtension>
        </extensions>
      </trkpt>
      <trkpt lat="59.97988857328891754150390625" lon="30.32445908524096012115478515625">
        <ele>72</ele>
        <time>2026-03-17T07:14:27.000Z</time>
        <extensions>
          <ns3:TrackPointExtension>
            <ns3:atemp>16.0</ns3:atemp>
            <ns3:hr>152</ns3:hr>
          </ns3:TrackPointExtension>
        </extensions>
      </trkpt>
      <trkpt lat="59.97984708286821842193603515625" lon="30.324367471039295196533203125">
        <ele>72.40000152587890625</ele>
        <time>2026-03-17T07:14:29.000Z</time>
        <extensions>
          <ns3:TrackPointExtension>
            <ns3:atemp>16.0</ns3:atemp>
            <ns3:hr>152</ns3:hr>
          </ns3:TrackPointExtension>
        </extensions>
      </trkpt>
      <trkpt lat="59.9796574003994464874267578125" lon="30.324082486331462860107421875">
        <ele>73</ele>
        <time>2026-03-17T07:14:36.000Z</time>
        <extensions>
          <ns3:TrackPointExtension>
            <ns3:atemp>16.0</ns3:atemp>
            <ns3:hr>152</ns3:hr>
          </ns3:TrackPointExtension>
        </extensions>
      </trkpt>
      <trkpt lat="59.97962613590061664581298828125" lon="30.3239871002733707427978515625">
        <ele>73.40000152587890625</ele>
        <time>2026-03-17T07:14:38.000Z</time>
        <extensions>
          <ns3:TrackPointExtension>
            <ns3:atemp>16.0</ns3:atemp>
            <ns3:hr>150</ns3:hr>
          </ns3:TrackPointExtension>
        </extensions>
      </trkpt>
      <trkpt lat="59.979542233049869537353515625" lon="30.32386564649641513824462890625">
        <ele>74</ele>
        <time>2026-03-17T07:14:42.000Z</time>
        <extensions>
          <ns3:TrackPointExtension>
            <ns3:atemp>16.0</ns3:atemp>
            <ns3:hr>154</ns3:hr>
          </ns3:TrackPointExtension>
        </extensions>
      </trkpt>
      <trkpt lat="59.97951130382716655731201171875" lon="30.323806889355182647705078125">
        <ele>74.1999969482421875</ele>
        <time>2026-03-17T07:14:43.000Z</time>
        <extensions>
          <ns3:TrackPointExtension>
            <ns3:atemp>16.0</ns3:atemp>
            <ns3:hr>157</ns3:hr>
          </ns3:TrackPointExtension>
        </extensions>
      </trkpt>
      <trkpt lat="59.97948247008025646209716796875" lon="30.32376565039157867431640625">
        <ele>74.1999969482421875</ele>
        <time>2026-03-17T07:14:44.000Z</time>
        <extensions>
          <ns3:TrackPointExtension>
            <ns3:atemp>16.0</ns3:atemp>
            <ns3:hr>161</ns3:hr>
          </ns3:TrackPointExtension>
        </extensions>
      </trkpt>
      <trkpt lat="59.97946470044553279876708984375" lon="30.3237296082079410552978515625">
        <ele>74.40000152587890625</ele>
        <time>2026-03-17T07:14:45.000Z</time>
        <extensions>
          <ns3:TrackPointExtension>
            <ns3:atemp>16.0</ns3:atemp>
            <ns3:hr>168</ns3:hr>
          </ns3:TrackPointExtension>
        </extensions>
      </trkpt>
      <trkpt lat="59.97944600880146026611328125" lon="30.32369599677622318267822265625">
        <ele>74.59999847412109375</ele>
        <time>2026-03-17T07:14:46.000Z</time>
        <extensions>
          <ns3:TrackPointExtension>
            <ns3:atemp>16.0</ns3:atemp>
            <ns3:hr>171</ns3:hr>
          </ns3:TrackPointExtension>
        </extensions>
      </trkpt>
      <trkpt lat="59.97936964966356754302978515625" lon="30.32355115748941898345947265625">
        <ele>75</ele>
        <time>2026-03-17T07:14:50.000Z</time>
        <extensions>
          <ns3:TrackPointExtension>
            <ns3:atemp>16.0</ns3:atemp>
            <ns3:hr>174</ns3:hr>
          </ns3:TrackPointExtension>
        </extensions>
      </trkpt>
      <trkpt lat="59.97927191667258739471435546875" lon="30.3234042227268218994140625">
        <ele>75.40000152587890625</ele>
        <time>2026-03-17T07:14:54.000Z</time>
        <extensions>
          <ns3:TrackPointExtension>
            <ns3:atemp>17.0</ns3:atemp>
            <ns3:hr>174</ns3:hr>
          </ns3:TrackPointExtension>
        </extensions>
      </trkpt>
      <trkpt lat="59.9792202003300189971923828125" lon="30.3233336471021175384521484375">
        <ele>75.8000030517578125</ele>
        <time>2026-03-17T07:14:56.000Z</time>
        <extensions>
          <ns3:TrackPointExtension>
            <ns3:atemp>17.0</ns3:atemp>
            <ns3:hr>175</ns3:hr>
          </ns3:TrackPointExtension>
        </extensions>
      </trkpt>
      <trkpt lat="59.97608788311481475830078125" lon="30.31788750551640987396240234375">
        <ele>69.1999969482421875</ele>
        <time>2026-03-17T07:16:16.000Z</time>
        <extensions>
          <ns3:TrackPointExtension>
            <ns3:atemp>17.0</ns3:atemp>
            <ns3:hr>155</ns3:hr>
          </ns3:TrackPointExtension>
        </extensions>
      </trkpt>
      <trkpt lat="59.976194165647029876708984375" lon="30.31790074892342090606689453125">
        <ele>69.1999969482421875</ele>
        <time>2026-03-17T07:16:20.000Z</time>
        <extensions>
          <ns3:TrackPointExtension>
            <ns3:atemp>17.0</ns3:atemp>
            <ns3:hr>153</ns3:hr>
          </ns3:TrackPointExtension>
        </extensions>
      </trkpt>
      <trkpt lat="59.97618486173450946807861328125" lon="30.31785950995981693267822265625">
        <ele>68.59999847412109375</ele>
        <time>2026-03-17T07:16:27.000Z</time>
        <extensions>
          <ns3:TrackPointExtension>
            <ns3:atemp>17.0</ns3:atemp>
            <ns3:hr>155</ns3:hr>
          </ns3:TrackPointExtension>
        </extensions>
      </trkpt>
      <trkpt lat="59.97614161111414432525634765625" lon="30.31780368648469448089599609375">
        <ele>68.1999969482421875</ele>
        <time>2026-03-17T07:16:31.000Z</time>
        <extensions>
          <ns3:TrackPointExtension>
            <ns3:atemp>17.0</ns3:atemp>
            <ns3:hr>157</ns3:hr>
          </ns3:TrackPointExtension>
        </extensions>
      </trkpt>
      <trkpt lat="59.97614010237157344818115234375" lon="30.31780016608536243438720703125">
        <ele>68</ele>
        <time>2026-03-17T07:16:34.000Z</time>
        <extensions>
          <ns3:TrackPointExtension>
            <ns3:atemp>17.0</ns3:atemp>
            <ns3:hr>157</ns3:hr>
          </ns3:TrackPointExtension>
        </extensions>
      </trkpt>
      <trkpt lat="59.9761386774480342864990234375" lon="30.31780041754245758056640625">
        <ele>68</ele>
        <time>2026-03-17T07:16:35.000Z</time>
        <extensions>
          <ns3:TrackPointExtension>
            <ns3:atemp>17.0</ns3:atemp>
            <ns3:hr>156</ns3:hr>
          </ns3:TrackPointExtension>
        </extensions>
      </trkpt>
      <trkpt lat="59.9760256893932819366455078125" lon="30.3177342005074024200439453125">
        <ele>67.40000152587890625</ele>
        <time>2026-03-17T07:16:40.000Z</time>
        <extensions>
          <ns3:TrackPointExtension>
            <ns3:atemp>17.0</ns3:atemp>
            <ns3:hr>160</ns3:hr>
          </ns3:TrackPointExtension>
        </extensions>
      </trkpt>
      <trkpt lat="59.9760375916957855224609375" lon="30.31768240034580230712890625">
        <ele>67.1999969482421875</ele>
        <time>2026-03-17T07:16:41.000Z</time>
        <extensions>
          <ns3:TrackPointExtension>
            <ns3:atemp>17.0</ns3:atemp>
            <ns3:hr>157</ns3:hr>
          </ns3:TrackPointExtension>
        </extensions>
      </trkpt>
      <trkpt lat="59.97603599913418292999267578125" lon="30.31764308921992778778076171875">
        <ele>67</ele>
        <time>2026-03-17T07:16:42.000Z</time>
        <extensions>
          <ns3:TrackPointExtension>
            <ns3:atemp>17.0</ns3:atemp>
            <ns3:hr>155</ns3:hr>
          </ns3:TrackPointExtension>
        </extensions>
      </trkpt>
      <trkpt lat="59.976098276674747467041015625" lon="30.31753311865031719207763671875">
        <ele>66.59999847412109375</ele>
        <time>2026-03-17T07:16:47.000Z</time>
        <extensions>
          <ns3:TrackPointExtension>
            <ns3:atemp>17.0</ns3:atemp>
            <ns3:hr>154</ns3:hr>
          </ns3:TrackPointExtension>
        </extensions>
      </trkpt>
      <trkpt lat="59.97611462138593196868896484375" lon="30.317529849708080291748046875">
        <ele>66.40000152587890625</ele>
        <time>2026-03-17T07:16:48.000Z</time>
        <extensions>
          <ns3:TrackPointExtension>
            <ns3:atemp>17.0</ns3:atemp>
            <ns3:hr>154</ns3:hr>
          </ns3:TrackPointExtension>
        </extensions>
      </trkpt>
      <trkpt lat="59.97613825835287570953369140625" lon="30.317455418407917022705078125">
        <ele>65.40000152587890625</ele>
        <time>2026-03-17T07:17:09.000Z</time>
        <extensions>
          <ns3:TrackPointExtension>
            <ns3:atemp>17.0</ns3:atemp>
            <ns3:hr>153</ns3:hr>
          </ns3:TrackPointExtension>
        </extensions>
      </trkpt>
      <trkpt lat="59.97617614455521106719970703125" lon="30.31737285666167736053466796875">
        <ele>65.40000152587890625</ele>
        <time>2026-03-17T07:17:10.000Z</time>
        <extensions>
          <ns3:TrackPointExtension>
            <ns3:atemp>17.0</ns3:atemp>
            <ns3:hr>152</ns3:hr>
          </ns3:TrackPointExtension>
        </extensions>
      </trkpt>
      <trkpt lat="59.97604035772383213043212890625" lon="30.317073203623294830322265625">
        <ele>65.1999969482421875</ele>
        <time>2026-03-17T07:17:15.000Z</time>
        <extensions>
          <ns3:TrackPointExtension>
            <ns3:atemp>17.0</ns3:atemp>
            <ns3:hr>152</ns3:hr>
          </ns3:TrackPointExtension>
        </extensions>
      </trkpt>
      <trkpt lat="59.97602527029812335968017578125" lon="30.3169741295278072357177734375">
        <ele>65.1999969482421875</ele>
        <time>2026-03-17T07:17:16.000Z</time>
        <extensions>
          <ns3:TrackPointExtension>
            <ns3:atemp>17.0</ns3:atemp>
            <ns3:hr>152</ns3:hr>
          </ns3:TrackPointExtension>
        </extensions>
      </trkpt>
      <trkpt lat="59.97603868134319782257080078125" lon="30.31697563827037811279296875">
        <ele>65</ele>
        <time>2026-03-17T07:17:17.000Z</time>
        <extensions>
          <ns3:TrackPointExtension>
            <ns3:atemp>17.0</ns3:atemp>
            <ns3:hr>153</ns3:hr>
          </ns3:TrackPointExtension>
        </extensions>
      </trkpt>
      <trkpt lat="59.976019822061061859130859375" lon="30.31691662967205047607421875">
        <ele>64.8000030517578125</ele>
        <time>2026-03-17T07:17:19.000Z</time>
        <extensions>
          <ns3:TrackPointExtension>
            <ns3:atemp>17.0</ns3:atemp>
            <ns3:hr>151</ns3:hr>
          </ns3:TrackPointExtension>
        </extensions>
      </trkpt>
      <trkpt lat="59.97598570771515369415283203125" lon="30.31677740626037120819091796875">
        <ele>64.1999969482421875</ele>
        <time>2026-03-17T07:17:23.000Z</time>
        <extensions>
          <ns3:TrackPointExtension>
            <ns3:atemp>17.0</ns3:atemp>
            <ns3:hr>150</ns3:hr>
          </ns3:TrackPointExtension>
        </extensions>
      </trkpt>
      <trkpt lat="59.97597313486039638519287109375" lon="30.316756032407283782958984375">
        <ele>64</ele>
        <time>2026-03-17T07:17:24.000Z</time>
        <extensions>
          <ns3:TrackPointExtension>
            <ns3:atemp>17.0</ns3:atemp>
            <ns3:hr>150</ns3:hr>
          </ns3:TrackPointExtension>
        </extensions>
      </trkpt>
      <trkpt lat="59.97585578821599483489990234375" lon="30.316561572253704071044921875">
        <ele>63.59999847412109375</ele>
        <time>2026-03-17T07:17:30.000Z</time>
        <extensions>
          <ns3:TrackPointExtension>
            <ns3:atemp>17.0</ns3:atemp>
            <ns3:hr>151</ns3:hr>
          </ns3:TrackPointExtension>
        </extensions>
      </trkpt>
      <trkpt lat="59.975659735500812530517578125" lon="30.31643324531614780426025390625">
        <ele>62.799999237060546875</ele>
        <time>2026-03-17T07:17:35.000Z</time>
        <extensions>
          <ns3:TrackPointExtension>
            <ns3:atemp>17.0</ns3:atemp>
            <ns3:hr>153</ns3:hr>
          </ns3:TrackPointExtension>
        </extensions>
      </trkpt>
      <trkpt lat="59.97525044716894626617431640625" lon="30.31717303209006786346435546875">
        <ele>62.799999237060546875</ele>
        <time>2026-03-17T07:17:38.000Z</time>
        <extensions>
          <ns3:TrackPointExtension>
            <ns3:atemp>17.0</ns3:atemp>
            <ns3:hr>149</ns3:hr>
          </ns3:TrackPointExtension>
        </extensions>
      </trkpt>
      <trkpt lat="59.97511197812855243682861328125" lon="30.31712676398456096649169921875">
        <ele>63.200000762939453125</ele>
        <time>2026-03-17T07:17:41.000Z</time>
        <extensions>
          <ns3:TrackPointExtension>
            <ns3:atemp>17.0</ns3:atemp>
            <ns3:hr>149</ns3:hr>
          </ns3:TrackPointExtension>
        </extensions>
      </trkpt>
      <trkpt lat="59.9748311005532741546630859375" lon="30.31699181534349918365478515625">
        <ele>64</ele>
        <time>2026-03-17T07:17:47.000Z</time>
        <extensions>
          <ns3:TrackPointExtension>
            <ns3:atemp>17.0</ns3:atemp>
            <ns3:hr>150</ns3:hr>
          </ns3:TrackPointExtension>
        </extensions>
      </trkpt>
      <trkpt lat="59.9744877777993679046630859375" lon="30.31680305488407611846923828125">
        <ele>64.40000152587890625</ele>
        <time>2026-03-17T07:17:53.000Z</time>
        <extensions>
          <ns3:TrackPointExtension>
            <ns3:atemp>17.0</ns3:atemp>
            <ns3:hr>153</ns3:hr>
          </ns3:TrackPointExtension>
        </extensions>
      </trkpt>
      <trkpt lat="59.974351823329925537109375" lon="30.316700376570224761962890625">
        <ele>64.59999847412109375</ele>
        <time>2026-03-17T07:17:56.000Z</time>
        <extensions>
          <ns3:TrackPointExtension>
            <ns3:atemp>17.0</ns3:atemp>
            <ns3:hr>154</ns3:hr>
          </ns3:TrackPointExtension>
        </extensions>
      </trkpt>
      <trkpt lat="59.97423179447650909423828125" lon="30.316622592508792877197265625">
        <ele>65</ele>
        <time>2026-03-17T07:17:59.000Z</time>
        <extensions>
          <ns3:TrackPointExtension>
            <ns3:atemp>17.0</ns3:atemp>
            <ns3:hr>154</ns3:hr>
          </ns3:TrackPointExtension>
        </extensions>
      </trkpt>
      <trkpt lat="59.97421310283243656158447265625" lon="30.3165392763912677764892578125">
        <ele>64.8000030517578125</ele>
        <time>2026-03-17T07:18:00.000Z</time>
        <extensions>
          <ns3:TrackPointExtension>
            <ns3:atemp>17.0</ns3:atemp>
            <ns3:hr>155</ns3:hr>
          </ns3:TrackPointExtension>
        </extensions>
      </trkpt>
      <trkpt lat="59.97407295741140842437744140625" lon="30.31634825281798839569091796875">
        <ele>64.59999847412109375</ele>
        <time>2026-03-17T07:18:04.000Z</time>
        <extensions>
          <ns3:TrackPointExtension>
            <ns3:atemp>17.0</ns3:atemp>
            <ns3:hr>156</ns3:hr>
          </ns3:TrackPointExtension>
        </extensions>
      </trkpt>
      <trkpt lat="59.97379249893128871917724609375" lon="30.316144488751888275146484375">
        <ele>65.1999969482421875</ele>
        <time>2026-03-17T07:18:10.000Z</time>
        <extensions>
          <ns3:TrackPointExtension>
            <ns3:atemp>17.0</ns3:atemp>
            <ns3:hr>154</ns3:hr>
          </ns3:TrackPointExtension>
        </extensions>
      </trkpt>
      <trkpt lat="59.97367414645850658416748046875" lon="30.31606980599462985992431640625">
        <ele>65.40000152587890625</ele>
        <time>2026-03-17T07:18:12.000Z</time>
        <extensions>
          <ns3:TrackPointExtension>
            <ns3:atemp>17.0</ns3:atemp>
            <ns3:hr>155</ns3:hr>
          </ns3:TrackPointExtension>
        </extensions>
      </trkpt>
      <trkpt lat="59.97344314120709896087646484375" lon="30.3159444965422153472900390625">
        <ele>65.59999847412109375</ele>
        <time>2026-03-17T07:18:17.000Z</time>
        <extensions>
          <ns3:TrackPointExtension>
            <ns3:atemp>17.0</ns3:atemp>
            <ns3:hr>156</ns3:hr>
          </ns3:TrackPointExtension>
        </extensions>
      </trkpt>
      <trkpt lat="59.9732784368097782135009765625" lon="30.3157956339418888092041015625">
        <ele>65.40000152587890625</ele>
        <time>2026-03-17T07:18:21.000Z</time>
        <extensions>
          <ns3:TrackPointExtension>
            <ns3:atemp>17.0</ns3:atemp>
            <ns3:hr>155</ns3:hr>
          </ns3:TrackPointExtension>
        </extensions>
      </trkpt>
      <trkpt lat="59.97319369576871395111083984375" lon="30.315750204026699066162109375">
        <ele>65.1999969482421875</ele>
        <time>2026-03-17T07:18:23.000Z</time>
        <extensions>
          <ns3:TrackPointExtension>
            <ns3:atemp>17.0</ns3:atemp>
            <ns3:hr>154</ns3:hr>
          </ns3:TrackPointExtension>
        </extensions>
      </trkpt>
      <trkpt lat="59.9729220382869243621826171875" lon="30.31561600975692272186279296875">
        <ele>65.1999969482421875</ele>
        <time>2026-03-17T07:18:29.000Z</time>
        <extensions>
          <ns3:TrackPointExtension>
            <ns3:atemp>17.0</ns3:atemp>
            <ns3:hr>153</ns3:hr>
          </ns3:TrackPointExtension>
        </extensions>
      </trkpt>
      <trkpt lat="59.9728385545313358306884765625" lon="30.3155616112053394317626953125">
        <ele>65.59999847412109375</ele>
        <time>2026-03-17T07:18:31.000Z</time>
        <extensions>
          <ns3:TrackPointExtension>
            <ns3:atemp>17.0</ns3:atemp>
            <ns3:hr>154</ns3:hr>
          </ns3:TrackPointExtension>
        </extensions>
      </trkpt>
      <trkpt lat="59.97252322733402252197265625" lon="30.31531870365142822265625">
        <ele>66</ele>
        <time>2026-03-17T07:18:39.000Z</time>
        <extensions>
          <ns3:TrackPointExtension>
            <ns3:atemp>17.0</ns3:atemp>
            <ns3:hr>155</ns3:hr>
          </ns3:TrackPointExtension>
        </extensions>
      </trkpt>
      <trkpt lat="59.97250000946223735809326171875" lon="30.31528207473456859588623046875">
        <ele>66.1999969482421875</ele>
        <time>2026-03-17T07:18:40.000Z</time>
        <extensions>
          <ns3:TrackPointExtension>
            <ns3:atemp>17.0</ns3:atemp>
            <ns3:hr>155</ns3:hr>
          </ns3:TrackPointExtension>
        </extensions>
      </trkpt>
      <trkpt lat="59.97245089150965213775634765625" lon="30.3151579387485980987548828125">
        <ele>66.59999847412109375</ele>
        <time>2026-03-17T07:18:43.000Z</time>
        <extensions>
          <ns3:TrackPointExtension>
            <ns3:atemp>17.0</ns3:atemp>
            <ns3:hr>155</ns3:hr>
          </ns3:TrackPointExtension>
        </extensions>
      </trkpt>
      <trkpt lat="59.97227923013269901275634765625" lon="30.31500044278800487518310546875">
        <ele>67</ele>
        <time>2026-03-17T07:18:48.000Z</time>
        <extensions>
          <ns3:TrackPointExtension>
            <ns3:atemp>17.0</ns3:atemp>
            <ns3:hr>153</ns3:hr>
          </ns3:TrackPointExtension>
        </extensions>
      </trkpt>
      <trkpt lat="59.97207638807594776153564453125" lon="30.3148531727492809295654296875">
        <ele>66.8000030517578125</ele>
        <time>2026-03-17T07:18:54.000Z</time>
        <extensions>
          <ns3:TrackPointExtension>
            <ns3:atemp>17.0</ns3:atemp>
            <ns3:hr>153</ns3:hr>
          </ns3:TrackPointExtension>
        </extensions>
      </trkpt>
      <trkpt lat="59.9719027988612651824951171875" lon="30.3146426193416118621826171875">
        <ele>67.1999969482421875</ele>
        <time>2026-03-17T07:19:00.000Z</time>
        <extensions>
          <ns3:TrackPointExtension>
            <ns3:atemp>17.0</ns3:atemp>
            <ns3:hr>153</ns3:hr>
          </ns3:TrackPointExtension>
        </extensions>
      </trkpt>
      <trkpt lat="59.97187287546694278717041015625" lon="30.3146258555352687835693359375">
        <ele>67.1999969482421875</ele>
        <time>2026-03-17T07:19:01.000Z</time>
        <extensions>
          <ns3:TrackPointExtension>
            <ns3:atemp>17.0</ns3:atemp>
            <ns3:hr>154</ns3:hr>
          </ns3:TrackPointExtension>
        </extensions>
      </trkpt>
      <trkpt lat="59.97168344445526599884033203125" lon="30.31477279029786586761474609375">
        <ele>67.1999969482421875</ele>
        <time>2026-03-17T07:19:05.000Z</time>
        <extensions>
          <ns3:TrackPointExtension>
            <ns3:atemp>17.0</ns3:atemp>
            <ns3:hr>153</ns3:hr>
          </ns3:TrackPointExtension>
        </extensions>
      </trkpt>
      <trkpt lat="59.97144824825227260589599609375" lon="30.31484621576964855194091796875">
        <ele>66.8000030517578125</ele>
        <time>2026-03-17T07:19:12.000Z</time>
        <extensions>
          <ns3:TrackPointExtension>
            <ns3:atemp>17.0</ns3:atemp>
            <ns3:hr>151</ns3:hr>
          </ns3:TrackPointExtension>
        </extensions>
      </trkpt>
      <trkpt lat="59.9714215099811553955078125" lon="30.314948223531246185302734375">
        <ele>66.8000030517578125</ele>
        <time>2026-03-17T07:19:18.000Z</time>
        <extensions>
          <ns3:TrackPointExtension>
            <ns3:atemp>17.0</ns3:atemp>
            <ns3:hr>150</ns3:hr>
          </ns3:TrackPointExtension>
        </extensions>
      </trkpt>
      <trkpt lat="59.971415139734745025634765625" lon="30.315054841339588165283203125">
        <ele>66.1999969482421875</ele>
        <time>2026-03-17T07:19:23.000Z</time>
        <extensions>
          <ns3:TrackPointExtension>
            <ns3:atemp>17.0</ns3:atemp>
            <ns3:hr>150</ns3:hr>
          </ns3:TrackPointExtension>
        </extensions>
      </trkpt>
      <trkpt lat="59.97141472063958644866943359375" lon="30.31506850384175777435302734375">
        <ele>65.8000030517578125</ele>
        <time>2026-03-17T07:19:24.000Z</time>
        <extensions>
          <ns3:TrackPointExtension>
            <ns3:atemp>17.0</ns3:atemp>
            <ns3:hr>146</ns3:hr>
          </ns3:TrackPointExtension>
        </extensions>
      </trkpt>
      <trkpt lat="59.97140969149768352508544921875" lon="30.31507537700235843658447265625">
        <ele>65.40000152587890625</ele>
        <time>2026-03-17T07:19:25.000Z</time>
        <extensions>
          <ns3:TrackPointExtension>
            <ns3:atemp>17.0</ns3:atemp>
            <ns3:hr>146</ns3:hr>
          </ns3:TrackPointExtension>
        </extensions>
      </trkpt>
      <trkpt lat="59.9714054167270660400390625" lon="30.3150684200227260589599609375">
        <ele>65</ele>
        <time>2026-03-17T07:19:27.000Z</time>
        <extensions>
          <ns3:TrackPointExtension>
            <ns3:atemp>17.0</ns3:atemp>
            <ns3:hr>146</ns3:hr>
          </ns3:TrackPointExtension>
        </extensions>
      </trkpt>
      <trkpt lat="59.97140550054609775543212890625" lon="30.3150529973208904266357421875">
        <ele>65</ele>
        <time>2026-03-17T07:19:28.000Z</time>
        <extensions>
          <ns3:TrackPointExtension>
            <ns3:atemp>17.0</ns3:atemp>
            <ns3:hr>144</ns3:hr>
          </ns3:TrackPointExtension>
        </extensions>
      </trkpt>
      <trkpt lat="59.9714018963277339935302734375" lon="30.31500421464443206787109375">
        <ele>64.8000030517578125</ele>
        <time>2026-03-17T07:19:30.000Z</time>
        <extensions>
          <ns3:TrackPointExtension>
            <ns3:atemp>17.0</ns3:atemp>
            <ns3:hr>147</ns3:hr>
          </ns3:TrackPointExtension>
        </extensions>
      </trkpt>
      <trkpt lat="59.97140432707965373992919921875" lon="30.3150003589689731597900390625">
        <ele>64</ele>
        <time>2026-03-17T07:19:36.000Z</time>
        <extensions>
          <ns3:TrackPointExtension>
            <ns3:atemp>17.0</ns3:atemp>
            <ns3:hr>148</ns3:hr>
          </ns3:TrackPointExtension>
        </extensions>
      </trkpt>
      <trkpt lat="59.97140784747898578643798828125" lon="30.3149960003793239593505859375">
        <ele>63.799999237060546875</ele>
        <time>2026-03-17T07:19:37.000Z</time>
        <extensions>
          <ns3:TrackPointExtension>
            <ns3:atemp>17.0</ns3:atemp>
            <ns3:hr>148</ns3:hr>
          </ns3:TrackPointExtension>
        </extensions>
      </trkpt>
      <trkpt lat="59.9714112840592861175537109375" lon="30.31498602591454982757568359375">
        <ele>62.799999237060546875</ele>
        <time>2026-03-17T07:19:42.000Z</time>
        <extensions>
          <ns3:TrackPointExtension>
            <ns3:atemp>17.0</ns3:atemp>
            <ns3:hr>148</ns3:hr>
          </ns3:TrackPointExtension>
        </extensions>
      </trkpt>
      <trkpt lat="59.97140851803123950958251953125" lon="30.31498736701905727386474609375">
        <ele>62.40000152587890625</ele>
        <time>2026-03-17T07:19:47.000Z</time>
        <extensions>
          <ns3:TrackPointExtension>
            <ns3:atemp>17.0</ns3:atemp>
            <ns3:hr>150</ns3:hr>
          </ns3:TrackPointExtension>
        </extensions>
      </trkpt>
      <trkpt lat="59.97140918858349323272705078125" lon="30.31496792100369930267333984375">
        <ele>61.799999237060546875</ele>
        <time>2026-03-17T07:19:54.000Z</time>
        <extensions>
          <ns3:TrackPointExtension>
            <ns3:atemp>17.0</ns3:atemp>
            <ns3:hr>153</ns3:hr>
          </ns3:TrackPointExtension>
        </extensions>
      </trkpt>
      <trkpt lat="59.97140944004058837890625" lon="30.31496859155595302581787109375">
        <ele>61.40000152587890625</ele>
        <time>2026-03-17T07:19:58.000Z</time>
        <extensions>
          <ns3:TrackPointExtension>
            <ns3:atemp>17.0</ns3:atemp>
            <ns3:hr>151</ns3:hr>
          </ns3:TrackPointExtension>
        </extensions>
      </trkpt>
      <trkpt lat="59.971412457525730133056640625" lon="30.31497362069785594940185546875">
        <ele>61</ele>
        <time>2026-03-17T07:20:01.000Z</time>
        <extensions>
          <ns3:TrackPointExtension>
            <ns3:atemp>17.0</ns3:atemp>
            <ns3:hr>148</ns3:hr>
          </ns3:TrackPointExtension>
        </extensions>
      </trkpt>
      <trkpt lat="59.97141237370669841766357421875" lon="30.3149752132594585418701171875">
        <ele>60.59999847412109375</ele>
        <time>2026-03-17T07:20:03.000Z</time>
        <extensions>
          <ns3:TrackPointExtension>
            <ns3:atemp>17.0</ns3:atemp>
            <ns3:hr>147</ns3:hr>
          </ns3:TrackPointExtension>
        </extensions>
      </trkpt>
      <trkpt lat="59.97139795683324337005615234375" lon="30.3149644844233989715576171875">
        <ele>60.200000762939453125</ele>
        <time>2026-03-17T07:20:06.000Z</time>
        <extensions>
          <ns3:TrackPointExtension>
            <ns3:atemp>18.0</ns3:atemp>
            <ns3:hr>145</ns3:hr>
          </ns3:TrackPointExtension>
        </extensions>
      </trkpt>
      <trkpt lat="59.97135856188833713531494140625" lon="30.31493724323809146881103515625">
        <ele>59.799999237060546875</ele>
        <time>2026-03-17T07:20:08.000Z</time>
        <extensions>
          <ns3:TrackPointExtension>
            <ns3:atemp>18.0</ns3:atemp>
            <ns3:hr>145</ns3:hr>
          </ns3:TrackPointExtension>
        </extensions>
      </trkpt>
      <trkpt lat="59.97128404676914215087890625" lon="30.31488728709518909454345703125">
        <ele>59.59999847412109375</ele>
        <time>2026-03-17T07:20:10.000Z</time>
        <extensions>
          <ns3:TrackPointExtension>
            <ns3:atemp>18.0</ns3:atemp>
            <ns3:hr>144</ns3:hr>
          </ns3:TrackPointExtension>
        </extensions>
      </trkpt>
      <trkpt lat="59.9711962044239044189453125" lon="30.314822830259799957275390625">
        <ele>59.200000762939453125</ele>
        <time>2026-03-17T07:20:12.000Z</time>
        <extensions>
          <ns3:TrackPointExtension>
            <ns3:atemp>18.0</ns3:atemp>
            <ns3:hr>142</ns3:hr>
          </ns3:TrackPointExtension>
        </extensions>
      </trkpt>
      <trkpt lat="59.97110978700220584869384765625" lon="30.31472928822040557861328125">
        <ele>59.40000152587890625</ele>
        <time>2026-03-17T07:20:14.000Z</time>
        <extensions>
          <ns3:TrackPointExtension>
            <ns3:atemp>18.0</ns3:atemp>
            <ns3:hr>145</ns3:hr>
          </ns3:TrackPointExtension>
        </extensions>
      </trkpt>
      <trkpt lat="59.97092085890471935272216796875" lon="30.31449233181774616241455078125">
        <ele>60.59999847412109375</ele>
        <time>2026-03-17T07:20:18.000Z</time>
        <extensions>
          <ns3:TrackPointExtension>
            <ns3:atemp>18.0</ns3:atemp>
            <ns3:hr>145</ns3:hr>
          </ns3:TrackPointExtension>
        </extensions>
      </trkpt>
      <trkpt lat="59.97087827883660793304443359375" lon="30.31442779116332530975341796875">
        <ele>60.799999237060546875</ele>
        <time>2026-03-17T07:20:19.000Z</time>
        <extensions>
          <ns3:TrackPointExtension>
            <ns3:atemp>18.0</ns3:atemp>
            <ns3:hr>146</ns3:hr>
          </ns3:TrackPointExtension>
        </extensions>
      </trkpt>
      <trkpt lat="59.97077954001724720001220703125" lon="30.31425009481608867645263671875">
        <ele>61</ele>
        <time>2026-03-17T07:20:22.000Z</time>
        <extensions>
          <ns3:TrackPointExtension>
            <ns3:atemp>18.0</ns3:atemp>
            <ns3:hr>149</ns3:hr>
          </ns3:TrackPointExtension>
        </extensions>
      </trkpt>
      <trkpt lat="59.9707460962235927581787109375" lon="30.3142283856868743896484375">
        <ele>61</ele>
        <time>2026-03-17T07:20:23.000Z</time>
        <extensions>
          <ns3:TrackPointExtension>
            <ns3:atemp>18.0</ns3:atemp>
            <ns3:hr>149</ns3:hr>
          </ns3:TrackPointExtension>
        </extensions>
      </trkpt>
      <trkpt lat="59.97067744843661785125732421875" lon="30.3141829557716846466064453125">
        <ele>61.200000762939453125</ele>
        <time>2026-03-17T07:20:27.000Z</time>
        <extensions>
          <ns3:TrackPointExtension>
            <ns3:atemp>18.0</ns3:atemp>
            <ns3:hr>148</ns3:hr>
          </ns3:TrackPointExtension>
        </extensions>
      </trkpt>
      <trkpt lat="59.97066420502960681915283203125" lon="30.314161665737628936767578125">
        <ele>61.59999847412109375</ele>
        <time>2026-03-17T07:20:30.000Z</time>
        <extensions>
          <ns3:TrackPointExtension>
            <ns3:atemp>18.0</ns3:atemp>
            <ns3:hr>149</ns3:hr>
          </ns3:TrackPointExtension>
        </extensions>
      </trkpt>
      <trkpt lat="59.97064023278653621673583984375" lon="30.31414967961609363555908203125">
        <ele>61.59999847412109375</ele>
        <time>2026-03-17T07:20:31.000Z</time>
        <extensions>
          <ns3:TrackPointExtension>
            <ns3:atemp>18.0</ns3:atemp>
            <ns3:hr>150</ns3:hr>
          </ns3:TrackPointExtension>
        </extensions>
      </trkpt>
      <trkpt lat="59.97060955502092838287353515625" lon="30.31414599157869815826416015625">
        <ele>61.59999847412109375</ele>
        <time>2026-03-17T07:20:32.000Z</time>
        <extensions>
          <ns3:TrackPointExtension>
            <ns3:atemp>18.0</ns3:atemp>
            <ns3:hr>151</ns3:hr>
          </ns3:TrackPointExtension>
        </extensions>
      </trkpt>
      <trkpt lat="59.97034166939556598663330078125" lon="30.31415370292961597442626953125">
        <ele>61.59999847412109375</ele>
        <time>2026-03-17T07:20:38.000Z</time>
        <extensions>
          <ns3:TrackPointExtension>
            <ns3:atemp>18.0</ns3:atemp>
            <ns3:hr>153</ns3:hr>
          </ns3:TrackPointExtension>
        </extensions>
      </trkpt>
      <trkpt lat="59.97017486952245235443115234375" lon="30.314154960215091705322265625">
        <ele>61.799999237060546875</ele>
        <time>2026-03-17T07:20:41.000Z</time>
        <extensions>
          <ns3:TrackPointExtension>
            <ns3:atemp>18.0</ns3:atemp>
            <ns3:hr>156</ns3:hr>
          </ns3:TrackPointExtension>
        </extensions>
      </trkpt>
      <trkpt lat="59.970015697181224822998046875" lon="30.31413258053362369537353515625">
        <ele>62.40000152587890625</ele>
        <time>2026-03-17T07:20:44.000Z</time>
        <extensions>
          <ns3:TrackPointExtension>
            <ns3:atemp>18.0</ns3:atemp>
            <ns3:hr>159</ns3:hr>
          </ns3:TrackPointExtension>
        </extensions>
      </trkpt>
      <trkpt lat="59.96996305882930755615234375" lon="30.31412738375365734100341796875">
        <ele>62.40000152587890625</ele>
        <time>2026-03-17T07:20:45.000Z</time>
        <extensions>
          <ns3:TrackPointExtension>
            <ns3:atemp>18.0</ns3:atemp>
            <ns3:hr>160</ns3:hr>
          </ns3:TrackPointExtension>
        </extensions>
      </trkpt>
      <trkpt lat="59.96990597806870937347412109375" lon="30.314120091497898101806640625">
        <ele>62.59999847412109375</ele>
        <time>2026-03-17T07:20:46.000Z</time>
        <extensions>
          <ns3:TrackPointExtension>
            <ns3:atemp>18.0</ns3:atemp>
            <ns3:hr>161</ns3:hr>
          </ns3:TrackPointExtension>
        </extensions>
      </trkpt>
      <trkpt lat="59.96961562894284725189208984375" lon="30.314027555286884307861328125">
        <ele>63.200000762939453125</ele>
        <time>2026-03-17T07:20:50.000Z</time>
        <extensions>
          <ns3:TrackPointExtension>
            <ns3:atemp>18.0</ns3:atemp>
            <ns3:hr>164</ns3:hr>
          </ns3:TrackPointExtension>
        </extensions>
      </trkpt>
      <trkpt lat="59.96949627064168453216552734375" lon="30.31404037959873676300048828125">
        <ele>63.200000762939453125</ele>
        <time>2026-03-17T07:20:52.000Z</time>
        <extensions>
          <ns3:TrackPointExtension>
            <ns3:atemp>18.0</ns3:atemp>
            <ns3:hr>164</ns3:hr>
          </ns3:TrackPointExtension>
        </extensions>
      </trkpt>
      <trkpt lat="59.9692454002797603607177734375" lon="30.31402797438204288482666015625">
        <ele>62.799999237060546875</ele>
        <time>2026-03-17T07:20:57.000Z</time>
        <extensions>
          <ns3:TrackPointExtension>
            <ns3:atemp>18.0</ns3:atemp>
            <ns3:hr>166</ns3:hr>
          </ns3:TrackPointExtension>
        </extensions>
      </trkpt>
      <trkpt lat="59.96897575445473194122314453125" lon="30.31404792331159114837646484375">
        <ele>62.40000152587890625</ele>
        <time>2026-03-17T07:21:05.000Z</time>
        <extensions>
          <ns3:TrackPointExtension>
            <ns3:atemp>18.0</ns3:atemp>
            <ns3:hr>167</ns3:hr>
          </ns3:TrackPointExtension>
        </extensions>
      </trkpt>
      <trkpt lat="59.96878850273787975311279296875" lon="30.31407323665916919708251953125">
        <ele>61.59999847412109375</ele>
        <time>2026-03-17T07:21:10.000Z</time>
        <extensions>
          <ns3:TrackPointExtension>
            <ns3:atemp>18.0</ns3:atemp>
            <ns3:hr>164</ns3:hr>
          </ns3:TrackPointExtension>
        </extensions>
      </trkpt>
      <trkpt lat="59.96874860487878322601318359375" lon="30.3140703029930591583251953125">
        <ele>61.59999847412109375</ele>
        <time>2026-03-17T07:21:11.000Z</time>
        <extensions>
          <ns3:TrackPointExtension>
            <ns3:atemp>18.0</ns3:atemp>
            <ns3:hr>164</ns3:hr>
          </ns3:TrackPointExtension>
        </extensions>
      </trkpt>
      <trkpt lat="59.96870820410549640655517578125" lon="30.31406217254698276519775390625">
        <ele>61.40000152587890625</ele>
        <time>2026-03-17T07:21:12.000Z</time>
        <extensions>
          <ns3:TrackPointExtension>
            <ns3:atemp>18.0</ns3:atemp>
            <ns3:hr>163</ns3:hr>
          </ns3:TrackPointExtension>
        </extensions>
      </trkpt>
      <trkpt lat="59.9685168452560901641845703125" lon="30.3140558861196041107177734375">
        <ele>61.799999237060546875</ele>
        <time>2026-03-17T07:21:18.000Z</time>
        <extensions>
          <ns3:TrackPointExtension>
            <ns3:atemp>18.0</ns3:atemp>
            <ns3:hr>161</ns3:hr>
          </ns3:TrackPointExtension>
        </extensions>
      </trkpt>
      <trkpt lat="59.96842942200601100921630859375" lon="30.3141142241656780242919921875">
        <ele>62.59999847412109375</ele>
        <time>2026-03-17T07:21:23.000Z</time>
        <extensions>
          <ns3:TrackPointExtension>
            <ns3:atemp>18.0</ns3:atemp>
            <ns3:hr>160</ns3:hr>
          </ns3:TrackPointExtension>
        </extensions>
      </trkpt>
      <trkpt lat="59.96841517277061939239501953125" lon="30.31411950476467609405517578125">
        <ele>62.799999237060546875</ele>
        <time>2026-03-17T07:21:24.000Z</time>
        <extensions>
          <ns3:TrackPointExtension>
            <ns3:atemp>18.0</ns3:atemp>
            <ns3:hr>159</ns3:hr>
          </ns3:TrackPointExtension>
        </extensions>
      </trkpt>
      <trkpt lat="59.9684025160968303680419921875" lon="30.31411715783178806304931640625">
        <ele>63</ele>
        <time>2026-03-17T07:21:27.000Z</time>
        <extensions>
          <ns3:TrackPointExtension>
            <ns3:atemp>18.0</ns3:atemp>
            <ns3:hr>156</ns3:hr>
          </ns3:TrackPointExtension>
        </extensions>
      </trkpt>
      <trkpt lat="59.968418776988983154296875" lon="30.31406451947987079620361328125">
        <ele>63.200000762939453125</ele>
        <time>2026-03-17T07:21:28.000Z</time>
        <extensions>
          <ns3:TrackPointExtension>
            <ns3:atemp>18.0</ns3:atemp>
            <ns3:hr>156</ns3:hr>
          </ns3:TrackPointExtension>
        </extensions>
      </trkpt>
      <trkpt lat="59.96842640452086925506591796875" lon="30.3140580654144287109375">
        <ele>63.200000762939453125</ele>
        <time>2026-03-17T07:21:29.000Z</time>
        <extensions>
          <ns3:TrackPointExtension>
            <ns3:atemp>18.0</ns3:atemp>
            <ns3:hr>154</ns3:hr>
          </ns3:TrackPointExtension>
        </extensions>
      </trkpt>
      <trkpt lat="59.96843260712921619415283203125" lon="30.3140770085155963897705078125">
        <ele>62.799999237060546875</ele>
        <time>2026-03-17T07:21:34.000Z</time>
        <extensions>
          <ns3:TrackPointExtension>
            <ns3:atemp>18.0</ns3:atemp>
            <ns3:hr>151</ns3:hr>
          </ns3:TrackPointExtension>
        </extensions>
      </trkpt>
      <trkpt lat="59.96843227185308933258056640625" lon="30.3140977956354618072509765625">
        <ele>62.59999847412109375</ele>
        <time>2026-03-17T07:21:36.000Z</time>
        <extensions>
          <ns3:TrackPointExtension>
            <ns3:atemp>18.0</ns3:atemp>
            <ns3:hr>150</ns3:hr>
          </ns3:TrackPointExtension>
        </extensions>
      </trkpt>
      <trkpt lat="59.9684119038283824920654296875" lon="30.31397315673530101776123046875">
        <ele>62.200000762939453125</ele>
        <time>2026-03-17T07:21:44.000Z</time>
        <extensions>
          <ns3:TrackPointExtension>
            <ns3:atemp>18.0</ns3:atemp>
            <ns3:hr>149</ns3:hr>
          </ns3:TrackPointExtension>
        </extensions>
      </trkpt>
      <trkpt lat="59.96839463710784912109375" lon="30.31396888196468353271484375">
        <ele>62.200000762939453125</ele>
        <time>2026-03-17T07:21:48.000Z</time>
        <extensions>
          <ns3:TrackPointExtension>
            <ns3:atemp>18.0</ns3:atemp>
            <ns3:hr>152</ns3:hr>
          </ns3:TrackPointExtension>
        </extensions>
      </trkpt>
      <trkpt lat="59.96839103288948535919189453125" lon="30.31398455612361431121826171875">
        <ele>62.200000762939453125</ele>
        <time>2026-03-17T07:21:52.000Z</time>
        <extensions>
          <ns3:TrackPointExtension>
            <ns3:atemp>18.0</ns3:atemp>
            <ns3:hr>147</ns3:hr>
          </ns3:TrackPointExtension>
        </extensions>
      </trkpt>
      <trkpt lat="59.96839103288948535919189453125" lon="30.31398472376167774200439453125">
        <ele>62.200000762939453125</ele>
        <time>2026-03-17T07:21:55.000Z</time>
        <extensions>
          <ns3:TrackPointExtension>
            <ns3:atemp>18.0</ns3:atemp>
            <ns3:hr>145</ns3:hr>
          </ns3:TrackPointExtension>
        </extensions>
      </trkpt>
      <trkpt lat="59.96839455328881740570068359375" lon="30.3139781020581722259521484375">
        <ele>62.200000762939453125</ele>
        <time>2026-03-17T07:21:59.000Z</time>
        <extensions>
          <ns3:TrackPointExtension>
            <ns3:atemp>18.0</ns3:atemp>
            <ns3:hr>142</ns3:hr>
          </ns3:TrackPointExtension>
        </extensions>
      </trkpt>
      <trkpt lat="59.9683780409395694732666015625" lon="30.31396678648889064788818359375">
        <ele>62.200000762939453125</ele>
        <time>2026-03-17T07:22:03.000Z</time>
        <extensions>
          <ns3:TrackPointExtension>
            <ns3:atemp>18.0</ns3:atemp>
            <ns3:hr>142</ns3:hr>
          </ns3:TrackPointExtension>
        </extensions>
      </trkpt>
      <trkpt lat="59.96836286969482898712158203125" lon="30.31398153863847255706787109375">
        <ele>62.200000762939453125</ele>
        <time>2026-03-17T07:22:04.000Z</time>
        <extensions>
          <ns3:TrackPointExtension>
            <ns3:atemp>18.0</ns3:atemp>
            <ns3:hr>142</ns3:hr>
          </ns3:TrackPointExtension>
        </extensions>
      </trkpt>
      <trkpt lat="59.968257844448089599609375" lon="30.3141071833670139312744140625">
        <ele>62.40000152587890625</ele>
        <time>2026-03-17T07:22:10.000Z</time>
        <extensions>
          <ns3:TrackPointExtension>
            <ns3:atemp>18.0</ns3:atemp>
            <ns3:hr>140</ns3:hr>
          </ns3:TrackPointExtension>
        </extensions>
      </trkpt>
      <trkpt lat="59.9681953154504299163818359375" lon="30.3141403757035732269287109375">
        <ele>62.200000762939453125</ele>
        <time>2026-03-17T07:22:12.000Z</time>
        <extensions>
          <ns3:TrackPointExtension>
            <ns3:atemp>18.0</ns3:atemp>
            <ns3:hr>137</ns3:hr>
          </ns3:TrackPointExtension>
        </extensions>
      </trkpt>
      <trkpt lat="59.968051649630069732666015625" lon="30.31416007317602634429931640625">
        <ele>62.200000762939453125</ele>
        <time>2026-03-17T07:22:16.000Z</time>
        <extensions>
          <ns3:TrackPointExtension>
            <ns3:atemp>18.0</ns3:atemp>
            <ns3:hr>136</ns3:hr>
          </ns3:TrackPointExtension>
        </extensions>
      </trkpt>
      <trkpt lat="59.96788845397531986236572265625" lon="30.31404909677803516387939453125">
        <ele>62.799999237060546875</ele>
        <time>2026-03-17T07:22:22.000Z</time>
        <extensions>
          <ns3:TrackPointExtension>
            <ns3:atemp>18.0</ns3:atemp>
            <ns3:hr>139</ns3:hr>
          </ns3:TrackPointExtension>
        </extensions>
      </trkpt>
      <trkpt lat="59.9678462930023670196533203125" lon="30.31403903849422931671142578125">
        <ele>63</ele>
        <time>2026-03-17T07:22:23.000Z</time>
        <extensions>
          <ns3:TrackPointExtension>
            <ns3:atemp>18.0</ns3:atemp>
            <ns3:hr>139</ns3:hr>
          </ns3:TrackPointExtension>
        </extensions>
      </trkpt>
      <trkpt lat="59.967573545873165130615234375" lon="30.313935689628124237060546875">
        <ele>62.799999237060546875</ele>
        <time>2026-03-17T07:22:28.000Z</time>
        <extensions>
          <ns3:TrackPointExtension>
            <ns3:atemp>18.0</ns3:atemp>
            <ns3:hr>141</ns3:hr>
          </ns3:TrackPointExtension>
        </extensions>
      </trkpt>
      <trkpt lat="59.967326112091541290283203125" lon="30.313863269984722137451171875">
        <ele>62.799999237060546875</ele>
        <time>2026-03-17T07:22:33.000Z</time>
        <extensions>
          <ns3:TrackPointExtension>
            <ns3:atemp>18.0</ns3:atemp>
            <ns3:hr>144</ns3:hr>
          </ns3:TrackPointExtension>
        </extensions>
      </trkpt>
      <trkpt lat="59.967230893671512603759765625" lon="30.31380166299641132354736328125">
        <ele>63.200000762939453125</ele>
        <time>2026-03-17T07:22:35.000Z</time>
        <extensions>
          <ns3:TrackPointExtension>
            <ns3:atemp>18.0</ns3:atemp>
            <ns3:hr>145</ns3:hr>
          </ns3:TrackPointExtension>
        </extensions>
      </trkpt>
      <trkpt lat="59.96709569357335567474365234375" lon="30.31373913399875164031982421875">
        <ele>63.799999237060546875</ele>
        <time>2026-03-17T07:22:38.000Z</time>
        <extensions>
          <ns3:TrackPointExtension>
            <ns3:atemp>18.0</ns3:atemp>
            <ns3:hr>146</ns3:hr>
          </ns3:TrackPointExtension>
        </extensions>
      </trkpt>
      <trkpt lat="59.96686468832194805145263671875" lon="30.3137481026351451873779296875">
        <ele>64.59999847412109375</ele>
        <time>2026-03-17T07:22:42.000Z</time>
        <extensions>
          <ns3:TrackPointExtension>
            <ns3:atemp>18.0</ns3:atemp>
            <ns3:hr>146</ns3:hr>
          </ns3:TrackPointExtension>
        </extensions>
      </trkpt>
      <trkpt lat="59.9668215215206146240234375" lon="30.31376897357404232025146484375">
        <ele>64.8000030517578125</ele>
        <time>2026-03-17T07:22:43.000Z</time>
        <extensions>
          <ns3:TrackPointExtension>
            <ns3:atemp>18.0</ns3:atemp>
            <ns3:hr>146</ns3:hr>
          </ns3:TrackPointExtension>
        </extensions>
      </trkpt>
      <trkpt lat="59.96664256788790225982666015625" lon="30.31359261833131313323974609375">
        <ele>65.8000030517578125</ele>
        <time>2026-03-17T07:22:47.000Z</time>
        <extensions>
          <ns3:TrackPointExtension>
            <ns3:atemp>18.0</ns3:atemp>
            <ns3:hr>145</ns3:hr>
          </ns3:TrackPointExtension>
        </extensions>
      </trkpt>
      <trkpt lat="59.96658137999475002288818359375" lon="30.31351969577372074127197265625">
        <ele>66</ele>
        <time>2026-03-17T07:22:48.000Z</time>
        <extensions>
          <ns3:TrackPointExtension>
            <ns3:atemp>18.0</ns3:atemp>
            <ns3:hr>145</ns3:hr>
          </ns3:TrackPointExtension>
        </extensions>
      </trkpt>
      <trkpt lat="59.96646084822714328765869140625" lon="30.3134317696094512939453125">
        <ele>66.40000152587890625</ele>
        <time>2026-03-17T07:22:52.000Z</time>
        <extensions>
          <ns3:TrackPointExtension>
            <ns3:atemp>18.0</ns3:atemp>
            <ns3:hr>143</ns3:hr>
          </ns3:TrackPointExtension>
        </extensions>
      </trkpt>
      <trkpt lat="59.96645682491362094879150390625" lon="30.313428752124309539794921875">
        <ele>66.40000152587890625</ele>
        <time>2026-03-17T07:22:57.000Z</time>
        <extensions>
          <ns3:TrackPointExtension>
            <ns3:atemp>18.0</ns3:atemp>
            <ns3:hr>143</ns3:hr>
          </ns3:TrackPointExtension>
        </extensions>
      </trkpt>
      <trkpt lat="59.966457746922969818115234375" lon="30.3134302608668804168701171875">
        <ele>66.40000152587890625</ele>
        <time>2026-03-17T07:23:01.000Z</time>
        <extensions>
          <ns3:TrackPointExtension>
            <ns3:atemp>18.0</ns3:atemp>
            <ns3:hr>146</ns3:hr>
          </ns3:TrackPointExtension>
        </extensions>
      </trkpt>
      <trkpt lat="59.96646671555936336517333984375" lon="30.31341760419309139251708984375">
        <ele>66.40000152587890625</ele>
        <time>2026-03-17T07:23:05.000Z</time>
        <extensions>
          <ns3:TrackPointExtension>
            <ns3:atemp>18.0</ns3:atemp>
            <ns3:hr>144</ns3:hr>
          </ns3:TrackPointExtension>
        </extensions>
      </trkpt>
      <trkpt lat="59.96644802391529083251953125" lon="30.3134282492101192474365234375">
        <ele>66.1999969482421875</ele>
        <time>2026-03-17T07:23:08.000Z</time>
        <extensions>
          <ns3:TrackPointExtension>
            <ns3:atemp>18.0</ns3:atemp>
            <ns3:hr>141</ns3:hr>
          </ns3:TrackPointExtension>
        </extensions>
      </trkpt>
      <trkpt lat="59.96643570251762866973876953125" lon="30.313440151512622833251953125">
        <ele>66.1999969482421875</ele>
        <time>2026-03-17T07:23:10.000Z</time>
        <extensions>
          <ns3:TrackPointExtension>
            <ns3:atemp>18.0</ns3:atemp>
            <ns3:hr>140</ns3:hr>
          </ns3:TrackPointExtension>
        </extensions>
      </trkpt>
      <trkpt lat="59.966431595385074615478515625" lon="30.31342816539108753204345703125">
        <ele>66.1999969482421875</ele>
        <time>2026-03-17T07:23:11.000Z</time>
        <extensions>
          <ns3:TrackPointExtension>
            <ns3:atemp>18.0</ns3:atemp>
            <ns3:hr>139</ns3:hr>
          </ns3:TrackPointExtension>
        </extensions>
      </trkpt>
      <trkpt lat="59.9663818068802356719970703125" lon="30.3133383952081203460693359375">
        <ele>66</ele>
        <time>2026-03-17T07:23:14.000Z</time>
        <extensions>
          <ns3:TrackPointExtension>
            <ns3:atemp>18.0</ns3:atemp>
            <ns3:hr>138</ns3:hr>
          </ns3:TrackPointExtension>
        </extensions>
      </trkpt>
      <trkpt lat="59.96635691262781620025634765625" lon="30.3132545761764049530029296875">
        <ele>66</ele>
        <time>2026-03-17T07:23:19.000Z</time>
        <extensions>
          <ns3:TrackPointExtension>
            <ns3:atemp>18.0</ns3:atemp>
            <ns3:hr>138</ns3:hr>
          </ns3:TrackPointExtension>
        </extensions>
      </trkpt>
      <trkpt lat="59.966182149946689605712890625" lon="30.313238315284252166748046875">
        <ele>66</ele>
        <time>2026-03-17T07:23:21.000Z</time>
        <extensions>
          <ns3:TrackPointExtension>
            <ns3:atemp>18.0</ns3:atemp>
            <ns3:hr>139</ns3:hr>
          </ns3:TrackPointExtension>
        </extensions>
      </trkpt>
      <trkpt lat="59.9661789648234844207763671875" lon="30.31325801275670528411865234375">
        <ele>65.8000030517578125</ele>
        <time>2026-03-17T07:23:23.000Z</time>
        <extensions>
          <ns3:TrackPointExtension>
            <ns3:atemp>18.0</ns3:atemp>
            <ns3:hr>139</ns3:hr>
          </ns3:TrackPointExtension>
        </extensions>
      </trkpt>
      <trkpt lat="59.96611350215971469879150390625" lon="30.3132166899740695953369140625">
        <ele>65.40000152587890625</ele>
        <time>2026-03-17T07:23:30.000Z</time>
        <extensions>
          <ns3:TrackPointExtension>
            <ns3:atemp>18.0</ns3:atemp>
            <ns3:hr>139</ns3:hr>
          </ns3:TrackPointExtension>
        </extensions>
      </trkpt>
      <trkpt lat="59.96611115522682666778564453125" lon="30.3132133372128009796142578125">
        <ele>65</ele>
        <time>2026-03-17T07:23:35.000Z</time>
        <extensions>
          <ns3:TrackPointExtension>
            <ns3:atemp>18.0</ns3:atemp>
            <ns3:hr>140</ns3:hr>
          </ns3:TrackPointExtension>
        </extensions>
      </trkpt>
      <trkpt lat="59.9661134183406829833984375" lon="30.3132160194218158721923828125">
        <ele>64.40000152587890625</ele>
        <time>2026-03-17T07:23:40.000Z</time>
        <extensions>
          <ns3:TrackPointExtension>
            <ns3:atemp>18.0</ns3:atemp>
            <ns3:hr>134</ns3:hr>
          </ns3:TrackPointExtension>
        </extensions>
      </trkpt>
      <trkpt lat="59.96611366979777812957763671875" lon="30.3132173605263233184814453125">
        <ele>64</ele>
        <time>2026-03-17T07:23:41.000Z</time>
        <extensions>
          <ns3:TrackPointExtension>
            <ns3:atemp>18.0</ns3:atemp>
            <ns3:hr>130</ns3:hr>
          </ns3:TrackPointExtension>
        </extensions>
      </trkpt>
      <trkpt lat="59.96611400507390499114990234375" lon="30.3132190369069576263427734375">
        <ele>63.799999237060546875</ele>
        <time>2026-03-17T07:23:42.000Z</time>
        <extensions>
          <ns3:TrackPointExtension>
            <ns3:atemp>18.0</ns3:atemp>
            <ns3:hr>129</ns3:hr>
          </ns3:TrackPointExtension>
        </extensions>
      </trkpt>
      <trkpt lat="59.966114424169063568115234375" lon="30.31322012655436992645263671875">
        <ele>63.799999237060546875</ele>
        <time>2026-03-17T07:23:43.000Z</time>
        <extensions>
          <ns3:TrackPointExtension>
            <ns3:atemp>18.0</ns3:atemp>
            <ns3:hr>129</ns3:hr>
          </ns3:TrackPointExtension>
        </extensions>
      </trkpt>
      <trkpt lat="59.96611517854034900665283203125" lon="30.3132220543920993804931640625">
        <ele>63.200000762939453125</ele>
        <time>2026-03-17T07:23:47.000Z</time>
        <extensions>
          <ns3:TrackPointExtension>
            <ns3:atemp>18.0</ns3:atemp>
            <ns3:hr>126</ns3:hr>
          </ns3:TrackPointExtension>
        </extensions>
      </trkpt>
      <trkpt lat="59.96611618436872959136962890625" lon="30.3132264129817485809326171875">
        <ele>62.799999237060546875</ele>
        <time>2026-03-17T07:23:49.000Z</time>
        <extensions>
          <ns3:TrackPointExtension>
            <ns3:atemp>18.0</ns3:atemp>
            <ns3:hr>126</ns3:hr>
          </ns3:TrackPointExtension>
        </extensions>
      </trkpt>
      <trkpt lat="59.96611651964485645294189453125" lon="30.31323303468525409698486328125">
        <ele>62.200000762939453125</ele>
        <time>2026-03-17T07:23:56.000Z</time>
        <extensions>
          <ns3:TrackPointExtension>
            <ns3:atemp>18.0</ns3:atemp>
            <ns3:hr>123</ns3:hr>
          </ns3:TrackPointExtension>
        </extensions>
      </trkpt>
      <trkpt lat="59.96611685492098331451416015625" lon="30.3132381476461887359619140625">
        <ele>61.799999237060546875</ele>
        <time>2026-03-17T07:23:58.000Z</time>
        <extensions>
          <ns3:TrackPointExtension>
            <ns3:atemp>18.0</ns3:atemp>
            <ns3:hr>122</ns3:hr>
          </ns3:TrackPointExtension>
        </extensions>
      </trkpt>
      <trkpt lat="59.9661095626652240753173828125" lon="30.31326119787991046905517578125">
        <ele>61.200000762939453125</ele>
        <time>2026-03-17T07:24:07.000Z</time>
        <extensions>
          <ns3:TrackPointExtension>
            <ns3:atemp>19.0</ns3:atemp>
            <ns3:hr>120</ns3:hr>
          </ns3:TrackPointExtension>
        </extensions>
      </trkpt>
      <trkpt lat="59.96610864065587520599365234375" lon="30.31326337717473506927490234375">
        <ele>60.59999847412109375</ele>
        <time>2026-03-17T07:24:13.000Z</time>
        <extensions>
          <ns3:TrackPointExtension>
            <ns3:atemp>19.0</ns3:atemp>
            <ns3:hr>121</ns3:hr>
          </ns3:TrackPointExtension>
        </extensions>
      </trkpt>
      <trkpt lat="59.96610897593200206756591796875" lon="30.313263125717639923095703125">
        <ele>60.40000152587890625</ele>
        <time>2026-03-17T07:24:16.000Z</time>
        <extensions>
          <ns3:TrackPointExtension>
            <ns3:atemp>19.0</ns3:atemp>
            <ns3:hr>124</ns3:hr>
          </ns3:TrackPointExtension>
        </extensions>
      </trkpt>
      <trkpt lat="59.9661092273890972137451171875" lon="30.3132627904415130615234375">
        <ele>60.40000152587890625</ele>
        <time>2026-03-17T07:24:17.000Z</time>
        <extensions>
          <ns3:TrackPointExtension>
            <ns3:atemp>19.0</ns3:atemp>
            <ns3:hr>124</ns3:hr>
          </ns3:TrackPointExtension>
        </extensions>
      </trkpt>
      <trkpt lat="59.966108389198780059814453125" lon="30.313261114060878753662109375">
        <ele>59.59999847412109375</ele>
        <time>2026-03-17T07:24:26.000Z</time>
        <extensions>
          <ns3:TrackPointExtension>
            <ns3:atemp>19.0</ns3:atemp>
            <ns3:hr>123</ns3:hr>
          </ns3:TrackPointExtension>
        </extensions>
      </trkpt>
      <trkpt lat="59.96610880829393863677978515625" lon="30.3132572583854198455810546875">
        <ele>59.40000152587890625</ele>
        <time>2026-03-17T07:24:30.000Z</time>
        <extensions>
          <ns3:TrackPointExtension>
            <ns3:atemp>19.0</ns3:atemp>
            <ns3:hr>121</ns3:hr>
          </ns3:TrackPointExtension>
        </extensions>
      </trkpt>
      <trkpt lat="59.9660803936421871185302734375" lon="30.31320688314735889434814453125">
        <ele>58.59999847412109375</ele>
        <time>2026-03-17T07:24:39.000Z</time>
        <extensions>
          <ns3:TrackPointExtension>
            <ns3:atemp>19.0</ns3:atemp>
            <ns3:hr>121</ns3:hr>
          </ns3:TrackPointExtension>
        </extensions>
      </trkpt>
      <trkpt lat="59.96606119908392429351806640625" lon="30.3131761215627193450927734375">
        <ele>58.59999847412109375</ele>
        <time>2026-03-17T07:24:40.000Z</time>
        <extensions>
          <ns3:TrackPointExtension>
            <ns3:atemp>19.0</ns3:atemp>
            <ns3:hr>121</ns3:hr>
          </ns3:TrackPointExtension>
        </extensions>
      </trkpt>
      <trkpt lat="59.965964220464229583740234375" lon="30.31301912851631641387939453125">
        <ele>58.59999847412109375</ele>
        <time>2026-03-17T07:24:44.000Z</time>
        <extensions>
          <ns3:TrackPointExtension>
            <ns3:atemp>19.0</ns3:atemp>
            <ns3:hr>120</ns3:hr>
          </ns3:TrackPointExtension>
        </extensions>
      </trkpt>
      <trkpt lat="59.9658664874732494354248046875" lon="30.31276280991733074188232421875">
        <ele>59.40000152587890625</ele>
        <time>2026-03-17T07:24:49.000Z</time>
        <extensions>
          <ns3:TrackPointExtension>
            <ns3:atemp>19.0</ns3:atemp>
            <ns3:hr>126</ns3:hr>
          </ns3:TrackPointExtension>
        </extensions>
      </trkpt>
      <trkpt lat="59.96588098816573619842529296875" lon="30.3126111812889575958251953125">
        <ele>59.59999847412109375</ele>
        <time>2026-03-17T07:24:50.000Z</time>
        <extensions>
          <ns3:TrackPointExtension>
            <ns3:atemp>19.0</ns3:atemp>
            <ns3:hr>128</ns3:hr>
          </ns3:TrackPointExtension>
        </extensions>
      </trkpt>
      <trkpt lat="59.9658581055700778961181640625" lon="30.31250305473804473876953125">
        <ele>59.799999237060546875</ele>
        <time>2026-03-17T07:24:51.000Z</time>
        <extensions>
          <ns3:TrackPointExtension>
            <ns3:atemp>19.0</ns3:atemp>
            <ns3:hr>128</ns3:hr>
          </ns3:TrackPointExtension>
        </extensions>
      </trkpt>
      <trkpt lat="59.9657642282545566558837890625" lon="30.312186218798160552978515625">
        <ele>60.799999237060546875</ele>
        <time>2026-03-17T07:24:55.000Z</time>
        <extensions>
          <ns3:TrackPointExtension>
            <ns3:atemp>19.0</ns3:atemp>
            <ns3:hr>130</ns3:hr>
          </ns3:TrackPointExtension>
        </extensions>
      </trkpt>
      <trkpt lat="59.965744279325008392333984375" lon="30.3121335804462432861328125">
        <ele>61</ele>
        <time>2026-03-17T07:24:56.000Z</time>
        <extensions>
          <ns3:TrackPointExtension>
            <ns3:atemp>19.0</ns3:atemp>
            <ns3:hr>133</ns3:hr>
          </ns3:TrackPointExtension>
        </extensions>
      </trkpt>
      <trkpt lat="59.9657244980335235595703125" lon="30.3120831213891506195068359375">
        <ele>61.200000762939453125</ele>
        <time>2026-03-17T07:24:57.000Z</time>
        <extensions>
          <ns3:TrackPointExtension>
            <ns3:atemp>19.0</ns3:atemp>
            <ns3:hr>134</ns3:hr>
          </ns3:TrackPointExtension>
        </extensions>
      </trkpt>
      <trkpt lat="59.9656116776168346405029296875" lon="30.31180459074676036834716796875">
        <ele>61.799999237060546875</ele>
        <time>2026-03-17T07:25:02.000Z</time>
        <extensions>
          <ns3:TrackPointExtension>
            <ns3:atemp>19.0</ns3:atemp>
            <ns3:hr>137</ns3:hr>
          </ns3:TrackPointExtension>
        </extensions>
      </trkpt>
      <trkpt lat="59.96544211171567440032958984375" lon="30.3113877587020397186279296875">
        <ele>62.40000152587890625</ele>
        <time>2026-03-17T07:25:09.000Z</time>
        <extensions>
          <ns3:TrackPointExtension>
            <ns3:atemp>18.0</ns3:atemp>
            <ns3:hr>138</ns3:hr>
          </ns3:TrackPointExtension>
        </extensions>
      </trkpt>
      <trkpt lat="59.96536851860582828521728515625" lon="30.31121601350605487823486328125">
        <ele>62.799999237060546875</ele>
        <time>2026-03-17T07:25:12.000Z</time>
        <extensions>
          <ns3:TrackPointExtension>
            <ns3:atemp>18.0</ns3:atemp>
            <ns3:hr>138</ns3:hr>
          </ns3:TrackPointExtension>
        </extensions>
      </trkpt>
      <trkpt lat="59.96529626660048961639404296875" lon="30.3110524825751781463623046875">
        <ele>63</ele>
        <time>2026-03-17T07:25:15.000Z</time>
        <extensions>
          <ns3:TrackPointExtension>
            <ns3:atemp>18.0</ns3:atemp>
            <ns3:hr>138</ns3:hr>
          </ns3:TrackPointExtension>
        </extensions>
      </trkpt>
      <trkpt lat="59.96524413116276264190673828125" lon="30.31101685948669910430908203125">
        <ele>63</ele>
        <time>2026-03-17T07:25:16.000Z</time>
        <extensions>
          <ns3:TrackPointExtension>
            <ns3:atemp>18.0</ns3:atemp>
            <ns3:hr>138</ns3:hr>
          </ns3:TrackPointExtension>
        </extensions>
      </trkpt>
      <trkpt lat="59.9650847911834716796875" lon="30.31086690723896026611328125">
        <ele>63.200000762939453125</ele>
        <time>2026-03-17T07:25:20.000Z</time>
        <extensions>
          <ns3:TrackPointExtension>
            <ns3:atemp>18.0</ns3:atemp>
            <ns3:hr>138</ns3:hr>
          </ns3:TrackPointExtension>
        </extensions>
      </trkpt>
      <trkpt lat="59.96488555334508419036865234375" lon="30.31061704270541667938232421875">
        <ele>63.799999237060546875</ele>
        <time>2026-03-17T07:25:26.000Z</time>
        <extensions>
          <ns3:TrackPointExtension>
            <ns3:atemp>18.0</ns3:atemp>
            <ns3:hr>140</ns3:hr>
          </ns3:TrackPointExtension>
        </extensions>
      </trkpt>
      <trkpt lat="59.96483794413506984710693359375" lon="30.3105287812650203704833984375">
        <ele>64</ele>
        <time>2026-03-17T07:25:30.000Z</time>
        <extensions>
          <ns3:TrackPointExtension>
            <ns3:atemp>18.0</ns3:atemp>
            <ns3:hr>140</ns3:hr>
          </ns3:TrackPointExtension>
        </extensions>
      </trkpt>
      <trkpt lat="59.9648123793303966522216796875" lon="30.3104959242045879364013671875">
        <ele>64.40000152587890625</ele>
        <time>2026-03-17T07:25:32.000Z</time>
        <extensions>
          <ns3:TrackPointExtension>
            <ns3:atemp>18.0</ns3:atemp>
            <ns3:hr>140</ns3:hr>
          </ns3:TrackPointExtension>
        </extensions>
      </trkpt>
      <trkpt lat="59.96472294442355632781982421875" lon="30.31043834052979946136474609375">
        <ele>64.8000030517578125</ele>
        <time>2026-03-17T07:25:35.000Z</time>
        <extensions>
          <ns3:TrackPointExtension>
            <ns3:atemp>18.0</ns3:atemp>
            <ns3:hr>137</ns3:hr>
          </ns3:TrackPointExtension>
        </extensions>
      </trkpt>
      <trkpt lat="59.964681454002857208251953125" lon="30.3103671781718730926513671875">
        <ele>64.8000030517578125</ele>
        <time>2026-03-17T07:25:36.000Z</time>
        <extensions>
          <ns3:TrackPointExtension>
            <ns3:atemp>18.0</ns3:atemp>
            <ns3:hr>137</ns3:hr>
          </ns3:TrackPointExtension>
        </extensions>
      </trkpt>
      <trkpt lat="59.9646457470953464508056640625" lon="30.310308001935482025146484375">
        <ele>65</ele>
        <time>2026-03-17T07:25:37.000Z</time>
        <extensions>
          <ns3:TrackPointExtension>
            <ns3:atemp>18.0</ns3:atemp>
            <ns3:hr>137</ns3:hr>
          </ns3:TrackPointExtension>
        </extensions>
      </trkpt>
      <trkpt lat="59.96451742015779018402099609375" lon="30.31003399752080440521240234375">
        <ele>65.1999969482421875</ele>
        <time>2026-03-17T07:25:42.000Z</time>
        <extensions>
          <ns3:TrackPointExtension>
            <ns3:atemp>18.0</ns3:atemp>
            <ns3:hr>137</ns3:hr>
          </ns3:TrackPointExtension>
        </extensions>
      </trkpt>
      <trkpt lat="59.96429421007633209228515625" lon="30.30979913659393787384033203125">
        <ele>65.59999847412109375</ele>
        <time>2026-03-17T07:25:48.000Z</time>
        <extensions>
          <ns3:TrackPointExtension>
            <ns3:atemp>18.0</ns3:atemp>
            <ns3:hr>138</ns3:hr>
          </ns3:TrackPointExtension>
        </extensions>
      </trkpt>
      <trkpt lat="59.96414358727633953094482421875" lon="30.3096550516784191131591796875">
        <ele>65.1999969482421875</ele>
        <time>2026-03-17T07:25:52.000Z</time>
        <extensions>
          <ns3:TrackPointExtension>
            <ns3:atemp>18.0</ns3:atemp>
            <ns3:hr>138</ns3:hr>
          </ns3:TrackPointExtension>
        </extensions>
      </trkpt>
      <trkpt lat="59.963939487934112548828125" lon="30.30936327762901782989501953125">
        <ele>65.1999969482421875</ele>
        <time>2026-03-17T07:25:58.000Z</time>
        <extensions>
          <ns3:TrackPointExtension>
            <ns3:atemp>18.0</ns3:atemp>
            <ns3:hr>139</ns3:hr>
          </ns3:TrackPointExtension>
        </extensions>
      </trkpt>
      <trkpt lat="59.96391006745398044586181640625" lon="30.30934517271816730499267578125">
        <ele>65.1999969482421875</ele>
        <time>2026-03-17T07:25:59.000Z</time>
        <extensions>
          <ns3:TrackPointExtension>
            <ns3:atemp>18.0</ns3:atemp>
            <ns3:hr>141</ns3:hr>
          </ns3:TrackPointExtension>
        </extensions>
      </trkpt>
      <trkpt lat="59.96379758231341838836669921875" lon="30.30923251993954181671142578125">
        <ele>65</ele>
        <time>2026-03-17T07:26:02.000Z</time>
        <extensions>
          <ns3:TrackPointExtension>
            <ns3:atemp>18.0</ns3:atemp>
            <ns3:hr>144</ns3:hr>
          </ns3:TrackPointExtension>
        </extensions>
      </trkpt>
      <trkpt lat="59.96365056373178958892822265625" lon="30.3089922107756137847900390625">
        <ele>64.8000030517578125</ele>
        <time>2026-03-17T07:26:06.000Z</time>
        <extensions>
          <ns3:TrackPointExtension>
            <ns3:atemp>18.0</ns3:atemp>
            <ns3:hr>146</ns3:hr>
          </ns3:TrackPointExtension>
        </extensions>
      </trkpt>
      <trkpt lat="59.9635503999888896942138671875" lon="30.3086354769766330718994140625">
        <ele>65</ele>
        <time>2026-03-17T07:26:09.000Z</time>
        <extensions>
          <ns3:TrackPointExtension>
            <ns3:atemp>18.0</ns3:atemp>
            <ns3:hr>149</ns3:hr>
          </ns3:TrackPointExtension>
        </extensions>
      </trkpt>
      <trkpt lat="59.96340262703597545623779296875" lon="30.30834496021270751953125">
        <ele>65.40000152587890625</ele>
        <time>2026-03-17T07:26:12.000Z</time>
        <extensions>
          <ns3:TrackPointExtension>
            <ns3:atemp>18.0</ns3:atemp>
            <ns3:hr>152</ns3:hr>
          </ns3:TrackPointExtension>
        </extensions>
      </trkpt>
      <trkpt lat="59.96327589266002178192138671875" lon="30.30813834629952907562255859375">
        <ele>65.8000030517578125</ele>
        <time>2026-03-17T07:26:15.000Z</time>
        <extensions>
          <ns3:TrackPointExtension>
            <ns3:atemp>18.0</ns3:atemp>
            <ns3:hr>155</ns3:hr>
          </ns3:TrackPointExtension>
        </extensions>
      </trkpt>
      <trkpt lat="59.96315485797822475433349609375" lon="30.30795578844845294952392578125">
        <ele>66</ele>
        <time>2026-03-17T07:26:18.000Z</time>
        <extensions>
          <ns3:TrackPointExtension>
            <ns3:atemp>18.0</ns3:atemp>
            <ns3:hr>157</ns3:hr>
          </ns3:TrackPointExtension>
        </extensions>
      </trkpt>
      <trkpt lat="59.9631024710834026336669921875" lon="30.30789677985012531280517578125">
        <ele>66</ele>
        <time>2026-03-17T07:26:19.000Z</time>
        <extensions>
          <ns3:TrackPointExtension>
            <ns3:atemp>18.0</ns3:atemp>
            <ns3:hr>158</ns3:hr>
          </ns3:TrackPointExtension>
        </extensions>
      </trkpt>
      <trkpt lat="59.96282394044101238250732421875" lon="30.30746108852326869964599609375">
        <ele>66.8000030517578125</ele>
        <time>2026-03-17T07:26:25.000Z</time>
        <extensions>
          <ns3:TrackPointExtension>
            <ns3:atemp>18.0</ns3:atemp>
            <ns3:hr>161</ns3:hr>
          </ns3:TrackPointExtension>
        </extensions>
      </trkpt>
      <trkpt lat="59.96275671757757663726806640625" lon="30.3074157424271106719970703125">
        <ele>66.8000030517578125</ele>
        <time>2026-03-17T07:26:26.000Z</time>
        <extensions>
          <ns3:TrackPointExtension>
            <ns3:atemp>18.0</ns3:atemp>
            <ns3:hr>161</ns3:hr>
          </ns3:TrackPointExtension>
        </extensions>
      </trkpt>
      <trkpt lat="59.9627551250159740447998046875" lon="30.307279787957668304443359375">
        <ele>66.8000030517578125</ele>
        <time>2026-03-17T07:26:27.000Z</time>
        <extensions>
          <ns3:TrackPointExtension>
            <ns3:atemp>18.0</ns3:atemp>
            <ns3:hr>161</ns3:hr>
          </ns3:TrackPointExtension>
        </extensions>
      </trkpt>
      <trkpt lat="59.96251992881298065185546875" lon="30.306785590946674346923828125">
        <ele>66.59999847412109375</ele>
        <time>2026-03-17T07:26:32.000Z</time>
        <extensions>
          <ns3:TrackPointExtension>
            <ns3:atemp>18.0</ns3:atemp>
            <ns3:hr>163</ns3:hr>
          </ns3:TrackPointExtension>
        </extensions>
      </trkpt>
      <trkpt lat="59.962196387350559234619140625" lon="30.30626633204519748687744140625">
        <ele>67</ele>
        <time>2026-03-17T07:26:39.000Z</time>
        <extensions>
          <ns3:TrackPointExtension>
            <ns3:atemp>18.0</ns3:atemp>
            <ns3:hr>165</ns3:hr>
          </ns3:TrackPointExtension>
        </extensions>
      </trkpt>
      <trkpt lat="59.96215590275824069976806640625" lon="30.30620279721915721893310546875">
        <ele>67</ele>
        <time>2026-03-17T07:26:40.000Z</time>
        <extensions>
          <ns3:TrackPointExtension>
            <ns3:atemp>18.0</ns3:atemp>
            <ns3:hr>165</ns3:hr>
          </ns3:TrackPointExtension>
        </extensions>
      </trkpt>
      <trkpt lat="59.96191634796559810638427734375" lon="30.30582896433770656585693359375">
        <ele>67.1999969482421875</ele>
        <time>2026-03-17T07:26:45.000Z</time>
        <extensions>
          <ns3:TrackPointExtension>
            <ns3:atemp>18.0</ns3:atemp>
            <ns3:hr>165</ns3:hr>
          </ns3:TrackPointExtension>
        </extensions>
      </trkpt>
      <trkpt lat="59.9618790484964847564697265625" lon="30.30572754330933094024658203125">
        <ele>67.40000152587890625</ele>
        <time>2026-03-17T07:26:46.000Z</time>
        <extensions>
          <ns3:TrackPointExtension>
            <ns3:atemp>18.0</ns3:atemp>
            <ns3:hr>165</ns3:hr>
          </ns3:TrackPointExtension>
        </extensions>
      </trkpt>
      <trkpt lat="59.961708225309848785400390625" lon="30.3053636848926544189453125">
        <ele>68</ele>
        <time>2026-03-17T07:26:51.000Z</time>
        <extensions>
          <ns3:TrackPointExtension>
            <ns3:atemp>18.0</ns3:atemp>
            <ns3:hr>166</ns3:hr>
          </ns3:TrackPointExtension>
        </extensions>
      </trkpt>
      <trkpt lat="59.96155039407312870025634765625" lon="30.30510124750435352325439453125">
        <ele>68</ele>
        <time>2026-03-17T07:26:55.000Z</time>
        <extensions>
          <ns3:TrackPointExtension>
            <ns3:atemp>18.0</ns3:atemp>
            <ns3:hr>167</ns3:hr>
          </ns3:TrackPointExtension>
        </extensions>
      </trkpt>
      <trkpt lat="59.9614705145359039306640625" lon="30.304971076548099517822265625">
        <ele>68.1999969482421875</ele>
        <time>2026-03-17T07:26:57.000Z</time>
        <extensions>
          <ns3:TrackPointExtension>
            <ns3:atemp>18.0</ns3:atemp>
            <ns3:hr>166</ns3:hr>
          </ns3:TrackPointExtension>
        </extensions>
      </trkpt>
      <trkpt lat="59.9611970968544483184814453125" lon="30.30467343516647815704345703125">
        <ele>68.59999847412109375</ele>
        <time>2026-03-17T07:27:03.000Z</time>
        <extensions>
          <ns3:TrackPointExtension>
            <ns3:atemp>17.0</ns3:atemp>
            <ns3:hr>165</ns3:hr>
          </ns3:TrackPointExtension>
        </extensions>
      </trkpt>
      <trkpt lat="59.9611513316631317138671875" lon="30.304609648883342742919921875">
        <ele>68.59999847412109375</ele>
        <time>2026-03-17T07:27:04.000Z</time>
        <extensions>
          <ns3:TrackPointExtension>
            <ns3:atemp>17.0</ns3:atemp>
            <ns3:hr>164</ns3:hr>
          </ns3:TrackPointExtension>
        </extensions>
      </trkpt>
      <trkpt lat="59.96084027923643589019775390625" lon="30.30401981435716152191162109375">
        <ele>68.40000152587890625</ele>
        <time>2026-03-17T07:27:09.000Z</time>
        <extensions>
          <ns3:TrackPointExtension>
            <ns3:atemp>17.0</ns3:atemp>
            <ns3:hr>163</ns3:hr>
          </ns3:TrackPointExtension>
        </extensions>
      </trkpt>
      <trkpt lat="59.9607796780765056610107421875" lon="30.3038527630269527435302734375">
        <ele>69.1999969482421875</ele>
        <time>2026-03-17T07:27:12.000Z</time>
        <extensions>
          <ns3:TrackPointExtension>
            <ns3:atemp>17.0</ns3:atemp>
            <ns3:hr>164</ns3:hr>
          </ns3:TrackPointExtension>
        </extensions>
      </trkpt>
      <trkpt lat="59.96069200336933135986328125" lon="30.3037776611745357513427734375">
        <ele>69.59999847412109375</ele>
        <time>2026-03-17T07:27:14.000Z</time>
        <extensions>
          <ns3:TrackPointExtension>
            <ns3:atemp>17.0</ns3:atemp>
            <ns3:hr>165</ns3:hr>
          </ns3:TrackPointExtension>
        </extensions>
      </trkpt>
      <trkpt lat="59.96057976968586444854736328125" lon="30.3036046586930751800537109375">
        <ele>68.1999969482421875</ele>
        <time>2026-03-17T07:27:17.000Z</time>
        <extensions>
          <ns3:TrackPointExtension>
            <ns3:atemp>17.0</ns3:atemp>
            <ns3:hr>165</ns3:hr>
          </ns3:TrackPointExtension>
        </extensions>
      </trkpt>
      <trkpt lat="59.9604256264865398406982421875" lon="30.3035191632807254791259765625">
        <ele>67.1999969482421875</ele>
        <time>2026-03-17T07:27:20.000Z</time>
        <extensions>
          <ns3:TrackPointExtension>
            <ns3:atemp>17.0</ns3:atemp>
            <ns3:hr>165</ns3:hr>
          </ns3:TrackPointExtension>
        </extensions>
      </trkpt>
      <trkpt lat="59.96026829816401004791259765625" lon="30.303141809999942779541015625">
        <ele>68.1999969482421875</ele>
        <time>2026-03-17T07:27:26.000Z</time>
        <extensions>
          <ns3:TrackPointExtension>
            <ns3:atemp>17.0</ns3:atemp>
            <ns3:hr>166</ns3:hr>
          </ns3:TrackPointExtension>
        </extensions>
      </trkpt>
      <trkpt lat="59.96018196456134319305419921875" lon="30.3029337711632251739501953125">
        <ele>68.59999847412109375</ele>
        <time>2026-03-17T07:27:31.000Z</time>
        <extensions>
          <ns3:TrackPointExtension>
            <ns3:atemp>17.0</ns3:atemp>
            <ns3:hr>163</ns3:hr>
          </ns3:TrackPointExtension>
        </extensions>
      </trkpt>
      <trkpt lat="59.960066713392734527587890625" lon="30.30278247781097888946533203125">
        <ele>68.8000030517578125</ele>
        <time>2026-03-17T07:27:36.000Z</time>
        <extensions>
          <ns3:TrackPointExtension>
            <ns3:atemp>17.0</ns3:atemp>
            <ns3:hr>161</ns3:hr>
          </ns3:TrackPointExtension>
        </extensions>
      </trkpt>
      <trkpt lat="59.9600303359329700469970703125" lon="30.3027312643826007843017578125">
        <ele>69.1999969482421875</ele>
        <time>2026-03-17T07:27:41.000Z</time>
        <extensions>
          <ns3:TrackPointExtension>
            <ns3:atemp>17.0</ns3:atemp>
            <ns3:hr>160</ns3:hr>
          </ns3:TrackPointExtension>
        </extensions>
      </trkpt>
      <trkpt lat="59.96002773754298686981201171875" lon="30.302735455334186553955078125">
        <ele>68.40000152587890625</ele>
        <time>2026-03-17T07:27:45.000Z</time>
        <extensions>
          <ns3:TrackPointExtension>
            <ns3:atemp>17.0</ns3:atemp>
            <ns3:hr>157</ns3:hr>
          </ns3:TrackPointExtension>
        </extensions>
      </trkpt>
      <trkpt lat="59.96002505533397197723388671875" lon="30.30273453332483768463134765625">
        <ele>68.1999969482421875</ele>
        <time>2026-03-17T07:27:46.000Z</time>
        <extensions>
          <ns3:TrackPointExtension>
            <ns3:atemp>17.0</ns3:atemp>
            <ns3:hr>157</ns3:hr>
          </ns3:TrackPointExtension>
        </extensions>
      </trkpt>
      <trkpt lat="59.96002002619206905364990234375" lon="30.30272916890680789947509765625">
        <ele>67.8000030517578125</ele>
        <time>2026-03-17T07:27:47.000Z</time>
        <extensions>
          <ns3:TrackPointExtension>
            <ns3:atemp>17.0</ns3:atemp>
            <ns3:hr>156</ns3:hr>
          </ns3:TrackPointExtension>
        </extensions>
      </trkpt>
      <trkpt lat="59.9600011669099330902099609375" lon="30.3027443401515483856201171875">
        <ele>67.59999847412109375</ele>
        <time>2026-03-17T07:27:49.000Z</time>
        <extensions>
          <ns3:TrackPointExtension>
            <ns3:atemp>17.0</ns3:atemp>
            <ns3:hr>156</ns3:hr>
          </ns3:TrackPointExtension>
        </extensions>
      </trkpt>
      <trkpt lat="59.959982894361019134521484375" lon="30.30269731767475605010986328125">
        <ele>67.40000152587890625</ele>
        <time>2026-03-17T07:27:51.000Z</time>
        <extensions>
          <ns3:TrackPointExtension>
            <ns3:atemp>17.0</ns3:atemp>
            <ns3:hr>155</ns3:hr>
          </ns3:TrackPointExtension>
        </extensions>
      </trkpt>
      <trkpt lat="59.95995112694799900054931640625" lon="30.3025569207966327667236328125">
        <ele>67.1999969482421875</ele>
        <time>2026-03-17T07:27:54.000Z</time>
        <extensions>
          <ns3:TrackPointExtension>
            <ns3:atemp>17.0</ns3:atemp>
            <ns3:hr>153</ns3:hr>
          </ns3:TrackPointExtension>
        </extensions>
      </trkpt>
      <trkpt lat="59.95978147722780704498291015625" lon="30.30229699797928333282470703125">
        <ele>67.40000152587890625</ele>
        <time>2026-03-17T07:27:59.000Z</time>
        <extensions>
          <ns3:TrackPointExtension>
            <ns3:atemp>17.0</ns3:atemp>
            <ns3:hr>152</ns3:hr>
          </ns3:TrackPointExtension>
        </extensions>
      </trkpt>
      <trkpt lat="59.9595787189900875091552734375" lon="30.3020074032247066497802734375">
        <ele>67.59999847412109375</ele>
        <time>2026-03-17T07:28:03.000Z</time>
        <extensions>
          <ns3:TrackPointExtension>
            <ns3:atemp>17.0</ns3:atemp>
            <ns3:hr>155</ns3:hr>
          </ns3:TrackPointExtension>
        </extensions>
      </trkpt>
      <trkpt lat="59.95941921137273311614990234375" lon="30.30180112458765506744384765625">
        <ele>68.1999969482421875</ele>
        <time>2026-03-17T07:28:06.000Z</time>
        <extensions>
          <ns3:TrackPointExtension>
            <ns3:atemp>17.0</ns3:atemp>
            <ns3:hr>157</ns3:hr>
          </ns3:TrackPointExtension>
        </extensions>
      </trkpt>
      <trkpt lat="59.959257356822490692138671875" lon="30.3016328997910022735595703125">
        <ele>67.40000152587890625</ele>
        <time>2026-03-17T07:28:09.000Z</time>
        <extensions>
          <ns3:TrackPointExtension>
            <ns3:atemp>17.0</ns3:atemp>
            <ns3:hr>157</ns3:hr>
          </ns3:TrackPointExtension>
        </extensions>
      </trkpt>
      <trkpt lat="59.95921385474503040313720703125" lon="30.30156509019434452056884765625">
        <ele>67</ele>
        <time>2026-03-17T07:28:10.000Z</time>
        <extensions>
          <ns3:TrackPointExtension>
            <ns3:atemp>17.0</ns3:atemp>
            <ns3:hr>157</ns3:hr>
          </ns3:TrackPointExtension>
        </extensions>
      </trkpt>
      <trkpt lat="59.95916389860212802886962890625" lon="30.3015118651092052459716796875">
        <ele>66.8000030517578125</ele>
        <time>2026-03-17T07:28:11.000Z</time>
        <extensions>
          <ns3:TrackPointExtension>
            <ns3:atemp>17.0</ns3:atemp>
            <ns3:hr>157</ns3:hr>
          </ns3:TrackPointExtension>
        </extensions>
      </trkpt>
      <trkpt lat="59.9590104259550571441650390625" lon="30.30136057175695896148681640625">
        <ele>66.59999847412109375</ele>
        <time>2026-03-17T07:28:14.000Z</time>
        <extensions>
          <ns3:TrackPointExtension>
            <ns3:atemp>17.0</ns3:atemp>
            <ns3:hr>156</ns3:hr>
          </ns3:TrackPointExtension>
        </extensions>
      </trkpt>
      <trkpt lat="59.95896273292601108551025390625" lon="30.3013063408434391021728515625">
        <ele>66.8000030517578125</ele>
        <time>2026-03-17T07:28:15.000Z</time>
        <extensions>
          <ns3:TrackPointExtension>
            <ns3:atemp>17.0</ns3:atemp>
            <ns3:hr>157</ns3:hr>
          </ns3:TrackPointExtension>
        </extensions>
      </trkpt>
      <trkpt lat="59.95892602019011974334716796875" lon="30.30123584903776645660400390625">
        <ele>66.8000030517578125</ele>
        <time>2026-03-17T07:28:16.000Z</time>
        <extensions>
          <ns3:TrackPointExtension>
            <ns3:atemp>17.0</ns3:atemp>
            <ns3:hr>157</ns3:hr>
          </ns3:TrackPointExtension>
        </extensions>
      </trkpt>
      <trkpt lat="59.9588256888091564178466796875" lon="30.30105832032859325408935546875">
        <ele>67.1999969482421875</ele>
        <time>2026-03-17T07:28:19.000Z</time>
        <extensions>
          <ns3:TrackPointExtension>
            <ns3:atemp>17.0</ns3:atemp>
            <ns3:hr>160</ns3:hr>
          </ns3:TrackPointExtension>
        </extensions>
      </trkpt>
      <trkpt lat="59.9586724676191806793212890625" lon="30.30082664452493190765380859375">
        <ele>67.40000152587890625</ele>
        <time>2026-03-17T07:28:23.000Z</time>
        <extensions>
          <ns3:TrackPointExtension>
            <ns3:atemp>17.0</ns3:atemp>
            <ns3:hr>162</ns3:hr>
          </ns3:TrackPointExtension>
        </extensions>
      </trkpt>
      <trkpt lat="59.9586456455290317535400390625" lon="30.3007476031780242919921875">
        <ele>67.40000152587890625</ele>
        <time>2026-03-17T07:28:24.000Z</time>
        <extensions>
          <ns3:TrackPointExtension>
            <ns3:atemp>17.0</ns3:atemp>
            <ns3:hr>162</ns3:hr>
          </ns3:TrackPointExtension>
        </extensions>
      </trkpt>
      <trkpt lat="59.95841480791568756103515625" lon="30.30042431317269802093505859375">
        <ele>67.8000030517578125</ele>
        <time>2026-03-17T07:28:30.000Z</time>
        <extensions>
          <ns3:TrackPointExtension>
            <ns3:atemp>17.0</ns3:atemp>
            <ns3:hr>162</ns3:hr>
          </ns3:TrackPointExtension>
        </extensions>
      </trkpt>
      <trkpt lat="59.9583415500819683074951171875" lon="30.3003045357763767242431640625">
        <ele>68.1999969482421875</ele>
        <time>2026-03-17T07:28:32.000Z</time>
        <extensions>
          <ns3:TrackPointExtension>
            <ns3:atemp>17.0</ns3:atemp>
            <ns3:hr>161</ns3:hr>
          </ns3:TrackPointExtension>
        </extensions>
      </trkpt>
      <trkpt lat="59.95829285122454166412353515625" lon="30.30030864290893077850341796875">
        <ele>68.1999969482421875</ele>
        <time>2026-03-17T07:28:35.000Z</time>
        <extensions>
          <ns3:TrackPointExtension>
            <ns3:atemp>17.0</ns3:atemp>
            <ns3:hr>161</ns3:hr>
          </ns3:TrackPointExtension>
        </extensions>
      </trkpt>
      <trkpt lat="59.95819243602454662322998046875" lon="30.3001476265490055084228515625">
        <ele>68.59999847412109375</ele>
        <time>2026-03-17T07:28:39.000Z</time>
        <extensions>
          <ns3:TrackPointExtension>
            <ns3:atemp>17.0</ns3:atemp>
            <ns3:hr>162</ns3:hr>
          </ns3:TrackPointExtension>
        </extensions>
      </trkpt>
      <trkpt lat="59.958195202052593231201171875" lon="30.30007093213498592376708984375">
        <ele>68.8000030517578125</ele>
        <time>2026-03-17T07:28:45.000Z</time>
        <extensions>
          <ns3:TrackPointExtension>
            <ns3:atemp>17.0</ns3:atemp>
            <ns3:hr>159</ns3:hr>
          </ns3:TrackPointExtension>
        </extensions>
      </trkpt>
      <trkpt lat="59.95818992145359516143798828125" lon="30.3000555932521820068359375">
        <ele>68.8000030517578125</ele>
        <time>2026-03-17T07:28:48.000Z</time>
        <extensions>
          <ns3:TrackPointExtension>
            <ns3:atemp>17.0</ns3:atemp>
            <ns3:hr>159</ns3:hr>
          </ns3:TrackPointExtension>
        </extensions>
      </trkpt>
      <trkpt lat="59.958177767693996429443359375" lon="30.3000202216207981109619140625">
        <ele>68.8000030517578125</ele>
        <time>2026-03-17T07:28:49.000Z</time>
        <extensions>
          <ns3:TrackPointExtension>
            <ns3:atemp>17.0</ns3:atemp>
            <ns3:hr>160</ns3:hr>
          </ns3:TrackPointExtension>
        </extensions>
      </trkpt>
      <trkpt lat="59.9581162445247173309326171875" lon="30.2998545952141284942626953125">
        <ele>68.1999969482421875</ele>
        <time>2026-03-17T07:28:52.000Z</time>
        <extensions>
          <ns3:TrackPointExtension>
            <ns3:atemp>17.0</ns3:atemp>
            <ns3:hr>159</ns3:hr>
          </ns3:TrackPointExtension>
        </extensions>
      </trkpt>
      <trkpt lat="59.958085902035236358642578125" lon="30.299785695970058441162109375">
        <ele>68</ele>
        <time>2026-03-17T07:28:53.000Z</time>
        <extensions>
          <ns3:TrackPointExtension>
            <ns3:atemp>17.0</ns3:atemp>
            <ns3:hr>158</ns3:hr>
          </ns3:TrackPointExtension>
        </extensions>
      </trkpt>
      <trkpt lat="59.95801541022956371307373046875" lon="30.29963222332298755645751953125">
        <ele>67.8000030517578125</ele>
        <time>2026-03-17T07:28:55.000Z</time>
        <extensions>
          <ns3:TrackPointExtension>
            <ns3:atemp>17.0</ns3:atemp>
            <ns3:hr>155</ns3:hr>
          </ns3:TrackPointExtension>
        </extensions>
      </trkpt>
      <trkpt lat="59.9578736722469329833984375" lon="30.2992997132241725921630859375">
        <ele>67.59999847412109375</ele>
        <time>2026-03-17T07:28:59.000Z</time>
        <extensions>
          <ns3:TrackPointExtension>
            <ns3:atemp>17.0</ns3:atemp>
            <ns3:hr>155</ns3:hr>
          </ns3:TrackPointExtension>
        </extensions>
      </trkpt>
      <trkpt lat="59.95772120542824268341064453125" lon="30.29903040267527103424072265625">
        <ele>68</ele>
        <time>2026-03-17T07:29:03.000Z</time>
        <extensions>
          <ns3:TrackPointExtension>
            <ns3:atemp>17.0</ns3:atemp>
            <ns3:hr>158</ns3:hr>
          </ns3:TrackPointExtension>
        </extensions>
      </trkpt>
      <trkpt lat="59.95766387321054935455322265625" lon="30.29891439713537693023681640625">
        <ele>68.1999969482421875</ele>
        <time>2026-03-17T07:29:05.000Z</time>
        <extensions>
          <ns3:TrackPointExtension>
            <ns3:atemp>17.0</ns3:atemp>
            <ns3:hr>159</ns3:hr>
          </ns3:TrackPointExtension>
        </extensions>
      </trkpt>
      <trkpt lat="59.95757351629436016082763671875" lon="30.29875648207962512969970703125">
        <ele>68.8000030517578125</ele>
        <time>2026-03-17T07:29:08.000Z</time>
        <extensions>
          <ns3:TrackPointExtension>
            <ns3:atemp>17.0</ns3:atemp>
            <ns3:hr>161</ns3:hr>
          </ns3:TrackPointExtension>
        </extensions>
      </trkpt>
      <trkpt lat="59.9574954807758331298828125" lon="30.2986533008515834808349609375">
        <ele>68.8000030517578125</ele>
        <time>2026-03-17T07:29:10.000Z</time>
        <extensions>
          <ns3:TrackPointExtension>
            <ns3:atemp>17.0</ns3:atemp>
            <ns3:hr>162</ns3:hr>
          </ns3:TrackPointExtension>
        </extensions>
      </trkpt>
      <trkpt lat="59.95730948634445667266845703125" lon="30.29840829782187938690185546875">
        <ele>68.8000030517578125</ele>
        <time>2026-03-17T07:29:14.000Z</time>
        <extensions>
          <ns3:TrackPointExtension>
            <ns3:atemp>17.0</ns3:atemp>
            <ns3:hr>164</ns3:hr>
          </ns3:TrackPointExtension>
        </extensions>
      </trkpt>
      <trkpt lat="59.95726372115314006805419921875" lon="30.29834878630936145782470703125">
        <ele>68.8000030517578125</ele>
        <time>2026-03-17T07:29:15.000Z</time>
        <extensions>
          <ns3:TrackPointExtension>
            <ns3:atemp>17.0</ns3:atemp>
            <ns3:hr>164</ns3:hr>
          </ns3:TrackPointExtension>
        </extensions>
      </trkpt>
      <trkpt lat="59.95713346637785434722900390625" lon="30.298179052770137786865234375">
        <ele>68.8000030517578125</ele>
        <time>2026-03-17T07:29:18.000Z</time>
        <extensions>
          <ns3:TrackPointExtension>
            <ns3:atemp>17.0</ns3:atemp>
            <ns3:hr>161</ns3:hr>
          </ns3:TrackPointExtension>
        </extensions>
      </trkpt>
      <trkpt lat="59.95690606534481048583984375" lon="30.29785157181322574615478515625">
        <ele>68.59999847412109375</ele>
        <time>2026-03-17T07:29:23.000Z</time>
        <extensions>
          <ns3:TrackPointExtension>
            <ns3:atemp>17.0</ns3:atemp>
            <ns3:hr>163</ns3:hr>
          </ns3:TrackPointExtension>
        </extensions>
      </trkpt>
      <trkpt lat="59.95666600763797760009765625" lon="30.2974406071007251739501953125">
        <ele>68.59999847412109375</ele>
        <time>2026-03-17T07:29:28.000Z</time>
        <extensions>
          <ns3:TrackPointExtension>
            <ns3:atemp>17.0</ns3:atemp>
            <ns3:hr>164</ns3:hr>
          </ns3:TrackPointExtension>
        </extensions>
      </trkpt>
      <trkpt lat="59.95662049390375614166259765625" lon="30.2973531000316143035888671875">
        <ele>68.59999847412109375</ele>
        <time>2026-03-17T07:29:29.000Z</time>
        <extensions>
          <ns3:TrackPointExtension>
            <ns3:atemp>17.0</ns3:atemp>
            <ns3:hr>165</ns3:hr>
          </ns3:TrackPointExtension>
        </extensions>
      </trkpt>
      <trkpt lat="59.9562026560306549072265625" lon="30.29681288637220859527587890625">
        <ele>68</ele>
        <time>2026-03-17T07:29:37.000Z</time>
        <extensions>
          <ns3:TrackPointExtension>
            <ns3:atemp>17.0</ns3:atemp>
            <ns3:hr>165</ns3:hr>
          </ns3:TrackPointExtension>
        </extensions>
      </trkpt>
      <trkpt lat="59.95588137768208980560302734375" lon="30.296393372118473052978515625">
        <ele>67</ele>
        <time>2026-03-17T07:29:42.000Z</time>
        <extensions>
          <ns3:TrackPointExtension>
            <ns3:atemp>17.0</ns3:atemp>
            <ns3:hr>165</ns3:hr>
          </ns3:TrackPointExtension>
        </extensions>
      </trkpt>
      <trkpt lat="59.9558216147124767303466796875" lon="30.29631684534251689910888671875">
        <ele>67</ele>
        <time>2026-03-17T07:29:43.000Z</time>
        <extensions>
          <ns3:TrackPointExtension>
            <ns3:atemp>17.0</ns3:atemp>
            <ns3:hr>166</ns3:hr>
          </ns3:TrackPointExtension>
        </extensions>
      </trkpt>
      <trkpt lat="59.95564467273652553558349609375" lon="30.29591585509479045867919921875">
        <ele>66.59999847412109375</ele>
        <time>2026-03-17T07:29:48.000Z</time>
        <extensions>
          <ns3:TrackPointExtension>
            <ns3:atemp>16.0</ns3:atemp>
            <ns3:hr>166</ns3:hr>
          </ns3:TrackPointExtension>
        </extensions>
      </trkpt>
      <trkpt lat="59.955567978322505950927734375" lon="30.2957989275455474853515625">
        <ele>67.40000152587890625</ele>
        <time>2026-03-17T07:29:50.000Z</time>
        <extensions>
          <ns3:TrackPointExtension>
            <ns3:atemp>16.0</ns3:atemp>
            <ns3:hr>168</ns3:hr>
          </ns3:TrackPointExtension>
        </extensions>
      </trkpt>
      <trkpt lat="59.95550419203937053680419921875" lon="30.2955281920731067657470703125">
        <ele>68</ele>
        <time>2026-03-17T07:29:53.000Z</time>
        <extensions>
          <ns3:TrackPointExtension>
            <ns3:atemp>16.0</ns3:atemp>
            <ns3:hr>170</ns3:hr>
          </ns3:TrackPointExtension>
        </extensions>
      </trkpt>
      <trkpt lat="59.95546077378094196319580078125" lon="30.29544831253588199615478515625">
        <ele>68.40000152587890625</ele>
        <time>2026-03-17T07:29:55.000Z</time>
        <extensions>
          <ns3:TrackPointExtension>
            <ns3:atemp>16.0</ns3:atemp>
            <ns3:hr>168</ns3:hr>
          </ns3:TrackPointExtension>
        </extensions>
      </trkpt>
      <trkpt lat="59.95541601441800594329833984375" lon="30.2953189797699451446533203125">
        <ele>68.59999847412109375</ele>
        <time>2026-03-17T07:29:58.000Z</time>
        <extensions>
          <ns3:TrackPointExtension>
            <ns3:atemp>16.0</ns3:atemp>
            <ns3:hr>167</ns3:hr>
          </ns3:TrackPointExtension>
        </extensions>
      </trkpt>
      <trkpt lat="59.95534996502101421356201171875" lon="30.29504899866878986358642578125">
        <ele>68.59999847412109375</ele>
        <time>2026-03-17T07:30:02.000Z</time>
        <extensions>
          <ns3:TrackPointExtension>
            <ns3:atemp>16.0</ns3:atemp>
            <ns3:hr>164</ns3:hr>
          </ns3:TrackPointExtension>
        </extensions>
      </trkpt>
      <trkpt lat="59.95528492145240306854248046875" lon="30.2949226833879947662353515625">
        <ele>68.40000152587890625</ele>
        <time>2026-03-17T07:30:04.000Z</time>
        <extensions>
          <ns3:TrackPointExtension>
            <ns3:atemp>16.0</ns3:atemp>
            <ns3:hr>163</ns3:hr>
          </ns3:TrackPointExtension>
        </extensions>
      </trkpt>
      <trkpt lat="59.955153577029705047607421875" lon="30.29467700980603694915771484375">
        <ele>68.59999847412109375</ele>
        <time>2026-03-17T07:30:09.000Z</time>
        <extensions>
          <ns3:TrackPointExtension>
            <ns3:atemp>16.0</ns3:atemp>
            <ns3:hr>162</ns3:hr>
          </ns3:TrackPointExtension>
        </extensions>
      </trkpt>
      <trkpt lat="59.95496020652353763580322265625" lon="30.29431239701807498931884765625">
        <ele>68.8000030517578125</ele>
        <time>2026-03-17T07:30:16.000Z</time>
        <extensions>
          <ns3:TrackPointExtension>
            <ns3:atemp>16.0</ns3:atemp>
            <ns3:hr>162</ns3:hr>
          </ns3:TrackPointExtension>
        </extensions>
      </trkpt>
      <trkpt lat="59.95483565144240856170654296875" lon="30.2940808050334453582763671875">
        <ele>68.8000030517578125</ele>
        <time>2026-03-17T07:30:21.000Z</time>
        <extensions>
          <ns3:TrackPointExtension>
            <ns3:atemp>16.0</ns3:atemp>
            <ns3:hr>159</ns3:hr>
          </ns3:TrackPointExtension>
        </extensions>
      </trkpt>
      <trkpt lat="59.95478871278464794158935546875" lon="30.2940117381513118743896484375">
        <ele>69</ele>
        <time>2026-03-17T07:30:23.000Z</time>
        <extensions>
          <ns3:TrackPointExtension>
            <ns3:atemp>16.0</ns3:atemp>
            <ns3:hr>158</ns3:hr>
          </ns3:TrackPointExtension>
        </extensions>
      </trkpt>
      <trkpt lat="59.95473959483206272125244140625" lon="30.29392247088253498077392578125">
        <ele>69.40000152587890625</ele>
        <time>2026-03-17T07:30:27.000Z</time>
        <extensions>
          <ns3:TrackPointExtension>
            <ns3:atemp>16.0</ns3:atemp>
            <ns3:hr>155</ns3:hr>
          </ns3:TrackPointExtension>
        </extensions>
      </trkpt>
      <trkpt lat="59.95473959483206272125244140625" lon="30.29391224496066570281982421875">
        <ele>70.1999969482421875</ele>
        <time>2026-03-17T07:30:28.000Z</time>
        <extensions>
          <ns3:TrackPointExtension>
            <ns3:atemp>16.0</ns3:atemp>
            <ns3:hr>154</ns3:hr>
          </ns3:TrackPointExtension>
        </extensions>
      </trkpt>
      <trkpt lat="59.95471696369349956512451171875" lon="30.293874107301235198974609375">
        <ele>69.1999969482421875</ele>
        <time>2026-03-17T07:30:36.000Z</time>
        <extensions>
          <ns3:TrackPointExtension>
            <ns3:atemp>16.0</ns3:atemp>
            <ns3:hr>152</ns3:hr>
          </ns3:TrackPointExtension>
        </extensions>
      </trkpt>
      <trkpt lat="59.95471537113189697265625" lon="30.29387050308287143707275390625">
        <ele>69.1999969482421875</ele>
        <time>2026-03-17T07:30:38.000Z</time>
        <extensions>
          <ns3:TrackPointExtension>
            <ns3:atemp>16.0</ns3:atemp>
            <ns3:hr>154</ns3:hr>
          </ns3:TrackPointExtension>
        </extensions>
      </trkpt>
      <trkpt lat="59.9547148682177066802978515625" lon="30.2938695810735225677490234375">
        <ele>69.1999969482421875</ele>
        <time>2026-03-17T07:30:50.000Z</time>
        <extensions>
          <ns3:TrackPointExtension>
            <ns3:atemp>17.0</ns3:atemp>
            <ns3:hr>151</ns3:hr>
          </ns3:TrackPointExtension>
        </extensions>
      </trkpt>
      <trkpt lat="59.95471461676061153411865234375" lon="30.29386916197836399078369140625">
        <ele>69.1999969482421875</ele>
        <time>2026-03-17T07:30:54.000Z</time>
        <extensions>
          <ns3:TrackPointExtension>
            <ns3:atemp>17.0</ns3:atemp>
            <ns3:hr>148</ns3:hr>
          </ns3:TrackPointExtension>
        </extensions>
      </trkpt>
      <trkpt lat="59.9547141976654529571533203125" lon="30.29386949725449085235595703125">
        <ele>69.1999969482421875</ele>
        <time>2026-03-17T07:30:59.000Z</time>
        <extensions>
          <ns3:TrackPointExtension>
            <ns3:atemp>17.0</ns3:atemp>
            <ns3:hr>145</ns3:hr>
          </ns3:TrackPointExtension>
        </extensions>
      </trkpt>
      <trkpt lat="59.95471243746578693389892578125" lon="30.2938665635883808135986328125">
        <ele>69.1999969482421875</ele>
        <time>2026-03-17T07:31:04.000Z</time>
        <extensions>
          <ns3:TrackPointExtension>
            <ns3:atemp>17.0</ns3:atemp>
            <ns3:hr>143</ns3:hr>
          </ns3:TrackPointExtension>
        </extensions>
      </trkpt>
      <trkpt lat="59.95471126399934291839599609375" lon="30.2938601933419704437255859375">
        <ele>69.1999969482421875</ele>
        <time>2026-03-17T07:31:17.000Z</time>
        <extensions>
          <ns3:TrackPointExtension>
            <ns3:atemp>17.0</ns3:atemp>
            <ns3:hr>140</ns3:hr>
          </ns3:TrackPointExtension>
        </extensions>
      </trkpt>
      <trkpt lat="59.95471176691353321075439453125" lon="30.293862037360668182373046875">
        <ele>69.1999969482421875</ele>
        <time>2026-03-17T07:31:20.000Z</time>
        <extensions>
          <ns3:TrackPointExtension>
            <ns3:atemp>17.0</ns3:atemp>
            <ns3:hr>137</ns3:hr>
          </ns3:TrackPointExtension>
        </extensions>
      </trkpt>
      <trkpt lat="59.95467723347246646881103515625" lon="30.2938266657292842864990234375">
        <ele>69.1999969482421875</ele>
        <time>2026-03-17T07:31:24.000Z</time>
        <extensions>
          <ns3:TrackPointExtension>
            <ns3:atemp>17.0</ns3:atemp>
            <ns3:hr>134</ns3:hr>
          </ns3:TrackPointExtension>
        </extensions>
      </trkpt>
      <trkpt lat="59.954594336450099945068359375" lon="30.29378450475633144378662109375">
        <ele>69.40000152587890625</ele>
        <time>2026-03-17T07:31:28.000Z</time>
        <extensions>
          <ns3:TrackPointExtension>
            <ns3:atemp>17.0</ns3:atemp>
            <ns3:hr>135</ns3:hr>
          </ns3:TrackPointExtension>
        </extensions>
      </trkpt>
      <trkpt lat="59.95456960983574390411376953125" lon="30.29377846978604793548583984375">
        <ele>69.40000152587890625</ele>
        <time>2026-03-17T07:31:29.000Z</time>
        <extensions>
          <ns3:TrackPointExtension>
            <ns3:atemp>17.0</ns3:atemp>
            <ns3:hr>136</ns3:hr>
          </ns3:TrackPointExtension>
        </extensions>
      </trkpt>
      <trkpt lat="59.95444455184042453765869140625" lon="30.293836891651153564453125">
        <ele>69</ele>
        <time>2026-03-17T07:31:33.000Z</time>
        <extensions>
          <ns3:TrackPointExtension>
            <ns3:atemp>17.0</ns3:atemp>
            <ns3:hr>137</ns3:hr>
          </ns3:TrackPointExtension>
        </extensions>
      </trkpt>
      <trkpt lat="59.9543718807399272918701171875" lon="30.29374368488788604736328125">
        <ele>69</ele>
        <time>2026-03-17T07:31:36.000Z</time>
        <extensions>
          <ns3:TrackPointExtension>
            <ns3:atemp>18.0</ns3:atemp>
            <ns3:hr>138</ns3:hr>
          </ns3:TrackPointExtension>
        </extensions>
      </trkpt>
      <trkpt lat="59.9543068371713161468505859375" lon="30.29361351393163204193115234375">
        <ele>69.1999969482421875</ele>
        <time>2026-03-17T07:31:39.000Z</time>
        <extensions>
          <ns3:TrackPointExtension>
            <ns3:atemp>18.0</ns3:atemp>
            <ns3:hr>140</ns3:hr>
          </ns3:TrackPointExtension>
        </extensions>
      </trkpt>
      <trkpt lat="59.9542213417589664459228515625" lon="30.29349700547754764556884765625">
        <ele>69.1999969482421875</ele>
        <time>2026-03-17T07:31:42.000Z</time>
        <extensions>
          <ns3:TrackPointExtension>
            <ns3:atemp>18.0</ns3:atemp>
            <ns3:hr>142</ns3:hr>
          </ns3:TrackPointExtension>
        </extensions>
      </trkpt>
      <trkpt lat="59.954045824706554412841796875" lon="30.293166004121303558349609375">
        <ele>69.40000152587890625</ele>
        <time>2026-03-17T07:31:50.000Z</time>
        <extensions>
          <ns3:TrackPointExtension>
            <ns3:atemp>18.0</ns3:atemp>
            <ns3:hr>142</ns3:hr>
          </ns3:TrackPointExtension>
        </extensions>
      </trkpt>
      <trkpt lat="59.95389000512659549713134765625" lon="30.2928490005433559417724609375">
        <ele>69.8000030517578125</ele>
        <time>2026-03-17T07:31:57.000Z</time>
        <extensions>
          <ns3:TrackPointExtension>
            <ns3:atemp>18.0</ns3:atemp>
            <ns3:hr>140</ns3:hr>
          </ns3:TrackPointExtension>
        </extensions>
      </trkpt>
      <trkpt lat="59.95383895933628082275390625" lon="30.29265697114169597625732421875">
        <ele>70.1999969482421875</ele>
        <time>2026-03-17T07:32:00.000Z</time>
        <extensions>
          <ns3:TrackPointExtension>
            <ns3:atemp>18.0</ns3:atemp>
            <ns3:hr>140</ns3:hr>
          </ns3:TrackPointExtension>
        </extensions>
      </trkpt>
      <trkpt lat="59.95378305204212665557861328125" lon="30.29258673079311847686767578125">
        <ele>70.40000152587890625</ele>
        <time>2026-03-17T07:32:01.000Z</time>
        <extensions>
          <ns3:TrackPointExtension>
            <ns3:atemp>18.0</ns3:atemp>
            <ns3:hr>140</ns3:hr>
          </ns3:TrackPointExtension>
        </extensions>
      </trkpt>
      <trkpt lat="59.95375941507518291473388671875" lon="30.292547084391117095947265625">
        <ele>70.40000152587890625</ele>
        <time>2026-03-17T07:32:02.000Z</time>
        <extensions>
          <ns3:TrackPointExtension>
            <ns3:atemp>18.0</ns3:atemp>
            <ns3:hr>140</ns3:hr>
          </ns3:TrackPointExtension>
        </extensions>
      </trkpt>
      <trkpt lat="59.95361977256834506988525390625" lon="30.2922783605754375457763671875">
        <ele>70.59999847412109375</ele>
        <time>2026-03-17T07:32:07.000Z</time>
        <extensions>
          <ns3:TrackPointExtension>
            <ns3:atemp>18.0</ns3:atemp>
            <ns3:hr>139</ns3:hr>
          </ns3:TrackPointExtension>
        </extensions>
      </trkpt>
      <trkpt lat="59.95349136181175708770751953125" lon="30.29208096675574779510498046875">
        <ele>71.1999969482421875</ele>
        <time>2026-03-17T07:32:12.000Z</time>
        <extensions>
          <ns3:TrackPointExtension>
            <ns3:atemp>18.0</ns3:atemp>
            <ns3:hr>142</ns3:hr>
          </ns3:TrackPointExtension>
        </extensions>
      </trkpt>
      <trkpt lat="59.95346873067319393157958984375" lon="30.29204358346760272979736328125">
        <ele>71.1999969482421875</ele>
        <time>2026-03-17T07:32:13.000Z</time>
        <extensions>
          <ns3:TrackPointExtension>
            <ns3:atemp>18.0</ns3:atemp>
            <ns3:hr>142</ns3:hr>
          </ns3:TrackPointExtension>
        </extensions>
      </trkpt>
      <trkpt lat="59.953404776751995086669921875" lon="30.291932858526706695556640625">
        <ele>71.1999969482421875</ele>
        <time>2026-03-17T07:32:16.000Z</time>
        <extensions>
          <ns3:TrackPointExtension>
            <ns3:atemp>18.0</ns3:atemp>
            <ns3:hr>144</ns3:hr>
          </ns3:TrackPointExtension>
        </extensions>
      </trkpt>
      <trkpt lat="59.953294135630130767822265625" lon="30.29175206087529659271240234375">
        <ele>71.59999847412109375</ele>
        <time>2026-03-17T07:32:20.000Z</time>
        <extensions>
          <ns3:TrackPointExtension>
            <ns3:atemp>18.0</ns3:atemp>
            <ns3:hr>144</ns3:hr>
          </ns3:TrackPointExtension>
        </extensions>
      </trkpt>
      <trkpt lat="59.95309464633464813232421875" lon="30.2914416790008544921875">
        <ele>71.59999847412109375</ele>
        <time>2026-03-17T07:32:26.000Z</time>
        <extensions>
          <ns3:TrackPointExtension>
            <ns3:atemp>18.0</ns3:atemp>
            <ns3:hr>143</ns3:hr>
          </ns3:TrackPointExtension>
        </extensions>
      </trkpt>
      <trkpt lat="59.9530187062919139862060546875" lon="30.29132039286196231842041015625">
        <ele>71.59999847412109375</ele>
        <time>2026-03-17T07:32:29.000Z</time>
        <extensions>
          <ns3:TrackPointExtension>
            <ns3:atemp>18.0</ns3:atemp>
            <ns3:hr>140</ns3:hr>
          </ns3:TrackPointExtension>
        </extensions>
      </trkpt>
      <trkpt lat="59.95293815620243549346923828125" lon="30.29121260158717632293701171875">
        <ele>71.40000152587890625</ele>
        <time>2026-03-17T07:32:33.000Z</time>
        <extensions>
          <ns3:TrackPointExtension>
            <ns3:atemp>18.0</ns3:atemp>
            <ns3:hr>137</ns3:hr>
          </ns3:TrackPointExtension>
        </extensions>
      </trkpt>
      <trkpt lat="59.952858276665210723876953125" lon="30.2910224162042140960693359375">
        <ele>71.59999847412109375</ele>
        <time>2026-03-17T07:32:38.000Z</time>
        <extensions>
          <ns3:TrackPointExtension>
            <ns3:atemp>18.0</ns3:atemp>
            <ns3:hr>134</ns3:hr>
          </ns3:TrackPointExtension>
        </extensions>
      </trkpt>
      <trkpt lat="59.95283740572631359100341796875" lon="30.29098503291606903076171875">
        <ele>71.59999847412109375</ele>
        <time>2026-03-17T07:32:39.000Z</time>
        <extensions>
          <ns3:TrackPointExtension>
            <ns3:atemp>18.0</ns3:atemp>
            <ns3:hr>134</ns3:hr>
          </ns3:TrackPointExtension>
        </extensions>
      </trkpt>
      <trkpt lat="59.95270983316004276275634765625" lon="30.29078009538352489471435546875">
        <ele>71</ele>
        <time>2026-03-17T07:32:45.000Z</time>
        <extensions>
          <ns3:TrackPointExtension>
            <ns3:atemp>18.0</ns3:atemp>
            <ns3:hr>131</ns3:hr>
          </ns3:TrackPointExtension>
        </extensions>
      </trkpt>
      <trkpt lat="59.95263339020311832427978515625" lon="30.29079325497150421142578125">
        <ele>70.8000030517578125</ele>
        <time>2026-03-17T07:32:47.000Z</time>
        <extensions>
          <ns3:TrackPointExtension>
            <ns3:atemp>18.0</ns3:atemp>
            <ns3:hr>131</ns3:hr>
          </ns3:TrackPointExtension>
        </extensions>
      </trkpt>
      <trkpt lat="59.9524996988475322723388671875" lon="30.2908061631023883819580078125">
        <ele>70.59999847412109375</ele>
        <time>2026-03-17T07:32:52.000Z</time>
        <extensions>
          <ns3:TrackPointExtension>
            <ns3:atemp>18.0</ns3:atemp>
            <ns3:hr>132</ns3:hr>
          </ns3:TrackPointExtension>
        </extensions>
      </trkpt>
      <trkpt lat="59.95247681625187397003173828125" lon="30.2908655069768428802490234375">
        <ele>70.59999847412109375</ele>
        <time>2026-03-17T07:32:53.000Z</time>
        <extensions>
          <ns3:TrackPointExtension>
            <ns3:atemp>18.0</ns3:atemp>
            <ns3:hr>132</ns3:hr>
          </ns3:TrackPointExtension>
        </extensions>
      </trkpt>
      <trkpt lat="59.95247547514736652374267578125" lon="30.2909805066883563995361328125">
        <ele>70.8000030517578125</ele>
        <time>2026-03-17T07:32:56.000Z</time>
        <extensions>
          <ns3:TrackPointExtension>
            <ns3:atemp>18.0</ns3:atemp>
            <ns3:hr>134</ns3:hr>
          </ns3:TrackPointExtension>
        </extensions>
      </trkpt>
      <trkpt lat="59.95232191868126392364501953125" lon="30.29105669818818569183349609375">
        <ele>71.1999969482421875</ele>
        <time>2026-03-17T07:33:00.000Z</time>
        <extensions>
          <ns3:TrackPointExtension>
            <ns3:atemp>18.0</ns3:atemp>
            <ns3:hr>137</ns3:hr>
          </ns3:TrackPointExtension>
        </extensions>
      </trkpt>
      <trkpt lat="59.95229694060981273651123046875" lon="30.29107161797583103179931640625">
        <ele>71.40000152587890625</ele>
        <time>2026-03-17T07:33:01.000Z</time>
        <extensions>
          <ns3:TrackPointExtension>
            <ns3:atemp>18.0</ns3:atemp>
            <ns3:hr>138</ns3:hr>
          </ns3:TrackPointExtension>
        </extensions>
      </trkpt>
      <trkpt lat="59.95225335471332073211669921875" lon="30.29113699682056903839111328125">
        <ele>71.40000152587890625</ele>
        <time>2026-03-17T07:33:04.000Z</time>
        <extensions>
          <ns3:TrackPointExtension>
            <ns3:atemp>18.0</ns3:atemp>
            <ns3:hr>138</ns3:hr>
          </ns3:TrackPointExtension>
        </extensions>
      </trkpt>
      <trkpt lat="59.95224815793335437774658203125" lon="30.29115443117916584014892578125">
        <ele>71.40000152587890625</ele>
        <time>2026-03-17T07:33:05.000Z</time>
        <extensions>
          <ns3:TrackPointExtension>
            <ns3:atemp>18.0</ns3:atemp>
            <ns3:hr>138</ns3:hr>
          </ns3:TrackPointExtension>
        </extensions>
      </trkpt>
      <trkpt lat="59.95222955010831356048583984375" lon="30.2912311255931854248046875">
        <ele>71.59999847412109375</ele>
        <time>2026-03-17T07:33:11.000Z</time>
        <extensions>
          <ns3:TrackPointExtension>
            <ns3:atemp>18.0</ns3:atemp>
            <ns3:hr>138</ns3:hr>
          </ns3:TrackPointExtension>
        </extensions>
      </trkpt>
      <trkpt lat="59.9522509239614009857177734375" lon="30.29134067706763744354248046875">
        <ele>70.1999969482421875</ele>
        <time>2026-03-17T07:33:16.000Z</time>
        <extensions>
          <ns3:TrackPointExtension>
            <ns3:atemp>18.0</ns3:atemp>
            <ns3:hr>138</ns3:hr>
          </ns3:TrackPointExtension>
        </extensions>
      </trkpt>
      <trkpt lat="59.9522452242672443389892578125" lon="30.291364900767803192138671875">
        <ele>69.1999969482421875</ele>
        <time>2026-03-17T07:33:19.000Z</time>
        <extensions>
          <ns3:TrackPointExtension>
            <ns3:atemp>18.0</ns3:atemp>
            <ns3:hr>137</ns3:hr>
          </ns3:TrackPointExtension>
        </extensions>
      </trkpt>
      <trkpt lat="59.95224899612367153167724609375" lon="30.291348807513713836669921875">
        <ele>68.8000030517578125</ele>
        <time>2026-03-17T07:33:20.000Z</time>
        <extensions>
          <ns3:TrackPointExtension>
            <ns3:atemp>18.0</ns3:atemp>
            <ns3:hr>138</ns3:hr>
          </ns3:TrackPointExtension>
        </extensions>
      </trkpt>
      <trkpt lat="59.95179402641952037811279296875" lon="30.29031624086201190948486328125">
        <ele>66.8000030517578125</ele>
        <time>2026-03-17T07:33:54.000Z</time>
        <extensions>
          <ns3:TrackPointExtension>
            <ns3:atemp>18.0</ns3:atemp>
            <ns3:hr>146</ns3:hr>
          </ns3:TrackPointExtension>
        </extensions>
      </trkpt>
      <trkpt lat="59.9518365226686000823974609375" lon="30.29049678705632686614990234375">
        <ele>67.40000152587890625</ele>
        <time>2026-03-17T07:33:57.000Z</time>
        <extensions>
          <ns3:TrackPointExtension>
            <ns3:atemp>18.0</ns3:atemp>
            <ns3:hr>142</ns3:hr>
          </ns3:TrackPointExtension>
        </extensions>
      </trkpt>
      <trkpt lat="59.9518529511988162994384765625" lon="30.2905349247157573699951171875">
        <ele>67.40000152587890625</ele>
        <time>2026-03-17T07:33:59.000Z</time>
        <extensions>
          <ns3:TrackPointExtension>
            <ns3:atemp>18.0</ns3:atemp>
            <ns3:hr>140</ns3:hr>
          </ns3:TrackPointExtension>
        </extensions>
      </trkpt>
      <trkpt lat="59.95180458761751651763916015625" lon="30.2906945161521434783935546875">
        <ele>67.8000030517578125</ele>
        <time>2026-03-17T07:34:01.000Z</time>
        <extensions>
          <ns3:TrackPointExtension>
            <ns3:atemp>18.0</ns3:atemp>
            <ns3:hr>141</ns3:hr>
          </ns3:TrackPointExtension>
        </extensions>
      </trkpt>
      <trkpt lat="59.9517922662198543548583984375" lon="30.29070180840790271759033203125">
        <ele>68</ele>
        <time>2026-03-17T07:34:02.000Z</time>
        <extensions>
          <ns3:TrackPointExtension>
            <ns3:atemp>18.0</ns3:atemp>
            <ns3:hr>141</ns3:hr>
          </ns3:TrackPointExtension>
        </extensions>
      </trkpt>
      <trkpt lat="59.95174976997077465057373046875" lon="30.2907075919210910797119140625">
        <ele>68.59999847412109375</ele>
        <time>2026-03-17T07:34:06.000Z</time>
        <extensions>
          <ns3:TrackPointExtension>
            <ns3:atemp>18.0</ns3:atemp>
            <ns3:hr>142</ns3:hr>
          </ns3:TrackPointExtension>
        </extensions>
      </trkpt>
      <trkpt lat="59.95174943469464778900146484375" lon="30.29070231132209300994873046875">
        <ele>68.8000030517578125</ele>
        <time>2026-03-17T07:34:07.000Z</time>
        <extensions>
          <ns3:TrackPointExtension>
            <ns3:atemp>18.0</ns3:atemp>
            <ns3:hr>143</ns3:hr>
          </ns3:TrackPointExtension>
        </extensions>
      </trkpt>
      <trkpt lat="59.951717667281627655029296875" lon="30.2906812727451324462890625">
        <ele>69.1999969482421875</ele>
        <time>2026-03-17T07:34:10.000Z</time>
        <extensions>
          <ns3:TrackPointExtension>
            <ns3:atemp>18.0</ns3:atemp>
            <ns3:hr>147</ns3:hr>
          </ns3:TrackPointExtension>
        </extensions>
      </trkpt>
      <trkpt lat="59.95170123875141143798828125" lon="30.29067046009004116058349609375">
        <ele>69.1999969482421875</ele>
        <time>2026-03-17T07:34:12.000Z</time>
        <extensions>
          <ns3:TrackPointExtension>
            <ns3:atemp>18.0</ns3:atemp>
            <ns3:hr>151</ns3:hr>
          </ns3:TrackPointExtension>
        </extensions>
      </trkpt>
      <trkpt lat="59.95169679634273052215576171875" lon="30.29066693969070911407470703125">
        <ele>69.1999969482421875</ele>
        <time>2026-03-17T07:34:13.000Z</time>
        <extensions>
          <ns3:TrackPointExtension>
            <ns3:atemp>19.0</ns3:atemp>
            <ns3:hr>152</ns3:hr>
          </ns3:TrackPointExtension>
        </extensions>
      </trkpt>
      <trkpt lat="59.95171892456710338592529296875" lon="30.29067900963127613067626953125">
        <ele>68.8000030517578125</ele>
        <time>2026-03-17T07:34:16.000Z</time>
        <extensions>
          <ns3:TrackPointExtension>
            <ns3:atemp>19.0</ns3:atemp>
            <ns3:hr>152</ns3:hr>
          </ns3:TrackPointExtension>
        </extensions>
      </trkpt>
      <trkpt lat="59.95171925984323024749755859375" lon="30.2906576357781887054443359375">
        <ele>68.40000152587890625</ele>
        <time>2026-03-17T07:34:18.000Z</time>
        <extensions>
          <ns3:TrackPointExtension>
            <ns3:atemp>19.0</ns3:atemp>
            <ns3:hr>151</ns3:hr>
          </ns3:TrackPointExtension>
        </extensions>
      </trkpt>
      <trkpt lat="59.951730072498321533203125" lon="30.2905972860753536224365234375">
        <ele>67.8000030517578125</ele>
        <time>2026-03-17T07:34:21.000Z</time>
        <extensions>
          <ns3:TrackPointExtension>
            <ns3:atemp>19.0</ns3:atemp>
            <ns3:hr>152</ns3:hr>
          </ns3:TrackPointExtension>
        </extensions>
      </trkpt>
      <trkpt lat="59.95176183991134166717529296875" lon="30.290532410144805908203125">
        <ele>67.59999847412109375</ele>
        <time>2026-03-17T07:34:23.000Z</time>
        <extensions>
          <ns3:TrackPointExtension>
            <ns3:atemp>19.0</ns3:atemp>
            <ns3:hr>151</ns3:hr>
          </ns3:TrackPointExtension>
        </extensions>
      </trkpt>
      <trkpt lat="59.9517835490405559539794921875" lon="30.29018414206802845001220703125">
        <ele>68.40000152587890625</ele>
        <time>2026-03-17T07:34:28.000Z</time>
        <extensions>
          <ns3:TrackPointExtension>
            <ns3:atemp>19.0</ns3:atemp>
            <ns3:hr>150</ns3:hr>
          </ns3:TrackPointExtension>
        </extensions>
      </trkpt>
      <trkpt lat="59.9517446570098400115966796875" lon="30.29003310017287731170654296875">
        <ele>68.8000030517578125</ele>
        <time>2026-03-17T07:34:31.000Z</time>
        <extensions>
          <ns3:TrackPointExtension>
            <ns3:atemp>19.0</ns3:atemp>
            <ns3:hr>153</ns3:hr>
          </ns3:TrackPointExtension>
        </extensions>
      </trkpt>
      <trkpt lat="59.9517185054719448089599609375" lon="30.28999806381762027740478515625">
        <ele>69.1999969482421875</ele>
        <time>2026-03-17T07:34:32.000Z</time>
        <extensions>
          <ns3:TrackPointExtension>
            <ns3:atemp>19.0</ns3:atemp>
            <ns3:hr>155</ns3:hr>
          </ns3:TrackPointExtension>
        </extensions>
      </trkpt>
      <trkpt lat="59.95172210969030857086181640625" lon="30.28990787453949451446533203125">
        <ele>69.8000030517578125</ele>
        <time>2026-03-17T07:34:35.000Z</time>
        <extensions>
          <ns3:TrackPointExtension>
            <ns3:atemp>19.0</ns3:atemp>
            <ns3:hr>156</ns3:hr>
          </ns3:TrackPointExtension>
        </extensions>
      </trkpt>
      <trkpt lat="59.9516232870519161224365234375" lon="30.2898261509835720062255859375">
        <ele>70.40000152587890625</ele>
        <time>2026-03-17T07:34:38.000Z</time>
        <extensions>
          <ns3:TrackPointExtension>
            <ns3:atemp>18.0</ns3:atemp>
            <ns3:hr>158</ns3:hr>
          </ns3:TrackPointExtension>
        </extensions>
      </trkpt>
      <trkpt lat="59.95144450105726718902587890625" lon="30.28962741605937480926513671875">
        <ele>70.8000030517578125</ele>
        <time>2026-03-17T07:34:43.000Z</time>
        <extensions>
          <ns3:TrackPointExtension>
            <ns3:atemp>18.0</ns3:atemp>
            <ns3:hr>159</ns3:hr>
          </ns3:TrackPointExtension>
        </extensions>
      </trkpt>
      <trkpt lat="59.95137803256511688232421875" lon="30.28954342938959598541259765625">
        <ele>70.8000030517578125</ele>
        <time>2026-03-17T07:34:45.000Z</time>
        <extensions>
          <ns3:TrackPointExtension>
            <ns3:atemp>18.0</ns3:atemp>
            <ns3:hr>159</ns3:hr>
          </ns3:TrackPointExtension>
        </extensions>
      </trkpt>
      <trkpt lat="59.95116773061454296112060546875" lon="30.2892095781862735748291015625">
        <ele>71.40000152587890625</ele>
        <time>2026-03-17T07:34:51.000Z</time>
        <extensions>
          <ns3:TrackPointExtension>
            <ns3:atemp>18.0</ns3:atemp>
            <ns3:hr>157</ns3:hr>
          </ns3:TrackPointExtension>
        </extensions>
      </trkpt>
      <trkpt lat="59.95113336481153964996337890625" lon="30.289159454405307769775390625">
        <ele>71.40000152587890625</ele>
        <time>2026-03-17T07:34:52.000Z</time>
        <extensions>
          <ns3:TrackPointExtension>
            <ns3:atemp>18.0</ns3:atemp>
            <ns3:hr>157</ns3:hr>
          </ns3:TrackPointExtension>
        </extensions>
      </trkpt>
      <trkpt lat="59.95091711170971393585205078125" lon="30.288771204650402069091796875">
        <ele>71.8000030517578125</ele>
        <time>2026-03-17T07:34:57.000Z</time>
        <extensions>
          <ns3:TrackPointExtension>
            <ns3:atemp>18.0</ns3:atemp>
            <ns3:hr>159</ns3:hr>
          </ns3:TrackPointExtension>
        </extensions>
      </trkpt>
      <trkpt lat="59.95059457607567310333251953125" lon="30.2882654406130313873291015625">
        <ele>72.40000152587890625</ele>
        <time>2026-03-17T07:35:04.000Z</time>
        <extensions>
          <ns3:TrackPointExtension>
            <ns3:atemp>18.0</ns3:atemp>
            <ns3:hr>159</ns3:hr>
          </ns3:TrackPointExtension>
        </extensions>
      </trkpt>
      <trkpt lat="59.95038888417184352874755859375" lon="30.28805228881537914276123046875">
        <ele>72.8000030517578125</ele>
        <time>2026-03-17T07:35:09.000Z</time>
        <extensions>
          <ns3:TrackPointExtension>
            <ns3:atemp>18.0</ns3:atemp>
            <ns3:hr>158</ns3:hr>
          </ns3:TrackPointExtension>
        </extensions>
      </trkpt>
      <trkpt lat="59.950299449265003204345703125" lon="30.287969894707202911376953125">
        <ele>73.1999969482421875</ele>
        <time>2026-03-17T07:35:11.000Z</time>
        <extensions>
          <ns3:TrackPointExtension>
            <ns3:atemp>18.0</ns3:atemp>
            <ns3:hr>158</ns3:hr>
          </ns3:TrackPointExtension>
        </extensions>
      </trkpt>
      <trkpt lat="59.9501138739287853240966796875" lon="30.2877165935933589935302734375">
        <ele>73.59999847412109375</ele>
        <time>2026-03-17T07:35:16.000Z</time>
        <extensions>
          <ns3:TrackPointExtension>
            <ns3:atemp>18.0</ns3:atemp>
            <ns3:hr>155</ns3:hr>
          </ns3:TrackPointExtension>
        </extensions>
      </trkpt>
      <trkpt lat="59.95004489086568355560302734375" lon="30.2876150049269199371337890625">
        <ele>73.59999847412109375</ele>
        <time>2026-03-17T07:35:18.000Z</time>
        <extensions>
          <ns3:TrackPointExtension>
            <ns3:atemp>18.0</ns3:atemp>
            <ns3:hr>158</ns3:hr>
          </ns3:TrackPointExtension>
        </extensions>
      </trkpt>
      <trkpt lat="59.95000851340591907501220703125" lon="30.2875694073736667633056640625">
        <ele>73.59999847412109375</ele>
        <time>2026-03-17T07:35:19.000Z</time>
        <extensions>
          <ns3:TrackPointExtension>
            <ns3:atemp>18.0</ns3:atemp>
            <ns3:hr>157</ns3:hr>
          </ns3:TrackPointExtension>
        </extensions>
      </trkpt>
      <trkpt lat="59.94997121393680572509765625" lon="30.28752364218235015869140625">
        <ele>74</ele>
        <time>2026-03-17T07:35:20.000Z</time>
        <extensions>
          <ns3:TrackPointExtension>
            <ns3:atemp>18.0</ns3:atemp>
            <ns3:hr>157</ns3:hr>
          </ns3:TrackPointExtension>
        </extensions>
      </trkpt>
      <trkpt lat="59.94967223145067691802978515625" lon="30.28713631443679332733154296875">
        <ele>75</ele>
        <time>2026-03-17T07:35:29.000Z</time>
        <extensions>
          <ns3:TrackPointExtension>
            <ns3:atemp>18.0</ns3:atemp>
            <ns3:hr>159</ns3:hr>
          </ns3:TrackPointExtension>
        </extensions>
      </trkpt>
      <trkpt lat="59.949653707444667816162109375" lon="30.2870913036167621612548828125">
        <ele>75.1999969482421875</ele>
        <time>2026-03-17T07:35:30.000Z</time>
        <extensions>
          <ns3:TrackPointExtension>
            <ns3:atemp>18.0</ns3:atemp>
            <ns3:hr>159</ns3:hr>
          </ns3:TrackPointExtension>
        </extensions>
      </trkpt>
      <trkpt lat="59.94964264333248138427734375" lon="30.286955349147319793701171875">
        <ele>76.1999969482421875</ele>
        <time>2026-03-17T07:35:33.000Z</time>
        <extensions>
          <ns3:TrackPointExtension>
            <ns3:atemp>18.0</ns3:atemp>
            <ns3:hr>158</ns3:hr>
          </ns3:TrackPointExtension>
        </extensions>
      </trkpt>
      <trkpt lat="59.94955203495919704437255859375" lon="30.2866896428167819976806640625">
        <ele>76.40000152587890625</ele>
        <time>2026-03-17T07:35:40.000Z</time>
        <extensions>
          <ns3:TrackPointExtension>
            <ns3:atemp>18.0</ns3:atemp>
            <ns3:hr>158</ns3:hr>
          </ns3:TrackPointExtension>
        </extensions>
      </trkpt>
      <trkpt lat="59.94937970302999019622802734375" lon="30.28646710328757762908935546875">
        <ele>75.1999969482421875</ele>
        <time>2026-03-17T07:35:47.000Z</time>
        <extensions>
          <ns3:TrackPointExtension>
            <ns3:atemp>18.0</ns3:atemp>
            <ns3:hr>158</ns3:hr>
          </ns3:TrackPointExtension>
        </extensions>
      </trkpt>
      <trkpt lat="59.94933259673416614532470703125" lon="30.28639845550060272216796875">
        <ele>75</ele>
        <time>2026-03-17T07:35:49.000Z</time>
        <extensions>
          <ns3:TrackPointExtension>
            <ns3:atemp>18.0</ns3:atemp>
            <ns3:hr>156</ns3:hr>
          </ns3:TrackPointExtension>
        </extensions>
      </trkpt>
      <trkpt lat="59.9491268210113048553466796875" lon="30.28615680523216724395751953125">
        <ele>74.1999969482421875</ele>
        <time>2026-03-17T07:35:55.000Z</time>
        <extensions>
          <ns3:TrackPointExtension>
            <ns3:atemp>18.0</ns3:atemp>
            <ns3:hr>154</ns3:hr>
          </ns3:TrackPointExtension>
        </extensions>
      </trkpt>
      <trkpt lat="59.94908248074352741241455078125" lon="30.28610701672732830047607421875">
        <ele>74.1999969482421875</ele>
        <time>2026-03-17T07:35:56.000Z</time>
        <extensions>
          <ns3:TrackPointExtension>
            <ns3:atemp>18.0</ns3:atemp>
            <ns3:hr>154</ns3:hr>
          </ns3:TrackPointExtension>
        </extensions>
      </trkpt>
      <trkpt lat="59.94891886599361896514892578125" lon="30.2858822979032993316650390625">
        <ele>74.40000152587890625</ele>
        <time>2026-03-17T07:36:00.000Z</time>
        <extensions>
          <ns3:TrackPointExtension>
            <ns3:atemp>18.0</ns3:atemp>
            <ns3:hr>156</ns3:hr>
          </ns3:TrackPointExtension>
        </extensions>
      </trkpt>
      <trkpt lat="59.94873647578060626983642578125" lon="30.2856375463306903839111328125">
        <ele>73.8000030517578125</ele>
        <time>2026-03-17T07:36:04.000Z</time>
        <extensions>
          <ns3:TrackPointExtension>
            <ns3:atemp>18.0</ns3:atemp>
            <ns3:hr>159</ns3:hr>
          </ns3:TrackPointExtension>
        </extensions>
      </trkpt>
      <trkpt lat="59.94864695705473423004150390625" lon="30.28552296571433544158935546875">
        <ele>73.8000030517578125</ele>
        <time>2026-03-17T07:36:06.000Z</time>
        <extensions>
          <ns3:TrackPointExtension>
            <ns3:atemp>18.0</ns3:atemp>
            <ns3:hr>160</ns3:hr>
          </ns3:TrackPointExtension>
        </extensions>
      </trkpt>
      <trkpt lat="59.948305226862430572509765625" lon="30.28487051837146282196044921875">
        <ele>73.1999969482421875</ele>
        <time>2026-03-17T07:36:15.000Z</time>
        <extensions>
          <ns3:TrackPointExtension>
            <ns3:atemp>18.0</ns3:atemp>
            <ns3:hr>160</ns3:hr>
          </ns3:TrackPointExtension>
        </extensions>
      </trkpt>
      <trkpt lat="59.94828368537127971649169921875" lon="30.28482894413173198699951171875">
        <ele>72.8000030517578125</ele>
        <time>2026-03-17T07:36:16.000Z</time>
        <extensions>
          <ns3:TrackPointExtension>
            <ns3:atemp>18.0</ns3:atemp>
            <ns3:hr>160</ns3:hr>
          </ns3:TrackPointExtension>
        </extensions>
      </trkpt>
      <trkpt lat="59.94813230820000171661376953125" lon="30.2846337296068668365478515625">
        <ele>72.59999847412109375</ele>
        <time>2026-03-17T07:36:22.000Z</time>
        <extensions>
          <ns3:TrackPointExtension>
            <ns3:atemp>18.0</ns3:atemp>
            <ns3:hr>160</ns3:hr>
          </ns3:TrackPointExtension>
        </extensions>
      </trkpt>
      <trkpt lat="59.94801320135593414306640625" lon="30.28446986339986324310302734375">
        <ele>72.8000030517578125</ele>
        <time>2026-03-17T07:36:25.000Z</time>
        <extensions>
          <ns3:TrackPointExtension>
            <ns3:atemp>18.0</ns3:atemp>
            <ns3:hr>156</ns3:hr>
          </ns3:TrackPointExtension>
        </extensions>
      </trkpt>
      <trkpt lat="59.94796584360301494598388671875" lon="30.28441571630537509918212890625">
        <ele>72.8000030517578125</ele>
        <time>2026-03-17T07:36:26.000Z</time>
        <extensions>
          <ns3:TrackPointExtension>
            <ns3:atemp>18.0</ns3:atemp>
            <ns3:hr>153</ns3:hr>
          </ns3:TrackPointExtension>
        </extensions>
      </trkpt>
      <trkpt lat="59.94786861352622509002685546875" lon="30.2843244373798370361328125">
        <ele>72.59999847412109375</ele>
        <time>2026-03-17T07:36:28.000Z</time>
        <extensions>
          <ns3:TrackPointExtension>
            <ns3:atemp>18.0</ns3:atemp>
            <ns3:hr>149</ns3:hr>
          </ns3:TrackPointExtension>
        </extensions>
      </trkpt>
      <trkpt lat="59.9478551186621189117431640625" lon="30.2843588031828403472900390625">
        <ele>72.59999847412109375</ele>
        <time>2026-03-17T07:36:29.000Z</time>
        <extensions>
          <ns3:TrackPointExtension>
            <ns3:atemp>18.0</ns3:atemp>
            <ns3:hr>149</ns3:hr>
          </ns3:TrackPointExtension>
        </extensions>
      </trkpt>
      <trkpt lat="59.94783617556095123291015625" lon="30.2845093421638011932373046875">
        <ele>72.40000152587890625</ele>
        <time>2026-03-17T07:36:31.000Z</time>
        <extensions>
          <ns3:TrackPointExtension>
            <ns3:atemp>18.0</ns3:atemp>
            <ns3:hr>149</ns3:hr>
          </ns3:TrackPointExtension>
        </extensions>
      </trkpt>
      <trkpt lat="59.94782117195427417755126953125" lon="30.28477529995143413543701171875">
        <ele>72.40000152587890625</ele>
        <time>2026-03-17T07:36:33.000Z</time>
        <extensions>
          <ns3:TrackPointExtension>
            <ns3:atemp>18.0</ns3:atemp>
            <ns3:hr>149</ns3:hr>
          </ns3:TrackPointExtension>
        </extensions>
      </trkpt>
      <trkpt lat="59.94779862463474273681640625" lon="30.284882672131061553955078125">
        <ele>72.1999969482421875</ele>
        <time>2026-03-17T07:36:34.000Z</time>
        <extensions>
          <ns3:TrackPointExtension>
            <ns3:atemp>18.0</ns3:atemp>
            <ns3:hr>149</ns3:hr>
          </ns3:TrackPointExtension>
        </extensions>
      </trkpt>
      <trkpt lat="59.947718493640422821044921875" lon="30.285166315734386444091796875">
        <ele>71.59999847412109375</ele>
        <time>2026-03-17T07:36:37.000Z</time>
        <extensions>
          <ns3:TrackPointExtension>
            <ns3:atemp>18.0</ns3:atemp>
            <ns3:hr>147</ns3:hr>
          </ns3:TrackPointExtension>
        </extensions>
      </trkpt>
      <trkpt lat="59.94769846089184284210205078125" lon="30.28518182225525379180908203125">
        <ele>71.1999969482421875</ele>
        <time>2026-03-17T07:36:38.000Z</time>
        <extensions>
          <ns3:TrackPointExtension>
            <ns3:atemp>18.0</ns3:atemp>
            <ns3:hr>147</ns3:hr>
          </ns3:TrackPointExtension>
        </extensions>
      </trkpt>
      <trkpt lat="59.94763366878032684326171875" lon="30.28537024743854999542236328125">
        <ele>70.59999847412109375</ele>
        <time>2026-03-17T07:36:40.000Z</time>
        <extensions>
          <ns3:TrackPointExtension>
            <ns3:atemp>18.0</ns3:atemp>
            <ns3:hr>146</ns3:hr>
          </ns3:TrackPointExtension>
        </extensions>
      </trkpt>
      <trkpt lat="59.94757541455328464508056640625" lon="30.28548114001750946044921875">
        <ele>70.40000152587890625</ele>
        <time>2026-03-17T07:36:42.000Z</time>
        <extensions>
          <ns3:TrackPointExtension>
            <ns3:atemp>18.0</ns3:atemp>
            <ns3:hr>147</ns3:hr>
          </ns3:TrackPointExtension>
        </extensions>
      </trkpt>
      <trkpt lat="59.947444908320903778076171875" lon="30.28567157685756683349609375">
        <ele>70.40000152587890625</ele>
        <time>2026-03-17T07:36:47.000Z</time>
        <extensions>
          <ns3:TrackPointExtension>
            <ns3:atemp>18.0</ns3:atemp>
            <ns3:hr>148</ns3:hr>
          </ns3:TrackPointExtension>
        </extensions>
      </trkpt>
      <trkpt lat="59.94739302434027194976806640625" lon="30.2858246304094791412353515625">
        <ele>70.59999847412109375</ele>
        <time>2026-03-17T07:36:48.000Z</time>
        <extensions>
          <ns3:TrackPointExtension>
            <ns3:atemp>18.0</ns3:atemp>
            <ns3:hr>151</ns3:hr>
          </ns3:TrackPointExtension>
        </extensions>
      </trkpt>
      <trkpt lat="59.94735966436564922332763671875" lon="30.2859081141650676727294921875">
        <ele>70.59999847412109375</ele>
        <time>2026-03-17T07:36:49.000Z</time>
        <extensions>
          <ns3:TrackPointExtension>
            <ns3:atemp>18.0</ns3:atemp>
            <ns3:hr>154</ns3:hr>
          </ns3:TrackPointExtension>
        </extensions>
      </trkpt>
      <trkpt lat="59.945857711136341094970703125" lon="30.29244390316307544708251953125">
        <ele>71.8000030517578125</ele>
        <time>2026-03-17T07:38:03.000Z</time>
        <extensions>
          <ns3:TrackPointExtension>
            <ns3:atemp>18.0</ns3:atemp>
            <ns3:hr>152</ns3:hr>
          </ns3:TrackPointExtension>
        </extensions>
      </trkpt>
      <trkpt lat="59.94596206583082675933837890625" lon="30.2924178354442119598388671875">
        <ele>69.8000030517578125</ele>
        <time>2026-03-17T07:38:18.000Z</time>
        <extensions>
          <ns3:TrackPointExtension>
            <ns3:atemp>18.0</ns3:atemp>
            <ns3:hr>151</ns3:hr>
          </ns3:TrackPointExtension>
        </extensions>
      </trkpt>
      <trkpt lat="59.94596072472631931304931640625" lon="30.29239914380013942718505859375">
        <ele>69.8000030517578125</ele>
        <time>2026-03-17T07:38:19.000Z</time>
        <extensions>
          <ns3:TrackPointExtension>
            <ns3:atemp>18.0</ns3:atemp>
            <ns3:hr>151</ns3:hr>
          </ns3:TrackPointExtension>
        </extensions>
      </trkpt>
      <trkpt lat="59.94605191983282566070556640625" lon="30.2923397161066532135009765625">
        <ele>69.40000152587890625</ele>
        <time>2026-03-17T07:38:23.000Z</time>
        <extensions>
          <ns3:TrackPointExtension>
            <ns3:atemp>18.0</ns3:atemp>
            <ns3:hr>150</ns3:hr>
          </ns3:TrackPointExtension>
        </extensions>
      </trkpt>
      <trkpt lat="59.94611696340143680572509765625" lon="30.29231607913970947265625">
        <ele>69.40000152587890625</ele>
        <time>2026-03-17T07:38:25.000Z</time>
        <extensions>
          <ns3:TrackPointExtension>
            <ns3:atemp>18.0</ns3:atemp>
            <ns3:hr>148</ns3:hr>
          </ns3:TrackPointExtension>
        </extensions>
      </trkpt>
      <trkpt lat="59.94619256816804409027099609375" lon="30.29228992760181427001953125">
        <ele>69.1999969482421875</ele>
        <time>2026-03-17T07:38:28.000Z</time>
        <extensions>
          <ns3:TrackPointExtension>
            <ns3:atemp>18.0</ns3:atemp>
            <ns3:hr>144</ns3:hr>
          </ns3:TrackPointExtension>
        </extensions>
      </trkpt>
      <trkpt lat="59.94622953236103057861328125" lon="30.2922840602695941925048828125">
        <ele>69.1999969482421875</ele>
        <time>2026-03-17T07:38:29.000Z</time>
        <extensions>
          <ns3:TrackPointExtension>
            <ns3:atemp>18.0</ns3:atemp>
            <ns3:hr>139</ns3:hr>
          </ns3:TrackPointExtension>
        </extensions>
      </trkpt>
      <trkpt lat="59.94631611742079257965087890625" lon="30.2922570705413818359375">
        <ele>68.8000030517578125</ele>
        <time>2026-03-17T07:38:31.000Z</time>
        <extensions>
          <ns3:TrackPointExtension>
            <ns3:atemp>18.0</ns3:atemp>
            <ns3:hr>135</ns3:hr>
          </ns3:TrackPointExtension>
        </extensions>
      </trkpt>
      <trkpt lat="59.94636607356369495391845703125" lon="30.2922450006008148193359375">
        <ele>68.8000030517578125</ele>
        <time>2026-03-17T07:38:32.000Z</time>
        <extensions>
          <ns3:TrackPointExtension>
            <ns3:atemp>18.0</ns3:atemp>
            <ns3:hr>134</ns3:hr>
          </ns3:TrackPointExtension>
        </extensions>
      </trkpt>
      <trkpt lat="59.94654200971126556396484375" lon="30.292205773293972015380859375">
        <ele>69</ele>
        <time>2026-03-17T07:38:36.000Z</time>
        <extensions>
          <ns3:TrackPointExtension>
            <ns3:atemp>18.0</ns3:atemp>
            <ns3:hr>131</ns3:hr>
          </ns3:TrackPointExtension>
        </extensions>
      </trkpt>
      <trkpt lat="59.946632198989391326904296875" lon="30.29215087182819843292236328125">
        <ele>68.8000030517578125</ele>
        <time>2026-03-17T07:38:39.000Z</time>
        <extensions>
          <ns3:TrackPointExtension>
            <ns3:atemp>18.0</ns3:atemp>
            <ns3:hr>129</ns3:hr>
          </ns3:TrackPointExtension>
        </extensions>
      </trkpt>
      <trkpt lat="59.9467061273753643035888671875" lon="30.29211818240582942962646484375">
        <ele>68.40000152587890625</ele>
        <time>2026-03-17T07:38:43.000Z</time>
        <extensions>
          <ns3:TrackPointExtension>
            <ns3:atemp>18.0</ns3:atemp>
            <ns3:hr>127</ns3:hr>
          </ns3:TrackPointExtension>
        </extensions>
      </trkpt>
      <trkpt lat="59.946666061878204345703125" lon="30.2920845709741115570068359375">
        <ele>68.1999969482421875</ele>
        <time>2026-03-17T07:38:46.000Z</time>
        <extensions>
          <ns3:TrackPointExtension>
            <ns3:atemp>18.0</ns3:atemp>
            <ns3:hr>126</ns3:hr>
          </ns3:TrackPointExtension>
        </extensions>
      </trkpt>
      <trkpt lat="59.9465438537299633026123046875" lon="30.292020030319690704345703125">
        <ele>68</ele>
        <time>2026-03-17T07:38:50.000Z</time>
        <extensions>
          <ns3:TrackPointExtension>
            <ns3:atemp>18.0</ns3:atemp>
            <ns3:hr>125</ns3:hr>
          </ns3:TrackPointExtension>
        </extensions>
      </trkpt>
      <trkpt lat="59.94637579657137393951416015625" lon="30.29197803698480129241943359375">
        <ele>68.1999969482421875</ele>
        <time>2026-03-17T07:38:54.000Z</time>
        <extensions>
          <ns3:TrackPointExtension>
            <ns3:atemp>18.0</ns3:atemp>
            <ns3:hr>122</ns3:hr>
          </ns3:TrackPointExtension>
        </extensions>
      </trkpt>
      <trkpt lat="59.94633338414132595062255859375" lon="30.29197669588029384613037109375">
        <ele>68.1999969482421875</ele>
        <time>2026-03-17T07:38:55.000Z</time>
        <extensions>
          <ns3:TrackPointExtension>
            <ns3:atemp>18.0</ns3:atemp>
            <ns3:hr>125</ns3:hr>
          </ns3:TrackPointExtension>
        </extensions>
      </trkpt>
      <trkpt lat="59.94632164947688579559326171875" lon="30.29195490293204784393310546875">
        <ele>68.1999969482421875</ele>
        <time>2026-03-17T07:38:57.000Z</time>
        <extensions>
          <ns3:TrackPointExtension>
            <ns3:atemp>19.0</ns3:atemp>
            <ns3:hr>129</ns3:hr>
          </ns3:TrackPointExtension>
        </extensions>
      </trkpt>
      <trkpt lat="59.9462773092091083526611328125" lon="30.29195842333137989044189453125">
        <ele>68</ele>
        <time>2026-03-17T07:38:58.000Z</time>
        <extensions>
          <ns3:TrackPointExtension>
            <ns3:atemp>19.0</ns3:atemp>
            <ns3:hr>130</ns3:hr>
          </ns3:TrackPointExtension>
        </extensions>
      </trkpt>
      <trkpt lat="59.94552251882851123809814453125" lon="30.29202866367995738983154296875">
        <ele>67.8000030517578125</ele>
        <time>2026-03-17T07:39:09.000Z</time>
        <extensions>
          <ns3:TrackPointExtension>
            <ns3:atemp>19.0</ns3:atemp>
            <ns3:hr>132</ns3:hr>
          </ns3:TrackPointExtension>
        </extensions>
      </trkpt>
      <trkpt lat="59.94545437395572662353515625" lon="30.2920393086969852447509765625">
        <ele>68</ele>
        <time>2026-03-17T07:39:10.000Z</time>
        <extensions>
          <ns3:TrackPointExtension>
            <ns3:atemp>19.0</ns3:atemp>
            <ns3:hr>133</ns3:hr>
          </ns3:TrackPointExtension>
        </extensions>
      </trkpt>
      <trkpt lat="59.94534783996641635894775390625" lon="30.2921056933701038360595703125">
        <ele>67.8000030517578125</ele>
        <time>2026-03-17T07:39:12.000Z</time>
        <extensions>
          <ns3:TrackPointExtension>
            <ns3:atemp>19.0</ns3:atemp>
            <ns3:hr>132</ns3:hr>
          </ns3:TrackPointExtension>
        </extensions>
      </trkpt>
      <trkpt lat="59.9452109634876251220703125" lon="30.2924268878996372222900390625">
        <ele>67.8000030517578125</ele>
        <time>2026-03-17T07:39:18.000Z</time>
        <extensions>
          <ns3:TrackPointExtension>
            <ns3:atemp>19.0</ns3:atemp>
            <ns3:hr>130</ns3:hr>
          </ns3:TrackPointExtension>
        </extensions>
      </trkpt>
      <trkpt lat="59.9451517872512340545654296875" lon="30.2928915806114673614501953125">
        <ele>67.59999847412109375</ele>
        <time>2026-03-17T07:39:25.000Z</time>
        <extensions>
          <ns3:TrackPointExtension>
            <ns3:atemp>19.0</ns3:atemp>
            <ns3:hr>131</ns3:hr>
          </ns3:TrackPointExtension>
        </extensions>
      </trkpt>
      <trkpt lat="59.94513996876776218414306640625" lon="30.29305947013199329376220703125">
        <ele>67.1999969482421875</ele>
        <time>2026-03-17T07:39:28.000Z</time>
        <extensions>
          <ns3:TrackPointExtension>
            <ns3:atemp>19.0</ns3:atemp>
            <ns3:hr>131</ns3:hr>
          </ns3:TrackPointExtension>
        </extensions>
      </trkpt>
      <trkpt lat="59.94512873701751232147216796875" lon="30.29333875514566898345947265625">
        <ele>67.1999969482421875</ele>
        <time>2026-03-17T07:39:33.000Z</time>
        <extensions>
          <ns3:TrackPointExtension>
            <ns3:atemp>19.0</ns3:atemp>
            <ns3:hr>130</ns3:hr>
          </ns3:TrackPointExtension>
        </extensions>
      </trkpt>
      <trkpt lat="59.94511700235307216644287109375" lon="30.293674953281879425048828125">
        <ele>66.8000030517578125</ele>
        <time>2026-03-17T07:39:40.000Z</time>
        <extensions>
          <ns3:TrackPointExtension>
            <ns3:atemp>19.0</ns3:atemp>
            <ns3:hr>132</ns3:hr>
          </ns3:TrackPointExtension>
        </extensions>
      </trkpt>
      <trkpt lat="59.94506017304956912994384765625" lon="30.29396094381809234619140625">
        <ele>66.8000030517578125</ele>
        <time>2026-03-17T07:39:47.000Z</time>
        <extensions>
          <ns3:TrackPointExtension>
            <ns3:atemp>19.0</ns3:atemp>
            <ns3:hr>132</ns3:hr>
          </ns3:TrackPointExtension>
        </extensions>
      </trkpt>
      <trkpt lat="59.94511364959180355072021484375" lon="30.2940767817199230194091796875">
        <ele>66.59999847412109375</ele>
        <time>2026-03-17T07:39:50.000Z</time>
        <extensions>
          <ns3:TrackPointExtension>
            <ns3:atemp>19.0</ns3:atemp>
            <ns3:hr>132</ns3:hr>
          </ns3:TrackPointExtension>
        </extensions>
      </trkpt>
      <trkpt lat="59.94515421800315380096435546875" lon="30.29414425604045391082763671875">
        <ele>66.40000152587890625</ele>
        <time>2026-03-17T07:39:51.000Z</time>
        <extensions>
          <ns3:TrackPointExtension>
            <ns3:atemp>19.0</ns3:atemp>
            <ns3:hr>132</ns3:hr>
          </ns3:TrackPointExtension>
        </extensions>
      </trkpt>
    </trkseg>
  </trk>
</gpx>
